evaluations raw_y
1 -394.0000000000
2 -393.0000000000
3 -392.0000000000
4 -391.0000000000
7 -390.0000000000
10 -389.0000000000
18 -388.0000000000
19 -387.0000000000
26 -386.0000000000
30 -385.0000000000
34 -384.0000000000
35 -383.0000000000
39 -382.0000000000
41 -381.0000000000
46 -380.0000000000
47 -379.0000000000
50 -378.0000000000
51 -377.0000000000
54 -376.0000000000
55 -375.0000000000
56 -374.0000000000
58 -373.0000000000
70 -372.0000000000
73 -371.0000000000
77 -370.0000000000
78 -369.0000000000
81 -368.0000000000
84 -367.0000000000
85 -366.0000000000
88 -365.0000000000
89 -364.0000000000
93 -363.0000000000
94 -362.0000000000
96 -361.0000000000
99 -360.0000000000
100 -359.0000000000
101 -358.0000000000
102 -357.0000000000
104 -356.0000000000
105 -355.0000000000
106 -354.0000000000
111 -353.0000000000
112 -352.0000000000
113 -351.0000000000
115 -350.0000000000
116 -349.0000000000
118 -348.0000000000
119 -347.0000000000
125 -346.0000000000
127 -345.0000000000
128 -344.0000000000
129 -343.0000000000
132 -342.0000000000
138 -341.0000000000
139 -340.0000000000
142 -339.0000000000
143 -338.0000000000
144 -337.0000000000
146 -336.0000000000
149 -335.0000000000
153 -334.0000000000
156 -333.0000000000
157 -332.0000000000
160 -331.0000000000
161 -330.0000000000
162 -329.0000000000
163 -328.0000000000
167 -327.0000000000
168 -326.0000000000
169 -325.0000000000
170 -324.0000000000
173 -323.0000000000
174 -322.0000000000
180 -321.0000000000
182 -320.0000000000
184 -319.0000000000
186 -318.0000000000
188 -317.0000000000
189 -316.0000000000
190 -315.0000000000
191 -314.0000000000
195 -313.0000000000
196 -312.0000000000
198 -311.0000000000
199 -310.0000000000
200 -309.0000000000
201 -308.0000000000
202 -307.0000000000
203 -306.0000000000
204 -305.0000000000
205 -304.0000000000
213 -303.0000000000
217 -302.0000000000
218 -301.0000000000
224 -300.0000000000
227 -299.0000000000
229 -298.0000000000
232 -297.0000000000
237 -296.0000000000
240 -295.0000000000
241 -294.0000000000
251 -293.0000000000
253 -292.0000000000
254 -291.0000000000
256 -290.0000000000
258 -289.0000000000
259 -288.0000000000
260 -287.0000000000
261 -286.0000000000
263 -285.0000000000
265 -284.0000000000
266 -283.0000000000
267 -282.0000000000
269 -281.0000000000
271 -280.0000000000
275 -279.0000000000
276 -278.0000000000
278 -277.0000000000
279 -276.0000000000
288 -275.0000000000
292 -274.0000000000
294 -273.0000000000
298 -272.0000000000
299 -271.0000000000
301 -270.0000000000
305 -269.0000000000
306 -268.0000000000
309 -267.0000000000
311 -266.0000000000
312 -265.0000000000
314 -264.0000000000
317 -263.0000000000
318 -262.0000000000
320 -261.0000000000
325 -260.0000000000
327 -259.0000000000
337 -258.0000000000
349 -257.0000000000
350 -256.0000000000
351 -255.0000000000
353 -254.0000000000
354 -253.0000000000
356 -252.0000000000
364 -251.0000000000
365 -250.0000000000
368 -249.0000000000
370 -248.0000000000
371 -247.0000000000
375 -246.0000000000
376 -245.0000000000
377 -244.0000000000
381 -243.0000000000
385 -242.0000000000
388 -241.0000000000
389 -240.0000000000
391 -239.0000000000
392 -238.0000000000
393 -237.0000000000
394 -236.0000000000
396 -235.0000000000
399 -234.0000000000
400 -233.0000000000
401 -232.0000000000
408 -231.0000000000
409 -230.0000000000
412 -229.0000000000
415 -228.0000000000
416 -227.0000000000
417 -226.0000000000
421 -225.0000000000
422 -224.0000000000
427 -223.0000000000
429 -222.0000000000
437 -221.0000000000
451 -220.0000000000
458 -219.0000000000
459 -218.0000000000
462 -217.0000000000
463 -216.0000000000
468 -215.0000000000
473 -214.0000000000
474 -213.0000000000
485 -212.0000000000
486 -211.0000000000
498 -210.0000000000
499 -209.0000000000
503 -208.0000000000
507 -207.0000000000
513 -206.0000000000
518 -205.0000000000
520 -204.0000000000
523 -203.0000000000
524 -202.0000000000
527 -201.0000000000
528 -200.0000000000
530 -199.0000000000
532 -198.0000000000
533 -197.0000000000
535 -196.0000000000
537 -195.0000000000
539 -194.0000000000
544 -193.0000000000
546 -192.0000000000
549 -191.0000000000
551 -190.0000000000
554 -189.0000000000
559 -188.0000000000
561 -187.0000000000
566 -186.0000000000
583 -185.0000000000
584 -184.0000000000
589 -183.0000000000
606 -182.0000000000
607 -181.0000000000
612 -180.0000000000
613 -179.0000000000
614 -178.0000000000
617 -177.0000000000
618 -176.0000000000
627 -175.0000000000
630 -174.0000000000
632 -173.0000000000
634 -172.0000000000
635 -171.0000000000
647 -170.0000000000
652 -169.0000000000
657 -168.0000000000
663 -167.0000000000
667 -166.0000000000
670 -165.0000000000
671 -164.0000000000
672 -163.0000000000
677 -162.0000000000
678 -161.0000000000
679 -160.0000000000
682 -159.0000000000
683 -158.0000000000
692 -157.0000000000
694 -156.0000000000
698 -155.0000000000
700 -154.0000000000
701 -153.0000000000
702 -152.0000000000
713 -151.0000000000
716 -150.0000000000
724 -149.0000000000
726 -148.0000000000
729 -147.0000000000
739 -146.0000000000
747 -145.0000000000
756 -144.0000000000
757 -143.0000000000
764 -142.0000000000
766 -141.0000000000
767 -140.0000000000
768 -139.0000000000
777 -138.0000000000
781 -137.0000000000
788 -136.0000000000
791 -135.0000000000
794 -134.0000000000
795 -133.0000000000
798 -132.0000000000
803 -131.0000000000
808 -130.0000000000
813 -129.0000000000
814 -128.0000000000
826 -127.0000000000
834 -126.0000000000
838 -125.0000000000
840 -124.0000000000
851 -123.0000000000
864 -122.0000000000
871 -121.0000000000
876 -120.0000000000
886 -119.0000000000
890 -118.0000000000
894 -117.0000000000
897 -116.0000000000
929 -115.0000000000
936 -114.0000000000
941 -113.0000000000
949 -112.0000000000
955 -111.0000000000
958 -110.0000000000
960 -109.0000000000
964 -108.0000000000
970 -107.0000000000
986 -106.0000000000
994 -105.0000000000
996 -104.0000000000
1000 -103.0000000000
1001 -102.0000000000
1004 -101.0000000000
1006 -100.0000000000
1030 -99.0000000000
1041 -98.0000000000
1059 -97.0000000000
1062 -96.0000000000
1068 -95.0000000000
1082 -94.0000000000
1087 -93.0000000000
1088 -92.0000000000
1100 -91.0000000000
1105 -90.0000000000
1113 -89.0000000000
1117 -88.0000000000
1127 -87.0000000000
1133 -86.0000000000
1134 -85.0000000000
1138 -84.0000000000
1156 -83.0000000000
1161 -82.0000000000
1180 -81.0000000000
1181 -80.0000000000
1187 -79.0000000000
1192 -78.0000000000
1200 -77.0000000000
1201 -76.0000000000
1224 -75.0000000000
1264 -74.0000000000
1270 -73.0000000000
1281 -72.0000000000
1283 -71.0000000000
1303 -70.0000000000
1310 -69.0000000000
1315 -68.0000000000
1320 -67.0000000000
1322 -66.0000000000
1328 -65.0000000000
1342 -64.0000000000
1346 -63.0000000000
1347 -62.0000000000
1355 -61.0000000000
1359 -60.0000000000
1366 -59.0000000000
1372 -58.0000000000
1381 -57.0000000000
1396 -56.0000000000
1401 -55.0000000000
1402 -54.0000000000
1412 -53.0000000000
1418 -52.0000000000
1422 -51.0000000000
1424 -50.0000000000
1436 -49.0000000000
1439 -48.0000000000
1461 -47.0000000000
1462 -46.0000000000
1501 -45.0000000000
1512 -44.0000000000
1515 -43.0000000000
1531 -42.0000000000
1536 -41.0000000000
1553 -40.0000000000
1570 -39.0000000000
1574 -38.0000000000
1576 -37.0000000000
1604 -36.0000000000
1667 -35.0000000000
1673 -34.0000000000
1678 -33.0000000000
1709 -32.0000000000
1736 -31.0000000000
1766 -30.0000000000
1770 -29.0000000000
1777 -28.0000000000
1784 -27.0000000000
1804 -26.0000000000
1808 -25.0000000000
1810 -24.0000000000
1842 -23.0000000000
1865 -22.0000000000
1874 -21.0000000000
1879 -20.0000000000
1897 -19.0000000000
1930 -18.0000000000
1995 -17.0000000000
2037 -16.0000000000
2042 -15.0000000000
2150 -14.0000000000
2175 -13.0000000000
2179 -12.0000000000
2212 -11.0000000000
2221 -10.0000000000
2243 -9.0000000000
2245 -8.0000000000
2296 -7.0000000000
2447 -6.0000000000
2494 -5.0000000000
2534 -4.0000000000
2551 -3.0000000000
2596 -2.0000000000
2675 -1.0000000000
2716 612.0000000000
100000 -1.0000000000
evaluations raw_y
1 -380.0000000000
4 -379.0000000000
6 -378.0000000000
12 -377.0000000000
13 -376.0000000000
15 -375.0000000000
17 -374.0000000000
18 -373.0000000000
20 -372.0000000000
21 -371.0000000000
22 -370.0000000000
24 -369.0000000000
29 -368.0000000000
31 -367.0000000000
32 -366.0000000000
35 -365.0000000000
36 -364.0000000000
44 -363.0000000000
45 -362.0000000000
49 -361.0000000000
50 -360.0000000000
54 -359.0000000000
56 -358.0000000000
60 -357.0000000000
61 -356.0000000000
63 -355.0000000000
64 -354.0000000000
66 -353.0000000000
68 -352.0000000000
69 -351.0000000000
72 -350.0000000000
75 -349.0000000000
77 -348.0000000000
78 -347.0000000000
81 -346.0000000000
83 -345.0000000000
85 -344.0000000000
86 -343.0000000000
87 -342.0000000000
89 -341.0000000000
90 -340.0000000000
91 -339.0000000000
93 -338.0000000000
96 -337.0000000000
98 -336.0000000000
99 -335.0000000000
100 -334.0000000000
101 -333.0000000000
108 -332.0000000000
111 -331.0000000000
112 -330.0000000000
115 -329.0000000000
116 -328.0000000000
117 -327.0000000000
118 -326.0000000000
119 -325.0000000000
121 -324.0000000000
123 -323.0000000000
124 -322.0000000000
125 -321.0000000000
126 -320.0000000000
129 -319.0000000000
130 -318.0000000000
131 -317.0000000000
132 -316.0000000000
133 -315.0000000000
134 -314.0000000000
138 -313.0000000000
143 -312.0000000000
144 -311.0000000000
145 -310.0000000000
148 -309.0000000000
149 -308.0000000000
154 -307.0000000000
155 -306.0000000000
157 -305.0000000000
163 -304.0000000000
164 -303.0000000000
170 -302.0000000000
172 -301.0000000000
173 -300.0000000000
174 -299.0000000000
177 -298.0000000000
183 -297.0000000000
188 -296.0000000000
189 -295.0000000000
190 -294.0000000000
192 -293.0000000000
194 -292.0000000000
195 -291.0000000000
197 -290.0000000000
203 -289.0000000000
206 -288.0000000000
207 -287.0000000000
210 -286.0000000000
213 -285.0000000000
215 -284.0000000000
219 -283.0000000000
224 -282.0000000000
227 -281.0000000000
229 -280.0000000000
230 -279.0000000000
231 -278.0000000000
233 -277.0000000000
234 -276.0000000000
237 -275.0000000000
238 -274.0000000000
243 -273.0000000000
245 -272.0000000000
246 -271.0000000000
247 -270.0000000000
248 -269.0000000000
256 -268.0000000000
258 -267.0000000000
264 -266.0000000000
266 -265.0000000000
269 -264.0000000000
270 -263.0000000000
276 -262.0000000000
277 -261.0000000000
278 -260.0000000000
279 -259.0000000000
280 -258.0000000000
281 -257.0000000000
285 -256.0000000000
287 -255.0000000000
290 -254.0000000000
295 -253.0000000000
296 -252.0000000000
298 -251.0000000000
299 -250.0000000000
303 -249.0000000000
307 -248.0000000000
313 -247.0000000000
316 -246.0000000000
318 -245.0000000000
319 -244.0000000000
324 -243.0000000000
325 -242.0000000000
327 -241.0000000000
333 -240.0000000000
335 -239.0000000000
336 -238.0000000000
337 -237.0000000000
339 -236.0000000000
340 -235.0000000000
343 -234.0000000000
344 -233.0000000000
346 -232.0000000000
350 -231.0000000000
355 -230.0000000000
357 -229.0000000000
364 -228.0000000000
366 -227.0000000000
367 -226.0000000000
371 -225.0000000000
375 -224.0000000000
376 -223.0000000000
379 -222.0000000000
380 -221.0000000000
385 -220.0000000000
388 -219.0000000000
398 -218.0000000000
399 -217.0000000000
402 -216.0000000000
404 -215.0000000000
406 -214.0000000000
411 -213.0000000000
413 -212.0000000000
415 -211.0000000000
416 -210.0000000000
421 -209.0000000000
426 -208.0000000000
429 -207.0000000000
432 -206.0000000000
441 -205.0000000000
444 -204.0000000000
452 -203.0000000000
453 -202.0000000000
454 -201.0000000000
457 -200.0000000000
458 -199.0000000000
462 -198.0000000000
466 -197.0000000000
467 -196.0000000000
469 -195.0000000000
472 -194.0000000000
473 -193.0000000000
482 -192.0000000000
488 -191.0000000000
489 -190.0000000000
492 -189.0000000000
494 -188.0000000000
497 -187.0000000000
503 -186.0000000000
515 -185.0000000000
520 -184.0000000000
523 -183.0000000000
527 -182.0000000000
529 -181.0000000000
540 -180.0000000000
544 -179.0000000000
546 -178.0000000000
550 -177.0000000000
553 -176.0000000000
555 -175.0000000000
559 -174.0000000000
562 -173.0000000000
564 -172.0000000000
566 -171.0000000000
570 -170.0000000000
572 -169.0000000000
575 -168.0000000000
583 -167.0000000000
589 -166.0000000000
594 -165.0000000000
597 -164.0000000000
604 -163.0000000000
609 -162.0000000000
611 -161.0000000000
614 -160.0000000000
615 -159.0000000000
617 -158.0000000000
621 -157.0000000000
631 -156.0000000000
633 -155.0000000000
637 -154.0000000000
640 -153.0000000000
643 -152.0000000000
650 -151.0000000000
651 -150.0000000000
655 -149.0000000000
665 -148.0000000000
666 -147.0000000000
675 -146.0000000000
676 -145.0000000000
677 -144.0000000000
684 -143.0000000000
685 -142.0000000000
686 -141.0000000000
688 -140.0000000000
694 -139.0000000000
695 -138.0000000000
696 -137.0000000000
698 -136.0000000000
702 -135.0000000000
708 -134.0000000000
727 -133.0000000000
734 -132.0000000000
745 -131.0000000000
746 -130.0000000000
751 -129.0000000000
764 -128.0000000000
771 -127.0000000000
785 -126.0000000000
793 -125.0000000000
807 -124.0000000000
814 -123.0000000000
816 -122.0000000000
817 -121.0000000000
818 -120.0000000000
821 -119.0000000000
826 -118.0000000000
828 -117.0000000000
829 -116.0000000000
836 -115.0000000000
838 -114.0000000000
849 -113.0000000000
856 -112.0000000000
877 -111.0000000000
881 -110.0000000000
887 -109.0000000000
901 -108.0000000000
921 -107.0000000000
928 -106.0000000000
937 -105.0000000000
938 -104.0000000000
941 -103.0000000000
944 -102.0000000000
948 -101.0000000000
952 -100.0000000000
968 -99.0000000000
986 -98.0000000000
997 -97.0000000000
1015 -96.0000000000
1034 -95.0000000000
1041 -94.0000000000
1042 -93.0000000000
1044 -92.0000000000
1047 -91.0000000000
1050 -90.0000000000
1073 -89.0000000000
1083 -88.0000000000
1092 -87.0000000000
1095 -86.0000000000
1105 -85.0000000000
1118 -84.0000000000
1125 -83.0000000000
1131 -82.0000000000
1135 -81.0000000000
1144 -80.0000000000
1149 -79.0000000000
1154 -78.0000000000
1159 -77.0000000000
1167 -76.0000000000
1173 -75.0000000000
1182 -74.0000000000
1212 -73.0000000000
1218 -72.0000000000
1237 -71.0000000000
1254 -70.0000000000
1265 -69.0000000000
1277 -68.0000000000
1281 -67.0000000000
1314 -66.0000000000
1321 -65.0000000000
1324 -64.0000000000
1335 -63.0000000000
1347 -62.0000000000
1348 -61.0000000000
1378 -60.0000000000
1381 -59.0000000000
1397 -58.0000000000
1418 -57.0000000000
1420 -56.0000000000
1425 -55.0000000000
1428 -54.0000000000
1431 -53.0000000000
1447 -52.0000000000
1451 -51.0000000000
1472 -50.0000000000
1491 -49.0000000000
1492 -48.0000000000
1505 -47.0000000000
1524 -46.0000000000
1530 -45.0000000000
1536 -44.0000000000
1537 -43.0000000000
1549 -42.0000000000
1601 -41.0000000000
1611 -40.0000000000
1633 -39.0000000000
1651 -38.0000000000
1660 -37.0000000000
1695 -36.0000000000
1696 -35.0000000000
1754 -34.0000000000
1755 -33.0000000000
1783 -32.0000000000
1815 -31.0000000000
1849 -30.0000000000
1852 -29.0000000000
1880 -28.0000000000
1885 -27.0000000000
1903 -26.0000000000
1909 -25.0000000000
1917 -24.0000000000
1965 -23.0000000000
1990 -22.0000000000
1992 -21.0000000000
2026 -20.0000000000
2039 -19.0000000000
2058 -18.0000000000
2083 -17.0000000000
2222 -16.0000000000
2255 -15.0000000000
2300 -14.0000000000
2385 -13.0000000000
2398 -12.0000000000
2412 -11.0000000000
2416 -10.0000000000
2477 -9.0000000000
2607 -8.0000000000
2654 -7.0000000000
2761 -6.0000000000
2785 -5.0000000000
2806 -4.0000000000
2811 -3.0000000000
2815 -2.0000000000
2893 -1.0000000000
3046 560.0000000000
100000 -1.0000000000
evaluations raw_y
1 -336.0000000000
2 -335.0000000000
3 -334.0000000000
4 -333.0000000000
5 -332.0000000000
6 -331.0000000000
11 -330.0000000000
13 -329.0000000000
15 -328.0000000000
21 -327.0000000000
25 -326.0000000000
26 -325.0000000000
27 -324.0000000000
28 -323.0000000000
31 -322.0000000000
34 -321.0000000000
36 -320.0000000000
42 -319.0000000000
46 -318.0000000000
55 -317.0000000000
58 -316.0000000000
60 -315.0000000000
62 -314.0000000000
63 -313.0000000000
64 -312.0000000000
65 -311.0000000000
74 -310.0000000000
76 -309.0000000000
77 -308.0000000000
79 -307.0000000000
80 -306.0000000000
83 -305.0000000000
86 -304.0000000000
89 -303.0000000000
90 -302.0000000000
92 -301.0000000000
93 -300.0000000000
94 -299.0000000000
95 -298.0000000000
96 -297.0000000000
97 -296.0000000000
100 -295.0000000000
103 -294.0000000000
105 -293.0000000000
106 -292.0000000000
107 -291.0000000000
108 -290.0000000000
111 -289.0000000000
112 -288.0000000000
114 -287.0000000000
116 -286.0000000000
119 -285.0000000000
130 -284.0000000000
131 -283.0000000000
134 -282.0000000000
135 -281.0000000000
141 -280.0000000000
144 -279.0000000000
146 -278.0000000000
148 -277.0000000000
151 -276.0000000000
152 -275.0000000000
153 -274.0000000000
156 -273.0000000000
163 -272.0000000000
165 -271.0000000000
166 -270.0000000000
167 -269.0000000000
174 -268.0000000000
175 -267.0000000000
176 -266.0000000000
179 -265.0000000000
185 -264.0000000000
188 -263.0000000000
189 -262.0000000000
191 -261.0000000000
192 -260.0000000000
196 -259.0000000000
197 -258.0000000000
200 -257.0000000000
201 -256.0000000000
203 -255.0000000000
210 -254.0000000000
213 -253.0000000000
215 -252.0000000000
220 -251.0000000000
230 -250.0000000000
231 -249.0000000000
233 -248.0000000000
236 -247.0000000000
240 -246.0000000000
241 -245.0000000000
243 -244.0000000000
248 -243.0000000000
258 -242.0000000000
260 -241.0000000000
263 -240.0000000000
264 -239.0000000000
266 -238.0000000000
267 -237.0000000000
268 -236.0000000000
270 -235.0000000000
276 -234.0000000000
278 -233.0000000000
283 -232.0000000000
290 -231.0000000000
291 -230.0000000000
293 -229.0000000000
294 -228.0000000000
296 -227.0000000000
302 -226.0000000000
303 -225.0000000000
307 -224.0000000000
311 -223.0000000000
317 -222.0000000000
323 -221.0000000000
338 -220.0000000000
340 -219.0000000000
341 -218.0000000000
342 -217.0000000000
344 -216.0000000000
345 -215.0000000000
346 -214.0000000000
350 -213.0000000000
351 -212.0000000000
354 -211.0000000000
355 -210.0000000000
358 -209.0000000000
359 -208.0000000000
361 -207.0000000000
363 -206.0000000000
364 -205.0000000000
373 -204.0000000000
376 -203.0000000000
378 -202.0000000000
380 -201.0000000000
383 -200.0000000000
388 -199.0000000000
389 -198.0000000000
392 -197.0000000000
394 -196.0000000000
395 -195.0000000000
399 -194.0000000000
401 -193.0000000000
410 -192.0000000000
411 -191.0000000000
414 -190.0000000000
415 -189.0000000000
417 -188.0000000000
418 -187.0000000000
419 -186.0000000000
420 -185.0000000000
422 -184.0000000000
430 -183.0000000000
434 -182.0000000000
443 -181.0000000000
445 -180.0000000000
449 -179.0000000000
451 -178.0000000000
453 -177.0000000000
455 -176.0000000000
458 -175.0000000000
464 -174.0000000000
466 -173.0000000000
468 -172.0000000000
476 -171.0000000000
483 -170.0000000000
488 -169.0000000000
493 -168.0000000000
496 -167.0000000000
497 -166.0000000000
500 -165.0000000000
504 -164.0000000000
505 -163.0000000000
512 -162.0000000000
529 -161.0000000000
536 -160.0000000000
540 -159.0000000000
543 -158.0000000000
545 -157.0000000000
546 -156.0000000000
549 -155.0000000000
553 -154.0000000000
556 -153.0000000000
564 -152.0000000000
579 -151.0000000000
585 -150.0000000000
589 -149.0000000000
590 -148.0000000000
594 -147.0000000000
599 -146.0000000000
614 -145.0000000000
617 -144.0000000000
627 -143.0000000000
631 -142.0000000000
636 -141.0000000000
638 -140.0000000000
640 -139.0000000000
641 -138.0000000000
642 -137.0000000000
646 -136.0000000000
654 -135.0000000000
657 -134.0000000000
664 -133.0000000000
667 -132.0000000000
672 -131.0000000000
673 -130.0000000000
675 -129.0000000000
677 -128.0000000000
678 -127.0000000000
683 -126.0000000000
687 -125.0000000000
694 -124.0000000000
698 -123.0000000000
699 -122.0000000000
711 -121.0000000000
713 -120.0000000000
726 -119.0000000000
727 -118.0000000000
728 -117.0000000000
735 -116.0000000000
736 -115.0000000000
738 -114.0000000000
743 -113.0000000000
747 -112.0000000000
751 -111.0000000000
764 -110.0000000000
790 -109.0000000000
791 -108.0000000000
794 -107.0000000000
809 -106.0000000000
814 -105.0000000000
818 -104.0000000000
825 -103.0000000000
828 -102.0000000000
840 -101.0000000000
857 -100.0000000000
860 -99.0000000000
864 -98.0000000000
873 -97.0000000000
876 -96.0000000000
889 -95.0000000000
890 -94.0000000000
896 -93.0000000000
900 -92.0000000000
903 -91.0000000000
904 -90.0000000000
908 -89.0000000000
915 -88.0000000000
920 -87.0000000000
930 -86.0000000000
935 -85.0000000000
938 -84.0000000000
942 -83.0000000000
974 -82.0000000000
978 -81.0000000000
980 -80.0000000000
981 -79.0000000000
985 -78.0000000000
1001 -77.0000000000
1024 -76.0000000000
1026 -75.0000000000
1032 -74.0000000000
1035 -73.0000000000
1043 -72.0000000000
1046 -71.0000000000
1049 -70.0000000000
1067 -69.0000000000
1075 -68.0000000000
1092 -67.0000000000
1095 -66.0000000000
1118 -65.0000000000
1123 -64.0000000000
1156 -63.0000000000
1158 -62.0000000000
1163 -61.0000000000
1173 -60.0000000000
1182 -59.0000000000
1183 -58.0000000000
1200 -57.0000000000
1201 -56.0000000000
1219 -55.0000000000
1231 -54.0000000000
1237 -53.0000000000
1243 -52.0000000000
1257 -51.0000000000
1264 -50.0000000000
1292 -49.0000000000
1324 -48.0000000000
1326 -47.0000000000
1337 -46.0000000000
1341 -45.0000000000
1344 -44.0000000000
1346 -43.0000000000
1354 -42.0000000000
1357 -41.0000000000
1363 -40.0000000000
1365 -39.0000000000
1366 -38.0000000000
1370 -37.0000000000
1379 -36.0000000000
1382 -35.0000000000
1440 -34.0000000000
1529 -33.0000000000
1532 -32.0000000000
1544 -31.0000000000
1547 -30.0000000000
1548 -29.0000000000
1559 -28.0000000000
1567 -27.0000000000
1568 -26.0000000000
1571 -25.0000000000
1592 -24.0000000000
1597 -23.0000000000
1607 -22.0000000000
1667 -21.0000000000
1715 -20.0000000000
1773 -19.0000000000
1804 -18.0000000000
1812 -17.0000000000
1936 -16.0000000000
2028 -15.0000000000
2050 -14.0000000000
2088 -13.0000000000
2120 -12.0000000000
2246 -11.0000000000
2281 -10.0000000000
2310 -9.0000000000
2315 -8.0000000000
2323 -7.0000000000
2351 -6.0000000000
2406 -5.0000000000
2454 -4.0000000000
2506 -3.0000000000
2575 -2.0000000000
2647 -1.0000000000
2669 601.0000000000
100000 -1.0000000000
evaluations raw_y
1 -379.0000000000
2 -378.0000000000
3 -377.0000000000
5 -376.0000000000
6 -375.0000000000
10 -374.0000000000
11 -373.0000000000
12 -372.0000000000
13 -371.0000000000
14 -370.0000000000
17 -369.0000000000
20 -368.0000000000
21 -367.0000000000
24 -366.0000000000
28 -365.0000000000
29 -364.0000000000
30 -363.0000000000
31 -362.0000000000
34 -361.0000000000
36 -360.0000000000
40 -359.0000000000
44 -358.0000000000
45 -357.0000000000
48 -356.0000000000
50 -355.0000000000
53 -354.0000000000
56 -353.0000000000
58 -352.0000000000
61 -351.0000000000
65 -350.0000000000
66 -349.0000000000
67 -348.0000000000
70 -347.0000000000
74 -346.0000000000
76 -345.0000000000
84 -344.0000000000
87 -343.0000000000
88 -342.0000000000
89 -341.0000000000
91 -340.0000000000
92 -339.0000000000
96 -338.0000000000
98 -337.0000000000
99 -336.0000000000
102 -335.0000000000
103 -334.0000000000
105 -333.0000000000
107 -332.0000000000
108 -331.0000000000
110 -330.0000000000
112 -329.0000000000
113 -328.0000000000
114 -327.0000000000
120 -326.0000000000
123 -325.0000000000
125 -324.0000000000
127 -323.0000000000
132 -322.0000000000
138 -321.0000000000
139 -320.0000000000
143 -319.0000000000
145 -318.0000000000
146 -317.0000000000
147 -316.0000000000
149 -315.0000000000
151 -314.0000000000
152 -313.0000000000
153 -312.0000000000
154 -311.0000000000
156 -310.0000000000
160 -309.0000000000
161 -308.0000000000
162 -307.0000000000
166 -306.0000000000
170 -305.0000000000
173 -304.0000000000
174 -303.0000000000
175 -302.0000000000
177 -301.0000000000
180 -300.0000000000
181 -299.0000000000
183 -298.0000000000
184 -297.0000000000
185 -296.0000000000
186 -295.0000000000
187 -294.0000000000
191 -293.0000000000
194 -292.0000000000
196 -291.0000000000
197 -290.0000000000
199 -289.0000000000
202 -288.0000000000
207 -287.0000000000
208 -286.0000000000
212 -285.0000000000
214 -284.0000000000
215 -283.0000000000
218 -282.0000000000
219 -281.0000000000
220 -280.0000000000
227 -279.0000000000
228 -278.0000000000
230 -277.0000000000
236 -276.0000000000
249 -275.0000000000
250 -274.0000000000
251 -273.0000000000
256 -272.0000000000
257 -271.0000000000
258 -270.0000000000
259 -269.0000000000
260 -268.0000000000
267 -267.0000000000
270 -266.0000000000
271 -265.0000000000
273 -264.0000000000
281 -263.0000000000
282 -262.0000000000
283 -261.0000000000
286 -260.0000000000
287 -259.0000000000
288 -258.0000000000
289 -257.0000000000
292 -256.0000000000
293 -255.0000000000
294 -254.0000000000
296 -253.0000000000
301 -252.0000000000
306 -251.0000000000
310 -250.0000000000
313 -249.0000000000
314 -248.0000000000
322 -247.0000000000
325 -246.0000000000
327 -245.0000000000
331 -244.0000000000
333 -243.0000000000
337 -242.0000000000
340 -241.0000000000
342 -240.0000000000
344 -239.0000000000
347 -238.0000000000
350 -237.0000000000
354 -236.0000000000
359 -235.0000000000
364 -234.0000000000
365 -233.0000000000
370 -232.0000000000
377 -231.0000000000
378 -230.0000000000
379 -229.0000000000
381 -228.0000000000
387 -227.0000000000
388 -226.0000000000
395 -225.0000000000
401 -224.0000000000
404 -223.0000000000
410 -222.0000000000
411 -221.0000000000
414 -220.0000000000
427 -219.0000000000
428 -218.0000000000
432 -217.0000000000
433 -216.0000000000
437 -215.0000000000
438 -214.0000000000
441 -213.0000000000
443 -212.0000000000
444 -211.0000000000
445 -210.0000000000
446 -209.0000000000
455 -208.0000000000
458 -207.0000000000
459 -206.0000000000
460 -205.0000000000
462 -204.0000000000
463 -203.0000000000
471 -202.0000000000
481 -201.0000000000
485 -200.0000000000
491 -199.0000000000
497 -198.0000000000
499 -197.0000000000
500 -196.0000000000
503 -195.0000000000
504 -194.0000000000
506 -193.0000000000
509 -192.0000000000
510 -191.0000000000
511 -190.0000000000
515 -189.0000000000
520 -188.0000000000
521 -187.0000000000
523 -186.0000000000
530 -185.0000000000
541 -184.0000000000
545 -183.0000000000
548 -182.0000000000
553 -181.0000000000
560 -180.0000000000
561 -179.0000000000
566 -178.0000000000
575 -177.0000000000
576 -176.0000000000
591 -175.0000000000
595 -174.0000000000
596 -173.0000000000
604 -172.0000000000
615 -171.0000000000
617 -170.0000000000
622 -169.0000000000
623 -168.0000000000
628 -167.0000000000
633 -166.0000000000
650 -165.0000000000
652 -164.0000000000
653 -163.0000000000
657 -162.0000000000
660 -161.0000000000
663 -160.0000000000
667 -159.0000000000
677 -158.0000000000
680 -157.0000000000
681 -156.0000000000
682 -155.0000000000
684 -154.0000000000
688 -153.0000000000
690 -152.0000000000
699 -151.0000000000
700 -150.0000000000
703 -149.0000000000
706 -148.0000000000
716 -147.0000000000
720 -146.0000000000
723 -145.0000000000
725 -144.0000000000
729 -143.0000000000
733 -142.0000000000
740 -141.0000000000
742 -140.0000000000
743 -139.0000000000
748 -138.0000000000
754 -137.0000000000
757 -136.0000000000
759 -135.0000000000
762 -134.0000000000
764 -133.0000000000
768 -132.0000000000
792 -131.0000000000
800 -130.0000000000
802 -129.0000000000
815 -128.0000000000
816 -127.0000000000
817 -126.0000000000
819 -125.0000000000
824 -124.0000000000
829 -123.0000000000
836 -122.0000000000
845 -121.0000000000
849 -120.0000000000
854 -119.0000000000
861 -118.0000000000
866 -117.0000000000
867 -116.0000000000
868 -115.0000000000
876 -114.0000000000
877 -113.0000000000
878 -112.0000000000
887 -111.0000000000
892 -110.0000000000
908 -109.0000000000
910 -108.0000000000
921 -107.0000000000
926 -106.0000000000
953 -105.0000000000
957 -104.0000000000
959 -103.0000000000
964 -102.0000000000
966 -101.0000000000
968 -100.0000000000
972 -99.0000000000
978 -98.0000000000
980 -97.0000000000
991 -96.0000000000
998 -95.0000000000
1007 -94.0000000000
1009 -93.0000000000
1011 -92.0000000000
1012 -91.0000000000
1023 -90.0000000000
1032 -89.0000000000
1042 -88.0000000000
1044 -87.0000000000
1071 -86.0000000000
1077 -85.0000000000
1078 -84.0000000000
1079 -83.0000000000
1084 -82.0000000000
1087 -81.0000000000
1117 -80.0000000000
1124 -79.0000000000
1127 -78.0000000000
1129 -77.0000000000
1132 -76.0000000000
1133 -75.0000000000
1135 -74.0000000000
1140 -73.0000000000
1150 -72.0000000000
1157 -71.0000000000
1177 -70.0000000000
1184 -69.0000000000
1188 -68.0000000000
1192 -67.0000000000
1197 -66.0000000000
1202 -65.0000000000
1205 -64.0000000000
1216 -63.0000000000
1238 -62.0000000000
1243 -61.0000000000
1248 -60.0000000000
1261 -59.0000000000
1262 -58.0000000000
1272 -57.0000000000
1282 -56.0000000000
1307 -55.0000000000
1309 -54.0000000000
1331 -53.0000000000
1341 -52.0000000000
1345 -51.0000000000
1375 -50.0000000000
1395 -49.0000000000
1398 -48.0000000000
1405 -47.0000000000
1409 -46.0000000000
1436 -45.0000000000
1438 -44.0000000000
1459 -43.0000000000
1471 -42.0000000000
1473 -41.0000000000
1486 -40.0000000000
1501 -39.0000000000
1513 -38.0000000000
1514 -37.0000000000
1517 -36.0000000000
1537 -35.0000000000
1549 -34.0000000000
1584 -33.0000000000
1586 -32.0000000000
1598 -31.0000000000
1602 -30.0000000000
1616 -29.0000000000
1640 -28.0000000000
1719 -27.0000000000
1724 -26.0000000000
1726 -25.0000000000
1730 -24.0000000000
1782 -23.0000000000
1812 -22.0000000000
1820 -21.0000000000
1837 -20.0000000000
1894 -19.0000000000
1926 -18.0000000000
1927 -17.0000000000
1946 -16.0000000000
1949 -15.0000000000
1990 -14.0000000000
2023 -13.0000000000
2043 -12.0000000000
2049 -11.0000000000
2133 -10.0000000000
2157 -9.0000000000
2177 -8.0000000000
2232 -7.0000000000
2309 -6.0000000000
2328 -5.0000000000
2370 -4.0000000000
2649 -3.0000000000
2651 -2.0000000000
2657 -1.0000000000
2695 568.0000000000
100000 -1.0000000000
evaluations raw_y
1 -388.0000000000
4 -387.0000000000
5 -386.0000000000
6 -385.0000000000
8 -384.0000000000
9 -383.0000000000
10 -382.0000000000
11 -381.0000000000
16 -380.0000000000
17 -379.0000000000
19 -378.0000000000
20 -377.0000000000
21 -376.0000000000
22 -375.0000000000
23 -374.0000000000
24 -373.0000000000
25 -372.0000000000
33 -371.0000000000
34 -370.0000000000
39 -369.0000000000
41 -368.0000000000
43 -367.0000000000
45 -366.0000000000
50 -365.0000000000
51 -364.0000000000
55 -363.0000000000
59 -362.0000000000
65 -361.0000000000
69 -360.0000000000
71 -359.0000000000
72 -358.0000000000
73 -357.0000000000
74 -356.0000000000
75 -355.0000000000
76 -354.0000000000
77 -353.0000000000
79 -352.0000000000
80 -351.0000000000
81 -350.0000000000
82 -349.0000000000
83 -348.0000000000
85 -347.0000000000
86 -346.0000000000
88 -345.0000000000
90 -344.0000000000
93 -343.0000000000
95 -342.0000000000
104 -341.0000000000
108 -340.0000000000
109 -339.0000000000
118 -338.0000000000
120 -337.0000000000
123 -336.0000000000
125 -335.0000000000
127 -334.0000000000
131 -333.0000000000
132 -332.0000000000
133 -331.0000000000
134 -330.0000000000
135 -329.0000000000
136 -328.0000000000
138 -327.0000000000
146 -326.0000000000
151 -325.0000000000
152 -324.0000000000
153 -323.0000000000
158 -322.0000000000
161 -321.0000000000
162 -320.0000000000
164 -319.0000000000
165 -318.0000000000
167 -317.0000000000
174 -316.0000000000
176 -315.0000000000
179 -314.0000000000
183 -313.0000000000
184 -312.0000000000
186 -311.0000000000
187 -310.0000000000
189 -309.0000000000
190 -308.0000000000
191 -307.0000000000
193 -306.0000000000
195 -305.0000000000
202 -304.0000000000
204 -303.0000000000
206 -302.0000000000
210 -301.0000000000
212 -300.0000000000
213 -299.0000000000
217 -298.0000000000
230 -297.0000000000
233 -296.0000000000
235 -295.0000000000
236 -294.0000000000
239 -293.0000000000
242 -292.0000000000
245 -291.0000000000
246 -290.0000000000
247 -289.0000000000
249 -288.0000000000
250 -287.0000000000
253 -286.0000000000
254 -285.0000000000
257 -284.0000000000
258 -283.0000000000
259 -282.0000000000
261 -281.0000000000
263 -280.0000000000
264 -279.0000000000
267 -278.0000000000
270 -277.0000000000
278 -276.0000000000
279 -275.0000000000
281 -274.0000000000
282 -273.0000000000
285 -272.0000000000
287 -271.0000000000
288 -270.0000000000
291 -269.0000000000
292 -268.0000000000
294 -267.0000000000
295 -266.0000000000
296 -265.0000000000
297 -264.0000000000
298 -263.0000000000
299 -262.0000000000
300 -261.0000000000
303 -260.0000000000
304 -259.0000000000
306 -258.0000000000
307 -257.0000000000
310 -256.0000000000
313 -255.0000000000
317 -254.0000000000
324 -253.0000000000
326 -252.0000000000
327 -251.0000000000
331 -250.0000000000
334 -249.0000000000
338 -248.0000000000
339 -247.0000000000
342 -246.0000000000
345 -245.0000000000
348 -244.0000000000
349 -243.0000000000
351 -242.0000000000
352 -241.0000000000
353 -240.0000000000
356 -239.0000000000
359 -238.0000000000
363 -237.0000000000
365 -236.0000000000
368 -235.0000000000
371 -234.0000000000
377 -233.0000000000
380 -232.0000000000
387 -231.0000000000
390 -230.0000000000
392 -229.0000000000
395 -228.0000000000
398 -227.0000000000
399 -226.0000000000
400 -225.0000000000
401 -224.0000000000
405 -223.0000000000
406 -222.0000000000
407 -221.0000000000
410 -220.0000000000
427 -219.0000000000
434 -218.0000000000
440 -217.0000000000
442 -216.0000000000
446 -215.0000000000
447 -214.0000000000
448 -213.0000000000
451 -212.0000000000
452 -211.0000000000
453 -210.0000000000
462 -209.0000000000
474 -208.0000000000
478 -207.0000000000
487 -206.0000000000
488 -205.0000000000
500 -204.0000000000
507 -203.0000000000
508 -202.0000000000
511 -201.0000000000
513 -200.0000000000
516 -199.0000000000
521 -198.0000000000
524 -197.0000000000
528 -196.0000000000
529 -195.0000000000
531 -194.0000000000
532 -193.0000000000
533 -192.0000000000
534 -191.0000000000
545 -190.0000000000
551 -189.0000000000
555 -188.0000000000
560 -187.0000000000
561 -186.0000000000
564 -185.0000000000
565 -184.0000000000
570 -183.0000000000
571 -182.0000000000
573 -181.0000000000
579 -180.0000000000
583 -179.0000000000
585 -178.0000000000
586 -177.0000000000
587 -176.0000000000
594 -175.0000000000
595 -174.0000000000
602 -173.0000000000
605 -172.0000000000
607 -171.0000000000
614 -170.0000000000
616 -169.0000000000
620 -168.0000000000
625 -167.0000000000
627 -166.0000000000
633 -165.0000000000
643 -164.0000000000
645 -163.0000000000
647 -162.0000000000
655 -161.0000000000
661 -160.0000000000
662 -159.0000000000
665 -158.0000000000
672 -157.0000000000
675 -156.0000000000
676 -155.0000000000
677 -154.0000000000
678 -153.0000000000
688 -152.0000000000
689 -151.0000000000
694 -150.0000000000
697 -149.0000000000
699 -148.0000000000
701 -147.0000000000
702 -146.0000000000
707 -145.0000000000
719 -144.0000000000
724 -143.0000000000
725 -142.0000000000
728 -141.0000000000
733 -140.0000000000
736 -139.0000000000
738 -138.0000000000
744 -137.0000000000
754 -136.0000000000
755 -135.0000000000
760 -134.0000000000
761 -133.0000000000
768 -132.0000000000
771 -131.0000000000
795 -130.0000000000
798 -129.0000000000
807 -128.0000000000
820 -127.0000000000
825 -126.0000000000
835 -125.0000000000
841 -124.0000000000
845 -123.0000000000
847 -122.0000000000
853 -121.0000000000
854 -120.0000000000
863 -119.0000000000
865 -118.0000000000
868 -117.0000000000
887 -116.0000000000
893 -115.0000000000
907 -114.0000000000
911 -113.0000000000
913 -112.0000000000
914 -111.0000000000
916 -110.0000000000
932 -109.0000000000
946 -108.0000000000
948 -107.0000000000
958 -106.0000000000
968 -105.0000000000
969 -104.0000000000
974 -103.0000000000
978 -102.0000000000
988 -101.0000000000
993 -100.0000000000
994 -99.0000000000
1000 -98.0000000000
1006 -97.0000000000
1017 -96.0000000000
1021 -95.0000000000
1032 -94.0000000000
1033 -93.0000000000
1034 -92.0000000000
1040 -91.0000000000
1048 -90.0000000000
1053 -89.0000000000
1056 -88.0000000000
1057 -87.0000000000
1064 -86.0000000000
1086 -85.0000000000
1105 -84.0000000000
1106 -83.0000000000
1124 -82.0000000000
1134 -81.0000000000
1140 -80.0000000000
1141 -79.0000000000
1147 -78.0000000000
1171 -77.0000000000
1174 -76.0000000000
1177 -75.0000000000
1178 -74.0000000000
1182 -73.0000000000
1184 -72.0000000000
1205 -71.0000000000
1219 -70.0000000000
1230 -69.0000000000
1244 -68.0000000000
1247 -67.0000000000
1248 -66.0000000000
1252 -65.0000000000
1254 -64.0000000000
1255 -63.0000000000
1260 -62.0000000000
1276 -61.0000000000
1284 -60.0000000000
1305 -59.0000000000
1308 -58.0000000000
1315 -57.0000000000
1324 -56.0000000000
1335 -55.0000000000
1339 -54.0000000000
1352 -53.0000000000
1377 -52.0000000000
1379 -51.0000000000
1409 -50.0000000000
1434 -49.0000000000
1438 -48.0000000000
1445 -47.0000000000
1448 -46.0000000000
1471 -45.0000000000
1472 -44.0000000000
1475 -43.0000000000
1476 -42.0000000000
1498 -41.0000000000
1499 -40.0000000000
1505 -39.0000000000
1534 -38.0000000000
1549 -37.0000000000
1574 -36.0000000000
1576 -35.0000000000
1628 -34.0000000000
1636 -33.0000000000
1644 -32.0000000000
1665 -31.0000000000
1668 -30.0000000000
1673 -29.0000000000
1732 -28.0000000000
1744 -27.0000000000
1749 -26.0000000000
1760 -25.0000000000
1762 -24.0000000000
1770 -23.0000000000
1803 -22.0000000000
1903 -21.0000000000
1911 -20.0000000000
1966 -19.0000000000
1980 -18.0000000000
2013 -17.0000000000
2020 -16.0000000000
2033 -15.0000000000
2056 -14.0000000000
2058 -13.0000000000
2061 -12.0000000000
2072 -11.0000000000
2084 -10.0000000000
2112 -9.0000000000
2170 -8.0000000000
2201 -7.0000000000
2253 -6.0000000000
2366 -5.0000000000
2474 -4.0000000000
2479 -3.0000000000
2541 -2.0000000000
2651 -1.0000000000
2659 606.0000000000
100000 -1.0000000000
evaluations raw_y
1 -381.0000000000
3 -380.0000000000
4 -379.0000000000
7 -378.0000000000
8 -377.0000000000
9 -376.0000000000
10 -375.0000000000
12 -374.0000000000
18 -373.0000000000
24 -372.0000000000
26 -371.0000000000
27 -370.0000000000
30 -369.0000000000
34 -368.0000000000
39 -367.0000000000
43 -366.0000000000
47 -365.0000000000
56 -364.0000000000
58 -363.0000000000
61 -362.0000000000
62 -361.0000000000
63 -360.0000000000
64 -359.0000000000
66 -358.0000000000
69 -357.0000000000
70 -356.0000000000
73 -355.0000000000
74 -354.0000000000
76 -353.0000000000
77 -352.0000000000
82 -351.0000000000
83 -350.0000000000
86 -349.0000000000
87 -348.0000000000
88 -347.0000000000
89 -346.0000000000
90 -345.0000000000
93 -344.0000000000
95 -343.0000000000
96 -342.0000000000
97 -341.0000000000
102 -340.0000000000
106 -339.0000000000
108 -338.0000000000
109 -337.0000000000
112 -336.0000000000
114 -335.0000000000
116 -334.0000000000
117 -333.0000000000
118 -332.0000000000
119 -331.0000000000
121 -330.0000000000
124 -329.0000000000
129 -328.0000000000
130 -327.0000000000
132 -326.0000000000
135 -325.0000000000
136 -324.0000000000
137 -323.0000000000
138 -322.0000000000
140 -321.0000000000
142 -320.0000000000
144 -319.0000000000
145 -318.0000000000
146 -317.0000000000
148 -316.0000000000
150 -315.0000000000
152 -314.0000000000
153 -313.0000000000
154 -312.0000000000
157 -311.0000000000
159 -310.0000000000
160 -309.0000000000
162 -308.0000000000
166 -307.0000000000
168 -306.0000000000
170 -305.0000000000
174 -304.0000000000
175 -303.0000000000
177 -302.0000000000
178 -301.0000000000
187 -300.0000000000
192 -299.0000000000
193 -298.0000000000
195 -297.0000000000
196 -296.0000000000
198 -295.0000000000
207 -294.0000000000
210 -293.0000000000
216 -292.0000000000
217 -291.0000000000
218 -290.0000000000
223 -289.0000000000
227 -288.0000000000
230 -287.0000000000
232 -286.0000000000
234 -285.0000000000
240 -284.0000000000
243 -283.0000000000
245 -282.0000000000
249 -281.0000000000
250 -280.0000000000
253 -279.0000000000
256 -278.0000000000
259 -277.0000000000
260 -276.0000000000
263 -275.0000000000
266 -274.0000000000
274 -273.0000000000
276 -272.0000000000
281 -271.0000000000
284 -270.0000000000
285 -269.0000000000
287 -268.0000000000
288 -267.0000000000
289 -266.0000000000
292 -265.0000000000
295 -264.0000000000
296 -263.0000000000
298 -262.0000000000
299 -261.0000000000
300 -260.0000000000
301 -259.0000000000
307 -258.0000000000
308 -257.0000000000
309 -256.0000000000
313 -255.0000000000
316 -254.0000000000
317 -253.0000000000
318 -252.0000000000
327 -251.0000000000
328 -250.0000000000
330 -249.0000000000
331 -248.0000000000
332 -247.0000000000
333 -246.0000000000
334 -245.0000000000
336 -244.0000000000
341 -243.0000000000
344 -242.0000000000
346 -241.0000000000
348 -240.0000000000
350 -239.0000000000
354 -238.0000000000
360 -237.0000000000
362 -236.0000000000
368 -235.0000000000
374 -234.0000000000
377 -233.0000000000
380 -232.0000000000
382 -231.0000000000
388 -230.0000000000
390 -229.0000000000
395 -228.0000000000
399 -227.0000000000
400 -226.0000000000
403 -225.0000000000
405 -224.0000000000
406 -223.0000000000
409 -222.0000000000
411 -221.0000000000
412 -220.0000000000
428 -219.0000000000
429 -218.0000000000
433 -217.0000000000
434 -216.0000000000
435 -215.0000000000
443 -214.0000000000
445 -213.0000000000
446 -212.0000000000
456 -211.0000000000
459 -210.0000000000
463 -209.0000000000
469 -208.0000000000
471 -207.0000000000
472 -206.0000000000
474 -205.0000000000
477 -204.0000000000
478 -203.0000000000
479 -202.0000000000
483 -201.0000000000
485 -200.0000000000
491 -199.0000000000
500 -198.0000000000
513 -197.0000000000
515 -196.0000000000
520 -195.0000000000
526 -194.0000000000
532 -193.0000000000
538 -192.0000000000
539 -191.0000000000
544 -190.0000000000
556 -189.0000000000
559 -188.0000000000
560 -187.0000000000
562 -186.0000000000
563 -185.0000000000
567 -184.0000000000
568 -183.0000000000
571 -182.0000000000
572 -181.0000000000
573 -180.0000000000
576 -179.0000000000
577 -178.0000000000
583 -177.0000000000
584 -176.0000000000
588 -175.0000000000
602 -174.0000000000
606 -173.0000000000
615 -172.0000000000
617 -171.0000000000
623 -170.0000000000
631 -169.0000000000
638 -168.0000000000
641 -167.0000000000
645 -166.0000000000
648 -165.0000000000
655 -164.0000000000
660 -163.0000000000
661 -162.0000000000
662 -161.0000000000
665 -160.0000000000
668 -159.0000000000
669 -158.0000000000
675 -157.0000000000
682 -156.0000000000
687 -155.0000000000
691 -154.0000000000
706 -153.0000000000
708 -152.0000000000
716 -151.0000000000
717 -150.0000000000
718 -149.0000000000
720 -148.0000000000
721 -147.0000000000
723 -146.0000000000
728 -145.0000000000
730 -144.0000000000
735 -143.0000000000
736 -142.0000000000
737 -141.0000000000
738 -140.0000000000
739 -139.0000000000
742 -138.0000000000
752 -137.0000000000
756 -136.0000000000
767 -135.0000000000
772 -134.0000000000
775 -133.0000000000
778 -132.0000000000
783 -131.0000000000
799 -130.0000000000
835 -129.0000000000
839 -128.0000000000
841 -127.0000000000
847 -126.0000000000
849 -125.0000000000
850 -124.0000000000
864 -123.0000000000
874 -122.0000000000
878 -121.0000000000
880 -120.0000000000
889 -119.0000000000
896 -118.0000000000
901 -117.0000000000
903 -116.0000000000
905 -115.0000000000
916 -114.0000000000
933 -113.0000000000
934 -112.0000000000
938 -111.0000000000
974 -110.0000000000
980 -109.0000000000
986 -108.0000000000
1001 -107.0000000000
1002 -106.0000000000
1015 -105.0000000000
1028 -104.0000000000
1035 -103.0000000000
1042 -102.0000000000
1047 -101.0000000000
1064 -100.0000000000
1066 -99.0000000000
1068 -98.0000000000
1086 -97.0000000000
1089 -96.0000000000
1095 -95.0000000000
1099 -94.0000000000
1100 -93.0000000000
1106 -92.0000000000
1125 -91.0000000000
1154 -90.0000000000
1162 -89.0000000000
1168 -88.0000000000
1178 -87.0000000000
1184 -86.0000000000
1187 -85.0000000000
1196 -84.0000000000
1212 -83.0000000000
1214 -82.0000000000
1227 -81.0000000000
1229 -80.0000000000
1268 -79.0000000000
1269 -78.0000000000
1270 -77.0000000000
1274 -76.0000000000
1276 -75.0000000000
1281 -74.0000000000
1282 -73.0000000000
1288 -72.0000000000
1293 -71.0000000000
1302 -70.0000000000
1314 -69.0000000000
1329 -68.0000000000
1333 -67.0000000000
1339 -66.0000000000
1344 -65.0000000000
1353 -64.0000000000
1377 -63.0000000000
1379 -62.0000000000
1390 -61.0000000000
1397 -60.0000000000
1413 -59.0000000000
1434 -58.0000000000
1435 -57.0000000000
1445 -56.0000000000
1451 -55.0000000000
1456 -54.0000000000
1469 -53.0000000000
1484 -52.0000000000
1539 -51.0000000000
1545 -50.0000000000
1560 -49.0000000000
1572 -48.0000000000
1591 -47.0000000000
1598 -46.0000000000
1604 -45.0000000000
1625 -44.0000000000
1643 -43.0000000000
1646 -42.0000000000
1667 -41.0000000000
1668 -40.0000000000
1669 -39.0000000000
1671 -38.0000000000
1691 -37.0000000000
1714 -36.0000000000
1731 -35.0000000000
1739 -34.0000000000
1752 -33.0000000000
1760 -32.0000000000
1776 -31.0000000000
1787 -30.0000000000
1818 -29.0000000000
1819 -28.0000000000
1839 -27.0000000000
1877 -26.0000000000
1944 -25.0000000000
1948 -24.0000000000
1971 -23.0000000000
1983 -22.0000000000
2005 -21.0000000000
2043 -20.0000000000
2064 -19.0000000000
2191 -18.0000000000
2195 -17.0000000000
2198 -16.0000000000
2228 -15.0000000000
2250 -14.0000000000
2308 -13.0000000000
2355 -12.0000000000
2367 -11.0000000000
2436 -10.0000000000
2474 -9.0000000000
2533 -8.0000000000
2552 -7.0000000000
2593 -6.0000000000
2657 -5.0000000000
2780 -4.0000000000
2835 -3.0000000000
2845 -2.0000000000
2897 -1.0000000000
2958 607.0000000000
100000 -1.0000000000
evaluations raw_y
1 -372.0000000000
3 -371.0000000000
6 -370.0000000000
8 -369.0000000000
9 -368.0000000000
13 -367.0000000000
14 -366.0000000000
15 -365.0000000000
16 -364.0000000000
17 -363.0000000000
20 -362.0000000000
24 -361.0000000000
26 -360.0000000000
27 -359.0000000000
32 -358.0000000000
33 -357.0000000000
35 -356.0000000000
38 -355.0000000000
39 -354.0000000000
41 -353.0000000000
47 -352.0000000000
49 -351.0000000000
50 -350.0000000000
52 -349.0000000000
53 -348.0000000000
54 -347.0000000000
55 -346.0000000000
56 -345.0000000000
57 -344.0000000000
59 -343.0000000000
61 -342.0000000000
64 -341.0000000000
67 -340.0000000000
68 -339.0000000000
70 -338.0000000000
73 -337.0000000000
75 -336.0000000000
78 -335.0000000000
80 -334.0000000000
81 -333.0000000000
85 -332.0000000000
89 -331.0000000000
90 -330.0000000000
91 -329.0000000000
94 -328.0000000000
95 -327.0000000000
96 -326.0000000000
97 -325.0000000000
102 -324.0000000000
104 -323.0000000000
108 -322.0000000000
112 -321.0000000000
113 -320.0000000000
116 -319.0000000000
119 -318.0000000000
121 -317.0000000000
123 -316.0000000000
124 -315.0000000000
125 -314.0000000000
128 -313.0000000000
131 -312.0000000000
132 -311.0000000000
136 -310.0000000000
137 -309.0000000000
144 -308.0000000000
145 -307.0000000000
150 -306.0000000000
157 -305.0000000000
159 -304.0000000000
161 -303.0000000000
162 -302.0000000000
166 -301.0000000000
167 -300.0000000000
168 -299.0000000000
169 -298.0000000000
173 -297.0000000000
175 -296.0000000000
176 -295.0000000000
177 -294.0000000000
178 -293.0000000000
182 -292.0000000000
184 -291.0000000000
186 -290.0000000000
193 -289.0000000000
195 -288.0000000000
196 -287.0000000000
201 -286.0000000000
203 -285.0000000000
205 -284.0000000000
207 -283.0000000000
209 -282.0000000000
211 -281.0000000000
215 -280.0000000000
217 -279.0000000000
219 -278.0000000000
225 -277.0000000000
228 -276.0000000000
233 -275.0000000000
236 -274.0000000000
239 -273.0000000000
240 -272.0000000000
243 -271.0000000000
247 -270.0000000000
249 -269.0000000000
250 -268.0000000000
254 -267.0000000000
256 -266.0000000000
260 -265.0000000000
261 -264.0000000000
263 -263.0000000000
266 -262.0000000000
269 -261.0000000000
273 -260.0000000000
277 -259.0000000000
278 -258.0000000000
280 -257.0000000000
281 -256.0000000000
282 -255.0000000000
283 -254.0000000000
285 -253.0000000000
287 -252.0000000000
291 -251.0000000000
293 -250.0000000000
294 -249.0000000000
296 -248.0000000000
300 -247.0000000000
304 -246.0000000000
306 -245.0000000000
308 -244.0000000000
309 -243.0000000000
310 -242.0000000000
312 -241.0000000000
316 -240.0000000000
322 -239.0000000000
328 -238.0000000000
330 -237.0000000000
331 -236.0000000000
332 -235.0000000000
337 -234.0000000000
338 -233.0000000000
341 -232.0000000000
342 -231.0000000000
344 -230.0000000000
347 -229.0000000000
348 -228.0000000000
349 -227.0000000000
351 -226.0000000000
358 -225.0000000000
359 -224.0000000000
360 -223.0000000000
364 -222.0000000000
369 -221.0000000000
372 -220.0000000000
376 -219.0000000000
377 -218.0000000000
381 -217.0000000000
382 -216.0000000000
389 -215.0000000000
390 -214.0000000000
394 -213.0000000000
397 -212.0000000000
399 -211.0000000000
401 -210.0000000000
404 -209.0000000000
405 -208.0000000000
406 -207.0000000000
413 -206.0000000000
418 -205.0000000000
422 -204.0000000000
423 -203.0000000000
426 -202.0000000000
427 -201.0000000000
428 -200.0000000000
437 -199.0000000000
438 -198.0000000000
440 -197.0000000000
442 -196.0000000000
443 -195.0000000000
444 -194.0000000000
445 -193.0000000000
452 -192.0000000000
455 -191.0000000000
462 -190.0000000000
463 -189.0000000000
468 -188.0000000000
470 -187.0000000000
471 -186.0000000000
480 -185.0000000000
482 -184.0000000000
486 -183.0000000000
495 -182.0000000000
505 -181.0000000000
516 -180.0000000000
519 -179.0000000000
521 -178.0000000000
528 -177.0000000000
529 -176.0000000000
532 -175.0000000000
534 -174.0000000000
535 -173.0000000000
536 -172.0000000000
537 -171.0000000000
541 -170.0000000000
543 -169.0000000000
554 -168.0000000000
555 -167.0000000000
561 -166.0000000000
563 -165.0000000000
564 -164.0000000000
571 -163.0000000000
576 -162.0000000000
580 -161.0000000000
582 -160.0000000000
587 -159.0000000000
588 -158.0000000000
590 -157.0000000000
603 -156.0000000000
605 -155.0000000000
607 -154.0000000000
610 -153.0000000000
612 -152.0000000000
613 -151.0000000000
615 -150.0000000000
619 -149.0000000000
623 -148.0000000000
638 -147.0000000000
640 -146.0000000000
643 -145.0000000000
647 -144.0000000000
652 -143.0000000000
661 -142.0000000000
673 -141.0000000000
684 -140.0000000000
686 -139.0000000000
690 -138.0000000000
692 -137.0000000000
696 -136.0000000000
698 -135.0000000000
701 -134.0000000000
714 -133.0000000000
718 -132.0000000000
720 -131.0000000000
721 -130.0000000000
737 -129.0000000000
740 -128.0000000000
752 -127.0000000000
759 -126.0000000000
769 -125.0000000000
771 -124.0000000000
779 -123.0000000000
804 -122.0000000000
806 -121.0000000000
814 -120.0000000000
819 -119.0000000000
847 -118.0000000000
859 -117.0000000000
861 -116.0000000000
868 -115.0000000000
877 -114.0000000000
887 -113.0000000000
890 -112.0000000000
891 -111.0000000000
893 -110.0000000000
896 -109.0000000000
912 -108.0000000000
914 -107.0000000000
915 -106.0000000000
917 -105.0000000000
924 -104.0000000000
941 -103.0000000000
948 -102.0000000000
957 -101.0000000000
971 -100.0000000000
981 -99.0000000000
1001 -98.0000000000
1030 -97.0000000000
1031 -96.0000000000
1044 -95.0000000000
1045 -94.0000000000
1051 -93.0000000000
1052 -92.0000000000
1057 -91.0000000000
1058 -90.0000000000
1064 -89.0000000000
1066 -88.0000000000
1083 -87.0000000000
1092 -86.0000000000
1099 -85.0000000000
1104 -84.0000000000
1106 -83.0000000000
1107 -82.0000000000
1109 -81.0000000000
1112 -80.0000000000
1117 -79.0000000000
1140 -78.0000000000
1154 -77.0000000000
1164 -76.0000000000
1173 -75.0000000000
1185 -74.0000000000
1191 -73.0000000000
1193 -72.0000000000
1202 -71.0000000000
1204 -70.0000000000
1212 -69.0000000000
1216 -68.0000000000
1246 -67.0000000000
1250 -66.0000000000
1251 -65.0000000000
1252 -64.0000000000
1278 -63.0000000000
1292 -62.0000000000
1297 -61.0000000000
1304 -60.0000000000
1326 -59.0000000000
1353 -58.0000000000
1378 -57.0000000000
1381 -56.0000000000
1408 -55.0000000000
1420 -54.0000000000
1433 -53.0000000000
1436 -52.0000000000
1453 -51.0000000000
1462 -50.0000000000
1477 -49.0000000000
1478 -48.0000000000
1485 -47.0000000000
1501 -46.0000000000
1523 -45.0000000000
1529 -44.0000000000
1538 -43.0000000000
1556 -42.0000000000
1595 -41.0000000000
1598 -40.0000000000
1607 -39.0000000000
1613 -38.0000000000
1626 -37.0000000000
1648 -36.0000000000
1664 -35.0000000000
1667 -34.0000000000
1700 -33.0000000000
1710 -32.0000000000
1714 -31.0000000000
1723 -30.0000000000
1743 -29.0000000000
1755 -28.0000000000
1770 -27.0000000000
1773 -26.0000000000
1808 -25.0000000000
1850 -24.0000000000
1937 -23.0000000000
1973 -22.0000000000
1994 -21.0000000000
2026 -20.0000000000
2028 -19.0000000000
2030 -18.0000000000
2045 -17.0000000000
2053 -16.0000000000
2070 -15.0000000000
2088 -14.0000000000
2113 -13.0000000000
2151 -12.0000000000
2160 -11.0000000000
2162 -10.0000000000
2175 -9.0000000000
2184 -8.0000000000
2212 -7.0000000000
2253 -6.0000000000
2279 -5.0000000000
2338 -4.0000000000
2501 -3.0000000000
2586 -2.0000000000
2659 -1.0000000000
2728 635.0000000000
100000 -1.0000000000
evaluations raw_y
1 -353.0000000000
2 -352.0000000000
6 -351.0000000000
7 -350.0000000000
8 -349.0000000000
9 -348.0000000000
10 -347.0000000000
11 -346.0000000000
12 -345.0000000000
13 -344.0000000000
14 -343.0000000000
17 -342.0000000000
20 -341.0000000000
22 -340.0000000000
23 -339.0000000000
24 -338.0000000000
25 -337.0000000000
27 -336.0000000000
29 -335.0000000000
30 -334.0000000000
33 -333.0000000000
38 -332.0000000000
39 -331.0000000000
46 -330.0000000000
51 -329.0000000000
52 -328.0000000000
56 -327.0000000000
59 -326.0000000000
60 -325.0000000000
61 -324.0000000000
65 -323.0000000000
66 -322.0000000000
69 -321.0000000000
72 -320.0000000000
75 -319.0000000000
81 -318.0000000000
82 -317.0000000000
85 -316.0000000000
87 -315.0000000000
88 -314.0000000000
89 -313.0000000000
95 -312.0000000000
96 -311.0000000000
97 -310.0000000000
99 -309.0000000000
100 -308.0000000000
101 -307.0000000000
103 -306.0000000000
107 -305.0000000000
108 -304.0000000000
109 -303.0000000000
110 -302.0000000000
112 -301.0000000000
117 -300.0000000000
118 -299.0000000000
119 -298.0000000000
120 -297.0000000000
122 -296.0000000000
126 -295.0000000000
127 -294.0000000000
128 -293.0000000000
129 -292.0000000000
135 -291.0000000000
137 -290.0000000000
138 -289.0000000000
139 -288.0000000000
140 -287.0000000000
143 -286.0000000000
145 -285.0000000000
151 -284.0000000000
155 -283.0000000000
158 -282.0000000000
159 -281.0000000000
163 -280.0000000000
171 -279.0000000000
172 -278.0000000000
177 -277.0000000000
181 -276.0000000000
184 -275.0000000000
188 -274.0000000000
189 -273.0000000000
201 -272.0000000000
206 -271.0000000000
207 -270.0000000000
208 -269.0000000000
211 -268.0000000000
214 -267.0000000000
217 -266.0000000000
218 -265.0000000000
224 -264.0000000000
225 -263.0000000000
226 -262.0000000000
229 -261.0000000000
233 -260.0000000000
234 -259.0000000000
236 -258.0000000000
238 -257.0000000000
240 -256.0000000000
242 -255.0000000000
249 -254.0000000000
250 -253.0000000000
253 -252.0000000000
255 -251.0000000000
256 -250.0000000000
257 -249.0000000000
260 -248.0000000000
265 -247.0000000000
268 -246.0000000000
270 -245.0000000000
272 -244.0000000000
281 -243.0000000000
286 -242.0000000000
287 -241.0000000000
289 -240.0000000000
291 -239.0000000000
293 -238.0000000000
297 -237.0000000000
298 -236.0000000000
299 -235.0000000000
300 -234.0000000000
310 -233.0000000000
313 -232.0000000000
315 -231.0000000000
316 -230.0000000000
317 -229.0000000000
324 -228.0000000000
338 -227.0000000000
343 -226.0000000000
349 -225.0000000000
352 -224.0000000000
353 -223.0000000000
357 -222.0000000000
366 -221.0000000000
367 -220.0000000000
373 -219.0000000000
374 -218.0000000000
376 -217.0000000000
377 -216.0000000000
380 -215.0000000000
394 -214.0000000000
399 -213.0000000000
400 -212.0000000000
401 -211.0000000000
415 -210.0000000000
417 -209.0000000000
421 -208.0000000000
422 -207.0000000000
424 -206.0000000000
426 -205.0000000000
430 -204.0000000000
437 -203.0000000000
439 -202.0000000000
450 -201.0000000000
455 -200.0000000000
459 -199.0000000000
460 -198.0000000000
461 -197.0000000000
464 -196.0000000000
466 -195.0000000000
469 -194.0000000000
470 -193.0000000000
477 -192.0000000000
478 -191.0000000000
480 -190.0000000000
484 -189.0000000000
485 -188.0000000000
491 -187.0000000000
494 -186.0000000000
495 -185.0000000000
502 -184.0000000000
508 -183.0000000000
510 -182.0000000000
511 -181.0000000000
514 -180.0000000000
515 -179.0000000000
516 -178.0000000000
517 -177.0000000000
518 -176.0000000000
519 -175.0000000000
526 -174.0000000000
531 -173.0000000000
534 -172.0000000000
538 -171.0000000000
549 -170.0000000000
552 -169.0000000000
556 -168.0000000000
559 -167.0000000000
561 -166.0000000000
562 -165.0000000000
566 -164.0000000000
582 -163.0000000000
584 -162.0000000000
589 -161.0000000000
592 -160.0000000000
605 -159.0000000000
607 -158.0000000000
612 -157.0000000000
613 -156.0000000000
623 -155.0000000000
631 -154.0000000000
639 -153.0000000000
640 -152.0000000000
641 -151.0000000000
645 -150.0000000000
647 -149.0000000000
649 -148.0000000000
653 -147.0000000000
654 -146.0000000000
655 -145.0000000000
658 -144.0000000000
660 -143.0000000000
666 -142.0000000000
668 -141.0000000000
679 -140.0000000000
687 -139.0000000000
688 -138.0000000000
690 -137.0000000000
702 -136.0000000000
705 -135.0000000000
706 -134.0000000000
712 -133.0000000000
718 -132.0000000000
722 -131.0000000000
729 -130.0000000000
735 -129.0000000000
739 -128.0000000000
750 -127.0000000000
760 -126.0000000000
767 -125.0000000000
778 -124.0000000000
779 -123.0000000000
781 -122.0000000000
783 -121.0000000000
784 -120.0000000000
785 -119.0000000000
788 -118.0000000000
791 -117.0000000000
792 -116.0000000000
796 -115.0000000000
798 -114.0000000000
803 -113.0000000000
806 -112.0000000000
808 -111.0000000000
809 -110.0000000000
810 -109.0000000000
821 -108.0000000000
829 -107.0000000000
835 -106.0000000000
839 -105.0000000000
841 -104.0000000000
845 -103.0000000000
848 -102.0000000000
853 -101.0000000000
859 -100.0000000000
861 -99.0000000000
869 -98.0000000000
870 -97.0000000000
873 -96.0000000000
882 -95.0000000000
890 -94.0000000000
892 -93.0000000000
899 -92.0000000000
908 -91.0000000000
929 -90.0000000000
932 -89.0000000000
936 -88.0000000000
938 -87.0000000000
949 -86.0000000000
966 -85.0000000000
970 -84.0000000000
975 -83.0000000000
1000 -82.0000000000
1003 -81.0000000000
1005 -80.0000000000
1022 -79.0000000000
1032 -78.0000000000
1039 -77.0000000000
1046 -76.0000000000
1050 -75.0000000000
1055 -74.0000000000
1072 -73.0000000000
1074 -72.0000000000
1075 -71.0000000000
1094 -70.0000000000
1114 -69.0000000000
1118 -68.0000000000
1137 -67.0000000000
1157 -66.0000000000
1164 -65.0000000000
1167 -64.0000000000
1178 -63.0000000000
1180 -62.0000000000
1192 -61.0000000000
1194 -60.0000000000
1199 -59.0000000000
1200 -58.0000000000
1208 -57.0000000000
1225 -56.0000000000
1246 -55.0000000000
1261 -54.0000000000
1309 -53.0000000000
1317 -52.0000000000
1337 -51.0000000000
1352 -50.0000000000
1355 -49.0000000000
1362 -48.0000000000
1373 -47.0000000000
1374 -46.0000000000
1389 -45.0000000000
1404 -44.0000000000
1451 -43.0000000000
1453 -42.0000000000
1470 -41.0000000000
1471 -40.0000000000
1484 -39.0000000000
1487 -38.0000000000
1489 -37.0000000000
1496 -36.0000000000
1506 -35.0000000000
1509 -34.0000000000
1527 -33.0000000000
1542 -32.0000000000
1549 -31.0000000000
1550 -30.0000000000
1577 -29.0000000000
1586 -28.0000000000
1593 -27.0000000000
1611 -26.0000000000
1636 -25.0000000000
1649 -24.0000000000
1682 -23.0000000000
1695 -22.0000000000
1732 -21.0000000000
1785 -20.0000000000
1790 -19.0000000000
1813 -18.0000000000
1837 -17.0000000000
1843 -16.0000000000
1890 -15.0000000000
1920 -14.0000000000
1925 -13.0000000000
1939 -12.0000000000
1977 -11.0000000000
2038 -10.0000000000
2074 -9.0000000000
2130 -8.0000000000
2193 -7.0000000000
2201 -6.0000000000
2202 -5.0000000000
2209 -4.0000000000
2265 -3.0000000000
2360 -2.0000000000
2426 -1.0000000000
2784 594.0000000000
100000 -1.0000000000
evaluations raw_y
1 -397.0000000000
2 -396.0000000000
3 -395.0000000000
4 -394.0000000000
7 -393.0000000000
9 -392.0000000000
12 -391.0000000000
16 -390.0000000000
17 -389.0000000000
18 -388.0000000000
20 -387.0000000000
21 -386.0000000000
22 -385.0000000000
23 -384.0000000000
24 -383.0000000000
25 -382.0000000000
27 -381.0000000000
29 -380.0000000000
31 -379.0000000000
32 -378.0000000000
34 -377.0000000000
35 -376.0000000000
37 -375.0000000000
38 -374.0000000000
41 -373.0000000000
42 -372.0000000000
43 -371.0000000000
44 -370.0000000000
47 -369.0000000000
48 -368.0000000000
49 -367.0000000000
50 -366.0000000000
55 -365.0000000000
59 -364.0000000000
61 -363.0000000000
62 -362.0000000000
65 -361.0000000000
67 -360.0000000000
69 -359.0000000000
70 -358.0000000000
72 -357.0000000000
74 -356.0000000000
75 -355.0000000000
77 -354.0000000000
79 -353.0000000000
81 -352.0000000000
82 -351.0000000000
86 -350.0000000000
87 -349.0000000000
89 -348.0000000000
90 -347.0000000000
94 -346.0000000000
95 -345.0000000000
96 -344.0000000000
99 -343.0000000000
100 -342.0000000000
104 -341.0000000000
109 -340.0000000000
112 -339.0000000000
115 -338.0000000000
117 -337.0000000000
125 -336.0000000000
128 -335.0000000000
129 -334.0000000000
132 -333.0000000000
143 -332.0000000000
145 -331.0000000000
146 -330.0000000000
147 -329.0000000000
150 -328.0000000000
152 -327.0000000000
154 -326.0000000000
156 -325.0000000000
157 -324.0000000000
158 -323.0000000000
159 -322.0000000000
160 -321.0000000000
166 -320.0000000000
168 -319.0000000000
170 -318.0000000000
171 -317.0000000000
172 -316.0000000000
176 -315.0000000000
180 -314.0000000000
182 -313.0000000000
183 -312.0000000000
186 -311.0000000000
187 -310.0000000000
189 -309.0000000000
191 -308.0000000000
193 -307.0000000000
194 -306.0000000000
195 -305.0000000000
196 -304.0000000000
198 -303.0000000000
200 -302.0000000000
203 -301.0000000000
205 -300.0000000000
207 -299.0000000000
208 -298.0000000000
209 -297.0000000000
210 -296.0000000000
214 -295.0000000000
216 -294.0000000000
217 -293.0000000000
218 -292.0000000000
219 -291.0000000000
221 -290.0000000000
225 -289.0000000000
227 -288.0000000000
228 -287.0000000000
230 -286.0000000000
233 -285.0000000000
234 -284.0000000000
235 -283.0000000000
239 -282.0000000000
240 -281.0000000000
246 -280.0000000000
247 -279.0000000000
249 -278.0000000000
254 -277.0000000000
256 -276.0000000000
259 -275.0000000000
260 -274.0000000000
262 -273.0000000000
263 -272.0000000000
267 -271.0000000000
275 -270.0000000000
284 -269.0000000000
290 -268.0000000000
296 -267.0000000000
299 -266.0000000000
300 -265.0000000000
302 -264.0000000000
303 -263.0000000000
305 -262.0000000000
313 -261.0000000000
319 -260.0000000000
321 -259.0000000000
323 -258.0000000000
324 -257.0000000000
329 -256.0000000000
331 -255.0000000000
333 -254.0000000000
334 -253.0000000000
337 -252.0000000000
338 -251.0000000000
342 -250.0000000000
343 -249.0000000000
346 -248.0000000000
351 -247.0000000000
354 -246.0000000000
356 -245.0000000000
359 -244.0000000000
362 -243.0000000000
364 -242.0000000000
367 -241.0000000000
368 -240.0000000000
374 -239.0000000000
378 -238.0000000000
380 -237.0000000000
383 -236.0000000000
393 -235.0000000000
396 -234.0000000000
397 -233.0000000000
398 -232.0000000000
400 -231.0000000000
404 -230.0000000000
405 -229.0000000000
406 -228.0000000000
410 -227.0000000000
412 -226.0000000000
414 -225.0000000000
417 -224.0000000000
419 -223.0000000000
424 -222.0000000000
427 -221.0000000000
429 -220.0000000000
430 -219.0000000000
440 -218.0000000000
445 -217.0000000000
446 -216.0000000000
447 -215.0000000000
457 -214.0000000000
462 -213.0000000000
464 -212.0000000000
468 -211.0000000000
470 -210.0000000000
472 -209.0000000000
484 -208.0000000000
488 -207.0000000000
489 -206.0000000000
490 -205.0000000000
491 -204.0000000000
492 -203.0000000000
500 -202.0000000000
503 -201.0000000000
510 -200.0000000000
522 -199.0000000000
524 -198.0000000000
525 -197.0000000000
528 -196.0000000000
529 -195.0000000000
533 -194.0000000000
538 -193.0000000000
546 -192.0000000000
555 -191.0000000000
559 -190.0000000000
565 -189.0000000000
567 -188.0000000000
569 -187.0000000000
597 -186.0000000000
608 -185.0000000000
617 -184.0000000000
618 -183.0000000000
622 -182.0000000000
623 -181.0000000000
636 -180.0000000000
642 -179.0000000000
644 -178.0000000000
653 -177.0000000000
658 -176.0000000000
664 -175.0000000000
665 -174.0000000000
667 -173.0000000000
672 -172.0000000000
675 -171.0000000000
679 -170.0000000000
698 -169.0000000000
703 -168.0000000000
709 -167.0000000000
712 -166.0000000000
716 -165.0000000000
725 -164.0000000000
734 -163.0000000000
736 -162.0000000000
745 -161.0000000000
746 -160.0000000000
754 -159.0000000000
763 -158.0000000000
767 -157.0000000000
768 -156.0000000000
774 -155.0000000000
782 -154.0000000000
784 -153.0000000000
793 -152.0000000000
796 -151.0000000000
799 -150.0000000000
801 -149.0000000000
802 -148.0000000000
813 -147.0000000000
822 -146.0000000000
823 -145.0000000000
825 -144.0000000000
831 -143.0000000000
838 -142.0000000000
839 -141.0000000000
847 -140.0000000000
853 -139.0000000000
857 -138.0000000000
867 -137.0000000000
871 -136.0000000000
878 -135.0000000000
887 -134.0000000000
892 -133.0000000000
905 -132.0000000000
914 -131.0000000000
926 -130.0000000000
931 -129.0000000000
936 -128.0000000000
945 -127.0000000000
948 -126.0000000000
954 -125.0000000000
956 -124.0000000000
959 -123.0000000000
971 -122.0000000000
993 -121.0000000000
994 -120.0000000000
999 -119.0000000000
1010 -118.0000000000
1039 -117.0000000000
1045 -116.0000000000
1048 -115.0000000000
1049 -114.0000000000
1053 -113.0000000000
1054 -112.0000000000
1056 -111.0000000000
1059 -110.0000000000
1073 -109.0000000000
1074 -108.0000000000
1077 -107.0000000000
1084 -106.0000000000
1101 -105.0000000000
1107 -104.0000000000
1108 -103.0000000000
1122 -102.0000000000
1131 -101.0000000000
1138 -100.0000000000
1146 -99.0000000000
1155 -98.0000000000
1157 -97.0000000000
1164 -96.0000000000
1169 -95.0000000000
1176 -94.0000000000
1185 -93.0000000000
1191 -92.0000000000
1200 -91.0000000000
1202 -90.0000000000
1205 -89.0000000000
1210 -88.0000000000
1212 -87.0000000000
1225 -86.0000000000
1229 -85.0000000000
1234 -84.0000000000
1250 -83.0000000000
1256 -82.0000000000
1258 -81.0000000000
1260 -80.0000000000
1261 -79.0000000000
1270 -78.0000000000
1273 -77.0000000000
1281 -76.0000000000
1283 -75.0000000000
1285 -74.0000000000
1286 -73.0000000000
1295 -72.0000000000
1300 -71.0000000000
1301 -70.0000000000
1321 -69.0000000000
1329 -68.0000000000
1339 -67.0000000000
1340 -66.0000000000
1346 -65.0000000000
1354 -64.0000000000
1366 -63.0000000000
1376 -62.0000000000
1382 -61.0000000000
1387 -60.0000000000
1390 -59.0000000000
1403 -58.0000000000
1411 -57.0000000000
1414 -56.0000000000
1418 -55.0000000000
1425 -54.0000000000
1448 -53.0000000000
1465 -52.0000000000
1471 -51.0000000000
1477 -50.0000000000
1500 -49.0000000000
1515 -48.0000000000
1536 -47.0000000000
1538 -46.0000000000
1547 -45.0000000000
1554 -44.0000000000
1555 -43.0000000000
1568 -42.0000000000
1581 -41.0000000000
1598 -40.0000000000
1625 -39.0000000000
1651 -38.0000000000
1662 -37.0000000000
1684 -36.0000000000
1687 -35.0000000000
1691 -34.0000000000
1697 -33.0000000000
1707 -32.0000000000
1717 -31.0000000000
1738 -30.0000000000
1754 -29.0000000000
1796 -28.0000000000
1817 -27.0000000000
1832 -26.0000000000
1842 -25.0000000000
1866 -24.0000000000
1872 -23.0000000000
1879 -22.0000000000
1881 -21.0000000000
1886 -20.0000000000
1888 -19.0000000000
1910 -18.0000000000
1913 -17.0000000000
1924 -16.0000000000
1935 -15.0000000000
1943 -14.0000000000
1949 -13.0000000000
1978 -12.0000000000
1999 -11.0000000000
2040 -10.0000000000
2089 -9.0000000000
2092 -8.0000000000
2120 -7.0000000000
2214 -6.0000000000
2337 -5.0000000000
2361 -4.0000000000
2393 -3.0000000000
2404 -2.0000000000
2408 -1.0000000000
2425 552.0000000000
100000 -1.0000000000
evaluations raw_y
1 -350.0000000000
8 -349.0000000000
11 -348.0000000000
13 -347.0000000000
18 -346.0000000000
19 -345.0000000000
21 -344.0000000000
23 -343.0000000000
24 -342.0000000000
26 -341.0000000000
30 -340.0000000000
33 -339.0000000000
35 -338.0000000000
40 -337.0000000000
41 -336.0000000000
42 -335.0000000000
43 -334.0000000000
44 -333.0000000000
47 -332.0000000000
49 -331.0000000000
52 -330.0000000000
55 -329.0000000000
56 -328.0000000000
57 -327.0000000000
60 -326.0000000000
61 -325.0000000000
63 -324.0000000000
64 -323.0000000000
67 -322.0000000000
69 -321.0000000000
71 -320.0000000000
75 -319.0000000000
76 -318.0000000000
79 -317.0000000000
87 -316.0000000000
88 -315.0000000000
89 -314.0000000000
92 -313.0000000000
95 -312.0000000000
97 -311.0000000000
100 -310.0000000000
102 -309.0000000000
103 -308.0000000000
104 -307.0000000000
108 -306.0000000000
109 -305.0000000000
110 -304.0000000000
111 -303.0000000000
112 -302.0000000000
118 -301.0000000000
119 -300.0000000000
124 -299.0000000000
127 -298.0000000000
131 -297.0000000000
133 -296.0000000000
134 -295.0000000000
136 -294.0000000000
142 -293.0000000000
143 -292.0000000000
150 -291.0000000000
151 -290.0000000000
158 -289.0000000000
159 -288.0000000000
160 -287.0000000000
162 -286.0000000000
163 -285.0000000000
164 -284.0000000000
165 -283.0000000000
168 -282.0000000000
169 -281.0000000000
174 -280.0000000000
176 -279.0000000000
177 -278.0000000000
179 -277.0000000000
180 -276.0000000000
181 -275.0000000000
187 -274.0000000000
188 -273.0000000000
189 -272.0000000000
191 -271.0000000000
192 -270.0000000000
193 -269.0000000000
196 -268.0000000000
208 -267.0000000000
210 -266.0000000000
218 -265.0000000000
219 -264.0000000000
220 -263.0000000000
224 -262.0000000000
231 -261.0000000000
233 -260.0000000000
242 -259.0000000000
243 -258.0000000000
244 -257.0000000000
245 -256.0000000000
246 -255.0000000000
256 -254.0000000000
258 -253.0000000000
259 -252.0000000000
261 -251.0000000000
262 -250.0000000000
263 -249.0000000000
265 -248.0000000000
268 -247.0000000000
269 -246.0000000000
276 -245.0000000000
279 -244.0000000000
286 -243.0000000000
287 -242.0000000000
288 -241.0000000000
297 -240.0000000000
298 -239.0000000000
304 -238.0000000000
305 -237.0000000000
307 -236.0000000000
312 -235.0000000000
314 -234.0000000000
316 -233.0000000000
321 -232.0000000000
323 -231.0000000000
324 -230.0000000000
327 -229.0000000000
328 -228.0000000000
332 -227.0000000000
335 -226.0000000000
338 -225.0000000000
343 -224.0000000000
346 -223.0000000000
349 -222.0000000000
351 -221.0000000000
358 -220.0000000000
362 -219.0000000000
365 -218.0000000000
369 -217.0000000000
370 -216.0000000000
376 -215.0000000000
379 -214.0000000000
381 -213.0000000000
383 -212.0000000000
387 -211.0000000000
389 -210.0000000000
390 -209.0000000000
392 -208.0000000000
393 -207.0000000000
395 -206.0000000000
401 -205.0000000000
404 -204.0000000000
406 -203.0000000000
407 -202.0000000000
413 -201.0000000000
414 -200.0000000000
415 -199.0000000000
421 -198.0000000000
423 -197.0000000000
425 -196.0000000000
429 -195.0000000000
432 -194.0000000000
433 -193.0000000000
439 -192.0000000000
440 -191.0000000000
442 -190.0000000000
443 -189.0000000000
444 -188.0000000000
453 -187.0000000000
456 -186.0000000000
463 -185.0000000000
464 -184.0000000000
472 -183.0000000000
475 -182.0000000000
477 -181.0000000000
481 -180.0000000000
483 -179.0000000000
488 -178.0000000000
489 -177.0000000000
494 -176.0000000000
499 -175.0000000000
501 -174.0000000000
502 -173.0000000000
511 -172.0000000000
515 -171.0000000000
521 -170.0000000000
525 -169.0000000000
527 -168.0000000000
538 -167.0000000000
545 -166.0000000000
549 -165.0000000000
555 -164.0000000000
557 -163.0000000000
558 -162.0000000000
560 -161.0000000000
563 -160.0000000000
564 -159.0000000000
567 -158.0000000000
573 -157.0000000000
584 -156.0000000000
592 -155.0000000000
594 -154.0000000000
596 -153.0000000000
606 -152.0000000000
608 -151.0000000000
617 -150.0000000000
619 -149.0000000000
622 -148.0000000000
624 -147.0000000000
629 -146.0000000000
635 -145.0000000000
638 -144.0000000000
644 -143.0000000000
647 -142.0000000000
648 -141.0000000000
649 -140.0000000000
654 -139.0000000000
659 -138.0000000000
690 -137.0000000000
695 -136.0000000000
697 -135.0000000000
706 -134.0000000000
708 -133.0000000000
716 -132.0000000000
718 -131.0000000000
724 -130.0000000000
730 -129.0000000000
734 -128.0000000000
738 -127.0000000000
741 -126.0000000000
748 -125.0000000000
754 -124.0000000000
757 -123.0000000000
762 -122.0000000000
763 -121.0000000000
766 -120.0000000000
775 -119.0000000000
783 -118.0000000000
790 -117.0000000000
793 -116.0000000000
796 -115.0000000000
829 -114.0000000000
855 -113.0000000000
862 -112.0000000000
865 -111.0000000000
866 -110.0000000000
870 -109.0000000000
872 -108.0000000000
878 -107.0000000000
894 -106.0000000000
897 -105.0000000000
903 -104.0000000000
906 -103.0000000000
911 -102.0000000000
915 -101.0000000000
916 -100.0000000000
922 -99.0000000000
940 -98.0000000000
951 -97.0000000000
971 -96.0000000000
979 -95.0000000000
982 -94.0000000000
986 -93.0000000000
989 -92.0000000000
1005 -91.0000000000
1010 -90.0000000000
1012 -89.0000000000
1015 -88.0000000000
1045 -87.0000000000
1051 -86.0000000000
1064 -85.0000000000
1081 -84.0000000000
1085 -83.0000000000
1101 -82.0000000000
1103 -81.0000000000
1114 -80.0000000000
1122 -79.0000000000
1129 -78.0000000000
1139 -77.0000000000
1149 -76.0000000000
1164 -75.0000000000
1190 -74.0000000000
1192 -73.0000000000
1193 -72.0000000000
1197 -71.0000000000
1206 -70.0000000000
1216 -69.0000000000
1222 -68.0000000000
1235 -67.0000000000
1238 -66.0000000000
1249 -65.0000000000
1255 -64.0000000000
1258 -63.0000000000
1266 -62.0000000000
1285 -61.0000000000
1324 -60.0000000000
1328 -59.0000000000
1342 -58.0000000000
1361 -57.0000000000
1381 -56.0000000000
1391 -55.0000000000
1417 -54.0000000000
1421 -53.0000000000
1438 -52.0000000000
1439 -51.0000000000
1452 -50.0000000000
1477 -49.0000000000
1481 -48.0000000000
1505 -47.0000000000
1507 -46.0000000000
1508 -45.0000000000
1511 -44.0000000000
1516 -43.0000000000
1517 -42.0000000000
1520 -41.0000000000
1522 -40.0000000000
1542 -39.0000000000
1568 -38.0000000000
1574 -37.0000000000
1579 -36.0000000000
1582 -35.0000000000
1583 -34.0000000000
1612 -33.0000000000
1627 -32.0000000000
1633 -31.0000000000
1641 -30.0000000000
1665 -29.0000000000
1667 -28.0000000000
1696 -27.0000000000
1702 -26.0000000000
1719 -25.0000000000
1732 -24.0000000000
1757 -23.0000000000
1766 -22.0000000000
1772 -21.0000000000
1780 -20.0000000000
1801 -19.0000000000
1811 -18.0000000000
1858 -17.0000000000
1898 -16.0000000000
1918 -15.0000000000
1931 -14.0000000000
1942 -13.0000000000
1943 -12.0000000000
2005 -11.0000000000
2019 -10.0000000000
2053 -9.0000000000
2154 -8.0000000000
2191 -7.0000000000
2259 -6.0000000000
2294 -5.0000000000
2487 -4.0000000000
2531 -3.0000000000
2568 -2.0000000000
2690 -1.0000000000
2698 654.0000000000
100000 -1.0000000000
evaluations raw_y
1 -359.0000000000
4 -358.0000000000
6 -357.0000000000
7 -356.0000000000
13 -355.0000000000
21 -354.0000000000
26 -353.0000000000
27 -352.0000000000
29 -351.0000000000
32 -350.0000000000
34 -349.0000000000
38 -348.0000000000
39 -347.0000000000
41 -346.0000000000
46 -345.0000000000
50 -344.0000000000
51 -343.0000000000
52 -342.0000000000
53 -341.0000000000
55 -340.0000000000
56 -339.0000000000
58 -338.0000000000
63 -337.0000000000
67 -336.0000000000
70 -335.0000000000
71 -334.0000000000
73 -333.0000000000
74 -332.0000000000
79 -331.0000000000
84 -330.0000000000
86 -329.0000000000
89 -328.0000000000
94 -327.0000000000
96 -326.0000000000
98 -325.0000000000
99 -324.0000000000
101 -323.0000000000
102 -322.0000000000
104 -321.0000000000
105 -320.0000000000
106 -319.0000000000
113 -318.0000000000
116 -317.0000000000
117 -316.0000000000
121 -315.0000000000
122 -314.0000000000
127 -313.0000000000
128 -312.0000000000
129 -311.0000000000
130 -310.0000000000
132 -309.0000000000
133 -308.0000000000
134 -307.0000000000
136 -306.0000000000
137 -305.0000000000
144 -304.0000000000
145 -303.0000000000
146 -302.0000000000
148 -301.0000000000
151 -300.0000000000
152 -299.0000000000
153 -298.0000000000
164 -297.0000000000
165 -296.0000000000
166 -295.0000000000
169 -294.0000000000
170 -293.0000000000
171 -292.0000000000
172 -291.0000000000
178 -290.0000000000
182 -289.0000000000
189 -288.0000000000
191 -287.0000000000
195 -286.0000000000
199 -285.0000000000
202 -284.0000000000
204 -283.0000000000
208 -282.0000000000
209 -281.0000000000
213 -280.0000000000
215 -279.0000000000
217 -278.0000000000
219 -277.0000000000
224 -276.0000000000
226 -275.0000000000
231 -274.0000000000
232 -273.0000000000
233 -272.0000000000
235 -271.0000000000
236 -270.0000000000
237 -269.0000000000
238 -268.0000000000
252 -267.0000000000
253 -266.0000000000
261 -265.0000000000
266 -264.0000000000
271 -263.0000000000
273 -262.0000000000
276 -261.0000000000
280 -260.0000000000
281 -259.0000000000
282 -258.0000000000
284 -257.0000000000
285 -256.0000000000
287 -255.0000000000
292 -254.0000000000
298 -253.0000000000
300 -252.0000000000
302 -251.0000000000
304 -250.0000000000
307 -249.0000000000
311 -248.0000000000
320 -247.0000000000
321 -246.0000000000
323 -245.0000000000
324 -244.0000000000
325 -243.0000000000
327 -242.0000000000
332 -241.0000000000
338 -240.0000000000
341 -239.0000000000
343 -238.0000000000
347 -237.0000000000
348 -236.0000000000
350 -235.0000000000
356 -234.0000000000
361 -233.0000000000
363 -232.0000000000
366 -231.0000000000
368 -230.0000000000
376 -229.0000000000
378 -228.0000000000
382 -227.0000000000
385 -226.0000000000
386 -225.0000000000
387 -224.0000000000
388 -223.0000000000
390 -222.0000000000
391 -221.0000000000
394 -220.0000000000
395 -219.0000000000
396 -218.0000000000
397 -217.0000000000
399 -216.0000000000
406 -215.0000000000
408 -214.0000000000
414 -213.0000000000
418 -212.0000000000
430 -211.0000000000
431 -210.0000000000
432 -209.0000000000
438 -208.0000000000
439 -207.0000000000
441 -206.0000000000
445 -205.0000000000
451 -204.0000000000
453 -203.0000000000
456 -202.0000000000
461 -201.0000000000
462 -200.0000000000
463 -199.0000000000
465 -198.0000000000
470 -197.0000000000
471 -196.0000000000
480 -195.0000000000
482 -194.0000000000
483 -193.0000000000
486 -192.0000000000
487 -191.0000000000
492 -190.0000000000
493 -189.0000000000
503 -188.0000000000
505 -187.0000000000
509 -186.0000000000
511 -185.0000000000
514 -184.0000000000
518 -183.0000000000
519 -182.0000000000
522 -181.0000000000
523 -180.0000000000
524 -179.0000000000
529 -178.0000000000
530 -177.0000000000
532 -176.0000000000
533 -175.0000000000
542 -174.0000000000
543 -173.0000000000
546 -172.0000000000
552 -171.0000000000
553 -170.0000000000
556 -169.0000000000
560 -168.0000000000
564 -167.0000000000
569 -166.0000000000
574 -165.0000000000
580 -164.0000000000
586 -163.0000000000
590 -162.0000000000
592 -161.0000000000
593 -160.0000000000
596 -159.0000000000
597 -158.0000000000
599 -157.0000000000
606 -156.0000000000
609 -155.0000000000
614 -154.0000000000
621 -153.0000000000
623 -152.0000000000
625 -151.0000000000
628 -150.0000000000
630 -149.0000000000
632 -148.0000000000
637 -147.0000000000
638 -146.0000000000
642 -145.0000000000
649 -144.0000000000
666 -143.0000000000
669 -142.0000000000
670 -141.0000000000
673 -140.0000000000
674 -139.0000000000
678 -138.0000000000
687 -137.0000000000
692 -136.0000000000
695 -135.0000000000
708 -134.0000000000
720 -133.0000000000
725 -132.0000000000
734 -131.0000000000
737 -130.0000000000
741 -129.0000000000
744 -128.0000000000
748 -127.0000000000
749 -126.0000000000
750 -125.0000000000
756 -124.0000000000
774 -123.0000000000
777 -122.0000000000
781 -121.0000000000
784 -120.0000000000
795 -119.0000000000
797 -118.0000000000
798 -117.0000000000
802 -116.0000000000
830 -115.0000000000
834 -114.0000000000
846 -113.0000000000
854 -112.0000000000
876 -111.0000000000
879 -110.0000000000
883 -109.0000000000
898 -108.0000000000
900 -107.0000000000
905 -106.0000000000
910 -105.0000000000
911 -104.0000000000
916 -103.0000000000
917 -102.0000000000
923 -101.0000000000
926 -100.0000000000
929 -99.0000000000
931 -98.0000000000
935 -97.0000000000
948 -96.0000000000
962 -95.0000000000
965 -94.0000000000
973 -93.0000000000
976 -92.0000000000
989 -91.0000000000
1006 -90.0000000000
1027 -89.0000000000
1035 -88.0000000000
1036 -87.0000000000
1047 -86.0000000000
1049 -85.0000000000
1079 -84.0000000000
1094 -83.0000000000
1095 -82.0000000000
1096 -81.0000000000
1102 -80.0000000000
1118 -79.0000000000
1129 -78.0000000000
1142 -77.0000000000
1148 -76.0000000000
1159 -75.0000000000
1161 -74.0000000000
1175 -73.0000000000
1177 -72.0000000000
1182 -71.0000000000
1194 -70.0000000000
1215 -69.0000000000
1230 -68.0000000000
1233 -67.0000000000
1236 -66.0000000000
1247 -65.0000000000
1248 -64.0000000000
1255 -63.0000000000
1289 -62.0000000000
1294 -61.0000000000
1304 -60.0000000000
1306 -59.0000000000
1316 -58.0000000000
1344 -57.0000000000
1346 -56.0000000000
1379 -55.0000000000
1398 -54.0000000000
1401 -53.0000000000
1406 -52.0000000000
1424 -51.0000000000
1429 -50.0000000000
1436 -49.0000000000
1443 -48.0000000000
1447 -47.0000000000
1451 -46.0000000000
1457 -45.0000000000
1462 -44.0000000000
1470 -43.0000000000
1485 -42.0000000000
1491 -41.0000000000
1500 -40.0000000000
1504 -39.0000000000
1514 -38.0000000000
1521 -37.0000000000
1528 -36.0000000000
1563 -35.0000000000
1620 -34.0000000000
1645 -33.0000000000
1650 -32.0000000000
1652 -31.0000000000
1666 -30.0000000000
1672 -29.0000000000
1680 -28.0000000000
1701 -27.0000000000
1706 -26.0000000000
1712 -25.0000000000
1725 -24.0000000000
1727 -23.0000000000
1742 -22.0000000000
1846 -21.0000000000
1852 -20.0000000000
1859 -19.0000000000
1865 -18.0000000000
1939 -17.0000000000
1953 -16.0000000000
1969 -15.0000000000
1972 -14.0000000000
1995 -13.0000000000
2055 -12.0000000000
2056 -11.0000000000
2090 -10.0000000000
2149 -9.0000000000
2159 -8.0000000000
2213 -7.0000000000
2216 -6.0000000000
2272 -5.0000000000
2456 -4.0000000000
2491 -3.0000000000
2587 -2.0000000000
2619 -1.0000000000
2802 582.0000000000
100000 -1.0000000000
evaluations raw_y
1 -361.0000000000
2 -360.0000000000
3 -359.0000000000
5 -358.0000000000
6 -357.0000000000
9 -356.0000000000
11 -355.0000000000
19 -354.0000000000
21 -353.0000000000
24 -352.0000000000
25 -351.0000000000
29 -350.0000000000
30 -349.0000000000
33 -348.0000000000
35 -347.0000000000
37 -346.0000000000
39 -345.0000000000
44 -344.0000000000
46 -343.0000000000
48 -342.0000000000
49 -341.0000000000
50 -340.0000000000
51 -339.0000000000
52 -338.0000000000
54 -337.0000000000
56 -336.0000000000
57 -335.0000000000
60 -334.0000000000
64 -333.0000000000
67 -332.0000000000
69 -331.0000000000
73 -330.0000000000
75 -329.0000000000
76 -328.0000000000
80 -327.0000000000
81 -326.0000000000
82 -325.0000000000
86 -324.0000000000
87 -323.0000000000
90 -322.0000000000
91 -321.0000000000
94 -320.0000000000
95 -319.0000000000
96 -318.0000000000
103 -317.0000000000
106 -316.0000000000
108 -315.0000000000
109 -314.0000000000
111 -313.0000000000
113 -312.0000000000
115 -311.0000000000
116 -310.0000000000
120 -309.0000000000
121 -308.0000000000
124 -307.0000000000
131 -306.0000000000
132 -305.0000000000
138 -304.0000000000
140 -303.0000000000
141 -302.0000000000
144 -301.0000000000
152 -300.0000000000
153 -299.0000000000
158 -298.0000000000
159 -297.0000000000
161 -296.0000000000
165 -295.0000000000
167 -294.0000000000
171 -293.0000000000
172 -292.0000000000
177 -291.0000000000
178 -290.0000000000
180 -289.0000000000
183 -288.0000000000
185 -287.0000000000
186 -286.0000000000
187 -285.0000000000
188 -284.0000000000
191 -283.0000000000
193 -282.0000000000
196 -281.0000000000
197 -280.0000000000
198 -279.0000000000
199 -278.0000000000
202 -277.0000000000
204 -276.0000000000
206 -275.0000000000
209 -274.0000000000
210 -273.0000000000
217 -272.0000000000
219 -271.0000000000
227 -270.0000000000
228 -269.0000000000
232 -268.0000000000
234 -267.0000000000
238 -266.0000000000
239 -265.0000000000
240 -264.0000000000
243 -263.0000000000
244 -262.0000000000
248 -261.0000000000
249 -260.0000000000
252 -259.0000000000
255 -258.0000000000
257 -257.0000000000
258 -256.0000000000
265 -255.0000000000
270 -254.0000000000
271 -253.0000000000
278 -252.0000000000
279 -251.0000000000
281 -250.0000000000
282 -249.0000000000
283 -248.0000000000
288 -247.0000000000
291 -246.0000000000
292 -245.0000000000
294 -244.0000000000
299 -243.0000000000
301 -242.0000000000
307 -241.0000000000
308 -240.0000000000
309 -239.0000000000
311 -238.0000000000
313 -237.0000000000
315 -236.0000000000
316 -235.0000000000
318 -234.0000000000
319 -233.0000000000
320 -232.0000000000
325 -231.0000000000
330 -230.0000000000
341 -229.0000000000
347 -228.0000000000
352 -227.0000000000
355 -226.0000000000
366 -225.0000000000
367 -224.0000000000
368 -223.0000000000
373 -222.0000000000
376 -221.0000000000
378 -220.0000000000
379 -219.0000000000
384 -218.0000000000
389 -217.0000000000
399 -216.0000000000
401 -215.0000000000
403 -214.0000000000
405 -213.0000000000
406 -212.0000000000
414 -211.0000000000
418 -210.0000000000
435 -209.0000000000
444 -208.0000000000
445 -207.0000000000
450 -206.0000000000
451 -205.0000000000
455 -204.0000000000
459 -203.0000000000
461 -202.0000000000
469 -201.0000000000
471 -200.0000000000
475 -199.0000000000
476 -198.0000000000
477 -197.0000000000
486 -196.0000000000
491 -195.0000000000
492 -194.0000000000
497 -193.0000000000
500 -192.0000000000
502 -191.0000000000
503 -190.0000000000
505 -189.0000000000
508 -188.0000000000
509 -187.0000000000
511 -186.0000000000
515 -185.0000000000
516 -184.0000000000
518 -183.0000000000
524 -182.0000000000
525 -181.0000000000
529 -180.0000000000
531 -179.0000000000
532 -178.0000000000
533 -177.0000000000
536 -176.0000000000
539 -175.0000000000
540 -174.0000000000
542 -173.0000000000
549 -172.0000000000
550 -171.0000000000
552 -170.0000000000
557 -169.0000000000
559 -168.0000000000
564 -167.0000000000
565 -166.0000000000
566 -165.0000000000
586 -164.0000000000
588 -163.0000000000
589 -162.0000000000
591 -161.0000000000
592 -160.0000000000
594 -159.0000000000
601 -158.0000000000
610 -157.0000000000
615 -156.0000000000
621 -155.0000000000
622 -154.0000000000
623 -153.0000000000
638 -152.0000000000
645 -151.0000000000
647 -150.0000000000
651 -149.0000000000
652 -148.0000000000
658 -147.0000000000
660 -146.0000000000
670 -145.0000000000
678 -144.0000000000
682 -143.0000000000
686 -142.0000000000
689 -141.0000000000
694 -140.0000000000
706 -139.0000000000
707 -138.0000000000
714 -137.0000000000
715 -136.0000000000
719 -135.0000000000
720 -134.0000000000
729 -133.0000000000
730 -132.0000000000
732 -131.0000000000
736 -130.0000000000
753 -129.0000000000
757 -128.0000000000
760 -127.0000000000
784 -126.0000000000
789 -125.0000000000
791 -124.0000000000
792 -123.0000000000
793 -122.0000000000
795 -121.0000000000
796 -120.0000000000
797 -119.0000000000
799 -118.0000000000
801 -117.0000000000
805 -116.0000000000
808 -115.0000000000
814 -114.0000000000
817 -113.0000000000
828 -112.0000000000
839 -111.0000000000
846 -110.0000000000
854 -109.0000000000
865 -108.0000000000
869 -107.0000000000
875 -106.0000000000
896 -105.0000000000
899 -104.0000000000
900 -103.0000000000
903 -102.0000000000
908 -101.0000000000
910 -100.0000000000
914 -99.0000000000
922 -98.0000000000
935 -97.0000000000
967 -96.0000000000
969 -95.0000000000
971 -94.0000000000
976 -93.0000000000
991 -92.0000000000
992 -91.0000000000
993 -90.0000000000
999 -89.0000000000
1009 -88.0000000000
1010 -87.0000000000
1011 -86.0000000000
1012 -85.0000000000
1013 -84.0000000000
1015 -83.0000000000
1023 -82.0000000000
1034 -81.0000000000
1040 -80.0000000000
1060 -79.0000000000
1071 -78.0000000000
1089 -77.0000000000
1091 -76.0000000000
1100 -75.0000000000
1102 -74.0000000000
1103 -73.0000000000
1117 -72.0000000000
1122 -71.0000000000
1129 -70.0000000000
1146 -69.0000000000
1155 -68.0000000000
1156 -67.0000000000
1161 -66.0000000000
1178 -65.0000000000
1200 -64.0000000000
1216 -63.0000000000
1232 -62.0000000000
1251 -61.0000000000
1252 -60.0000000000
1254 -59.0000000000
1260 -58.0000000000
1272 -57.0000000000
1273 -56.0000000000
1274 -55.0000000000
1285 -54.0000000000
1291 -53.0000000000
1295 -52.0000000000
1299 -51.0000000000
1301 -50.0000000000
1324 -49.0000000000
1331 -48.0000000000
1341 -47.0000000000
1354 -46.0000000000
1356 -45.0000000000
1362 -44.0000000000
1388 -43.0000000000
1430 -42.0000000000
1462 -41.0000000000
1469 -40.0000000000
1476 -39.0000000000
1507 -38.0000000000
1514 -37.0000000000
1539 -36.0000000000
1558 -35.0000000000
1559 -34.0000000000
1564 -33.0000000000
1566 -32.0000000000
1583 -31.0000000000
1606 -30.0000000000
1613 -29.0000000000
1622 -28.0000000000
1633 -27.0000000000
1642 -26.0000000000
1645 -25.0000000000
1660 -24.0000000000
1690 -23.0000000000
1707 -22.0000000000
1721 -21.0000000000
1730 -20.0000000000
1774 -19.0000000000
1796 -18.0000000000
1797 -17.0000000000
1938 -16.0000000000
1956 -15.0000000000
1961 -14.0000000000
2054 -13.0000000000
2062 -12.0000000000
2068 -11.0000000000
2077 -10.0000000000
2111 -9.0000000000
2134 -8.0000000000
2227 -7.0000000000
2288 -6.0000000000
2335 -5.0000000000
2429 -4.0000000000
2459 -3.0000000000
2527 -2.0000000000
2557 -1.0000000000
2613 598.0000000000
100000 -1.0000000000
evaluations raw_y
1 -374.0000000000
2 -373.0000000000
5 -372.0000000000
6 -371.0000000000
8 -370.0000000000
9 -369.0000000000
11 -368.0000000000
13 -367.0000000000
14 -366.0000000000
17 -365.0000000000
18 -364.0000000000
20 -363.0000000000
21 -362.0000000000
22 -361.0000000000
23 -360.0000000000
28 -359.0000000000
30 -358.0000000000
32 -357.0000000000
34 -356.0000000000
35 -355.0000000000
36 -354.0000000000
38 -353.0000000000
40 -352.0000000000
43 -351.0000000000
44 -350.0000000000
47 -349.0000000000
52 -348.0000000000
53 -347.0000000000
54 -346.0000000000
57 -345.0000000000
61 -344.0000000000
65 -343.0000000000
66 -342.0000000000
68 -341.0000000000
69 -340.0000000000
71 -339.0000000000
72 -338.0000000000
74 -337.0000000000
76 -336.0000000000
79 -335.0000000000
82 -334.0000000000
84 -333.0000000000
88 -332.0000000000
92 -331.0000000000
94 -330.0000000000
96 -329.0000000000
98 -328.0000000000
100 -327.0000000000
101 -326.0000000000
104 -325.0000000000
105 -324.0000000000
106 -323.0000000000
107 -322.0000000000
110 -321.0000000000
113 -320.0000000000
119 -319.0000000000
120 -318.0000000000
124 -317.0000000000
125 -316.0000000000
128 -315.0000000000
130 -314.0000000000
131 -313.0000000000
132 -312.0000000000
133 -311.0000000000
135 -310.0000000000
138 -309.0000000000
142 -308.0000000000
143 -307.0000000000
144 -306.0000000000
145 -305.0000000000
147 -304.0000000000
152 -303.0000000000
154 -302.0000000000
155 -301.0000000000
157 -300.0000000000
158 -299.0000000000
161 -298.0000000000
164 -297.0000000000
167 -296.0000000000
169 -295.0000000000
171 -294.0000000000
172 -293.0000000000
173 -292.0000000000
174 -291.0000000000
178 -290.0000000000
179 -289.0000000000
185 -288.0000000000
186 -287.0000000000
190 -286.0000000000
191 -285.0000000000
199 -284.0000000000
205 -283.0000000000
209 -282.0000000000
213 -281.0000000000
217 -280.0000000000
218 -279.0000000000
219 -278.0000000000
221 -277.0000000000
222 -276.0000000000
223 -275.0000000000
224 -274.0000000000
226 -273.0000000000
232 -272.0000000000
234 -271.0000000000
238 -270.0000000000
243 -269.0000000000
246 -268.0000000000
249 -267.0000000000
251 -266.0000000000
259 -265.0000000000
261 -264.0000000000
267 -263.0000000000
272 -262.0000000000
275 -261.0000000000
277 -260.0000000000
278 -259.0000000000
279 -258.0000000000
280 -257.0000000000
286 -256.0000000000
287 -255.0000000000
290 -254.0000000000
295 -253.0000000000
304 -252.0000000000
305 -251.0000000000
306 -250.0000000000
308 -249.0000000000
309 -248.0000000000
310 -247.0000000000
314 -246.0000000000
315 -245.0000000000
320 -244.0000000000
321 -243.0000000000
322 -242.0000000000
324 -241.0000000000
325 -240.0000000000
327 -239.0000000000
332 -238.0000000000
335 -237.0000000000
350 -236.0000000000
351 -235.0000000000
352 -234.0000000000
356 -233.0000000000
358 -232.0000000000
369 -231.0000000000
371 -230.0000000000
374 -229.0000000000
385 -228.0000000000
386 -227.0000000000
388 -226.0000000000
390 -225.0000000000
393 -224.0000000000
395 -223.0000000000
397 -222.0000000000
400 -221.0000000000
404 -220.0000000000
414 -219.0000000000
415 -218.0000000000
416 -217.0000000000
418 -216.0000000000
421 -215.0000000000
424 -214.0000000000
430 -213.0000000000
439 -212.0000000000
446 -211.0000000000
450 -210.0000000000
454 -209.0000000000
457 -208.0000000000
458 -207.0000000000
462 -206.0000000000
468 -205.0000000000
470 -204.0000000000
472 -203.0000000000
473 -202.0000000000
474 -201.0000000000
486 -200.0000000000
487 -199.0000000000
488 -198.0000000000
493 -197.0000000000
501 -196.0000000000
509 -195.0000000000
510 -194.0000000000
512 -193.0000000000
513 -192.0000000000
520 -191.0000000000
524 -190.0000000000
528 -189.0000000000
532 -188.0000000000
539 -187.0000000000
551 -186.0000000000
552 -185.0000000000
554 -184.0000000000
560 -183.0000000000
565 -182.0000000000
569 -181.0000000000
571 -180.0000000000
577 -179.0000000000
583 -178.0000000000
584 -177.0000000000
587 -176.0000000000
588 -175.0000000000
591 -174.0000000000
592 -173.0000000000
595 -172.0000000000
599 -171.0000000000
605 -170.0000000000
606 -169.0000000000
611 -168.0000000000
626 -167.0000000000
628 -166.0000000000
633 -165.0000000000
634 -164.0000000000
640 -163.0000000000
646 -162.0000000000
649 -161.0000000000
652 -160.0000000000
657 -159.0000000000
659 -158.0000000000
662 -157.0000000000
666 -156.0000000000
671 -155.0000000000
677 -154.0000000000
680 -153.0000000000
688 -152.0000000000
691 -151.0000000000
697 -150.0000000000
702 -149.0000000000
706 -148.0000000000
709 -147.0000000000
717 -146.0000000000
725 -145.0000000000
726 -144.0000000000
728 -143.0000000000
731 -142.0000000000
738 -141.0000000000
743 -140.0000000000
748 -139.0000000000
757 -138.0000000000
760 -137.0000000000
779 -136.0000000000
780 -135.0000000000
781 -134.0000000000
796 -133.0000000000
798 -132.0000000000
810 -131.0000000000
813 -130.0000000000
816 -129.0000000000
820 -128.0000000000
837 -127.0000000000
839 -126.0000000000
840 -125.0000000000
842 -124.0000000000
843 -123.0000000000
846 -122.0000000000
848 -121.0000000000
851 -120.0000000000
852 -119.0000000000
858 -118.0000000000
861 -117.0000000000
864 -116.0000000000
882 -115.0000000000
887 -114.0000000000
902 -113.0000000000
903 -112.0000000000
907 -111.0000000000
910 -110.0000000000
915 -109.0000000000
918 -108.0000000000
921 -107.0000000000
932 -106.0000000000
933 -105.0000000000
939 -104.0000000000
949 -103.0000000000
953 -102.0000000000
963 -101.0000000000
965 -100.0000000000
966 -99.0000000000
973 -98.0000000000
979 -97.0000000000
992 -96.0000000000
1001 -95.0000000000
1013 -94.0000000000
1020 -93.0000000000
1025 -92.0000000000
1027 -91.0000000000
1031 -90.0000000000
1034 -89.0000000000
1043 -88.0000000000
1052 -87.0000000000
1054 -86.0000000000
1065 -85.0000000000
1089 -84.0000000000
1103 -83.0000000000
1114 -82.0000000000
1115 -81.0000000000
1118 -80.0000000000
1122 -79.0000000000
1123 -78.0000000000
1154 -77.0000000000
1155 -76.0000000000
1156 -75.0000000000
1167 -74.0000000000
1168 -73.0000000000
1177 -72.0000000000
1179 -71.0000000000
1180 -70.0000000000
1209 -69.0000000000
1211 -68.0000000000
1227 -67.0000000000
1233 -66.0000000000
1234 -65.0000000000
1235 -64.0000000000
1236 -63.0000000000
1240 -62.0000000000
1264 -61.0000000000
1302 -60.0000000000
1307 -59.0000000000
1332 -58.0000000000
1334 -57.0000000000
1336 -56.0000000000
1340 -55.0000000000
1366 -54.0000000000
1376 -53.0000000000
1380 -52.0000000000
1387 -51.0000000000
1401 -50.0000000000
1410 -49.0000000000
1414 -48.0000000000
1418 -47.0000000000
1454 -46.0000000000
1460 -45.0000000000
1480 -44.0000000000
1485 -43.0000000000
1498 -42.0000000000
1500 -41.0000000000
1506 -40.0000000000
1586 -39.0000000000
1612 -38.0000000000
1627 -37.0000000000
1629 -36.0000000000
1636 -35.0000000000
1638 -34.0000000000
1652 -33.0000000000
1667 -32.0000000000
1671 -31.0000000000
1677 -30.0000000000
1722 -29.0000000000
1724 -28.0000000000
1745 -27.0000000000
1753 -26.0000000000
1755 -25.0000000000
1793 -24.0000000000
1850 -23.0000000000
1857 -22.0000000000
1873 -21.0000000000
1947 -20.0000000000
1961 -19.0000000000
1962 -18.0000000000
1968 -17.0000000000
2055 -16.0000000000
2119 -15.0000000000
2171 -14.0000000000
2199 -13.0000000000
2205 -12.0000000000
2276 -11.0000000000
2290 -10.0000000000
2297 -9.0000000000
2347 -8.0000000000
2359 -7.0000000000
2393 -6.0000000000
2401 -5.0000000000
2470 -4.0000000000
2531 -3.0000000000
2573 -2.0000000000
2629 -1.0000000000
2691 582.0000000000
100000 -1.0000000000
evaluations raw_y
1 -363.0000000000
7 -362.0000000000
10 -361.0000000000
11 -360.0000000000
12 -359.0000000000
14 -358.0000000000
15 -357.0000000000
16 -356.0000000000
17 -355.0000000000
19 -354.0000000000
20 -353.0000000000
22 -352.0000000000
23 -351.0000000000
24 -350.0000000000
25 -349.0000000000
27 -348.0000000000
29 -347.0000000000
31 -346.0000000000
34 -345.0000000000
36 -344.0000000000
38 -343.0000000000
40 -342.0000000000
41 -341.0000000000
44 -340.0000000000
47 -339.0000000000
49 -338.0000000000
52 -337.0000000000
54 -336.0000000000
55 -335.0000000000
56 -334.0000000000
59 -333.0000000000
61 -332.0000000000
62 -331.0000000000
63 -330.0000000000
67 -329.0000000000
71 -328.0000000000
73 -327.0000000000
74 -326.0000000000
75 -325.0000000000
76 -324.0000000000
78 -323.0000000000
81 -322.0000000000
83 -321.0000000000
85 -320.0000000000
86 -319.0000000000
88 -318.0000000000
91 -317.0000000000
92 -316.0000000000
93 -315.0000000000
100 -314.0000000000
101 -313.0000000000
102 -312.0000000000
103 -311.0000000000
105 -310.0000000000
108 -309.0000000000
109 -308.0000000000
110 -307.0000000000
111 -306.0000000000
112 -305.0000000000
114 -304.0000000000
115 -303.0000000000
116 -302.0000000000
124 -301.0000000000
126 -300.0000000000
136 -299.0000000000
137 -298.0000000000
138 -297.0000000000
139 -296.0000000000
140 -295.0000000000
143 -294.0000000000
145 -293.0000000000
146 -292.0000000000
149 -291.0000000000
150 -290.0000000000
151 -289.0000000000
152 -288.0000000000
156 -287.0000000000
157 -286.0000000000
162 -285.0000000000
166 -284.0000000000
170 -283.0000000000
171 -282.0000000000
172 -281.0000000000
173 -280.0000000000
174 -279.0000000000
176 -278.0000000000
178 -277.0000000000
180 -276.0000000000
182 -275.0000000000
184 -274.0000000000
192 -273.0000000000
194 -272.0000000000
196 -271.0000000000
198 -270.0000000000
207 -269.0000000000
211 -268.0000000000
217 -267.0000000000
218 -266.0000000000
221 -265.0000000000
222 -264.0000000000
226 -263.0000000000
230 -262.0000000000
234 -261.0000000000
238 -260.0000000000
239 -259.0000000000
245 -258.0000000000
248 -257.0000000000
250 -256.0000000000
253 -255.0000000000
254 -254.0000000000
255 -253.0000000000
257 -252.0000000000
258 -251.0000000000
259 -250.0000000000
264 -249.0000000000
265 -248.0000000000
268 -247.0000000000
270 -246.0000000000
271 -245.0000000000
273 -244.0000000000
275 -243.0000000000
282 -242.0000000000
283 -241.0000000000
285 -240.0000000000
288 -239.0000000000
289 -238.0000000000
295 -237.0000000000
296 -236.0000000000
298 -235.0000000000
301 -234.0000000000
302 -233.0000000000
303 -232.0000000000
304 -231.0000000000
309 -230.0000000000
314 -229.0000000000
319 -228.0000000000
321 -227.0000000000
330 -226.0000000000
333 -225.0000000000
335 -224.0000000000
337 -223.0000000000
341 -222.0000000000
343 -221.0000000000
347 -220.0000000000
353 -219.0000000000
354 -218.0000000000
360 -217.0000000000
362 -216.0000000000
363 -215.0000000000
364 -214.0000000000
365 -213.0000000000
367 -212.0000000000
372 -211.0000000000
373 -210.0000000000
374 -209.0000000000
375 -208.0000000000
376 -207.0000000000
378 -206.0000000000
379 -205.0000000000
381 -204.0000000000
389 -203.0000000000
406 -202.0000000000
409 -201.0000000000
411 -200.0000000000
414 -199.0000000000
421 -198.0000000000
422 -197.0000000000
424 -196.0000000000
426 -195.0000000000
430 -194.0000000000
431 -193.0000000000
434 -192.0000000000
436 -191.0000000000
438 -190.0000000000
441 -189.0000000000
443 -188.0000000000
465 -187.0000000000
467 -186.0000000000
468 -185.0000000000
473 -184.0000000000
477 -183.0000000000
485 -182.0000000000
487 -181.0000000000
488 -180.0000000000
492 -179.0000000000
493 -178.0000000000
497 -177.0000000000
499 -176.0000000000
500 -175.0000000000
505 -174.0000000000
508 -173.0000000000
519 -172.0000000000
526 -171.0000000000
529 -170.0000000000
531 -169.0000000000
540 -168.0000000000
545 -167.0000000000
546 -166.0000000000
548 -165.0000000000
563 -164.0000000000
567 -163.0000000000
571 -162.0000000000
578 -161.0000000000
579 -160.0000000000
580 -159.0000000000
586 -158.0000000000
591 -157.0000000000
593 -156.0000000000
595 -155.0000000000
597 -154.0000000000
601 -153.0000000000
602 -152.0000000000
614 -151.0000000000
621 -150.0000000000
628 -149.0000000000
645 -148.0000000000
655 -147.0000000000
657 -146.0000000000
658 -145.0000000000
662 -144.0000000000
666 -143.0000000000
671 -142.0000000000
677 -141.0000000000
685 -140.0000000000
689 -139.0000000000
691 -138.0000000000
699 -137.0000000000
701 -136.0000000000
702 -135.0000000000
704 -134.0000000000
713 -133.0000000000
722 -132.0000000000
728 -131.0000000000
729 -130.0000000000
730 -129.0000000000
732 -128.0000000000
739 -127.0000000000
741 -126.0000000000
746 -125.0000000000
748 -124.0000000000
752 -123.0000000000
753 -122.0000000000
759 -121.0000000000
767 -120.0000000000
772 -119.0000000000
776 -118.0000000000
793 -117.0000000000
808 -116.0000000000
810 -115.0000000000
823 -114.0000000000
829 -113.0000000000
847 -112.0000000000
851 -111.0000000000
862 -110.0000000000
864 -109.0000000000
867 -108.0000000000
877 -107.0000000000
885 -106.0000000000
892 -105.0000000000
897 -104.0000000000
903 -103.0000000000
905 -102.0000000000
907 -101.0000000000
915 -100.0000000000
920 -99.0000000000
925 -98.0000000000
928 -97.0000000000
952 -96.0000000000
953 -95.0000000000
961 -94.0000000000
962 -93.0000000000
980 -92.0000000000
992 -91.0000000000
998 -90.0000000000
1005 -89.0000000000
1007 -88.0000000000
1021 -87.0000000000
1034 -86.0000000000
1044 -85.0000000000
1067 -84.0000000000
1070 -83.0000000000
1071 -82.0000000000
1074 -81.0000000000
1075 -80.0000000000
1077 -79.0000000000
1101 -78.0000000000
1106 -77.0000000000
1108 -76.0000000000
1114 -75.0000000000
1123 -74.0000000000
1125 -73.0000000000
1131 -72.0000000000
1133 -71.0000000000
1160 -70.0000000000
1169 -69.0000000000
1170 -68.0000000000
1171 -67.0000000000
1184 -66.0000000000
1205 -65.0000000000
1219 -64.0000000000
1230 -63.0000000000
1231 -62.0000000000
1297 -61.0000000000
1314 -60.0000000000
1315 -59.0000000000
1316 -58.0000000000
1318 -57.0000000000
1336 -56.0000000000
1365 -55.0000000000
1366 -54.0000000000
1383 -53.0000000000
1389 -52.0000000000
1417 -51.0000000000
1446 -50.0000000000
1461 -49.0000000000
1465 -48.0000000000
1500 -47.0000000000
1542 -46.0000000000
1546 -45.0000000000
1586 -44.0000000000
1596 -43.0000000000
1605 -42.0000000000
1606 -41.0000000000
1613 -40.0000000000
1627 -39.0000000000
1629 -38.0000000000
1641 -37.0000000000
1644 -36.0000000000
1648 -35.0000000000
1689 -34.0000000000
1713 -33.0000000000
1716 -32.0000000000
1724 -31.0000000000
1737 -30.0000000000
1754 -29.0000000000
1756 -28.0000000000
1760 -27.0000000000
1764 -26.0000000000
1798 -25.0000000000
1801 -24.0000000000
1817 -23.0000000000
1831 -22.0000000000
1844 -21.0000000000
1859 -20.0000000000
1860 -19.0000000000
1864 -18.0000000000
1886 -17.0000000000
1908 -16.0000000000
1911 -15.0000000000
1926 -14.0000000000
2026 -13.0000000000
2091 -12.0000000000
2099 -11.0000000000
2123 -10.0000000000
2140 -9.0000000000
2183 -8.0000000000
2214 -7.0000000000
2317 -6.0000000000
2340 -5.0000000000
2391 -4.0000000000
2509 -3.0000000000
2641 -2.0000000000
2724 -1.0000000000
2829 571.0000000000
100000 -1.0000000000
evaluations raw_y
1 -356.0000000000
4 -355.0000000000
6 -354.0000000000
11 -353.0000000000
13 -352.0000000000
16 -351.0000000000
20 -350.0000000000
25 -349.0000000000
26 -348.0000000000
27 -347.0000000000
28 -346.0000000000
29 -345.0000000000
30 -344.0000000000
31 -343.0000000000
33 -342.0000000000
34 -341.0000000000
36 -340.0000000000
40 -339.0000000000
43 -338.0000000000
45 -337.0000000000
46 -336.0000000000
50 -335.0000000000
51 -334.0000000000
52 -333.0000000000
53 -332.0000000000
54 -331.0000000000
55 -330.0000000000
59 -329.0000000000
63 -328.0000000000
66 -327.0000000000
70 -326.0000000000
72 -325.0000000000
75 -324.0000000000
78 -323.0000000000
79 -322.0000000000
80 -321.0000000000
81 -320.0000000000
85 -319.0000000000
87 -318.0000000000
93 -317.0000000000
94 -316.0000000000
96 -315.0000000000
98 -314.0000000000
100 -313.0000000000
104 -312.0000000000
106 -311.0000000000
111 -310.0000000000
115 -309.0000000000
120 -308.0000000000
121 -307.0000000000
122 -306.0000000000
125 -305.0000000000
126 -304.0000000000
128 -303.0000000000
131 -302.0000000000
134 -301.0000000000
135 -300.0000000000
139 -299.0000000000
140 -298.0000000000
144 -297.0000000000
146 -296.0000000000
147 -295.0000000000
150 -294.0000000000
151 -293.0000000000
153 -292.0000000000
154 -291.0000000000
156 -290.0000000000
158 -289.0000000000
159 -288.0000000000
162 -287.0000000000
166 -286.0000000000
168 -285.0000000000
169 -284.0000000000
171 -283.0000000000
174 -282.0000000000
175 -281.0000000000
176 -280.0000000000
178 -279.0000000000
188 -278.0000000000
189 -277.0000000000
191 -276.0000000000
192 -275.0000000000
196 -274.0000000000
198 -273.0000000000
202 -272.0000000000
203 -271.0000000000
207 -270.0000000000
211 -269.0000000000
218 -268.0000000000
219 -267.0000000000
220 -266.0000000000
223 -265.0000000000
225 -264.0000000000
227 -263.0000000000
230 -262.0000000000
232 -261.0000000000
234 -260.0000000000
236 -259.0000000000
237 -258.0000000000
238 -257.0000000000
240 -256.0000000000
241 -255.0000000000
245 -254.0000000000
253 -253.0000000000
260 -252.0000000000
268 -251.0000000000
269 -250.0000000000
270 -249.0000000000
274 -248.0000000000
282 -247.0000000000
284 -246.0000000000
287 -245.0000000000
289 -244.0000000000
291 -243.0000000000
300 -242.0000000000
301 -241.0000000000
303 -240.0000000000
306 -239.0000000000
307 -238.0000000000
309 -237.0000000000
317 -236.0000000000
319 -235.0000000000
325 -234.0000000000
333 -233.0000000000
336 -232.0000000000
340 -231.0000000000
348 -230.0000000000
350 -229.0000000000
352 -228.0000000000
353 -227.0000000000
359 -226.0000000000
360 -225.0000000000
365 -224.0000000000
368 -223.0000000000
370 -222.0000000000
373 -221.0000000000
380 -220.0000000000
382 -219.0000000000
384 -218.0000000000
397 -217.0000000000
399 -216.0000000000
406 -215.0000000000
408 -214.0000000000
409 -213.0000000000
411 -212.0000000000
415 -211.0000000000
417 -210.0000000000
419 -209.0000000000
429 -208.0000000000
431 -207.0000000000
437 -206.0000000000
439 -205.0000000000
440 -204.0000000000
442 -203.0000000000
445 -202.0000000000
446 -201.0000000000
449 -200.0000000000
451 -199.0000000000
454 -198.0000000000
456 -197.0000000000
463 -196.0000000000
464 -195.0000000000
470 -194.0000000000
472 -193.0000000000
479 -192.0000000000
481 -191.0000000000
485 -190.0000000000
486 -189.0000000000
494 -188.0000000000
495 -187.0000000000
497 -186.0000000000
498 -185.0000000000
499 -184.0000000000
500 -183.0000000000
503 -182.0000000000
508 -181.0000000000
512 -180.0000000000
516 -179.0000000000
517 -178.0000000000
527 -177.0000000000
529 -176.0000000000
535 -175.0000000000
539 -174.0000000000
540 -173.0000000000
546 -172.0000000000
549 -171.0000000000
557 -170.0000000000
559 -169.0000000000
565 -168.0000000000
566 -167.0000000000
568 -166.0000000000
569 -165.0000000000
577 -164.0000000000
583 -163.0000000000
585 -162.0000000000
588 -161.0000000000
594 -160.0000000000
599 -159.0000000000
600 -158.0000000000
601 -157.0000000000
602 -156.0000000000
612 -155.0000000000
617 -154.0000000000
618 -153.0000000000
623 -152.0000000000
625 -151.0000000000
628 -150.0000000000
633 -149.0000000000
639 -148.0000000000
640 -147.0000000000
642 -146.0000000000
643 -145.0000000000
647 -144.0000000000
650 -143.0000000000
653 -142.0000000000
654 -141.0000000000
662 -140.0000000000
664 -139.0000000000
666 -138.0000000000
690 -137.0000000000
701 -136.0000000000
704 -135.0000000000
711 -134.0000000000
718 -133.0000000000
722 -132.0000000000
735 -131.0000000000
738 -130.0000000000
739 -129.0000000000
742 -128.0000000000
755 -127.0000000000
764 -126.0000000000
775 -125.0000000000
786 -124.0000000000
796 -123.0000000000
798 -122.0000000000
800 -121.0000000000
803 -120.0000000000
812 -119.0000000000
820 -118.0000000000
825 -117.0000000000
827 -116.0000000000
831 -115.0000000000
838 -114.0000000000
839 -113.0000000000
840 -112.0000000000
842 -111.0000000000
845 -110.0000000000
858 -109.0000000000
869 -108.0000000000
875 -107.0000000000
888 -106.0000000000
898 -105.0000000000
905 -104.0000000000
916 -103.0000000000
923 -102.0000000000
929 -101.0000000000
933 -100.0000000000
949 -99.0000000000
952 -98.0000000000
954 -97.0000000000
956 -96.0000000000
957 -95.0000000000
968 -94.0000000000
970 -93.0000000000
974 -92.0000000000
985 -91.0000000000
999 -90.0000000000
1007 -89.0000000000
1022 -88.0000000000
1046 -87.0000000000
1047 -86.0000000000
1050 -85.0000000000
1066 -84.0000000000
1069 -83.0000000000
1071 -82.0000000000
1077 -81.0000000000
1080 -80.0000000000
1082 -79.0000000000
1083 -78.0000000000
1087 -77.0000000000
1089 -76.0000000000
1094 -75.0000000000
1098 -74.0000000000
1099 -73.0000000000
1112 -72.0000000000
1113 -71.0000000000
1116 -70.0000000000
1120 -69.0000000000
1125 -68.0000000000
1133 -67.0000000000
1164 -66.0000000000
1170 -65.0000000000
1184 -64.0000000000
1189 -63.0000000000
1197 -62.0000000000
1214 -61.0000000000
1235 -60.0000000000
1252 -59.0000000000
1266 -58.0000000000
1267 -57.0000000000
1270 -56.0000000000
1281 -55.0000000000
1283 -54.0000000000
1284 -53.0000000000
1288 -52.0000000000
1300 -51.0000000000
1301 -50.0000000000
1304 -49.0000000000
1316 -48.0000000000
1348 -47.0000000000
1361 -46.0000000000
1364 -45.0000000000
1370 -44.0000000000
1379 -43.0000000000
1381 -42.0000000000
1382 -41.0000000000
1407 -40.0000000000
1411 -39.0000000000
1429 -38.0000000000
1437 -37.0000000000
1451 -36.0000000000
1472 -35.0000000000
1489 -34.0000000000
1505 -33.0000000000
1507 -32.0000000000
1534 -31.0000000000
1535 -30.0000000000
1539 -29.0000000000
1560 -28.0000000000
1590 -27.0000000000
1591 -26.0000000000
1607 -25.0000000000
1611 -24.0000000000
1619 -23.0000000000
1658 -22.0000000000
1707 -21.0000000000
1714 -20.0000000000
1727 -19.0000000000
1743 -18.0000000000
1787 -17.0000000000
1791 -16.0000000000
1865 -15.0000000000
1945 -14.0000000000
1971 -13.0000000000
2013 -12.0000000000
2030 -11.0000000000
2052 -10.0000000000
2056 -9.0000000000
2097 -8.0000000000
2122 -7.0000000000
2199 -6.0000000000
2254 -5.0000000000
2258 -4.0000000000
2336 -3.0000000000
2356 -2.0000000000
2409 -1.0000000000
2418 604.0000000000
100000 -1.0000000000
evaluations raw_y
1 -338.0000000000
3 -337.0000000000
6 -336.0000000000
7 -335.0000000000
8 -334.0000000000
10 -333.0000000000
11 -332.0000000000
14 -331.0000000000
16 -330.0000000000
17 -329.0000000000
18 -328.0000000000
19 -327.0000000000
22 -326.0000000000
23 -325.0000000000
27 -324.0000000000
28 -323.0000000000
29 -322.0000000000
31 -321.0000000000
32 -320.0000000000
33 -319.0000000000
35 -318.0000000000
41 -317.0000000000
43 -316.0000000000
47 -315.0000000000
55 -314.0000000000
56 -313.0000000000
61 -312.0000000000
65 -311.0000000000
67 -310.0000000000
68 -309.0000000000
69 -308.0000000000
70 -307.0000000000
71 -306.0000000000
74 -305.0000000000
75 -304.0000000000
77 -303.0000000000
78 -302.0000000000
80 -301.0000000000
89 -300.0000000000
91 -299.0000000000
93 -298.0000000000
94 -297.0000000000
98 -296.0000000000
100 -295.0000000000
101 -294.0000000000
103 -293.0000000000
104 -292.0000000000
106 -291.0000000000
107 -290.0000000000
108 -289.0000000000
113 -288.0000000000
115 -287.0000000000
117 -286.0000000000
119 -285.0000000000
120 -284.0000000000
121 -283.0000000000
122 -282.0000000000
123 -281.0000000000
126 -280.0000000000
129 -279.0000000000
130 -278.0000000000
132 -277.0000000000
133 -276.0000000000
134 -275.0000000000
138 -274.0000000000
140 -273.0000000000
142 -272.0000000000
147 -271.0000000000
153 -270.0000000000
154 -269.0000000000
157 -268.0000000000
161 -267.0000000000
165 -266.0000000000
166 -265.0000000000
168 -264.0000000000
172 -263.0000000000
174 -262.0000000000
183 -261.0000000000
184 -260.0000000000
185 -259.0000000000
187 -258.0000000000
188 -257.0000000000
192 -256.0000000000
194 -255.0000000000
196 -254.0000000000
198 -253.0000000000
202 -252.0000000000
204 -251.0000000000
205 -250.0000000000
208 -249.0000000000
210 -248.0000000000
218 -247.0000000000
221 -246.0000000000
222 -245.0000000000
224 -244.0000000000
228 -243.0000000000
236 -242.0000000000
238 -241.0000000000
239 -240.0000000000
240 -239.0000000000
241 -238.0000000000
242 -237.0000000000
246 -236.0000000000
257 -235.0000000000
258 -234.0000000000
262 -233.0000000000
266 -232.0000000000
272 -231.0000000000
273 -230.0000000000
279 -229.0000000000
280 -228.0000000000
292 -227.0000000000
297 -226.0000000000
300 -225.0000000000
302 -224.0000000000
303 -223.0000000000
307 -222.0000000000
308 -221.0000000000
309 -220.0000000000
312 -219.0000000000
314 -218.0000000000
315 -217.0000000000
319 -216.0000000000
327 -215.0000000000
331 -214.0000000000
336 -213.0000000000
344 -212.0000000000
345 -211.0000000000
347 -210.0000000000
350 -209.0000000000
355 -208.0000000000
357 -207.0000000000
360 -206.0000000000
362 -205.0000000000
363 -204.0000000000
365 -203.0000000000
367 -202.0000000000
368 -201.0000000000
369 -200.0000000000
370 -199.0000000000
374 -198.0000000000
379 -197.0000000000
381 -196.0000000000
383 -195.0000000000
388 -194.0000000000
389 -193.0000000000
390 -192.0000000000
391 -191.0000000000
393 -190.0000000000
395 -189.0000000000
408 -188.0000000000
409 -187.0000000000
414 -186.0000000000
417 -185.0000000000
418 -184.0000000000
419 -183.0000000000
421 -182.0000000000
422 -181.0000000000
428 -180.0000000000
430 -179.0000000000
434 -178.0000000000
438 -177.0000000000
443 -176.0000000000
453 -175.0000000000
461 -174.0000000000
462 -173.0000000000
465 -172.0000000000
469 -171.0000000000
474 -170.0000000000
475 -169.0000000000
480 -168.0000000000
481 -167.0000000000
484 -166.0000000000
494 -165.0000000000
495 -164.0000000000
499 -163.0000000000
500 -162.0000000000
514 -161.0000000000
518 -160.0000000000
528 -159.0000000000
536 -158.0000000000
538 -157.0000000000
542 -156.0000000000
543 -155.0000000000
547 -154.0000000000
549 -153.0000000000
556 -152.0000000000
558 -151.0000000000
572 -150.0000000000
574 -149.0000000000
581 -148.0000000000
597 -147.0000000000
603 -146.0000000000
606 -145.0000000000
609 -144.0000000000
610 -143.0000000000
614 -142.0000000000
619 -141.0000000000
621 -140.0000000000
623 -139.0000000000
627 -138.0000000000
635 -137.0000000000
639 -136.0000000000
648 -135.0000000000
653 -134.0000000000
654 -133.0000000000
656 -132.0000000000
661 -131.0000000000
663 -130.0000000000
664 -129.0000000000
668 -128.0000000000
682 -127.0000000000
683 -126.0000000000
688 -125.0000000000
692 -124.0000000000
693 -123.0000000000
694 -122.0000000000
696 -121.0000000000
702 -120.0000000000
716 -119.0000000000
724 -118.0000000000
731 -117.0000000000
761 -116.0000000000
769 -115.0000000000
773 -114.0000000000
777 -113.0000000000
784 -112.0000000000
792 -111.0000000000
801 -110.0000000000
802 -109.0000000000
815 -108.0000000000
816 -107.0000000000
818 -106.0000000000
822 -105.0000000000
833 -104.0000000000
839 -103.0000000000
848 -102.0000000000
850 -101.0000000000
859 -100.0000000000
863 -99.0000000000
867 -98.0000000000
875 -97.0000000000
889 -96.0000000000
904 -95.0000000000
914 -94.0000000000
915 -93.0000000000
920 -92.0000000000
923 -91.0000000000
935 -90.0000000000
939 -89.0000000000
942 -88.0000000000
951 -87.0000000000
957 -86.0000000000
962 -85.0000000000
971 -84.0000000000
990 -83.0000000000
996 -82.0000000000
1003 -81.0000000000
1023 -80.0000000000
1036 -79.0000000000
1044 -78.0000000000
1053 -77.0000000000
1065 -76.0000000000
1067 -75.0000000000
1080 -74.0000000000
1081 -73.0000000000
1098 -72.0000000000
1109 -71.0000000000
1127 -70.0000000000
1131 -69.0000000000
1139 -68.0000000000
1150 -67.0000000000
1159 -66.0000000000
1179 -65.0000000000
1183 -64.0000000000
1184 -63.0000000000
1188 -62.0000000000
1194 -61.0000000000
1205 -60.0000000000
1213 -59.0000000000
1219 -58.0000000000
1227 -57.0000000000
1237 -56.0000000000
1240 -55.0000000000
1248 -54.0000000000
1278 -53.0000000000
1287 -52.0000000000
1288 -51.0000000000
1294 -50.0000000000
1355 -49.0000000000
1372 -48.0000000000
1393 -47.0000000000
1422 -46.0000000000
1425 -45.0000000000
1426 -44.0000000000
1453 -43.0000000000
1485 -42.0000000000
1505 -41.0000000000
1506 -40.0000000000
1516 -39.0000000000
1529 -38.0000000000
1532 -37.0000000000
1571 -36.0000000000
1594 -35.0000000000
1604 -34.0000000000
1627 -33.0000000000
1636 -32.0000000000
1640 -31.0000000000
1653 -30.0000000000
1677 -29.0000000000
1692 -28.0000000000
1711 -27.0000000000
1713 -26.0000000000
1728 -25.0000000000
1765 -24.0000000000
1773 -23.0000000000
1778 -22.0000000000
1846 -21.0000000000
1865 -20.0000000000
1909 -19.0000000000
1934 -18.0000000000
1936 -17.0000000000
1947 -16.0000000000
1959 -15.0000000000
1961 -14.0000000000
1966 -13.0000000000
1995 -12.0000000000
2001 -11.0000000000
2018 -10.0000000000
2097 -9.0000000000
2121 -8.0000000000
2187 -7.0000000000
2221 -6.0000000000
2230 -5.0000000000
2337 -4.0000000000
2392 -3.0000000000
2498 -2.0000000000
2686 -1.0000000000
2690 616.0000000000
100000 -1.0000000000
evaluations raw_y
1 -367.0000000000
4 -366.0000000000
6 -365.0000000000
7 -364.0000000000
8 -363.0000000000
11 -362.0000000000
13 -361.0000000000
14 -360.0000000000
15 -359.0000000000
16 -358.0000000000
17 -357.0000000000
18 -356.0000000000
21 -355.0000000000
23 -354.0000000000
25 -353.0000000000
27 -352.0000000000
28 -351.0000000000
31 -350.0000000000
32 -349.0000000000
33 -348.0000000000
34 -347.0000000000
38 -346.0000000000
39 -345.0000000000
41 -344.0000000000
42 -343.0000000000
45 -342.0000000000
46 -341.0000000000
49 -340.0000000000
52 -339.0000000000
53 -338.0000000000
57 -337.0000000000
60 -336.0000000000
61 -335.0000000000
62 -334.0000000000
63 -333.0000000000
64 -332.0000000000
65 -331.0000000000
68 -330.0000000000
69 -329.0000000000
71 -328.0000000000
74 -327.0000000000
75 -326.0000000000
76 -325.0000000000
78 -324.0000000000
86 -323.0000000000
87 -322.0000000000
91 -321.0000000000
93 -320.0000000000
100 -319.0000000000
103 -318.0000000000
105 -317.0000000000
106 -316.0000000000
108 -315.0000000000
109 -314.0000000000
110 -313.0000000000
111 -312.0000000000
117 -311.0000000000
118 -310.0000000000
119 -309.0000000000
120 -308.0000000000
126 -307.0000000000
127 -306.0000000000
128 -305.0000000000
131 -304.0000000000
134 -303.0000000000
135 -302.0000000000
140 -301.0000000000
142 -300.0000000000
143 -299.0000000000
144 -298.0000000000
145 -297.0000000000
146 -296.0000000000
147 -295.0000000000
155 -294.0000000000
157 -293.0000000000
161 -292.0000000000
166 -291.0000000000
168 -290.0000000000
169 -289.0000000000
172 -288.0000000000
175 -287.0000000000
176 -286.0000000000
177 -285.0000000000
178 -284.0000000000
183 -283.0000000000
184 -282.0000000000
187 -281.0000000000
188 -280.0000000000
194 -279.0000000000
196 -278.0000000000
198 -277.0000000000
199 -276.0000000000
201 -275.0000000000
202 -274.0000000000
205 -273.0000000000
208 -272.0000000000
210 -271.0000000000
213 -270.0000000000
216 -269.0000000000
219 -268.0000000000
222 -267.0000000000
223 -266.0000000000
230 -265.0000000000
232 -264.0000000000
233 -263.0000000000
234 -262.0000000000
235 -261.0000000000
236 -260.0000000000
237 -259.0000000000
239 -258.0000000000
241 -257.0000000000
242 -256.0000000000
244 -255.0000000000
245 -254.0000000000
248 -253.0000000000
250 -252.0000000000
251 -251.0000000000
252 -250.0000000000
253 -249.0000000000
254 -248.0000000000
255 -247.0000000000
262 -246.0000000000
263 -245.0000000000
264 -244.0000000000
268 -243.0000000000
269 -242.0000000000
270 -241.0000000000
276 -240.0000000000
281 -239.0000000000
288 -238.0000000000
290 -237.0000000000
292 -236.0000000000
296 -235.0000000000
298 -234.0000000000
303 -233.0000000000
305 -232.0000000000
306 -231.0000000000
312 -230.0000000000
313 -229.0000000000
314 -228.0000000000
315 -227.0000000000
320 -226.0000000000
327 -225.0000000000
333 -224.0000000000
335 -223.0000000000
336 -222.0000000000
337 -221.0000000000
338 -220.0000000000
339 -219.0000000000
340 -218.0000000000
341 -217.0000000000
344 -216.0000000000
347 -215.0000000000
350 -214.0000000000
352 -213.0000000000
355 -212.0000000000
357 -211.0000000000
361 -210.0000000000
364 -209.0000000000
374 -208.0000000000
375 -207.0000000000
379 -206.0000000000
383 -205.0000000000
389 -204.0000000000
392 -203.0000000000
393 -202.0000000000
400 -201.0000000000
403 -200.0000000000
409 -199.0000000000
410 -198.0000000000
412 -197.0000000000
414 -196.0000000000
421 -195.0000000000
425 -194.0000000000
426 -193.0000000000
428 -192.0000000000
431 -191.0000000000
433 -190.0000000000
437 -189.0000000000
440 -188.0000000000
443 -187.0000000000
444 -186.0000000000
450 -185.0000000000
451 -184.0000000000
457 -183.0000000000
458 -182.0000000000
464 -181.0000000000
465 -180.0000000000
469 -179.0000000000
474 -178.0000000000
475 -177.0000000000
477 -176.0000000000
480 -175.0000000000
484 -174.0000000000
496 -173.0000000000
505 -172.0000000000
506 -171.0000000000
514 -170.0000000000
516 -169.0000000000
517 -168.0000000000
525 -167.0000000000
529 -166.0000000000
533 -165.0000000000
537 -164.0000000000
544 -163.0000000000
560 -162.0000000000
565 -161.0000000000
567 -160.0000000000
568 -159.0000000000
572 -158.0000000000
575 -157.0000000000
583 -156.0000000000
584 -155.0000000000
585 -154.0000000000
586 -153.0000000000
588 -152.0000000000
594 -151.0000000000
599 -150.0000000000
603 -149.0000000000
611 -148.0000000000
613 -147.0000000000
616 -146.0000000000
618 -145.0000000000
619 -144.0000000000
622 -143.0000000000
649 -142.0000000000
650 -141.0000000000
661 -140.0000000000
669 -139.0000000000
674 -138.0000000000
680 -137.0000000000
683 -136.0000000000
685 -135.0000000000
688 -134.0000000000
697 -133.0000000000
700 -132.0000000000
711 -131.0000000000
731 -130.0000000000
744 -129.0000000000
752 -128.0000000000
755 -127.0000000000
756 -126.0000000000
766 -125.0000000000
769 -124.0000000000
776 -123.0000000000
784 -122.0000000000
785 -121.0000000000
787 -120.0000000000
792 -119.0000000000
807 -118.0000000000
812 -117.0000000000
813 -116.0000000000
816 -115.0000000000
817 -114.0000000000
831 -113.0000000000
835 -112.0000000000
837 -111.0000000000
839 -110.0000000000
864 -109.0000000000
865 -108.0000000000
866 -107.0000000000
878 -106.0000000000
899 -105.0000000000
909 -104.0000000000
919 -103.0000000000
920 -102.0000000000
924 -101.0000000000
938 -100.0000000000
941 -99.0000000000
942 -98.0000000000
944 -97.0000000000
954 -96.0000000000
956 -95.0000000000
959 -94.0000000000
962 -93.0000000000
963 -92.0000000000
968 -91.0000000000
977 -90.0000000000
978 -89.0000000000
985 -88.0000000000
990 -87.0000000000
995 -86.0000000000
1015 -85.0000000000
1018 -84.0000000000
1023 -83.0000000000
1024 -82.0000000000
1046 -81.0000000000
1053 -80.0000000000
1054 -79.0000000000
1057 -78.0000000000
1063 -77.0000000000
1075 -76.0000000000
1079 -75.0000000000
1081 -74.0000000000
1088 -73.0000000000
1089 -72.0000000000
1095 -71.0000000000
1098 -70.0000000000
1100 -69.0000000000
1111 -68.0000000000
1112 -67.0000000000
1132 -66.0000000000
1143 -65.0000000000
1152 -64.0000000000
1162 -63.0000000000
1168 -62.0000000000
1172 -61.0000000000
1173 -60.0000000000
1179 -59.0000000000
1185 -58.0000000000
1199 -57.0000000000
1201 -56.0000000000
1207 -55.0000000000
1211 -54.0000000000
1213 -53.0000000000
1215 -52.0000000000
1231 -51.0000000000
1235 -50.0000000000
1244 -49.0000000000
1248 -48.0000000000
1256 -47.0000000000
1268 -46.0000000000
1282 -45.0000000000
1283 -44.0000000000
1286 -43.0000000000
1291 -42.0000000000
1302 -41.0000000000
1310 -40.0000000000
1311 -39.0000000000
1316 -38.0000000000
1327 -37.0000000000
1332 -36.0000000000
1335 -35.0000000000
1342 -34.0000000000
1343 -33.0000000000
1366 -32.0000000000
1376 -31.0000000000
1392 -30.0000000000
1417 -29.0000000000
1426 -28.0000000000
1450 -27.0000000000
1478 -26.0000000000
1494 -25.0000000000
1503 -24.0000000000
1509 -23.0000000000
1520 -22.0000000000
1526 -21.0000000000
1550 -20.0000000000
1569 -19.0000000000
1579 -18.0000000000
1580 -17.0000000000
1586 -16.0000000000
1591 -15.0000000000
1635 -14.0000000000
1663 -13.0000000000
1686 -12.0000000000
1695 -11.0000000000
1702 -10.0000000000
1819 -9.0000000000
1902 -8.0000000000
1906 -7.0000000000
1911 -6.0000000000
1955 -5.0000000000
2102 -4.0000000000
2160 -3.0000000000
2190 -2.0000000000
2220 -1.0000000000
2262 631.0000000000
100000 -1.0000000000
evaluations raw_y
1 -374.0000000000
2 -373.0000000000
3 -372.0000000000
8 -371.0000000000
9 -370.0000000000
11 -369.0000000000
12 -368.0000000000
13 -367.0000000000
14 -366.0000000000
15 -365.0000000000
16 -364.0000000000
18 -363.0000000000
19 -362.0000000000
21 -361.0000000000
22 -360.0000000000
25 -359.0000000000
27 -358.0000000000
28 -357.0000000000
29 -356.0000000000
30 -355.0000000000
31 -354.0000000000
32 -353.0000000000
33 -352.0000000000
35 -351.0000000000
37 -350.0000000000
40 -349.0000000000
45 -348.0000000000
46 -347.0000000000
47 -346.0000000000
53 -345.0000000000
54 -344.0000000000
55 -343.0000000000
57 -342.0000000000
58 -341.0000000000
62 -340.0000000000
63 -339.0000000000
64 -338.0000000000
66 -337.0000000000
67 -336.0000000000
72 -335.0000000000
73 -334.0000000000
74 -333.0000000000
76 -332.0000000000
79 -331.0000000000
80 -330.0000000000
84 -329.0000000000
85 -328.0000000000
87 -327.0000000000
93 -326.0000000000
95 -325.0000000000
98 -324.0000000000
100 -323.0000000000
102 -322.0000000000
104 -321.0000000000
106 -320.0000000000
112 -319.0000000000
115 -318.0000000000
118 -317.0000000000
121 -316.0000000000
124 -315.0000000000
125 -314.0000000000
126 -313.0000000000
129 -312.0000000000
130 -311.0000000000
131 -310.0000000000
137 -309.0000000000
140 -308.0000000000
141 -307.0000000000
144 -306.0000000000
147 -305.0000000000
148 -304.0000000000
150 -303.0000000000
152 -302.0000000000
155 -301.0000000000
158 -300.0000000000
159 -299.0000000000
160 -298.0000000000
162 -297.0000000000
166 -296.0000000000
167 -295.0000000000
168 -294.0000000000
169 -293.0000000000
176 -292.0000000000
178 -291.0000000000
181 -290.0000000000
182 -289.0000000000
184 -288.0000000000
187 -287.0000000000
188 -286.0000000000
190 -285.0000000000
192 -284.0000000000
194 -283.0000000000
195 -282.0000000000
197 -281.0000000000
203 -280.0000000000
204 -279.0000000000
213 -278.0000000000
214 -277.0000000000
216 -276.0000000000
218 -275.0000000000
220 -274.0000000000
221 -273.0000000000
224 -272.0000000000
227 -271.0000000000
231 -270.0000000000
236 -269.0000000000
237 -268.0000000000
238 -267.0000000000
239 -266.0000000000
245 -265.0000000000
250 -264.0000000000
253 -263.0000000000
258 -262.0000000000
259 -261.0000000000
262 -260.0000000000
266 -259.0000000000
268 -258.0000000000
269 -257.0000000000
270 -256.0000000000
271 -255.0000000000
272 -254.0000000000
274 -253.0000000000
279 -252.0000000000
280 -251.0000000000
283 -250.0000000000
287 -249.0000000000
288 -248.0000000000
290 -247.0000000000
294 -246.0000000000
297 -245.0000000000
298 -244.0000000000
301 -243.0000000000
304 -242.0000000000
310 -241.0000000000
312 -240.0000000000
314 -239.0000000000
315 -238.0000000000
316 -237.0000000000
317 -236.0000000000
326 -235.0000000000
328 -234.0000000000
329 -233.0000000000
330 -232.0000000000
331 -231.0000000000
338 -230.0000000000
339 -229.0000000000
341 -228.0000000000
342 -227.0000000000
346 -226.0000000000
349 -225.0000000000
353 -224.0000000000
355 -223.0000000000
359 -222.0000000000
361 -221.0000000000
369 -220.0000000000
377 -219.0000000000
382 -218.0000000000
383 -217.0000000000
384 -216.0000000000
387 -215.0000000000
392 -214.0000000000
394 -213.0000000000
398 -212.0000000000
406 -211.0000000000
408 -210.0000000000
413 -209.0000000000
414 -208.0000000000
419 -207.0000000000
420 -206.0000000000
427 -205.0000000000
429 -204.0000000000
434 -203.0000000000
436 -202.0000000000
442 -201.0000000000
446 -200.0000000000
450 -199.0000000000
451 -198.0000000000
455 -197.0000000000
463 -196.0000000000
466 -195.0000000000
472 -194.0000000000
476 -193.0000000000
480 -192.0000000000
482 -191.0000000000
485 -190.0000000000
487 -189.0000000000
491 -188.0000000000
495 -187.0000000000
498 -186.0000000000
505 -185.0000000000
510 -184.0000000000
512 -183.0000000000
514 -182.0000000000
517 -181.0000000000
518 -180.0000000000
520 -179.0000000000
523 -178.0000000000
525 -177.0000000000
529 -176.0000000000
531 -175.0000000000
534 -174.0000000000
539 -173.0000000000
542 -172.0000000000
545 -171.0000000000
546 -170.0000000000
551 -169.0000000000
563 -168.0000000000
565 -167.0000000000
568 -166.0000000000
573 -165.0000000000
575 -164.0000000000
581 -163.0000000000
582 -162.0000000000
586 -161.0000000000
587 -160.0000000000
588 -159.0000000000
597 -158.0000000000
599 -157.0000000000
606 -156.0000000000
607 -155.0000000000
608 -154.0000000000
622 -153.0000000000
628 -152.0000000000
629 -151.0000000000
640 -150.0000000000
642 -149.0000000000
650 -148.0000000000
651 -147.0000000000
654 -146.0000000000
660 -145.0000000000
668 -144.0000000000
671 -143.0000000000
682 -142.0000000000
686 -141.0000000000
690 -140.0000000000
700 -139.0000000000
707 -138.0000000000
712 -137.0000000000
724 -136.0000000000
728 -135.0000000000
732 -134.0000000000
733 -133.0000000000
734 -132.0000000000
739 -131.0000000000
740 -130.0000000000
744 -129.0000000000
745 -128.0000000000
747 -127.0000000000
752 -126.0000000000
757 -125.0000000000
758 -124.0000000000
759 -123.0000000000
763 -122.0000000000
764 -121.0000000000
773 -120.0000000000
778 -119.0000000000
779 -118.0000000000
780 -117.0000000000
784 -116.0000000000
787 -115.0000000000
799 -114.0000000000
808 -113.0000000000
816 -112.0000000000
822 -111.0000000000
829 -110.0000000000
840 -109.0000000000
851 -108.0000000000
853 -107.0000000000
863 -106.0000000000
866 -105.0000000000
893 -104.0000000000
894 -103.0000000000
899 -102.0000000000
908 -101.0000000000
911 -100.0000000000
913 -99.0000000000
915 -98.0000000000
926 -97.0000000000
934 -96.0000000000
951 -95.0000000000
964 -94.0000000000
970 -93.0000000000
976 -92.0000000000
977 -91.0000000000
978 -90.0000000000
979 -89.0000000000
984 -88.0000000000
990 -87.0000000000
991 -86.0000000000
993 -85.0000000000
1000 -84.0000000000
1009 -83.0000000000
1016 -82.0000000000
1020 -81.0000000000
1022 -80.0000000000
1034 -79.0000000000
1057 -78.0000000000
1063 -77.0000000000
1066 -76.0000000000
1075 -75.0000000000
1079 -74.0000000000
1090 -73.0000000000
1095 -72.0000000000
1096 -71.0000000000
1108 -70.0000000000
1110 -69.0000000000
1118 -68.0000000000
1120 -67.0000000000
1125 -66.0000000000
1146 -65.0000000000
1150 -64.0000000000
1158 -63.0000000000
1170 -62.0000000000
1171 -61.0000000000
1179 -60.0000000000
1183 -59.0000000000
1195 -58.0000000000
1197 -57.0000000000
1223 -56.0000000000
1251 -55.0000000000
1292 -54.0000000000
1308 -53.0000000000
1310 -52.0000000000
1375 -51.0000000000
1379 -50.0000000000
1381 -49.0000000000
1390 -48.0000000000
1392 -47.0000000000
1395 -46.0000000000
1426 -45.0000000000
1430 -44.0000000000
1437 -43.0000000000
1442 -42.0000000000
1444 -41.0000000000
1466 -40.0000000000
1483 -39.0000000000
1484 -38.0000000000
1489 -37.0000000000
1511 -36.0000000000
1517 -35.0000000000
1529 -34.0000000000
1555 -33.0000000000
1566 -32.0000000000
1568 -31.0000000000
1570 -30.0000000000
1571 -29.0000000000
1581 -28.0000000000
1602 -27.0000000000
1604 -26.0000000000
1608 -25.0000000000
1623 -24.0000000000
1658 -23.0000000000
1659 -22.0000000000
1719 -21.0000000000
1732 -20.0000000000
1741 -19.0000000000
1803 -18.0000000000
1804 -17.0000000000
1805 -16.0000000000
1824 -15.0000000000
1828 -14.0000000000
1854 -13.0000000000
1878 -12.0000000000
1939 -11.0000000000
1941 -10.0000000000
1953 -9.0000000000
1958 -8.0000000000
1981 -7.0000000000
2019 -6.0000000000
2111 -5.0000000000
2122 -4.0000000000
2176 -3.0000000000
2198 -2.0000000000
2243 -1.0000000000
2283 581.0000000000
100000 -1.0000000000
evaluations raw_y
1 -374.0000000000
2 -373.0000000000
5 -372.0000000000
6 -371.0000000000
7 -370.0000000000
12 -369.0000000000
13 -368.0000000000
15 -367.0000000000
16 -366.0000000000
18 -365.0000000000
20 -364.0000000000
21 -363.0000000000
22 -362.0000000000
23 -361.0000000000
24 -360.0000000000
26 -359.0000000000
27 -358.0000000000
28 -357.0000000000
30 -356.0000000000
32 -355.0000000000
35 -354.0000000000
39 -353.0000000000
40 -352.0000000000
41 -351.0000000000
43 -350.0000000000
44 -349.0000000000
46 -348.0000000000
48 -347.0000000000
50 -346.0000000000
51 -345.0000000000
52 -344.0000000000
54 -343.0000000000
55 -342.0000000000
58 -341.0000000000
59 -340.0000000000
62 -339.0000000000
63 -338.0000000000
64 -337.0000000000
65 -336.0000000000
66 -335.0000000000
70 -334.0000000000
74 -333.0000000000
75 -332.0000000000
76 -331.0000000000
78 -330.0000000000
79 -329.0000000000
80 -328.0000000000
82 -327.0000000000
83 -326.0000000000
85 -325.0000000000
86 -324.0000000000
87 -323.0000000000
88 -322.0000000000
89 -321.0000000000
90 -320.0000000000
93 -319.0000000000
95 -318.0000000000
96 -317.0000000000
104 -316.0000000000
106 -315.0000000000
107 -314.0000000000
109 -313.0000000000
110 -312.0000000000
114 -311.0000000000
116 -310.0000000000
119 -309.0000000000
123 -308.0000000000
127 -307.0000000000
134 -306.0000000000
137 -305.0000000000
145 -304.0000000000
148 -303.0000000000
153 -302.0000000000
156 -301.0000000000
157 -300.0000000000
158 -299.0000000000
163 -298.0000000000
166 -297.0000000000
173 -296.0000000000
174 -295.0000000000
175 -294.0000000000
177 -293.0000000000
179 -292.0000000000
191 -291.0000000000
194 -290.0000000000
195 -289.0000000000
197 -288.0000000000
201 -287.0000000000
204 -286.0000000000
207 -285.0000000000
208 -284.0000000000
211 -283.0000000000
216 -282.0000000000
218 -281.0000000000
219 -280.0000000000
226 -279.0000000000
227 -278.0000000000
231 -277.0000000000
233 -276.0000000000
235 -275.0000000000
236 -274.0000000000
237 -273.0000000000
238 -272.0000000000
242 -271.0000000000
246 -270.0000000000
248 -269.0000000000
249 -268.0000000000
250 -267.0000000000
251 -266.0000000000
261 -265.0000000000
274 -264.0000000000
276 -263.0000000000
277 -262.0000000000
279 -261.0000000000
281 -260.0000000000
285 -259.0000000000
290 -258.0000000000
294 -257.0000000000
295 -256.0000000000
297 -255.0000000000
298 -254.0000000000
302 -253.0000000000
304 -252.0000000000
310 -251.0000000000
312 -250.0000000000
313 -249.0000000000
316 -248.0000000000
319 -247.0000000000
322 -246.0000000000
324 -245.0000000000
326 -244.0000000000
328 -243.0000000000
332 -242.0000000000
341 -241.0000000000
342 -240.0000000000
343 -239.0000000000
350 -238.0000000000
354 -237.0000000000
357 -236.0000000000
359 -235.0000000000
360 -234.0000000000
363 -233.0000000000
371 -232.0000000000
378 -231.0000000000
380 -230.0000000000
387 -229.0000000000
393 -228.0000000000
396 -227.0000000000
398 -226.0000000000
399 -225.0000000000
400 -224.0000000000
401 -223.0000000000
404 -222.0000000000
407 -221.0000000000
420 -220.0000000000
424 -219.0000000000
425 -218.0000000000
429 -217.0000000000
430 -216.0000000000
431 -215.0000000000
434 -214.0000000000
437 -213.0000000000
441 -212.0000000000
442 -211.0000000000
446 -210.0000000000
448 -209.0000000000
453 -208.0000000000
456 -207.0000000000
459 -206.0000000000
462 -205.0000000000
471 -204.0000000000
476 -203.0000000000
477 -202.0000000000
479 -201.0000000000
480 -200.0000000000
481 -199.0000000000
486 -198.0000000000
488 -197.0000000000
499 -196.0000000000
503 -195.0000000000
504 -194.0000000000
505 -193.0000000000
510 -192.0000000000
522 -191.0000000000
525 -190.0000000000
531 -189.0000000000
532 -188.0000000000
533 -187.0000000000
537 -186.0000000000
547 -185.0000000000
548 -184.0000000000
549 -183.0000000000
550 -182.0000000000
552 -181.0000000000
560 -180.0000000000
565 -179.0000000000
572 -178.0000000000
577 -177.0000000000
579 -176.0000000000
587 -175.0000000000
597 -174.0000000000
604 -173.0000000000
606 -172.0000000000
613 -171.0000000000
614 -170.0000000000
629 -169.0000000000
630 -168.0000000000
631 -167.0000000000
632 -166.0000000000
634 -165.0000000000
641 -164.0000000000
645 -163.0000000000
646 -162.0000000000
649 -161.0000000000
654 -160.0000000000
658 -159.0000000000
660 -158.0000000000
664 -157.0000000000
668 -156.0000000000
672 -155.0000000000
674 -154.0000000000
675 -153.0000000000
677 -152.0000000000
682 -151.0000000000
686 -150.0000000000
687 -149.0000000000
689 -148.0000000000
694 -147.0000000000
699 -146.0000000000
702 -145.0000000000
703 -144.0000000000
710 -143.0000000000
717 -142.0000000000
718 -141.0000000000
719 -140.0000000000
721 -139.0000000000
722 -138.0000000000
732 -137.0000000000
733 -136.0000000000
736 -135.0000000000
739 -134.0000000000
743 -133.0000000000
755 -132.0000000000
767 -131.0000000000
772 -130.0000000000
780 -129.0000000000
781 -128.0000000000
782 -127.0000000000
788 -126.0000000000
820 -125.0000000000
829 -124.0000000000
834 -123.0000000000
838 -122.0000000000
852 -121.0000000000
853 -120.0000000000
862 -119.0000000000
866 -118.0000000000
871 -117.0000000000
872 -116.0000000000
881 -115.0000000000
887 -114.0000000000
910 -113.0000000000
915 -112.0000000000
922 -111.0000000000
929 -110.0000000000
930 -109.0000000000
931 -108.0000000000
933 -107.0000000000
935 -106.0000000000
940 -105.0000000000
951 -104.0000000000
952 -103.0000000000
967 -102.0000000000
987 -101.0000000000
989 -100.0000000000
990 -99.0000000000
999 -98.0000000000
1007 -97.0000000000
1008 -96.0000000000
1010 -95.0000000000
1023 -94.0000000000
1024 -93.0000000000
1028 -92.0000000000
1030 -91.0000000000
1032 -90.0000000000
1037 -89.0000000000
1045 -88.0000000000
1054 -87.0000000000
1056 -86.0000000000
1061 -85.0000000000
1069 -84.0000000000
1087 -83.0000000000
1100 -82.0000000000
1102 -81.0000000000
1103 -80.0000000000
1105 -79.0000000000
1106 -78.0000000000
1107 -77.0000000000
1116 -76.0000000000
1134 -75.0000000000
1138 -74.0000000000
1146 -73.0000000000
1151 -72.0000000000
1156 -71.0000000000
1157 -70.0000000000
1159 -69.0000000000
1160 -68.0000000000
1162 -67.0000000000
1164 -66.0000000000
1167 -65.0000000000
1182 -64.0000000000
1194 -63.0000000000
1203 -62.0000000000
1233 -61.0000000000
1247 -60.0000000000
1261 -59.0000000000
1262 -58.0000000000
1267 -57.0000000000
1279 -56.0000000000
1290 -55.0000000000
1293 -54.0000000000
1297 -53.0000000000
1302 -52.0000000000
1303 -51.0000000000
1325 -50.0000000000
1329 -49.0000000000
1331 -48.0000000000
1336 -47.0000000000
1350 -46.0000000000
1384 -45.0000000000
1417 -44.0000000000
1424 -43.0000000000
1426 -42.0000000000
1446 -41.0000000000
1452 -40.0000000000
1456 -39.0000000000
1489 -38.0000000000
1498 -37.0000000000
1500 -36.0000000000
1505 -35.0000000000
1512 -34.0000000000
1519 -33.0000000000
1521 -32.0000000000
1531 -31.0000000000
1537 -30.0000000000
1542 -29.0000000000
1544 -28.0000000000
1545 -27.0000000000
1562 -26.0000000000
1585 -25.0000000000
1597 -24.0000000000
1606 -23.0000000000
1611 -22.0000000000
1621 -21.0000000000
1636 -20.0000000000
1666 -19.0000000000
1670 -18.0000000000
1675 -17.0000000000
1684 -16.0000000000
1720 -15.0000000000
1760 -14.0000000000
1792 -13.0000000000
1800 -12.0000000000
1850 -11.0000000000
1862 -10.0000000000
1878 -9.0000000000
1947 -8.0000000000
1967 -7.0000000000
1991 -6.0000000000
2011 -5.0000000000
2032 -4.0000000000
2052 -3.0000000000
2273 -2.0000000000
2316 -1.0000000000
2335 577.0000000000
100000 -1.0000000000
evaluations raw_y
1 -358.0000000000
5 -357.0000000000
7 -356.0000000000
10 -355.0000000000
17 -354.0000000000
18 -353.0000000000
20 -352.0000000000
21 -351.0000000000
24 -350.0000000000
26 -349.0000000000
27 -348.0000000000
28 -347.0000000000
30 -346.0000000000
31 -345.0000000000
33 -344.0000000000
34 -343.0000000000
38 -342.0000000000
39 -341.0000000000
40 -340.0000000000
41 -339.0000000000
42 -338.0000000000
43 -337.0000000000
46 -336.0000000000
47 -335.0000000000
50 -334.0000000000
51 -333.0000000000
53 -332.0000000000
55 -331.0000000000
57 -330.0000000000
61 -329.0000000000
66 -328.0000000000
67 -327.0000000000
69 -326.0000000000
71 -325.0000000000
74 -324.0000000000
75 -323.0000000000
77 -322.0000000000
79 -321.0000000000
80 -320.0000000000
85 -319.0000000000
89 -318.0000000000
92 -317.0000000000
93 -316.0000000000
95 -315.0000000000
99 -314.0000000000
105 -313.0000000000
107 -312.0000000000
108 -311.0000000000
109 -310.0000000000
110 -309.0000000000
114 -308.0000000000
119 -307.0000000000
120 -306.0000000000
124 -305.0000000000
126 -304.0000000000
130 -303.0000000000
132 -302.0000000000
134 -301.0000000000
137 -300.0000000000
138 -299.0000000000
139 -298.0000000000
140 -297.0000000000
141 -296.0000000000
142 -295.0000000000
146 -294.0000000000
147 -293.0000000000
150 -292.0000000000
151 -291.0000000000
152 -290.0000000000
155 -289.0000000000
160 -288.0000000000
161 -287.0000000000
164 -286.0000000000
169 -285.0000000000
170 -284.0000000000
173 -283.0000000000
174 -282.0000000000
181 -281.0000000000
182 -280.0000000000
184 -279.0000000000
186 -278.0000000000
192 -277.0000000000
193 -276.0000000000
195 -275.0000000000
202 -274.0000000000
204 -273.0000000000
205 -272.0000000000
206 -271.0000000000
207 -270.0000000000
209 -269.0000000000
210 -268.0000000000
212 -267.0000000000
213 -266.0000000000
215 -265.0000000000
216 -264.0000000000
220 -263.0000000000
223 -262.0000000000
224 -261.0000000000
226 -260.0000000000
227 -259.0000000000
228 -258.0000000000
229 -257.0000000000
231 -256.0000000000
232 -255.0000000000
234 -254.0000000000
236 -253.0000000000
237 -252.0000000000
238 -251.0000000000
241 -250.0000000000
247 -249.0000000000
251 -248.0000000000
258 -247.0000000000
259 -246.0000000000
279 -245.0000000000
286 -244.0000000000
290 -243.0000000000
291 -242.0000000000
298 -241.0000000000
299 -240.0000000000
301 -239.0000000000
303 -238.0000000000
307 -237.0000000000
309 -236.0000000000
314 -235.0000000000
316 -234.0000000000
318 -233.0000000000
319 -232.0000000000
321 -231.0000000000
322 -230.0000000000
325 -229.0000000000
328 -228.0000000000
331 -227.0000000000
332 -226.0000000000
334 -225.0000000000
336 -224.0000000000
337 -223.0000000000
343 -222.0000000000
351 -221.0000000000
353 -220.0000000000
355 -219.0000000000
357 -218.0000000000
358 -217.0000000000
367 -216.0000000000
371 -215.0000000000
372 -214.0000000000
373 -213.0000000000
374 -212.0000000000
377 -211.0000000000
387 -210.0000000000
388 -209.0000000000
390 -208.0000000000
391 -207.0000000000
392 -206.0000000000
393 -205.0000000000
395 -204.0000000000
404 -203.0000000000
406 -202.0000000000
418 -201.0000000000
421 -200.0000000000
422 -199.0000000000
427 -198.0000000000
431 -197.0000000000
436 -196.0000000000
440 -195.0000000000
441 -194.0000000000
443 -193.0000000000
453 -192.0000000000
460 -191.0000000000
468 -190.0000000000
485 -189.0000000000
491 -188.0000000000
492 -187.0000000000
503 -186.0000000000
506 -185.0000000000
513 -184.0000000000
517 -183.0000000000
524 -182.0000000000
530 -181.0000000000
540 -180.0000000000
544 -179.0000000000
545 -178.0000000000
552 -177.0000000000
554 -176.0000000000
556 -175.0000000000
557 -174.0000000000
559 -173.0000000000
563 -172.0000000000
566 -171.0000000000
571 -170.0000000000
577 -169.0000000000
579 -168.0000000000
584 -167.0000000000
586 -166.0000000000
587 -165.0000000000
590 -164.0000000000
593 -163.0000000000
600 -162.0000000000
601 -161.0000000000
613 -160.0000000000
616 -159.0000000000
618 -158.0000000000
621 -157.0000000000
623 -156.0000000000
624 -155.0000000000
626 -154.0000000000
636 -153.0000000000
637 -152.0000000000
642 -151.0000000000
646 -150.0000000000
648 -149.0000000000
649 -148.0000000000
654 -147.0000000000
656 -146.0000000000
666 -145.0000000000
671 -144.0000000000
674 -143.0000000000
677 -142.0000000000
684 -141.0000000000
685 -140.0000000000
692 -139.0000000000
697 -138.0000000000
705 -137.0000000000
707 -136.0000000000
710 -135.0000000000
715 -134.0000000000
717 -133.0000000000
719 -132.0000000000
725 -131.0000000000
730 -130.0000000000
735 -129.0000000000
740 -128.0000000000
756 -127.0000000000
761 -126.0000000000
764 -125.0000000000
768 -124.0000000000
772 -123.0000000000
780 -122.0000000000
785 -121.0000000000
795 -120.0000000000
801 -119.0000000000
802 -118.0000000000
806 -117.0000000000
815 -116.0000000000
824 -115.0000000000
831 -114.0000000000
832 -113.0000000000
834 -112.0000000000
836 -111.0000000000
845 -110.0000000000
856 -109.0000000000
866 -108.0000000000
872 -107.0000000000
880 -106.0000000000
892 -105.0000000000
905 -104.0000000000
918 -103.0000000000
922 -102.0000000000
928 -101.0000000000
931 -100.0000000000
937 -99.0000000000
943 -98.0000000000
962 -97.0000000000
963 -96.0000000000
971 -95.0000000000
976 -94.0000000000
985 -93.0000000000
988 -92.0000000000
992 -91.0000000000
1000 -90.0000000000
1001 -89.0000000000
1010 -88.0000000000
1012 -87.0000000000
1014 -86.0000000000
1015 -85.0000000000
1017 -84.0000000000
1067 -83.0000000000
1089 -82.0000000000
1114 -81.0000000000
1136 -80.0000000000
1143 -79.0000000000
1147 -78.0000000000
1152 -77.0000000000
1174 -76.0000000000
1191 -75.0000000000
1193 -74.0000000000
1196 -73.0000000000
1209 -72.0000000000
1234 -71.0000000000
1237 -70.0000000000
1240 -69.0000000000
1251 -68.0000000000
1302 -67.0000000000
1315 -66.0000000000
1323 -65.0000000000
1328 -64.0000000000
1329 -63.0000000000
1338 -62.0000000000
1367 -61.0000000000
1368 -60.0000000000
1381 -59.0000000000
1385 -58.0000000000
1399 -57.0000000000
1400 -56.0000000000
1410 -55.0000000000
1416 -54.0000000000
1434 -53.0000000000
1435 -52.0000000000
1439 -51.0000000000
1456 -50.0000000000
1466 -49.0000000000
1516 -48.0000000000
1540 -47.0000000000
1542 -46.0000000000
1544 -45.0000000000
1559 -44.0000000000
1563 -43.0000000000
1608 -42.0000000000
1631 -41.0000000000
1633 -40.0000000000
1637 -39.0000000000
1661 -38.0000000000
1662 -37.0000000000
1670 -36.0000000000
1683 -35.0000000000
1685 -34.0000000000
1691 -33.0000000000
1721 -32.0000000000
1733 -31.0000000000
1736 -30.0000000000
1765 -29.0000000000
1769 -28.0000000000
1793 -27.0000000000
1808 -26.0000000000
1811 -25.0000000000
1877 -24.0000000000
1887 -23.0000000000
1911 -22.0000000000
1918 -21.0000000000
1925 -20.0000000000
1936 -19.0000000000
1951 -18.0000000000
1973 -17.0000000000
2030 -16.0000000000
2072 -15.0000000000
2130 -14.0000000000
2150 -13.0000000000
2157 -12.0000000000
2160 -11.0000000000
2245 -10.0000000000
2307 -9.0000000000
2311 -8.0000000000
2364 -7.0000000000
2572 -6.0000000000
2634 -5.0000000000
2668 -4.0000000000
2712 -3.0000000000
2739 -2.0000000000
2833 -1.0000000000
2907 591.0000000000
100000 -1.0000000000
evaluations raw_y
1 -405.0000000000
2 -404.0000000000
6 -403.0000000000
7 -402.0000000000
8 -401.0000000000
9 -400.0000000000
12 -399.0000000000
13 -398.0000000000
14 -397.0000000000
15 -396.0000000000
16 -395.0000000000
19 -394.0000000000
21 -393.0000000000
22 -392.0000000000
26 -391.0000000000
27 -390.0000000000
28 -389.0000000000
31 -388.0000000000
36 -387.0000000000
39 -386.0000000000
40 -385.0000000000
41 -384.0000000000
42 -383.0000000000
43 -382.0000000000
44 -381.0000000000
46 -380.0000000000
50 -379.0000000000
51 -378.0000000000
55 -377.0000000000
59 -376.0000000000
60 -375.0000000000
67 -374.0000000000
69 -373.0000000000
72 -372.0000000000
74 -371.0000000000
75 -370.0000000000
77 -369.0000000000
79 -368.0000000000
80 -367.0000000000
81 -366.0000000000
82 -365.0000000000
83 -364.0000000000
88 -363.0000000000
89 -362.0000000000
91 -361.0000000000
92 -360.0000000000
93 -359.0000000000
96 -358.0000000000
98 -357.0000000000
99 -356.0000000000
101 -355.0000000000
107 -354.0000000000
108 -353.0000000000
112 -352.0000000000
116 -351.0000000000
117 -350.0000000000
121 -349.0000000000
122 -348.0000000000
124 -347.0000000000
128 -346.0000000000
129 -345.0000000000
131 -344.0000000000
134 -343.0000000000
135 -342.0000000000
136 -341.0000000000
139 -340.0000000000
141 -339.0000000000
146 -338.0000000000
148 -337.0000000000
150 -336.0000000000
151 -335.0000000000
152 -334.0000000000
154 -333.0000000000
155 -332.0000000000
157 -331.0000000000
158 -330.0000000000
159 -329.0000000000
160 -328.0000000000
163 -327.0000000000
166 -326.0000000000
168 -325.0000000000
171 -324.0000000000
172 -323.0000000000
178 -322.0000000000
180 -321.0000000000
181 -320.0000000000
189 -319.0000000000
190 -318.0000000000
196 -317.0000000000
197 -316.0000000000
198 -315.0000000000
199 -314.0000000000
200 -313.0000000000
203 -312.0000000000
205 -311.0000000000
209 -310.0000000000
211 -309.0000000000
213 -308.0000000000
215 -307.0000000000
219 -306.0000000000
221 -305.0000000000
224 -304.0000000000
225 -303.0000000000
226 -302.0000000000
237 -301.0000000000
238 -300.0000000000
239 -299.0000000000
240 -298.0000000000
241 -297.0000000000
242 -296.0000000000
252 -295.0000000000
253 -294.0000000000
255 -293.0000000000
256 -292.0000000000
257 -291.0000000000
258 -290.0000000000
259 -289.0000000000
261 -288.0000000000
264 -287.0000000000
265 -286.0000000000
268 -285.0000000000
269 -284.0000000000
274 -283.0000000000
277 -282.0000000000
282 -281.0000000000
283 -280.0000000000
286 -279.0000000000
290 -278.0000000000
296 -277.0000000000
298 -276.0000000000
299 -275.0000000000
300 -274.0000000000
301 -273.0000000000
304 -272.0000000000
305 -271.0000000000
307 -270.0000000000
312 -269.0000000000
313 -268.0000000000
314 -267.0000000000
316 -266.0000000000
318 -265.0000000000
321 -264.0000000000
322 -263.0000000000
325 -262.0000000000
328 -261.0000000000
334 -260.0000000000
335 -259.0000000000
336 -258.0000000000
338 -257.0000000000
344 -256.0000000000
347 -255.0000000000
348 -254.0000000000
349 -253.0000000000
350 -252.0000000000
353 -251.0000000000
355 -250.0000000000
356 -249.0000000000
358 -248.0000000000
362 -247.0000000000
366 -246.0000000000
370 -245.0000000000
373 -244.0000000000
378 -243.0000000000
380 -242.0000000000
384 -241.0000000000
389 -240.0000000000
390 -239.0000000000
391 -238.0000000000
392 -237.0000000000
394 -236.0000000000
404 -235.0000000000
406 -234.0000000000
408 -233.0000000000
411 -232.0000000000
412 -231.0000000000
414 -230.0000000000
415 -229.0000000000
418 -228.0000000000
419 -227.0000000000
420 -226.0000000000
422 -225.0000000000
426 -224.0000000000
430 -223.0000000000
433 -222.0000000000
435 -221.0000000000
437 -220.0000000000
439 -219.0000000000
444 -218.0000000000
451 -217.0000000000
454 -216.0000000000
455 -215.0000000000
456 -214.0000000000
457 -213.0000000000
461 -212.0000000000
462 -211.0000000000
464 -210.0000000000
468 -209.0000000000
472 -208.0000000000
474 -207.0000000000
476 -206.0000000000
477 -205.0000000000
482 -204.0000000000
483 -203.0000000000
485 -202.0000000000
486 -201.0000000000
493 -200.0000000000
494 -199.0000000000
496 -198.0000000000
497 -197.0000000000
501 -196.0000000000
508 -195.0000000000
511 -194.0000000000
518 -193.0000000000
520 -192.0000000000
521 -191.0000000000
529 -190.0000000000
535 -189.0000000000
536 -188.0000000000
545 -187.0000000000
547 -186.0000000000
548 -185.0000000000
552 -184.0000000000
554 -183.0000000000
561 -182.0000000000
563 -181.0000000000
566 -180.0000000000
572 -179.0000000000
579 -178.0000000000
580 -177.0000000000
582 -176.0000000000
583 -175.0000000000
589 -174.0000000000
592 -173.0000000000
599 -172.0000000000
605 -171.0000000000
609 -170.0000000000
612 -169.0000000000
613 -168.0000000000
617 -167.0000000000
620 -166.0000000000
623 -165.0000000000
632 -164.0000000000
635 -163.0000000000
640 -162.0000000000
645 -161.0000000000
646 -160.0000000000
647 -159.0000000000
666 -158.0000000000
670 -157.0000000000
690 -156.0000000000
700 -155.0000000000
701 -154.0000000000
709 -153.0000000000
712 -152.0000000000
714 -151.0000000000
716 -150.0000000000
717 -149.0000000000
725 -148.0000000000
729 -147.0000000000
738 -146.0000000000
741 -145.0000000000
743 -144.0000000000
758 -143.0000000000
763 -142.0000000000
765 -141.0000000000
770 -140.0000000000
774 -139.0000000000
777 -138.0000000000
778 -137.0000000000
781 -136.0000000000
782 -135.0000000000
795 -134.0000000000
805 -133.0000000000
808 -132.0000000000
809 -131.0000000000
814 -130.0000000000
823 -129.0000000000
829 -128.0000000000
832 -127.0000000000
842 -126.0000000000
843 -125.0000000000
844 -124.0000000000
845 -123.0000000000
848 -122.0000000000
849 -121.0000000000
854 -120.0000000000
855 -119.0000000000
856 -118.0000000000
859 -117.0000000000
863 -116.0000000000
865 -115.0000000000
878 -114.0000000000
882 -113.0000000000
883 -112.0000000000
886 -111.0000000000
891 -110.0000000000
892 -109.0000000000
900 -108.0000000000
907 -107.0000000000
915 -106.0000000000
920 -105.0000000000
923 -104.0000000000
929 -103.0000000000
932 -102.0000000000
938 -101.0000000000
948 -100.0000000000
958 -99.0000000000
962 -98.0000000000
963 -97.0000000000
971 -96.0000000000
972 -95.0000000000
979 -94.0000000000
999 -93.0000000000
1020 -92.0000000000
1034 -91.0000000000
1043 -90.0000000000
1045 -89.0000000000
1049 -88.0000000000
1068 -87.0000000000
1083 -86.0000000000
1084 -85.0000000000
1089 -84.0000000000
1110 -83.0000000000
1123 -82.0000000000
1133 -81.0000000000
1141 -80.0000000000
1154 -79.0000000000
1168 -78.0000000000
1175 -77.0000000000
1176 -76.0000000000
1179 -75.0000000000
1190 -74.0000000000
1216 -73.0000000000
1220 -72.0000000000
1247 -71.0000000000
1248 -70.0000000000
1249 -69.0000000000
1253 -68.0000000000
1280 -67.0000000000
1283 -66.0000000000
1285 -65.0000000000
1291 -64.0000000000
1332 -63.0000000000
1345 -62.0000000000
1366 -61.0000000000
1370 -60.0000000000
1375 -59.0000000000
1376 -58.0000000000
1387 -57.0000000000
1395 -56.0000000000
1405 -55.0000000000
1414 -54.0000000000
1425 -53.0000000000
1432 -52.0000000000
1435 -51.0000000000
1444 -50.0000000000
1453 -49.0000000000
1458 -48.0000000000
1486 -47.0000000000
1491 -46.0000000000
1522 -45.0000000000
1543 -44.0000000000
1555 -43.0000000000
1575 -42.0000000000
1601 -41.0000000000
1607 -40.0000000000
1637 -39.0000000000
1644 -38.0000000000
1653 -37.0000000000
1661 -36.0000000000
1685 -35.0000000000
1734 -34.0000000000
1770 -33.0000000000
1789 -32.0000000000
1842 -31.0000000000
1868 -30.0000000000
1869 -29.0000000000
1874 -28.0000000000
1900 -27.0000000000
1940 -26.0000000000
1956 -25.0000000000
1968 -24.0000000000
1980 -23.0000000000
2027 -22.0000000000
2039 -21.0000000000
2067 -20.0000000000
2085 -19.0000000000
2093 -18.0000000000
2094 -17.0000000000
2120 -16.0000000000
2133 -15.0000000000
2146 -14.0000000000
2150 -13.0000000000
2171 -12.0000000000
2194 -11.0000000000
2213 -10.0000000000
2231 -9.0000000000
2391 -8.0000000000
2453 -7.0000000000
2548 -6.0000000000
2567 -5.0000000000
2626 -4.0000000000
2682 -3.0000000000
2688 -2.0000000000
2785 -1.0000000000
2831 585.0000000000
100000 -1.0000000000
evaluations raw_y
1 -369.0000000000
4 -368.0000000000
5 -367.0000000000
6 -366.0000000000
9 -365.0000000000
12 -364.0000000000
17 -363.0000000000
19 -362.0000000000
20 -361.0000000000
21 -360.0000000000
26 -359.0000000000
28 -358.0000000000
29 -357.0000000000
31 -356.0000000000
33 -355.0000000000
35 -354.0000000000
36 -353.0000000000
38 -352.0000000000
41 -351.0000000000
45 -350.0000000000
46 -349.0000000000
47 -348.0000000000
51 -347.0000000000
53 -346.0000000000
55 -345.0000000000
56 -344.0000000000
61 -343.0000000000
62 -342.0000000000
63 -341.0000000000
67 -340.0000000000
69 -339.0000000000
70 -338.0000000000
71 -337.0000000000
74 -336.0000000000
75 -335.0000000000
77 -334.0000000000
78 -333.0000000000
79 -332.0000000000
84 -331.0000000000
87 -330.0000000000
88 -329.0000000000
89 -328.0000000000
92 -327.0000000000
95 -326.0000000000
96 -325.0000000000
97 -324.0000000000
98 -323.0000000000
101 -322.0000000000
105 -321.0000000000
106 -320.0000000000
108 -319.0000000000
109 -318.0000000000
110 -317.0000000000
112 -316.0000000000
118 -315.0000000000
119 -314.0000000000
121 -313.0000000000
122 -312.0000000000
126 -311.0000000000
129 -310.0000000000
131 -309.0000000000
133 -308.0000000000
135 -307.0000000000
137 -306.0000000000
138 -305.0000000000
139 -304.0000000000
143 -303.0000000000
145 -302.0000000000
146 -301.0000000000
147 -300.0000000000
149 -299.0000000000
151 -298.0000000000
155 -297.0000000000
156 -296.0000000000
158 -295.0000000000
162 -294.0000000000
168 -293.0000000000
169 -292.0000000000
175 -291.0000000000
176 -290.0000000000
181 -289.0000000000
183 -288.0000000000
185 -287.0000000000
187 -286.0000000000
188 -285.0000000000
190 -284.0000000000
191 -283.0000000000
192 -282.0000000000
194 -281.0000000000
195 -280.0000000000
197 -279.0000000000
199 -278.0000000000
200 -277.0000000000
202 -276.0000000000
203 -275.0000000000
210 -274.0000000000
211 -273.0000000000
212 -272.0000000000
214 -271.0000000000
217 -270.0000000000
218 -269.0000000000
219 -268.0000000000
222 -267.0000000000
223 -266.0000000000
228 -265.0000000000
234 -264.0000000000
237 -263.0000000000
241 -262.0000000000
243 -261.0000000000
245 -260.0000000000
246 -259.0000000000
252 -258.0000000000
258 -257.0000000000
261 -256.0000000000
262 -255.0000000000
264 -254.0000000000
269 -253.0000000000
273 -252.0000000000
276 -251.0000000000
277 -250.0000000000
278 -249.0000000000
279 -248.0000000000
282 -247.0000000000
287 -246.0000000000
291 -245.0000000000
295 -244.0000000000
298 -243.0000000000
303 -242.0000000000
305 -241.0000000000
307 -240.0000000000
312 -239.0000000000
318 -238.0000000000
320 -237.0000000000
321 -236.0000000000
326 -235.0000000000
332 -234.0000000000
334 -233.0000000000
336 -232.0000000000
344 -231.0000000000
352 -230.0000000000
353 -229.0000000000
356 -228.0000000000
358 -227.0000000000
363 -226.0000000000
365 -225.0000000000
377 -224.0000000000
378 -223.0000000000
379 -222.0000000000
380 -221.0000000000
381 -220.0000000000
382 -219.0000000000
384 -218.0000000000
385 -217.0000000000
386 -216.0000000000
387 -215.0000000000
388 -214.0000000000
392 -213.0000000000
393 -212.0000000000
395 -211.0000000000
398 -210.0000000000
401 -209.0000000000
407 -208.0000000000
411 -207.0000000000
414 -206.0000000000
419 -205.0000000000
424 -204.0000000000
426 -203.0000000000
427 -202.0000000000
432 -201.0000000000
435 -200.0000000000
437 -199.0000000000
439 -198.0000000000
446 -197.0000000000
447 -196.0000000000
448 -195.0000000000
451 -194.0000000000
453 -193.0000000000
460 -192.0000000000
468 -191.0000000000
472 -190.0000000000
474 -189.0000000000
476 -188.0000000000
481 -187.0000000000
491 -186.0000000000
493 -185.0000000000
496 -184.0000000000
497 -183.0000000000
502 -182.0000000000
504 -181.0000000000
505 -180.0000000000
507 -179.0000000000
513 -178.0000000000
521 -177.0000000000
522 -176.0000000000
523 -175.0000000000
524 -174.0000000000
532 -173.0000000000
535 -172.0000000000
536 -171.0000000000
537 -170.0000000000
539 -169.0000000000
541 -168.0000000000
545 -167.0000000000
551 -166.0000000000
564 -165.0000000000
565 -164.0000000000
566 -163.0000000000
567 -162.0000000000
569 -161.0000000000
570 -160.0000000000
571 -159.0000000000
581 -158.0000000000
589 -157.0000000000
592 -156.0000000000
593 -155.0000000000
597 -154.0000000000
605 -153.0000000000
607 -152.0000000000
611 -151.0000000000
613 -150.0000000000
617 -149.0000000000
621 -148.0000000000
630 -147.0000000000
631 -146.0000000000
634 -145.0000000000
640 -144.0000000000
652 -143.0000000000
654 -142.0000000000
662 -141.0000000000
669 -140.0000000000
673 -139.0000000000
682 -138.0000000000
688 -137.0000000000
704 -136.0000000000
706 -135.0000000000
707 -134.0000000000
710 -133.0000000000
715 -132.0000000000
716 -131.0000000000
720 -130.0000000000
721 -129.0000000000
725 -128.0000000000
726 -127.0000000000
732 -126.0000000000
735 -125.0000000000
741 -124.0000000000
743 -123.0000000000
745 -122.0000000000
751 -121.0000000000
757 -120.0000000000
760 -119.0000000000
761 -118.0000000000
763 -117.0000000000
765 -116.0000000000
767 -115.0000000000
773 -114.0000000000
788 -113.0000000000
799 -112.0000000000
804 -111.0000000000
818 -110.0000000000
828 -109.0000000000
835 -108.0000000000
839 -107.0000000000
843 -106.0000000000
844 -105.0000000000
846 -104.0000000000
850 -103.0000000000
852 -102.0000000000
853 -101.0000000000
865 -100.0000000000
876 -99.0000000000
886 -98.0000000000
915 -97.0000000000
918 -96.0000000000
927 -95.0000000000
934 -94.0000000000
936 -93.0000000000
942 -92.0000000000
945 -91.0000000000
970 -90.0000000000
976 -89.0000000000
977 -88.0000000000
985 -87.0000000000
986 -86.0000000000
1004 -85.0000000000
1016 -84.0000000000
1035 -83.0000000000
1037 -82.0000000000
1038 -81.0000000000
1039 -80.0000000000
1042 -79.0000000000
1044 -78.0000000000
1063 -77.0000000000
1080 -76.0000000000
1084 -75.0000000000
1085 -74.0000000000
1090 -73.0000000000
1101 -72.0000000000
1112 -71.0000000000
1140 -70.0000000000
1152 -69.0000000000
1155 -68.0000000000
1164 -67.0000000000
1170 -66.0000000000
1172 -65.0000000000
1177 -64.0000000000
1183 -63.0000000000
1184 -62.0000000000
1192 -61.0000000000
1205 -60.0000000000
1214 -59.0000000000
1229 -58.0000000000
1257 -57.0000000000
1261 -56.0000000000
1262 -55.0000000000
1268 -54.0000000000
1271 -53.0000000000
1277 -52.0000000000
1283 -51.0000000000
1292 -50.0000000000
1303 -49.0000000000
1313 -48.0000000000
1331 -47.0000000000
1385 -46.0000000000
1389 -45.0000000000
1403 -44.0000000000
1407 -43.0000000000
1428 -42.0000000000
1429 -41.0000000000
1452 -40.0000000000
1469 -39.0000000000
1501 -38.0000000000
1508 -37.0000000000
1531 -36.0000000000
1535 -35.0000000000
1539 -34.0000000000
1541 -33.0000000000
1581 -32.0000000000
1603 -31.0000000000
1638 -30.0000000000
1652 -29.0000000000
1692 -28.0000000000
1697 -27.0000000000
1707 -26.0000000000
1719 -25.0000000000
1729 -24.0000000000
1810 -23.0000000000
1812 -22.0000000000
1821 -21.0000000000
1829 -20.0000000000
1849 -19.0000000000
1855 -18.0000000000
1874 -17.0000000000
1934 -16.0000000000
1941 -15.0000000000
1971 -14.0000000000
2006 -13.0000000000
2033 -12.0000000000
2041 -11.0000000000
2189 -10.0000000000
2235 -9.0000000000
2249 -8.0000000000
2263 -7.0000000000
2271 -6.0000000000
2309 -5.0000000000
2332 -4.0000000000
2428 -3.0000000000
2429 -2.0000000000
2439 -1.0000000000
2733 610.0000000000
100000 -1.0000000000
evaluations raw_y
1 -366.0000000000
4 -365.0000000000
5 -364.0000000000
6 -363.0000000000
8 -362.0000000000
10 -361.0000000000
14 -360.0000000000
15 -359.0000000000
16 -358.0000000000
17 -357.0000000000
20 -356.0000000000
21 -355.0000000000
23 -354.0000000000
24 -353.0000000000
27 -352.0000000000
28 -351.0000000000
31 -350.0000000000
32 -349.0000000000
33 -348.0000000000
37 -347.0000000000
39 -346.0000000000
43 -345.0000000000
44 -344.0000000000
45 -343.0000000000
49 -342.0000000000
53 -341.0000000000
54 -340.0000000000
55 -339.0000000000
56 -338.0000000000
59 -337.0000000000
62 -336.0000000000
66 -335.0000000000
68 -334.0000000000
70 -333.0000000000
71 -332.0000000000
74 -331.0000000000
75 -330.0000000000
76 -329.0000000000
84 -328.0000000000
88 -327.0000000000
96 -326.0000000000
97 -325.0000000000
98 -324.0000000000
103 -323.0000000000
105 -322.0000000000
106 -321.0000000000
107 -320.0000000000
108 -319.0000000000
112 -318.0000000000
113 -317.0000000000
117 -316.0000000000
118 -315.0000000000
121 -314.0000000000
122 -313.0000000000
123 -312.0000000000
125 -311.0000000000
128 -310.0000000000
131 -309.0000000000
135 -308.0000000000
137 -307.0000000000
139 -306.0000000000
141 -305.0000000000
142 -304.0000000000
143 -303.0000000000
144 -302.0000000000
147 -301.0000000000
155 -300.0000000000
156 -299.0000000000
161 -298.0000000000
163 -297.0000000000
164 -296.0000000000
166 -295.0000000000
168 -294.0000000000
170 -293.0000000000
172 -292.0000000000
173 -291.0000000000
179 -290.0000000000
180 -289.0000000000
184 -288.0000000000
188 -287.0000000000
191 -286.0000000000
192 -285.0000000000
196 -284.0000000000
198 -283.0000000000
200 -282.0000000000
205 -281.0000000000
209 -280.0000000000
213 -279.0000000000
218 -278.0000000000
220 -277.0000000000
221 -276.0000000000
222 -275.0000000000
223 -274.0000000000
227 -273.0000000000
233 -272.0000000000
234 -271.0000000000
240 -270.0000000000
243 -269.0000000000
245 -268.0000000000
247 -267.0000000000
250 -266.0000000000
252 -265.0000000000
256 -264.0000000000
259 -263.0000000000
264 -262.0000000000
265 -261.0000000000
266 -260.0000000000
276 -259.0000000000
277 -258.0000000000
278 -257.0000000000
286 -256.0000000000
288 -255.0000000000
289 -254.0000000000
291 -253.0000000000
293 -252.0000000000
294 -251.0000000000
298 -250.0000000000
300 -249.0000000000
302 -248.0000000000
306 -247.0000000000
307 -246.0000000000
312 -245.0000000000
316 -244.0000000000
323 -243.0000000000
324 -242.0000000000
326 -241.0000000000
327 -240.0000000000
330 -239.0000000000
335 -238.0000000000
337 -237.0000000000
341 -236.0000000000
342 -235.0000000000
343 -234.0000000000
345 -233.0000000000
347 -232.0000000000
352 -231.0000000000
355 -230.0000000000
358 -229.0000000000
360 -228.0000000000
364 -227.0000000000
370 -226.0000000000
373 -225.0000000000
379 -224.0000000000
380 -223.0000000000
381 -222.0000000000
385 -221.0000000000
386 -220.0000000000
392 -219.0000000000
393 -218.0000000000
403 -217.0000000000
409 -216.0000000000
410 -215.0000000000
412 -214.0000000000
414 -213.0000000000
415 -212.0000000000
416 -211.0000000000
419 -210.0000000000
423 -209.0000000000
425 -208.0000000000
426 -207.0000000000
431 -206.0000000000
433 -205.0000000000
435 -204.0000000000
443 -203.0000000000
446 -202.0000000000
449 -201.0000000000
450 -200.0000000000
452 -199.0000000000
456 -198.0000000000
457 -197.0000000000
462 -196.0000000000
466 -195.0000000000
467 -194.0000000000
477 -193.0000000000
479 -192.0000000000
482 -191.0000000000
483 -190.0000000000
487 -189.0000000000
501 -188.0000000000
505 -187.0000000000
512 -186.0000000000
517 -185.0000000000
518 -184.0000000000
520 -183.0000000000
522 -182.0000000000
527 -181.0000000000
535 -180.0000000000
536 -179.0000000000
544 -178.0000000000
550 -177.0000000000
554 -176.0000000000
559 -175.0000000000
570 -174.0000000000
574 -173.0000000000
582 -172.0000000000
583 -171.0000000000
585 -170.0000000000
588 -169.0000000000
589 -168.0000000000
591 -167.0000000000
595 -166.0000000000
603 -165.0000000000
605 -164.0000000000
619 -163.0000000000
621 -162.0000000000
625 -161.0000000000
629 -160.0000000000
633 -159.0000000000
634 -158.0000000000
639 -157.0000000000
643 -156.0000000000
648 -155.0000000000
649 -154.0000000000
655 -153.0000000000
656 -152.0000000000
659 -151.0000000000
665 -150.0000000000
675 -149.0000000000
677 -148.0000000000
678 -147.0000000000
679 -146.0000000000
680 -145.0000000000
684 -144.0000000000
694 -143.0000000000
702 -142.0000000000
716 -141.0000000000
723 -140.0000000000
724 -139.0000000000
727 -138.0000000000
731 -137.0000000000
735 -136.0000000000
742 -135.0000000000
749 -134.0000000000
751 -133.0000000000
752 -132.0000000000
766 -131.0000000000
767 -130.0000000000
769 -129.0000000000
773 -128.0000000000
782 -127.0000000000
789 -126.0000000000
791 -125.0000000000
795 -124.0000000000
799 -123.0000000000
802 -122.0000000000
803 -121.0000000000
807 -120.0000000000
817 -119.0000000000
824 -118.0000000000
832 -117.0000000000
834 -116.0000000000
841 -115.0000000000
872 -114.0000000000
873 -113.0000000000
888 -112.0000000000
889 -111.0000000000
890 -110.0000000000
900 -109.0000000000
902 -108.0000000000
912 -107.0000000000
915 -106.0000000000
925 -105.0000000000
947 -104.0000000000
957 -103.0000000000
959 -102.0000000000
963 -101.0000000000
968 -100.0000000000
972 -99.0000000000
979 -98.0000000000
995 -97.0000000000
1006 -96.0000000000
1016 -95.0000000000
1020 -94.0000000000
1029 -93.0000000000
1037 -92.0000000000
1044 -91.0000000000
1062 -90.0000000000
1063 -89.0000000000
1076 -88.0000000000
1079 -87.0000000000
1085 -86.0000000000
1087 -85.0000000000
1094 -84.0000000000
1132 -83.0000000000
1158 -82.0000000000
1172 -81.0000000000
1173 -80.0000000000
1180 -79.0000000000
1197 -78.0000000000
1200 -77.0000000000
1205 -76.0000000000
1209 -75.0000000000
1214 -74.0000000000
1227 -73.0000000000
1231 -72.0000000000
1251 -71.0000000000
1259 -70.0000000000
1260 -69.0000000000
1291 -68.0000000000
1301 -67.0000000000
1305 -66.0000000000
1330 -65.0000000000
1344 -64.0000000000
1359 -63.0000000000
1371 -62.0000000000
1372 -61.0000000000
1388 -60.0000000000
1393 -59.0000000000
1412 -58.0000000000
1413 -57.0000000000
1417 -56.0000000000
1445 -55.0000000000
1449 -54.0000000000
1450 -53.0000000000
1453 -52.0000000000
1456 -51.0000000000
1470 -50.0000000000
1472 -49.0000000000
1495 -48.0000000000
1507 -47.0000000000
1539 -46.0000000000
1544 -45.0000000000
1568 -44.0000000000
1582 -43.0000000000
1611 -42.0000000000
1627 -41.0000000000
1641 -40.0000000000
1665 -39.0000000000
1699 -38.0000000000
1703 -37.0000000000
1709 -36.0000000000
1712 -35.0000000000
1726 -34.0000000000
1737 -33.0000000000
1738 -32.0000000000
1785 -31.0000000000
1826 -30.0000000000
1838 -29.0000000000
1865 -28.0000000000
1925 -27.0000000000
1926 -26.0000000000
1970 -25.0000000000
2029 -24.0000000000
2068 -23.0000000000
2083 -22.0000000000
2113 -21.0000000000
2149 -20.0000000000
2174 -19.0000000000
2194 -18.0000000000
2213 -17.0000000000
2228 -16.0000000000
2230 -15.0000000000
2299 -14.0000000000
2311 -13.0000000000
2347 -12.0000000000
2390 -11.0000000000
2461 -10.0000000000
2531 -9.0000000000
2543 -8.0000000000
2590 -7.0000000000
2598 -6.0000000000
2622 -5.0000000000
2627 -4.0000000000
2640 -3.0000000000
2662 -2.0000000000
2858 -1.0000000000
2860 580.0000000000
100000 -1.0000000000
evaluations raw_y
1 -362.0000000000
2 -361.0000000000
3 -360.0000000000
4 -359.0000000000
8 -358.0000000000
10 -357.0000000000
12 -356.0000000000
14 -355.0000000000
15 -354.0000000000
16 -353.0000000000
18 -352.0000000000
20 -351.0000000000
22 -350.0000000000
23 -349.0000000000
26 -348.0000000000
28 -347.0000000000
30 -346.0000000000
31 -345.0000000000
36 -344.0000000000
37 -343.0000000000
40 -342.0000000000
44 -341.0000000000
45 -340.0000000000
48 -339.0000000000
49 -338.0000000000
51 -337.0000000000
53 -336.0000000000
54 -335.0000000000
55 -334.0000000000
57 -333.0000000000
61 -332.0000000000
62 -331.0000000000
63 -330.0000000000
64 -329.0000000000
65 -328.0000000000
67 -327.0000000000
70 -326.0000000000
74 -325.0000000000
75 -324.0000000000
77 -323.0000000000
79 -322.0000000000
81 -321.0000000000
82 -320.0000000000
85 -319.0000000000
87 -318.0000000000
89 -317.0000000000
92 -316.0000000000
93 -315.0000000000
98 -314.0000000000
101 -313.0000000000
102 -312.0000000000
103 -311.0000000000
105 -310.0000000000
106 -309.0000000000
108 -308.0000000000
109 -307.0000000000
114 -306.0000000000
115 -305.0000000000
116 -304.0000000000
117 -303.0000000000
119 -302.0000000000
125 -301.0000000000
127 -300.0000000000
129 -299.0000000000
130 -298.0000000000
131 -297.0000000000
133 -296.0000000000
136 -295.0000000000
137 -294.0000000000
138 -293.0000000000
139 -292.0000000000
140 -291.0000000000
141 -290.0000000000
144 -289.0000000000
146 -288.0000000000
147 -287.0000000000
148 -286.0000000000
151 -285.0000000000
152 -284.0000000000
153 -283.0000000000
158 -282.0000000000
160 -281.0000000000
161 -280.0000000000
163 -279.0000000000
164 -278.0000000000
168 -277.0000000000
170 -276.0000000000
171 -275.0000000000
172 -274.0000000000
176 -273.0000000000
181 -272.0000000000
182 -271.0000000000
184 -270.0000000000
188 -269.0000000000
189 -268.0000000000
199 -267.0000000000
201 -266.0000000000
203 -265.0000000000
205 -264.0000000000
206 -263.0000000000
209 -262.0000000000
210 -261.0000000000
215 -260.0000000000
217 -259.0000000000
218 -258.0000000000
219 -257.0000000000
220 -256.0000000000
222 -255.0000000000
224 -254.0000000000
227 -253.0000000000
231 -252.0000000000
233 -251.0000000000
234 -250.0000000000
242 -249.0000000000
243 -248.0000000000
251 -247.0000000000
252 -246.0000000000
253 -245.0000000000
255 -244.0000000000
259 -243.0000000000
262 -242.0000000000
266 -241.0000000000
269 -240.0000000000
270 -239.0000000000
271 -238.0000000000
272 -237.0000000000
277 -236.0000000000
279 -235.0000000000
284 -234.0000000000
286 -233.0000000000
290 -232.0000000000
291 -231.0000000000
292 -230.0000000000
294 -229.0000000000
295 -228.0000000000
303 -227.0000000000
304 -226.0000000000
306 -225.0000000000
307 -224.0000000000
312 -223.0000000000
315 -222.0000000000
316 -221.0000000000
318 -220.0000000000
319 -219.0000000000
321 -218.0000000000
322 -217.0000000000
325 -216.0000000000
327 -215.0000000000
329 -214.0000000000
332 -213.0000000000
335 -212.0000000000
340 -211.0000000000
342 -210.0000000000
344 -209.0000000000
353 -208.0000000000
362 -207.0000000000
367 -206.0000000000
378 -205.0000000000
379 -204.0000000000
384 -203.0000000000
386 -202.0000000000
387 -201.0000000000
389 -200.0000000000
399 -199.0000000000
401 -198.0000000000
402 -197.0000000000
411 -196.0000000000
414 -195.0000000000
419 -194.0000000000
422 -193.0000000000
424 -192.0000000000
425 -191.0000000000
427 -190.0000000000
435 -189.0000000000
447 -188.0000000000
455 -187.0000000000
456 -186.0000000000
457 -185.0000000000
458 -184.0000000000
459 -183.0000000000
460 -182.0000000000
462 -181.0000000000
463 -180.0000000000
468 -179.0000000000
469 -178.0000000000
470 -177.0000000000
472 -176.0000000000
480 -175.0000000000
481 -174.0000000000
482 -173.0000000000
484 -172.0000000000
485 -171.0000000000
487 -170.0000000000
488 -169.0000000000
497 -168.0000000000
500 -167.0000000000
504 -166.0000000000
506 -165.0000000000
508 -164.0000000000
514 -163.0000000000
517 -162.0000000000
520 -161.0000000000
526 -160.0000000000
528 -159.0000000000
529 -158.0000000000
531 -157.0000000000
536 -156.0000000000
540 -155.0000000000
552 -154.0000000000
553 -153.0000000000
555 -152.0000000000
556 -151.0000000000
566 -150.0000000000
571 -149.0000000000
573 -148.0000000000
574 -147.0000000000
576 -146.0000000000
579 -145.0000000000
581 -144.0000000000
586 -143.0000000000
592 -142.0000000000
593 -141.0000000000
594 -140.0000000000
597 -139.0000000000
599 -138.0000000000
600 -137.0000000000
609 -136.0000000000
612 -135.0000000000
614 -134.0000000000
615 -133.0000000000
624 -132.0000000000
626 -131.0000000000
631 -130.0000000000
642 -129.0000000000
646 -128.0000000000
654 -127.0000000000
655 -126.0000000000
659 -125.0000000000
660 -124.0000000000
663 -123.0000000000
666 -122.0000000000
667 -121.0000000000
674 -120.0000000000
677 -119.0000000000
685 -118.0000000000
688 -117.0000000000
698 -116.0000000000
704 -115.0000000000
708 -114.0000000000
719 -113.0000000000
723 -112.0000000000
729 -111.0000000000
734 -110.0000000000
735 -109.0000000000
746 -108.0000000000
762 -107.0000000000
774 -106.0000000000
776 -105.0000000000
778 -104.0000000000
784 -103.0000000000
793 -102.0000000000
796 -101.0000000000
806 -100.0000000000
815 -99.0000000000
821 -98.0000000000
826 -97.0000000000
833 -96.0000000000
843 -95.0000000000
844 -94.0000000000
850 -93.0000000000
856 -92.0000000000
860 -91.0000000000
861 -90.0000000000
864 -89.0000000000
875 -88.0000000000
882 -87.0000000000
888 -86.0000000000
890 -85.0000000000
904 -84.0000000000
910 -83.0000000000
921 -82.0000000000
924 -81.0000000000
927 -80.0000000000
932 -79.0000000000
935 -78.0000000000
948 -77.0000000000
953 -76.0000000000
974 -75.0000000000
975 -74.0000000000
979 -73.0000000000
983 -72.0000000000
985 -71.0000000000
988 -70.0000000000
1004 -69.0000000000
1009 -68.0000000000
1048 -67.0000000000
1054 -66.0000000000
1055 -65.0000000000
1066 -64.0000000000
1079 -63.0000000000
1107 -62.0000000000
1132 -61.0000000000
1151 -60.0000000000
1180 -59.0000000000
1181 -58.0000000000
1194 -57.0000000000
1202 -56.0000000000
1221 -55.0000000000
1223 -54.0000000000
1225 -53.0000000000
1229 -52.0000000000
1232 -51.0000000000
1280 -50.0000000000
1286 -49.0000000000
1308 -48.0000000000
1323 -47.0000000000
1324 -46.0000000000
1345 -45.0000000000
1360 -44.0000000000
1362 -43.0000000000
1384 -42.0000000000
1391 -41.0000000000
1399 -40.0000000000
1479 -39.0000000000
1485 -38.0000000000
1531 -37.0000000000
1541 -36.0000000000
1550 -35.0000000000
1551 -34.0000000000
1554 -33.0000000000
1603 -32.0000000000
1662 -31.0000000000
1664 -30.0000000000
1672 -29.0000000000
1706 -28.0000000000
1709 -27.0000000000
1763 -26.0000000000
1765 -25.0000000000
1811 -24.0000000000
1846 -23.0000000000
1869 -22.0000000000
1925 -21.0000000000
1932 -20.0000000000
1941 -19.0000000000
1955 -18.0000000000
1974 -17.0000000000
2132 -16.0000000000
2173 -15.0000000000
2217 -14.0000000000
2354 -13.0000000000
2361 -12.0000000000
2493 -11.0000000000
2596 -10.0000000000
2623 -9.0000000000
2635 -8.0000000000
2687 -7.0000000000
2759 -6.0000000000
2908 -5.0000000000
2984 -4.0000000000
3048 -3.0000000000
3052 -2.0000000000
3064 -1.0000000000
3084 581.0000000000
100000 -1.0000000000
evaluations raw_y
1 -367.0000000000
2 -366.0000000000
5 -365.0000000000
6 -364.0000000000
8 -363.0000000000
9 -362.0000000000
11 -361.0000000000
14 -360.0000000000
15 -359.0000000000
16 -358.0000000000
17 -357.0000000000
21 -356.0000000000
24 -355.0000000000
25 -354.0000000000
26 -353.0000000000
29 -352.0000000000
31 -351.0000000000
33 -350.0000000000
34 -349.0000000000
36 -348.0000000000
38 -347.0000000000
40 -346.0000000000
44 -345.0000000000
45 -344.0000000000
46 -343.0000000000
47 -342.0000000000
48 -341.0000000000
50 -340.0000000000
52 -339.0000000000
54 -338.0000000000
55 -337.0000000000
56 -336.0000000000
57 -335.0000000000
59 -334.0000000000
62 -333.0000000000
65 -332.0000000000
72 -331.0000000000
73 -330.0000000000
75 -329.0000000000
79 -328.0000000000
82 -327.0000000000
87 -326.0000000000
88 -325.0000000000
89 -324.0000000000
90 -323.0000000000
91 -322.0000000000
94 -321.0000000000
96 -320.0000000000
102 -319.0000000000
103 -318.0000000000
106 -317.0000000000
109 -316.0000000000
111 -315.0000000000
112 -314.0000000000
115 -313.0000000000
116 -312.0000000000
117 -311.0000000000
118 -310.0000000000
121 -309.0000000000
124 -308.0000000000
127 -307.0000000000
134 -306.0000000000
135 -305.0000000000
136 -304.0000000000
138 -303.0000000000
142 -302.0000000000
143 -301.0000000000
152 -300.0000000000
153 -299.0000000000
154 -298.0000000000
155 -297.0000000000
156 -296.0000000000
159 -295.0000000000
161 -294.0000000000
164 -293.0000000000
168 -292.0000000000
169 -291.0000000000
170 -290.0000000000
171 -289.0000000000
172 -288.0000000000
174 -287.0000000000
176 -286.0000000000
180 -285.0000000000
184 -284.0000000000
185 -283.0000000000
187 -282.0000000000
194 -281.0000000000
197 -280.0000000000
201 -279.0000000000
205 -278.0000000000
206 -277.0000000000
210 -276.0000000000
212 -275.0000000000
215 -274.0000000000
217 -273.0000000000
219 -272.0000000000
222 -271.0000000000
223 -270.0000000000
226 -269.0000000000
230 -268.0000000000
232 -267.0000000000
234 -266.0000000000
235 -265.0000000000
236 -264.0000000000
239 -263.0000000000
240 -262.0000000000
242 -261.0000000000
243 -260.0000000000
245 -259.0000000000
252 -258.0000000000
254 -257.0000000000
256 -256.0000000000
262 -255.0000000000
263 -254.0000000000
264 -253.0000000000
265 -252.0000000000
274 -251.0000000000
276 -250.0000000000
279 -249.0000000000
280 -248.0000000000
284 -247.0000000000
285 -246.0000000000
286 -245.0000000000
287 -244.0000000000
288 -243.0000000000
291 -242.0000000000
302 -241.0000000000
303 -240.0000000000
306 -239.0000000000
317 -238.0000000000
318 -237.0000000000
321 -236.0000000000
323 -235.0000000000
324 -234.0000000000
325 -233.0000000000
330 -232.0000000000
332 -231.0000000000
334 -230.0000000000
337 -229.0000000000
341 -228.0000000000
342 -227.0000000000
343 -226.0000000000
344 -225.0000000000
345 -224.0000000000
347 -223.0000000000
352 -222.0000000000
359 -221.0000000000
360 -220.0000000000
369 -219.0000000000
372 -218.0000000000
373 -217.0000000000
378 -216.0000000000
381 -215.0000000000
382 -214.0000000000
383 -213.0000000000
394 -212.0000000000
403 -211.0000000000
410 -210.0000000000
413 -209.0000000000
424 -208.0000000000
428 -207.0000000000
433 -206.0000000000
434 -205.0000000000
436 -204.0000000000
438 -203.0000000000
439 -202.0000000000
440 -201.0000000000
445 -200.0000000000
446 -199.0000000000
451 -198.0000000000
463 -197.0000000000
469 -196.0000000000
471 -195.0000000000
472 -194.0000000000
479 -193.0000000000
480 -192.0000000000
484 -191.0000000000
487 -190.0000000000
491 -189.0000000000
496 -188.0000000000
499 -187.0000000000
501 -186.0000000000
503 -185.0000000000
508 -184.0000000000
510 -183.0000000000
512 -182.0000000000
516 -181.0000000000
517 -180.0000000000
520 -179.0000000000
524 -178.0000000000
534 -177.0000000000
535 -176.0000000000
536 -175.0000000000
539 -174.0000000000
542 -173.0000000000
544 -172.0000000000
551 -171.0000000000
553 -170.0000000000
554 -169.0000000000
558 -168.0000000000
559 -167.0000000000
566 -166.0000000000
580 -165.0000000000
581 -164.0000000000
583 -163.0000000000
586 -162.0000000000
592 -161.0000000000
596 -160.0000000000
601 -159.0000000000
603 -158.0000000000
609 -157.0000000000
611 -156.0000000000
617 -155.0000000000
622 -154.0000000000
630 -153.0000000000
631 -152.0000000000
653 -151.0000000000
655 -150.0000000000
671 -149.0000000000
672 -148.0000000000
674 -147.0000000000
676 -146.0000000000
681 -145.0000000000
686 -144.0000000000
694 -143.0000000000
695 -142.0000000000
716 -141.0000000000
724 -140.0000000000
726 -139.0000000000
728 -138.0000000000
733 -137.0000000000
734 -136.0000000000
749 -135.0000000000
750 -134.0000000000
757 -133.0000000000
758 -132.0000000000
760 -131.0000000000
764 -130.0000000000
766 -129.0000000000
774 -128.0000000000
781 -127.0000000000
796 -126.0000000000
797 -125.0000000000
801 -124.0000000000
802 -123.0000000000
803 -122.0000000000
805 -121.0000000000
808 -120.0000000000
817 -119.0000000000
820 -118.0000000000
826 -117.0000000000
828 -116.0000000000
838 -115.0000000000
851 -114.0000000000
852 -113.0000000000
853 -112.0000000000
859 -111.0000000000
864 -110.0000000000
866 -109.0000000000
875 -108.0000000000
879 -107.0000000000
881 -106.0000000000
883 -105.0000000000
884 -104.0000000000
892 -103.0000000000
896 -102.0000000000
897 -101.0000000000
905 -100.0000000000
912 -99.0000000000
936 -98.0000000000
938 -97.0000000000
957 -96.0000000000
966 -95.0000000000
969 -94.0000000000
976 -93.0000000000
979 -92.0000000000
987 -91.0000000000
997 -90.0000000000
1003 -89.0000000000
1005 -88.0000000000
1007 -87.0000000000
1014 -86.0000000000
1015 -85.0000000000
1017 -84.0000000000
1022 -83.0000000000
1023 -82.0000000000
1028 -81.0000000000
1033 -80.0000000000
1045 -79.0000000000
1057 -78.0000000000
1059 -77.0000000000
1062 -76.0000000000
1063 -75.0000000000
1064 -74.0000000000
1073 -73.0000000000
1087 -72.0000000000
1102 -71.0000000000
1122 -70.0000000000
1132 -69.0000000000
1141 -68.0000000000
1148 -67.0000000000
1155 -66.0000000000
1165 -65.0000000000
1190 -64.0000000000
1206 -63.0000000000
1208 -62.0000000000
1219 -61.0000000000
1221 -60.0000000000
1231 -59.0000000000
1235 -58.0000000000
1236 -57.0000000000
1289 -56.0000000000
1298 -55.0000000000
1307 -54.0000000000
1313 -53.0000000000
1318 -52.0000000000
1334 -51.0000000000
1358 -50.0000000000
1363 -49.0000000000
1382 -48.0000000000
1402 -47.0000000000
1408 -46.0000000000
1422 -45.0000000000
1447 -44.0000000000
1454 -43.0000000000
1456 -42.0000000000
1469 -41.0000000000
1472 -40.0000000000
1480 -39.0000000000
1493 -38.0000000000
1495 -37.0000000000
1533 -36.0000000000
1546 -35.0000000000
1557 -34.0000000000
1563 -33.0000000000
1581 -32.0000000000
1598 -31.0000000000
1610 -30.0000000000
1617 -29.0000000000
1649 -28.0000000000
1695 -27.0000000000
1727 -26.0000000000
1729 -25.0000000000
1742 -24.0000000000
1745 -23.0000000000
1766 -22.0000000000
1796 -21.0000000000
1822 -20.0000000000
1824 -19.0000000000
1830 -18.0000000000
1850 -17.0000000000
1877 -16.0000000000
1894 -15.0000000000
1897 -14.0000000000
1903 -13.0000000000
1912 -12.0000000000
1922 -11.0000000000
1949 -10.0000000000
1976 -9.0000000000
2085 -8.0000000000
2136 -7.0000000000
2137 -6.0000000000
2212 -5.0000000000
2215 -4.0000000000
2217 -3.0000000000
2258 -2.0000000000
2334 -1.0000000000
2363 613.0000000000
100000 -1.0000000000
evaluations raw_y
1 -380.0000000000
3 -379.0000000000
4 -378.0000000000
5 -377.0000000000
8 -376.0000000000
13 -375.0000000000
15 -374.0000000000
19 -373.0000000000
20 -372.0000000000
22 -371.0000000000
23 -370.0000000000
24 -369.0000000000
26 -368.0000000000
27 -367.0000000000
29 -366.0000000000
31 -365.0000000000
33 -364.0000000000
34 -363.0000000000
37 -362.0000000000
39 -361.0000000000
40 -360.0000000000
42 -359.0000000000
43 -358.0000000000
44 -357.0000000000
46 -356.0000000000
49 -355.0000000000
50 -354.0000000000
53 -353.0000000000
56 -352.0000000000
60 -351.0000000000
61 -350.0000000000
62 -349.0000000000
63 -348.0000000000
64 -347.0000000000
65 -346.0000000000
66 -345.0000000000
67 -344.0000000000
68 -343.0000000000
71 -342.0000000000
73 -341.0000000000
76 -340.0000000000
78 -339.0000000000
79 -338.0000000000
81 -337.0000000000
83 -336.0000000000
84 -335.0000000000
85 -334.0000000000
87 -333.0000000000
88 -332.0000000000
90 -331.0000000000
91 -330.0000000000
95 -329.0000000000
96 -328.0000000000
97 -327.0000000000
101 -326.0000000000
104 -325.0000000000
105 -324.0000000000
110 -323.0000000000
112 -322.0000000000
113 -321.0000000000
116 -320.0000000000
117 -319.0000000000
119 -318.0000000000
120 -317.0000000000
121 -316.0000000000
122 -315.0000000000
124 -314.0000000000
132 -313.0000000000
137 -312.0000000000
138 -311.0000000000
139 -310.0000000000
140 -309.0000000000
142 -308.0000000000
143 -307.0000000000
147 -306.0000000000
150 -305.0000000000
151 -304.0000000000
154 -303.0000000000
156 -302.0000000000
159 -301.0000000000
160 -300.0000000000
165 -299.0000000000
170 -298.0000000000
172 -297.0000000000
173 -296.0000000000
175 -295.0000000000
177 -294.0000000000
178 -293.0000000000
183 -292.0000000000
184 -291.0000000000
185 -290.0000000000
187 -289.0000000000
188 -288.0000000000
191 -287.0000000000
196 -286.0000000000
197 -285.0000000000
202 -284.0000000000
204 -283.0000000000
213 -282.0000000000
215 -281.0000000000
216 -280.0000000000
217 -279.0000000000
218 -278.0000000000
220 -277.0000000000
221 -276.0000000000
223 -275.0000000000
224 -274.0000000000
227 -273.0000000000
228 -272.0000000000
231 -271.0000000000
234 -270.0000000000
239 -269.0000000000
240 -268.0000000000
242 -267.0000000000
243 -266.0000000000
245 -265.0000000000
246 -264.0000000000
248 -263.0000000000
249 -262.0000000000
250 -261.0000000000
251 -260.0000000000
255 -259.0000000000
256 -258.0000000000
263 -257.0000000000
266 -256.0000000000
268 -255.0000000000
269 -254.0000000000
270 -253.0000000000
273 -252.0000000000
275 -251.0000000000
277 -250.0000000000
278 -249.0000000000
284 -248.0000000000
289 -247.0000000000
300 -246.0000000000
302 -245.0000000000
305 -244.0000000000
307 -243.0000000000
308 -242.0000000000
309 -241.0000000000
310 -240.0000000000
312 -239.0000000000
315 -238.0000000000
318 -237.0000000000
319 -236.0000000000
323 -235.0000000000
326 -234.0000000000
327 -233.0000000000
328 -232.0000000000
331 -231.0000000000
334 -230.0000000000
335 -229.0000000000
337 -228.0000000000
339 -227.0000000000
350 -226.0000000000
351 -225.0000000000
352 -224.0000000000
356 -223.0000000000
360 -222.0000000000
361 -221.0000000000
364 -220.0000000000
369 -219.0000000000
370 -218.0000000000
371 -217.0000000000
372 -216.0000000000
379 -215.0000000000
384 -214.0000000000
389 -213.0000000000
393 -212.0000000000
394 -211.0000000000
400 -210.0000000000
409 -209.0000000000
414 -208.0000000000
421 -207.0000000000
422 -206.0000000000
424 -205.0000000000
426 -204.0000000000
427 -203.0000000000
430 -202.0000000000
436 -201.0000000000
444 -200.0000000000
445 -199.0000000000
447 -198.0000000000
453 -197.0000000000
458 -196.0000000000
463 -195.0000000000
464 -194.0000000000
466 -193.0000000000
473 -192.0000000000
482 -191.0000000000
489 -190.0000000000
496 -189.0000000000
501 -188.0000000000
504 -187.0000000000
506 -186.0000000000
507 -185.0000000000
511 -184.0000000000
522 -183.0000000000
528 -182.0000000000
530 -181.0000000000
536 -180.0000000000
552 -179.0000000000
560 -178.0000000000
563 -177.0000000000
564 -176.0000000000
565 -175.0000000000
566 -174.0000000000
568 -173.0000000000
573 -172.0000000000
576 -171.0000000000
577 -170.0000000000
578 -169.0000000000
582 -168.0000000000
583 -167.0000000000
585 -166.0000000000
586 -165.0000000000
590 -164.0000000000
591 -163.0000000000
593 -162.0000000000
595 -161.0000000000
599 -160.0000000000
600 -159.0000000000
603 -158.0000000000
606 -157.0000000000
609 -156.0000000000
615 -155.0000000000
617 -154.0000000000
620 -153.0000000000
628 -152.0000000000
633 -151.0000000000
634 -150.0000000000
635 -149.0000000000
649 -148.0000000000
652 -147.0000000000
653 -146.0000000000
656 -145.0000000000
662 -144.0000000000
664 -143.0000000000
671 -142.0000000000
672 -141.0000000000
683 -140.0000000000
693 -139.0000000000
700 -138.0000000000
701 -137.0000000000
707 -136.0000000000
709 -135.0000000000
712 -134.0000000000
714 -133.0000000000
716 -132.0000000000
720 -131.0000000000
723 -130.0000000000
727 -129.0000000000
739 -128.0000000000
745 -127.0000000000
747 -126.0000000000
764 -125.0000000000
765 -124.0000000000
774 -123.0000000000
779 -122.0000000000
781 -121.0000000000
786 -120.0000000000
788 -119.0000000000
790 -118.0000000000
791 -117.0000000000
797 -116.0000000000
804 -115.0000000000
807 -114.0000000000
811 -113.0000000000
813 -112.0000000000
822 -111.0000000000
831 -110.0000000000
835 -109.0000000000
850 -108.0000000000
851 -107.0000000000
855 -106.0000000000
874 -105.0000000000
877 -104.0000000000
899 -103.0000000000
902 -102.0000000000
921 -101.0000000000
925 -100.0000000000
957 -99.0000000000
962 -98.0000000000
978 -97.0000000000
981 -96.0000000000
994 -95.0000000000
1000 -94.0000000000
1008 -93.0000000000
1011 -92.0000000000
1021 -91.0000000000
1029 -90.0000000000
1031 -89.0000000000
1072 -88.0000000000
1076 -87.0000000000
1080 -86.0000000000
1091 -85.0000000000
1099 -84.0000000000
1102 -83.0000000000
1115 -82.0000000000
1121 -81.0000000000
1124 -80.0000000000
1129 -79.0000000000
1145 -78.0000000000
1155 -77.0000000000
1161 -76.0000000000
1164 -75.0000000000
1165 -74.0000000000
1172 -73.0000000000
1194 -72.0000000000
1211 -71.0000000000
1227 -70.0000000000
1229 -69.0000000000
1238 -68.0000000000
1246 -67.0000000000
1250 -66.0000000000
1251 -65.0000000000
1273 -64.0000000000
1282 -63.0000000000
1311 -62.0000000000
1324 -61.0000000000
1371 -60.0000000000
1378 -59.0000000000
1382 -58.0000000000
1389 -57.0000000000
1398 -56.0000000000
1481 -55.0000000000
1482 -54.0000000000
1485 -53.0000000000
1489 -52.0000000000
1512 -51.0000000000
1513 -50.0000000000
1517 -49.0000000000
1547 -48.0000000000
1558 -47.0000000000
1579 -46.0000000000
1582 -45.0000000000
1585 -44.0000000000
1592 -43.0000000000
1604 -42.0000000000
1636 -41.0000000000
1638 -40.0000000000
1713 -39.0000000000
1743 -38.0000000000
1763 -37.0000000000
1765 -36.0000000000
1772 -35.0000000000
1774 -34.0000000000
1802 -33.0000000000
1819 -32.0000000000
1824 -31.0000000000
1838 -30.0000000000
1868 -29.0000000000
1881 -28.0000000000
1897 -27.0000000000
1953 -26.0000000000
1961 -25.0000000000
1991 -24.0000000000
2034 -23.0000000000
2105 -22.0000000000
2143 -21.0000000000
2144 -20.0000000000
2176 -19.0000000000
2183 -18.0000000000
2202 -17.0000000000
2235 -16.0000000000
2280 -15.0000000000
2282 -14.0000000000
2333 -13.0000000000
2339 -12.0000000000
2353 -11.0000000000
2375 -10.0000000000
2425 -9.0000000000
2450 -8.0000000000
2461 -7.0000000000
2609 -6.0000000000
2639 -5.0000000000
2699 -4.0000000000
2809 -3.0000000000
2843 -2.0000000000
2944 -1.0000000000
2974 615.0000000000
100000 -1.0000000000
evaluations raw_y
1 -346.0000000000
7 -345.0000000000
10 -344.0000000000
13 -343.0000000000
14 -342.0000000000
16 -341.0000000000
17 -340.0000000000
18 -339.0000000000
24 -338.0000000000
35 -337.0000000000
36 -336.0000000000
37 -335.0000000000
38 -334.0000000000
39 -333.0000000000
41 -332.0000000000
47 -331.0000000000
51 -330.0000000000
53 -329.0000000000
54 -328.0000000000
55 -327.0000000000
56 -326.0000000000
60 -325.0000000000
63 -324.0000000000
64 -323.0000000000
65 -322.0000000000
67 -321.0000000000
68 -320.0000000000
73 -319.0000000000
75 -318.0000000000
79 -317.0000000000
80 -316.0000000000
81 -315.0000000000
84 -314.0000000000
85 -313.0000000000
89 -312.0000000000
93 -311.0000000000
94 -310.0000000000
99 -309.0000000000
100 -308.0000000000
101 -307.0000000000
102 -306.0000000000
106 -305.0000000000
110 -304.0000000000
124 -303.0000000000
130 -302.0000000000
131 -301.0000000000
133 -300.0000000000
135 -299.0000000000
137 -298.0000000000
138 -297.0000000000
139 -296.0000000000
140 -295.0000000000
142 -294.0000000000
147 -293.0000000000
148 -292.0000000000
150 -291.0000000000
151 -290.0000000000
158 -289.0000000000
162 -288.0000000000
169 -287.0000000000
170 -286.0000000000
171 -285.0000000000
172 -284.0000000000
174 -283.0000000000
175 -282.0000000000
185 -281.0000000000
187 -280.0000000000
188 -279.0000000000
195 -278.0000000000
196 -277.0000000000
203 -276.0000000000
204 -275.0000000000
205 -274.0000000000
206 -273.0000000000
207 -272.0000000000
212 -271.0000000000
213 -270.0000000000
215 -269.0000000000
221 -268.0000000000
223 -267.0000000000
224 -266.0000000000
226 -265.0000000000
227 -264.0000000000
228 -263.0000000000
229 -262.0000000000
230 -261.0000000000
231 -260.0000000000
233 -259.0000000000
234 -258.0000000000
236 -257.0000000000
240 -256.0000000000
241 -255.0000000000
243 -254.0000000000
252 -253.0000000000
254 -252.0000000000
258 -251.0000000000
263 -250.0000000000
266 -249.0000000000
268 -248.0000000000
271 -247.0000000000
272 -246.0000000000
273 -245.0000000000
276 -244.0000000000
279 -243.0000000000
280 -242.0000000000
285 -241.0000000000
288 -240.0000000000
289 -239.0000000000
294 -238.0000000000
301 -237.0000000000
307 -236.0000000000
309 -235.0000000000
311 -234.0000000000
315 -233.0000000000
316 -232.0000000000
317 -231.0000000000
318 -230.0000000000
319 -229.0000000000
320 -228.0000000000
323 -227.0000000000
327 -226.0000000000
328 -225.0000000000
330 -224.0000000000
333 -223.0000000000
334 -222.0000000000
336 -221.0000000000
342 -220.0000000000
343 -219.0000000000
351 -218.0000000000
353 -217.0000000000
356 -216.0000000000
358 -215.0000000000
359 -214.0000000000
361 -213.0000000000
368 -212.0000000000
370 -211.0000000000
372 -210.0000000000
377 -209.0000000000
378 -208.0000000000
379 -207.0000000000
380 -206.0000000000
386 -205.0000000000
388 -204.0000000000
391 -203.0000000000
399 -202.0000000000
403 -201.0000000000
404 -200.0000000000
406 -199.0000000000
408 -198.0000000000
427 -197.0000000000
428 -196.0000000000
438 -195.0000000000
439 -194.0000000000
440 -193.0000000000
449 -192.0000000000
454 -191.0000000000
465 -190.0000000000
466 -189.0000000000
475 -188.0000000000
477 -187.0000000000
479 -186.0000000000
487 -185.0000000000
491 -184.0000000000
498 -183.0000000000
503 -182.0000000000
510 -181.0000000000
511 -180.0000000000
516 -179.0000000000
521 -178.0000000000
523 -177.0000000000
526 -176.0000000000
527 -175.0000000000
529 -174.0000000000
530 -173.0000000000
532 -172.0000000000
538 -171.0000000000
540 -170.0000000000
546 -169.0000000000
550 -168.0000000000
552 -167.0000000000
556 -166.0000000000
561 -165.0000000000
564 -164.0000000000
568 -163.0000000000
582 -162.0000000000
583 -161.0000000000
589 -160.0000000000
592 -159.0000000000
595 -158.0000000000
606 -157.0000000000
613 -156.0000000000
622 -155.0000000000
625 -154.0000000000
626 -153.0000000000
632 -152.0000000000
634 -151.0000000000
635 -150.0000000000
639 -149.0000000000
640 -148.0000000000
644 -147.0000000000
647 -146.0000000000
650 -145.0000000000
655 -144.0000000000
660 -143.0000000000
672 -142.0000000000
682 -141.0000000000
687 -140.0000000000
689 -139.0000000000
692 -138.0000000000
695 -137.0000000000
700 -136.0000000000
709 -135.0000000000
711 -134.0000000000
714 -133.0000000000
724 -132.0000000000
730 -131.0000000000
732 -130.0000000000
733 -129.0000000000
736 -128.0000000000
749 -127.0000000000
752 -126.0000000000
754 -125.0000000000
755 -124.0000000000
760 -123.0000000000
762 -122.0000000000
768 -121.0000000000
769 -120.0000000000
776 -119.0000000000
789 -118.0000000000
790 -117.0000000000
791 -116.0000000000
796 -115.0000000000
822 -114.0000000000
825 -113.0000000000
831 -112.0000000000
834 -111.0000000000
836 -110.0000000000
845 -109.0000000000
846 -108.0000000000
852 -107.0000000000
859 -106.0000000000
860 -105.0000000000
861 -104.0000000000
875 -103.0000000000
880 -102.0000000000
883 -101.0000000000
885 -100.0000000000
897 -99.0000000000
901 -98.0000000000
910 -97.0000000000
914 -96.0000000000
917 -95.0000000000
921 -94.0000000000
927 -93.0000000000
928 -92.0000000000
943 -91.0000000000
945 -90.0000000000
958 -89.0000000000
960 -88.0000000000
961 -87.0000000000
978 -86.0000000000
983 -85.0000000000
985 -84.0000000000
988 -83.0000000000
998 -82.0000000000
1004 -81.0000000000
1006 -80.0000000000
1013 -79.0000000000
1023 -78.0000000000
1056 -77.0000000000
1059 -76.0000000000
1062 -75.0000000000
1076 -74.0000000000
1090 -73.0000000000
1093 -72.0000000000
1152 -71.0000000000
1159 -70.0000000000
1172 -69.0000000000
1184 -68.0000000000
1195 -67.0000000000
1202 -66.0000000000
1204 -65.0000000000
1211 -64.0000000000
1218 -63.0000000000
1241 -62.0000000000
1242 -61.0000000000
1246 -60.0000000000
1252 -59.0000000000
1253 -58.0000000000
1261 -57.0000000000
1287 -56.0000000000
1290 -55.0000000000
1308 -54.0000000000
1313 -53.0000000000
1357 -52.0000000000
1362 -51.0000000000
1365 -50.0000000000
1381 -49.0000000000
1383 -48.0000000000
1389 -47.0000000000
1406 -46.0000000000
1414 -45.0000000000
1440 -44.0000000000
1472 -43.0000000000
1484 -42.0000000000
1500 -41.0000000000
1501 -40.0000000000
1518 -39.0000000000
1519 -38.0000000000
1535 -37.0000000000
1550 -36.0000000000
1561 -35.0000000000
1562 -34.0000000000
1565 -33.0000000000
1586 -32.0000000000
1608 -31.0000000000
1611 -30.0000000000
1613 -29.0000000000
1615 -28.0000000000
1652 -27.0000000000
1669 -26.0000000000
1680 -25.0000000000
1684 -24.0000000000
1686 -23.0000000000
1697 -22.0000000000
1704 -21.0000000000
1769 -20.0000000000
1812 -19.0000000000
1816 -18.0000000000
1820 -17.0000000000
1855 -16.0000000000
1900 -15.0000000000
1916 -14.0000000000
2063 -13.0000000000
2070 -12.0000000000
2101 -11.0000000000
2185 -10.0000000000
2202 -9.0000000000
2448 -8.0000000000
2479 -7.0000000000
2536 -6.0000000000
2547 -5.0000000000
2574 -4.0000000000
2802 -3.0000000000
2843 -2.0000000000
2896 -1.0000000000
2935 592.0000000000
100000 -1.0000000000
evaluations raw_y
1 -360.0000000000
2 -359.0000000000
4 -358.0000000000
5 -357.0000000000
6 -356.0000000000
8 -355.0000000000
9 -354.0000000000
12 -353.0000000000
13 -352.0000000000
15 -351.0000000000
21 -350.0000000000
25 -349.0000000000
26 -348.0000000000
27 -347.0000000000
29 -346.0000000000
30 -345.0000000000
32 -344.0000000000
34 -343.0000000000
37 -342.0000000000
39 -341.0000000000
42 -340.0000000000
50 -339.0000000000
51 -338.0000000000
53 -337.0000000000
54 -336.0000000000
55 -335.0000000000
57 -334.0000000000
58 -333.0000000000
59 -332.0000000000
60 -331.0000000000
62 -330.0000000000
63 -329.0000000000
64 -328.0000000000
66 -327.0000000000
69 -326.0000000000
70 -325.0000000000
72 -324.0000000000
73 -323.0000000000
76 -322.0000000000
78 -321.0000000000
81 -320.0000000000
89 -319.0000000000
92 -318.0000000000
93 -317.0000000000
95 -316.0000000000
96 -315.0000000000
97 -314.0000000000
101 -313.0000000000
102 -312.0000000000
103 -311.0000000000
104 -310.0000000000
106 -309.0000000000
110 -308.0000000000
111 -307.0000000000
118 -306.0000000000
119 -305.0000000000
121 -304.0000000000
123 -303.0000000000
126 -302.0000000000
127 -301.0000000000
128 -300.0000000000
129 -299.0000000000
133 -298.0000000000
139 -297.0000000000
140 -296.0000000000
141 -295.0000000000
142 -294.0000000000
143 -293.0000000000
146 -292.0000000000
152 -291.0000000000
153 -290.0000000000
154 -289.0000000000
156 -288.0000000000
157 -287.0000000000
159 -286.0000000000
174 -285.0000000000
177 -284.0000000000
178 -283.0000000000
180 -282.0000000000
183 -281.0000000000
186 -280.0000000000
187 -279.0000000000
195 -278.0000000000
196 -277.0000000000
201 -276.0000000000
203 -275.0000000000
204 -274.0000000000
205 -273.0000000000
207 -272.0000000000
208 -271.0000000000
210 -270.0000000000
211 -269.0000000000
214 -268.0000000000
221 -267.0000000000
223 -266.0000000000
224 -265.0000000000
230 -264.0000000000
232 -263.0000000000
238 -262.0000000000
239 -261.0000000000
244 -260.0000000000
248 -259.0000000000
259 -258.0000000000
265 -257.0000000000
267 -256.0000000000
272 -255.0000000000
273 -254.0000000000
276 -253.0000000000
277 -252.0000000000
280 -251.0000000000
282 -250.0000000000
283 -249.0000000000
286 -248.0000000000
290 -247.0000000000
292 -246.0000000000
295 -245.0000000000
297 -244.0000000000
300 -243.0000000000
301 -242.0000000000
304 -241.0000000000
317 -240.0000000000
324 -239.0000000000
329 -238.0000000000
330 -237.0000000000
332 -236.0000000000
344 -235.0000000000
351 -234.0000000000
352 -233.0000000000
358 -232.0000000000
363 -231.0000000000
366 -230.0000000000
372 -229.0000000000
373 -228.0000000000
374 -227.0000000000
378 -226.0000000000
385 -225.0000000000
388 -224.0000000000
393 -223.0000000000
394 -222.0000000000
396 -221.0000000000
401 -220.0000000000
406 -219.0000000000
410 -218.0000000000
414 -217.0000000000
423 -216.0000000000
426 -215.0000000000
427 -214.0000000000
429 -213.0000000000
431 -212.0000000000
445 -211.0000000000
457 -210.0000000000
458 -209.0000000000
462 -208.0000000000
463 -207.0000000000
468 -206.0000000000
469 -205.0000000000
471 -204.0000000000
473 -203.0000000000
474 -202.0000000000
476 -201.0000000000
478 -200.0000000000
480 -199.0000000000
482 -198.0000000000
487 -197.0000000000
496 -196.0000000000
499 -195.0000000000
501 -194.0000000000
504 -193.0000000000
505 -192.0000000000
506 -191.0000000000
514 -190.0000000000
516 -189.0000000000
520 -188.0000000000
521 -187.0000000000
525 -186.0000000000
529 -185.0000000000
541 -184.0000000000
545 -183.0000000000
546 -182.0000000000
564 -181.0000000000
570 -180.0000000000
572 -179.0000000000
576 -178.0000000000
577 -177.0000000000
578 -176.0000000000
582 -175.0000000000
584 -174.0000000000
587 -173.0000000000
589 -172.0000000000
590 -171.0000000000
595 -170.0000000000
605 -169.0000000000
615 -168.0000000000
616 -167.0000000000
617 -166.0000000000
625 -165.0000000000
626 -164.0000000000
628 -163.0000000000
629 -162.0000000000
633 -161.0000000000
647 -160.0000000000
648 -159.0000000000
653 -158.0000000000
666 -157.0000000000
667 -156.0000000000
669 -155.0000000000
671 -154.0000000000
681 -153.0000000000
687 -152.0000000000
694 -151.0000000000
706 -150.0000000000
709 -149.0000000000
716 -148.0000000000
737 -147.0000000000
738 -146.0000000000
740 -145.0000000000
747 -144.0000000000
759 -143.0000000000
761 -142.0000000000
764 -141.0000000000
776 -140.0000000000
780 -139.0000000000
789 -138.0000000000
798 -137.0000000000
813 -136.0000000000
825 -135.0000000000
828 -134.0000000000
829 -133.0000000000
832 -132.0000000000
833 -131.0000000000
837 -130.0000000000
840 -129.0000000000
844 -128.0000000000
852 -127.0000000000
858 -126.0000000000
861 -125.0000000000
868 -124.0000000000
870 -123.0000000000
871 -122.0000000000
881 -121.0000000000
884 -120.0000000000
891 -119.0000000000
897 -118.0000000000
901 -117.0000000000
913 -116.0000000000
923 -115.0000000000
932 -114.0000000000
948 -113.0000000000
949 -112.0000000000
952 -111.0000000000
953 -110.0000000000
957 -109.0000000000
966 -108.0000000000
967 -107.0000000000
971 -106.0000000000
977 -105.0000000000
978 -104.0000000000
989 -103.0000000000
1010 -102.0000000000
1012 -101.0000000000
1021 -100.0000000000
1027 -99.0000000000
1032 -98.0000000000
1035 -97.0000000000
1040 -96.0000000000
1044 -95.0000000000
1074 -94.0000000000
1093 -93.0000000000
1110 -92.0000000000
1142 -91.0000000000
1150 -90.0000000000
1189 -89.0000000000
1191 -88.0000000000
1192 -87.0000000000
1193 -86.0000000000
1195 -85.0000000000
1198 -84.0000000000
1242 -83.0000000000
1245 -82.0000000000
1267 -81.0000000000
1271 -80.0000000000
1279 -79.0000000000
1280 -78.0000000000
1281 -77.0000000000
1283 -76.0000000000
1298 -75.0000000000
1300 -74.0000000000
1311 -73.0000000000
1327 -72.0000000000
1334 -71.0000000000
1344 -70.0000000000
1346 -69.0000000000
1366 -68.0000000000
1382 -67.0000000000
1389 -66.0000000000
1413 -65.0000000000
1453 -64.0000000000
1456 -63.0000000000
1473 -62.0000000000
1474 -61.0000000000
1489 -60.0000000000
1508 -59.0000000000
1520 -58.0000000000
1546 -57.0000000000
1554 -56.0000000000
1566 -55.0000000000
1567 -54.0000000000
1569 -53.0000000000
1574 -52.0000000000
1575 -51.0000000000
1588 -50.0000000000
1596 -49.0000000000
1601 -48.0000000000
1639 -47.0000000000
1640 -46.0000000000
1659 -45.0000000000
1691 -44.0000000000
1735 -43.0000000000
1763 -42.0000000000
1771 -41.0000000000
1775 -40.0000000000
1793 -39.0000000000
1820 -38.0000000000
1850 -37.0000000000
1941 -36.0000000000
1942 -35.0000000000
1959 -34.0000000000
1967 -33.0000000000
1970 -32.0000000000
1973 -31.0000000000
1975 -30.0000000000
2014 -29.0000000000
2019 -28.0000000000
2024 -27.0000000000
2055 -26.0000000000
2076 -25.0000000000
2077 -24.0000000000
2078 -23.0000000000
2097 -22.0000000000
2108 -21.0000000000
2135 -20.0000000000
2151 -19.0000000000
2157 -18.0000000000
2181 -17.0000000000
2195 -16.0000000000
2223 -15.0000000000
2268 -14.0000000000
2274 -13.0000000000
2316 -12.0000000000
2331 -11.0000000000
2353 -10.0000000000
2358 -9.0000000000
2361 -8.0000000000
2470 -7.0000000000
2476 -6.0000000000
2527 -5.0000000000
2559 -4.0000000000
2562 -3.0000000000
2563 -2.0000000000
2654 -1.0000000000
3011 594.0000000000
100000 -1.0000000000
evaluations raw_y
1 -358.0000000000
4 -357.0000000000
9 -356.0000000000
10 -355.0000000000
11 -354.0000000000
16 -353.0000000000
20 -352.0000000000
21 -351.0000000000
22 -350.0000000000
24 -349.0000000000
27 -348.0000000000
28 -347.0000000000
32 -346.0000000000
35 -345.0000000000
36 -344.0000000000
40 -343.0000000000
41 -342.0000000000
47 -341.0000000000
48 -340.0000000000
51 -339.0000000000
53 -338.0000000000
55 -337.0000000000
56 -336.0000000000
58 -335.0000000000
59 -334.0000000000
60 -333.0000000000
63 -332.0000000000
65 -331.0000000000
66 -330.0000000000
68 -329.0000000000
69 -328.0000000000
70 -327.0000000000
72 -326.0000000000
75 -325.0000000000
77 -324.0000000000
80 -323.0000000000
81 -322.0000000000
82 -321.0000000000
86 -320.0000000000
89 -319.0000000000
90 -318.0000000000
91 -317.0000000000
96 -316.0000000000
98 -315.0000000000
102 -314.0000000000
110 -313.0000000000
111 -312.0000000000
112 -311.0000000000
113 -310.0000000000
114 -309.0000000000
117 -308.0000000000
118 -307.0000000000
120 -306.0000000000
121 -305.0000000000
122 -304.0000000000
123 -303.0000000000
124 -302.0000000000
128 -301.0000000000
129 -300.0000000000
133 -299.0000000000
135 -298.0000000000
140 -297.0000000000
142 -296.0000000000
146 -295.0000000000
153 -294.0000000000
155 -293.0000000000
156 -292.0000000000
159 -291.0000000000
160 -290.0000000000
161 -289.0000000000
166 -288.0000000000
172 -287.0000000000
176 -286.0000000000
177 -285.0000000000
178 -284.0000000000
181 -283.0000000000
183 -282.0000000000
185 -281.0000000000
188 -280.0000000000
196 -279.0000000000
202 -278.0000000000
205 -277.0000000000
208 -276.0000000000
209 -275.0000000000
214 -274.0000000000
216 -273.0000000000
220 -272.0000000000
226 -271.0000000000
228 -270.0000000000
231 -269.0000000000
233 -268.0000000000
236 -267.0000000000
240 -266.0000000000
248 -265.0000000000
249 -264.0000000000
250 -263.0000000000
253 -262.0000000000
254 -261.0000000000
264 -260.0000000000
265 -259.0000000000
266 -258.0000000000
269 -257.0000000000
271 -256.0000000000
273 -255.0000000000
274 -254.0000000000
279 -253.0000000000
284 -252.0000000000
285 -251.0000000000
294 -250.0000000000
297 -249.0000000000
298 -248.0000000000
300 -247.0000000000
302 -246.0000000000
310 -245.0000000000
312 -244.0000000000
313 -243.0000000000
315 -242.0000000000
316 -241.0000000000
323 -240.0000000000
324 -239.0000000000
326 -238.0000000000
335 -237.0000000000
340 -236.0000000000
343 -235.0000000000
344 -234.0000000000
345 -233.0000000000
348 -232.0000000000
349 -231.0000000000
350 -230.0000000000
355 -229.0000000000
357 -228.0000000000
358 -227.0000000000
360 -226.0000000000
361 -225.0000000000
366 -224.0000000000
368 -223.0000000000
370 -222.0000000000
372 -221.0000000000
380 -220.0000000000
383 -219.0000000000
387 -218.0000000000
393 -217.0000000000
395 -216.0000000000
396 -215.0000000000
397 -214.0000000000
398 -213.0000000000
408 -212.0000000000
412 -211.0000000000
414 -210.0000000000
415 -209.0000000000
424 -208.0000000000
426 -207.0000000000
430 -206.0000000000
432 -205.0000000000
434 -204.0000000000
436 -203.0000000000
438 -202.0000000000
440 -201.0000000000
446 -200.0000000000
450 -199.0000000000
453 -198.0000000000
454 -197.0000000000
456 -196.0000000000
460 -195.0000000000
468 -194.0000000000
470 -193.0000000000
474 -192.0000000000
475 -191.0000000000
482 -190.0000000000
487 -189.0000000000
490 -188.0000000000
491 -187.0000000000
493 -186.0000000000
496 -185.0000000000
500 -184.0000000000
505 -183.0000000000
508 -182.0000000000
510 -181.0000000000
520 -180.0000000000
521 -179.0000000000
525 -178.0000000000
527 -177.0000000000
538 -176.0000000000
541 -175.0000000000
543 -174.0000000000
544 -173.0000000000
546 -172.0000000000
549 -171.0000000000
552 -170.0000000000
560 -169.0000000000
571 -168.0000000000
574 -167.0000000000
577 -166.0000000000
580 -165.0000000000
584 -164.0000000000
586 -163.0000000000
592 -162.0000000000
595 -161.0000000000
598 -160.0000000000
613 -159.0000000000
617 -158.0000000000
623 -157.0000000000
626 -156.0000000000
637 -155.0000000000
641 -154.0000000000
658 -153.0000000000
663 -152.0000000000
671 -151.0000000000
685 -150.0000000000
691 -149.0000000000
696 -148.0000000000
700 -147.0000000000
701 -146.0000000000
703 -145.0000000000
708 -144.0000000000
709 -143.0000000000
710 -142.0000000000
712 -141.0000000000
713 -140.0000000000
717 -139.0000000000
719 -138.0000000000
726 -137.0000000000
730 -136.0000000000
734 -135.0000000000
736 -134.0000000000
737 -133.0000000000
738 -132.0000000000
749 -131.0000000000
750 -130.0000000000
764 -129.0000000000
767 -128.0000000000
769 -127.0000000000
772 -126.0000000000
784 -125.0000000000
785 -124.0000000000
793 -123.0000000000
794 -122.0000000000
795 -121.0000000000
808 -120.0000000000
815 -119.0000000000
818 -118.0000000000
826 -117.0000000000
833 -116.0000000000
837 -115.0000000000
838 -114.0000000000
842 -113.0000000000
855 -112.0000000000
873 -111.0000000000
877 -110.0000000000
882 -109.0000000000
887 -108.0000000000
896 -107.0000000000
902 -106.0000000000
916 -105.0000000000
918 -104.0000000000
924 -103.0000000000
934 -102.0000000000
938 -101.0000000000
939 -100.0000000000
945 -99.0000000000
949 -98.0000000000
950 -97.0000000000
957 -96.0000000000
963 -95.0000000000
968 -94.0000000000
972 -93.0000000000
973 -92.0000000000
974 -91.0000000000
980 -90.0000000000
992 -89.0000000000
1005 -88.0000000000
1007 -87.0000000000
1027 -86.0000000000
1030 -85.0000000000
1033 -84.0000000000
1045 -83.0000000000
1046 -82.0000000000
1051 -81.0000000000
1078 -80.0000000000
1089 -79.0000000000
1095 -78.0000000000
1098 -77.0000000000
1099 -76.0000000000
1111 -75.0000000000
1125 -74.0000000000
1126 -73.0000000000
1129 -72.0000000000
1141 -71.0000000000
1154 -70.0000000000
1159 -69.0000000000
1164 -68.0000000000
1168 -67.0000000000
1180 -66.0000000000
1194 -65.0000000000
1197 -64.0000000000
1199 -63.0000000000
1201 -62.0000000000
1218 -61.0000000000
1226 -60.0000000000
1230 -59.0000000000
1236 -58.0000000000
1249 -57.0000000000
1251 -56.0000000000
1253 -55.0000000000
1259 -54.0000000000
1264 -53.0000000000
1276 -52.0000000000
1277 -51.0000000000
1295 -50.0000000000
1298 -49.0000000000
1302 -48.0000000000
1327 -47.0000000000
1329 -46.0000000000
1333 -45.0000000000
1341 -44.0000000000
1352 -43.0000000000
1410 -42.0000000000
1414 -41.0000000000
1416 -40.0000000000
1430 -39.0000000000
1443 -38.0000000000
1446 -37.0000000000
1457 -36.0000000000
1459 -35.0000000000
1463 -34.0000000000
1479 -33.0000000000
1485 -32.0000000000
1528 -31.0000000000
1594 -30.0000000000
1640 -29.0000000000
1653 -28.0000000000
1655 -27.0000000000
1660 -26.0000000000
1682 -25.0000000000
1710 -24.0000000000
1720 -23.0000000000
1728 -22.0000000000
1753 -21.0000000000
1758 -20.0000000000
1770 -19.0000000000
1791 -18.0000000000
1796 -17.0000000000
1842 -16.0000000000
1860 -15.0000000000
1877 -14.0000000000
1924 -13.0000000000
1950 -12.0000000000
1987 -11.0000000000
2036 -10.0000000000
2077 -9.0000000000
2079 -8.0000000000
2210 -7.0000000000
2225 -6.0000000000
2251 -5.0000000000
2330 -4.0000000000
2401 -3.0000000000
2458 -2.0000000000
2527 -1.0000000000
2529 637.0000000000
100000 -1.0000000000
evaluations raw_y
1 -362.0000000000
2 -361.0000000000
3 -360.0000000000
5 -359.0000000000
7 -358.0000000000
8 -357.0000000000
10 -356.0000000000
11 -355.0000000000
13 -354.0000000000
14 -353.0000000000
15 -352.0000000000
17 -351.0000000000
20 -350.0000000000
21 -349.0000000000
22 -348.0000000000
25 -347.0000000000
26 -346.0000000000
28 -345.0000000000
31 -344.0000000000
35 -343.0000000000
42 -342.0000000000
48 -341.0000000000
49 -340.0000000000
51 -339.0000000000
54 -338.0000000000
55 -337.0000000000
56 -336.0000000000
59 -335.0000000000
60 -334.0000000000
64 -333.0000000000
65 -332.0000000000
67 -331.0000000000
68 -330.0000000000
69 -329.0000000000
74 -328.0000000000
75 -327.0000000000
79 -326.0000000000
80 -325.0000000000
82 -324.0000000000
84 -323.0000000000
85 -322.0000000000
87 -321.0000000000
89 -320.0000000000
90 -319.0000000000
94 -318.0000000000
95 -317.0000000000
97 -316.0000000000
101 -315.0000000000
102 -314.0000000000
105 -313.0000000000
107 -312.0000000000
113 -311.0000000000
116 -310.0000000000
118 -309.0000000000
120 -308.0000000000
125 -307.0000000000
128 -306.0000000000
132 -305.0000000000
136 -304.0000000000
139 -303.0000000000
143 -302.0000000000
146 -301.0000000000
150 -300.0000000000
153 -299.0000000000
154 -298.0000000000
157 -297.0000000000
168 -296.0000000000
169 -295.0000000000
171 -294.0000000000
174 -293.0000000000
176 -292.0000000000
179 -291.0000000000
183 -290.0000000000
184 -289.0000000000
186 -288.0000000000
188 -287.0000000000
190 -286.0000000000
192 -285.0000000000
198 -284.0000000000
200 -283.0000000000
201 -282.0000000000
202 -281.0000000000
203 -280.0000000000
204 -279.0000000000
205 -278.0000000000
208 -277.0000000000
211 -276.0000000000
212 -275.0000000000
213 -274.0000000000
219 -273.0000000000
220 -272.0000000000
222 -271.0000000000
223 -270.0000000000
227 -269.0000000000
228 -268.0000000000
238 -267.0000000000
239 -266.0000000000
240 -265.0000000000
245 -264.0000000000
246 -263.0000000000
247 -262.0000000000
255 -261.0000000000
257 -260.0000000000
260 -259.0000000000
261 -258.0000000000
262 -257.0000000000
263 -256.0000000000
264 -255.0000000000
271 -254.0000000000
273 -253.0000000000
275 -252.0000000000
279 -251.0000000000
281 -250.0000000000
282 -249.0000000000
283 -248.0000000000
284 -247.0000000000
286 -246.0000000000
288 -245.0000000000
292 -244.0000000000
296 -243.0000000000
297 -242.0000000000
300 -241.0000000000
306 -240.0000000000
307 -239.0000000000
308 -238.0000000000
309 -237.0000000000
313 -236.0000000000
316 -235.0000000000
324 -234.0000000000
327 -233.0000000000
331 -232.0000000000
333 -231.0000000000
335 -230.0000000000
337 -229.0000000000
341 -228.0000000000
346 -227.0000000000
348 -226.0000000000
349 -225.0000000000
350 -224.0000000000
351 -223.0000000000
354 -222.0000000000
358 -221.0000000000
359 -220.0000000000
373 -219.0000000000
377 -218.0000000000
381 -217.0000000000
384 -216.0000000000
385 -215.0000000000
388 -214.0000000000
389 -213.0000000000
390 -212.0000000000
395 -211.0000000000
396 -210.0000000000
399 -209.0000000000
403 -208.0000000000
405 -207.0000000000
410 -206.0000000000
415 -205.0000000000
416 -204.0000000000
424 -203.0000000000
428 -202.0000000000
432 -201.0000000000
436 -200.0000000000
439 -199.0000000000
444 -198.0000000000
445 -197.0000000000
454 -196.0000000000
459 -195.0000000000
461 -194.0000000000
463 -193.0000000000
466 -192.0000000000
467 -191.0000000000
478 -190.0000000000
483 -189.0000000000
484 -188.0000000000
485 -187.0000000000
495 -186.0000000000
496 -185.0000000000
500 -184.0000000000
502 -183.0000000000
503 -182.0000000000
509 -181.0000000000
514 -180.0000000000
516 -179.0000000000
519 -178.0000000000
520 -177.0000000000
522 -176.0000000000
525 -175.0000000000
527 -174.0000000000
530 -173.0000000000
531 -172.0000000000
540 -171.0000000000
541 -170.0000000000
549 -169.0000000000
550 -168.0000000000
556 -167.0000000000
564 -166.0000000000
572 -165.0000000000
584 -164.0000000000
585 -163.0000000000
587 -162.0000000000
588 -161.0000000000
589 -160.0000000000
592 -159.0000000000
602 -158.0000000000
603 -157.0000000000
605 -156.0000000000
606 -155.0000000000
609 -154.0000000000
613 -153.0000000000
616 -152.0000000000
617 -151.0000000000
622 -150.0000000000
624 -149.0000000000
627 -148.0000000000
633 -147.0000000000
634 -146.0000000000
635 -145.0000000000
653 -144.0000000000
655 -143.0000000000
656 -142.0000000000
668 -141.0000000000
671 -140.0000000000
676 -139.0000000000
679 -138.0000000000
689 -137.0000000000
693 -136.0000000000
696 -135.0000000000
699 -134.0000000000
708 -133.0000000000
711 -132.0000000000
717 -131.0000000000
720 -130.0000000000
723 -129.0000000000
726 -128.0000000000
727 -127.0000000000
728 -126.0000000000
731 -125.0000000000
738 -124.0000000000
742 -123.0000000000
745 -122.0000000000
747 -121.0000000000
750 -120.0000000000
778 -119.0000000000
789 -118.0000000000
799 -117.0000000000
801 -116.0000000000
802 -115.0000000000
805 -114.0000000000
809 -113.0000000000
811 -112.0000000000
813 -111.0000000000
844 -110.0000000000
847 -109.0000000000
852 -108.0000000000
854 -107.0000000000
862 -106.0000000000
865 -105.0000000000
868 -104.0000000000
870 -103.0000000000
872 -102.0000000000
873 -101.0000000000
883 -100.0000000000
885 -99.0000000000
889 -98.0000000000
903 -97.0000000000
912 -96.0000000000
915 -95.0000000000
916 -94.0000000000
924 -93.0000000000
929 -92.0000000000
958 -91.0000000000
965 -90.0000000000
967 -89.0000000000
973 -88.0000000000
983 -87.0000000000
987 -86.0000000000
999 -85.0000000000
1004 -84.0000000000
1008 -83.0000000000
1020 -82.0000000000
1025 -81.0000000000
1029 -80.0000000000
1033 -79.0000000000
1057 -78.0000000000
1065 -77.0000000000
1086 -76.0000000000
1087 -75.0000000000
1091 -74.0000000000
1105 -73.0000000000
1119 -72.0000000000
1140 -71.0000000000
1144 -70.0000000000
1155 -69.0000000000
1161 -68.0000000000
1163 -67.0000000000
1188 -66.0000000000
1191 -65.0000000000
1194 -64.0000000000
1206 -63.0000000000
1208 -62.0000000000
1213 -61.0000000000
1215 -60.0000000000
1224 -59.0000000000
1230 -58.0000000000
1235 -57.0000000000
1257 -56.0000000000
1259 -55.0000000000
1268 -54.0000000000
1270 -53.0000000000
1283 -52.0000000000
1284 -51.0000000000
1291 -50.0000000000
1302 -49.0000000000
1307 -48.0000000000
1321 -47.0000000000
1327 -46.0000000000
1331 -45.0000000000
1339 -44.0000000000
1355 -43.0000000000
1360 -42.0000000000
1374 -41.0000000000
1385 -40.0000000000
1387 -39.0000000000
1392 -38.0000000000
1398 -37.0000000000
1412 -36.0000000000
1452 -35.0000000000
1459 -34.0000000000
1461 -33.0000000000
1474 -32.0000000000
1484 -31.0000000000
1487 -30.0000000000
1562 -29.0000000000
1569 -28.0000000000
1606 -27.0000000000
1607 -26.0000000000
1615 -25.0000000000
1617 -24.0000000000
1632 -23.0000000000
1673 -22.0000000000
1704 -21.0000000000
1709 -20.0000000000
1716 -19.0000000000
1733 -18.0000000000
1739 -17.0000000000
1759 -16.0000000000
1769 -15.0000000000
1775 -14.0000000000
1813 -13.0000000000
1846 -12.0000000000
1851 -11.0000000000
1951 -10.0000000000
1954 -9.0000000000
2147 -8.0000000000
2163 -7.0000000000
2164 -6.0000000000
2193 -5.0000000000
2210 -4.0000000000
2265 -3.0000000000
2271 -2.0000000000
2296 -1.0000000000
2540 575.0000000000
100000 -1.0000000000
