evaluations raw_y
1 -394.0000000000
2 -392.0000000000
6 -391.0000000000
8 -390.0000000000
9 -389.0000000000
11 -387.0000000000
18 -386.0000000000
25 -384.0000000000
28 -383.0000000000
29 -380.0000000000
30 -379.0000000000
31 -378.0000000000
32 -377.0000000000
37 -376.0000000000
42 -375.0000000000
44 -374.0000000000
46 -373.0000000000
48 -372.0000000000
56 -371.0000000000
59 -370.0000000000
66 -368.0000000000
68 -365.0000000000
69 -364.0000000000
70 -363.0000000000
71 -362.0000000000
75 -361.0000000000
80 -357.0000000000
84 -356.0000000000
96 -354.0000000000
98 -353.0000000000
102 -352.0000000000
117 -351.0000000000
120 -350.0000000000
122 -349.0000000000
123 -348.0000000000
125 -347.0000000000
126 -346.0000000000
128 -345.0000000000
136 -343.0000000000
141 -342.0000000000
162 -341.0000000000
167 -340.0000000000
174 -338.0000000000
175 -337.0000000000
178 -334.0000000000
181 -333.0000000000
182 -332.0000000000
184 -331.0000000000
185 -329.0000000000
192 -327.0000000000
196 -326.0000000000
204 -325.0000000000
208 -324.0000000000
214 -323.0000000000
215 -322.0000000000
216 -321.0000000000
219 -320.0000000000
222 -319.0000000000
226 -318.0000000000
240 -317.0000000000
246 -316.0000000000
247 -315.0000000000
253 -313.0000000000
254 -312.0000000000
257 -311.0000000000
264 -310.0000000000
270 -309.0000000000
271 -308.0000000000
273 -307.0000000000
282 -306.0000000000
286 -305.0000000000
288 -304.0000000000
294 -303.0000000000
295 -302.0000000000
298 -301.0000000000
305 -299.0000000000
312 -298.0000000000
318 -297.0000000000
325 -296.0000000000
327 -294.0000000000
331 -293.0000000000
334 -292.0000000000
339 -291.0000000000
348 -290.0000000000
350 -288.0000000000
360 -287.0000000000
361 -286.0000000000
368 -285.0000000000
373 -284.0000000000
378 -283.0000000000
381 -282.0000000000
383 -281.0000000000
386 -280.0000000000
390 -279.0000000000
399 -278.0000000000
401 -276.0000000000
405 -275.0000000000
407 -274.0000000000
413 -273.0000000000
424 -272.0000000000
435 -271.0000000000
436 -269.0000000000
452 -267.0000000000
467 -266.0000000000
472 -265.0000000000
473 -264.0000000000
477 -263.0000000000
482 -262.0000000000
486 -261.0000000000
491 -260.0000000000
495 -259.0000000000
507 -258.0000000000
512 -257.0000000000
513 -256.0000000000
521 -255.0000000000
522 -254.0000000000
528 -253.0000000000
530 -252.0000000000
533 -251.0000000000
541 -249.0000000000
544 -248.0000000000
545 -246.0000000000
550 -245.0000000000
552 -244.0000000000
561 -243.0000000000
562 -242.0000000000
566 -241.0000000000
568 -240.0000000000
569 -239.0000000000
572 -238.0000000000
574 -237.0000000000
583 -236.0000000000
585 -235.0000000000
590 -234.0000000000
593 -233.0000000000
596 -232.0000000000
598 -231.0000000000
601 -230.0000000000
613 -229.0000000000
617 -228.0000000000
632 -227.0000000000
641 -226.0000000000
647 -223.0000000000
657 -222.0000000000
683 -221.0000000000
694 -219.0000000000
696 -218.0000000000
700 -217.0000000000
720 -216.0000000000
723 -215.0000000000
724 -214.0000000000
737 -213.0000000000
743 -212.0000000000
746 -211.0000000000
759 -210.0000000000
768 -209.0000000000
774 -208.0000000000
792 -207.0000000000
796 -206.0000000000
801 -205.0000000000
818 -204.0000000000
834 -203.0000000000
845 -202.0000000000
853 -201.0000000000
862 -200.0000000000
882 -199.0000000000
897 -197.0000000000
904 -196.0000000000
913 -195.0000000000
926 -194.0000000000
927 -193.0000000000
944 -192.0000000000
945 -191.0000000000
947 -190.0000000000
950 -189.0000000000
952 -188.0000000000
961 -187.0000000000
973 -186.0000000000
977 -185.0000000000
989 -184.0000000000
1000 -183.0000000000
1009 -182.0000000000
1021 -181.0000000000
1051 -180.0000000000
1079 -179.0000000000
1085 -178.0000000000
1108 -177.0000000000
1111 -176.0000000000
1126 -175.0000000000
1138 -174.0000000000
1144 -173.0000000000
1145 -172.0000000000
1150 -171.0000000000
1162 -170.0000000000
1164 -168.0000000000
1183 -167.0000000000
1197 -166.0000000000
1201 -165.0000000000
1205 -164.0000000000
1221 -163.0000000000
1226 -162.0000000000
1254 -161.0000000000
1256 -160.0000000000
1299 -158.0000000000
1308 -157.0000000000
1338 -156.0000000000
1340 -155.0000000000
1345 -154.0000000000
1378 -153.0000000000
1379 -152.0000000000
1384 -151.0000000000
1396 -150.0000000000
1443 -149.0000000000
1444 -148.0000000000
1457 -147.0000000000
1464 -146.0000000000
1467 -145.0000000000
1470 -144.0000000000
1519 -143.0000000000
1530 -142.0000000000
1542 -141.0000000000
1551 -140.0000000000
1591 -139.0000000000
1596 -138.0000000000
1601 -137.0000000000
1620 -136.0000000000
1633 -135.0000000000
1635 -134.0000000000
1644 -133.0000000000
1663 -132.0000000000
1675 -131.0000000000
1684 -130.0000000000
1694 -129.0000000000
1718 -128.0000000000
1721 -127.0000000000
1741 -126.0000000000
1750 -125.0000000000
1761 -124.0000000000
1762 -123.0000000000
1763 -122.0000000000
1765 -120.0000000000
1781 -118.0000000000
1786 -117.0000000000
1790 -116.0000000000
1791 -115.0000000000
1792 -114.0000000000
1797 -113.0000000000
1808 -112.0000000000
1811 -111.0000000000
1817 -110.0000000000
1832 -108.0000000000
1855 -107.0000000000
1857 -106.0000000000
1877 -105.0000000000
1898 -104.0000000000
1902 -103.0000000000
1927 -102.0000000000
1937 -101.0000000000
1957 -100.0000000000
1962 -97.0000000000
2010 -96.0000000000
2022 -95.0000000000
2028 -94.0000000000
2039 -93.0000000000
2048 -92.0000000000
2117 -90.0000000000
2135 -89.0000000000
2154 -88.0000000000
2160 -87.0000000000
2191 -86.0000000000
2207 -85.0000000000
2227 -84.0000000000
2272 -83.0000000000
2295 -82.0000000000
2321 -81.0000000000
2333 -80.0000000000
2354 -79.0000000000
2355 -78.0000000000
2367 -77.0000000000
2421 -76.0000000000
2440 -75.0000000000
2445 -74.0000000000
2456 -73.0000000000
2483 -72.0000000000
2484 -69.0000000000
2491 -68.0000000000
2504 -67.0000000000
2581 -66.0000000000
2593 -65.0000000000
2636 -64.0000000000
2645 -63.0000000000
2674 -62.0000000000
2690 -61.0000000000
2715 -60.0000000000
2719 -59.0000000000
2736 -58.0000000000
2791 -57.0000000000
2834 -56.0000000000
2897 -55.0000000000
2906 -54.0000000000
3152 -53.0000000000
3157 -52.0000000000
3162 -51.0000000000
3168 -50.0000000000
3174 -49.0000000000
3186 -48.0000000000
3247 -47.0000000000
3275 -46.0000000000
3277 -45.0000000000
3353 -44.0000000000
3359 -43.0000000000
3436 -42.0000000000
3504 -41.0000000000
3515 -40.0000000000
3535 -39.0000000000
3536 -38.0000000000
3543 -37.0000000000
3618 -36.0000000000
3619 -35.0000000000
3714 -34.0000000000
3721 -33.0000000000
3749 -32.0000000000
3758 -31.0000000000
3761 -30.0000000000
3807 -29.0000000000
3850 -28.0000000000
3955 -27.0000000000
3995 -26.0000000000
4054 -25.0000000000
4065 -24.0000000000
4091 -23.0000000000
4103 -22.0000000000
4188 -20.0000000000
4194 -19.0000000000
4220 -18.0000000000
4295 -17.0000000000
4308 -16.0000000000
4367 -15.0000000000
4407 -14.0000000000
4417 -13.0000000000
4429 -12.0000000000
4589 -11.0000000000
4694 -10.0000000000
4735 -9.0000000000
4912 -8.0000000000
4955 -7.0000000000
5027 -6.0000000000
5096 -5.0000000000
5127 -4.0000000000
5320 -3.0000000000
5673 -2.0000000000
5777 -1.0000000000
5871 612.0000000000
5887 618.0000000000
6806 636.0000000000
7859 640.0000000000
8485 649.0000000000
10509 652.0000000000
17362 653.0000000000
17499 659.0000000000
18637 660.0000000000
21550 662.0000000000
22388 666.0000000000
22456 668.0000000000
22485 674.0000000000
29230 675.0000000000
38712 685.0000000000
44553 686.0000000000
94400 688.0000000000
100000 688.0000000000
evaluations raw_y
1 -380.0000000000
6 -377.0000000000
12 -376.0000000000
13 -375.0000000000
18 -374.0000000000
19 -372.0000000000
20 -371.0000000000
21 -370.0000000000
22 -369.0000000000
28 -368.0000000000
39 -367.0000000000
41 -365.0000000000
44 -364.0000000000
47 -363.0000000000
51 -362.0000000000
52 -361.0000000000
57 -360.0000000000
63 -358.0000000000
75 -357.0000000000
76 -356.0000000000
81 -355.0000000000
82 -354.0000000000
85 -353.0000000000
86 -352.0000000000
87 -351.0000000000
90 -350.0000000000
93 -348.0000000000
95 -347.0000000000
103 -346.0000000000
111 -345.0000000000
112 -343.0000000000
119 -342.0000000000
129 -341.0000000000
135 -338.0000000000
145 -337.0000000000
148 -336.0000000000
162 -335.0000000000
163 -334.0000000000
169 -333.0000000000
174 -332.0000000000
178 -331.0000000000
179 -329.0000000000
183 -327.0000000000
185 -326.0000000000
189 -325.0000000000
191 -324.0000000000
197 -322.0000000000
203 -321.0000000000
204 -320.0000000000
216 -319.0000000000
220 -318.0000000000
221 -317.0000000000
226 -316.0000000000
229 -315.0000000000
247 -314.0000000000
251 -313.0000000000
260 -312.0000000000
264 -311.0000000000
265 -309.0000000000
268 -308.0000000000
269 -306.0000000000
272 -304.0000000000
281 -302.0000000000
283 -300.0000000000
285 -298.0000000000
295 -297.0000000000
300 -296.0000000000
301 -294.0000000000
303 -293.0000000000
304 -292.0000000000
308 -291.0000000000
311 -290.0000000000
314 -288.0000000000
319 -287.0000000000
320 -286.0000000000
324 -285.0000000000
327 -283.0000000000
330 -282.0000000000
338 -281.0000000000
339 -280.0000000000
343 -279.0000000000
344 -278.0000000000
351 -277.0000000000
354 -276.0000000000
364 -275.0000000000
368 -274.0000000000
369 -273.0000000000
376 -272.0000000000
379 -271.0000000000
381 -269.0000000000
384 -268.0000000000
393 -267.0000000000
402 -266.0000000000
405 -265.0000000000
413 -264.0000000000
423 -263.0000000000
429 -261.0000000000
430 -260.0000000000
432 -259.0000000000
435 -258.0000000000
436 -257.0000000000
437 -256.0000000000
442 -255.0000000000
452 -254.0000000000
455 -253.0000000000
459 -252.0000000000
461 -251.0000000000
467 -250.0000000000
475 -249.0000000000
481 -248.0000000000
490 -247.0000000000
493 -246.0000000000
509 -245.0000000000
521 -244.0000000000
523 -243.0000000000
531 -242.0000000000
535 -241.0000000000
542 -240.0000000000
547 -239.0000000000
548 -237.0000000000
551 -236.0000000000
559 -235.0000000000
572 -234.0000000000
581 -233.0000000000
583 -231.0000000000
596 -230.0000000000
599 -229.0000000000
600 -228.0000000000
605 -227.0000000000
611 -226.0000000000
616 -225.0000000000
626 -224.0000000000
631 -223.0000000000
633 -222.0000000000
645 -221.0000000000
648 -220.0000000000
651 -219.0000000000
666 -218.0000000000
673 -217.0000000000
674 -215.0000000000
680 -214.0000000000
685 -213.0000000000
699 -212.0000000000
710 -211.0000000000
731 -209.0000000000
752 -208.0000000000
758 -207.0000000000
766 -206.0000000000
770 -205.0000000000
775 -204.0000000000
780 -203.0000000000
784 -202.0000000000
788 -201.0000000000
805 -200.0000000000
820 -199.0000000000
822 -198.0000000000
860 -196.0000000000
880 -195.0000000000
888 -193.0000000000
889 -192.0000000000
895 -191.0000000000
903 -190.0000000000
904 -189.0000000000
910 -187.0000000000
913 -186.0000000000
929 -185.0000000000
962 -184.0000000000
994 -183.0000000000
997 -182.0000000000
1010 -181.0000000000
1014 -180.0000000000
1015 -179.0000000000
1021 -178.0000000000
1036 -177.0000000000
1037 -176.0000000000
1048 -175.0000000000
1049 -174.0000000000
1055 -173.0000000000
1061 -172.0000000000
1062 -171.0000000000
1065 -170.0000000000
1068 -169.0000000000
1075 -168.0000000000
1078 -167.0000000000
1079 -166.0000000000
1083 -165.0000000000
1086 -164.0000000000
1088 -163.0000000000
1137 -162.0000000000
1145 -161.0000000000
1156 -160.0000000000
1165 -159.0000000000
1166 -158.0000000000
1167 -157.0000000000
1172 -156.0000000000
1208 -155.0000000000
1222 -154.0000000000
1224 -153.0000000000
1227 -152.0000000000
1233 -151.0000000000
1239 -150.0000000000
1253 -149.0000000000
1255 -148.0000000000
1276 -145.0000000000
1277 -144.0000000000
1281 -143.0000000000
1292 -142.0000000000
1293 -141.0000000000
1295 -140.0000000000
1332 -139.0000000000
1366 -138.0000000000
1393 -137.0000000000
1407 -136.0000000000
1414 -135.0000000000
1442 -134.0000000000
1469 -132.0000000000
1475 -131.0000000000
1508 -130.0000000000
1510 -129.0000000000
1549 -128.0000000000
1566 -127.0000000000
1581 -126.0000000000
1591 -125.0000000000
1598 -124.0000000000
1611 -123.0000000000
1618 -122.0000000000
1626 -121.0000000000
1701 -120.0000000000
1719 -119.0000000000
1748 -118.0000000000
1749 -117.0000000000
1762 -116.0000000000
1786 -115.0000000000
1813 -113.0000000000
1838 -112.0000000000
1923 -111.0000000000
1931 -110.0000000000
1964 -109.0000000000
1984 -108.0000000000
2007 -107.0000000000
2018 -106.0000000000
2043 -105.0000000000
2063 -104.0000000000
2074 -103.0000000000
2087 -102.0000000000
2094 -101.0000000000
2130 -100.0000000000
2132 -99.0000000000
2175 -98.0000000000
2184 -95.0000000000
2189 -94.0000000000
2196 -93.0000000000
2290 -92.0000000000
2326 -91.0000000000
2341 -90.0000000000
2348 -89.0000000000
2356 -88.0000000000
2378 -87.0000000000
2387 -86.0000000000
2396 -85.0000000000
2420 -84.0000000000
2457 -83.0000000000
2464 -82.0000000000
2469 -81.0000000000
2470 -80.0000000000
2511 -79.0000000000
2513 -78.0000000000
2548 -77.0000000000
2562 -76.0000000000
2564 -75.0000000000
2566 -74.0000000000
2573 -72.0000000000
2580 -71.0000000000
2589 -70.0000000000
2599 -69.0000000000
2606 -68.0000000000
2650 -67.0000000000
2660 -66.0000000000
2667 -65.0000000000
2670 -64.0000000000
2678 -63.0000000000
2700 -61.0000000000
2704 -60.0000000000
2736 -59.0000000000
2797 -58.0000000000
2836 -57.0000000000
2884 -56.0000000000
2933 -55.0000000000
2964 -54.0000000000
3040 -53.0000000000
3043 -52.0000000000
3048 -51.0000000000
3055 -50.0000000000
3069 -48.0000000000
3116 -47.0000000000
3137 -46.0000000000
3166 -45.0000000000
3167 -44.0000000000
3172 -42.0000000000
3193 -41.0000000000
3223 -40.0000000000
3231 -39.0000000000
3264 -38.0000000000
3315 -37.0000000000
3415 -36.0000000000
3492 -35.0000000000
3542 -34.0000000000
3562 -33.0000000000
3575 -32.0000000000
3631 -31.0000000000
3636 -30.0000000000
3648 -29.0000000000
3805 -28.0000000000
3910 -27.0000000000
3964 -26.0000000000
4020 -25.0000000000
4055 -24.0000000000
4076 -23.0000000000
4206 -22.0000000000
4252 -21.0000000000
4358 -20.0000000000
4362 -19.0000000000
4370 -18.0000000000
4506 -17.0000000000
4510 -16.0000000000
4557 -15.0000000000
4682 -14.0000000000
4751 -13.0000000000
4782 -12.0000000000
4891 -11.0000000000
4906 -9.0000000000
4907 -8.0000000000
4962 -7.0000000000
5001 -6.0000000000
5265 -5.0000000000
5454 -4.0000000000
5557 -3.0000000000
5652 -2.0000000000
6202 -1.0000000000
6221 588.0000000000
6373 604.0000000000
6585 616.0000000000
8363 631.0000000000
8822 637.0000000000
8836 638.0000000000
10150 641.0000000000
14308 647.0000000000
20500 651.0000000000
25605 653.0000000000
26212 654.0000000000
28672 661.0000000000
29063 663.0000000000
29414 665.0000000000
31770 670.0000000000
36970 675.0000000000
41616 677.0000000000
46362 680.0000000000
69721 684.0000000000
74828 689.0000000000
76610 690.0000000000
100000 -2.0000000000
evaluations raw_y
1 -336.0000000000
8 -335.0000000000
17 -334.0000000000
20 -333.0000000000
25 -332.0000000000
27 -330.0000000000
28 -329.0000000000
37 -328.0000000000
41 -327.0000000000
50 -326.0000000000
51 -324.0000000000
54 -323.0000000000
56 -322.0000000000
58 -321.0000000000
60 -320.0000000000
62 -319.0000000000
63 -318.0000000000
66 -316.0000000000
69 -314.0000000000
73 -313.0000000000
81 -312.0000000000
86 -310.0000000000
88 -309.0000000000
91 -308.0000000000
99 -307.0000000000
101 -306.0000000000
112 -305.0000000000
113 -304.0000000000
115 -303.0000000000
120 -302.0000000000
121 -301.0000000000
127 -299.0000000000
129 -298.0000000000
133 -297.0000000000
142 -296.0000000000
151 -295.0000000000
157 -294.0000000000
162 -293.0000000000
163 -292.0000000000
167 -291.0000000000
172 -290.0000000000
190 -289.0000000000
194 -288.0000000000
198 -287.0000000000
199 -286.0000000000
201 -284.0000000000
224 -282.0000000000
225 -281.0000000000
226 -280.0000000000
227 -277.0000000000
228 -275.0000000000
238 -274.0000000000
247 -273.0000000000
249 -272.0000000000
250 -271.0000000000
253 -269.0000000000
254 -268.0000000000
255 -267.0000000000
264 -266.0000000000
265 -265.0000000000
266 -264.0000000000
275 -263.0000000000
278 -262.0000000000
282 -261.0000000000
293 -260.0000000000
299 -259.0000000000
300 -258.0000000000
302 -257.0000000000
314 -256.0000000000
315 -255.0000000000
318 -254.0000000000
323 -253.0000000000
324 -252.0000000000
328 -251.0000000000
334 -250.0000000000
339 -249.0000000000
342 -247.0000000000
345 -246.0000000000
346 -245.0000000000
357 -244.0000000000
366 -241.0000000000
378 -240.0000000000
390 -238.0000000000
393 -237.0000000000
396 -235.0000000000
398 -234.0000000000
407 -233.0000000000
414 -232.0000000000
424 -231.0000000000
425 -230.0000000000
426 -229.0000000000
430 -227.0000000000
453 -225.0000000000
473 -224.0000000000
475 -223.0000000000
478 -222.0000000000
486 -221.0000000000
487 -220.0000000000
509 -219.0000000000
517 -218.0000000000
521 -217.0000000000
523 -216.0000000000
533 -215.0000000000
535 -214.0000000000
559 -213.0000000000
563 -212.0000000000
571 -211.0000000000
575 -210.0000000000
577 -209.0000000000
578 -208.0000000000
588 -206.0000000000
594 -204.0000000000
598 -203.0000000000
617 -202.0000000000
621 -201.0000000000
622 -200.0000000000
652 -199.0000000000
661 -197.0000000000
672 -196.0000000000
676 -195.0000000000
698 -194.0000000000
701 -193.0000000000
729 -192.0000000000
738 -191.0000000000
742 -190.0000000000
758 -189.0000000000
761 -188.0000000000
762 -187.0000000000
764 -186.0000000000
774 -185.0000000000
795 -184.0000000000
800 -183.0000000000
803 -182.0000000000
804 -181.0000000000
810 -180.0000000000
815 -179.0000000000
825 -178.0000000000
834 -177.0000000000
857 -176.0000000000
861 -175.0000000000
863 -174.0000000000
869 -173.0000000000
902 -172.0000000000
916 -171.0000000000
920 -170.0000000000
935 -169.0000000000
953 -168.0000000000
962 -167.0000000000
965 -165.0000000000
968 -164.0000000000
980 -163.0000000000
985 -162.0000000000
1001 -161.0000000000
1007 -159.0000000000
1018 -158.0000000000
1041 -157.0000000000
1044 -156.0000000000
1060 -155.0000000000
1069 -154.0000000000
1073 -153.0000000000
1085 -152.0000000000
1087 -151.0000000000
1090 -149.0000000000
1102 -148.0000000000
1127 -147.0000000000
1134 -146.0000000000
1152 -145.0000000000
1168 -144.0000000000
1183 -143.0000000000
1185 -142.0000000000
1187 -141.0000000000
1191 -139.0000000000
1195 -138.0000000000
1204 -137.0000000000
1219 -136.0000000000
1220 -135.0000000000
1263 -134.0000000000
1265 -133.0000000000
1270 -131.0000000000
1280 -130.0000000000
1286 -129.0000000000
1295 -128.0000000000
1301 -127.0000000000
1312 -126.0000000000
1317 -125.0000000000
1319 -124.0000000000
1322 -123.0000000000
1336 -122.0000000000
1354 -121.0000000000
1397 -120.0000000000
1407 -119.0000000000
1437 -118.0000000000
1449 -117.0000000000
1494 -116.0000000000
1495 -114.0000000000
1496 -113.0000000000
1498 -112.0000000000
1506 -111.0000000000
1515 -110.0000000000
1519 -109.0000000000
1576 -108.0000000000
1605 -107.0000000000
1631 -106.0000000000
1636 -104.0000000000
1639 -103.0000000000
1640 -102.0000000000
1652 -101.0000000000
1662 -100.0000000000
1679 -99.0000000000
1706 -98.0000000000
1726 -97.0000000000
1754 -96.0000000000
1785 -95.0000000000
1803 -94.0000000000
1815 -93.0000000000
1827 -92.0000000000
1835 -91.0000000000
1843 -90.0000000000
1872 -89.0000000000
1922 -87.0000000000
1928 -86.0000000000
1931 -84.0000000000
1951 -83.0000000000
1958 -82.0000000000
1959 -81.0000000000
1974 -79.0000000000
1979 -78.0000000000
2001 -77.0000000000
2017 -76.0000000000
2049 -75.0000000000
2097 -74.0000000000
2107 -73.0000000000
2119 -72.0000000000
2178 -70.0000000000
2180 -69.0000000000
2229 -68.0000000000
2233 -67.0000000000
2260 -66.0000000000
2286 -65.0000000000
2306 -64.0000000000
2339 -63.0000000000
2359 -62.0000000000
2366 -60.0000000000
2404 -59.0000000000
2423 -58.0000000000
2435 -57.0000000000
2451 -56.0000000000
2453 -55.0000000000
2477 -54.0000000000
2485 -53.0000000000
2502 -52.0000000000
2526 -51.0000000000
2577 -50.0000000000
2610 -49.0000000000
2649 -48.0000000000
2657 -47.0000000000
2705 -46.0000000000
2706 -45.0000000000
2728 -44.0000000000
2832 -43.0000000000
2858 -42.0000000000
2872 -41.0000000000
2899 -40.0000000000
2900 -39.0000000000
2905 -38.0000000000
2940 -37.0000000000
2952 -36.0000000000
2957 -35.0000000000
3056 -34.0000000000
3157 -33.0000000000
3166 -31.0000000000
3211 -30.0000000000
3223 -29.0000000000
3370 -28.0000000000
3376 -27.0000000000
3378 -26.0000000000
3504 -25.0000000000
3516 -24.0000000000
3589 -23.0000000000
3646 -22.0000000000
3663 -21.0000000000
3667 -20.0000000000
3671 -19.0000000000
3692 -18.0000000000
3808 -17.0000000000
3954 -16.0000000000
3955 -15.0000000000
4077 -14.0000000000
4244 -13.0000000000
4305 -12.0000000000
4377 -11.0000000000
4530 -10.0000000000
4604 -9.0000000000
4655 -8.0000000000
4746 -7.0000000000
4784 -6.0000000000
5205 -5.0000000000
5288 -4.0000000000
5375 -3.0000000000
5378 -2.0000000000
5465 -1.0000000000
6120 583.0000000000
6152 591.0000000000
6195 623.0000000000
6596 625.0000000000
6876 627.0000000000
7415 635.0000000000
7570 641.0000000000
7874 643.0000000000
8908 649.0000000000
10188 654.0000000000
12021 658.0000000000
13796 671.0000000000
25591 674.0000000000
43608 677.0000000000
56182 678.0000000000
56875 684.0000000000
57936 686.0000000000
60584 687.0000000000
82124 692.0000000000
84715 696.0000000000
100000 -3.0000000000
evaluations raw_y
1 -379.0000000000
2 -378.0000000000
6 -377.0000000000
10 -376.0000000000
15 -375.0000000000
20 -374.0000000000
23 -372.0000000000
34 -371.0000000000
36 -370.0000000000
38 -368.0000000000
50 -367.0000000000
58 -366.0000000000
63 -365.0000000000
74 -364.0000000000
78 -363.0000000000
82 -362.0000000000
84 -361.0000000000
85 -360.0000000000
92 -358.0000000000
94 -357.0000000000
100 -356.0000000000
101 -355.0000000000
102 -353.0000000000
105 -352.0000000000
108 -350.0000000000
112 -348.0000000000
113 -347.0000000000
120 -346.0000000000
121 -345.0000000000
133 -344.0000000000
140 -343.0000000000
141 -342.0000000000
146 -341.0000000000
148 -339.0000000000
156 -338.0000000000
172 -337.0000000000
176 -336.0000000000
179 -335.0000000000
182 -334.0000000000
183 -333.0000000000
184 -332.0000000000
185 -330.0000000000
192 -328.0000000000
194 -327.0000000000
195 -326.0000000000
196 -324.0000000000
207 -323.0000000000
210 -322.0000000000
212 -320.0000000000
215 -319.0000000000
217 -318.0000000000
218 -317.0000000000
222 -316.0000000000
225 -315.0000000000
234 -314.0000000000
235 -312.0000000000
241 -310.0000000000
272 -309.0000000000
273 -308.0000000000
285 -307.0000000000
288 -306.0000000000
291 -305.0000000000
292 -304.0000000000
304 -303.0000000000
308 -302.0000000000
310 -301.0000000000
321 -298.0000000000
330 -297.0000000000
338 -296.0000000000
342 -295.0000000000
347 -294.0000000000
349 -293.0000000000
350 -291.0000000000
353 -290.0000000000
364 -288.0000000000
366 -287.0000000000
367 -285.0000000000
370 -284.0000000000
372 -283.0000000000
373 -282.0000000000
376 -281.0000000000
377 -280.0000000000
378 -278.0000000000
380 -277.0000000000
390 -276.0000000000
400 -274.0000000000
402 -273.0000000000
404 -272.0000000000
406 -271.0000000000
407 -270.0000000000
417 -269.0000000000
424 -268.0000000000
427 -267.0000000000
445 -266.0000000000
453 -264.0000000000
459 -263.0000000000
464 -262.0000000000
465 -261.0000000000
469 -260.0000000000
471 -259.0000000000
474 -257.0000000000
475 -256.0000000000
484 -254.0000000000
488 -253.0000000000
490 -252.0000000000
493 -250.0000000000
494 -248.0000000000
507 -247.0000000000
508 -245.0000000000
519 -244.0000000000
520 -242.0000000000
526 -241.0000000000
529 -240.0000000000
531 -239.0000000000
534 -238.0000000000
539 -237.0000000000
546 -235.0000000000
547 -234.0000000000
548 -233.0000000000
551 -231.0000000000
552 -230.0000000000
558 -229.0000000000
559 -228.0000000000
568 -227.0000000000
594 -226.0000000000
601 -225.0000000000
602 -224.0000000000
604 -223.0000000000
625 -222.0000000000
626 -221.0000000000
628 -220.0000000000
633 -219.0000000000
641 -218.0000000000
643 -217.0000000000
645 -216.0000000000
647 -215.0000000000
649 -214.0000000000
654 -213.0000000000
659 -212.0000000000
665 -211.0000000000
666 -210.0000000000
673 -208.0000000000
681 -207.0000000000
691 -205.0000000000
696 -204.0000000000
701 -203.0000000000
704 -202.0000000000
710 -201.0000000000
715 -200.0000000000
748 -198.0000000000
755 -196.0000000000
768 -193.0000000000
789 -192.0000000000
793 -191.0000000000
795 -190.0000000000
800 -188.0000000000
808 -187.0000000000
838 -186.0000000000
842 -185.0000000000
844 -184.0000000000
856 -183.0000000000
862 -182.0000000000
863 -181.0000000000
875 -180.0000000000
877 -179.0000000000
882 -178.0000000000
894 -177.0000000000
899 -175.0000000000
910 -174.0000000000
921 -173.0000000000
945 -172.0000000000
952 -171.0000000000
975 -169.0000000000
990 -168.0000000000
1014 -167.0000000000
1021 -165.0000000000
1029 -164.0000000000
1035 -162.0000000000
1040 -161.0000000000
1051 -160.0000000000
1056 -159.0000000000
1068 -158.0000000000
1071 -157.0000000000
1095 -156.0000000000
1111 -155.0000000000
1119 -154.0000000000
1131 -152.0000000000
1145 -150.0000000000
1149 -149.0000000000
1151 -148.0000000000
1159 -147.0000000000
1165 -146.0000000000
1170 -144.0000000000
1171 -142.0000000000
1174 -141.0000000000
1180 -140.0000000000
1182 -139.0000000000
1188 -138.0000000000
1211 -137.0000000000
1225 -136.0000000000
1235 -135.0000000000
1246 -134.0000000000
1248 -133.0000000000
1274 -132.0000000000
1279 -130.0000000000
1281 -129.0000000000
1282 -128.0000000000
1314 -127.0000000000
1334 -126.0000000000
1362 -125.0000000000
1376 -123.0000000000
1389 -122.0000000000
1404 -121.0000000000
1410 -120.0000000000
1419 -118.0000000000
1421 -117.0000000000
1422 -116.0000000000
1431 -115.0000000000
1451 -114.0000000000
1461 -113.0000000000
1462 -112.0000000000
1468 -111.0000000000
1477 -110.0000000000
1504 -108.0000000000
1518 -107.0000000000
1524 -106.0000000000
1535 -105.0000000000
1545 -104.0000000000
1593 -103.0000000000
1597 -102.0000000000
1619 -101.0000000000
1664 -100.0000000000
1671 -99.0000000000
1684 -98.0000000000
1735 -97.0000000000
1743 -96.0000000000
1760 -95.0000000000
1767 -94.0000000000
1775 -93.0000000000
1787 -92.0000000000
1814 -91.0000000000
1820 -90.0000000000
1824 -89.0000000000
1861 -88.0000000000
1893 -87.0000000000
1895 -86.0000000000
1902 -85.0000000000
1931 -84.0000000000
1969 -83.0000000000
1976 -82.0000000000
2008 -81.0000000000
2024 -79.0000000000
2025 -78.0000000000
2040 -77.0000000000
2057 -76.0000000000
2091 -75.0000000000
2099 -74.0000000000
2129 -73.0000000000
2137 -72.0000000000
2138 -71.0000000000
2168 -70.0000000000
2243 -69.0000000000
2261 -68.0000000000
2263 -67.0000000000
2266 -66.0000000000
2335 -65.0000000000
2348 -64.0000000000
2364 -63.0000000000
2366 -62.0000000000
2506 -61.0000000000
2525 -60.0000000000
2586 -59.0000000000
2655 -58.0000000000
2658 -57.0000000000
2666 -56.0000000000
2680 -55.0000000000
2686 -53.0000000000
2703 -52.0000000000
2729 -51.0000000000
2761 -50.0000000000
2773 -49.0000000000
2777 -48.0000000000
2805 -47.0000000000
2837 -46.0000000000
2845 -45.0000000000
2862 -44.0000000000
2936 -43.0000000000
2955 -42.0000000000
3046 -41.0000000000
3057 -40.0000000000
3162 -39.0000000000
3166 -38.0000000000
3182 -37.0000000000
3218 -36.0000000000
3228 -35.0000000000
3343 -34.0000000000
3363 -33.0000000000
3366 -32.0000000000
3506 -31.0000000000
3519 -30.0000000000
3530 -29.0000000000
3562 -28.0000000000
3601 -27.0000000000
3625 -26.0000000000
3688 -25.0000000000
3740 -24.0000000000
3742 -23.0000000000
3837 -22.0000000000
3844 -21.0000000000
3876 -20.0000000000
3882 -19.0000000000
3944 -18.0000000000
4126 -17.0000000000
4165 -16.0000000000
4227 -15.0000000000
4238 -14.0000000000
4342 -12.0000000000
4385 -11.0000000000
4421 -10.0000000000
4467 -9.0000000000
4529 -8.0000000000
4533 -7.0000000000
4553 -6.0000000000
4652 -5.0000000000
5064 -4.0000000000
5089 -3.0000000000
5128 -2.0000000000
5166 -1.0000000000
5282 560.0000000000
5628 574.0000000000
6143 594.0000000000
6539 595.0000000000
6736 604.0000000000
7815 619.0000000000
8504 621.0000000000
8814 623.0000000000
9361 624.0000000000
10227 633.0000000000
13952 635.0000000000
15997 639.0000000000
16110 648.0000000000
17261 650.0000000000
17278 652.0000000000
27514 653.0000000000
28751 654.0000000000
29556 657.0000000000
31087 658.0000000000
35455 659.0000000000
36666 664.0000000000
47351 666.0000000000
47606 668.0000000000
47625 672.0000000000
53690 673.0000000000
58613 676.0000000000
58921 678.0000000000
62061 679.0000000000
67865 680.0000000000
70330 683.0000000000
70704 685.0000000000
77042 686.0000000000
80228 689.0000000000
86733 691.0000000000
89328 695.0000000000
100000 -1.0000000000
evaluations raw_y
1 -388.0000000000
7 -387.0000000000
8 -386.0000000000
11 -385.0000000000
19 -384.0000000000
23 -383.0000000000
30 -381.0000000000
37 -380.0000000000
43 -379.0000000000
49 -377.0000000000
53 -376.0000000000
58 -375.0000000000
65 -373.0000000000
69 -372.0000000000
76 -371.0000000000
79 -370.0000000000
83 -369.0000000000
88 -368.0000000000
95 -366.0000000000
100 -365.0000000000
108 -364.0000000000
109 -362.0000000000
111 -359.0000000000
112 -358.0000000000
113 -355.0000000000
118 -354.0000000000
122 -353.0000000000
124 -352.0000000000
126 -351.0000000000
129 -350.0000000000
130 -349.0000000000
137 -348.0000000000
138 -346.0000000000
141 -345.0000000000
142 -344.0000000000
147 -343.0000000000
149 -341.0000000000
150 -339.0000000000
151 -338.0000000000
156 -337.0000000000
158 -334.0000000000
171 -331.0000000000
173 -329.0000000000
175 -328.0000000000
177 -327.0000000000
184 -325.0000000000
188 -323.0000000000
189 -322.0000000000
192 -321.0000000000
193 -320.0000000000
200 -319.0000000000
207 -318.0000000000
211 -317.0000000000
212 -316.0000000000
214 -315.0000000000
223 -314.0000000000
225 -313.0000000000
226 -312.0000000000
232 -311.0000000000
239 -310.0000000000
247 -309.0000000000
253 -307.0000000000
256 -306.0000000000
257 -305.0000000000
271 -304.0000000000
274 -303.0000000000
277 -301.0000000000
278 -298.0000000000
283 -297.0000000000
285 -296.0000000000
286 -294.0000000000
289 -293.0000000000
290 -292.0000000000
295 -291.0000000000
297 -290.0000000000
308 -289.0000000000
313 -287.0000000000
318 -286.0000000000
328 -284.0000000000
330 -283.0000000000
332 -282.0000000000
340 -281.0000000000
349 -280.0000000000
350 -278.0000000000
360 -277.0000000000
366 -276.0000000000
374 -275.0000000000
385 -274.0000000000
388 -273.0000000000
395 -272.0000000000
396 -271.0000000000
416 -270.0000000000
417 -269.0000000000
430 -268.0000000000
431 -266.0000000000
434 -265.0000000000
448 -264.0000000000
461 -263.0000000000
470 -262.0000000000
471 -260.0000000000
472 -258.0000000000
477 -257.0000000000
483 -256.0000000000
489 -255.0000000000
492 -254.0000000000
498 -252.0000000000
499 -251.0000000000
516 -249.0000000000
521 -248.0000000000
522 -247.0000000000
528 -246.0000000000
535 -245.0000000000
543 -244.0000000000
556 -243.0000000000
557 -242.0000000000
569 -241.0000000000
573 -240.0000000000
584 -239.0000000000
585 -237.0000000000
588 -236.0000000000
597 -235.0000000000
600 -234.0000000000
601 -233.0000000000
605 -232.0000000000
611 -231.0000000000
617 -230.0000000000
622 -229.0000000000
624 -228.0000000000
625 -227.0000000000
633 -226.0000000000
637 -225.0000000000
642 -224.0000000000
645 -223.0000000000
657 -222.0000000000
658 -221.0000000000
659 -219.0000000000
660 -218.0000000000
669 -217.0000000000
670 -215.0000000000
672 -214.0000000000
675 -213.0000000000
677 -212.0000000000
678 -210.0000000000
690 -209.0000000000
691 -207.0000000000
695 -206.0000000000
717 -205.0000000000
727 -204.0000000000
731 -203.0000000000
734 -202.0000000000
740 -201.0000000000
746 -200.0000000000
749 -199.0000000000
764 -198.0000000000
765 -197.0000000000
791 -196.0000000000
803 -194.0000000000
822 -193.0000000000
826 -192.0000000000
828 -191.0000000000
836 -190.0000000000
867 -189.0000000000
878 -188.0000000000
883 -187.0000000000
884 -186.0000000000
917 -185.0000000000
918 -184.0000000000
924 -183.0000000000
951 -182.0000000000
952 -181.0000000000
954 -180.0000000000
966 -179.0000000000
980 -178.0000000000
983 -177.0000000000
1004 -176.0000000000
1010 -175.0000000000
1043 -174.0000000000
1044 -173.0000000000
1046 -172.0000000000
1049 -171.0000000000
1051 -170.0000000000
1060 -169.0000000000
1067 -167.0000000000
1072 -166.0000000000
1074 -164.0000000000
1084 -163.0000000000
1095 -161.0000000000
1101 -160.0000000000
1114 -159.0000000000
1118 -158.0000000000
1148 -157.0000000000
1153 -155.0000000000
1160 -154.0000000000
1170 -153.0000000000
1199 -152.0000000000
1224 -151.0000000000
1225 -150.0000000000
1252 -149.0000000000
1294 -148.0000000000
1305 -146.0000000000
1307 -145.0000000000
1334 -143.0000000000
1345 -142.0000000000
1353 -141.0000000000
1369 -140.0000000000
1384 -139.0000000000
1386 -138.0000000000
1391 -137.0000000000
1408 -136.0000000000
1412 -135.0000000000
1413 -134.0000000000
1424 -133.0000000000
1431 -132.0000000000
1455 -131.0000000000
1474 -130.0000000000
1475 -128.0000000000
1519 -127.0000000000
1559 -126.0000000000
1579 -125.0000000000
1618 -124.0000000000
1628 -123.0000000000
1638 -122.0000000000
1696 -121.0000000000
1706 -120.0000000000
1717 -119.0000000000
1734 -118.0000000000
1772 -117.0000000000
1795 -116.0000000000
1811 -115.0000000000
1817 -114.0000000000
1837 -113.0000000000
1850 -112.0000000000
1856 -111.0000000000
1867 -109.0000000000
1888 -108.0000000000
1903 -107.0000000000
1911 -106.0000000000
1920 -105.0000000000
1922 -104.0000000000
1967 -103.0000000000
1976 -102.0000000000
1982 -101.0000000000
2002 -100.0000000000
2016 -99.0000000000
2023 -98.0000000000
2049 -97.0000000000
2076 -96.0000000000
2077 -95.0000000000
2079 -94.0000000000
2086 -93.0000000000
2089 -92.0000000000
2126 -91.0000000000
2133 -90.0000000000
2196 -89.0000000000
2216 -88.0000000000
2254 -86.0000000000
2256 -85.0000000000
2312 -84.0000000000
2342 -83.0000000000
2380 -82.0000000000
2395 -81.0000000000
2400 -80.0000000000
2405 -77.0000000000
2414 -76.0000000000
2453 -75.0000000000
2467 -74.0000000000
2474 -73.0000000000
2477 -72.0000000000
2482 -71.0000000000
2485 -70.0000000000
2509 -69.0000000000
2519 -68.0000000000
2557 -67.0000000000
2571 -66.0000000000
2611 -65.0000000000
2740 -64.0000000000
2763 -63.0000000000
2775 -62.0000000000
2786 -61.0000000000
2822 -60.0000000000
2845 -59.0000000000
2888 -58.0000000000
2892 -57.0000000000
2917 -56.0000000000
2934 -55.0000000000
2976 -54.0000000000
3039 -53.0000000000
3101 -52.0000000000
3113 -51.0000000000
3120 -50.0000000000
3155 -49.0000000000
3156 -48.0000000000
3159 -47.0000000000
3201 -46.0000000000
3282 -45.0000000000
3340 -44.0000000000
3342 -43.0000000000
3343 -42.0000000000
3360 -41.0000000000
3471 -40.0000000000
3476 -39.0000000000
3601 -38.0000000000
3726 -37.0000000000
3773 -36.0000000000
3832 -35.0000000000
3842 -34.0000000000
3940 -32.0000000000
3976 -31.0000000000
3993 -30.0000000000
4016 -29.0000000000
4094 -28.0000000000
4104 -27.0000000000
4145 -26.0000000000
4177 -25.0000000000
4235 -24.0000000000
4335 -23.0000000000
4467 -22.0000000000
4485 -21.0000000000
4514 -20.0000000000
4608 -19.0000000000
4613 -18.0000000000
4672 -17.0000000000
4689 -16.0000000000
4930 -15.0000000000
5000 -14.0000000000
5105 -13.0000000000
5136 -12.0000000000
5167 -11.0000000000
5205 -10.0000000000
5429 -9.0000000000
5470 -8.0000000000
5486 -7.0000000000
5528 -6.0000000000
5534 -5.0000000000
5762 -4.0000000000
5777 -3.0000000000
6012 -2.0000000000
6120 -1.0000000000
6236 578.0000000000
6408 593.0000000000
7674 594.0000000000
8061 602.0000000000
8474 614.0000000000
8735 615.0000000000
8897 619.0000000000
9274 628.0000000000
9467 629.0000000000
9775 633.0000000000
10044 638.0000000000
11600 645.0000000000
14942 650.0000000000
17086 652.0000000000
21718 659.0000000000
23058 663.0000000000
26796 666.0000000000
35110 670.0000000000
37422 680.0000000000
75711 682.0000000000
78080 683.0000000000
100000 683.0000000000
evaluations raw_y
1 -381.0000000000
4 -379.0000000000
9 -378.0000000000
11 -377.0000000000
12 -375.0000000000
18 -374.0000000000
19 -372.0000000000
28 -370.0000000000
29 -369.0000000000
34 -368.0000000000
37 -367.0000000000
54 -366.0000000000
59 -365.0000000000
62 -363.0000000000
63 -361.0000000000
66 -360.0000000000
70 -358.0000000000
73 -356.0000000000
74 -354.0000000000
78 -353.0000000000
81 -350.0000000000
86 -349.0000000000
87 -348.0000000000
89 -347.0000000000
92 -346.0000000000
96 -345.0000000000
102 -344.0000000000
106 -343.0000000000
109 -341.0000000000
112 -340.0000000000
118 -339.0000000000
119 -338.0000000000
124 -336.0000000000
126 -335.0000000000
137 -332.0000000000
144 -331.0000000000
145 -329.0000000000
147 -328.0000000000
155 -327.0000000000
160 -325.0000000000
161 -323.0000000000
166 -322.0000000000
171 -321.0000000000
175 -320.0000000000
177 -319.0000000000
191 -317.0000000000
201 -316.0000000000
204 -315.0000000000
205 -314.0000000000
209 -312.0000000000
213 -311.0000000000
222 -310.0000000000
230 -308.0000000000
237 -307.0000000000
240 -306.0000000000
241 -305.0000000000
247 -304.0000000000
252 -303.0000000000
256 -302.0000000000
261 -301.0000000000
266 -300.0000000000
267 -299.0000000000
269 -298.0000000000
277 -296.0000000000
285 -294.0000000000
288 -293.0000000000
289 -292.0000000000
295 -291.0000000000
299 -289.0000000000
301 -288.0000000000
304 -286.0000000000
306 -285.0000000000
313 -284.0000000000
316 -283.0000000000
317 -282.0000000000
318 -281.0000000000
325 -280.0000000000
331 -279.0000000000
336 -278.0000000000
337 -277.0000000000
339 -276.0000000000
342 -275.0000000000
353 -274.0000000000
355 -273.0000000000
356 -272.0000000000
357 -271.0000000000
358 -270.0000000000
359 -269.0000000000
363 -268.0000000000
368 -266.0000000000
385 -265.0000000000
386 -263.0000000000
389 -262.0000000000
390 -261.0000000000
392 -260.0000000000
394 -259.0000000000
395 -258.0000000000
409 -257.0000000000
410 -255.0000000000
414 -254.0000000000
423 -253.0000000000
425 -252.0000000000
434 -251.0000000000
435 -250.0000000000
437 -249.0000000000
444 -247.0000000000
446 -246.0000000000
458 -245.0000000000
460 -244.0000000000
467 -242.0000000000
482 -240.0000000000
484 -239.0000000000
486 -238.0000000000
504 -237.0000000000
508 -236.0000000000
514 -235.0000000000
518 -234.0000000000
521 -233.0000000000
526 -232.0000000000
527 -231.0000000000
529 -229.0000000000
536 -228.0000000000
563 -227.0000000000
565 -226.0000000000
568 -225.0000000000
571 -221.0000000000
588 -220.0000000000
593 -219.0000000000
595 -218.0000000000
596 -217.0000000000
600 -216.0000000000
601 -215.0000000000
622 -214.0000000000
623 -213.0000000000
624 -212.0000000000
632 -211.0000000000
644 -210.0000000000
685 -209.0000000000
689 -208.0000000000
719 -207.0000000000
720 -206.0000000000
726 -205.0000000000
728 -204.0000000000
737 -203.0000000000
747 -201.0000000000
749 -200.0000000000
751 -199.0000000000
766 -198.0000000000
769 -197.0000000000
770 -194.0000000000
792 -192.0000000000
805 -191.0000000000
806 -190.0000000000
812 -189.0000000000
816 -188.0000000000
829 -187.0000000000
853 -185.0000000000
858 -184.0000000000
862 -183.0000000000
867 -181.0000000000
869 -180.0000000000
872 -179.0000000000
873 -177.0000000000
890 -176.0000000000
895 -175.0000000000
917 -174.0000000000
928 -173.0000000000
936 -172.0000000000
937 -171.0000000000
948 -170.0000000000
954 -168.0000000000
962 -167.0000000000
963 -165.0000000000
964 -163.0000000000
970 -162.0000000000
979 -161.0000000000
996 -159.0000000000
1027 -158.0000000000
1047 -157.0000000000
1063 -156.0000000000
1076 -155.0000000000
1102 -154.0000000000
1105 -153.0000000000
1112 -152.0000000000
1125 -151.0000000000
1133 -150.0000000000
1146 -149.0000000000
1147 -148.0000000000
1158 -147.0000000000
1171 -146.0000000000
1200 -144.0000000000
1204 -142.0000000000
1230 -141.0000000000
1233 -140.0000000000
1240 -139.0000000000
1246 -138.0000000000
1254 -137.0000000000
1259 -136.0000000000
1266 -135.0000000000
1277 -134.0000000000
1290 -133.0000000000
1305 -132.0000000000
1313 -131.0000000000
1342 -130.0000000000
1368 -129.0000000000
1389 -128.0000000000
1395 -127.0000000000
1424 -126.0000000000
1473 -125.0000000000
1480 -122.0000000000
1500 -121.0000000000
1503 -120.0000000000
1528 -119.0000000000
1532 -118.0000000000
1541 -116.0000000000
1582 -115.0000000000
1583 -114.0000000000
1587 -113.0000000000
1588 -112.0000000000
1591 -111.0000000000
1606 -110.0000000000
1625 -109.0000000000
1645 -108.0000000000
1670 -107.0000000000
1687 -106.0000000000
1690 -105.0000000000
1694 -104.0000000000
1699 -103.0000000000
1712 -102.0000000000
1722 -101.0000000000
1746 -100.0000000000
1747 -99.0000000000
1749 -98.0000000000
1768 -97.0000000000
1800 -96.0000000000
1823 -95.0000000000
1862 -94.0000000000
1886 -93.0000000000
1928 -92.0000000000
1929 -91.0000000000
1939 -90.0000000000
1945 -89.0000000000
1947 -88.0000000000
1997 -87.0000000000
2004 -86.0000000000
2025 -85.0000000000
2044 -84.0000000000
2046 -83.0000000000
2059 -81.0000000000
2094 -80.0000000000
2200 -79.0000000000
2208 -78.0000000000
2212 -77.0000000000
2221 -76.0000000000
2251 -75.0000000000
2273 -74.0000000000
2276 -73.0000000000
2332 -72.0000000000
2342 -71.0000000000
2362 -70.0000000000
2403 -69.0000000000
2420 -68.0000000000
2436 -67.0000000000
2452 -66.0000000000
2461 -65.0000000000
2490 -64.0000000000
2506 -63.0000000000
2510 -62.0000000000
2578 -61.0000000000
2610 -60.0000000000
2718 -59.0000000000
2727 -58.0000000000
2737 -57.0000000000
2781 -56.0000000000
2788 -55.0000000000
2792 -54.0000000000
2803 -53.0000000000
2810 -52.0000000000
2834 -51.0000000000
2859 -50.0000000000
2875 -49.0000000000
2896 -48.0000000000
2932 -47.0000000000
2934 -46.0000000000
2967 -45.0000000000
3013 -43.0000000000
3021 -42.0000000000
3071 -40.0000000000
3083 -39.0000000000
3110 -38.0000000000
3114 -37.0000000000
3122 -36.0000000000
3157 -35.0000000000
3208 -34.0000000000
3225 -33.0000000000
3350 -32.0000000000
3380 -31.0000000000
3433 -30.0000000000
3473 -29.0000000000
3503 -28.0000000000
3504 -27.0000000000
3508 -26.0000000000
3511 -25.0000000000
3580 -24.0000000000
3618 -23.0000000000
3630 -22.0000000000
3806 -21.0000000000
3856 -20.0000000000
3858 -19.0000000000
3859 -18.0000000000
3940 -17.0000000000
4007 -16.0000000000
4152 -14.0000000000
4168 -13.0000000000
4202 -12.0000000000
4300 -11.0000000000
4401 -10.0000000000
4417 -9.0000000000
4824 -8.0000000000
4877 -7.0000000000
4883 -6.0000000000
4897 -5.0000000000
4989 -4.0000000000
5487 -3.0000000000
5688 -2.0000000000
6026 -1.0000000000
6192 631.0000000000
6713 636.0000000000
8045 638.0000000000
8120 644.0000000000
11254 647.0000000000
13913 648.0000000000
16559 655.0000000000
17449 664.0000000000
36454 665.0000000000
36816 666.0000000000
37136 673.0000000000
42663 676.0000000000
44875 678.0000000000
45162 679.0000000000
69743 680.0000000000
100000 680.0000000000
evaluations raw_y
1 -372.0000000000
10 -370.0000000000
13 -369.0000000000
16 -368.0000000000
20 -367.0000000000
22 -366.0000000000
23 -365.0000000000
30 -364.0000000000
32 -363.0000000000
33 -362.0000000000
41 -361.0000000000
42 -359.0000000000
51 -358.0000000000
52 -357.0000000000
54 -356.0000000000
55 -354.0000000000
58 -352.0000000000
65 -351.0000000000
71 -350.0000000000
73 -349.0000000000
75 -348.0000000000
78 -347.0000000000
82 -345.0000000000
83 -344.0000000000
89 -343.0000000000
93 -342.0000000000
95 -341.0000000000
101 -339.0000000000
109 -337.0000000000
115 -336.0000000000
124 -335.0000000000
127 -333.0000000000
129 -332.0000000000
134 -331.0000000000
136 -329.0000000000
141 -328.0000000000
148 -327.0000000000
149 -326.0000000000
150 -325.0000000000
156 -324.0000000000
161 -323.0000000000
162 -322.0000000000
163 -321.0000000000
179 -318.0000000000
180 -317.0000000000
182 -316.0000000000
185 -315.0000000000
187 -314.0000000000
191 -313.0000000000
192 -309.0000000000
195 -308.0000000000
197 -307.0000000000
224 -306.0000000000
245 -305.0000000000
250 -304.0000000000
270 -302.0000000000
276 -301.0000000000
279 -300.0000000000
283 -299.0000000000
284 -298.0000000000
286 -297.0000000000
287 -296.0000000000
288 -295.0000000000
292 -294.0000000000
293 -293.0000000000
297 -292.0000000000
298 -291.0000000000
299 -290.0000000000
301 -289.0000000000
304 -287.0000000000
306 -285.0000000000
308 -284.0000000000
311 -283.0000000000
312 -281.0000000000
317 -280.0000000000
321 -278.0000000000
323 -277.0000000000
325 -276.0000000000
330 -275.0000000000
331 -273.0000000000
340 -271.0000000000
347 -269.0000000000
351 -268.0000000000
355 -267.0000000000
357 -266.0000000000
358 -264.0000000000
359 -263.0000000000
361 -262.0000000000
362 -261.0000000000
363 -260.0000000000
372 -259.0000000000
373 -258.0000000000
374 -256.0000000000
387 -255.0000000000
394 -253.0000000000
398 -252.0000000000
399 -251.0000000000
403 -250.0000000000
404 -249.0000000000
409 -248.0000000000
410 -247.0000000000
414 -246.0000000000
427 -245.0000000000
430 -244.0000000000
437 -243.0000000000
441 -242.0000000000
442 -241.0000000000
444 -240.0000000000
447 -239.0000000000
457 -238.0000000000
459 -237.0000000000
462 -236.0000000000
463 -235.0000000000
468 -234.0000000000
472 -233.0000000000
476 -231.0000000000
483 -230.0000000000
490 -229.0000000000
511 -228.0000000000
521 -227.0000000000
522 -226.0000000000
526 -225.0000000000
537 -224.0000000000
545 -223.0000000000
571 -222.0000000000
572 -220.0000000000
574 -219.0000000000
584 -218.0000000000
588 -217.0000000000
590 -216.0000000000
591 -215.0000000000
592 -214.0000000000
599 -213.0000000000
604 -212.0000000000
621 -211.0000000000
622 -210.0000000000
625 -209.0000000000
631 -208.0000000000
644 -207.0000000000
645 -206.0000000000
649 -204.0000000000
652 -202.0000000000
690 -201.0000000000
703 -200.0000000000
707 -199.0000000000
717 -197.0000000000
724 -195.0000000000
729 -194.0000000000
731 -193.0000000000
741 -191.0000000000
744 -190.0000000000
746 -189.0000000000
757 -188.0000000000
777 -187.0000000000
779 -186.0000000000
786 -185.0000000000
799 -184.0000000000
806 -183.0000000000
809 -182.0000000000
816 -181.0000000000
826 -180.0000000000
843 -179.0000000000
865 -178.0000000000
868 -177.0000000000
874 -176.0000000000
879 -175.0000000000
881 -174.0000000000
886 -173.0000000000
898 -172.0000000000
906 -171.0000000000
939 -170.0000000000
940 -169.0000000000
942 -168.0000000000
943 -167.0000000000
944 -166.0000000000
949 -165.0000000000
961 -164.0000000000
962 -162.0000000000
966 -161.0000000000
968 -160.0000000000
976 -159.0000000000
991 -158.0000000000
1001 -157.0000000000
1003 -156.0000000000
1004 -155.0000000000
1006 -154.0000000000
1009 -153.0000000000
1017 -152.0000000000
1033 -151.0000000000
1045 -150.0000000000
1059 -149.0000000000
1068 -146.0000000000
1070 -145.0000000000
1076 -144.0000000000
1080 -143.0000000000
1096 -141.0000000000
1103 -140.0000000000
1128 -139.0000000000
1137 -138.0000000000
1147 -137.0000000000
1164 -136.0000000000
1170 -135.0000000000
1173 -133.0000000000
1176 -132.0000000000
1184 -131.0000000000
1192 -130.0000000000
1209 -129.0000000000
1217 -128.0000000000
1236 -127.0000000000
1241 -126.0000000000
1243 -125.0000000000
1249 -124.0000000000
1271 -123.0000000000
1275 -122.0000000000
1277 -121.0000000000
1284 -120.0000000000
1294 -119.0000000000
1300 -118.0000000000
1301 -117.0000000000
1302 -116.0000000000
1315 -115.0000000000
1353 -114.0000000000
1364 -113.0000000000
1374 -112.0000000000
1384 -111.0000000000
1386 -110.0000000000
1408 -109.0000000000
1440 -108.0000000000
1444 -107.0000000000
1470 -106.0000000000
1537 -104.0000000000
1540 -103.0000000000
1551 -102.0000000000
1576 -101.0000000000
1582 -100.0000000000
1594 -99.0000000000
1595 -98.0000000000
1609 -97.0000000000
1617 -96.0000000000
1627 -95.0000000000
1636 -94.0000000000
1645 -93.0000000000
1650 -92.0000000000
1703 -91.0000000000
1717 -90.0000000000
1739 -89.0000000000
1744 -88.0000000000
1801 -87.0000000000
1818 -85.0000000000
1862 -84.0000000000
1867 -83.0000000000
1899 -82.0000000000
1926 -81.0000000000
1929 -80.0000000000
1932 -79.0000000000
1938 -78.0000000000
1943 -77.0000000000
1947 -76.0000000000
1989 -75.0000000000
2007 -74.0000000000
2023 -73.0000000000
2036 -72.0000000000
2080 -71.0000000000
2123 -70.0000000000
2133 -69.0000000000
2143 -68.0000000000
2179 -67.0000000000
2190 -66.0000000000
2236 -65.0000000000
2238 -64.0000000000
2262 -63.0000000000
2276 -62.0000000000
2279 -61.0000000000
2327 -60.0000000000
2403 -59.0000000000
2427 -58.0000000000
2440 -57.0000000000
2451 -56.0000000000
2532 -55.0000000000
2547 -54.0000000000
2577 -53.0000000000
2590 -52.0000000000
2786 -51.0000000000
2787 -50.0000000000
2890 -49.0000000000
2948 -48.0000000000
2955 -47.0000000000
2979 -46.0000000000
3071 -45.0000000000
3085 -44.0000000000
3153 -43.0000000000
3196 -42.0000000000
3216 -41.0000000000
3276 -40.0000000000
3302 -39.0000000000
3320 -38.0000000000
3365 -37.0000000000
3372 -36.0000000000
3451 -35.0000000000
3453 -34.0000000000
3619 -33.0000000000
3660 -32.0000000000
3664 -31.0000000000
3665 -30.0000000000
3674 -29.0000000000
3695 -28.0000000000
3772 -27.0000000000
3783 -26.0000000000
3823 -25.0000000000
3825 -24.0000000000
3828 -23.0000000000
3842 -22.0000000000
4146 -21.0000000000
4189 -20.0000000000
4200 -19.0000000000
4224 -18.0000000000
4231 -17.0000000000
4254 -16.0000000000
4389 -15.0000000000
4465 -14.0000000000
4512 -13.0000000000
4518 -12.0000000000
4537 -11.0000000000
4572 -10.0000000000
4631 -9.0000000000
4738 -8.0000000000
4771 -7.0000000000
4835 -6.0000000000
4945 -5.0000000000
5082 -4.0000000000
5086 -3.0000000000
5088 -2.0000000000
5089 -1.0000000000
5156 607.0000000000
5397 610.0000000000
5939 616.0000000000
6143 620.0000000000
7208 621.0000000000
8236 636.0000000000
11048 642.0000000000
13255 661.0000000000
14160 666.0000000000
15340 669.0000000000
15471 670.0000000000
15853 672.0000000000
21384 673.0000000000
24452 678.0000000000
29618 679.0000000000
39081 680.0000000000
42438 682.0000000000
51439 683.0000000000
53632 689.0000000000
54143 692.0000000000
60809 694.0000000000
100000 -3.0000000000
evaluations raw_y
1 -353.0000000000
3 -352.0000000000
5 -349.0000000000
7 -348.0000000000
14 -347.0000000000
15 -345.0000000000
17 -343.0000000000
19 -342.0000000000
23 -341.0000000000
31 -340.0000000000
35 -339.0000000000
42 -337.0000000000
44 -336.0000000000
50 -335.0000000000
51 -332.0000000000
54 -331.0000000000
55 -330.0000000000
57 -329.0000000000
59 -328.0000000000
61 -327.0000000000
64 -326.0000000000
65 -324.0000000000
66 -323.0000000000
69 -322.0000000000
71 -321.0000000000
74 -320.0000000000
76 -318.0000000000
81 -317.0000000000
85 -315.0000000000
92 -314.0000000000
97 -313.0000000000
99 -311.0000000000
100 -310.0000000000
102 -309.0000000000
113 -308.0000000000
114 -307.0000000000
117 -306.0000000000
119 -305.0000000000
124 -304.0000000000
125 -301.0000000000
139 -300.0000000000
163 -299.0000000000
166 -298.0000000000
184 -297.0000000000
188 -296.0000000000
203 -295.0000000000
204 -294.0000000000
209 -292.0000000000
215 -291.0000000000
220 -289.0000000000
223 -288.0000000000
226 -286.0000000000
231 -285.0000000000
232 -284.0000000000
235 -283.0000000000
237 -282.0000000000
243 -281.0000000000
246 -280.0000000000
248 -279.0000000000
252 -278.0000000000
258 -277.0000000000
265 -276.0000000000
272 -275.0000000000
273 -274.0000000000
280 -273.0000000000
284 -272.0000000000
285 -271.0000000000
287 -270.0000000000
290 -269.0000000000
292 -268.0000000000
299 -267.0000000000
301 -266.0000000000
302 -264.0000000000
305 -263.0000000000
313 -260.0000000000
317 -259.0000000000
321 -258.0000000000
322 -257.0000000000
334 -255.0000000000
336 -254.0000000000
337 -253.0000000000
338 -252.0000000000
345 -251.0000000000
350 -249.0000000000
360 -248.0000000000
388 -247.0000000000
395 -246.0000000000
399 -245.0000000000
412 -244.0000000000
425 -243.0000000000
429 -242.0000000000
430 -241.0000000000
441 -240.0000000000
450 -239.0000000000
452 -237.0000000000
453 -236.0000000000
457 -235.0000000000
460 -234.0000000000
461 -233.0000000000
464 -231.0000000000
467 -230.0000000000
473 -229.0000000000
476 -228.0000000000
480 -227.0000000000
493 -226.0000000000
496 -224.0000000000
500 -223.0000000000
506 -222.0000000000
512 -221.0000000000
517 -219.0000000000
537 -218.0000000000
541 -217.0000000000
545 -216.0000000000
554 -214.0000000000
566 -213.0000000000
570 -212.0000000000
582 -211.0000000000
597 -210.0000000000
606 -208.0000000000
611 -207.0000000000
612 -206.0000000000
613 -205.0000000000
621 -204.0000000000
631 -202.0000000000
649 -201.0000000000
656 -200.0000000000
659 -199.0000000000
660 -198.0000000000
665 -196.0000000000
684 -195.0000000000
689 -194.0000000000
697 -193.0000000000
701 -190.0000000000
704 -189.0000000000
716 -188.0000000000
725 -186.0000000000
731 -185.0000000000
743 -184.0000000000
750 -183.0000000000
757 -181.0000000000
759 -180.0000000000
770 -179.0000000000
773 -178.0000000000
788 -177.0000000000
793 -176.0000000000
795 -175.0000000000
805 -174.0000000000
832 -173.0000000000
836 -172.0000000000
860 -171.0000000000
868 -170.0000000000
875 -169.0000000000
881 -168.0000000000
882 -167.0000000000
887 -166.0000000000
895 -165.0000000000
902 -164.0000000000
904 -163.0000000000
929 -161.0000000000
930 -160.0000000000
932 -159.0000000000
947 -158.0000000000
948 -157.0000000000
972 -156.0000000000
985 -155.0000000000
989 -154.0000000000
991 -153.0000000000
1020 -152.0000000000
1022 -150.0000000000
1027 -149.0000000000
1028 -148.0000000000
1042 -147.0000000000
1053 -145.0000000000
1060 -143.0000000000
1083 -142.0000000000
1100 -141.0000000000
1107 -140.0000000000
1116 -138.0000000000
1123 -137.0000000000
1125 -136.0000000000
1136 -135.0000000000
1165 -134.0000000000
1174 -133.0000000000
1185 -132.0000000000
1188 -131.0000000000
1200 -130.0000000000
1204 -128.0000000000
1209 -127.0000000000
1212 -126.0000000000
1223 -125.0000000000
1248 -124.0000000000
1255 -122.0000000000
1287 -121.0000000000
1302 -120.0000000000
1323 -119.0000000000
1324 -118.0000000000
1332 -117.0000000000
1344 -116.0000000000
1382 -115.0000000000
1392 -114.0000000000
1400 -113.0000000000
1403 -112.0000000000
1417 -111.0000000000
1444 -110.0000000000
1502 -109.0000000000
1521 -108.0000000000
1528 -107.0000000000
1538 -106.0000000000
1555 -105.0000000000
1608 -104.0000000000
1611 -102.0000000000
1615 -101.0000000000
1625 -100.0000000000
1645 -99.0000000000
1663 -98.0000000000
1666 -97.0000000000
1682 -96.0000000000
1720 -95.0000000000
1732 -93.0000000000
1754 -92.0000000000
1770 -91.0000000000
1771 -90.0000000000
1782 -89.0000000000
1811 -88.0000000000
1819 -87.0000000000
1826 -86.0000000000
1830 -85.0000000000
1834 -84.0000000000
1835 -83.0000000000
1839 -82.0000000000
1841 -81.0000000000
1933 -80.0000000000
1936 -79.0000000000
1952 -78.0000000000
2007 -77.0000000000
2020 -76.0000000000
2058 -75.0000000000
2068 -74.0000000000
2125 -73.0000000000
2136 -72.0000000000
2174 -71.0000000000
2182 -70.0000000000
2231 -69.0000000000
2261 -68.0000000000
2286 -66.0000000000
2288 -65.0000000000
2307 -63.0000000000
2411 -62.0000000000
2422 -61.0000000000
2441 -60.0000000000
2445 -59.0000000000
2461 -58.0000000000
2479 -57.0000000000
2523 -56.0000000000
2575 -55.0000000000
2584 -54.0000000000
2609 -53.0000000000
2616 -52.0000000000
2706 -51.0000000000
2859 -50.0000000000
2890 -49.0000000000
2920 -48.0000000000
2944 -47.0000000000
2961 -46.0000000000
2986 -45.0000000000
3005 -44.0000000000
3029 -43.0000000000
3094 -42.0000000000
3114 -41.0000000000
3121 -40.0000000000
3175 -39.0000000000
3187 -38.0000000000
3191 -37.0000000000
3210 -36.0000000000
3400 -35.0000000000
3410 -34.0000000000
3503 -33.0000000000
3659 -32.0000000000
3678 -31.0000000000
3812 -30.0000000000
3832 -29.0000000000
3861 -28.0000000000
3922 -27.0000000000
4065 -26.0000000000
4071 -25.0000000000
4081 -24.0000000000
4115 -23.0000000000
4218 -22.0000000000
4220 -21.0000000000
4286 -20.0000000000
4292 -19.0000000000
4313 -18.0000000000
4317 -16.0000000000
4401 -15.0000000000
4419 -14.0000000000
4500 -13.0000000000
4574 -12.0000000000
4679 -11.0000000000
4727 -10.0000000000
4866 -9.0000000000
4868 -8.0000000000
4931 -7.0000000000
4980 -6.0000000000
5047 -5.0000000000
5337 -4.0000000000
5401 -3.0000000000
5594 -2.0000000000
5613 -1.0000000000
5889 608.0000000000
6193 612.0000000000
6262 640.0000000000
6594 643.0000000000
9470 647.0000000000
10348 648.0000000000
10444 661.0000000000
10839 671.0000000000
11550 672.0000000000
11645 676.0000000000
12588 685.0000000000
15350 689.0000000000
21623 691.0000000000
61848 692.0000000000
89985 695.0000000000
91368 696.0000000000
100000 696.0000000000
evaluations raw_y
1 -397.0000000000
7 -395.0000000000
9 -394.0000000000
10 -393.0000000000
16 -392.0000000000
17 -390.0000000000
18 -389.0000000000
20 -388.0000000000
21 -386.0000000000
24 -384.0000000000
25 -383.0000000000
28 -382.0000000000
29 -381.0000000000
31 -380.0000000000
33 -379.0000000000
34 -378.0000000000
37 -377.0000000000
41 -376.0000000000
46 -375.0000000000
54 -374.0000000000
60 -373.0000000000
61 -372.0000000000
70 -371.0000000000
71 -370.0000000000
80 -369.0000000000
84 -368.0000000000
85 -367.0000000000
86 -366.0000000000
88 -365.0000000000
92 -364.0000000000
98 -362.0000000000
110 -361.0000000000
115 -360.0000000000
116 -359.0000000000
117 -358.0000000000
122 -357.0000000000
124 -356.0000000000
128 -355.0000000000
129 -354.0000000000
133 -353.0000000000
137 -352.0000000000
140 -351.0000000000
141 -350.0000000000
147 -349.0000000000
157 -348.0000000000
159 -347.0000000000
160 -346.0000000000
166 -345.0000000000
167 -344.0000000000
169 -343.0000000000
178 -342.0000000000
181 -339.0000000000
182 -338.0000000000
183 -337.0000000000
191 -336.0000000000
193 -335.0000000000
197 -334.0000000000
201 -333.0000000000
203 -332.0000000000
205 -331.0000000000
209 -330.0000000000
210 -328.0000000000
213 -324.0000000000
214 -323.0000000000
222 -322.0000000000
227 -321.0000000000
231 -319.0000000000
236 -317.0000000000
237 -315.0000000000
239 -313.0000000000
242 -312.0000000000
249 -311.0000000000
253 -309.0000000000
262 -306.0000000000
267 -305.0000000000
270 -304.0000000000
271 -302.0000000000
274 -300.0000000000
275 -299.0000000000
281 -296.0000000000
284 -295.0000000000
285 -294.0000000000
293 -293.0000000000
294 -292.0000000000
308 -291.0000000000
327 -290.0000000000
333 -288.0000000000
336 -287.0000000000
338 -286.0000000000
346 -285.0000000000
361 -284.0000000000
363 -283.0000000000
370 -281.0000000000
382 -280.0000000000
397 -278.0000000000
398 -277.0000000000
401 -276.0000000000
404 -275.0000000000
410 -274.0000000000
419 -273.0000000000
422 -272.0000000000
426 -270.0000000000
427 -269.0000000000
430 -268.0000000000
432 -267.0000000000
435 -266.0000000000
439 -265.0000000000
456 -264.0000000000
462 -262.0000000000
465 -261.0000000000
476 -259.0000000000
483 -258.0000000000
487 -257.0000000000
491 -256.0000000000
496 -255.0000000000
504 -254.0000000000
516 -253.0000000000
521 -252.0000000000
527 -251.0000000000
529 -250.0000000000
532 -249.0000000000
534 -248.0000000000
539 -247.0000000000
540 -246.0000000000
544 -245.0000000000
550 -244.0000000000
554 -243.0000000000
562 -242.0000000000
564 -241.0000000000
566 -240.0000000000
572 -238.0000000000
575 -237.0000000000
577 -236.0000000000
582 -235.0000000000
584 -234.0000000000
585 -233.0000000000
586 -232.0000000000
589 -231.0000000000
597 -230.0000000000
605 -229.0000000000
606 -228.0000000000
609 -227.0000000000
619 -226.0000000000
621 -225.0000000000
628 -224.0000000000
633 -223.0000000000
638 -222.0000000000
640 -220.0000000000
641 -218.0000000000
648 -217.0000000000
656 -216.0000000000
659 -215.0000000000
677 -214.0000000000
679 -213.0000000000
685 -212.0000000000
697 -211.0000000000
698 -210.0000000000
704 -209.0000000000
714 -208.0000000000
717 -207.0000000000
723 -206.0000000000
736 -205.0000000000
738 -204.0000000000
744 -203.0000000000
746 -201.0000000000
769 -200.0000000000
774 -199.0000000000
785 -198.0000000000
790 -197.0000000000
798 -196.0000000000
808 -195.0000000000
812 -194.0000000000
834 -193.0000000000
835 -191.0000000000
844 -190.0000000000
845 -189.0000000000
852 -188.0000000000
863 -187.0000000000
879 -186.0000000000
880 -185.0000000000
883 -184.0000000000
885 -182.0000000000
889 -181.0000000000
895 -180.0000000000
920 -179.0000000000
945 -178.0000000000
949 -176.0000000000
965 -175.0000000000
968 -174.0000000000
970 -173.0000000000
980 -172.0000000000
981 -171.0000000000
991 -170.0000000000
993 -169.0000000000
1002 -168.0000000000
1004 -167.0000000000
1019 -166.0000000000
1020 -165.0000000000
1024 -162.0000000000
1030 -161.0000000000
1045 -160.0000000000
1060 -158.0000000000
1120 -156.0000000000
1122 -155.0000000000
1128 -154.0000000000
1132 -153.0000000000
1133 -152.0000000000
1162 -151.0000000000
1170 -150.0000000000
1177 -149.0000000000
1190 -148.0000000000
1191 -147.0000000000
1210 -146.0000000000
1221 -144.0000000000
1224 -143.0000000000
1226 -142.0000000000
1254 -141.0000000000
1276 -140.0000000000
1280 -139.0000000000
1300 -138.0000000000
1301 -136.0000000000
1334 -135.0000000000
1342 -134.0000000000
1354 -133.0000000000
1359 -132.0000000000
1363 -131.0000000000
1375 -130.0000000000
1377 -129.0000000000
1381 -128.0000000000
1388 -127.0000000000
1391 -126.0000000000
1396 -125.0000000000
1413 -124.0000000000
1421 -123.0000000000
1424 -122.0000000000
1425 -121.0000000000
1436 -120.0000000000
1453 -119.0000000000
1459 -118.0000000000
1461 -117.0000000000
1492 -116.0000000000
1499 -115.0000000000
1542 -114.0000000000
1604 -113.0000000000
1643 -112.0000000000
1666 -110.0000000000
1667 -109.0000000000
1673 -108.0000000000
1689 -107.0000000000
1699 -106.0000000000
1709 -105.0000000000
1712 -104.0000000000
1758 -103.0000000000
1771 -102.0000000000
1772 -101.0000000000
1785 -100.0000000000
1842 -99.0000000000
1866 -97.0000000000
1881 -96.0000000000
1884 -95.0000000000
1889 -94.0000000000
1923 -92.0000000000
1936 -91.0000000000
1951 -89.0000000000
2019 -88.0000000000
2020 -86.0000000000
2026 -84.0000000000
2036 -83.0000000000
2050 -82.0000000000
2094 -81.0000000000
2100 -80.0000000000
2108 -79.0000000000
2113 -78.0000000000
2118 -77.0000000000
2134 -76.0000000000
2165 -75.0000000000
2166 -74.0000000000
2171 -73.0000000000
2175 -72.0000000000
2237 -71.0000000000
2250 -70.0000000000
2257 -69.0000000000
2264 -68.0000000000
2267 -67.0000000000
2275 -66.0000000000
2277 -65.0000000000
2282 -64.0000000000
2331 -63.0000000000
2343 -62.0000000000
2356 -61.0000000000
2368 -60.0000000000
2386 -59.0000000000
2432 -58.0000000000
2455 -57.0000000000
2462 -56.0000000000
2532 -55.0000000000
2549 -54.0000000000
2560 -53.0000000000
2570 -52.0000000000
2623 -51.0000000000
2646 -50.0000000000
2690 -49.0000000000
2698 -48.0000000000
2718 -47.0000000000
2794 -46.0000000000
2808 -45.0000000000
2897 -44.0000000000
2899 -43.0000000000
3007 -42.0000000000
3033 -41.0000000000
3054 -40.0000000000
3071 -39.0000000000
3077 -38.0000000000
3088 -37.0000000000
3121 -36.0000000000
3243 -35.0000000000
3310 -34.0000000000
3311 -33.0000000000
3351 -32.0000000000
3386 -31.0000000000
3462 -30.0000000000
3514 -29.0000000000
3529 -28.0000000000
3580 -27.0000000000
3611 -26.0000000000
3632 -25.0000000000
3807 -24.0000000000
3858 -23.0000000000
3869 -22.0000000000
3959 -21.0000000000
3988 -20.0000000000
4055 -19.0000000000
4190 -18.0000000000
4248 -17.0000000000
4304 -16.0000000000
4380 -15.0000000000
4510 -14.0000000000
4610 -13.0000000000
4745 -12.0000000000
4903 -11.0000000000
5017 -10.0000000000
5051 -9.0000000000
5275 -8.0000000000
5407 -7.0000000000
5423 -6.0000000000
5511 -4.0000000000
5682 -3.0000000000
6014 -2.0000000000
6038 -1.0000000000
6183 579.0000000000
7629 580.0000000000
8267 598.0000000000
8418 625.0000000000
8586 626.0000000000
10019 628.0000000000
10986 629.0000000000
11333 634.0000000000
11377 638.0000000000
12135 639.0000000000
15134 643.0000000000
17569 647.0000000000
19389 649.0000000000
20071 657.0000000000
21892 659.0000000000
24360 665.0000000000
29244 669.0000000000
30824 670.0000000000
32492 671.0000000000
33446 673.0000000000
33510 679.0000000000
33990 682.0000000000
40598 684.0000000000
46568 689.0000000000
92804 692.0000000000
100000 -1.0000000000
evaluations raw_y
1 -350.0000000000
7 -347.0000000000
12 -345.0000000000
13 -344.0000000000
14 -343.0000000000
17 -342.0000000000
18 -341.0000000000
19 -340.0000000000
42 -339.0000000000
60 -338.0000000000
63 -337.0000000000
76 -336.0000000000
78 -335.0000000000
83 -334.0000000000
89 -331.0000000000
92 -330.0000000000
105 -329.0000000000
110 -327.0000000000
118 -326.0000000000
120 -325.0000000000
121 -324.0000000000
122 -323.0000000000
123 -322.0000000000
126 -321.0000000000
131 -320.0000000000
133 -319.0000000000
137 -318.0000000000
145 -314.0000000000
147 -313.0000000000
149 -312.0000000000
150 -310.0000000000
151 -309.0000000000
168 -308.0000000000
170 -307.0000000000
174 -306.0000000000
178 -305.0000000000
187 -303.0000000000
200 -302.0000000000
201 -301.0000000000
202 -300.0000000000
211 -299.0000000000
219 -298.0000000000
221 -297.0000000000
225 -296.0000000000
226 -295.0000000000
235 -293.0000000000
247 -292.0000000000
250 -291.0000000000
255 -290.0000000000
257 -289.0000000000
262 -288.0000000000
271 -287.0000000000
275 -286.0000000000
291 -285.0000000000
293 -284.0000000000
297 -283.0000000000
302 -282.0000000000
304 -281.0000000000
312 -280.0000000000
316 -279.0000000000
327 -278.0000000000
328 -277.0000000000
335 -276.0000000000
339 -275.0000000000
350 -274.0000000000
355 -273.0000000000
361 -272.0000000000
364 -271.0000000000
373 -270.0000000000
377 -267.0000000000
378 -266.0000000000
382 -265.0000000000
385 -264.0000000000
391 -263.0000000000
402 -262.0000000000
411 -261.0000000000
427 -260.0000000000
428 -259.0000000000
444 -258.0000000000
452 -257.0000000000
457 -256.0000000000
468 -255.0000000000
470 -254.0000000000
473 -253.0000000000
480 -252.0000000000
484 -251.0000000000
492 -248.0000000000
501 -247.0000000000
503 -246.0000000000
505 -245.0000000000
506 -243.0000000000
511 -241.0000000000
517 -240.0000000000
518 -239.0000000000
525 -238.0000000000
530 -237.0000000000
534 -236.0000000000
555 -235.0000000000
567 -233.0000000000
580 -232.0000000000
581 -231.0000000000
583 -230.0000000000
586 -229.0000000000
594 -227.0000000000
599 -226.0000000000
602 -225.0000000000
608 -223.0000000000
616 -222.0000000000
619 -221.0000000000
628 -219.0000000000
629 -217.0000000000
637 -216.0000000000
638 -215.0000000000
646 -214.0000000000
657 -213.0000000000
665 -212.0000000000
668 -211.0000000000
678 -210.0000000000
699 -209.0000000000
700 -208.0000000000
703 -207.0000000000
708 -206.0000000000
711 -205.0000000000
717 -204.0000000000
718 -203.0000000000
722 -202.0000000000
723 -201.0000000000
737 -200.0000000000
757 -199.0000000000
765 -198.0000000000
778 -197.0000000000
787 -196.0000000000
806 -195.0000000000
813 -194.0000000000
817 -193.0000000000
821 -192.0000000000
822 -191.0000000000
827 -190.0000000000
833 -189.0000000000
847 -188.0000000000
848 -187.0000000000
849 -184.0000000000
860 -183.0000000000
861 -182.0000000000
864 -181.0000000000
879 -179.0000000000
880 -178.0000000000
886 -176.0000000000
916 -175.0000000000
949 -173.0000000000
950 -172.0000000000
962 -171.0000000000
965 -170.0000000000
968 -169.0000000000
969 -168.0000000000
979 -167.0000000000
980 -166.0000000000
1002 -165.0000000000
1005 -164.0000000000
1022 -163.0000000000
1034 -162.0000000000
1043 -161.0000000000
1062 -160.0000000000
1064 -159.0000000000
1074 -157.0000000000
1090 -156.0000000000
1097 -155.0000000000
1113 -154.0000000000
1120 -153.0000000000
1126 -152.0000000000
1150 -151.0000000000
1184 -150.0000000000
1201 -149.0000000000
1207 -148.0000000000
1211 -147.0000000000
1212 -146.0000000000
1218 -145.0000000000
1220 -144.0000000000
1228 -143.0000000000
1238 -142.0000000000
1242 -141.0000000000
1244 -140.0000000000
1245 -139.0000000000
1246 -138.0000000000
1287 -136.0000000000
1296 -135.0000000000
1306 -134.0000000000
1321 -133.0000000000
1329 -132.0000000000
1342 -131.0000000000
1361 -130.0000000000
1366 -129.0000000000
1374 -128.0000000000
1384 -127.0000000000
1393 -126.0000000000
1410 -124.0000000000
1416 -123.0000000000
1420 -122.0000000000
1445 -121.0000000000
1447 -120.0000000000
1466 -119.0000000000
1467 -117.0000000000
1504 -116.0000000000
1518 -115.0000000000
1527 -114.0000000000
1547 -113.0000000000
1552 -112.0000000000
1564 -111.0000000000
1597 -110.0000000000
1612 -109.0000000000
1628 -108.0000000000
1649 -106.0000000000
1653 -105.0000000000
1663 -104.0000000000
1686 -103.0000000000
1705 -102.0000000000
1718 -101.0000000000
1751 -100.0000000000
1770 -99.0000000000
1774 -98.0000000000
1806 -97.0000000000
1824 -96.0000000000
1840 -95.0000000000
1859 -94.0000000000
1868 -93.0000000000
1873 -92.0000000000
1901 -91.0000000000
1902 -90.0000000000
1905 -89.0000000000
1932 -88.0000000000
1974 -87.0000000000
1980 -86.0000000000
2012 -85.0000000000
2014 -84.0000000000
2016 -83.0000000000
2023 -82.0000000000
2024 -81.0000000000
2039 -80.0000000000
2043 -79.0000000000
2071 -78.0000000000
2073 -77.0000000000
2076 -76.0000000000
2089 -75.0000000000
2157 -74.0000000000
2183 -73.0000000000
2191 -72.0000000000
2199 -71.0000000000
2225 -70.0000000000
2265 -69.0000000000
2278 -67.0000000000
2290 -66.0000000000
2339 -65.0000000000
2347 -64.0000000000
2367 -63.0000000000
2383 -62.0000000000
2386 -61.0000000000
2417 -60.0000000000
2423 -59.0000000000
2464 -58.0000000000
2470 -57.0000000000
2480 -56.0000000000
2502 -55.0000000000
2545 -54.0000000000
2564 -53.0000000000
2641 -52.0000000000
2741 -51.0000000000
2769 -50.0000000000
2784 -49.0000000000
2820 -48.0000000000
2898 -47.0000000000
2920 -46.0000000000
3025 -45.0000000000
3027 -44.0000000000
3133 -43.0000000000
3162 -42.0000000000
3166 -41.0000000000
3296 -40.0000000000
3300 -39.0000000000
3345 -38.0000000000
3350 -37.0000000000
3361 -36.0000000000
3431 -35.0000000000
3432 -34.0000000000
3469 -33.0000000000
3514 -32.0000000000
3516 -31.0000000000
3545 -30.0000000000
3546 -29.0000000000
3548 -28.0000000000
3575 -27.0000000000
3593 -26.0000000000
3622 -25.0000000000
3626 -24.0000000000
3698 -23.0000000000
3733 -22.0000000000
3764 -21.0000000000
3781 -20.0000000000
3856 -19.0000000000
3937 -18.0000000000
4021 -17.0000000000
4072 -16.0000000000
4213 -15.0000000000
4313 -14.0000000000
4392 -13.0000000000
4629 -12.0000000000
4635 -11.0000000000
4778 -10.0000000000
4899 -9.0000000000
5041 -8.0000000000
5043 -7.0000000000
5420 -6.0000000000
5421 -5.0000000000
5451 -4.0000000000
5510 -3.0000000000
5683 -2.0000000000
5824 -1.0000000000
5900 622.0000000000
6628 623.0000000000
7843 644.0000000000
10417 646.0000000000
10661 661.0000000000
17572 666.0000000000
17602 668.0000000000
18466 670.0000000000
25778 671.0000000000
25973 672.0000000000
26430 676.0000000000
33652 679.0000000000
34803 681.0000000000
46039 684.0000000000
55216 685.0000000000
57673 692.0000000000
81278 697.0000000000
100000 697.0000000000
evaluations raw_y
1 -359.0000000000
4 -357.0000000000
9 -356.0000000000
11 -355.0000000000
12 -354.0000000000
24 -353.0000000000
27 -352.0000000000
31 -349.0000000000
42 -348.0000000000
50 -347.0000000000
52 -346.0000000000
53 -345.0000000000
54 -344.0000000000
55 -342.0000000000
56 -341.0000000000
59 -340.0000000000
63 -339.0000000000
66 -336.0000000000
68 -335.0000000000
69 -334.0000000000
82 -333.0000000000
92 -332.0000000000
95 -331.0000000000
103 -330.0000000000
111 -329.0000000000
112 -327.0000000000
118 -326.0000000000
123 -325.0000000000
126 -324.0000000000
130 -323.0000000000
138 -322.0000000000
140 -321.0000000000
155 -320.0000000000
161 -319.0000000000
169 -318.0000000000
170 -317.0000000000
172 -316.0000000000
179 -314.0000000000
185 -313.0000000000
186 -312.0000000000
192 -311.0000000000
198 -310.0000000000
199 -309.0000000000
201 -307.0000000000
202 -304.0000000000
207 -303.0000000000
213 -301.0000000000
217 -299.0000000000
222 -298.0000000000
229 -297.0000000000
231 -296.0000000000
239 -295.0000000000
242 -293.0000000000
250 -292.0000000000
261 -291.0000000000
267 -290.0000000000
277 -289.0000000000
284 -288.0000000000
285 -287.0000000000
289 -286.0000000000
295 -285.0000000000
305 -284.0000000000
307 -283.0000000000
309 -282.0000000000
317 -280.0000000000
318 -279.0000000000
323 -278.0000000000
324 -277.0000000000
329 -276.0000000000
332 -274.0000000000
336 -273.0000000000
337 -272.0000000000
339 -270.0000000000
341 -269.0000000000
343 -268.0000000000
345 -267.0000000000
356 -266.0000000000
362 -265.0000000000
373 -264.0000000000
384 -263.0000000000
393 -262.0000000000
395 -261.0000000000
397 -260.0000000000
401 -259.0000000000
404 -258.0000000000
410 -257.0000000000
414 -256.0000000000
419 -255.0000000000
425 -254.0000000000
426 -252.0000000000
470 -251.0000000000
477 -250.0000000000
490 -249.0000000000
493 -248.0000000000
499 -247.0000000000
513 -246.0000000000
532 -245.0000000000
535 -244.0000000000
541 -243.0000000000
552 -242.0000000000
553 -241.0000000000
556 -240.0000000000
558 -239.0000000000
559 -238.0000000000
573 -237.0000000000
576 -236.0000000000
579 -235.0000000000
589 -233.0000000000
597 -232.0000000000
604 -231.0000000000
620 -230.0000000000
622 -229.0000000000
625 -228.0000000000
649 -227.0000000000
662 -226.0000000000
672 -224.0000000000
675 -223.0000000000
678 -222.0000000000
687 -219.0000000000
697 -218.0000000000
701 -217.0000000000
718 -216.0000000000
719 -215.0000000000
722 -214.0000000000
730 -212.0000000000
732 -211.0000000000
733 -209.0000000000
734 -208.0000000000
741 -207.0000000000
742 -206.0000000000
754 -205.0000000000
761 -204.0000000000
768 -203.0000000000
775 -200.0000000000
780 -199.0000000000
781 -198.0000000000
785 -197.0000000000
786 -196.0000000000
814 -195.0000000000
816 -194.0000000000
817 -193.0000000000
834 -192.0000000000
848 -191.0000000000
849 -190.0000000000
864 -189.0000000000
890 -188.0000000000
895 -187.0000000000
898 -186.0000000000
900 -185.0000000000
905 -184.0000000000
910 -183.0000000000
917 -182.0000000000
925 -181.0000000000
926 -180.0000000000
930 -178.0000000000
932 -177.0000000000
948 -176.0000000000
953 -175.0000000000
963 -174.0000000000
971 -172.0000000000
972 -171.0000000000
997 -170.0000000000
1000 -169.0000000000
1028 -168.0000000000
1043 -167.0000000000
1051 -166.0000000000
1103 -165.0000000000
1113 -164.0000000000
1114 -163.0000000000
1118 -161.0000000000
1137 -160.0000000000
1144 -159.0000000000
1183 -158.0000000000
1195 -157.0000000000
1196 -156.0000000000
1209 -155.0000000000
1225 -153.0000000000
1235 -152.0000000000
1252 -151.0000000000
1253 -150.0000000000
1254 -149.0000000000
1258 -148.0000000000
1259 -147.0000000000
1271 -146.0000000000
1274 -145.0000000000
1288 -144.0000000000
1297 -143.0000000000
1298 -142.0000000000
1307 -141.0000000000
1315 -140.0000000000
1320 -139.0000000000
1325 -138.0000000000
1329 -137.0000000000
1381 -136.0000000000
1397 -135.0000000000
1407 -134.0000000000
1412 -133.0000000000
1425 -132.0000000000
1427 -131.0000000000
1435 -130.0000000000
1441 -129.0000000000
1451 -128.0000000000
1463 -127.0000000000
1480 -126.0000000000
1509 -125.0000000000
1511 -124.0000000000
1516 -123.0000000000
1526 -122.0000000000
1533 -121.0000000000
1534 -120.0000000000
1558 -119.0000000000
1567 -118.0000000000
1594 -117.0000000000
1598 -116.0000000000
1607 -115.0000000000
1612 -114.0000000000
1622 -113.0000000000
1629 -112.0000000000
1636 -111.0000000000
1639 -110.0000000000
1673 -109.0000000000
1676 -108.0000000000
1683 -107.0000000000
1712 -106.0000000000
1716 -105.0000000000
1735 -104.0000000000
1762 -103.0000000000
1769 -102.0000000000
1782 -101.0000000000
1791 -100.0000000000
1795 -99.0000000000
1797 -98.0000000000
1832 -97.0000000000
1834 -96.0000000000
1888 -95.0000000000
1895 -94.0000000000
1920 -93.0000000000
1930 -92.0000000000
1950 -91.0000000000
1966 -89.0000000000
1992 -88.0000000000
2003 -87.0000000000
2017 -86.0000000000
2025 -84.0000000000
2038 -83.0000000000
2056 -82.0000000000
2110 -81.0000000000
2138 -80.0000000000
2162 -79.0000000000
2173 -78.0000000000
2187 -77.0000000000
2238 -76.0000000000
2266 -75.0000000000
2272 -74.0000000000
2273 -73.0000000000
2293 -72.0000000000
2302 -71.0000000000
2309 -70.0000000000
2338 -69.0000000000
2353 -68.0000000000
2460 -66.0000000000
2479 -65.0000000000
2491 -64.0000000000
2501 -63.0000000000
2506 -62.0000000000
2509 -61.0000000000
2516 -60.0000000000
2543 -59.0000000000
2619 -58.0000000000
2624 -57.0000000000
2651 -56.0000000000
2686 -55.0000000000
2715 -54.0000000000
2731 -53.0000000000
2736 -52.0000000000
2780 -51.0000000000
2846 -50.0000000000
2890 -49.0000000000
2912 -48.0000000000
3066 -47.0000000000
3103 -46.0000000000
3113 -45.0000000000
3180 -44.0000000000
3211 -42.0000000000
3215 -41.0000000000
3260 -40.0000000000
3291 -39.0000000000
3330 -38.0000000000
3332 -37.0000000000
3374 -36.0000000000
3403 -35.0000000000
3441 -34.0000000000
3454 -33.0000000000
3509 -32.0000000000
3552 -31.0000000000
3582 -30.0000000000
3633 -29.0000000000
3658 -28.0000000000
3712 -27.0000000000
3765 -26.0000000000
3778 -25.0000000000
4017 -24.0000000000
4024 -23.0000000000
4027 -22.0000000000
4103 -21.0000000000
4124 -20.0000000000
4138 -19.0000000000
4143 -18.0000000000
4186 -17.0000000000
4308 -16.0000000000
4361 -15.0000000000
4468 -14.0000000000
4613 -13.0000000000
4643 -12.0000000000
4730 -11.0000000000
4875 -10.0000000000
4902 -9.0000000000
4967 -8.0000000000
5045 -7.0000000000
5057 -6.0000000000
5131 -5.0000000000
5388 -4.0000000000
5398 -3.0000000000
5759 -2.0000000000
5843 -1.0000000000
5988 563.0000000000
6190 574.0000000000
7278 580.0000000000
7326 591.0000000000
7755 608.0000000000
7939 611.0000000000
8357 621.0000000000
9098 625.0000000000
10218 630.0000000000
11070 646.0000000000
12238 649.0000000000
12248 655.0000000000
12820 664.0000000000
12969 666.0000000000
19600 672.0000000000
21070 680.0000000000
22122 682.0000000000
29835 683.0000000000
49204 684.0000000000
53439 685.0000000000
63084 686.0000000000
71778 688.0000000000
79593 692.0000000000
86914 695.0000000000
100000 -1.0000000000
evaluations raw_y
1 -361.0000000000
8 -360.0000000000
10 -359.0000000000
12 -358.0000000000
13 -356.0000000000
17 -355.0000000000
20 -354.0000000000
21 -353.0000000000
24 -351.0000000000
29 -350.0000000000
38 -349.0000000000
39 -348.0000000000
45 -347.0000000000
46 -346.0000000000
49 -345.0000000000
50 -344.0000000000
62 -341.0000000000
63 -340.0000000000
65 -339.0000000000
67 -338.0000000000
72 -337.0000000000
73 -336.0000000000
74 -334.0000000000
79 -333.0000000000
88 -332.0000000000
89 -331.0000000000
90 -330.0000000000
91 -329.0000000000
93 -328.0000000000
101 -327.0000000000
102 -326.0000000000
104 -325.0000000000
107 -323.0000000000
110 -322.0000000000
114 -320.0000000000
121 -319.0000000000
124 -318.0000000000
127 -317.0000000000
128 -316.0000000000
129 -314.0000000000
130 -313.0000000000
135 -311.0000000000
136 -310.0000000000
140 -309.0000000000
142 -308.0000000000
144 -306.0000000000
150 -305.0000000000
158 -303.0000000000
167 -302.0000000000
169 -301.0000000000
170 -300.0000000000
171 -299.0000000000
175 -296.0000000000
177 -295.0000000000
180 -294.0000000000
186 -293.0000000000
199 -292.0000000000
206 -289.0000000000
212 -288.0000000000
215 -286.0000000000
220 -284.0000000000
221 -283.0000000000
223 -282.0000000000
229 -281.0000000000
235 -280.0000000000
236 -279.0000000000
241 -278.0000000000
255 -277.0000000000
256 -276.0000000000
257 -275.0000000000
267 -274.0000000000
282 -273.0000000000
285 -271.0000000000
287 -270.0000000000
288 -269.0000000000
291 -268.0000000000
297 -267.0000000000
298 -266.0000000000
301 -265.0000000000
304 -264.0000000000
310 -262.0000000000
317 -261.0000000000
322 -260.0000000000
325 -259.0000000000
334 -258.0000000000
335 -257.0000000000
341 -255.0000000000
351 -254.0000000000
354 -253.0000000000
365 -252.0000000000
367 -251.0000000000
373 -250.0000000000
380 -249.0000000000
381 -248.0000000000
392 -247.0000000000
393 -246.0000000000
397 -245.0000000000
404 -244.0000000000
405 -242.0000000000
407 -241.0000000000
408 -240.0000000000
422 -239.0000000000
424 -238.0000000000
432 -237.0000000000
446 -235.0000000000
447 -234.0000000000
450 -233.0000000000
451 -232.0000000000
458 -231.0000000000
460 -230.0000000000
463 -229.0000000000
473 -228.0000000000
492 -227.0000000000
497 -224.0000000000
498 -223.0000000000
502 -222.0000000000
508 -221.0000000000
512 -220.0000000000
520 -218.0000000000
526 -217.0000000000
528 -216.0000000000
533 -215.0000000000
545 -214.0000000000
548 -213.0000000000
554 -212.0000000000
561 -211.0000000000
566 -210.0000000000
572 -209.0000000000
587 -207.0000000000
593 -206.0000000000
616 -205.0000000000
626 -204.0000000000
635 -203.0000000000
638 -202.0000000000
643 -201.0000000000
647 -199.0000000000
648 -198.0000000000
659 -197.0000000000
661 -196.0000000000
667 -195.0000000000
668 -193.0000000000
673 -191.0000000000
677 -190.0000000000
702 -189.0000000000
715 -188.0000000000
730 -187.0000000000
747 -186.0000000000
751 -185.0000000000
754 -184.0000000000
784 -183.0000000000
785 -181.0000000000
788 -180.0000000000
790 -179.0000000000
799 -178.0000000000
815 -176.0000000000
816 -175.0000000000
821 -174.0000000000
824 -173.0000000000
828 -172.0000000000
836 -171.0000000000
837 -170.0000000000
854 -169.0000000000
875 -168.0000000000
884 -166.0000000000
887 -165.0000000000
889 -163.0000000000
902 -162.0000000000
924 -161.0000000000
936 -160.0000000000
941 -159.0000000000
959 -158.0000000000
960 -156.0000000000
984 -155.0000000000
1009 -154.0000000000
1031 -153.0000000000
1035 -152.0000000000
1041 -151.0000000000
1045 -150.0000000000
1052 -149.0000000000
1065 -148.0000000000
1067 -147.0000000000
1099 -146.0000000000
1100 -145.0000000000
1101 -144.0000000000
1116 -143.0000000000
1132 -142.0000000000
1152 -140.0000000000
1155 -139.0000000000
1168 -138.0000000000
1190 -137.0000000000
1203 -136.0000000000
1213 -134.0000000000
1223 -133.0000000000
1246 -132.0000000000
1260 -131.0000000000
1291 -130.0000000000
1296 -129.0000000000
1302 -128.0000000000
1325 -126.0000000000
1332 -125.0000000000
1344 -124.0000000000
1353 -123.0000000000
1389 -122.0000000000
1400 -121.0000000000
1416 -120.0000000000
1421 -119.0000000000
1428 -118.0000000000
1437 -117.0000000000
1467 -116.0000000000
1468 -115.0000000000
1474 -114.0000000000
1476 -113.0000000000
1492 -112.0000000000
1501 -111.0000000000
1505 -110.0000000000
1556 -109.0000000000
1565 -108.0000000000
1571 -107.0000000000
1584 -106.0000000000
1617 -105.0000000000
1625 -104.0000000000
1640 -103.0000000000
1648 -102.0000000000
1658 -101.0000000000
1668 -100.0000000000
1678 -98.0000000000
1725 -97.0000000000
1726 -96.0000000000
1736 -95.0000000000
1748 -94.0000000000
1776 -92.0000000000
1778 -91.0000000000
1846 -90.0000000000
1853 -89.0000000000
1861 -88.0000000000
1875 -87.0000000000
1884 -85.0000000000
1889 -84.0000000000
1982 -83.0000000000
1992 -82.0000000000
1995 -81.0000000000
2008 -80.0000000000
2025 -79.0000000000
2027 -78.0000000000
2057 -77.0000000000
2059 -76.0000000000
2078 -75.0000000000
2095 -74.0000000000
2124 -73.0000000000
2128 -71.0000000000
2139 -70.0000000000
2189 -69.0000000000
2225 -68.0000000000
2234 -67.0000000000
2246 -66.0000000000
2280 -65.0000000000
2284 -64.0000000000
2313 -63.0000000000
2336 -62.0000000000
2349 -61.0000000000
2378 -60.0000000000
2381 -58.0000000000
2455 -57.0000000000
2486 -56.0000000000
2498 -55.0000000000
2499 -54.0000000000
2511 -53.0000000000
2532 -52.0000000000
2650 -51.0000000000
2685 -50.0000000000
2709 -49.0000000000
2745 -48.0000000000
2829 -47.0000000000
2934 -46.0000000000
2962 -45.0000000000
2965 -44.0000000000
3023 -43.0000000000
3026 -42.0000000000
3041 -41.0000000000
3074 -40.0000000000
3151 -39.0000000000
3178 -38.0000000000
3198 -37.0000000000
3331 -36.0000000000
3419 -35.0000000000
3482 -34.0000000000
3503 -33.0000000000
3509 -32.0000000000
3687 -31.0000000000
3734 -30.0000000000
3752 -29.0000000000
3843 -28.0000000000
4023 -27.0000000000
4046 -26.0000000000
4132 -25.0000000000
4163 -24.0000000000
4176 -23.0000000000
4201 -22.0000000000
4231 -21.0000000000
4278 -20.0000000000
4387 -19.0000000000
4637 -18.0000000000
4638 -17.0000000000
4639 -16.0000000000
4706 -15.0000000000
4746 -14.0000000000
5072 -13.0000000000
5142 -12.0000000000
5359 -11.0000000000
5382 -10.0000000000
5792 -9.0000000000
5906 -8.0000000000
5932 -7.0000000000
6005 -6.0000000000
6130 -5.0000000000
6133 -4.0000000000
6729 -3.0000000000
6779 -2.0000000000
7411 -1.0000000000
7548 598.0000000000
7635 614.0000000000
8333 621.0000000000
9182 632.0000000000
11224 635.0000000000
11299 640.0000000000
12168 648.0000000000
12943 658.0000000000
14748 662.0000000000
15887 669.0000000000
15889 672.0000000000
16140 673.0000000000
16455 677.0000000000
25821 680.0000000000
28015 681.0000000000
38687 684.0000000000
61120 688.0000000000
62819 689.0000000000
95737 692.0000000000
97149 696.0000000000
100000 696.0000000000
evaluations raw_y
1 -374.0000000000
2 -373.0000000000
9 -372.0000000000
15 -371.0000000000
16 -370.0000000000
22 -369.0000000000
23 -368.0000000000
25 -367.0000000000
26 -365.0000000000
28 -364.0000000000
29 -362.0000000000
30 -361.0000000000
36 -358.0000000000
44 -357.0000000000
47 -356.0000000000
48 -355.0000000000
49 -354.0000000000
50 -353.0000000000
51 -352.0000000000
61 -351.0000000000
63 -349.0000000000
65 -348.0000000000
66 -347.0000000000
72 -346.0000000000
84 -344.0000000000
85 -343.0000000000
89 -342.0000000000
97 -341.0000000000
98 -340.0000000000
100 -338.0000000000
102 -337.0000000000
106 -336.0000000000
108 -335.0000000000
109 -334.0000000000
110 -333.0000000000
111 -332.0000000000
116 -330.0000000000
117 -329.0000000000
118 -328.0000000000
121 -327.0000000000
122 -325.0000000000
124 -324.0000000000
128 -322.0000000000
132 -321.0000000000
134 -320.0000000000
137 -319.0000000000
146 -318.0000000000
147 -316.0000000000
154 -315.0000000000
162 -314.0000000000
164 -313.0000000000
167 -312.0000000000
168 -311.0000000000
175 -310.0000000000
177 -309.0000000000
194 -307.0000000000
195 -306.0000000000
200 -305.0000000000
201 -304.0000000000
214 -302.0000000000
221 -301.0000000000
224 -300.0000000000
229 -299.0000000000
233 -298.0000000000
237 -297.0000000000
248 -296.0000000000
252 -294.0000000000
258 -292.0000000000
266 -291.0000000000
271 -290.0000000000
274 -289.0000000000
284 -288.0000000000
285 -287.0000000000
297 -286.0000000000
308 -285.0000000000
312 -284.0000000000
321 -283.0000000000
333 -282.0000000000
334 -281.0000000000
340 -280.0000000000
351 -279.0000000000
358 -278.0000000000
363 -276.0000000000
368 -274.0000000000
370 -273.0000000000
376 -272.0000000000
392 -271.0000000000
407 -270.0000000000
410 -269.0000000000
411 -268.0000000000
414 -267.0000000000
417 -266.0000000000
423 -265.0000000000
424 -264.0000000000
425 -263.0000000000
431 -262.0000000000
451 -261.0000000000
452 -260.0000000000
453 -259.0000000000
454 -257.0000000000
462 -255.0000000000
463 -254.0000000000
465 -252.0000000000
477 -251.0000000000
478 -250.0000000000
479 -249.0000000000
481 -248.0000000000
483 -247.0000000000
489 -245.0000000000
490 -244.0000000000
497 -243.0000000000
503 -242.0000000000
505 -241.0000000000
512 -240.0000000000
514 -239.0000000000
528 -238.0000000000
532 -237.0000000000
537 -236.0000000000
540 -235.0000000000
545 -234.0000000000
556 -233.0000000000
558 -232.0000000000
561 -231.0000000000
562 -230.0000000000
564 -228.0000000000
570 -227.0000000000
580 -226.0000000000
603 -225.0000000000
604 -224.0000000000
607 -223.0000000000
617 -222.0000000000
622 -221.0000000000
633 -219.0000000000
636 -218.0000000000
638 -217.0000000000
644 -216.0000000000
658 -215.0000000000
679 -214.0000000000
681 -213.0000000000
684 -212.0000000000
686 -211.0000000000
690 -210.0000000000
697 -209.0000000000
706 -208.0000000000
715 -207.0000000000
722 -206.0000000000
739 -205.0000000000
760 -204.0000000000
766 -203.0000000000
768 -201.0000000000
769 -200.0000000000
776 -199.0000000000
781 -198.0000000000
783 -197.0000000000
803 -196.0000000000
805 -195.0000000000
806 -194.0000000000
812 -193.0000000000
844 -192.0000000000
846 -191.0000000000
849 -190.0000000000
869 -189.0000000000
884 -188.0000000000
893 -187.0000000000
899 -186.0000000000
941 -185.0000000000
944 -184.0000000000
952 -183.0000000000
960 -182.0000000000
972 -181.0000000000
986 -180.0000000000
988 -179.0000000000
990 -178.0000000000
998 -175.0000000000
1000 -174.0000000000
1002 -173.0000000000
1028 -172.0000000000
1034 -170.0000000000
1038 -169.0000000000
1041 -168.0000000000
1051 -166.0000000000
1052 -165.0000000000
1062 -163.0000000000
1064 -161.0000000000
1066 -160.0000000000
1075 -159.0000000000
1105 -158.0000000000
1107 -157.0000000000
1121 -156.0000000000
1164 -155.0000000000
1171 -154.0000000000
1185 -152.0000000000
1186 -151.0000000000
1222 -150.0000000000
1223 -149.0000000000
1242 -148.0000000000
1246 -147.0000000000
1259 -146.0000000000
1269 -145.0000000000
1274 -144.0000000000
1278 -143.0000000000
1284 -141.0000000000
1285 -140.0000000000
1289 -139.0000000000
1308 -138.0000000000
1311 -137.0000000000
1320 -136.0000000000
1339 -135.0000000000
1354 -134.0000000000
1370 -133.0000000000
1373 -132.0000000000
1391 -131.0000000000
1396 -130.0000000000
1406 -129.0000000000
1408 -128.0000000000
1415 -127.0000000000
1418 -126.0000000000
1435 -123.0000000000
1454 -122.0000000000
1483 -121.0000000000
1496 -120.0000000000
1505 -119.0000000000
1522 -118.0000000000
1524 -116.0000000000
1541 -115.0000000000
1543 -114.0000000000
1545 -113.0000000000
1562 -112.0000000000
1582 -111.0000000000
1626 -109.0000000000
1630 -108.0000000000
1634 -107.0000000000
1637 -106.0000000000
1639 -105.0000000000
1642 -104.0000000000
1659 -103.0000000000
1705 -102.0000000000
1719 -101.0000000000
1725 -100.0000000000
1727 -99.0000000000
1739 -98.0000000000
1740 -97.0000000000
1766 -96.0000000000
1845 -95.0000000000
1867 -94.0000000000
1871 -93.0000000000
1915 -92.0000000000
1964 -91.0000000000
1988 -90.0000000000
1996 -89.0000000000
1998 -87.0000000000
2013 -86.0000000000
2014 -85.0000000000
2033 -83.0000000000
2039 -82.0000000000
2107 -81.0000000000
2124 -80.0000000000
2147 -79.0000000000
2152 -78.0000000000
2204 -77.0000000000
2233 -76.0000000000
2279 -75.0000000000
2304 -74.0000000000
2381 -73.0000000000
2458 -72.0000000000
2468 -71.0000000000
2474 -69.0000000000
2493 -68.0000000000
2505 -67.0000000000
2527 -66.0000000000
2529 -65.0000000000
2555 -64.0000000000
2584 -63.0000000000
2648 -61.0000000000
2686 -60.0000000000
2689 -59.0000000000
2777 -58.0000000000
2814 -57.0000000000
2840 -56.0000000000
2846 -55.0000000000
2917 -54.0000000000
2988 -53.0000000000
2995 -52.0000000000
2998 -51.0000000000
3004 -50.0000000000
3005 -49.0000000000
3017 -48.0000000000
3142 -47.0000000000
3160 -46.0000000000
3184 -45.0000000000
3250 -44.0000000000
3296 -43.0000000000
3329 -42.0000000000
3356 -41.0000000000
3391 -40.0000000000
3398 -39.0000000000
3426 -38.0000000000
3443 -37.0000000000
3457 -36.0000000000
3476 -35.0000000000
3545 -34.0000000000
3547 -33.0000000000
3563 -32.0000000000
3727 -31.0000000000
3768 -30.0000000000
3819 -29.0000000000
3885 -28.0000000000
3902 -27.0000000000
3904 -26.0000000000
4075 -25.0000000000
4103 -24.0000000000
4146 -23.0000000000
4220 -22.0000000000
4304 -21.0000000000
4333 -20.0000000000
4384 -19.0000000000
4415 -18.0000000000
4437 -17.0000000000
4481 -16.0000000000
4489 -15.0000000000
4585 -14.0000000000
4608 -13.0000000000
4613 -12.0000000000
4664 -11.0000000000
5075 -10.0000000000
5198 -9.0000000000
5225 -8.0000000000
5242 -7.0000000000
5302 -6.0000000000
5376 -5.0000000000
5589 -4.0000000000
5617 -3.0000000000
5760 -2.0000000000
5961 -1.0000000000
6286 618.0000000000
6963 622.0000000000
7657 628.0000000000
9291 632.0000000000
10922 635.0000000000
11345 637.0000000000
12599 641.0000000000
13429 643.0000000000
15738 655.0000000000
17081 663.0000000000
18854 672.0000000000
25297 674.0000000000
25947 675.0000000000
34059 679.0000000000
36332 680.0000000000
43747 685.0000000000
56647 688.0000000000
78013 692.0000000000
80529 695.0000000000
100000 -1.0000000000
evaluations raw_y
1 -363.0000000000
4 -361.0000000000
8 -360.0000000000
10 -359.0000000000
13 -358.0000000000
14 -356.0000000000
16 -355.0000000000
21 -354.0000000000
23 -353.0000000000
28 -352.0000000000
30 -351.0000000000
31 -350.0000000000
49 -349.0000000000
50 -348.0000000000
52 -347.0000000000
56 -346.0000000000
58 -345.0000000000
64 -344.0000000000
72 -342.0000000000
74 -340.0000000000
75 -338.0000000000
78 -337.0000000000
80 -336.0000000000
82 -335.0000000000
84 -334.0000000000
85 -333.0000000000
88 -332.0000000000
95 -331.0000000000
96 -330.0000000000
100 -329.0000000000
103 -326.0000000000
104 -325.0000000000
109 -324.0000000000
112 -323.0000000000
114 -322.0000000000
117 -320.0000000000
118 -319.0000000000
119 -318.0000000000
130 -317.0000000000
145 -316.0000000000
157 -315.0000000000
168 -314.0000000000
169 -313.0000000000
170 -312.0000000000
172 -311.0000000000
175 -310.0000000000
176 -309.0000000000
177 -308.0000000000
186 -307.0000000000
188 -305.0000000000
190 -304.0000000000
207 -302.0000000000
209 -301.0000000000
215 -300.0000000000
219 -299.0000000000
220 -298.0000000000
221 -297.0000000000
223 -296.0000000000
236 -295.0000000000
239 -294.0000000000
248 -293.0000000000
252 -292.0000000000
254 -291.0000000000
257 -290.0000000000
264 -289.0000000000
270 -288.0000000000
276 -287.0000000000
282 -286.0000000000
285 -285.0000000000
302 -284.0000000000
303 -283.0000000000
304 -281.0000000000
305 -280.0000000000
306 -279.0000000000
307 -277.0000000000
322 -275.0000000000
331 -274.0000000000
341 -273.0000000000
352 -272.0000000000
358 -271.0000000000
359 -270.0000000000
360 -269.0000000000
365 -268.0000000000
374 -267.0000000000
380 -266.0000000000
387 -263.0000000000
388 -262.0000000000
394 -260.0000000000
395 -259.0000000000
403 -258.0000000000
414 -256.0000000000
425 -255.0000000000
429 -254.0000000000
430 -252.0000000000
442 -251.0000000000
444 -250.0000000000
451 -249.0000000000
452 -248.0000000000
454 -247.0000000000
455 -246.0000000000
457 -245.0000000000
458 -243.0000000000
463 -242.0000000000
470 -241.0000000000
475 -240.0000000000
477 -239.0000000000
480 -237.0000000000
501 -236.0000000000
509 -235.0000000000
516 -234.0000000000
517 -233.0000000000
518 -232.0000000000
519 -231.0000000000
520 -230.0000000000
521 -229.0000000000
523 -228.0000000000
531 -227.0000000000
534 -226.0000000000
549 -224.0000000000
550 -222.0000000000
551 -221.0000000000
567 -220.0000000000
572 -219.0000000000
576 -218.0000000000
587 -217.0000000000
592 -216.0000000000
596 -215.0000000000
602 -214.0000000000
613 -213.0000000000
615 -212.0000000000
625 -211.0000000000
646 -210.0000000000
648 -209.0000000000
655 -208.0000000000
665 -206.0000000000
672 -205.0000000000
686 -204.0000000000
701 -203.0000000000
724 -202.0000000000
732 -201.0000000000
737 -199.0000000000
738 -198.0000000000
745 -197.0000000000
755 -196.0000000000
757 -195.0000000000
763 -194.0000000000
781 -193.0000000000
783 -192.0000000000
784 -191.0000000000
786 -190.0000000000
790 -188.0000000000
793 -187.0000000000
800 -186.0000000000
801 -185.0000000000
811 -184.0000000000
826 -183.0000000000
829 -181.0000000000
835 -180.0000000000
841 -179.0000000000
848 -178.0000000000
864 -177.0000000000
869 -175.0000000000
876 -173.0000000000
895 -171.0000000000
898 -170.0000000000
918 -169.0000000000
926 -168.0000000000
929 -167.0000000000
946 -166.0000000000
949 -165.0000000000
961 -164.0000000000
981 -163.0000000000
1007 -162.0000000000
1012 -161.0000000000
1014 -160.0000000000
1017 -159.0000000000
1041 -158.0000000000
1043 -157.0000000000
1048 -156.0000000000
1069 -155.0000000000
1089 -154.0000000000
1125 -153.0000000000
1130 -152.0000000000
1140 -151.0000000000
1159 -149.0000000000
1168 -148.0000000000
1175 -147.0000000000
1183 -146.0000000000
1208 -145.0000000000
1214 -144.0000000000
1230 -143.0000000000
1237 -142.0000000000
1256 -141.0000000000
1265 -139.0000000000
1267 -138.0000000000
1277 -137.0000000000
1280 -136.0000000000
1306 -135.0000000000
1332 -134.0000000000
1335 -133.0000000000
1350 -132.0000000000
1365 -131.0000000000
1369 -128.0000000000
1372 -127.0000000000
1390 -126.0000000000
1401 -125.0000000000
1403 -124.0000000000
1417 -123.0000000000
1424 -122.0000000000
1427 -121.0000000000
1428 -120.0000000000
1440 -119.0000000000
1450 -118.0000000000
1459 -115.0000000000
1466 -114.0000000000
1474 -113.0000000000
1524 -112.0000000000
1534 -111.0000000000
1550 -110.0000000000
1580 -109.0000000000
1592 -108.0000000000
1611 -107.0000000000
1630 -106.0000000000
1649 -104.0000000000
1661 -103.0000000000
1663 -102.0000000000
1674 -101.0000000000
1691 -100.0000000000
1713 -99.0000000000
1730 -97.0000000000
1784 -96.0000000000
1785 -95.0000000000
1786 -94.0000000000
1792 -93.0000000000
1816 -92.0000000000
1934 -91.0000000000
1936 -90.0000000000
1946 -89.0000000000
1994 -88.0000000000
2014 -87.0000000000
2019 -86.0000000000
2076 -85.0000000000
2117 -84.0000000000
2132 -83.0000000000
2134 -82.0000000000
2164 -81.0000000000
2198 -80.0000000000
2234 -79.0000000000
2235 -78.0000000000
2268 -77.0000000000
2275 -76.0000000000
2305 -75.0000000000
2334 -74.0000000000
2349 -73.0000000000
2383 -71.0000000000
2393 -70.0000000000
2394 -69.0000000000
2418 -68.0000000000
2420 -67.0000000000
2451 -66.0000000000
2462 -65.0000000000
2501 -64.0000000000
2535 -63.0000000000
2574 -62.0000000000
2591 -61.0000000000
2595 -60.0000000000
2598 -59.0000000000
2665 -58.0000000000
2670 -57.0000000000
2723 -56.0000000000
2732 -55.0000000000
2744 -54.0000000000
2750 -53.0000000000
2753 -52.0000000000
2801 -51.0000000000
2803 -50.0000000000
2840 -49.0000000000
2884 -48.0000000000
2938 -47.0000000000
2949 -46.0000000000
3067 -45.0000000000
3073 -43.0000000000
3190 -42.0000000000
3200 -41.0000000000
3221 -40.0000000000
3241 -39.0000000000
3280 -38.0000000000
3326 -37.0000000000
3422 -36.0000000000
3494 -35.0000000000
3602 -34.0000000000
3618 -33.0000000000
3632 -32.0000000000
3635 -31.0000000000
3638 -30.0000000000
3660 -29.0000000000
3691 -28.0000000000
3874 -27.0000000000
3958 -26.0000000000
3990 -25.0000000000
4060 -24.0000000000
4092 -23.0000000000
4108 -22.0000000000
4253 -21.0000000000
4254 -20.0000000000
4260 -19.0000000000
4339 -18.0000000000
4392 -17.0000000000
4466 -16.0000000000
4475 -15.0000000000
4486 -14.0000000000
4489 -13.0000000000
4508 -12.0000000000
4850 -11.0000000000
5041 -10.0000000000
5075 -9.0000000000
5140 -8.0000000000
5209 -7.0000000000
5227 -6.0000000000
5452 -5.0000000000
5781 -4.0000000000
5866 -3.0000000000
5991 -2.0000000000
6345 -1.0000000000
7242 542.0000000000
7558 565.0000000000
7754 570.0000000000
7771 573.0000000000
8052 591.0000000000
8601 606.0000000000
9030 613.0000000000
11055 616.0000000000
11265 620.0000000000
12971 628.0000000000
14209 633.0000000000
16800 634.0000000000
18781 639.0000000000
19621 640.0000000000
20592 648.0000000000
21304 653.0000000000
24179 655.0000000000
28234 662.0000000000
37508 663.0000000000
42778 668.0000000000
46077 671.0000000000
47455 674.0000000000
50983 677.0000000000
61281 678.0000000000
64783 679.0000000000
66115 681.0000000000
77481 682.0000000000
84734 689.0000000000
88715 692.0000000000
100000 -2.0000000000
evaluations raw_y
1 -356.0000000000
2 -354.0000000000
3 -352.0000000000
7 -351.0000000000
8 -349.0000000000
9 -347.0000000000
10 -346.0000000000
19 -344.0000000000
24 -342.0000000000
25 -340.0000000000
30 -339.0000000000
31 -338.0000000000
32 -336.0000000000
33 -335.0000000000
37 -334.0000000000
42 -333.0000000000
45 -332.0000000000
47 -331.0000000000
48 -330.0000000000
49 -329.0000000000
53 -328.0000000000
59 -325.0000000000
70 -324.0000000000
80 -323.0000000000
86 -321.0000000000
93 -320.0000000000
94 -319.0000000000
97 -318.0000000000
98 -317.0000000000
100 -316.0000000000
104 -315.0000000000
105 -314.0000000000
111 -313.0000000000
112 -312.0000000000
113 -311.0000000000
119 -310.0000000000
122 -309.0000000000
127 -308.0000000000
130 -307.0000000000
131 -306.0000000000
132 -305.0000000000
145 -304.0000000000
146 -303.0000000000
147 -302.0000000000
150 -301.0000000000
153 -300.0000000000
154 -299.0000000000
157 -297.0000000000
160 -296.0000000000
172 -295.0000000000
173 -294.0000000000
174 -291.0000000000
178 -290.0000000000
181 -288.0000000000
183 -287.0000000000
185 -286.0000000000
194 -284.0000000000
196 -282.0000000000
201 -280.0000000000
208 -279.0000000000
216 -277.0000000000
223 -275.0000000000
224 -274.0000000000
228 -273.0000000000
229 -272.0000000000
245 -270.0000000000
248 -269.0000000000
254 -268.0000000000
263 -267.0000000000
278 -266.0000000000
279 -265.0000000000
282 -264.0000000000
288 -263.0000000000
296 -262.0000000000
297 -261.0000000000
299 -259.0000000000
304 -258.0000000000
311 -257.0000000000
315 -256.0000000000
316 -255.0000000000
322 -254.0000000000
332 -253.0000000000
337 -252.0000000000
340 -251.0000000000
345 -250.0000000000
368 -249.0000000000
370 -248.0000000000
381 -247.0000000000
389 -246.0000000000
391 -245.0000000000
393 -243.0000000000
394 -240.0000000000
395 -239.0000000000
397 -238.0000000000
407 -237.0000000000
408 -234.0000000000
413 -233.0000000000
433 -232.0000000000
441 -231.0000000000
446 -230.0000000000
448 -229.0000000000
456 -228.0000000000
461 -227.0000000000
467 -226.0000000000
470 -225.0000000000
475 -224.0000000000
481 -223.0000000000
484 -222.0000000000
495 -221.0000000000
504 -220.0000000000
516 -219.0000000000
523 -217.0000000000
551 -216.0000000000
557 -215.0000000000
560 -214.0000000000
570 -213.0000000000
581 -212.0000000000
583 -211.0000000000
594 -210.0000000000
601 -208.0000000000
602 -207.0000000000
606 -206.0000000000
610 -205.0000000000
612 -204.0000000000
613 -203.0000000000
617 -202.0000000000
620 -201.0000000000
626 -200.0000000000
656 -199.0000000000
704 -198.0000000000
707 -197.0000000000
714 -196.0000000000
719 -195.0000000000
755 -194.0000000000
763 -193.0000000000
771 -192.0000000000
777 -191.0000000000
793 -190.0000000000
801 -189.0000000000
813 -188.0000000000
845 -186.0000000000
849 -185.0000000000
853 -184.0000000000
875 -183.0000000000
878 -182.0000000000
895 -181.0000000000
916 -180.0000000000
924 -179.0000000000
963 -178.0000000000
984 -175.0000000000
990 -174.0000000000
992 -172.0000000000
1013 -171.0000000000
1015 -170.0000000000
1019 -169.0000000000
1021 -167.0000000000
1023 -166.0000000000
1045 -165.0000000000
1049 -164.0000000000
1092 -163.0000000000
1098 -162.0000000000
1119 -161.0000000000
1135 -158.0000000000
1146 -157.0000000000
1162 -156.0000000000
1163 -155.0000000000
1171 -154.0000000000
1172 -153.0000000000
1174 -152.0000000000
1211 -151.0000000000
1214 -150.0000000000
1223 -149.0000000000
1231 -148.0000000000
1263 -147.0000000000
1278 -146.0000000000
1285 -145.0000000000
1287 -144.0000000000
1302 -143.0000000000
1326 -142.0000000000
1329 -141.0000000000
1338 -140.0000000000
1361 -139.0000000000
1362 -138.0000000000
1400 -136.0000000000
1407 -135.0000000000
1429 -134.0000000000
1445 -133.0000000000
1497 -132.0000000000
1519 -131.0000000000
1524 -130.0000000000
1525 -129.0000000000
1534 -128.0000000000
1538 -127.0000000000
1550 -126.0000000000
1558 -125.0000000000
1560 -124.0000000000
1584 -123.0000000000
1590 -122.0000000000
1612 -121.0000000000
1627 -120.0000000000
1629 -119.0000000000
1651 -118.0000000000
1688 -117.0000000000
1712 -116.0000000000
1713 -115.0000000000
1777 -114.0000000000
1778 -113.0000000000
1780 -112.0000000000
1806 -111.0000000000
1825 -110.0000000000
1832 -109.0000000000
1844 -108.0000000000
1862 -107.0000000000
1863 -106.0000000000
1887 -105.0000000000
1905 -104.0000000000
1914 -103.0000000000
1916 -102.0000000000
1928 -101.0000000000
1929 -100.0000000000
1931 -99.0000000000
1975 -98.0000000000
1981 -97.0000000000
2014 -96.0000000000
2019 -95.0000000000
2043 -94.0000000000
2053 -93.0000000000
2075 -92.0000000000
2082 -91.0000000000
2104 -90.0000000000
2145 -89.0000000000
2202 -88.0000000000
2224 -87.0000000000
2230 -86.0000000000
2264 -85.0000000000
2289 -84.0000000000
2294 -83.0000000000
2306 -82.0000000000
2318 -81.0000000000
2343 -80.0000000000
2359 -79.0000000000
2375 -78.0000000000
2379 -77.0000000000
2406 -76.0000000000
2415 -75.0000000000
2453 -74.0000000000
2462 -73.0000000000
2465 -71.0000000000
2468 -70.0000000000
2483 -69.0000000000
2485 -67.0000000000
2501 -66.0000000000
2504 -65.0000000000
2508 -64.0000000000
2520 -63.0000000000
2527 -62.0000000000
2557 -61.0000000000
2599 -60.0000000000
2621 -59.0000000000
2628 -58.0000000000
2632 -57.0000000000
2651 -56.0000000000
2659 -55.0000000000
2660 -54.0000000000
2667 -53.0000000000
2671 -52.0000000000
2709 -51.0000000000
2715 -50.0000000000
2734 -49.0000000000
2766 -48.0000000000
2820 -47.0000000000
2855 -46.0000000000
2862 -45.0000000000
2884 -44.0000000000
2921 -43.0000000000
2956 -42.0000000000
2965 -40.0000000000
2968 -39.0000000000
3053 -38.0000000000
3126 -36.0000000000
3168 -35.0000000000
3294 -34.0000000000
3296 -33.0000000000
3300 -31.0000000000
3310 -30.0000000000
3371 -29.0000000000
3412 -28.0000000000
3499 -27.0000000000
3571 -26.0000000000
3614 -25.0000000000
3623 -24.0000000000
3632 -23.0000000000
3753 -22.0000000000
3792 -20.0000000000
3819 -19.0000000000
3879 -18.0000000000
3900 -17.0000000000
3932 -16.0000000000
3963 -15.0000000000
4008 -14.0000000000
4054 -13.0000000000
4147 -12.0000000000
4161 -11.0000000000
4272 -10.0000000000
4308 -9.0000000000
4374 -8.0000000000
4411 -7.0000000000
4493 -6.0000000000
4535 -5.0000000000
4670 -4.0000000000
5094 -3.0000000000
5170 -2.0000000000
5337 -1.0000000000
5403 519.0000000000
5704 558.0000000000
5869 566.0000000000
6479 595.0000000000
6507 597.0000000000
7066 602.0000000000
7414 612.0000000000
7905 622.0000000000
8440 636.0000000000
8933 642.0000000000
9536 643.0000000000
10072 648.0000000000
11299 657.0000000000
14152 660.0000000000
16166 664.0000000000
19458 671.0000000000
20404 675.0000000000
23574 683.0000000000
36676 684.0000000000
48335 686.0000000000
63445 687.0000000000
95167 689.0000000000
100000 689.0000000000
evaluations raw_y
1 -338.0000000000
3 -337.0000000000
7 -336.0000000000
10 -335.0000000000
20 -334.0000000000
22 -333.0000000000
23 -332.0000000000
28 -331.0000000000
33 -330.0000000000
34 -329.0000000000
35 -326.0000000000
36 -325.0000000000
38 -322.0000000000
43 -320.0000000000
50 -319.0000000000
51 -318.0000000000
52 -317.0000000000
56 -315.0000000000
59 -314.0000000000
60 -313.0000000000
63 -312.0000000000
75 -311.0000000000
80 -310.0000000000
81 -309.0000000000
85 -307.0000000000
87 -306.0000000000
107 -305.0000000000
111 -304.0000000000
113 -303.0000000000
128 -302.0000000000
129 -301.0000000000
133 -300.0000000000
134 -299.0000000000
140 -298.0000000000
143 -297.0000000000
145 -296.0000000000
159 -295.0000000000
160 -294.0000000000
161 -293.0000000000
163 -292.0000000000
168 -291.0000000000
171 -290.0000000000
177 -289.0000000000
183 -288.0000000000
196 -287.0000000000
198 -286.0000000000
204 -284.0000000000
208 -283.0000000000
214 -282.0000000000
218 -281.0000000000
226 -280.0000000000
227 -279.0000000000
228 -277.0000000000
233 -276.0000000000
236 -275.0000000000
237 -274.0000000000
239 -273.0000000000
242 -272.0000000000
264 -271.0000000000
271 -270.0000000000
277 -269.0000000000
278 -268.0000000000
279 -267.0000000000
280 -266.0000000000
289 -265.0000000000
290 -264.0000000000
295 -263.0000000000
305 -262.0000000000
317 -261.0000000000
325 -260.0000000000
330 -259.0000000000
331 -258.0000000000
339 -256.0000000000
340 -254.0000000000
341 -253.0000000000
351 -252.0000000000
355 -249.0000000000
370 -248.0000000000
378 -247.0000000000
379 -246.0000000000
381 -244.0000000000
388 -243.0000000000
395 -242.0000000000
405 -241.0000000000
409 -239.0000000000
412 -238.0000000000
415 -237.0000000000
422 -236.0000000000
425 -235.0000000000
433 -234.0000000000
437 -233.0000000000
450 -232.0000000000
473 -230.0000000000
482 -229.0000000000
490 -228.0000000000
494 -227.0000000000
506 -226.0000000000
521 -225.0000000000
530 -224.0000000000
545 -223.0000000000
548 -222.0000000000
551 -220.0000000000
561 -219.0000000000
572 -218.0000000000
575 -217.0000000000
577 -216.0000000000
593 -214.0000000000
604 -213.0000000000
608 -212.0000000000
617 -211.0000000000
618 -210.0000000000
633 -209.0000000000
646 -208.0000000000
647 -207.0000000000
661 -206.0000000000
674 -204.0000000000
677 -203.0000000000
682 -202.0000000000
693 -201.0000000000
697 -200.0000000000
704 -198.0000000000
707 -197.0000000000
716 -196.0000000000
721 -194.0000000000
727 -193.0000000000
733 -192.0000000000
738 -191.0000000000
739 -190.0000000000
741 -189.0000000000
742 -188.0000000000
753 -187.0000000000
762 -186.0000000000
779 -185.0000000000
780 -184.0000000000
781 -183.0000000000
791 -181.0000000000
802 -180.0000000000
806 -179.0000000000
822 -177.0000000000
831 -176.0000000000
834 -175.0000000000
835 -174.0000000000
863 -173.0000000000
866 -172.0000000000
884 -171.0000000000
893 -170.0000000000
899 -169.0000000000
911 -168.0000000000
918 -167.0000000000
956 -166.0000000000
957 -165.0000000000
959 -162.0000000000
961 -161.0000000000
976 -160.0000000000
998 -159.0000000000
1001 -158.0000000000
1010 -157.0000000000
1025 -156.0000000000
1030 -155.0000000000
1031 -153.0000000000
1037 -152.0000000000
1044 -151.0000000000
1069 -149.0000000000
1075 -148.0000000000
1085 -147.0000000000
1088 -146.0000000000
1091 -145.0000000000
1095 -144.0000000000
1111 -143.0000000000
1131 -141.0000000000
1145 -140.0000000000
1151 -139.0000000000
1177 -138.0000000000
1183 -137.0000000000
1184 -136.0000000000
1217 -135.0000000000
1231 -134.0000000000
1232 -132.0000000000
1255 -131.0000000000
1257 -130.0000000000
1277 -128.0000000000
1278 -127.0000000000
1282 -126.0000000000
1287 -125.0000000000
1300 -124.0000000000
1308 -123.0000000000
1319 -122.0000000000
1346 -121.0000000000
1351 -120.0000000000
1355 -119.0000000000
1375 -118.0000000000
1379 -117.0000000000
1384 -116.0000000000
1399 -115.0000000000
1419 -114.0000000000
1421 -113.0000000000
1423 -112.0000000000
1425 -111.0000000000
1428 -110.0000000000
1450 -109.0000000000
1473 -107.0000000000
1485 -106.0000000000
1498 -105.0000000000
1514 -104.0000000000
1518 -103.0000000000
1519 -102.0000000000
1530 -101.0000000000
1578 -100.0000000000
1632 -99.0000000000
1657 -98.0000000000
1676 -97.0000000000
1709 -96.0000000000
1722 -95.0000000000
1723 -94.0000000000
1726 -93.0000000000
1731 -92.0000000000
1768 -91.0000000000
1774 -89.0000000000
1782 -88.0000000000
1817 -87.0000000000
1865 -86.0000000000
1883 -85.0000000000
1889 -84.0000000000
1922 -83.0000000000
1931 -82.0000000000
1940 -81.0000000000
1960 -80.0000000000
2004 -79.0000000000
2009 -78.0000000000
2038 -77.0000000000
2056 -76.0000000000
2093 -75.0000000000
2123 -74.0000000000
2128 -73.0000000000
2139 -72.0000000000
2183 -71.0000000000
2208 -70.0000000000
2247 -69.0000000000
2260 -68.0000000000
2265 -67.0000000000
2276 -66.0000000000
2292 -65.0000000000
2316 -63.0000000000
2320 -62.0000000000
2323 -60.0000000000
2341 -59.0000000000
2363 -58.0000000000
2369 -57.0000000000
2386 -56.0000000000
2421 -55.0000000000
2441 -54.0000000000
2470 -53.0000000000
2477 -52.0000000000
2519 -51.0000000000
2559 -49.0000000000
2560 -48.0000000000
2598 -47.0000000000
2627 -46.0000000000
2646 -45.0000000000
2647 -44.0000000000
2650 -43.0000000000
2704 -42.0000000000
2735 -41.0000000000
2770 -40.0000000000
2797 -39.0000000000
2827 -38.0000000000
2860 -37.0000000000
2863 -36.0000000000
2872 -35.0000000000
2900 -34.0000000000
2918 -33.0000000000
2941 -32.0000000000
2958 -31.0000000000
3018 -30.0000000000
3046 -29.0000000000
3060 -28.0000000000
3092 -27.0000000000
3155 -25.0000000000
3256 -24.0000000000
3271 -23.0000000000
3330 -22.0000000000
3350 -21.0000000000
3362 -20.0000000000
3427 -19.0000000000
3451 -18.0000000000
3462 -17.0000000000
3468 -16.0000000000
3583 -15.0000000000
3720 -14.0000000000
3846 -13.0000000000
3862 -12.0000000000
3951 -11.0000000000
4072 -10.0000000000
4580 -9.0000000000
4641 -8.0000000000
4818 -7.0000000000
5088 -6.0000000000
5128 -5.0000000000
5153 -4.0000000000
5392 -2.0000000000
6030 -1.0000000000
6190 607.0000000000
6740 610.0000000000
7538 630.0000000000
7757 634.0000000000
8314 639.0000000000
8995 641.0000000000
10326 649.0000000000
10379 650.0000000000
10697 657.0000000000
14454 658.0000000000
16879 666.0000000000
23145 667.0000000000
29463 672.0000000000
30877 676.0000000000
32168 677.0000000000
39691 683.0000000000
83999 684.0000000000
95400 692.0000000000
100000 692.0000000000
evaluations raw_y
1 -367.0000000000
3 -366.0000000000
7 -365.0000000000
10 -364.0000000000
12 -363.0000000000
14 -362.0000000000
15 -361.0000000000
17 -360.0000000000
19 -359.0000000000
20 -358.0000000000
24 -357.0000000000
26 -356.0000000000
31 -354.0000000000
32 -353.0000000000
34 -352.0000000000
38 -351.0000000000
45 -350.0000000000
49 -347.0000000000
50 -346.0000000000
52 -345.0000000000
57 -342.0000000000
60 -341.0000000000
61 -340.0000000000
63 -339.0000000000
68 -338.0000000000
81 -337.0000000000
85 -335.0000000000
96 -334.0000000000
103 -333.0000000000
111 -332.0000000000
118 -331.0000000000
121 -329.0000000000
124 -328.0000000000
125 -327.0000000000
127 -325.0000000000
133 -324.0000000000
136 -322.0000000000
142 -321.0000000000
145 -320.0000000000
146 -319.0000000000
147 -318.0000000000
150 -317.0000000000
152 -316.0000000000
154 -315.0000000000
155 -314.0000000000
156 -313.0000000000
162 -312.0000000000
165 -311.0000000000
166 -310.0000000000
168 -309.0000000000
171 -307.0000000000
179 -305.0000000000
182 -304.0000000000
186 -302.0000000000
189 -301.0000000000
194 -300.0000000000
199 -299.0000000000
200 -298.0000000000
201 -297.0000000000
209 -296.0000000000
217 -295.0000000000
218 -294.0000000000
219 -292.0000000000
224 -291.0000000000
231 -290.0000000000
237 -289.0000000000
238 -288.0000000000
250 -287.0000000000
253 -285.0000000000
261 -283.0000000000
265 -281.0000000000
268 -280.0000000000
276 -279.0000000000
281 -278.0000000000
282 -276.0000000000
289 -275.0000000000
293 -274.0000000000
301 -273.0000000000
306 -271.0000000000
321 -270.0000000000
322 -269.0000000000
325 -267.0000000000
326 -265.0000000000
341 -264.0000000000
342 -262.0000000000
349 -261.0000000000
367 -259.0000000000
370 -258.0000000000
375 -257.0000000000
377 -256.0000000000
385 -255.0000000000
389 -254.0000000000
397 -253.0000000000
408 -251.0000000000
409 -250.0000000000
411 -249.0000000000
418 -247.0000000000
426 -246.0000000000
427 -245.0000000000
436 -244.0000000000
444 -243.0000000000
447 -242.0000000000
450 -241.0000000000
453 -240.0000000000
465 -239.0000000000
469 -238.0000000000
475 -237.0000000000
478 -236.0000000000
489 -235.0000000000
498 -234.0000000000
502 -233.0000000000
513 -232.0000000000
514 -231.0000000000
527 -230.0000000000
535 -229.0000000000
538 -228.0000000000
546 -227.0000000000
551 -226.0000000000
561 -225.0000000000
567 -224.0000000000
570 -223.0000000000
573 -222.0000000000
578 -221.0000000000
580 -218.0000000000
596 -215.0000000000
600 -214.0000000000
603 -212.0000000000
605 -211.0000000000
617 -210.0000000000
621 -209.0000000000
626 -208.0000000000
632 -207.0000000000
646 -206.0000000000
649 -205.0000000000
653 -204.0000000000
670 -203.0000000000
682 -202.0000000000
724 -201.0000000000
759 -199.0000000000
763 -198.0000000000
768 -197.0000000000
775 -196.0000000000
779 -195.0000000000
782 -194.0000000000
783 -193.0000000000
785 -192.0000000000
786 -191.0000000000
796 -190.0000000000
803 -189.0000000000
809 -188.0000000000
824 -187.0000000000
830 -186.0000000000
836 -185.0000000000
843 -183.0000000000
846 -182.0000000000
855 -181.0000000000
861 -180.0000000000
863 -178.0000000000
872 -177.0000000000
876 -176.0000000000
902 -175.0000000000
913 -174.0000000000
916 -173.0000000000
931 -172.0000000000
935 -170.0000000000
939 -169.0000000000
954 -167.0000000000
977 -166.0000000000
989 -165.0000000000
992 -164.0000000000
1029 -163.0000000000
1035 -162.0000000000
1050 -161.0000000000
1052 -160.0000000000
1058 -159.0000000000
1059 -157.0000000000
1066 -156.0000000000
1073 -154.0000000000
1091 -153.0000000000
1105 -152.0000000000
1106 -151.0000000000
1150 -150.0000000000
1162 -149.0000000000
1167 -148.0000000000
1182 -146.0000000000
1188 -144.0000000000
1198 -143.0000000000
1199 -142.0000000000
1220 -141.0000000000
1224 -140.0000000000
1230 -139.0000000000
1264 -138.0000000000
1288 -137.0000000000
1293 -136.0000000000
1301 -135.0000000000
1303 -134.0000000000
1313 -133.0000000000
1320 -132.0000000000
1345 -131.0000000000
1363 -130.0000000000
1370 -129.0000000000
1405 -128.0000000000
1423 -127.0000000000
1428 -126.0000000000
1433 -125.0000000000
1443 -124.0000000000
1444 -123.0000000000
1465 -122.0000000000
1477 -121.0000000000
1484 -120.0000000000
1487 -119.0000000000
1499 -118.0000000000
1515 -117.0000000000
1522 -116.0000000000
1563 -115.0000000000
1578 -114.0000000000
1586 -112.0000000000
1595 -111.0000000000
1627 -110.0000000000
1631 -109.0000000000
1643 -108.0000000000
1648 -107.0000000000
1653 -106.0000000000
1654 -105.0000000000
1674 -104.0000000000
1680 -103.0000000000
1685 -102.0000000000
1692 -101.0000000000
1722 -99.0000000000
1728 -98.0000000000
1758 -97.0000000000
1767 -96.0000000000
1786 -95.0000000000
1811 -94.0000000000
1830 -93.0000000000
1834 -92.0000000000
1843 -91.0000000000
1883 -90.0000000000
1890 -89.0000000000
1891 -88.0000000000
1910 -87.0000000000
1930 -86.0000000000
1967 -85.0000000000
1976 -84.0000000000
2023 -83.0000000000
2026 -82.0000000000
2033 -81.0000000000
2034 -80.0000000000
2068 -79.0000000000
2119 -78.0000000000
2137 -77.0000000000
2235 -76.0000000000
2237 -75.0000000000
2284 -74.0000000000
2295 -73.0000000000
2305 -72.0000000000
2333 -71.0000000000
2342 -70.0000000000
2364 -69.0000000000
2392 -68.0000000000
2419 -67.0000000000
2477 -66.0000000000
2482 -65.0000000000
2492 -64.0000000000
2528 -63.0000000000
2576 -61.0000000000
2597 -60.0000000000
2608 -59.0000000000
2694 -58.0000000000
2710 -57.0000000000
2734 -56.0000000000
2749 -55.0000000000
2792 -54.0000000000
2863 -53.0000000000
2866 -52.0000000000
2889 -51.0000000000
2931 -50.0000000000
2974 -49.0000000000
3144 -48.0000000000
3184 -47.0000000000
3214 -46.0000000000
3238 -45.0000000000
3247 -44.0000000000
3256 -43.0000000000
3265 -42.0000000000
3287 -41.0000000000
3303 -40.0000000000
3313 -39.0000000000
3342 -38.0000000000
3366 -37.0000000000
3393 -36.0000000000
3400 -35.0000000000
3410 -34.0000000000
3455 -33.0000000000
3612 -32.0000000000
3637 -31.0000000000
3680 -30.0000000000
3691 -29.0000000000
3728 -28.0000000000
3756 -27.0000000000
3764 -26.0000000000
3876 -25.0000000000
3904 -24.0000000000
3951 -23.0000000000
3956 -22.0000000000
3970 -21.0000000000
4062 -20.0000000000
4074 -19.0000000000
4153 -18.0000000000
4231 -17.0000000000
4246 -16.0000000000
4250 -15.0000000000
4278 -14.0000000000
4392 -13.0000000000
4507 -12.0000000000
4613 -11.0000000000
4686 -10.0000000000
4712 -9.0000000000
4806 -8.0000000000
5044 -7.0000000000
5046 -6.0000000000
5062 -5.0000000000
5097 -4.0000000000
5357 -3.0000000000
5420 -2.0000000000
5536 -1.0000000000
5703 575.0000000000
6013 595.0000000000
6406 605.0000000000
6587 608.0000000000
6654 609.0000000000
7135 615.0000000000
7650 618.0000000000
12547 621.0000000000
12785 632.0000000000
12941 637.0000000000
13957 646.0000000000
15903 650.0000000000
17237 656.0000000000
19561 657.0000000000
22602 659.0000000000
23650 660.0000000000
29366 666.0000000000
30574 669.0000000000
37791 672.0000000000
56236 674.0000000000
62271 675.0000000000
71033 679.0000000000
71237 680.0000000000
72006 681.0000000000
72049 685.0000000000
72790 686.0000000000
75190 689.0000000000
94955 690.0000000000
97847 691.0000000000
100000 -1.0000000000
evaluations raw_y
1 -374.0000000000
3 -373.0000000000
5 -372.0000000000
6 -371.0000000000
10 -369.0000000000
12 -367.0000000000
13 -365.0000000000
24 -364.0000000000
29 -362.0000000000
36 -361.0000000000
38 -360.0000000000
41 -359.0000000000
42 -358.0000000000
49 -357.0000000000
54 -356.0000000000
55 -355.0000000000
62 -354.0000000000
65 -353.0000000000
71 -352.0000000000
72 -351.0000000000
73 -350.0000000000
81 -348.0000000000
86 -347.0000000000
98 -346.0000000000
103 -345.0000000000
107 -343.0000000000
110 -342.0000000000
111 -341.0000000000
115 -339.0000000000
117 -338.0000000000
125 -336.0000000000
128 -335.0000000000
130 -334.0000000000
132 -333.0000000000
137 -331.0000000000
142 -328.0000000000
146 -327.0000000000
149 -326.0000000000
159 -325.0000000000
160 -324.0000000000
161 -323.0000000000
162 -322.0000000000
167 -321.0000000000
177 -320.0000000000
182 -319.0000000000
188 -316.0000000000
191 -315.0000000000
192 -313.0000000000
194 -311.0000000000
201 -310.0000000000
209 -309.0000000000
211 -308.0000000000
218 -307.0000000000
219 -306.0000000000
220 -304.0000000000
223 -303.0000000000
228 -300.0000000000
230 -299.0000000000
250 -298.0000000000
265 -296.0000000000
266 -295.0000000000
286 -294.0000000000
292 -292.0000000000
302 -291.0000000000
311 -290.0000000000
323 -289.0000000000
338 -288.0000000000
341 -287.0000000000
344 -286.0000000000
354 -285.0000000000
355 -284.0000000000
357 -283.0000000000
361 -282.0000000000
368 -281.0000000000
372 -280.0000000000
381 -279.0000000000
387 -278.0000000000
392 -277.0000000000
397 -276.0000000000
401 -275.0000000000
403 -274.0000000000
407 -273.0000000000
410 -272.0000000000
422 -271.0000000000
432 -270.0000000000
438 -269.0000000000
439 -268.0000000000
440 -267.0000000000
449 -266.0000000000
453 -265.0000000000
456 -264.0000000000
457 -262.0000000000
465 -261.0000000000
476 -260.0000000000
480 -259.0000000000
493 -257.0000000000
494 -256.0000000000
501 -255.0000000000
503 -254.0000000000
504 -253.0000000000
513 -252.0000000000
522 -251.0000000000
525 -250.0000000000
536 -249.0000000000
542 -248.0000000000
546 -247.0000000000
547 -245.0000000000
551 -244.0000000000
555 -242.0000000000
576 -241.0000000000
579 -239.0000000000
590 -236.0000000000
591 -235.0000000000
593 -234.0000000000
595 -233.0000000000
604 -232.0000000000
607 -231.0000000000
615 -230.0000000000
618 -229.0000000000
646 -228.0000000000
648 -227.0000000000
654 -226.0000000000
656 -224.0000000000
657 -223.0000000000
666 -222.0000000000
669 -221.0000000000
673 -220.0000000000
676 -219.0000000000
677 -218.0000000000
687 -217.0000000000
700 -216.0000000000
705 -215.0000000000
708 -214.0000000000
713 -213.0000000000
715 -211.0000000000
716 -210.0000000000
719 -209.0000000000
720 -207.0000000000
721 -206.0000000000
723 -205.0000000000
724 -204.0000000000
728 -203.0000000000
730 -202.0000000000
733 -201.0000000000
741 -200.0000000000
760 -199.0000000000
762 -198.0000000000
773 -196.0000000000
781 -195.0000000000
785 -194.0000000000
790 -193.0000000000
792 -192.0000000000
798 -191.0000000000
800 -190.0000000000
802 -189.0000000000
806 -188.0000000000
816 -187.0000000000
818 -186.0000000000
840 -185.0000000000
852 -184.0000000000
853 -183.0000000000
854 -182.0000000000
860 -181.0000000000
896 -180.0000000000
901 -178.0000000000
903 -177.0000000000
915 -176.0000000000
923 -175.0000000000
936 -174.0000000000
944 -173.0000000000
946 -172.0000000000
948 -171.0000000000
956 -170.0000000000
968 -169.0000000000
975 -168.0000000000
982 -167.0000000000
995 -166.0000000000
997 -165.0000000000
1005 -164.0000000000
1006 -163.0000000000
1018 -162.0000000000
1028 -161.0000000000
1036 -160.0000000000
1042 -159.0000000000
1043 -158.0000000000
1048 -157.0000000000
1070 -156.0000000000
1072 -155.0000000000
1075 -153.0000000000
1091 -152.0000000000
1102 -151.0000000000
1127 -150.0000000000
1133 -149.0000000000
1153 -148.0000000000
1155 -147.0000000000
1165 -146.0000000000
1166 -145.0000000000
1197 -144.0000000000
1200 -143.0000000000
1215 -142.0000000000
1235 -141.0000000000
1243 -139.0000000000
1244 -138.0000000000
1267 -137.0000000000
1292 -136.0000000000
1316 -135.0000000000
1319 -134.0000000000
1326 -133.0000000000
1332 -132.0000000000
1333 -131.0000000000
1336 -130.0000000000
1341 -129.0000000000
1390 -128.0000000000
1402 -126.0000000000
1416 -124.0000000000
1433 -123.0000000000
1436 -122.0000000000
1451 -121.0000000000
1453 -120.0000000000
1473 -119.0000000000
1474 -118.0000000000
1491 -116.0000000000
1493 -115.0000000000
1515 -114.0000000000
1521 -113.0000000000
1522 -112.0000000000
1626 -111.0000000000
1638 -110.0000000000
1641 -109.0000000000
1654 -107.0000000000
1656 -106.0000000000
1665 -105.0000000000
1678 -104.0000000000
1689 -103.0000000000
1719 -102.0000000000
1747 -101.0000000000
1761 -100.0000000000
1773 -99.0000000000
1825 -98.0000000000
1842 -96.0000000000
1868 -95.0000000000
1873 -94.0000000000
1874 -93.0000000000
1876 -92.0000000000
2011 -90.0000000000
2017 -89.0000000000
2029 -88.0000000000
2100 -87.0000000000
2106 -86.0000000000
2117 -85.0000000000
2119 -83.0000000000
2141 -82.0000000000
2152 -81.0000000000
2164 -80.0000000000
2209 -79.0000000000
2232 -78.0000000000
2234 -77.0000000000
2235 -76.0000000000
2245 -75.0000000000
2257 -74.0000000000
2272 -73.0000000000
2285 -72.0000000000
2290 -71.0000000000
2323 -70.0000000000
2375 -69.0000000000
2386 -68.0000000000
2393 -66.0000000000
2398 -65.0000000000
2443 -64.0000000000
2446 -63.0000000000
2452 -62.0000000000
2462 -61.0000000000
2558 -60.0000000000
2567 -59.0000000000
2590 -58.0000000000
2611 -57.0000000000
2688 -56.0000000000
2694 -55.0000000000
2714 -54.0000000000
2722 -53.0000000000
2736 -52.0000000000
2756 -51.0000000000
2763 -50.0000000000
2797 -49.0000000000
2914 -48.0000000000
2927 -47.0000000000
2929 -46.0000000000
3017 -45.0000000000
3116 -44.0000000000
3151 -43.0000000000
3192 -42.0000000000
3226 -41.0000000000
3267 -40.0000000000
3308 -39.0000000000
3356 -38.0000000000
3360 -37.0000000000
3387 -36.0000000000
3431 -35.0000000000
3488 -34.0000000000
3506 -33.0000000000
3576 -32.0000000000
3613 -31.0000000000
3627 -30.0000000000
3713 -29.0000000000
3809 -28.0000000000
3830 -27.0000000000
3910 -26.0000000000
3937 -25.0000000000
4041 -24.0000000000
4111 -23.0000000000
4175 -22.0000000000
4226 -21.0000000000
4285 -20.0000000000
4355 -19.0000000000
4367 -18.0000000000
4533 -17.0000000000
4579 -16.0000000000
4696 -15.0000000000
4861 -14.0000000000
4931 -13.0000000000
4961 -12.0000000000
4966 -11.0000000000
5199 -10.0000000000
5305 -9.0000000000
5325 -8.0000000000
5384 -7.0000000000
5400 -6.0000000000
5548 -5.0000000000
5876 -4.0000000000
5969 -3.0000000000
6137 -2.0000000000
6185 -1.0000000000
6260 606.0000000000
6884 607.0000000000
7096 617.0000000000
9021 620.0000000000
9322 625.0000000000
9719 630.0000000000
10205 638.0000000000
10256 640.0000000000
11171 650.0000000000
12475 651.0000000000
13302 655.0000000000
13488 658.0000000000
13529 670.0000000000
19224 671.0000000000
21239 673.0000000000
25957 677.0000000000
27899 684.0000000000
32582 688.0000000000
43762 689.0000000000
48125 694.0000000000
64408 697.0000000000
100000 -1.0000000000
evaluations raw_y
1 -374.0000000000
2 -372.0000000000
3 -371.0000000000
9 -370.0000000000
14 -369.0000000000
16 -368.0000000000
17 -366.0000000000
19 -365.0000000000
25 -364.0000000000
26 -363.0000000000
29 -362.0000000000
30 -361.0000000000
33 -360.0000000000
35 -359.0000000000
39 -358.0000000000
44 -357.0000000000
45 -356.0000000000
55 -355.0000000000
71 -354.0000000000
72 -353.0000000000
73 -352.0000000000
75 -350.0000000000
82 -349.0000000000
94 -348.0000000000
101 -347.0000000000
108 -345.0000000000
110 -344.0000000000
111 -343.0000000000
112 -341.0000000000
124 -340.0000000000
126 -339.0000000000
133 -338.0000000000
135 -337.0000000000
136 -335.0000000000
142 -334.0000000000
143 -331.0000000000
149 -330.0000000000
152 -329.0000000000
156 -328.0000000000
157 -327.0000000000
161 -326.0000000000
166 -325.0000000000
168 -324.0000000000
173 -323.0000000000
174 -322.0000000000
177 -321.0000000000
185 -320.0000000000
191 -319.0000000000
193 -318.0000000000
196 -316.0000000000
200 -315.0000000000
201 -314.0000000000
216 -313.0000000000
221 -311.0000000000
227 -310.0000000000
228 -309.0000000000
230 -308.0000000000
242 -307.0000000000
249 -306.0000000000
264 -305.0000000000
266 -304.0000000000
277 -303.0000000000
278 -302.0000000000
280 -301.0000000000
290 -299.0000000000
301 -298.0000000000
303 -297.0000000000
308 -295.0000000000
312 -294.0000000000
315 -293.0000000000
320 -292.0000000000
322 -291.0000000000
323 -289.0000000000
324 -287.0000000000
326 -286.0000000000
330 -285.0000000000
342 -284.0000000000
349 -283.0000000000
365 -281.0000000000
369 -280.0000000000
386 -279.0000000000
390 -278.0000000000
394 -276.0000000000
396 -275.0000000000
405 -274.0000000000
406 -273.0000000000
412 -272.0000000000
416 -271.0000000000
419 -270.0000000000
427 -269.0000000000
430 -268.0000000000
436 -267.0000000000
444 -266.0000000000
449 -264.0000000000
459 -263.0000000000
460 -261.0000000000
463 -260.0000000000
466 -259.0000000000
467 -258.0000000000
475 -257.0000000000
479 -256.0000000000
486 -255.0000000000
491 -253.0000000000
494 -252.0000000000
499 -251.0000000000
502 -250.0000000000
515 -249.0000000000
521 -248.0000000000
522 -247.0000000000
528 -246.0000000000
545 -245.0000000000
546 -244.0000000000
558 -243.0000000000
567 -242.0000000000
579 -241.0000000000
580 -240.0000000000
588 -239.0000000000
593 -237.0000000000
594 -236.0000000000
596 -235.0000000000
601 -234.0000000000
609 -233.0000000000
610 -232.0000000000
615 -231.0000000000
619 -230.0000000000
623 -229.0000000000
635 -228.0000000000
638 -227.0000000000
647 -226.0000000000
648 -225.0000000000
656 -224.0000000000
672 -223.0000000000
680 -222.0000000000
685 -220.0000000000
697 -219.0000000000
698 -218.0000000000
703 -216.0000000000
707 -215.0000000000
715 -214.0000000000
726 -213.0000000000
729 -212.0000000000
742 -211.0000000000
755 -210.0000000000
759 -209.0000000000
765 -208.0000000000
769 -207.0000000000
774 -206.0000000000
784 -205.0000000000
794 -203.0000000000
805 -201.0000000000
835 -199.0000000000
842 -198.0000000000
854 -197.0000000000
862 -196.0000000000
877 -195.0000000000
880 -194.0000000000
912 -193.0000000000
914 -192.0000000000
918 -191.0000000000
926 -190.0000000000
929 -189.0000000000
935 -188.0000000000
944 -186.0000000000
950 -185.0000000000
953 -184.0000000000
954 -183.0000000000
965 -182.0000000000
970 -181.0000000000
977 -180.0000000000
980 -179.0000000000
987 -178.0000000000
988 -177.0000000000
1000 -176.0000000000
1010 -175.0000000000
1019 -173.0000000000
1028 -172.0000000000
1036 -171.0000000000
1043 -170.0000000000
1049 -169.0000000000
1054 -168.0000000000
1073 -167.0000000000
1097 -166.0000000000
1098 -165.0000000000
1134 -164.0000000000
1160 -163.0000000000
1171 -162.0000000000
1174 -161.0000000000
1182 -160.0000000000
1188 -159.0000000000
1206 -158.0000000000
1213 -157.0000000000
1240 -156.0000000000
1265 -155.0000000000
1268 -154.0000000000
1283 -153.0000000000
1300 -152.0000000000
1304 -151.0000000000
1311 -150.0000000000
1312 -149.0000000000
1356 -148.0000000000
1357 -147.0000000000
1358 -146.0000000000
1391 -145.0000000000
1392 -144.0000000000
1402 -143.0000000000
1432 -142.0000000000
1448 -141.0000000000
1449 -140.0000000000
1453 -139.0000000000
1461 -138.0000000000
1476 -137.0000000000
1483 -136.0000000000
1488 -135.0000000000
1494 -134.0000000000
1519 -133.0000000000
1531 -131.0000000000
1538 -130.0000000000
1540 -129.0000000000
1543 -128.0000000000
1556 -127.0000000000
1564 -126.0000000000
1568 -125.0000000000
1579 -124.0000000000
1618 -123.0000000000
1655 -122.0000000000
1661 -121.0000000000
1687 -120.0000000000
1694 -119.0000000000
1707 -118.0000000000
1708 -117.0000000000
1723 -116.0000000000
1733 -115.0000000000
1737 -114.0000000000
1739 -113.0000000000
1742 -112.0000000000
1762 -111.0000000000
1766 -110.0000000000
1780 -108.0000000000
1808 -107.0000000000
1842 -106.0000000000
1852 -105.0000000000
1867 -104.0000000000
1962 -103.0000000000
1966 -102.0000000000
1970 -101.0000000000
1993 -100.0000000000
2011 -99.0000000000
2018 -98.0000000000
2027 -97.0000000000
2029 -96.0000000000
2057 -95.0000000000
2058 -94.0000000000
2113 -93.0000000000
2139 -92.0000000000
2159 -91.0000000000
2167 -90.0000000000
2189 -89.0000000000
2195 -88.0000000000
2228 -86.0000000000
2240 -85.0000000000
2253 -83.0000000000
2294 -82.0000000000
2299 -81.0000000000
2317 -80.0000000000
2327 -79.0000000000
2333 -78.0000000000
2338 -76.0000000000
2362 -75.0000000000
2416 -74.0000000000
2420 -73.0000000000
2421 -72.0000000000
2427 -71.0000000000
2462 -70.0000000000
2538 -69.0000000000
2553 -68.0000000000
2568 -67.0000000000
2574 -66.0000000000
2617 -65.0000000000
2692 -64.0000000000
2704 -63.0000000000
2711 -62.0000000000
2730 -61.0000000000
2741 -60.0000000000
2749 -59.0000000000
2853 -58.0000000000
2930 -57.0000000000
2931 -56.0000000000
2933 -55.0000000000
2963 -54.0000000000
2987 -53.0000000000
3026 -52.0000000000
3046 -51.0000000000
3066 -50.0000000000
3073 -49.0000000000
3091 -48.0000000000
3110 -47.0000000000
3137 -45.0000000000
3198 -44.0000000000
3203 -43.0000000000
3208 -42.0000000000
3216 -41.0000000000
3232 -40.0000000000
3258 -39.0000000000
3274 -38.0000000000
3286 -37.0000000000
3301 -36.0000000000
3349 -35.0000000000
3386 -34.0000000000
3442 -33.0000000000
3466 -32.0000000000
3603 -31.0000000000
3627 -30.0000000000
3681 -29.0000000000
3810 -28.0000000000
3816 -27.0000000000
3828 -26.0000000000
3860 -25.0000000000
3927 -24.0000000000
4091 -23.0000000000
4165 -22.0000000000
4408 -21.0000000000
4479 -20.0000000000
4524 -19.0000000000
4824 -18.0000000000
4868 -17.0000000000
4881 -16.0000000000
4899 -15.0000000000
4973 -14.0000000000
5012 -13.0000000000
5029 -12.0000000000
5086 -11.0000000000
5109 -10.0000000000
5160 -9.0000000000
5166 -8.0000000000
5395 -7.0000000000
5492 -6.0000000000
5495 -5.0000000000
5626 -4.0000000000
5869 -3.0000000000
6152 -2.0000000000
6453 -1.0000000000
7309 622.0000000000
8351 629.0000000000
8627 634.0000000000
10609 647.0000000000
10845 656.0000000000
17518 661.0000000000
18715 662.0000000000
19232 664.0000000000
31356 667.0000000000
54665 668.0000000000
55610 670.0000000000
58544 672.0000000000
61561 675.0000000000
62158 679.0000000000
63238 680.0000000000
67952 684.0000000000
68157 685.0000000000
79973 692.0000000000
83326 698.0000000000
100000 -3.0000000000
evaluations raw_y
1 -358.0000000000
3 -356.0000000000
9 -354.0000000000
11 -352.0000000000
12 -351.0000000000
21 -349.0000000000
22 -348.0000000000
25 -347.0000000000
27 -346.0000000000
31 -345.0000000000
34 -344.0000000000
37 -343.0000000000
42 -342.0000000000
49 -340.0000000000
54 -338.0000000000
55 -337.0000000000
60 -336.0000000000
61 -335.0000000000
62 -333.0000000000
65 -332.0000000000
69 -331.0000000000
70 -330.0000000000
71 -327.0000000000
75 -325.0000000000
84 -324.0000000000
99 -322.0000000000
107 -320.0000000000
108 -319.0000000000
109 -317.0000000000
112 -316.0000000000
113 -315.0000000000
115 -313.0000000000
119 -312.0000000000
120 -311.0000000000
121 -310.0000000000
124 -309.0000000000
126 -308.0000000000
138 -307.0000000000
146 -306.0000000000
156 -305.0000000000
161 -304.0000000000
162 -302.0000000000
163 -301.0000000000
168 -300.0000000000
172 -299.0000000000
175 -298.0000000000
178 -297.0000000000
183 -296.0000000000
186 -295.0000000000
189 -294.0000000000
190 -293.0000000000
192 -292.0000000000
194 -291.0000000000
196 -290.0000000000
197 -289.0000000000
206 -288.0000000000
209 -287.0000000000
216 -286.0000000000
227 -285.0000000000
231 -284.0000000000
235 -283.0000000000
239 -282.0000000000
240 -281.0000000000
268 -280.0000000000
273 -278.0000000000
276 -277.0000000000
291 -276.0000000000
292 -275.0000000000
294 -274.0000000000
301 -273.0000000000
302 -272.0000000000
307 -271.0000000000
313 -268.0000000000
316 -267.0000000000
318 -266.0000000000
321 -265.0000000000
327 -264.0000000000
329 -263.0000000000
336 -261.0000000000
344 -260.0000000000
352 -259.0000000000
363 -258.0000000000
376 -257.0000000000
380 -256.0000000000
381 -255.0000000000
387 -254.0000000000
398 -253.0000000000
404 -252.0000000000
406 -251.0000000000
410 -250.0000000000
412 -249.0000000000
431 -247.0000000000
458 -246.0000000000
459 -245.0000000000
470 -244.0000000000
476 -243.0000000000
497 -242.0000000000
499 -241.0000000000
502 -240.0000000000
504 -239.0000000000
515 -238.0000000000
526 -237.0000000000
528 -236.0000000000
529 -235.0000000000
533 -234.0000000000
536 -233.0000000000
538 -232.0000000000
545 -231.0000000000
549 -230.0000000000
552 -229.0000000000
556 -227.0000000000
564 -225.0000000000
566 -224.0000000000
569 -223.0000000000
575 -222.0000000000
593 -221.0000000000
596 -220.0000000000
609 -219.0000000000
610 -218.0000000000
615 -217.0000000000
616 -216.0000000000
617 -215.0000000000
625 -214.0000000000
627 -213.0000000000
635 -212.0000000000
640 -211.0000000000
654 -210.0000000000
679 -209.0000000000
680 -208.0000000000
683 -207.0000000000
716 -206.0000000000
721 -205.0000000000
722 -203.0000000000
728 -202.0000000000
730 -201.0000000000
732 -200.0000000000
747 -199.0000000000
755 -198.0000000000
757 -197.0000000000
761 -196.0000000000
768 -195.0000000000
783 -194.0000000000
793 -192.0000000000
796 -190.0000000000
802 -189.0000000000
817 -188.0000000000
819 -187.0000000000
823 -186.0000000000
825 -184.0000000000
845 -183.0000000000
878 -182.0000000000
881 -181.0000000000
882 -180.0000000000
893 -179.0000000000
908 -178.0000000000
912 -177.0000000000
934 -176.0000000000
935 -174.0000000000
937 -173.0000000000
945 -172.0000000000
955 -170.0000000000
969 -169.0000000000
971 -168.0000000000
980 -167.0000000000
986 -166.0000000000
990 -165.0000000000
992 -164.0000000000
1017 -162.0000000000
1033 -161.0000000000
1044 -160.0000000000
1050 -159.0000000000
1053 -158.0000000000
1058 -157.0000000000
1059 -156.0000000000
1070 -155.0000000000
1086 -154.0000000000
1099 -153.0000000000
1107 -152.0000000000
1114 -151.0000000000
1115 -150.0000000000
1127 -149.0000000000
1133 -148.0000000000
1135 -147.0000000000
1136 -146.0000000000
1139 -145.0000000000
1148 -144.0000000000
1173 -143.0000000000
1205 -141.0000000000
1206 -140.0000000000
1210 -139.0000000000
1216 -138.0000000000
1231 -137.0000000000
1235 -136.0000000000
1237 -134.0000000000
1243 -133.0000000000
1251 -132.0000000000
1277 -131.0000000000
1278 -130.0000000000
1298 -129.0000000000
1303 -128.0000000000
1310 -127.0000000000
1349 -126.0000000000
1358 -125.0000000000
1366 -124.0000000000
1372 -122.0000000000
1413 -121.0000000000
1426 -120.0000000000
1428 -119.0000000000
1434 -118.0000000000
1438 -117.0000000000
1492 -116.0000000000
1494 -113.0000000000
1497 -112.0000000000
1510 -111.0000000000
1511 -110.0000000000
1518 -109.0000000000
1520 -108.0000000000
1524 -107.0000000000
1543 -106.0000000000
1567 -105.0000000000
1574 -104.0000000000
1579 -103.0000000000
1596 -102.0000000000
1620 -101.0000000000
1630 -100.0000000000
1635 -99.0000000000
1637 -98.0000000000
1651 -97.0000000000
1673 -96.0000000000
1678 -95.0000000000
1717 -94.0000000000
1723 -93.0000000000
1738 -92.0000000000
1741 -91.0000000000
1748 -90.0000000000
1781 -89.0000000000
1807 -88.0000000000
1813 -87.0000000000
1826 -85.0000000000
1832 -84.0000000000
1848 -83.0000000000
1853 -81.0000000000
1865 -80.0000000000
1867 -79.0000000000
1914 -78.0000000000
1957 -76.0000000000
1985 -75.0000000000
2001 -74.0000000000
2011 -73.0000000000
2028 -72.0000000000
2040 -71.0000000000
2080 -70.0000000000
2108 -69.0000000000
2115 -68.0000000000
2140 -67.0000000000
2152 -66.0000000000
2174 -65.0000000000
2192 -64.0000000000
2207 -63.0000000000
2211 -62.0000000000
2292 -61.0000000000
2331 -60.0000000000
2385 -59.0000000000
2398 -58.0000000000
2408 -57.0000000000
2412 -56.0000000000
2477 -55.0000000000
2492 -54.0000000000
2539 -53.0000000000
2540 -52.0000000000
2579 -51.0000000000
2612 -50.0000000000
2694 -49.0000000000
2828 -48.0000000000
2849 -47.0000000000
2876 -46.0000000000
2918 -45.0000000000
2927 -44.0000000000
2942 -43.0000000000
3002 -42.0000000000
3015 -41.0000000000
3102 -40.0000000000
3128 -39.0000000000
3140 -38.0000000000
3257 -37.0000000000
3259 -36.0000000000
3299 -35.0000000000
3302 -34.0000000000
3307 -33.0000000000
3334 -32.0000000000
3507 -31.0000000000
3513 -30.0000000000
3514 -29.0000000000
3551 -28.0000000000
3556 -27.0000000000
3578 -26.0000000000
3601 -25.0000000000
3606 -24.0000000000
3612 -23.0000000000
3651 -22.0000000000
3705 -21.0000000000
3911 -20.0000000000
3946 -19.0000000000
3998 -18.0000000000
4025 -17.0000000000
4113 -15.0000000000
4125 -14.0000000000
4137 -13.0000000000
4276 -12.0000000000
4652 -11.0000000000
4738 -10.0000000000
4823 -9.0000000000
4913 -8.0000000000
4933 -7.0000000000
5481 -6.0000000000
5571 -5.0000000000
6014 -4.0000000000
6126 -3.0000000000
6177 -2.0000000000
6182 -1.0000000000
6276 633.0000000000
7329 637.0000000000
8162 639.0000000000
8918 643.0000000000
9084 651.0000000000
10690 653.0000000000
10870 657.0000000000
13163 660.0000000000
14699 671.0000000000
17792 684.0000000000
36415 686.0000000000
59871 690.0000000000
100000 -2.0000000000
evaluations raw_y
1 -405.0000000000
2 -403.0000000000
4 -402.0000000000
7 -401.0000000000
8 -399.0000000000
12 -398.0000000000
13 -397.0000000000
17 -396.0000000000
27 -394.0000000000
37 -393.0000000000
38 -392.0000000000
39 -391.0000000000
43 -390.0000000000
44 -389.0000000000
49 -388.0000000000
52 -387.0000000000
53 -386.0000000000
56 -384.0000000000
59 -383.0000000000
60 -380.0000000000
65 -379.0000000000
66 -378.0000000000
67 -377.0000000000
68 -375.0000000000
71 -374.0000000000
72 -371.0000000000
73 -369.0000000000
75 -368.0000000000
77 -366.0000000000
79 -363.0000000000
81 -360.0000000000
82 -359.0000000000
83 -358.0000000000
86 -357.0000000000
90 -354.0000000000
91 -353.0000000000
92 -352.0000000000
101 -351.0000000000
103 -350.0000000000
107 -349.0000000000
110 -348.0000000000
111 -347.0000000000
124 -346.0000000000
126 -345.0000000000
131 -344.0000000000
133 -343.0000000000
140 -342.0000000000
141 -341.0000000000
142 -340.0000000000
145 -339.0000000000
148 -338.0000000000
151 -337.0000000000
155 -336.0000000000
159 -335.0000000000
161 -333.0000000000
165 -331.0000000000
171 -330.0000000000
172 -329.0000000000
178 -326.0000000000
181 -325.0000000000
182 -324.0000000000
185 -322.0000000000
188 -321.0000000000
190 -320.0000000000
191 -319.0000000000
196 -318.0000000000
197 -316.0000000000
200 -315.0000000000
201 -313.0000000000
204 -312.0000000000
207 -311.0000000000
208 -310.0000000000
209 -309.0000000000
216 -308.0000000000
217 -306.0000000000
219 -305.0000000000
220 -304.0000000000
225 -303.0000000000
226 -301.0000000000
229 -299.0000000000
235 -298.0000000000
241 -297.0000000000
246 -296.0000000000
255 -295.0000000000
269 -294.0000000000
277 -293.0000000000
290 -292.0000000000
292 -291.0000000000
293 -290.0000000000
300 -289.0000000000
303 -286.0000000000
308 -285.0000000000
311 -284.0000000000
316 -283.0000000000
317 -282.0000000000
321 -281.0000000000
329 -280.0000000000
348 -279.0000000000
354 -278.0000000000
357 -277.0000000000
358 -276.0000000000
359 -274.0000000000
362 -273.0000000000
366 -272.0000000000
376 -271.0000000000
381 -269.0000000000
385 -268.0000000000
390 -267.0000000000
392 -266.0000000000
416 -265.0000000000
425 -264.0000000000
431 -262.0000000000
433 -261.0000000000
434 -258.0000000000
436 -256.0000000000
456 -255.0000000000
465 -254.0000000000
478 -253.0000000000
484 -252.0000000000
488 -251.0000000000
490 -250.0000000000
499 -248.0000000000
500 -247.0000000000
505 -246.0000000000
509 -245.0000000000
510 -244.0000000000
515 -243.0000000000
524 -242.0000000000
530 -241.0000000000
532 -240.0000000000
542 -239.0000000000
552 -238.0000000000
558 -237.0000000000
567 -236.0000000000
572 -235.0000000000
575 -233.0000000000
576 -232.0000000000
581 -231.0000000000
584 -230.0000000000
589 -229.0000000000
596 -228.0000000000
600 -227.0000000000
616 -226.0000000000
622 -225.0000000000
623 -224.0000000000
627 -223.0000000000
637 -222.0000000000
648 -221.0000000000
662 -220.0000000000
670 -219.0000000000
676 -218.0000000000
681 -217.0000000000
682 -216.0000000000
686 -215.0000000000
690 -214.0000000000
697 -212.0000000000
701 -211.0000000000
716 -210.0000000000
717 -209.0000000000
728 -208.0000000000
732 -206.0000000000
752 -205.0000000000
763 -204.0000000000
771 -203.0000000000
774 -202.0000000000
788 -200.0000000000
789 -199.0000000000
820 -198.0000000000
830 -197.0000000000
832 -196.0000000000
833 -194.0000000000
837 -193.0000000000
843 -192.0000000000
852 -189.0000000000
859 -188.0000000000
860 -187.0000000000
861 -186.0000000000
862 -185.0000000000
876 -183.0000000000
885 -182.0000000000
893 -181.0000000000
900 -180.0000000000
907 -179.0000000000
912 -178.0000000000
919 -177.0000000000
936 -176.0000000000
941 -175.0000000000
944 -174.0000000000
960 -173.0000000000
991 -172.0000000000
1003 -171.0000000000
1006 -170.0000000000
1012 -169.0000000000
1020 -168.0000000000
1029 -166.0000000000
1031 -164.0000000000
1032 -163.0000000000
1035 -162.0000000000
1046 -161.0000000000
1056 -160.0000000000
1064 -159.0000000000
1081 -158.0000000000
1085 -157.0000000000
1093 -156.0000000000
1106 -155.0000000000
1118 -154.0000000000
1144 -153.0000000000
1150 -152.0000000000
1157 -151.0000000000
1167 -149.0000000000
1170 -148.0000000000
1196 -147.0000000000
1217 -146.0000000000
1226 -145.0000000000
1238 -144.0000000000
1242 -143.0000000000
1268 -142.0000000000
1313 -141.0000000000
1319 -140.0000000000
1330 -139.0000000000
1333 -138.0000000000
1338 -137.0000000000
1339 -136.0000000000
1346 -135.0000000000
1347 -134.0000000000
1358 -133.0000000000
1360 -132.0000000000
1368 -131.0000000000
1381 -130.0000000000
1389 -129.0000000000
1394 -128.0000000000
1398 -127.0000000000
1399 -126.0000000000
1406 -125.0000000000
1421 -124.0000000000
1422 -123.0000000000
1426 -122.0000000000
1527 -121.0000000000
1543 -120.0000000000
1571 -119.0000000000
1574 -118.0000000000
1577 -117.0000000000
1580 -116.0000000000
1581 -115.0000000000
1589 -114.0000000000
1597 -113.0000000000
1603 -112.0000000000
1605 -111.0000000000
1610 -110.0000000000
1618 -109.0000000000
1652 -108.0000000000
1680 -107.0000000000
1698 -106.0000000000
1706 -105.0000000000
1712 -103.0000000000
1713 -102.0000000000
1723 -100.0000000000
1732 -98.0000000000
1748 -97.0000000000
1763 -96.0000000000
1809 -95.0000000000
1822 -94.0000000000
1824 -93.0000000000
1828 -92.0000000000
1829 -91.0000000000
1895 -90.0000000000
1946 -89.0000000000
1950 -88.0000000000
1972 -87.0000000000
1976 -86.0000000000
2006 -85.0000000000
2015 -84.0000000000
2032 -83.0000000000
2055 -82.0000000000
2068 -81.0000000000
2115 -80.0000000000
2117 -79.0000000000
2127 -78.0000000000
2129 -76.0000000000
2161 -75.0000000000
2175 -73.0000000000
2198 -72.0000000000
2227 -71.0000000000
2256 -70.0000000000
2295 -69.0000000000
2302 -68.0000000000
2304 -67.0000000000
2321 -66.0000000000
2328 -65.0000000000
2351 -64.0000000000
2357 -63.0000000000
2429 -62.0000000000
2441 -61.0000000000
2450 -60.0000000000
2470 -59.0000000000
2474 -58.0000000000
2476 -57.0000000000
2490 -56.0000000000
2511 -55.0000000000
2512 -54.0000000000
2562 -53.0000000000
2563 -51.0000000000
2574 -50.0000000000
2654 -49.0000000000
2699 -48.0000000000
2733 -47.0000000000
2734 -46.0000000000
2753 -45.0000000000
2792 -44.0000000000
2817 -43.0000000000
2881 -42.0000000000
2960 -41.0000000000
3001 -40.0000000000
3118 -39.0000000000
3139 -38.0000000000
3158 -37.0000000000
3159 -36.0000000000
3236 -35.0000000000
3256 -34.0000000000
3280 -33.0000000000
3284 -32.0000000000
3322 -31.0000000000
3335 -30.0000000000
3363 -29.0000000000
3364 -28.0000000000
3421 -27.0000000000
3447 -26.0000000000
3633 -25.0000000000
3776 -24.0000000000
3824 -23.0000000000
3903 -22.0000000000
3907 -21.0000000000
3914 -20.0000000000
3949 -19.0000000000
3995 -18.0000000000
4034 -17.0000000000
4135 -16.0000000000
4214 -15.0000000000
4430 -14.0000000000
4727 -13.0000000000
5145 -12.0000000000
5285 -11.0000000000
5294 -10.0000000000
5333 -9.0000000000
5470 -8.0000000000
5953 -7.0000000000
6001 -6.0000000000
6267 -5.0000000000
6389 -4.0000000000
6490 -3.0000000000
6550 -2.0000000000
6579 -1.0000000000
6620 612.0000000000
8874 621.0000000000
9698 629.0000000000
13311 642.0000000000
15663 648.0000000000
19126 650.0000000000
20020 656.0000000000
21033 657.0000000000
22634 660.0000000000
23572 664.0000000000
25855 665.0000000000
26704 670.0000000000
31959 671.0000000000
33595 678.0000000000
42468 679.0000000000
44947 681.0000000000
46881 683.0000000000
47555 688.0000000000
70148 694.0000000000
86551 695.0000000000
86739 700.0000000000
100000 -1.0000000000
evaluations raw_y
1 -369.0000000000
4 -368.0000000000
11 -367.0000000000
14 -366.0000000000
17 -364.0000000000
35 -363.0000000000
40 -362.0000000000
41 -361.0000000000
42 -360.0000000000
43 -359.0000000000
46 -358.0000000000
60 -357.0000000000
65 -355.0000000000
66 -354.0000000000
67 -353.0000000000
69 -351.0000000000
73 -350.0000000000
74 -349.0000000000
77 -348.0000000000
79 -347.0000000000
80 -346.0000000000
86 -345.0000000000
91 -344.0000000000
94 -343.0000000000
98 -342.0000000000
99 -341.0000000000
107 -340.0000000000
108 -339.0000000000
110 -338.0000000000
115 -336.0000000000
116 -333.0000000000
120 -332.0000000000
128 -331.0000000000
135 -330.0000000000
150 -328.0000000000
151 -327.0000000000
157 -326.0000000000
167 -325.0000000000
169 -324.0000000000
176 -322.0000000000
182 -320.0000000000
190 -319.0000000000
208 -318.0000000000
209 -316.0000000000
210 -314.0000000000
224 -313.0000000000
226 -312.0000000000
229 -311.0000000000
233 -308.0000000000
235 -307.0000000000
236 -305.0000000000
237 -304.0000000000
239 -303.0000000000
240 -302.0000000000
242 -299.0000000000
246 -298.0000000000
250 -296.0000000000
253 -295.0000000000
262 -294.0000000000
267 -293.0000000000
268 -291.0000000000
273 -290.0000000000
279 -289.0000000000
282 -288.0000000000
283 -287.0000000000
284 -286.0000000000
288 -285.0000000000
289 -284.0000000000
292 -283.0000000000
293 -281.0000000000
299 -280.0000000000
301 -279.0000000000
304 -278.0000000000
308 -277.0000000000
311 -276.0000000000
322 -275.0000000000
325 -274.0000000000
326 -273.0000000000
328 -272.0000000000
334 -271.0000000000
346 -270.0000000000
347 -269.0000000000
348 -268.0000000000
358 -267.0000000000
360 -266.0000000000
362 -265.0000000000
366 -264.0000000000
368 -263.0000000000
369 -262.0000000000
370 -261.0000000000
371 -260.0000000000
372 -259.0000000000
373 -258.0000000000
376 -257.0000000000
377 -256.0000000000
392 -255.0000000000
393 -254.0000000000
398 -252.0000000000
399 -251.0000000000
402 -250.0000000000
404 -248.0000000000
411 -247.0000000000
418 -246.0000000000
423 -245.0000000000
433 -244.0000000000
447 -243.0000000000
458 -242.0000000000
460 -241.0000000000
470 -240.0000000000
475 -238.0000000000
480 -237.0000000000
482 -236.0000000000
486 -235.0000000000
489 -234.0000000000
500 -233.0000000000
504 -232.0000000000
513 -231.0000000000
520 -230.0000000000
527 -228.0000000000
534 -227.0000000000
542 -226.0000000000
553 -225.0000000000
566 -224.0000000000
572 -223.0000000000
574 -222.0000000000
581 -220.0000000000
589 -219.0000000000
597 -218.0000000000
605 -217.0000000000
608 -214.0000000000
611 -212.0000000000
612 -211.0000000000
617 -209.0000000000
622 -208.0000000000
623 -207.0000000000
628 -205.0000000000
630 -204.0000000000
644 -203.0000000000
659 -202.0000000000
665 -201.0000000000
667 -200.0000000000
672 -199.0000000000
674 -198.0000000000
676 -197.0000000000
687 -196.0000000000
696 -195.0000000000
701 -193.0000000000
718 -192.0000000000
724 -190.0000000000
733 -188.0000000000
743 -187.0000000000
745 -186.0000000000
750 -185.0000000000
756 -184.0000000000
758 -183.0000000000
759 -182.0000000000
764 -181.0000000000
767 -180.0000000000
770 -178.0000000000
774 -177.0000000000
783 -176.0000000000
784 -174.0000000000
790 -173.0000000000
791 -172.0000000000
799 -171.0000000000
800 -170.0000000000
802 -169.0000000000
808 -168.0000000000
809 -167.0000000000
812 -166.0000000000
826 -165.0000000000
834 -164.0000000000
839 -163.0000000000
859 -162.0000000000
869 -161.0000000000
877 -160.0000000000
901 -159.0000000000
909 -158.0000000000
942 -157.0000000000
946 -155.0000000000
960 -154.0000000000
963 -153.0000000000
964 -152.0000000000
996 -151.0000000000
1011 -150.0000000000
1024 -149.0000000000
1030 -148.0000000000
1035 -147.0000000000
1041 -146.0000000000
1042 -144.0000000000
1045 -143.0000000000
1049 -141.0000000000
1076 -140.0000000000
1084 -139.0000000000
1127 -138.0000000000
1128 -137.0000000000
1133 -136.0000000000
1140 -134.0000000000
1141 -133.0000000000
1142 -131.0000000000
1173 -130.0000000000
1179 -129.0000000000
1198 -128.0000000000
1204 -127.0000000000
1206 -126.0000000000
1232 -125.0000000000
1249 -124.0000000000
1252 -123.0000000000
1269 -122.0000000000
1271 -121.0000000000
1279 -120.0000000000
1280 -119.0000000000
1286 -118.0000000000
1290 -117.0000000000
1294 -116.0000000000
1312 -115.0000000000
1333 -114.0000000000
1343 -113.0000000000
1382 -112.0000000000
1383 -111.0000000000
1393 -110.0000000000
1402 -109.0000000000
1408 -108.0000000000
1410 -107.0000000000
1438 -106.0000000000
1478 -105.0000000000
1482 -104.0000000000
1491 -103.0000000000
1498 -102.0000000000
1529 -101.0000000000
1547 -100.0000000000
1548 -99.0000000000
1565 -98.0000000000
1577 -97.0000000000
1580 -96.0000000000
1607 -95.0000000000
1651 -94.0000000000
1677 -93.0000000000
1699 -92.0000000000
1754 -91.0000000000
1784 -90.0000000000
1831 -89.0000000000
1852 -88.0000000000
1861 -87.0000000000
1867 -86.0000000000
1880 -85.0000000000
1926 -84.0000000000
1958 -83.0000000000
1960 -82.0000000000
1976 -81.0000000000
2007 -80.0000000000
2065 -79.0000000000
2078 -78.0000000000
2112 -77.0000000000
2128 -76.0000000000
2132 -75.0000000000
2185 -74.0000000000
2191 -73.0000000000
2213 -72.0000000000
2226 -71.0000000000
2250 -70.0000000000
2288 -69.0000000000
2295 -68.0000000000
2309 -67.0000000000
2316 -66.0000000000
2352 -65.0000000000
2373 -63.0000000000
2404 -62.0000000000
2420 -61.0000000000
2429 -60.0000000000
2461 -59.0000000000
2467 -58.0000000000
2475 -57.0000000000
2535 -56.0000000000
2563 -55.0000000000
2566 -54.0000000000
2572 -53.0000000000
2595 -52.0000000000
2605 -51.0000000000
2633 -50.0000000000
2637 -49.0000000000
2653 -48.0000000000
2661 -47.0000000000
2664 -46.0000000000
2668 -45.0000000000
2746 -44.0000000000
2847 -43.0000000000
2879 -42.0000000000
2897 -41.0000000000
2917 -40.0000000000
2972 -39.0000000000
2995 -38.0000000000
3097 -37.0000000000
3266 -36.0000000000
3271 -35.0000000000
3285 -34.0000000000
3342 -33.0000000000
3344 -32.0000000000
3346 -31.0000000000
3349 -30.0000000000
3368 -29.0000000000
3401 -28.0000000000
3440 -27.0000000000
3450 -26.0000000000
3515 -25.0000000000
3524 -24.0000000000
3559 -23.0000000000
3580 -22.0000000000
3589 -21.0000000000
3694 -20.0000000000
3701 -19.0000000000
3713 -18.0000000000
3748 -17.0000000000
3828 -16.0000000000
3829 -15.0000000000
3857 -14.0000000000
3944 -13.0000000000
3946 -12.0000000000
4004 -11.0000000000
4360 -10.0000000000
4478 -9.0000000000
4637 -8.0000000000
4737 -7.0000000000
4789 -5.0000000000
5144 -4.0000000000
5408 -3.0000000000
5581 -2.0000000000
5904 -1.0000000000
6030 577.0000000000
6262 595.0000000000
7345 611.0000000000
8614 626.0000000000
9145 628.0000000000
9500 641.0000000000
11402 652.0000000000
13895 657.0000000000
17141 665.0000000000
17335 667.0000000000
19575 670.0000000000
19844 675.0000000000
31832 678.0000000000
41359 679.0000000000
54146 682.0000000000
69094 690.0000000000
82193 691.0000000000
100000 691.0000000000
evaluations raw_y
1 -366.0000000000
3 -365.0000000000
8 -364.0000000000
10 -363.0000000000
12 -362.0000000000
14 -360.0000000000
17 -359.0000000000
24 -358.0000000000
29 -357.0000000000
31 -356.0000000000
36 -355.0000000000
37 -353.0000000000
41 -352.0000000000
44 -351.0000000000
45 -350.0000000000
49 -349.0000000000
50 -348.0000000000
52 -347.0000000000
60 -344.0000000000
62 -343.0000000000
67 -342.0000000000
72 -341.0000000000
79 -340.0000000000
95 -339.0000000000
102 -337.0000000000
106 -336.0000000000
108 -335.0000000000
109 -334.0000000000
112 -333.0000000000
114 -332.0000000000
120 -331.0000000000
121 -329.0000000000
125 -328.0000000000
138 -327.0000000000
145 -325.0000000000
149 -324.0000000000
153 -323.0000000000
156 -322.0000000000
157 -321.0000000000
158 -320.0000000000
166 -319.0000000000
169 -318.0000000000
173 -316.0000000000
175 -315.0000000000
179 -314.0000000000
190 -312.0000000000
191 -311.0000000000
192 -310.0000000000
193 -309.0000000000
196 -307.0000000000
202 -306.0000000000
205 -305.0000000000
213 -303.0000000000
214 -301.0000000000
217 -300.0000000000
231 -299.0000000000
236 -298.0000000000
237 -297.0000000000
252 -295.0000000000
254 -293.0000000000
260 -292.0000000000
277 -291.0000000000
282 -290.0000000000
288 -289.0000000000
296 -288.0000000000
305 -287.0000000000
306 -286.0000000000
317 -285.0000000000
323 -284.0000000000
326 -283.0000000000
336 -282.0000000000
337 -281.0000000000
346 -278.0000000000
347 -276.0000000000
348 -275.0000000000
351 -274.0000000000
357 -273.0000000000
359 -271.0000000000
361 -269.0000000000
363 -268.0000000000
366 -267.0000000000
371 -266.0000000000
377 -265.0000000000
380 -264.0000000000
387 -263.0000000000
393 -261.0000000000
397 -260.0000000000
407 -259.0000000000
419 -258.0000000000
435 -257.0000000000
436 -256.0000000000
440 -253.0000000000
441 -252.0000000000
445 -251.0000000000
446 -250.0000000000
448 -249.0000000000
456 -248.0000000000
457 -247.0000000000
467 -245.0000000000
486 -244.0000000000
488 -241.0000000000
489 -240.0000000000
504 -239.0000000000
506 -238.0000000000
509 -237.0000000000
510 -236.0000000000
519 -234.0000000000
531 -233.0000000000
534 -232.0000000000
543 -231.0000000000
544 -230.0000000000
549 -229.0000000000
551 -228.0000000000
556 -227.0000000000
565 -226.0000000000
571 -223.0000000000
574 -222.0000000000
578 -221.0000000000
588 -220.0000000000
592 -219.0000000000
610 -218.0000000000
613 -217.0000000000
620 -215.0000000000
623 -214.0000000000
626 -213.0000000000
632 -212.0000000000
640 -211.0000000000
642 -210.0000000000
644 -209.0000000000
651 -208.0000000000
652 -207.0000000000
661 -206.0000000000
663 -205.0000000000
686 -203.0000000000
694 -202.0000000000
702 -201.0000000000
708 -200.0000000000
716 -199.0000000000
719 -198.0000000000
726 -197.0000000000
742 -196.0000000000
749 -195.0000000000
764 -194.0000000000
770 -193.0000000000
781 -192.0000000000
823 -191.0000000000
825 -189.0000000000
840 -188.0000000000
844 -187.0000000000
846 -186.0000000000
850 -185.0000000000
864 -183.0000000000
882 -182.0000000000
886 -181.0000000000
887 -180.0000000000
888 -179.0000000000
921 -178.0000000000
932 -177.0000000000
943 -176.0000000000
948 -175.0000000000
955 -174.0000000000
960 -173.0000000000
971 -171.0000000000
973 -170.0000000000
975 -169.0000000000
992 -167.0000000000
1009 -166.0000000000
1010 -164.0000000000
1019 -163.0000000000
1022 -162.0000000000
1025 -161.0000000000
1027 -160.0000000000
1036 -159.0000000000
1041 -158.0000000000
1051 -157.0000000000
1057 -156.0000000000
1072 -155.0000000000
1078 -154.0000000000
1082 -153.0000000000
1090 -152.0000000000
1107 -151.0000000000
1108 -150.0000000000
1111 -149.0000000000
1114 -148.0000000000
1129 -147.0000000000
1133 -145.0000000000
1135 -144.0000000000
1140 -143.0000000000
1169 -142.0000000000
1179 -141.0000000000
1180 -140.0000000000
1189 -139.0000000000
1192 -138.0000000000
1201 -137.0000000000
1204 -135.0000000000
1208 -134.0000000000
1222 -133.0000000000
1231 -132.0000000000
1242 -131.0000000000
1244 -130.0000000000
1249 -129.0000000000
1265 -128.0000000000
1268 -127.0000000000
1275 -126.0000000000
1280 -125.0000000000
1286 -124.0000000000
1294 -123.0000000000
1307 -122.0000000000
1312 -121.0000000000
1386 -120.0000000000
1417 -119.0000000000
1419 -118.0000000000
1434 -117.0000000000
1448 -115.0000000000
1455 -114.0000000000
1460 -113.0000000000
1462 -112.0000000000
1463 -111.0000000000
1469 -110.0000000000
1478 -109.0000000000
1486 -108.0000000000
1501 -107.0000000000
1525 -106.0000000000
1537 -105.0000000000
1549 -104.0000000000
1550 -103.0000000000
1555 -102.0000000000
1564 -100.0000000000
1586 -99.0000000000
1594 -98.0000000000
1598 -97.0000000000
1639 -96.0000000000
1642 -95.0000000000
1644 -94.0000000000
1658 -92.0000000000
1667 -91.0000000000
1671 -89.0000000000
1745 -88.0000000000
1759 -87.0000000000
1780 -86.0000000000
1783 -85.0000000000
1831 -84.0000000000
1844 -83.0000000000
1900 -82.0000000000
1909 -81.0000000000
1918 -80.0000000000
1926 -79.0000000000
1978 -78.0000000000
1982 -77.0000000000
1997 -76.0000000000
2004 -75.0000000000
2010 -74.0000000000
2026 -73.0000000000
2178 -72.0000000000
2189 -70.0000000000
2206 -69.0000000000
2230 -68.0000000000
2295 -67.0000000000
2449 -66.0000000000
2455 -65.0000000000
2467 -64.0000000000
2478 -63.0000000000
2479 -62.0000000000
2484 -61.0000000000
2533 -60.0000000000
2539 -59.0000000000
2566 -58.0000000000
2615 -57.0000000000
2636 -56.0000000000
2668 -55.0000000000
2685 -54.0000000000
2688 -53.0000000000
2718 -52.0000000000
2719 -51.0000000000
2721 -50.0000000000
2775 -49.0000000000
2776 -48.0000000000
2785 -47.0000000000
2787 -45.0000000000
2843 -44.0000000000
2850 -43.0000000000
2877 -42.0000000000
2935 -41.0000000000
2937 -39.0000000000
2983 -38.0000000000
2988 -37.0000000000
3005 -36.0000000000
3040 -35.0000000000
3096 -34.0000000000
3109 -33.0000000000
3133 -32.0000000000
3206 -31.0000000000
3249 -30.0000000000
3280 -29.0000000000
3282 -28.0000000000
3295 -27.0000000000
3296 -26.0000000000
3395 -25.0000000000
3472 -24.0000000000
3512 -23.0000000000
3514 -22.0000000000
3544 -21.0000000000
3674 -20.0000000000
3693 -19.0000000000
3732 -18.0000000000
3746 -17.0000000000
3794 -15.0000000000
3845 -14.0000000000
3889 -13.0000000000
3927 -12.0000000000
3962 -11.0000000000
3997 -10.0000000000
4080 -9.0000000000
4092 -8.0000000000
4163 -7.0000000000
4169 -6.0000000000
4175 -5.0000000000
4199 -4.0000000000
4294 -3.0000000000
4499 -2.0000000000
4599 -1.0000000000
4906 565.0000000000
4945 582.0000000000
4963 603.0000000000
5241 612.0000000000
5262 623.0000000000
6165 624.0000000000
6262 636.0000000000
7033 641.0000000000
10834 645.0000000000
11898 647.0000000000
15331 648.0000000000
16334 649.0000000000
18551 653.0000000000
19534 660.0000000000
21510 666.0000000000
22922 667.0000000000
23863 669.0000000000
24116 671.0000000000
24755 673.0000000000
27324 675.0000000000
30290 681.0000000000
40505 683.0000000000
40668 686.0000000000
43953 690.0000000000
48154 692.0000000000
58261 694.0000000000
86872 695.0000000000
100000 -1.0000000000
evaluations raw_y
1 -362.0000000000
17 -360.0000000000
18 -359.0000000000
21 -357.0000000000
28 -356.0000000000
43 -355.0000000000
45 -354.0000000000
46 -352.0000000000
60 -351.0000000000
61 -350.0000000000
67 -349.0000000000
84 -348.0000000000
87 -346.0000000000
91 -344.0000000000
92 -342.0000000000
95 -341.0000000000
97 -340.0000000000
103 -339.0000000000
105 -338.0000000000
108 -337.0000000000
110 -336.0000000000
114 -335.0000000000
115 -334.0000000000
122 -333.0000000000
125 -332.0000000000
129 -331.0000000000
134 -330.0000000000
145 -329.0000000000
149 -328.0000000000
150 -327.0000000000
152 -325.0000000000
159 -324.0000000000
160 -323.0000000000
163 -321.0000000000
167 -320.0000000000
175 -319.0000000000
186 -318.0000000000
201 -317.0000000000
216 -316.0000000000
225 -315.0000000000
233 -313.0000000000
239 -312.0000000000
247 -311.0000000000
253 -310.0000000000
262 -309.0000000000
269 -307.0000000000
270 -306.0000000000
287 -305.0000000000
290 -304.0000000000
294 -303.0000000000
301 -302.0000000000
308 -301.0000000000
310 -299.0000000000
316 -297.0000000000
320 -296.0000000000
321 -295.0000000000
326 -294.0000000000
332 -293.0000000000
340 -292.0000000000
349 -291.0000000000
361 -290.0000000000
363 -289.0000000000
379 -288.0000000000
383 -287.0000000000
384 -286.0000000000
385 -285.0000000000
397 -284.0000000000
398 -282.0000000000
407 -281.0000000000
420 -280.0000000000
421 -279.0000000000
422 -278.0000000000
430 -277.0000000000
431 -275.0000000000
442 -274.0000000000
444 -273.0000000000
447 -272.0000000000
448 -271.0000000000
454 -270.0000000000
459 -268.0000000000
484 -267.0000000000
485 -266.0000000000
494 -264.0000000000
495 -263.0000000000
497 -262.0000000000
507 -261.0000000000
514 -260.0000000000
524 -258.0000000000
529 -257.0000000000
537 -256.0000000000
543 -255.0000000000
544 -254.0000000000
545 -252.0000000000
551 -251.0000000000
567 -250.0000000000
568 -249.0000000000
572 -248.0000000000
592 -246.0000000000
598 -245.0000000000
608 -244.0000000000
614 -243.0000000000
620 -242.0000000000
626 -241.0000000000
638 -239.0000000000
642 -238.0000000000
647 -237.0000000000
651 -236.0000000000
666 -234.0000000000
667 -233.0000000000
673 -232.0000000000
686 -230.0000000000
691 -229.0000000000
693 -227.0000000000
697 -226.0000000000
699 -225.0000000000
703 -224.0000000000
708 -222.0000000000
711 -220.0000000000
714 -219.0000000000
718 -218.0000000000
720 -216.0000000000
739 -215.0000000000
745 -214.0000000000
748 -213.0000000000
752 -212.0000000000
767 -211.0000000000
776 -210.0000000000
777 -209.0000000000
781 -208.0000000000
797 -206.0000000000
805 -205.0000000000
808 -204.0000000000
842 -203.0000000000
846 -202.0000000000
878 -201.0000000000
889 -200.0000000000
895 -199.0000000000
896 -198.0000000000
898 -197.0000000000
906 -195.0000000000
908 -194.0000000000
912 -193.0000000000
923 -192.0000000000
928 -191.0000000000
936 -189.0000000000
943 -186.0000000000
946 -185.0000000000
955 -184.0000000000
962 -183.0000000000
964 -182.0000000000
969 -180.0000000000
972 -179.0000000000
975 -177.0000000000
977 -176.0000000000
978 -175.0000000000
989 -174.0000000000
1002 -173.0000000000
1005 -172.0000000000
1007 -171.0000000000
1025 -170.0000000000
1032 -169.0000000000
1046 -168.0000000000
1053 -167.0000000000
1067 -165.0000000000
1071 -163.0000000000
1080 -162.0000000000
1087 -161.0000000000
1096 -160.0000000000
1100 -159.0000000000
1139 -157.0000000000
1143 -156.0000000000
1145 -155.0000000000
1152 -154.0000000000
1176 -153.0000000000
1182 -152.0000000000
1205 -151.0000000000
1209 -150.0000000000
1210 -149.0000000000
1212 -148.0000000000
1217 -147.0000000000
1219 -146.0000000000
1228 -145.0000000000
1247 -143.0000000000
1260 -142.0000000000
1262 -141.0000000000
1264 -140.0000000000
1279 -138.0000000000
1300 -137.0000000000
1312 -136.0000000000
1323 -135.0000000000
1362 -134.0000000000
1380 -133.0000000000
1389 -131.0000000000
1391 -130.0000000000
1420 -129.0000000000
1458 -128.0000000000
1473 -127.0000000000
1482 -126.0000000000
1489 -125.0000000000
1505 -123.0000000000
1521 -121.0000000000
1550 -120.0000000000
1567 -119.0000000000
1581 -117.0000000000
1585 -116.0000000000
1603 -115.0000000000
1622 -113.0000000000
1652 -112.0000000000
1660 -111.0000000000
1663 -110.0000000000
1666 -109.0000000000
1670 -108.0000000000
1675 -107.0000000000
1680 -106.0000000000
1683 -105.0000000000
1684 -104.0000000000
1685 -103.0000000000
1693 -102.0000000000
1694 -101.0000000000
1703 -100.0000000000
1730 -99.0000000000
1732 -98.0000000000
1749 -97.0000000000
1769 -96.0000000000
1777 -95.0000000000
1784 -94.0000000000
1798 -93.0000000000
1806 -92.0000000000
1828 -91.0000000000
1848 -90.0000000000
1851 -89.0000000000
1859 -88.0000000000
1891 -87.0000000000
1909 -86.0000000000
1913 -85.0000000000
1914 -84.0000000000
1937 -83.0000000000
1974 -82.0000000000
2000 -81.0000000000
2015 -79.0000000000
2024 -78.0000000000
2034 -77.0000000000
2042 -76.0000000000
2050 -75.0000000000
2098 -74.0000000000
2111 -72.0000000000
2163 -71.0000000000
2243 -70.0000000000
2304 -69.0000000000
2309 -68.0000000000
2337 -66.0000000000
2343 -65.0000000000
2365 -64.0000000000
2369 -63.0000000000
2389 -62.0000000000
2390 -61.0000000000
2425 -60.0000000000
2438 -59.0000000000
2455 -58.0000000000
2480 -57.0000000000
2540 -56.0000000000
2543 -55.0000000000
2616 -54.0000000000
2635 -53.0000000000
2636 -52.0000000000
2704 -51.0000000000
2719 -50.0000000000
2741 -49.0000000000
2777 -48.0000000000
2810 -47.0000000000
2813 -46.0000000000
2856 -45.0000000000
2907 -44.0000000000
2981 -43.0000000000
2996 -42.0000000000
3005 -41.0000000000
3018 -39.0000000000
3156 -38.0000000000
3167 -37.0000000000
3203 -36.0000000000
3224 -35.0000000000
3239 -34.0000000000
3257 -33.0000000000
3314 -32.0000000000
3346 -31.0000000000
3383 -30.0000000000
3451 -29.0000000000
3462 -28.0000000000
3884 -27.0000000000
3912 -26.0000000000
3983 -25.0000000000
4027 -24.0000000000
4037 -23.0000000000
4066 -22.0000000000
4090 -21.0000000000
4147 -20.0000000000
4160 -19.0000000000
4241 -18.0000000000
4346 -17.0000000000
4401 -16.0000000000
4443 -15.0000000000
4589 -14.0000000000
4659 -13.0000000000
4770 -12.0000000000
4838 -11.0000000000
4901 -10.0000000000
4950 -9.0000000000
5088 -8.0000000000
5196 -7.0000000000
5218 -6.0000000000
5499 -5.0000000000
5577 -4.0000000000
5622 -3.0000000000
5623 -2.0000000000
5645 -1.0000000000
5890 613.0000000000
6750 625.0000000000
8088 631.0000000000
8125 636.0000000000
10012 638.0000000000
10531 645.0000000000
14405 647.0000000000
16246 652.0000000000
16828 653.0000000000
21591 654.0000000000
26109 660.0000000000
31064 662.0000000000
32814 663.0000000000
33629 667.0000000000
36516 670.0000000000
39881 674.0000000000
40133 681.0000000000
49091 684.0000000000
49515 685.0000000000
55424 688.0000000000
68833 691.0000000000
69605 692.0000000000
78319 693.0000000000
100000 693.0000000000
evaluations raw_y
1 -367.0000000000
2 -366.0000000000
3 -364.0000000000
18 -363.0000000000
20 -361.0000000000
21 -360.0000000000
22 -359.0000000000
30 -358.0000000000
35 -357.0000000000
37 -356.0000000000
53 -355.0000000000
61 -354.0000000000
64 -352.0000000000
66 -351.0000000000
72 -350.0000000000
79 -349.0000000000
80 -347.0000000000
81 -346.0000000000
84 -344.0000000000
85 -343.0000000000
89 -342.0000000000
90 -341.0000000000
94 -340.0000000000
96 -339.0000000000
104 -337.0000000000
105 -336.0000000000
109 -334.0000000000
110 -333.0000000000
114 -332.0000000000
116 -330.0000000000
121 -329.0000000000
123 -328.0000000000
126 -327.0000000000
133 -325.0000000000
136 -323.0000000000
147 -321.0000000000
162 -320.0000000000
169 -319.0000000000
172 -318.0000000000
175 -317.0000000000
180 -315.0000000000
186 -314.0000000000
187 -313.0000000000
189 -312.0000000000
191 -311.0000000000
199 -310.0000000000
206 -309.0000000000
207 -308.0000000000
211 -307.0000000000
213 -305.0000000000
214 -304.0000000000
227 -303.0000000000
228 -301.0000000000
236 -300.0000000000
237 -299.0000000000
238 -297.0000000000
240 -295.0000000000
248 -294.0000000000
250 -293.0000000000
257 -292.0000000000
269 -291.0000000000
275 -290.0000000000
277 -288.0000000000
280 -287.0000000000
282 -286.0000000000
284 -285.0000000000
295 -284.0000000000
307 -282.0000000000
308 -281.0000000000
315 -279.0000000000
327 -278.0000000000
330 -277.0000000000
335 -276.0000000000
341 -274.0000000000
349 -273.0000000000
352 -272.0000000000
364 -271.0000000000
367 -270.0000000000
368 -269.0000000000
369 -267.0000000000
370 -266.0000000000
378 -265.0000000000
380 -264.0000000000
381 -263.0000000000
384 -262.0000000000
385 -261.0000000000
386 -260.0000000000
395 -259.0000000000
396 -258.0000000000
397 -257.0000000000
420 -256.0000000000
422 -255.0000000000
425 -254.0000000000
441 -253.0000000000
443 -251.0000000000
445 -250.0000000000
450 -249.0000000000
453 -248.0000000000
458 -247.0000000000
461 -244.0000000000
464 -243.0000000000
466 -240.0000000000
479 -239.0000000000
481 -238.0000000000
484 -237.0000000000
500 -236.0000000000
508 -235.0000000000
511 -234.0000000000
513 -233.0000000000
514 -232.0000000000
518 -231.0000000000
534 -230.0000000000
539 -229.0000000000
542 -227.0000000000
547 -226.0000000000
556 -225.0000000000
572 -224.0000000000
585 -223.0000000000
590 -221.0000000000
591 -220.0000000000
594 -219.0000000000
596 -217.0000000000
603 -216.0000000000
607 -214.0000000000
626 -213.0000000000
638 -212.0000000000
645 -211.0000000000
646 -210.0000000000
648 -209.0000000000
654 -208.0000000000
663 -206.0000000000
668 -205.0000000000
685 -204.0000000000
686 -203.0000000000
688 -202.0000000000
689 -201.0000000000
699 -200.0000000000
711 -199.0000000000
724 -198.0000000000
732 -197.0000000000
737 -196.0000000000
774 -195.0000000000
775 -194.0000000000
788 -193.0000000000
793 -190.0000000000
807 -188.0000000000
827 -187.0000000000
828 -186.0000000000
830 -185.0000000000
831 -184.0000000000
834 -183.0000000000
836 -182.0000000000
838 -181.0000000000
841 -180.0000000000
849 -178.0000000000
852 -177.0000000000
874 -176.0000000000
894 -175.0000000000
910 -174.0000000000
922 -173.0000000000
931 -172.0000000000
934 -170.0000000000
942 -169.0000000000
943 -168.0000000000
944 -167.0000000000
965 -166.0000000000
994 -165.0000000000
1015 -164.0000000000
1022 -162.0000000000
1043 -161.0000000000
1052 -160.0000000000
1053 -159.0000000000
1056 -158.0000000000
1074 -157.0000000000
1083 -156.0000000000
1089 -155.0000000000
1097 -154.0000000000
1100 -153.0000000000
1105 -152.0000000000
1107 -151.0000000000
1125 -149.0000000000
1129 -148.0000000000
1139 -146.0000000000
1146 -145.0000000000
1150 -144.0000000000
1153 -143.0000000000
1154 -142.0000000000
1169 -141.0000000000
1173 -140.0000000000
1206 -139.0000000000
1217 -138.0000000000
1226 -136.0000000000
1230 -135.0000000000
1238 -134.0000000000
1268 -133.0000000000
1269 -132.0000000000
1271 -131.0000000000
1273 -130.0000000000
1283 -129.0000000000
1289 -128.0000000000
1312 -127.0000000000
1319 -125.0000000000
1333 -124.0000000000
1342 -123.0000000000
1366 -122.0000000000
1371 -121.0000000000
1381 -120.0000000000
1386 -119.0000000000
1397 -118.0000000000
1398 -117.0000000000
1403 -116.0000000000
1416 -115.0000000000
1429 -114.0000000000
1446 -113.0000000000
1469 -112.0000000000
1473 -111.0000000000
1484 -110.0000000000
1493 -109.0000000000
1495 -108.0000000000
1505 -107.0000000000
1509 -106.0000000000
1545 -105.0000000000
1554 -104.0000000000
1570 -103.0000000000
1571 -102.0000000000
1575 -101.0000000000
1578 -100.0000000000
1581 -99.0000000000
1586 -97.0000000000
1588 -96.0000000000
1595 -95.0000000000
1608 -94.0000000000
1616 -93.0000000000
1646 -92.0000000000
1665 -91.0000000000
1669 -90.0000000000
1673 -89.0000000000
1685 -88.0000000000
1695 -87.0000000000
1711 -86.0000000000
1727 -85.0000000000
1765 -84.0000000000
1766 -83.0000000000
1808 -82.0000000000
1839 -81.0000000000
1857 -80.0000000000
1869 -79.0000000000
1895 -78.0000000000
1916 -76.0000000000
1923 -75.0000000000
1964 -74.0000000000
1992 -73.0000000000
1993 -72.0000000000
2012 -71.0000000000
2024 -70.0000000000
2027 -69.0000000000
2041 -68.0000000000
2057 -67.0000000000
2079 -66.0000000000
2106 -65.0000000000
2116 -64.0000000000
2133 -62.0000000000
2147 -61.0000000000
2205 -60.0000000000
2220 -59.0000000000
2225 -58.0000000000
2240 -57.0000000000
2248 -56.0000000000
2280 -55.0000000000
2305 -54.0000000000
2438 -53.0000000000
2457 -52.0000000000
2458 -51.0000000000
2521 -50.0000000000
2582 -49.0000000000
2599 -48.0000000000
2604 -47.0000000000
2748 -46.0000000000
2803 -45.0000000000
2818 -44.0000000000
2901 -43.0000000000
2910 -42.0000000000
2936 -41.0000000000
2988 -39.0000000000
3008 -38.0000000000
3074 -36.0000000000
3090 -35.0000000000
3094 -34.0000000000
3133 -33.0000000000
3258 -32.0000000000
3321 -31.0000000000
3376 -30.0000000000
3388 -29.0000000000
3454 -28.0000000000
3522 -27.0000000000
3650 -26.0000000000
3677 -25.0000000000
3779 -24.0000000000
3787 -23.0000000000
3799 -22.0000000000
3800 -21.0000000000
3808 -20.0000000000
3871 -19.0000000000
3899 -18.0000000000
3941 -17.0000000000
4132 -16.0000000000
4198 -15.0000000000
4300 -14.0000000000
4350 -13.0000000000
4416 -12.0000000000
4552 -11.0000000000
4671 -10.0000000000
4681 -9.0000000000
4735 -8.0000000000
4867 -7.0000000000
4981 -6.0000000000
4986 -5.0000000000
5018 -4.0000000000
5065 -3.0000000000
5411 -2.0000000000
5735 -1.0000000000
6067 620.0000000000
6107 628.0000000000
8081 630.0000000000
10015 636.0000000000
10485 638.0000000000
11326 640.0000000000
11352 642.0000000000
13547 644.0000000000
14228 653.0000000000
15336 664.0000000000
15999 668.0000000000
17704 672.0000000000
19350 677.0000000000
20209 680.0000000000
21469 685.0000000000
23331 689.0000000000
25367 691.0000000000
26426 692.0000000000
26737 694.0000000000
29382 696.0000000000
54147 700.0000000000
100000 -1.0000000000
evaluations raw_y
1 -380.0000000000
3 -379.0000000000
5 -378.0000000000
9 -377.0000000000
11 -376.0000000000
15 -374.0000000000
17 -373.0000000000
21 -372.0000000000
22 -371.0000000000
23 -370.0000000000
26 -369.0000000000
40 -368.0000000000
43 -367.0000000000
47 -366.0000000000
48 -365.0000000000
50 -364.0000000000
56 -363.0000000000
59 -362.0000000000
70 -361.0000000000
73 -360.0000000000
78 -359.0000000000
79 -358.0000000000
83 -357.0000000000
85 -356.0000000000
89 -355.0000000000
96 -354.0000000000
102 -353.0000000000
104 -352.0000000000
109 -351.0000000000
111 -349.0000000000
112 -348.0000000000
117 -345.0000000000
121 -343.0000000000
125 -342.0000000000
146 -340.0000000000
149 -339.0000000000
157 -338.0000000000
163 -337.0000000000
165 -336.0000000000
168 -335.0000000000
171 -334.0000000000
175 -332.0000000000
177 -331.0000000000
186 -330.0000000000
194 -329.0000000000
199 -326.0000000000
217 -325.0000000000
219 -324.0000000000
228 -323.0000000000
233 -322.0000000000
234 -321.0000000000
243 -320.0000000000
245 -318.0000000000
255 -316.0000000000
256 -315.0000000000
258 -314.0000000000
278 -313.0000000000
291 -312.0000000000
295 -310.0000000000
298 -309.0000000000
301 -308.0000000000
310 -307.0000000000
311 -306.0000000000
319 -305.0000000000
321 -304.0000000000
322 -302.0000000000
323 -301.0000000000
330 -300.0000000000
337 -299.0000000000
340 -298.0000000000
346 -296.0000000000
348 -295.0000000000
350 -294.0000000000
354 -293.0000000000
359 -292.0000000000
361 -291.0000000000
374 -290.0000000000
376 -289.0000000000
377 -288.0000000000
379 -287.0000000000
388 -285.0000000000
396 -283.0000000000
398 -281.0000000000
403 -279.0000000000
406 -277.0000000000
424 -276.0000000000
430 -275.0000000000
433 -273.0000000000
441 -272.0000000000
446 -271.0000000000
447 -269.0000000000
448 -268.0000000000
449 -267.0000000000
450 -266.0000000000
454 -265.0000000000
456 -264.0000000000
462 -263.0000000000
465 -261.0000000000
471 -260.0000000000
482 -259.0000000000
488 -258.0000000000
493 -257.0000000000
504 -255.0000000000
506 -254.0000000000
510 -253.0000000000
518 -252.0000000000
522 -251.0000000000
534 -250.0000000000
539 -249.0000000000
545 -248.0000000000
546 -247.0000000000
547 -246.0000000000
549 -244.0000000000
550 -243.0000000000
559 -242.0000000000
565 -241.0000000000
572 -240.0000000000
573 -239.0000000000
575 -238.0000000000
578 -237.0000000000
584 -236.0000000000
592 -235.0000000000
593 -234.0000000000
595 -232.0000000000
599 -231.0000000000
600 -230.0000000000
606 -229.0000000000
608 -228.0000000000
609 -227.0000000000
622 -226.0000000000
624 -225.0000000000
625 -224.0000000000
627 -223.0000000000
635 -222.0000000000
641 -221.0000000000
649 -220.0000000000
653 -219.0000000000
657 -218.0000000000
659 -217.0000000000
670 -216.0000000000
677 -215.0000000000
681 -214.0000000000
706 -213.0000000000
711 -212.0000000000
723 -211.0000000000
728 -210.0000000000
731 -209.0000000000
733 -206.0000000000
755 -205.0000000000
777 -204.0000000000
778 -203.0000000000
781 -202.0000000000
795 -200.0000000000
830 -199.0000000000
836 -198.0000000000
849 -197.0000000000
853 -196.0000000000
855 -195.0000000000
874 -194.0000000000
890 -193.0000000000
900 -192.0000000000
910 -191.0000000000
913 -190.0000000000
922 -187.0000000000
925 -186.0000000000
933 -185.0000000000
942 -184.0000000000
950 -183.0000000000
964 -182.0000000000
978 -180.0000000000
979 -179.0000000000
981 -178.0000000000
990 -177.0000000000
1005 -175.0000000000
1012 -174.0000000000
1013 -173.0000000000
1028 -172.0000000000
1038 -171.0000000000
1047 -169.0000000000
1048 -167.0000000000
1053 -164.0000000000
1061 -163.0000000000
1064 -162.0000000000
1067 -161.0000000000
1077 -160.0000000000
1083 -159.0000000000
1087 -158.0000000000
1092 -157.0000000000
1110 -156.0000000000
1114 -155.0000000000
1116 -154.0000000000
1130 -153.0000000000
1140 -152.0000000000
1147 -151.0000000000
1150 -150.0000000000
1161 -149.0000000000
1162 -148.0000000000
1165 -147.0000000000
1183 -145.0000000000
1226 -144.0000000000
1229 -143.0000000000
1248 -142.0000000000
1249 -141.0000000000
1271 -140.0000000000
1273 -139.0000000000
1278 -138.0000000000
1301 -137.0000000000
1308 -136.0000000000
1310 -135.0000000000
1315 -133.0000000000
1338 -132.0000000000
1339 -131.0000000000
1361 -130.0000000000
1363 -129.0000000000
1364 -128.0000000000
1371 -127.0000000000
1384 -126.0000000000
1389 -125.0000000000
1394 -124.0000000000
1410 -123.0000000000
1428 -122.0000000000
1436 -121.0000000000
1461 -120.0000000000
1467 -119.0000000000
1480 -118.0000000000
1504 -117.0000000000
1510 -116.0000000000
1516 -115.0000000000
1526 -113.0000000000
1527 -112.0000000000
1528 -111.0000000000
1552 -109.0000000000
1564 -108.0000000000
1568 -107.0000000000
1571 -105.0000000000
1572 -104.0000000000
1576 -103.0000000000
1583 -102.0000000000
1588 -101.0000000000
1594 -100.0000000000
1617 -98.0000000000
1620 -97.0000000000
1659 -96.0000000000
1660 -95.0000000000
1662 -94.0000000000
1700 -92.0000000000
1702 -91.0000000000
1705 -90.0000000000
1754 -89.0000000000
1761 -88.0000000000
1820 -87.0000000000
1823 -85.0000000000
1841 -84.0000000000
1896 -83.0000000000
1898 -81.0000000000
1901 -80.0000000000
1913 -79.0000000000
1921 -78.0000000000
1947 -77.0000000000
1950 -76.0000000000
1964 -75.0000000000
1965 -74.0000000000
1973 -73.0000000000
1982 -72.0000000000
2029 -71.0000000000
2030 -70.0000000000
2062 -69.0000000000
2075 -68.0000000000
2098 -67.0000000000
2109 -66.0000000000
2164 -65.0000000000
2174 -63.0000000000
2179 -62.0000000000
2283 -61.0000000000
2292 -60.0000000000
2297 -59.0000000000
2301 -58.0000000000
2336 -57.0000000000
2402 -56.0000000000
2406 -55.0000000000
2431 -54.0000000000
2455 -53.0000000000
2473 -52.0000000000
2480 -51.0000000000
2494 -50.0000000000
2495 -49.0000000000
2508 -48.0000000000
2542 -47.0000000000
2600 -46.0000000000
2618 -45.0000000000
2641 -44.0000000000
2663 -43.0000000000
2696 -42.0000000000
2735 -41.0000000000
2742 -40.0000000000
2774 -39.0000000000
2844 -38.0000000000
2858 -37.0000000000
2986 -36.0000000000
3055 -35.0000000000
3057 -34.0000000000
3108 -33.0000000000
3122 -32.0000000000
3155 -31.0000000000
3157 -30.0000000000
3160 -29.0000000000
3262 -28.0000000000
3341 -27.0000000000
3571 -26.0000000000
3629 -25.0000000000
3707 -24.0000000000
3765 -23.0000000000
3796 -22.0000000000
3880 -21.0000000000
3894 -20.0000000000
3923 -19.0000000000
4044 -18.0000000000
4086 -17.0000000000
4262 -16.0000000000
4369 -14.0000000000
4382 -13.0000000000
4452 -12.0000000000
4546 -11.0000000000
4761 -10.0000000000
4918 -9.0000000000
4946 -8.0000000000
5026 -7.0000000000
5114 -6.0000000000
5139 -5.0000000000
5337 -4.0000000000
5776 -3.0000000000
5831 -2.0000000000
5978 -1.0000000000
6832 624.0000000000
7459 639.0000000000
10161 640.0000000000
10572 644.0000000000
13426 648.0000000000
16657 649.0000000000
21010 650.0000000000
21199 652.0000000000
22287 660.0000000000
26043 661.0000000000
27027 668.0000000000
35522 671.0000000000
39801 673.0000000000
40615 681.0000000000
41856 686.0000000000
43058 688.0000000000
45131 692.0000000000
63578 693.0000000000
100000 693.0000000000
evaluations raw_y
1 -346.0000000000
2 -345.0000000000
10 -344.0000000000
14 -342.0000000000
16 -341.0000000000
18 -340.0000000000
19 -339.0000000000
26 -337.0000000000
45 -336.0000000000
47 -334.0000000000
55 -331.0000000000
59 -330.0000000000
63 -329.0000000000
66 -328.0000000000
67 -326.0000000000
70 -323.0000000000
71 -322.0000000000
72 -321.0000000000
74 -319.0000000000
75 -318.0000000000
92 -317.0000000000
96 -316.0000000000
103 -315.0000000000
107 -313.0000000000
111 -311.0000000000
115 -310.0000000000
116 -309.0000000000
118 -308.0000000000
119 -307.0000000000
124 -306.0000000000
129 -305.0000000000
133 -304.0000000000
134 -303.0000000000
138 -302.0000000000
140 -301.0000000000
147 -300.0000000000
157 -298.0000000000
158 -297.0000000000
160 -296.0000000000
162 -295.0000000000
165 -293.0000000000
174 -291.0000000000
185 -290.0000000000
188 -289.0000000000
197 -288.0000000000
198 -287.0000000000
211 -285.0000000000
215 -284.0000000000
217 -283.0000000000
218 -282.0000000000
220 -281.0000000000
223 -279.0000000000
225 -278.0000000000
226 -277.0000000000
230 -276.0000000000
234 -274.0000000000
236 -273.0000000000
248 -272.0000000000
259 -271.0000000000
264 -269.0000000000
265 -268.0000000000
270 -267.0000000000
282 -266.0000000000
288 -265.0000000000
289 -264.0000000000
292 -260.0000000000
293 -259.0000000000
295 -258.0000000000
300 -257.0000000000
305 -256.0000000000
312 -255.0000000000
317 -254.0000000000
318 -252.0000000000
320 -251.0000000000
329 -250.0000000000
330 -249.0000000000
333 -248.0000000000
335 -247.0000000000
337 -246.0000000000
339 -245.0000000000
350 -244.0000000000
363 -242.0000000000
366 -241.0000000000
373 -240.0000000000
380 -239.0000000000
385 -238.0000000000
389 -237.0000000000
407 -236.0000000000
411 -235.0000000000
428 -233.0000000000
436 -232.0000000000
442 -231.0000000000
458 -230.0000000000
468 -229.0000000000
470 -228.0000000000
484 -227.0000000000
490 -226.0000000000
501 -225.0000000000
502 -224.0000000000
509 -223.0000000000
517 -222.0000000000
520 -221.0000000000
542 -220.0000000000
553 -218.0000000000
570 -216.0000000000
576 -215.0000000000
587 -213.0000000000
592 -212.0000000000
604 -211.0000000000
613 -210.0000000000
617 -209.0000000000
625 -208.0000000000
631 -207.0000000000
633 -205.0000000000
637 -204.0000000000
642 -203.0000000000
650 -202.0000000000
657 -201.0000000000
659 -200.0000000000
673 -198.0000000000
690 -197.0000000000
696 -196.0000000000
701 -195.0000000000
702 -194.0000000000
725 -193.0000000000
753 -191.0000000000
763 -190.0000000000
766 -189.0000000000
777 -187.0000000000
788 -185.0000000000
789 -184.0000000000
799 -183.0000000000
836 -182.0000000000
841 -181.0000000000
844 -180.0000000000
853 -179.0000000000
882 -178.0000000000
890 -177.0000000000
894 -176.0000000000
902 -175.0000000000
913 -174.0000000000
920 -173.0000000000
929 -172.0000000000
957 -171.0000000000
975 -170.0000000000
976 -169.0000000000
979 -168.0000000000
980 -166.0000000000
991 -165.0000000000
996 -164.0000000000
1000 -163.0000000000
1018 -162.0000000000
1021 -161.0000000000
1025 -160.0000000000
1030 -159.0000000000
1068 -158.0000000000
1070 -157.0000000000
1079 -156.0000000000
1083 -155.0000000000
1086 -154.0000000000
1089 -153.0000000000
1101 -152.0000000000
1129 -151.0000000000
1138 -150.0000000000
1156 -149.0000000000
1165 -148.0000000000
1175 -147.0000000000
1180 -146.0000000000
1195 -145.0000000000
1201 -144.0000000000
1202 -143.0000000000
1232 -142.0000000000
1240 -141.0000000000
1254 -140.0000000000
1266 -138.0000000000
1269 -137.0000000000
1273 -136.0000000000
1277 -135.0000000000
1298 -134.0000000000
1307 -133.0000000000
1309 -132.0000000000
1313 -131.0000000000
1346 -130.0000000000
1347 -129.0000000000
1355 -128.0000000000
1365 -126.0000000000
1376 -125.0000000000
1422 -124.0000000000
1441 -123.0000000000
1461 -122.0000000000
1465 -121.0000000000
1480 -120.0000000000
1482 -119.0000000000
1485 -118.0000000000
1501 -117.0000000000
1502 -116.0000000000
1509 -115.0000000000
1518 -114.0000000000
1528 -113.0000000000
1542 -112.0000000000
1560 -111.0000000000
1565 -110.0000000000
1584 -109.0000000000
1628 -108.0000000000
1632 -107.0000000000
1647 -106.0000000000
1652 -105.0000000000
1658 -104.0000000000
1673 -103.0000000000
1679 -102.0000000000
1687 -101.0000000000
1692 -100.0000000000
1699 -99.0000000000
1700 -98.0000000000
1717 -97.0000000000
1783 -95.0000000000
1787 -94.0000000000
1804 -93.0000000000
1844 -92.0000000000
1853 -91.0000000000
1894 -90.0000000000
1909 -89.0000000000
1923 -88.0000000000
1962 -87.0000000000
1965 -85.0000000000
1969 -84.0000000000
1978 -83.0000000000
2014 -82.0000000000
2018 -81.0000000000
2083 -80.0000000000
2098 -79.0000000000
2133 -78.0000000000
2140 -77.0000000000
2180 -76.0000000000
2222 -75.0000000000
2242 -74.0000000000
2248 -73.0000000000
2251 -72.0000000000
2295 -71.0000000000
2324 -70.0000000000
2329 -69.0000000000
2364 -68.0000000000
2389 -67.0000000000
2404 -66.0000000000
2410 -64.0000000000
2516 -63.0000000000
2548 -62.0000000000
2594 -61.0000000000
2607 -60.0000000000
2672 -59.0000000000
2712 -58.0000000000
2716 -57.0000000000
2729 -56.0000000000
2771 -55.0000000000
2790 -54.0000000000
2798 -53.0000000000
2847 -52.0000000000
2919 -51.0000000000
2933 -50.0000000000
2953 -49.0000000000
3008 -47.0000000000
3012 -46.0000000000
3068 -45.0000000000
3083 -44.0000000000
3142 -43.0000000000
3161 -42.0000000000
3191 -41.0000000000
3221 -40.0000000000
3244 -39.0000000000
3250 -38.0000000000
3263 -37.0000000000
3344 -36.0000000000
3413 -34.0000000000
3531 -33.0000000000
3562 -31.0000000000
3675 -30.0000000000
3742 -29.0000000000
3827 -28.0000000000
3842 -27.0000000000
3847 -26.0000000000
3850 -25.0000000000
3918 -24.0000000000
3970 -23.0000000000
4026 -22.0000000000
4042 -21.0000000000
4076 -20.0000000000
4141 -19.0000000000
4232 -18.0000000000
4307 -17.0000000000
4385 -16.0000000000
4495 -15.0000000000
4642 -14.0000000000
4672 -13.0000000000
4691 -12.0000000000
4692 -11.0000000000
4731 -10.0000000000
4946 -9.0000000000
5015 -8.0000000000
5153 -7.0000000000
5390 -6.0000000000
5425 -5.0000000000
5540 -4.0000000000
5630 -3.0000000000
5660 -2.0000000000
5855 -1.0000000000
5875 604.0000000000
5940 617.0000000000
6266 634.0000000000
7257 642.0000000000
11021 648.0000000000
13844 649.0000000000
16598 650.0000000000
19014 653.0000000000
19781 654.0000000000
20216 658.0000000000
22426 660.0000000000
26551 664.0000000000
26820 665.0000000000
27476 671.0000000000
27927 677.0000000000
36568 681.0000000000
50505 682.0000000000
62560 684.0000000000
72421 686.0000000000
80888 692.0000000000
100000 692.0000000000
evaluations raw_y
1 -360.0000000000
2 -358.0000000000
5 -357.0000000000
7 -356.0000000000
11 -355.0000000000
18 -354.0000000000
21 -353.0000000000
23 -352.0000000000
26 -351.0000000000
30 -350.0000000000
31 -349.0000000000
52 -348.0000000000
54 -346.0000000000
59 -345.0000000000
64 -344.0000000000
68 -343.0000000000
69 -342.0000000000
75 -341.0000000000
79 -339.0000000000
83 -338.0000000000
88 -337.0000000000
92 -336.0000000000
93 -335.0000000000
100 -334.0000000000
101 -333.0000000000
109 -332.0000000000
113 -331.0000000000
115 -330.0000000000
117 -329.0000000000
118 -328.0000000000
121 -325.0000000000
123 -324.0000000000
124 -323.0000000000
125 -320.0000000000
127 -319.0000000000
129 -317.0000000000
135 -316.0000000000
137 -313.0000000000
143 -311.0000000000
146 -310.0000000000
147 -309.0000000000
149 -308.0000000000
152 -307.0000000000
160 -306.0000000000
166 -305.0000000000
168 -304.0000000000
171 -302.0000000000
183 -301.0000000000
184 -300.0000000000
189 -299.0000000000
195 -297.0000000000
202 -296.0000000000
203 -295.0000000000
205 -294.0000000000
208 -292.0000000000
215 -291.0000000000
219 -290.0000000000
222 -289.0000000000
230 -288.0000000000
233 -287.0000000000
237 -286.0000000000
240 -285.0000000000
244 -284.0000000000
249 -283.0000000000
251 -282.0000000000
257 -280.0000000000
265 -279.0000000000
277 -278.0000000000
285 -277.0000000000
297 -276.0000000000
298 -275.0000000000
299 -274.0000000000
316 -273.0000000000
318 -272.0000000000
324 -271.0000000000
333 -270.0000000000
350 -269.0000000000
356 -268.0000000000
360 -267.0000000000
369 -266.0000000000
372 -265.0000000000
389 -264.0000000000
395 -263.0000000000
415 -262.0000000000
425 -261.0000000000
437 -260.0000000000
438 -259.0000000000
445 -256.0000000000
452 -254.0000000000
453 -253.0000000000
454 -252.0000000000
460 -251.0000000000
461 -250.0000000000
462 -249.0000000000
466 -248.0000000000
467 -247.0000000000
468 -245.0000000000
471 -244.0000000000
477 -243.0000000000
479 -242.0000000000
480 -241.0000000000
487 -240.0000000000
490 -239.0000000000
496 -238.0000000000
497 -237.0000000000
501 -236.0000000000
506 -235.0000000000
507 -234.0000000000
517 -233.0000000000
530 -232.0000000000
531 -231.0000000000
535 -230.0000000000
567 -229.0000000000
578 -228.0000000000
586 -227.0000000000
588 -225.0000000000
589 -223.0000000000
591 -222.0000000000
595 -221.0000000000
600 -220.0000000000
610 -219.0000000000
619 -218.0000000000
631 -217.0000000000
640 -216.0000000000
641 -215.0000000000
646 -214.0000000000
665 -213.0000000000
682 -212.0000000000
683 -211.0000000000
689 -210.0000000000
705 -209.0000000000
707 -208.0000000000
708 -206.0000000000
713 -205.0000000000
714 -204.0000000000
732 -203.0000000000
737 -202.0000000000
742 -201.0000000000
752 -200.0000000000
769 -199.0000000000
773 -197.0000000000
800 -196.0000000000
802 -195.0000000000
806 -194.0000000000
809 -193.0000000000
810 -192.0000000000
814 -191.0000000000
815 -190.0000000000
836 -189.0000000000
840 -188.0000000000
847 -187.0000000000
849 -186.0000000000
853 -185.0000000000
856 -184.0000000000
862 -183.0000000000
865 -182.0000000000
866 -180.0000000000
867 -179.0000000000
872 -178.0000000000
877 -176.0000000000
878 -175.0000000000
886 -174.0000000000
906 -173.0000000000
919 -171.0000000000
925 -170.0000000000
926 -169.0000000000
928 -168.0000000000
975 -167.0000000000
976 -166.0000000000
983 -165.0000000000
988 -164.0000000000
991 -163.0000000000
1012 -162.0000000000
1015 -161.0000000000
1022 -160.0000000000
1035 -159.0000000000
1061 -158.0000000000
1076 -157.0000000000
1082 -156.0000000000
1092 -155.0000000000
1100 -154.0000000000
1107 -153.0000000000
1109 -152.0000000000
1114 -151.0000000000
1116 -149.0000000000
1121 -148.0000000000
1127 -147.0000000000
1136 -146.0000000000
1137 -144.0000000000
1139 -143.0000000000
1140 -142.0000000000
1142 -141.0000000000
1165 -140.0000000000
1169 -139.0000000000
1170 -137.0000000000
1178 -136.0000000000
1180 -135.0000000000
1181 -134.0000000000
1191 -133.0000000000
1193 -132.0000000000
1195 -131.0000000000
1215 -130.0000000000
1234 -129.0000000000
1235 -128.0000000000
1248 -127.0000000000
1303 -126.0000000000
1308 -125.0000000000
1316 -123.0000000000
1329 -122.0000000000
1333 -121.0000000000
1350 -120.0000000000
1388 -119.0000000000
1400 -118.0000000000
1414 -117.0000000000
1419 -115.0000000000
1422 -114.0000000000
1425 -113.0000000000
1426 -112.0000000000
1442 -111.0000000000
1450 -110.0000000000
1470 -109.0000000000
1477 -107.0000000000
1488 -106.0000000000
1499 -104.0000000000
1506 -103.0000000000
1542 -101.0000000000
1570 -100.0000000000
1595 -99.0000000000
1596 -98.0000000000
1631 -96.0000000000
1642 -95.0000000000
1648 -94.0000000000
1660 -93.0000000000
1661 -92.0000000000
1682 -91.0000000000
1735 -90.0000000000
1765 -89.0000000000
1774 -88.0000000000
1783 -87.0000000000
1806 -86.0000000000
1808 -85.0000000000
1809 -84.0000000000
1835 -83.0000000000
1839 -82.0000000000
1856 -81.0000000000
1863 -80.0000000000
1903 -79.0000000000
1904 -78.0000000000
1941 -77.0000000000
1988 -76.0000000000
1989 -75.0000000000
2003 -74.0000000000
2013 -73.0000000000
2017 -72.0000000000
2025 -71.0000000000
2029 -70.0000000000
2088 -69.0000000000
2102 -68.0000000000
2107 -67.0000000000
2169 -66.0000000000
2213 -65.0000000000
2228 -64.0000000000
2275 -63.0000000000
2309 -62.0000000000
2317 -61.0000000000
2329 -60.0000000000
2362 -59.0000000000
2385 -58.0000000000
2421 -57.0000000000
2501 -56.0000000000
2519 -55.0000000000
2520 -54.0000000000
2554 -53.0000000000
2559 -52.0000000000
2573 -51.0000000000
2581 -50.0000000000
2599 -49.0000000000
2620 -48.0000000000
2626 -47.0000000000
2763 -46.0000000000
2771 -45.0000000000
2772 -44.0000000000
2780 -43.0000000000
2792 -42.0000000000
2993 -41.0000000000
2997 -40.0000000000
3126 -39.0000000000
3256 -38.0000000000
3274 -37.0000000000
3285 -36.0000000000
3318 -35.0000000000
3402 -34.0000000000
3405 -33.0000000000
3508 -32.0000000000
3595 -31.0000000000
3614 -30.0000000000
3620 -29.0000000000
3693 -28.0000000000
3712 -27.0000000000
3741 -26.0000000000
3742 -25.0000000000
3791 -24.0000000000
3807 -23.0000000000
3934 -22.0000000000
3995 -21.0000000000
4077 -20.0000000000
4130 -19.0000000000
4147 -18.0000000000
4194 -17.0000000000
4197 -16.0000000000
4286 -15.0000000000
4373 -14.0000000000
4493 -13.0000000000
4588 -12.0000000000
4592 -11.0000000000
4677 -10.0000000000
4732 -9.0000000000
4811 -8.0000000000
5055 -7.0000000000
5067 -6.0000000000
5092 -5.0000000000
5241 -4.0000000000
5269 -3.0000000000
5597 -2.0000000000
6282 -1.0000000000
6517 594.0000000000
6746 600.0000000000
7214 608.0000000000
7417 624.0000000000
8522 626.0000000000
8730 633.0000000000
8903 635.0000000000
9200 639.0000000000
9647 643.0000000000
12714 653.0000000000
18716 659.0000000000
18784 663.0000000000
19621 669.0000000000
29371 670.0000000000
33058 675.0000000000
46229 676.0000000000
63860 680.0000000000
74080 686.0000000000
77899 693.0000000000
100000 693.0000000000
evaluations raw_y
1 -358.0000000000
8 -356.0000000000
11 -355.0000000000
13 -354.0000000000
21 -353.0000000000
23 -352.0000000000
27 -351.0000000000
29 -350.0000000000
33 -349.0000000000
34 -348.0000000000
35 -347.0000000000
43 -346.0000000000
46 -345.0000000000
49 -344.0000000000
55 -343.0000000000
59 -342.0000000000
63 -341.0000000000
64 -340.0000000000
65 -339.0000000000
71 -337.0000000000
76 -336.0000000000
83 -335.0000000000
87 -334.0000000000
89 -333.0000000000
90 -331.0000000000
97 -330.0000000000
98 -329.0000000000
109 -328.0000000000
111 -327.0000000000
119 -325.0000000000
122 -324.0000000000
125 -323.0000000000
131 -322.0000000000
132 -321.0000000000
150 -320.0000000000
162 -319.0000000000
163 -317.0000000000
164 -316.0000000000
166 -315.0000000000
189 -313.0000000000
197 -312.0000000000
205 -311.0000000000
213 -310.0000000000
223 -306.0000000000
232 -305.0000000000
239 -304.0000000000
240 -303.0000000000
242 -302.0000000000
245 -301.0000000000
247 -300.0000000000
261 -299.0000000000
263 -298.0000000000
269 -297.0000000000
277 -295.0000000000
285 -294.0000000000
288 -293.0000000000
290 -292.0000000000
291 -291.0000000000
292 -290.0000000000
294 -289.0000000000
297 -288.0000000000
301 -286.0000000000
304 -285.0000000000
306 -284.0000000000
313 -283.0000000000
316 -282.0000000000
321 -281.0000000000
322 -280.0000000000
323 -279.0000000000
339 -278.0000000000
342 -277.0000000000
351 -276.0000000000
357 -275.0000000000
360 -274.0000000000
366 -273.0000000000
371 -272.0000000000
374 -271.0000000000
382 -270.0000000000
387 -269.0000000000
390 -268.0000000000
401 -267.0000000000
414 -266.0000000000
418 -265.0000000000
427 -264.0000000000
441 -263.0000000000
445 -261.0000000000
449 -260.0000000000
453 -259.0000000000
456 -258.0000000000
460 -257.0000000000
464 -256.0000000000
483 -254.0000000000
490 -253.0000000000
494 -252.0000000000
509 -250.0000000000
517 -249.0000000000
521 -248.0000000000
525 -247.0000000000
527 -246.0000000000
530 -245.0000000000
552 -244.0000000000
555 -243.0000000000
564 -242.0000000000
567 -241.0000000000
570 -240.0000000000
578 -239.0000000000
588 -238.0000000000
595 -237.0000000000
608 -236.0000000000
610 -235.0000000000
612 -234.0000000000
625 -233.0000000000
636 -232.0000000000
641 -231.0000000000
642 -229.0000000000
655 -228.0000000000
656 -227.0000000000
663 -226.0000000000
664 -225.0000000000
668 -224.0000000000
670 -222.0000000000
674 -221.0000000000
685 -220.0000000000
693 -219.0000000000
694 -218.0000000000
705 -217.0000000000
714 -216.0000000000
719 -215.0000000000
722 -214.0000000000
727 -213.0000000000
734 -212.0000000000
741 -210.0000000000
745 -209.0000000000
747 -208.0000000000
748 -207.0000000000
766 -206.0000000000
767 -205.0000000000
776 -203.0000000000
784 -202.0000000000
786 -201.0000000000
790 -200.0000000000
802 -199.0000000000
804 -198.0000000000
807 -197.0000000000
810 -196.0000000000
832 -195.0000000000
842 -194.0000000000
845 -192.0000000000
852 -190.0000000000
875 -189.0000000000
889 -188.0000000000
898 -187.0000000000
906 -186.0000000000
910 -185.0000000000
911 -184.0000000000
913 -182.0000000000
914 -181.0000000000
915 -180.0000000000
964 -179.0000000000
967 -178.0000000000
973 -177.0000000000
985 -176.0000000000
1000 -175.0000000000
1001 -174.0000000000
1034 -173.0000000000
1054 -172.0000000000
1059 -171.0000000000
1078 -170.0000000000
1098 -169.0000000000
1100 -168.0000000000
1104 -167.0000000000
1133 -166.0000000000
1154 -165.0000000000
1160 -164.0000000000
1170 -163.0000000000
1171 -162.0000000000
1186 -160.0000000000
1188 -158.0000000000
1191 -157.0000000000
1198 -156.0000000000
1202 -154.0000000000
1230 -153.0000000000
1240 -152.0000000000
1247 -151.0000000000
1250 -150.0000000000
1254 -149.0000000000
1268 -148.0000000000
1272 -147.0000000000
1296 -146.0000000000
1310 -145.0000000000
1320 -143.0000000000
1322 -142.0000000000
1328 -141.0000000000
1336 -139.0000000000
1339 -138.0000000000
1385 -137.0000000000
1397 -135.0000000000
1399 -134.0000000000
1423 -133.0000000000
1438 -131.0000000000
1451 -130.0000000000
1474 -129.0000000000
1484 -128.0000000000
1502 -127.0000000000
1508 -126.0000000000
1522 -125.0000000000
1550 -124.0000000000
1566 -123.0000000000
1577 -122.0000000000
1587 -121.0000000000
1592 -120.0000000000
1640 -118.0000000000
1650 -117.0000000000
1676 -116.0000000000
1680 -115.0000000000
1690 -114.0000000000
1693 -113.0000000000
1697 -112.0000000000
1704 -111.0000000000
1719 -109.0000000000
1737 -107.0000000000
1741 -106.0000000000
1750 -105.0000000000
1766 -104.0000000000
1786 -103.0000000000
1791 -102.0000000000
1800 -101.0000000000
1818 -100.0000000000
1822 -99.0000000000
1834 -98.0000000000
1847 -97.0000000000
1869 -96.0000000000
1886 -95.0000000000
1888 -94.0000000000
1903 -93.0000000000
1908 -92.0000000000
1924 -91.0000000000
1925 -90.0000000000
1937 -89.0000000000
1983 -88.0000000000
2009 -87.0000000000
2011 -86.0000000000
2018 -85.0000000000
2021 -84.0000000000
2055 -83.0000000000
2128 -82.0000000000
2140 -81.0000000000
2153 -80.0000000000
2178 -79.0000000000
2188 -77.0000000000
2203 -76.0000000000
2236 -75.0000000000
2252 -74.0000000000
2258 -73.0000000000
2284 -72.0000000000
2296 -71.0000000000
2313 -70.0000000000
2320 -69.0000000000
2356 -68.0000000000
2358 -67.0000000000
2382 -66.0000000000
2394 -65.0000000000
2400 -64.0000000000
2417 -63.0000000000
2429 -62.0000000000
2440 -61.0000000000
2461 -60.0000000000
2490 -59.0000000000
2502 -58.0000000000
2590 -57.0000000000
2597 -56.0000000000
2623 -55.0000000000
2640 -54.0000000000
2665 -52.0000000000
2671 -51.0000000000
2692 -50.0000000000
2768 -49.0000000000
2774 -48.0000000000
2823 -47.0000000000
2830 -46.0000000000
2900 -45.0000000000
2978 -44.0000000000
3092 -43.0000000000
3135 -42.0000000000
3154 -41.0000000000
3164 -40.0000000000
3316 -39.0000000000
3328 -38.0000000000
3338 -37.0000000000
3388 -36.0000000000
3415 -35.0000000000
3418 -34.0000000000
3457 -33.0000000000
3483 -32.0000000000
3509 -31.0000000000
3522 -30.0000000000
3526 -29.0000000000
3542 -28.0000000000
3674 -27.0000000000
3736 -26.0000000000
3794 -25.0000000000
3831 -24.0000000000
3852 -23.0000000000
3857 -22.0000000000
3878 -20.0000000000
3884 -19.0000000000
4026 -18.0000000000
4176 -17.0000000000
4212 -16.0000000000
4273 -15.0000000000
4449 -14.0000000000
4512 -13.0000000000
4523 -12.0000000000
4597 -11.0000000000
4603 -10.0000000000
4608 -9.0000000000
4630 -8.0000000000
4656 -7.0000000000
4669 -6.0000000000
4714 -5.0000000000
4912 -4.0000000000
5031 -3.0000000000
5087 -2.0000000000
5101 -1.0000000000
5251 611.0000000000
5970 615.0000000000
6183 629.0000000000
7153 637.0000000000
8086 638.0000000000
8334 639.0000000000
9700 640.0000000000
10198 648.0000000000
10524 653.0000000000
11571 654.0000000000
11921 659.0000000000
12206 667.0000000000
12800 674.0000000000
12995 681.0000000000
15145 685.0000000000
23754 687.0000000000
25260 691.0000000000
36712 692.0000000000
38299 694.0000000000
65114 695.0000000000
68470 697.0000000000
71094 701.0000000000
81177 702.0000000000
100000 702.0000000000
evaluations raw_y
1 -362.0000000000
3 -361.0000000000
7 -360.0000000000
8 -359.0000000000
9 -358.0000000000
10 -354.0000000000
13 -353.0000000000
23 -351.0000000000
24 -350.0000000000
26 -348.0000000000
29 -347.0000000000
32 -346.0000000000
36 -344.0000000000
37 -343.0000000000
38 -341.0000000000
41 -340.0000000000
46 -339.0000000000
53 -338.0000000000
54 -337.0000000000
62 -336.0000000000
66 -335.0000000000
68 -334.0000000000
71 -332.0000000000
75 -329.0000000000
76 -328.0000000000
79 -327.0000000000
81 -326.0000000000
83 -325.0000000000
86 -324.0000000000
87 -322.0000000000
97 -320.0000000000
98 -318.0000000000
105 -316.0000000000
109 -315.0000000000
123 -314.0000000000
130 -313.0000000000
135 -312.0000000000
138 -311.0000000000
139 -310.0000000000
149 -308.0000000000
151 -307.0000000000
152 -306.0000000000
166 -305.0000000000
169 -304.0000000000
173 -302.0000000000
175 -301.0000000000
192 -300.0000000000
194 -299.0000000000
201 -298.0000000000
202 -296.0000000000
214 -295.0000000000
219 -293.0000000000
222 -292.0000000000
223 -291.0000000000
225 -290.0000000000
227 -289.0000000000
228 -288.0000000000
230 -287.0000000000
231 -286.0000000000
241 -285.0000000000
248 -284.0000000000
252 -283.0000000000
260 -282.0000000000
267 -281.0000000000
280 -280.0000000000
281 -279.0000000000
285 -278.0000000000
290 -276.0000000000
298 -274.0000000000
300 -273.0000000000
306 -272.0000000000
307 -270.0000000000
317 -269.0000000000
322 -268.0000000000
326 -267.0000000000
337 -266.0000000000
349 -265.0000000000
350 -264.0000000000
361 -263.0000000000
362 -262.0000000000
378 -261.0000000000
385 -260.0000000000
391 -258.0000000000
395 -257.0000000000
409 -256.0000000000
418 -255.0000000000
419 -254.0000000000
421 -253.0000000000
428 -252.0000000000
432 -250.0000000000
441 -249.0000000000
450 -248.0000000000
455 -247.0000000000
477 -246.0000000000
486 -244.0000000000
492 -243.0000000000
493 -242.0000000000
499 -241.0000000000
510 -240.0000000000
513 -239.0000000000
514 -238.0000000000
518 -237.0000000000
525 -236.0000000000
528 -235.0000000000
533 -234.0000000000
546 -233.0000000000
564 -231.0000000000
566 -230.0000000000
571 -228.0000000000
585 -227.0000000000
597 -226.0000000000
599 -225.0000000000
604 -223.0000000000
606 -222.0000000000
616 -221.0000000000
626 -220.0000000000
627 -219.0000000000
634 -218.0000000000
639 -217.0000000000
641 -216.0000000000
674 -215.0000000000
676 -214.0000000000
689 -213.0000000000
694 -212.0000000000
699 -211.0000000000
711 -210.0000000000
715 -209.0000000000
719 -208.0000000000
720 -207.0000000000
723 -206.0000000000
739 -205.0000000000
751 -204.0000000000
761 -203.0000000000
762 -202.0000000000
770 -201.0000000000
790 -200.0000000000
798 -199.0000000000
802 -198.0000000000
809 -196.0000000000
811 -194.0000000000
827 -193.0000000000
834 -192.0000000000
857 -191.0000000000
861 -190.0000000000
863 -189.0000000000
887 -188.0000000000
905 -187.0000000000
906 -186.0000000000
933 -185.0000000000
934 -184.0000000000
948 -183.0000000000
949 -182.0000000000
955 -181.0000000000
959 -180.0000000000
960 -179.0000000000
1002 -178.0000000000
1021 -177.0000000000
1029 -176.0000000000
1033 -175.0000000000
1045 -174.0000000000
1048 -173.0000000000
1052 -172.0000000000
1054 -171.0000000000
1088 -170.0000000000
1092 -169.0000000000
1105 -168.0000000000
1108 -167.0000000000
1122 -165.0000000000
1126 -164.0000000000
1131 -163.0000000000
1135 -162.0000000000
1144 -161.0000000000
1158 -160.0000000000
1159 -159.0000000000
1166 -158.0000000000
1170 -156.0000000000
1174 -154.0000000000
1181 -153.0000000000
1199 -152.0000000000
1212 -150.0000000000
1224 -149.0000000000
1225 -147.0000000000
1244 -146.0000000000
1271 -145.0000000000
1282 -144.0000000000
1296 -143.0000000000
1299 -142.0000000000
1300 -141.0000000000
1338 -140.0000000000
1342 -139.0000000000
1352 -137.0000000000
1376 -135.0000000000
1381 -134.0000000000
1401 -133.0000000000
1403 -132.0000000000
1410 -131.0000000000
1421 -130.0000000000
1430 -129.0000000000
1463 -128.0000000000
1469 -127.0000000000
1477 -126.0000000000
1478 -125.0000000000
1489 -124.0000000000
1529 -123.0000000000
1530 -122.0000000000
1531 -121.0000000000
1546 -120.0000000000
1549 -119.0000000000
1554 -118.0000000000
1567 -117.0000000000
1663 -116.0000000000
1667 -115.0000000000
1672 -114.0000000000
1676 -113.0000000000
1693 -112.0000000000
1700 -111.0000000000
1708 -110.0000000000
1714 -108.0000000000
1737 -107.0000000000
1744 -105.0000000000
1749 -104.0000000000
1753 -103.0000000000
1776 -102.0000000000
1778 -101.0000000000
1815 -100.0000000000
1826 -99.0000000000
1845 -98.0000000000
1854 -97.0000000000
1881 -96.0000000000
1899 -95.0000000000
1911 -94.0000000000
1917 -93.0000000000
1929 -92.0000000000
1944 -91.0000000000
1954 -90.0000000000
1986 -89.0000000000
1999 -88.0000000000
2006 -87.0000000000
2015 -86.0000000000
2025 -85.0000000000
2036 -84.0000000000
2054 -83.0000000000
2081 -82.0000000000
2086 -81.0000000000
2096 -80.0000000000
2116 -79.0000000000
2144 -78.0000000000
2158 -77.0000000000
2167 -76.0000000000
2178 -75.0000000000
2201 -74.0000000000
2206 -72.0000000000
2282 -71.0000000000
2293 -70.0000000000
2305 -69.0000000000
2325 -67.0000000000
2356 -66.0000000000
2449 -65.0000000000
2465 -64.0000000000
2469 -63.0000000000
2508 -62.0000000000
2509 -60.0000000000
2535 -59.0000000000
2566 -58.0000000000
2572 -57.0000000000
2596 -56.0000000000
2649 -55.0000000000
2668 -54.0000000000
2734 -53.0000000000
2792 -52.0000000000
2828 -51.0000000000
2908 -50.0000000000
3002 -49.0000000000
3019 -48.0000000000
3061 -47.0000000000
3091 -46.0000000000
3166 -45.0000000000
3185 -44.0000000000
3277 -43.0000000000
3301 -42.0000000000
3322 -41.0000000000
3347 -40.0000000000
3360 -39.0000000000
3385 -38.0000000000
3456 -37.0000000000
3499 -36.0000000000
3506 -35.0000000000
3532 -34.0000000000
3574 -33.0000000000
3576 -32.0000000000
3596 -31.0000000000
3710 -30.0000000000
3785 -29.0000000000
4154 -28.0000000000
4265 -27.0000000000
4270 -26.0000000000
4370 -25.0000000000
4556 -24.0000000000
4568 -23.0000000000
4623 -22.0000000000
4842 -21.0000000000
4958 -20.0000000000
5076 -19.0000000000
5136 -18.0000000000
5177 -17.0000000000
5179 -16.0000000000
5252 -15.0000000000
5325 -14.0000000000
5338 -13.0000000000
5374 -12.0000000000
5400 -11.0000000000
5411 -10.0000000000
5466 -9.0000000000
5471 -8.0000000000
5603 -7.0000000000
5665 -6.0000000000
5831 -5.0000000000
6229 -4.0000000000
6429 -3.0000000000
6858 -2.0000000000
6926 -1.0000000000
6979 566.0000000000
7011 607.0000000000
7197 613.0000000000
7583 617.0000000000
8578 631.0000000000
9256 639.0000000000
9608 642.0000000000
10985 644.0000000000
11065 647.0000000000
11238 649.0000000000
12517 655.0000000000
13296 658.0000000000
17244 662.0000000000
17514 678.0000000000
22723 682.0000000000
43463 684.0000000000
64009 685.0000000000
64912 687.0000000000
80305 688.0000000000
100000 -1.0000000000
