evaluations raw_y
1 -212.0000000000
3 -211.0000000000
4 -210.0000000000
6 -209.0000000000
7 -208.0000000000
10 -207.0000000000
11 -206.0000000000
13 -205.0000000000
15 -204.0000000000
18 -203.0000000000
21 -202.0000000000
22 -201.0000000000
23 -200.0000000000
26 -199.0000000000
27 -198.0000000000
28 -197.0000000000
29 -196.0000000000
30 -195.0000000000
37 -194.0000000000
38 -193.0000000000
40 -192.0000000000
42 -191.0000000000
44 -190.0000000000
45 -189.0000000000
49 -188.0000000000
55 -187.0000000000
57 -186.0000000000
58 -185.0000000000
59 -184.0000000000
61 -183.0000000000
62 -182.0000000000
63 -181.0000000000
66 -180.0000000000
76 -179.0000000000
78 -178.0000000000
80 -177.0000000000
81 -176.0000000000
82 -175.0000000000
83 -174.0000000000
92 -173.0000000000
99 -172.0000000000
103 -171.0000000000
107 -170.0000000000
108 -169.0000000000
109 -168.0000000000
111 -167.0000000000
115 -166.0000000000
116 -165.0000000000
118 -164.0000000000
120 -163.0000000000
122 -162.0000000000
123 -161.0000000000
126 -160.0000000000
128 -159.0000000000
129 -158.0000000000
139 -157.0000000000
142 -156.0000000000
143 -155.0000000000
149 -154.0000000000
151 -153.0000000000
156 -152.0000000000
159 -151.0000000000
160 -150.0000000000
163 -149.0000000000
169 -148.0000000000
175 -147.0000000000
180 -146.0000000000
185 -145.0000000000
196 -144.0000000000
198 -143.0000000000
210 -142.0000000000
216 -141.0000000000
221 -140.0000000000
227 -139.0000000000
233 -138.0000000000
235 -137.0000000000
236 -136.0000000000
237 -135.0000000000
238 -134.0000000000
239 -133.0000000000
244 -132.0000000000
246 -131.0000000000
247 -130.0000000000
249 -129.0000000000
262 -128.0000000000
263 -127.0000000000
266 -126.0000000000
268 -125.0000000000
271 -124.0000000000
282 -123.0000000000
291 -122.0000000000
298 -121.0000000000
299 -120.0000000000
300 -119.0000000000
302 -118.0000000000
305 -117.0000000000
306 -116.0000000000
308 -115.0000000000
316 -114.0000000000
317 -113.0000000000
319 -112.0000000000
331 -111.0000000000
335 -110.0000000000
336 -109.0000000000
338 -108.0000000000
342 -107.0000000000
344 -106.0000000000
346 -105.0000000000
351 -104.0000000000
354 -103.0000000000
369 -102.0000000000
375 -101.0000000000
376 -100.0000000000
381 -99.0000000000
387 -98.0000000000
396 -97.0000000000
397 -96.0000000000
402 -95.0000000000
403 -94.0000000000
411 -93.0000000000
412 -92.0000000000
413 -91.0000000000
415 -90.0000000000
421 -89.0000000000
428 -88.0000000000
436 -87.0000000000
440 -86.0000000000
443 -85.0000000000
448 -84.0000000000
455 -83.0000000000
456 -82.0000000000
463 -81.0000000000
466 -80.0000000000
475 -79.0000000000
476 -78.0000000000
481 -77.0000000000
487 -76.0000000000
488 -75.0000000000
492 -74.0000000000
510 -73.0000000000
514 -72.0000000000
515 -71.0000000000
525 -70.0000000000
527 -69.0000000000
530 -68.0000000000
532 -67.0000000000
533 -66.0000000000
540 -65.0000000000
544 -64.0000000000
545 -63.0000000000
552 -62.0000000000
564 -61.0000000000
569 -60.0000000000
601 -59.0000000000
613 -58.0000000000
622 -57.0000000000
623 -56.0000000000
626 -55.0000000000
630 -54.0000000000
633 -53.0000000000
634 -52.0000000000
641 -51.0000000000
642 -50.0000000000
644 -49.0000000000
662 -48.0000000000
666 -47.0000000000
667 -46.0000000000
676 -45.0000000000
678 -44.0000000000
685 -43.0000000000
687 -42.0000000000
690 -41.0000000000
693 -40.0000000000
696 -39.0000000000
703 -38.0000000000
712 -37.0000000000
742 -36.0000000000
743 -35.0000000000
759 -34.0000000000
790 -33.0000000000
793 -32.0000000000
797 -31.0000000000
803 -30.0000000000
805 -29.0000000000
806 -28.0000000000
814 -27.0000000000
847 -26.0000000000
891 -25.0000000000
897 -24.0000000000
915 -23.0000000000
916 -22.0000000000
936 -21.0000000000
944 -20.0000000000
948 -19.0000000000
965 -18.0000000000
966 -17.0000000000
987 -16.0000000000
989 -15.0000000000
1010 -14.0000000000
1022 -13.0000000000
1056 -12.0000000000
1075 -11.0000000000
1086 -10.0000000000
1117 -9.0000000000
1126 -8.0000000000
1144 -7.0000000000
1199 -6.0000000000
1226 -5.0000000000
1247 -4.0000000000
1278 -3.0000000000
1295 -2.0000000000
1301 -1.0000000000
1320 383.0000000000
10000 -1.0000000000
evaluations raw_y
1 -233.0000000000
3 -232.0000000000
4 -231.0000000000
6 -230.0000000000
7 -229.0000000000
8 -228.0000000000
10 -227.0000000000
11 -226.0000000000
12 -225.0000000000
14 -224.0000000000
16 -223.0000000000
17 -222.0000000000
19 -221.0000000000
20 -220.0000000000
21 -219.0000000000
22 -218.0000000000
24 -217.0000000000
25 -216.0000000000
26 -215.0000000000
27 -214.0000000000
28 -213.0000000000
30 -212.0000000000
31 -211.0000000000
32 -210.0000000000
33 -209.0000000000
35 -208.0000000000
36 -207.0000000000
39 -206.0000000000
44 -205.0000000000
45 -204.0000000000
46 -203.0000000000
47 -202.0000000000
48 -201.0000000000
49 -200.0000000000
51 -199.0000000000
54 -198.0000000000
58 -197.0000000000
60 -196.0000000000
62 -195.0000000000
63 -194.0000000000
64 -193.0000000000
67 -192.0000000000
69 -191.0000000000
70 -190.0000000000
71 -189.0000000000
72 -188.0000000000
74 -187.0000000000
75 -186.0000000000
76 -185.0000000000
78 -184.0000000000
81 -183.0000000000
85 -182.0000000000
86 -181.0000000000
87 -180.0000000000
88 -179.0000000000
90 -178.0000000000
91 -177.0000000000
100 -176.0000000000
105 -175.0000000000
110 -174.0000000000
113 -173.0000000000
114 -172.0000000000
123 -171.0000000000
125 -170.0000000000
126 -169.0000000000
127 -168.0000000000
131 -167.0000000000
134 -166.0000000000
135 -165.0000000000
136 -164.0000000000
137 -163.0000000000
141 -162.0000000000
142 -161.0000000000
146 -160.0000000000
147 -159.0000000000
148 -158.0000000000
150 -157.0000000000
153 -156.0000000000
159 -155.0000000000
164 -154.0000000000
169 -153.0000000000
171 -152.0000000000
174 -151.0000000000
178 -150.0000000000
182 -149.0000000000
185 -148.0000000000
186 -147.0000000000
193 -146.0000000000
194 -145.0000000000
198 -144.0000000000
199 -143.0000000000
202 -142.0000000000
204 -141.0000000000
205 -140.0000000000
206 -139.0000000000
211 -138.0000000000
213 -137.0000000000
214 -136.0000000000
218 -135.0000000000
219 -134.0000000000
221 -133.0000000000
222 -132.0000000000
223 -131.0000000000
227 -130.0000000000
228 -129.0000000000
230 -128.0000000000
232 -127.0000000000
234 -126.0000000000
238 -125.0000000000
246 -124.0000000000
255 -123.0000000000
256 -122.0000000000
257 -121.0000000000
258 -120.0000000000
265 -119.0000000000
271 -118.0000000000
274 -117.0000000000
278 -116.0000000000
289 -115.0000000000
290 -114.0000000000
292 -113.0000000000
293 -112.0000000000
294 -111.0000000000
302 -110.0000000000
303 -109.0000000000
304 -108.0000000000
309 -107.0000000000
317 -106.0000000000
321 -105.0000000000
329 -104.0000000000
330 -103.0000000000
332 -102.0000000000
334 -101.0000000000
337 -100.0000000000
338 -99.0000000000
342 -98.0000000000
343 -97.0000000000
347 -96.0000000000
351 -95.0000000000
352 -94.0000000000
353 -93.0000000000
356 -92.0000000000
357 -91.0000000000
359 -90.0000000000
366 -89.0000000000
368 -88.0000000000
377 -87.0000000000
379 -86.0000000000
384 -85.0000000000
386 -84.0000000000
388 -83.0000000000
391 -82.0000000000
392 -81.0000000000
401 -80.0000000000
403 -79.0000000000
409 -78.0000000000
414 -77.0000000000
422 -76.0000000000
426 -75.0000000000
431 -74.0000000000
433 -73.0000000000
438 -72.0000000000
440 -71.0000000000
461 -70.0000000000
467 -69.0000000000
480 -68.0000000000
486 -67.0000000000
501 -66.0000000000
511 -65.0000000000
512 -64.0000000000
522 -63.0000000000
525 -62.0000000000
534 -61.0000000000
541 -60.0000000000
542 -59.0000000000
547 -58.0000000000
549 -57.0000000000
564 -56.0000000000
578 -55.0000000000
581 -54.0000000000
585 -53.0000000000
592 -52.0000000000
595 -51.0000000000
596 -50.0000000000
598 -49.0000000000
606 -48.0000000000
608 -47.0000000000
616 -46.0000000000
617 -45.0000000000
637 -44.0000000000
638 -43.0000000000
650 -42.0000000000
667 -41.0000000000
668 -40.0000000000
673 -39.0000000000
682 -38.0000000000
696 -37.0000000000
713 -36.0000000000
722 -35.0000000000
727 -34.0000000000
733 -33.0000000000
741 -32.0000000000
743 -31.0000000000
748 -30.0000000000
757 -29.0000000000
758 -28.0000000000
761 -27.0000000000
784 -26.0000000000
789 -25.0000000000
791 -24.0000000000
797 -23.0000000000
800 -22.0000000000
801 -21.0000000000
815 -20.0000000000
818 -19.0000000000
819 -18.0000000000
823 -17.0000000000
846 -16.0000000000
879 -15.0000000000
886 -14.0000000000
888 -13.0000000000
908 -12.0000000000
928 -11.0000000000
936 -10.0000000000
946 -9.0000000000
968 -8.0000000000
1040 -7.0000000000
1046 -6.0000000000
1067 -5.0000000000
1076 -4.0000000000
1095 -3.0000000000
1153 -2.0000000000
1202 -1.0000000000
1311 389.0000000000
10000 366.0000000000
evaluations raw_y
1 -205.0000000000
2 -204.0000000000
4 -203.0000000000
5 -202.0000000000
6 -201.0000000000
7 -200.0000000000
9 -199.0000000000
10 -198.0000000000
13 -197.0000000000
18 -196.0000000000
21 -195.0000000000
24 -194.0000000000
25 -193.0000000000
28 -192.0000000000
31 -191.0000000000
35 -190.0000000000
39 -189.0000000000
44 -188.0000000000
47 -187.0000000000
50 -186.0000000000
52 -185.0000000000
54 -184.0000000000
56 -183.0000000000
57 -182.0000000000
60 -181.0000000000
62 -180.0000000000
65 -179.0000000000
66 -178.0000000000
67 -177.0000000000
68 -176.0000000000
74 -175.0000000000
75 -174.0000000000
76 -173.0000000000
77 -172.0000000000
78 -171.0000000000
79 -170.0000000000
80 -169.0000000000
84 -168.0000000000
91 -167.0000000000
92 -166.0000000000
95 -165.0000000000
96 -164.0000000000
97 -163.0000000000
101 -162.0000000000
104 -161.0000000000
105 -160.0000000000
106 -159.0000000000
108 -158.0000000000
115 -157.0000000000
122 -156.0000000000
125 -155.0000000000
131 -154.0000000000
133 -153.0000000000
134 -152.0000000000
137 -151.0000000000
138 -150.0000000000
139 -149.0000000000
144 -148.0000000000
148 -147.0000000000
154 -146.0000000000
155 -145.0000000000
158 -144.0000000000
159 -143.0000000000
162 -142.0000000000
165 -141.0000000000
167 -140.0000000000
172 -139.0000000000
173 -138.0000000000
175 -137.0000000000
177 -136.0000000000
183 -135.0000000000
184 -134.0000000000
186 -133.0000000000
190 -132.0000000000
192 -131.0000000000
196 -130.0000000000
198 -129.0000000000
200 -128.0000000000
203 -127.0000000000
205 -126.0000000000
213 -125.0000000000
216 -124.0000000000
217 -123.0000000000
221 -122.0000000000
223 -121.0000000000
224 -120.0000000000
225 -119.0000000000
229 -118.0000000000
230 -117.0000000000
233 -116.0000000000
234 -115.0000000000
235 -114.0000000000
249 -113.0000000000
250 -112.0000000000
260 -111.0000000000
262 -110.0000000000
271 -109.0000000000
278 -108.0000000000
280 -107.0000000000
281 -106.0000000000
282 -105.0000000000
292 -104.0000000000
301 -103.0000000000
305 -102.0000000000
307 -101.0000000000
313 -100.0000000000
315 -99.0000000000
319 -98.0000000000
322 -97.0000000000
324 -96.0000000000
330 -95.0000000000
331 -94.0000000000
337 -93.0000000000
341 -92.0000000000
344 -91.0000000000
347 -90.0000000000
353 -89.0000000000
357 -88.0000000000
359 -87.0000000000
365 -86.0000000000
369 -85.0000000000
375 -84.0000000000
377 -83.0000000000
385 -82.0000000000
392 -81.0000000000
393 -80.0000000000
409 -79.0000000000
410 -78.0000000000
422 -77.0000000000
428 -76.0000000000
439 -75.0000000000
442 -74.0000000000
446 -73.0000000000
452 -72.0000000000
453 -71.0000000000
458 -70.0000000000
462 -69.0000000000
475 -68.0000000000
478 -67.0000000000
498 -66.0000000000
501 -65.0000000000
502 -64.0000000000
503 -63.0000000000
509 -62.0000000000
513 -61.0000000000
514 -60.0000000000
535 -59.0000000000
540 -58.0000000000
554 -57.0000000000
560 -56.0000000000
571 -55.0000000000
574 -54.0000000000
585 -53.0000000000
588 -52.0000000000
590 -51.0000000000
592 -50.0000000000
595 -49.0000000000
599 -48.0000000000
603 -47.0000000000
605 -46.0000000000
608 -45.0000000000
627 -44.0000000000
634 -43.0000000000
642 -42.0000000000
651 -41.0000000000
656 -40.0000000000
681 -39.0000000000
693 -38.0000000000
704 -37.0000000000
707 -36.0000000000
715 -35.0000000000
728 -34.0000000000
731 -33.0000000000
738 -32.0000000000
746 -31.0000000000
774 -30.0000000000
775 -29.0000000000
778 -28.0000000000
780 -27.0000000000
788 -26.0000000000
795 -25.0000000000
824 -24.0000000000
831 -23.0000000000
835 -22.0000000000
854 -21.0000000000
862 -20.0000000000
879 -19.0000000000
884 -18.0000000000
893 -17.0000000000
921 -16.0000000000
933 -15.0000000000
942 -14.0000000000
945 -13.0000000000
975 -12.0000000000
1004 -11.0000000000
1053 -10.0000000000
1068 -9.0000000000
1114 -8.0000000000
1134 -7.0000000000
1199 -6.0000000000
1215 -5.0000000000
1247 -4.0000000000
1261 -3.0000000000
1274 -2.0000000000
1285 -1.0000000000
1403 376.0000000000
10000 -1.0000000000
evaluations raw_y
1 -212.0000000000
4 -211.0000000000
7 -210.0000000000
9 -209.0000000000
13 -208.0000000000
14 -207.0000000000
16 -206.0000000000
18 -205.0000000000
19 -204.0000000000
22 -203.0000000000
23 -202.0000000000
24 -201.0000000000
25 -200.0000000000
27 -199.0000000000
29 -198.0000000000
32 -197.0000000000
38 -196.0000000000
39 -195.0000000000
40 -194.0000000000
41 -193.0000000000
43 -192.0000000000
45 -191.0000000000
46 -190.0000000000
48 -189.0000000000
49 -188.0000000000
51 -187.0000000000
52 -186.0000000000
57 -185.0000000000
58 -184.0000000000
61 -183.0000000000
63 -182.0000000000
68 -181.0000000000
69 -180.0000000000
71 -179.0000000000
73 -178.0000000000
74 -177.0000000000
75 -176.0000000000
76 -175.0000000000
77 -174.0000000000
78 -173.0000000000
79 -172.0000000000
81 -171.0000000000
82 -170.0000000000
84 -169.0000000000
86 -168.0000000000
90 -167.0000000000
91 -166.0000000000
93 -165.0000000000
94 -164.0000000000
96 -163.0000000000
97 -162.0000000000
98 -161.0000000000
99 -160.0000000000
100 -159.0000000000
102 -158.0000000000
104 -157.0000000000
109 -156.0000000000
111 -155.0000000000
116 -154.0000000000
120 -153.0000000000
121 -152.0000000000
123 -151.0000000000
125 -150.0000000000
129 -149.0000000000
132 -148.0000000000
133 -147.0000000000
134 -146.0000000000
135 -145.0000000000
140 -144.0000000000
142 -143.0000000000
147 -142.0000000000
151 -141.0000000000
156 -140.0000000000
162 -139.0000000000
164 -138.0000000000
165 -137.0000000000
170 -136.0000000000
171 -135.0000000000
174 -134.0000000000
186 -133.0000000000
187 -132.0000000000
192 -131.0000000000
199 -130.0000000000
201 -129.0000000000
207 -128.0000000000
215 -127.0000000000
230 -126.0000000000
240 -125.0000000000
247 -124.0000000000
250 -123.0000000000
252 -122.0000000000
254 -121.0000000000
261 -120.0000000000
270 -119.0000000000
271 -118.0000000000
273 -117.0000000000
274 -116.0000000000
276 -115.0000000000
277 -114.0000000000
280 -113.0000000000
281 -112.0000000000
283 -111.0000000000
286 -110.0000000000
289 -109.0000000000
294 -108.0000000000
295 -107.0000000000
296 -106.0000000000
306 -105.0000000000
309 -104.0000000000
311 -103.0000000000
315 -102.0000000000
316 -101.0000000000
319 -100.0000000000
321 -99.0000000000
324 -98.0000000000
335 -97.0000000000
337 -96.0000000000
339 -95.0000000000
340 -94.0000000000
341 -93.0000000000
347 -92.0000000000
355 -91.0000000000
359 -90.0000000000
363 -89.0000000000
364 -88.0000000000
375 -87.0000000000
377 -86.0000000000
380 -85.0000000000
400 -84.0000000000
404 -83.0000000000
411 -82.0000000000
412 -81.0000000000
413 -80.0000000000
417 -79.0000000000
419 -78.0000000000
422 -77.0000000000
423 -76.0000000000
430 -75.0000000000
436 -74.0000000000
441 -73.0000000000
444 -72.0000000000
447 -71.0000000000
454 -70.0000000000
459 -69.0000000000
461 -68.0000000000
462 -67.0000000000
465 -66.0000000000
471 -65.0000000000
473 -64.0000000000
482 -63.0000000000
485 -62.0000000000
500 -61.0000000000
521 -60.0000000000
524 -59.0000000000
537 -58.0000000000
539 -57.0000000000
544 -56.0000000000
550 -55.0000000000
551 -54.0000000000
556 -53.0000000000
561 -52.0000000000
568 -51.0000000000
569 -50.0000000000
577 -49.0000000000
579 -48.0000000000
584 -47.0000000000
590 -46.0000000000
596 -45.0000000000
605 -44.0000000000
606 -43.0000000000
608 -42.0000000000
611 -41.0000000000
616 -40.0000000000
622 -39.0000000000
646 -38.0000000000
660 -37.0000000000
685 -36.0000000000
694 -35.0000000000
707 -34.0000000000
714 -33.0000000000
725 -32.0000000000
737 -31.0000000000
742 -30.0000000000
765 -29.0000000000
768 -28.0000000000
772 -27.0000000000
794 -26.0000000000
795 -25.0000000000
814 -24.0000000000
816 -23.0000000000
818 -22.0000000000
854 -21.0000000000
861 -20.0000000000
879 -19.0000000000
889 -18.0000000000
903 -17.0000000000
919 -16.0000000000
936 -15.0000000000
945 -14.0000000000
974 -13.0000000000
994 -12.0000000000
1024 -11.0000000000
1028 -10.0000000000
1034 -9.0000000000
1076 -8.0000000000
1111 -7.0000000000
1186 -6.0000000000
1228 -5.0000000000
1258 -4.0000000000
1328 -3.0000000000
1334 -2.0000000000
1335 -1.0000000000
1346 376.0000000000
10000 -1.0000000000
evaluations raw_y
1 -201.0000000000
3 -200.0000000000
6 -199.0000000000
7 -198.0000000000
8 -197.0000000000
9 -196.0000000000
11 -195.0000000000
14 -194.0000000000
18 -193.0000000000
19 -192.0000000000
20 -191.0000000000
21 -190.0000000000
23 -189.0000000000
26 -188.0000000000
27 -187.0000000000
33 -186.0000000000
38 -185.0000000000
39 -184.0000000000
40 -183.0000000000
42 -182.0000000000
44 -181.0000000000
47 -180.0000000000
49 -179.0000000000
51 -178.0000000000
52 -177.0000000000
53 -176.0000000000
55 -175.0000000000
56 -174.0000000000
57 -173.0000000000
59 -172.0000000000
64 -171.0000000000
65 -170.0000000000
69 -169.0000000000
72 -168.0000000000
79 -167.0000000000
88 -166.0000000000
91 -165.0000000000
93 -164.0000000000
98 -163.0000000000
100 -162.0000000000
101 -161.0000000000
102 -160.0000000000
104 -159.0000000000
105 -158.0000000000
106 -157.0000000000
107 -156.0000000000
111 -155.0000000000
113 -154.0000000000
116 -153.0000000000
119 -152.0000000000
120 -151.0000000000
122 -150.0000000000
125 -149.0000000000
129 -148.0000000000
131 -147.0000000000
132 -146.0000000000
142 -145.0000000000
145 -144.0000000000
150 -143.0000000000
155 -142.0000000000
158 -141.0000000000
169 -140.0000000000
170 -139.0000000000
175 -138.0000000000
178 -137.0000000000
180 -136.0000000000
182 -135.0000000000
193 -134.0000000000
196 -133.0000000000
199 -132.0000000000
201 -131.0000000000
202 -130.0000000000
205 -129.0000000000
207 -128.0000000000
208 -127.0000000000
209 -126.0000000000
210 -125.0000000000
211 -124.0000000000
214 -123.0000000000
215 -122.0000000000
218 -121.0000000000
219 -120.0000000000
221 -119.0000000000
223 -118.0000000000
231 -117.0000000000
232 -116.0000000000
233 -115.0000000000
234 -114.0000000000
249 -113.0000000000
258 -112.0000000000
267 -111.0000000000
274 -110.0000000000
277 -109.0000000000
281 -108.0000000000
287 -107.0000000000
289 -106.0000000000
290 -105.0000000000
295 -104.0000000000
297 -103.0000000000
299 -102.0000000000
305 -101.0000000000
306 -100.0000000000
310 -99.0000000000
314 -98.0000000000
315 -97.0000000000
317 -96.0000000000
326 -95.0000000000
328 -94.0000000000
332 -93.0000000000
336 -92.0000000000
344 -91.0000000000
348 -90.0000000000
354 -89.0000000000
365 -88.0000000000
373 -87.0000000000
375 -86.0000000000
382 -85.0000000000
400 -84.0000000000
416 -83.0000000000
419 -82.0000000000
425 -81.0000000000
430 -80.0000000000
435 -79.0000000000
438 -78.0000000000
440 -77.0000000000
442 -76.0000000000
446 -75.0000000000
447 -74.0000000000
456 -73.0000000000
457 -72.0000000000
461 -71.0000000000
462 -70.0000000000
463 -69.0000000000
469 -68.0000000000
472 -67.0000000000
473 -66.0000000000
477 -65.0000000000
492 -64.0000000000
495 -63.0000000000
499 -62.0000000000
506 -61.0000000000
522 -60.0000000000
539 -59.0000000000
542 -58.0000000000
543 -57.0000000000
544 -56.0000000000
546 -55.0000000000
547 -54.0000000000
559 -53.0000000000
560 -52.0000000000
564 -51.0000000000
567 -50.0000000000
589 -49.0000000000
594 -48.0000000000
600 -47.0000000000
621 -46.0000000000
624 -45.0000000000
639 -44.0000000000
640 -43.0000000000
650 -42.0000000000
655 -41.0000000000
661 -40.0000000000
663 -39.0000000000
671 -38.0000000000
680 -37.0000000000
694 -36.0000000000
698 -35.0000000000
699 -34.0000000000
711 -33.0000000000
727 -32.0000000000
734 -31.0000000000
769 -30.0000000000
784 -29.0000000000
816 -28.0000000000
837 -27.0000000000
852 -26.0000000000
858 -25.0000000000
860 -24.0000000000
879 -23.0000000000
897 -22.0000000000
898 -21.0000000000
899 -20.0000000000
919 -19.0000000000
921 -18.0000000000
953 -17.0000000000
961 -16.0000000000
964 -15.0000000000
968 -14.0000000000
975 -13.0000000000
983 -12.0000000000
1003 -11.0000000000
1007 -10.0000000000
1011 -9.0000000000
1030 -8.0000000000
1064 -7.0000000000
1078 -6.0000000000
1108 -5.0000000000
1136 -4.0000000000
1171 -3.0000000000
1195 -2.0000000000
1215 -1.0000000000
1268 408.0000000000
10000 -1.0000000000
evaluations raw_y
1 -216.0000000000
3 -215.0000000000
5 -214.0000000000
6 -213.0000000000
7 -212.0000000000
9 -211.0000000000
10 -210.0000000000
13 -209.0000000000
22 -208.0000000000
27 -207.0000000000
28 -206.0000000000
29 -205.0000000000
30 -204.0000000000
31 -203.0000000000
32 -202.0000000000
35 -201.0000000000
36 -200.0000000000
37 -199.0000000000
39 -198.0000000000
42 -197.0000000000
45 -196.0000000000
46 -195.0000000000
48 -194.0000000000
50 -193.0000000000
52 -192.0000000000
53 -191.0000000000
56 -190.0000000000
57 -189.0000000000
58 -188.0000000000
63 -187.0000000000
65 -186.0000000000
66 -185.0000000000
67 -184.0000000000
71 -183.0000000000
74 -182.0000000000
76 -181.0000000000
78 -180.0000000000
81 -179.0000000000
82 -178.0000000000
88 -177.0000000000
90 -176.0000000000
95 -175.0000000000
97 -174.0000000000
98 -173.0000000000
99 -172.0000000000
103 -171.0000000000
104 -170.0000000000
106 -169.0000000000
107 -168.0000000000
109 -167.0000000000
110 -166.0000000000
114 -165.0000000000
116 -164.0000000000
117 -163.0000000000
119 -162.0000000000
120 -161.0000000000
121 -160.0000000000
124 -159.0000000000
125 -158.0000000000
128 -157.0000000000
131 -156.0000000000
132 -155.0000000000
134 -154.0000000000
136 -153.0000000000
137 -152.0000000000
138 -151.0000000000
139 -150.0000000000
142 -149.0000000000
144 -148.0000000000
150 -147.0000000000
151 -146.0000000000
153 -145.0000000000
156 -144.0000000000
158 -143.0000000000
162 -142.0000000000
165 -141.0000000000
170 -140.0000000000
172 -139.0000000000
182 -138.0000000000
187 -137.0000000000
192 -136.0000000000
193 -135.0000000000
195 -134.0000000000
196 -133.0000000000
197 -132.0000000000
198 -131.0000000000
200 -130.0000000000
202 -129.0000000000
203 -128.0000000000
206 -127.0000000000
207 -126.0000000000
215 -125.0000000000
216 -124.0000000000
218 -123.0000000000
223 -122.0000000000
239 -121.0000000000
243 -120.0000000000
247 -119.0000000000
248 -118.0000000000
249 -117.0000000000
250 -116.0000000000
251 -115.0000000000
252 -114.0000000000
255 -113.0000000000
266 -112.0000000000
269 -111.0000000000
273 -110.0000000000
277 -109.0000000000
280 -108.0000000000
287 -107.0000000000
297 -106.0000000000
300 -105.0000000000
301 -104.0000000000
304 -103.0000000000
306 -102.0000000000
308 -101.0000000000
312 -100.0000000000
314 -99.0000000000
316 -98.0000000000
321 -97.0000000000
329 -96.0000000000
331 -95.0000000000
332 -94.0000000000
334 -93.0000000000
337 -92.0000000000
340 -91.0000000000
356 -90.0000000000
361 -89.0000000000
372 -88.0000000000
376 -87.0000000000
378 -86.0000000000
388 -85.0000000000
409 -84.0000000000
429 -83.0000000000
430 -82.0000000000
431 -81.0000000000
439 -80.0000000000
440 -79.0000000000
453 -78.0000000000
455 -77.0000000000
457 -76.0000000000
458 -75.0000000000
473 -74.0000000000
478 -73.0000000000
479 -72.0000000000
490 -71.0000000000
492 -70.0000000000
504 -69.0000000000
505 -68.0000000000
510 -67.0000000000
513 -66.0000000000
515 -65.0000000000
519 -64.0000000000
522 -63.0000000000
523 -62.0000000000
539 -61.0000000000
541 -60.0000000000
562 -59.0000000000
573 -58.0000000000
574 -57.0000000000
575 -56.0000000000
577 -55.0000000000
590 -54.0000000000
593 -53.0000000000
599 -52.0000000000
601 -51.0000000000
604 -50.0000000000
616 -49.0000000000
621 -48.0000000000
624 -47.0000000000
650 -46.0000000000
656 -45.0000000000
659 -44.0000000000
662 -43.0000000000
683 -42.0000000000
686 -41.0000000000
695 -40.0000000000
707 -39.0000000000
720 -38.0000000000
728 -37.0000000000
740 -36.0000000000
755 -35.0000000000
769 -34.0000000000
778 -33.0000000000
786 -32.0000000000
793 -31.0000000000
798 -30.0000000000
821 -29.0000000000
833 -28.0000000000
835 -27.0000000000
836 -26.0000000000
844 -25.0000000000
846 -24.0000000000
856 -23.0000000000
892 -22.0000000000
905 -21.0000000000
923 -20.0000000000
963 -19.0000000000
966 -18.0000000000
978 -17.0000000000
980 -16.0000000000
1003 -15.0000000000
1050 -14.0000000000
1092 -13.0000000000
1109 -12.0000000000
1123 -11.0000000000
1129 -10.0000000000
1141 -9.0000000000
1169 -8.0000000000
1170 -7.0000000000
1178 -6.0000000000
1202 -5.0000000000
1271 -4.0000000000
1318 -3.0000000000
1361 -2.0000000000
1385 -1.0000000000
1393 392.0000000000
10000 -1.0000000000
evaluations raw_y
1 -215.0000000000
3 -214.0000000000
6 -213.0000000000
8 -212.0000000000
10 -211.0000000000
11 -210.0000000000
13 -209.0000000000
15 -208.0000000000
17 -207.0000000000
19 -206.0000000000
24 -205.0000000000
26 -204.0000000000
27 -203.0000000000
28 -202.0000000000
30 -201.0000000000
31 -200.0000000000
34 -199.0000000000
35 -198.0000000000
37 -197.0000000000
38 -196.0000000000
42 -195.0000000000
44 -194.0000000000
49 -193.0000000000
54 -192.0000000000
56 -191.0000000000
57 -190.0000000000
61 -189.0000000000
66 -188.0000000000
68 -187.0000000000
70 -186.0000000000
71 -185.0000000000
74 -184.0000000000
75 -183.0000000000
77 -182.0000000000
78 -181.0000000000
79 -180.0000000000
83 -179.0000000000
84 -178.0000000000
91 -177.0000000000
96 -176.0000000000
97 -175.0000000000
100 -174.0000000000
102 -173.0000000000
104 -172.0000000000
105 -171.0000000000
106 -170.0000000000
108 -169.0000000000
109 -168.0000000000
111 -167.0000000000
112 -166.0000000000
113 -165.0000000000
116 -164.0000000000
117 -163.0000000000
119 -162.0000000000
122 -161.0000000000
123 -160.0000000000
126 -159.0000000000
127 -158.0000000000
128 -157.0000000000
131 -156.0000000000
135 -155.0000000000
136 -154.0000000000
139 -153.0000000000
140 -152.0000000000
143 -151.0000000000
147 -150.0000000000
148 -149.0000000000
154 -148.0000000000
155 -147.0000000000
158 -146.0000000000
161 -145.0000000000
163 -144.0000000000
166 -143.0000000000
172 -142.0000000000
173 -141.0000000000
179 -140.0000000000
181 -139.0000000000
185 -138.0000000000
190 -137.0000000000
191 -136.0000000000
192 -135.0000000000
197 -134.0000000000
199 -133.0000000000
203 -132.0000000000
204 -131.0000000000
207 -130.0000000000
208 -129.0000000000
211 -128.0000000000
214 -127.0000000000
218 -126.0000000000
219 -125.0000000000
222 -124.0000000000
223 -123.0000000000
225 -122.0000000000
231 -121.0000000000
232 -120.0000000000
233 -119.0000000000
234 -118.0000000000
240 -117.0000000000
245 -116.0000000000
247 -115.0000000000
249 -114.0000000000
252 -113.0000000000
253 -112.0000000000
262 -111.0000000000
270 -110.0000000000
271 -109.0000000000
273 -108.0000000000
275 -107.0000000000
276 -106.0000000000
278 -105.0000000000
284 -104.0000000000
288 -103.0000000000
293 -102.0000000000
296 -101.0000000000
298 -100.0000000000
304 -99.0000000000
305 -98.0000000000
309 -97.0000000000
322 -96.0000000000
327 -95.0000000000
331 -94.0000000000
332 -93.0000000000
337 -92.0000000000
339 -91.0000000000
341 -90.0000000000
342 -89.0000000000
347 -88.0000000000
349 -87.0000000000
352 -86.0000000000
354 -85.0000000000
361 -84.0000000000
362 -83.0000000000
364 -82.0000000000
365 -81.0000000000
372 -80.0000000000
373 -79.0000000000
374 -78.0000000000
376 -77.0000000000
378 -76.0000000000
379 -75.0000000000
381 -74.0000000000
382 -73.0000000000
387 -72.0000000000
390 -71.0000000000
393 -70.0000000000
395 -69.0000000000
399 -68.0000000000
413 -67.0000000000
416 -66.0000000000
420 -65.0000000000
422 -64.0000000000
424 -63.0000000000
428 -62.0000000000
433 -61.0000000000
434 -60.0000000000
455 -59.0000000000
456 -58.0000000000
466 -57.0000000000
468 -56.0000000000
475 -55.0000000000
479 -54.0000000000
487 -53.0000000000
534 -52.0000000000
551 -51.0000000000
561 -50.0000000000
567 -49.0000000000
572 -48.0000000000
583 -47.0000000000
599 -46.0000000000
608 -45.0000000000
615 -44.0000000000
617 -43.0000000000
622 -42.0000000000
630 -41.0000000000
639 -40.0000000000
645 -39.0000000000
649 -38.0000000000
650 -37.0000000000
694 -36.0000000000
695 -35.0000000000
703 -34.0000000000
717 -33.0000000000
719 -32.0000000000
720 -31.0000000000
736 -30.0000000000
738 -29.0000000000
746 -28.0000000000
782 -27.0000000000
802 -26.0000000000
839 -25.0000000000
853 -24.0000000000
861 -23.0000000000
872 -22.0000000000
873 -21.0000000000
888 -20.0000000000
917 -19.0000000000
925 -18.0000000000
942 -17.0000000000
960 -16.0000000000
1003 -15.0000000000
1018 -14.0000000000
1026 -13.0000000000
1055 -12.0000000000
1066 -11.0000000000
1090 -10.0000000000
1092 -9.0000000000
1207 -8.0000000000
1264 -7.0000000000
1279 -6.0000000000
1284 -5.0000000000
1334 -4.0000000000
1362 -3.0000000000
1380 -2.0000000000
1394 -1.0000000000
1401 380.0000000000
10000 -1.0000000000
evaluations raw_y
1 -212.0000000000
2 -211.0000000000
3 -210.0000000000
4 -209.0000000000
6 -208.0000000000
7 -207.0000000000
8 -206.0000000000
9 -205.0000000000
10 -204.0000000000
11 -203.0000000000
12 -202.0000000000
14 -201.0000000000
17 -200.0000000000
20 -199.0000000000
21 -198.0000000000
26 -197.0000000000
30 -196.0000000000
31 -195.0000000000
34 -194.0000000000
35 -193.0000000000
36 -192.0000000000
38 -191.0000000000
39 -190.0000000000
43 -189.0000000000
45 -188.0000000000
46 -187.0000000000
48 -186.0000000000
49 -185.0000000000
50 -184.0000000000
52 -183.0000000000
55 -182.0000000000
56 -181.0000000000
58 -180.0000000000
61 -179.0000000000
65 -178.0000000000
70 -177.0000000000
71 -176.0000000000
74 -175.0000000000
78 -174.0000000000
83 -173.0000000000
87 -172.0000000000
91 -171.0000000000
92 -170.0000000000
102 -169.0000000000
104 -168.0000000000
110 -167.0000000000
112 -166.0000000000
113 -165.0000000000
114 -164.0000000000
119 -163.0000000000
120 -162.0000000000
121 -161.0000000000
125 -160.0000000000
131 -159.0000000000
137 -158.0000000000
139 -157.0000000000
141 -156.0000000000
142 -155.0000000000
147 -154.0000000000
150 -153.0000000000
156 -152.0000000000
158 -151.0000000000
162 -150.0000000000
170 -149.0000000000
172 -148.0000000000
185 -147.0000000000
190 -146.0000000000
191 -145.0000000000
192 -144.0000000000
198 -143.0000000000
202 -142.0000000000
203 -141.0000000000
205 -140.0000000000
207 -139.0000000000
211 -138.0000000000
212 -137.0000000000
213 -136.0000000000
214 -135.0000000000
217 -134.0000000000
218 -133.0000000000
221 -132.0000000000
225 -131.0000000000
230 -130.0000000000
234 -129.0000000000
236 -128.0000000000
237 -127.0000000000
238 -126.0000000000
239 -125.0000000000
240 -124.0000000000
242 -123.0000000000
243 -122.0000000000
250 -121.0000000000
251 -120.0000000000
253 -119.0000000000
255 -118.0000000000
258 -117.0000000000
260 -116.0000000000
261 -115.0000000000
262 -114.0000000000
267 -113.0000000000
268 -112.0000000000
280 -111.0000000000
282 -110.0000000000
288 -109.0000000000
297 -108.0000000000
298 -107.0000000000
303 -106.0000000000
317 -105.0000000000
319 -104.0000000000
322 -103.0000000000
329 -102.0000000000
333 -101.0000000000
340 -100.0000000000
341 -99.0000000000
342 -98.0000000000
343 -97.0000000000
345 -96.0000000000
349 -95.0000000000
366 -94.0000000000
368 -93.0000000000
373 -92.0000000000
379 -91.0000000000
381 -90.0000000000
384 -89.0000000000
389 -88.0000000000
393 -87.0000000000
394 -86.0000000000
400 -85.0000000000
407 -84.0000000000
409 -83.0000000000
413 -82.0000000000
423 -81.0000000000
424 -80.0000000000
432 -79.0000000000
436 -78.0000000000
440 -77.0000000000
444 -76.0000000000
445 -75.0000000000
450 -74.0000000000
451 -73.0000000000
452 -72.0000000000
470 -71.0000000000
471 -70.0000000000
483 -69.0000000000
488 -68.0000000000
498 -67.0000000000
501 -66.0000000000
508 -65.0000000000
514 -64.0000000000
519 -63.0000000000
522 -62.0000000000
523 -61.0000000000
526 -60.0000000000
531 -59.0000000000
539 -58.0000000000
544 -57.0000000000
548 -56.0000000000
550 -55.0000000000
554 -54.0000000000
558 -53.0000000000
570 -52.0000000000
573 -51.0000000000
575 -50.0000000000
584 -49.0000000000
587 -48.0000000000
594 -47.0000000000
596 -46.0000000000
607 -45.0000000000
613 -44.0000000000
614 -43.0000000000
629 -42.0000000000
635 -41.0000000000
639 -40.0000000000
649 -39.0000000000
666 -38.0000000000
668 -37.0000000000
674 -36.0000000000
683 -35.0000000000
685 -34.0000000000
695 -33.0000000000
697 -32.0000000000
698 -31.0000000000
703 -30.0000000000
726 -29.0000000000
731 -28.0000000000
747 -27.0000000000
755 -26.0000000000
775 -25.0000000000
780 -24.0000000000
784 -23.0000000000
799 -22.0000000000
809 -21.0000000000
820 -20.0000000000
821 -19.0000000000
834 -18.0000000000
841 -17.0000000000
854 -16.0000000000
863 -15.0000000000
876 -14.0000000000
889 -13.0000000000
899 -12.0000000000
911 -11.0000000000
919 -10.0000000000
935 -9.0000000000
988 -8.0000000000
995 -7.0000000000
1002 -6.0000000000
1047 -5.0000000000
1071 -4.0000000000
1123 -3.0000000000
1194 -2.0000000000
1205 -1.0000000000
1329 382.0000000000
10000 -1.0000000000
evaluations raw_y
1 -231.0000000000
2 -230.0000000000
3 -229.0000000000
4 -228.0000000000
7 -227.0000000000
10 -226.0000000000
12 -225.0000000000
13 -224.0000000000
14 -223.0000000000
15 -222.0000000000
16 -221.0000000000
17 -220.0000000000
18 -219.0000000000
22 -218.0000000000
24 -217.0000000000
27 -216.0000000000
29 -215.0000000000
31 -214.0000000000
33 -213.0000000000
35 -212.0000000000
36 -211.0000000000
37 -210.0000000000
39 -209.0000000000
40 -208.0000000000
43 -207.0000000000
44 -206.0000000000
51 -205.0000000000
53 -204.0000000000
54 -203.0000000000
58 -202.0000000000
59 -201.0000000000
61 -200.0000000000
63 -199.0000000000
64 -198.0000000000
65 -197.0000000000
67 -196.0000000000
68 -195.0000000000
69 -194.0000000000
73 -193.0000000000
77 -192.0000000000
79 -191.0000000000
83 -190.0000000000
84 -189.0000000000
86 -188.0000000000
87 -187.0000000000
88 -186.0000000000
89 -185.0000000000
90 -184.0000000000
92 -183.0000000000
93 -182.0000000000
94 -181.0000000000
95 -180.0000000000
97 -179.0000000000
98 -178.0000000000
100 -177.0000000000
101 -176.0000000000
104 -175.0000000000
107 -174.0000000000
108 -173.0000000000
111 -172.0000000000
112 -171.0000000000
113 -170.0000000000
120 -169.0000000000
124 -168.0000000000
125 -167.0000000000
127 -166.0000000000
130 -165.0000000000
131 -164.0000000000
132 -163.0000000000
134 -162.0000000000
137 -161.0000000000
138 -160.0000000000
141 -159.0000000000
149 -158.0000000000
152 -157.0000000000
153 -156.0000000000
154 -155.0000000000
155 -154.0000000000
156 -153.0000000000
157 -152.0000000000
161 -151.0000000000
164 -150.0000000000
165 -149.0000000000
168 -148.0000000000
178 -147.0000000000
180 -146.0000000000
182 -145.0000000000
187 -144.0000000000
188 -143.0000000000
189 -142.0000000000
191 -141.0000000000
192 -140.0000000000
195 -139.0000000000
206 -138.0000000000
215 -137.0000000000
217 -136.0000000000
221 -135.0000000000
224 -134.0000000000
225 -133.0000000000
227 -132.0000000000
229 -131.0000000000
232 -130.0000000000
234 -129.0000000000
238 -128.0000000000
244 -127.0000000000
248 -126.0000000000
258 -125.0000000000
259 -124.0000000000
261 -123.0000000000
267 -122.0000000000
272 -121.0000000000
276 -120.0000000000
282 -119.0000000000
288 -118.0000000000
289 -117.0000000000
293 -116.0000000000
294 -115.0000000000
297 -114.0000000000
299 -113.0000000000
305 -112.0000000000
306 -111.0000000000
318 -110.0000000000
321 -109.0000000000
325 -108.0000000000
328 -107.0000000000
330 -106.0000000000
331 -105.0000000000
332 -104.0000000000
337 -103.0000000000
338 -102.0000000000
343 -101.0000000000
346 -100.0000000000
350 -99.0000000000
358 -98.0000000000
359 -97.0000000000
360 -96.0000000000
362 -95.0000000000
366 -94.0000000000
375 -93.0000000000
382 -92.0000000000
391 -91.0000000000
393 -90.0000000000
398 -89.0000000000
401 -88.0000000000
404 -87.0000000000
411 -86.0000000000
412 -85.0000000000
420 -84.0000000000
422 -83.0000000000
425 -82.0000000000
428 -81.0000000000
443 -80.0000000000
445 -79.0000000000
448 -78.0000000000
453 -77.0000000000
456 -76.0000000000
469 -75.0000000000
477 -74.0000000000
484 -73.0000000000
485 -72.0000000000
486 -71.0000000000
488 -70.0000000000
489 -69.0000000000
499 -68.0000000000
505 -67.0000000000
513 -66.0000000000
522 -65.0000000000
526 -64.0000000000
530 -63.0000000000
543 -62.0000000000
550 -61.0000000000
563 -60.0000000000
565 -59.0000000000
569 -58.0000000000
580 -57.0000000000
600 -56.0000000000
615 -55.0000000000
619 -54.0000000000
620 -53.0000000000
625 -52.0000000000
630 -51.0000000000
634 -50.0000000000
642 -49.0000000000
660 -48.0000000000
676 -47.0000000000
679 -46.0000000000
680 -45.0000000000
692 -44.0000000000
705 -43.0000000000
709 -42.0000000000
718 -41.0000000000
723 -40.0000000000
725 -39.0000000000
726 -38.0000000000
736 -37.0000000000
743 -36.0000000000
752 -35.0000000000
753 -34.0000000000
776 -33.0000000000
795 -32.0000000000
812 -31.0000000000
816 -30.0000000000
857 -29.0000000000
872 -28.0000000000
888 -27.0000000000
894 -26.0000000000
905 -25.0000000000
949 -24.0000000000
955 -23.0000000000
958 -22.0000000000
969 -21.0000000000
970 -20.0000000000
998 -19.0000000000
1031 -18.0000000000
1044 -17.0000000000
1048 -16.0000000000
1051 -15.0000000000
1052 -14.0000000000
1072 -13.0000000000
1075 -12.0000000000
1089 -11.0000000000
1094 -10.0000000000
1162 -9.0000000000
1170 -8.0000000000
1172 -7.0000000000
1226 -6.0000000000
1233 -5.0000000000
1239 -4.0000000000
1262 -3.0000000000
1309 -2.0000000000
1399 -1.0000000000
1463 390.0000000000
10000 -1.0000000000
evaluations raw_y
1 -210.0000000000
3 -209.0000000000
5 -208.0000000000
6 -207.0000000000
7 -206.0000000000
10 -205.0000000000
12 -204.0000000000
13 -203.0000000000
22 -202.0000000000
24 -201.0000000000
25 -200.0000000000
26 -199.0000000000
29 -198.0000000000
33 -197.0000000000
35 -196.0000000000
37 -195.0000000000
38 -194.0000000000
40 -193.0000000000
44 -192.0000000000
48 -191.0000000000
50 -190.0000000000
51 -189.0000000000
54 -188.0000000000
55 -187.0000000000
58 -186.0000000000
59 -185.0000000000
60 -184.0000000000
64 -183.0000000000
65 -182.0000000000
71 -181.0000000000
73 -180.0000000000
74 -179.0000000000
77 -178.0000000000
79 -177.0000000000
80 -176.0000000000
81 -175.0000000000
83 -174.0000000000
84 -173.0000000000
85 -172.0000000000
87 -171.0000000000
89 -170.0000000000
91 -169.0000000000
92 -168.0000000000
93 -167.0000000000
94 -166.0000000000
97 -165.0000000000
98 -164.0000000000
99 -163.0000000000
103 -162.0000000000
104 -161.0000000000
105 -160.0000000000
107 -159.0000000000
110 -158.0000000000
112 -157.0000000000
119 -156.0000000000
121 -155.0000000000
122 -154.0000000000
123 -153.0000000000
124 -152.0000000000
126 -151.0000000000
127 -150.0000000000
128 -149.0000000000
129 -148.0000000000
130 -147.0000000000
133 -146.0000000000
134 -145.0000000000
142 -144.0000000000
147 -143.0000000000
151 -142.0000000000
152 -141.0000000000
153 -140.0000000000
156 -139.0000000000
158 -138.0000000000
161 -137.0000000000
165 -136.0000000000
166 -135.0000000000
168 -134.0000000000
169 -133.0000000000
171 -132.0000000000
172 -131.0000000000
174 -130.0000000000
180 -129.0000000000
181 -128.0000000000
183 -127.0000000000
186 -126.0000000000
187 -125.0000000000
188 -124.0000000000
194 -123.0000000000
197 -122.0000000000
198 -121.0000000000
204 -120.0000000000
206 -119.0000000000
207 -118.0000000000
209 -117.0000000000
213 -116.0000000000
219 -115.0000000000
226 -114.0000000000
227 -113.0000000000
229 -112.0000000000
231 -111.0000000000
232 -110.0000000000
233 -109.0000000000
237 -108.0000000000
239 -107.0000000000
240 -106.0000000000
243 -105.0000000000
245 -104.0000000000
246 -103.0000000000
250 -102.0000000000
251 -101.0000000000
259 -100.0000000000
268 -99.0000000000
274 -98.0000000000
275 -97.0000000000
276 -96.0000000000
283 -95.0000000000
291 -94.0000000000
293 -93.0000000000
294 -92.0000000000
295 -91.0000000000
299 -90.0000000000
305 -89.0000000000
308 -88.0000000000
315 -87.0000000000
320 -86.0000000000
332 -85.0000000000
333 -84.0000000000
334 -83.0000000000
335 -82.0000000000
341 -81.0000000000
346 -80.0000000000
351 -79.0000000000
357 -78.0000000000
358 -77.0000000000
359 -76.0000000000
364 -75.0000000000
367 -74.0000000000
368 -73.0000000000
370 -72.0000000000
411 -71.0000000000
413 -70.0000000000
417 -69.0000000000
442 -68.0000000000
444 -67.0000000000
454 -66.0000000000
458 -65.0000000000
463 -64.0000000000
470 -63.0000000000
483 -62.0000000000
491 -61.0000000000
492 -60.0000000000
500 -59.0000000000
505 -58.0000000000
508 -57.0000000000
517 -56.0000000000
518 -55.0000000000
528 -54.0000000000
539 -53.0000000000
551 -52.0000000000
555 -51.0000000000
559 -50.0000000000
564 -49.0000000000
568 -48.0000000000
569 -47.0000000000
571 -46.0000000000
576 -45.0000000000
611 -44.0000000000
632 -43.0000000000
641 -42.0000000000
653 -41.0000000000
661 -40.0000000000
662 -39.0000000000
664 -38.0000000000
668 -37.0000000000
673 -36.0000000000
681 -35.0000000000
684 -34.0000000000
688 -33.0000000000
691 -32.0000000000
692 -31.0000000000
694 -30.0000000000
712 -29.0000000000
720 -28.0000000000
726 -27.0000000000
732 -26.0000000000
771 -25.0000000000
772 -24.0000000000
805 -23.0000000000
809 -22.0000000000
811 -21.0000000000
813 -20.0000000000
886 -19.0000000000
894 -18.0000000000
899 -17.0000000000
900 -16.0000000000
901 -15.0000000000
902 -14.0000000000
908 -13.0000000000
932 -12.0000000000
982 -11.0000000000
1041 -10.0000000000
1112 -9.0000000000
1126 -8.0000000000
1127 -7.0000000000
1139 -6.0000000000
1161 -5.0000000000
1163 -4.0000000000
1165 -3.0000000000
1176 -2.0000000000
1222 -1.0000000000
1239 387.0000000000
10000 -1.0000000000
evaluations raw_y
1 -206.0000000000
3 -205.0000000000
6 -204.0000000000
8 -203.0000000000
9 -202.0000000000
10 -201.0000000000
12 -200.0000000000
16 -199.0000000000
19 -198.0000000000
20 -197.0000000000
21 -196.0000000000
23 -195.0000000000
24 -194.0000000000
27 -193.0000000000
28 -192.0000000000
30 -191.0000000000
31 -190.0000000000
35 -189.0000000000
36 -188.0000000000
43 -187.0000000000
44 -186.0000000000
45 -185.0000000000
46 -184.0000000000
49 -183.0000000000
50 -182.0000000000
51 -181.0000000000
55 -180.0000000000
65 -179.0000000000
71 -178.0000000000
74 -177.0000000000
79 -176.0000000000
83 -175.0000000000
84 -174.0000000000
91 -173.0000000000
95 -172.0000000000
96 -171.0000000000
102 -170.0000000000
103 -169.0000000000
106 -168.0000000000
108 -167.0000000000
113 -166.0000000000
114 -165.0000000000
116 -164.0000000000
119 -163.0000000000
121 -162.0000000000
127 -161.0000000000
130 -160.0000000000
131 -159.0000000000
132 -158.0000000000
136 -157.0000000000
140 -156.0000000000
141 -155.0000000000
143 -154.0000000000
146 -153.0000000000
149 -152.0000000000
156 -151.0000000000
163 -150.0000000000
164 -149.0000000000
171 -148.0000000000
175 -147.0000000000
176 -146.0000000000
177 -145.0000000000
181 -144.0000000000
184 -143.0000000000
185 -142.0000000000
186 -141.0000000000
194 -140.0000000000
195 -139.0000000000
198 -138.0000000000
201 -137.0000000000
203 -136.0000000000
206 -135.0000000000
214 -134.0000000000
219 -133.0000000000
225 -132.0000000000
229 -131.0000000000
230 -130.0000000000
231 -129.0000000000
232 -128.0000000000
234 -127.0000000000
238 -126.0000000000
246 -125.0000000000
247 -124.0000000000
248 -123.0000000000
250 -122.0000000000
252 -121.0000000000
255 -120.0000000000
258 -119.0000000000
261 -118.0000000000
272 -117.0000000000
279 -116.0000000000
282 -115.0000000000
290 -114.0000000000
293 -113.0000000000
294 -112.0000000000
298 -111.0000000000
302 -110.0000000000
307 -109.0000000000
312 -108.0000000000
313 -107.0000000000
318 -106.0000000000
321 -105.0000000000
327 -104.0000000000
328 -103.0000000000
332 -102.0000000000
335 -101.0000000000
336 -100.0000000000
339 -99.0000000000
342 -98.0000000000
345 -97.0000000000
349 -96.0000000000
350 -95.0000000000
354 -94.0000000000
355 -93.0000000000
367 -92.0000000000
368 -91.0000000000
376 -90.0000000000
377 -89.0000000000
378 -88.0000000000
385 -87.0000000000
386 -86.0000000000
392 -85.0000000000
394 -84.0000000000
396 -83.0000000000
399 -82.0000000000
400 -81.0000000000
407 -80.0000000000
427 -79.0000000000
431 -78.0000000000
440 -77.0000000000
443 -76.0000000000
445 -75.0000000000
448 -74.0000000000
454 -73.0000000000
458 -72.0000000000
463 -71.0000000000
467 -70.0000000000
471 -69.0000000000
473 -68.0000000000
486 -67.0000000000
487 -66.0000000000
515 -65.0000000000
517 -64.0000000000
521 -63.0000000000
524 -62.0000000000
530 -61.0000000000
536 -60.0000000000
542 -59.0000000000
543 -58.0000000000
548 -57.0000000000
557 -56.0000000000
562 -55.0000000000
568 -54.0000000000
574 -53.0000000000
587 -52.0000000000
595 -51.0000000000
597 -50.0000000000
608 -49.0000000000
611 -48.0000000000
619 -47.0000000000
628 -46.0000000000
635 -45.0000000000
640 -44.0000000000
658 -43.0000000000
679 -42.0000000000
696 -41.0000000000
719 -40.0000000000
725 -39.0000000000
739 -38.0000000000
753 -37.0000000000
757 -36.0000000000
766 -35.0000000000
772 -34.0000000000
773 -33.0000000000
781 -32.0000000000
785 -31.0000000000
816 -30.0000000000
827 -29.0000000000
831 -28.0000000000
851 -27.0000000000
855 -26.0000000000
859 -25.0000000000
885 -24.0000000000
887 -23.0000000000
898 -22.0000000000
933 -21.0000000000
941 -20.0000000000
961 -19.0000000000
985 -18.0000000000
995 -17.0000000000
1006 -16.0000000000
1023 -15.0000000000
1024 -14.0000000000
1027 -13.0000000000
1037 -12.0000000000
1052 -11.0000000000
1072 -10.0000000000
1084 -9.0000000000
1180 -8.0000000000
1242 -7.0000000000
1302 -6.0000000000
1378 -5.0000000000
1427 -4.0000000000
1449 -3.0000000000
1455 -2.0000000000
1544 -1.0000000000
1583 378.0000000000
10000 -1.0000000000
evaluations raw_y
1 -220.0000000000
2 -219.0000000000
4 -218.0000000000
5 -217.0000000000
6 -216.0000000000
7 -215.0000000000
9 -214.0000000000
10 -213.0000000000
12 -212.0000000000
14 -211.0000000000
16 -210.0000000000
17 -209.0000000000
18 -208.0000000000
24 -207.0000000000
25 -206.0000000000
29 -205.0000000000
30 -204.0000000000
31 -203.0000000000
32 -202.0000000000
35 -201.0000000000
36 -200.0000000000
42 -199.0000000000
43 -198.0000000000
45 -197.0000000000
46 -196.0000000000
48 -195.0000000000
49 -194.0000000000
50 -193.0000000000
53 -192.0000000000
59 -191.0000000000
60 -190.0000000000
65 -189.0000000000
66 -188.0000000000
73 -187.0000000000
74 -186.0000000000
76 -185.0000000000
79 -184.0000000000
81 -183.0000000000
84 -182.0000000000
85 -181.0000000000
91 -180.0000000000
95 -179.0000000000
98 -178.0000000000
105 -177.0000000000
106 -176.0000000000
109 -175.0000000000
112 -174.0000000000
113 -173.0000000000
115 -172.0000000000
119 -171.0000000000
124 -170.0000000000
126 -169.0000000000
127 -168.0000000000
128 -167.0000000000
129 -166.0000000000
131 -165.0000000000
135 -164.0000000000
137 -163.0000000000
140 -162.0000000000
144 -161.0000000000
146 -160.0000000000
148 -159.0000000000
150 -158.0000000000
153 -157.0000000000
155 -156.0000000000
157 -155.0000000000
159 -154.0000000000
160 -153.0000000000
167 -152.0000000000
173 -151.0000000000
175 -150.0000000000
179 -149.0000000000
181 -148.0000000000
182 -147.0000000000
189 -146.0000000000
190 -145.0000000000
193 -144.0000000000
194 -143.0000000000
196 -142.0000000000
198 -141.0000000000
201 -140.0000000000
204 -139.0000000000
206 -138.0000000000
217 -137.0000000000
220 -136.0000000000
221 -135.0000000000
228 -134.0000000000
231 -133.0000000000
232 -132.0000000000
238 -131.0000000000
247 -130.0000000000
249 -129.0000000000
254 -128.0000000000
260 -127.0000000000
262 -126.0000000000
268 -125.0000000000
271 -124.0000000000
273 -123.0000000000
277 -122.0000000000
280 -121.0000000000
284 -120.0000000000
288 -119.0000000000
290 -118.0000000000
292 -117.0000000000
294 -116.0000000000
299 -115.0000000000
309 -114.0000000000
329 -113.0000000000
335 -112.0000000000
336 -111.0000000000
344 -110.0000000000
346 -109.0000000000
349 -108.0000000000
355 -107.0000000000
356 -106.0000000000
359 -105.0000000000
360 -104.0000000000
363 -103.0000000000
364 -102.0000000000
374 -101.0000000000
379 -100.0000000000
380 -99.0000000000
382 -98.0000000000
389 -97.0000000000
396 -96.0000000000
402 -95.0000000000
407 -94.0000000000
409 -93.0000000000
418 -92.0000000000
421 -91.0000000000
424 -90.0000000000
426 -89.0000000000
431 -88.0000000000
433 -87.0000000000
437 -86.0000000000
443 -85.0000000000
444 -84.0000000000
448 -83.0000000000
464 -82.0000000000
465 -81.0000000000
470 -80.0000000000
488 -79.0000000000
491 -78.0000000000
494 -77.0000000000
496 -76.0000000000
507 -75.0000000000
508 -74.0000000000
519 -73.0000000000
525 -72.0000000000
528 -71.0000000000
529 -70.0000000000
531 -69.0000000000
542 -68.0000000000
550 -67.0000000000
551 -66.0000000000
554 -65.0000000000
559 -64.0000000000
560 -63.0000000000
569 -62.0000000000
576 -61.0000000000
593 -60.0000000000
600 -59.0000000000
606 -58.0000000000
615 -57.0000000000
619 -56.0000000000
624 -55.0000000000
635 -54.0000000000
637 -53.0000000000
646 -52.0000000000
663 -51.0000000000
666 -50.0000000000
679 -49.0000000000
693 -48.0000000000
707 -47.0000000000
715 -46.0000000000
729 -45.0000000000
732 -44.0000000000
744 -43.0000000000
749 -42.0000000000
757 -41.0000000000
758 -40.0000000000
773 -39.0000000000
785 -38.0000000000
802 -37.0000000000
804 -36.0000000000
808 -35.0000000000
809 -34.0000000000
810 -33.0000000000
814 -32.0000000000
854 -31.0000000000
873 -30.0000000000
886 -29.0000000000
912 -28.0000000000
925 -27.0000000000
933 -26.0000000000
938 -25.0000000000
959 -24.0000000000
969 -23.0000000000
1040 -22.0000000000
1052 -21.0000000000
1055 -20.0000000000
1105 -19.0000000000
1108 -18.0000000000
1112 -17.0000000000
1131 -16.0000000000
1156 -15.0000000000
1165 -14.0000000000
1193 -13.0000000000
1269 -12.0000000000
1306 -11.0000000000
1320 -10.0000000000
1331 -9.0000000000
1372 -8.0000000000
1386 -7.0000000000
1477 -6.0000000000
1478 -5.0000000000
1483 -4.0000000000
1485 -3.0000000000
1505 -2.0000000000
1526 -1.0000000000
1564 393.0000000000
10000 -1.0000000000
evaluations raw_y
1 -218.0000000000
2 -217.0000000000
5 -216.0000000000
6 -215.0000000000
8 -214.0000000000
9 -213.0000000000
10 -212.0000000000
11 -211.0000000000
12 -210.0000000000
14 -209.0000000000
16 -208.0000000000
19 -207.0000000000
25 -206.0000000000
26 -205.0000000000
27 -204.0000000000
29 -203.0000000000
31 -202.0000000000
35 -201.0000000000
39 -200.0000000000
41 -199.0000000000
42 -198.0000000000
48 -197.0000000000
49 -196.0000000000
51 -195.0000000000
52 -194.0000000000
54 -193.0000000000
55 -192.0000000000
62 -191.0000000000
63 -190.0000000000
66 -189.0000000000
68 -188.0000000000
69 -187.0000000000
70 -186.0000000000
75 -185.0000000000
81 -184.0000000000
83 -183.0000000000
84 -182.0000000000
86 -181.0000000000
88 -180.0000000000
89 -179.0000000000
92 -178.0000000000
93 -177.0000000000
95 -176.0000000000
97 -175.0000000000
101 -174.0000000000
104 -173.0000000000
112 -172.0000000000
118 -171.0000000000
119 -170.0000000000
120 -169.0000000000
123 -168.0000000000
124 -167.0000000000
126 -166.0000000000
131 -165.0000000000
132 -164.0000000000
137 -163.0000000000
138 -162.0000000000
139 -161.0000000000
141 -160.0000000000
144 -159.0000000000
145 -158.0000000000
146 -157.0000000000
147 -156.0000000000
148 -155.0000000000
155 -154.0000000000
157 -153.0000000000
159 -152.0000000000
160 -151.0000000000
163 -150.0000000000
166 -149.0000000000
169 -148.0000000000
171 -147.0000000000
175 -146.0000000000
177 -145.0000000000
183 -144.0000000000
189 -143.0000000000
193 -142.0000000000
195 -141.0000000000
199 -140.0000000000
200 -139.0000000000
201 -138.0000000000
204 -137.0000000000
213 -136.0000000000
216 -135.0000000000
221 -134.0000000000
223 -133.0000000000
225 -132.0000000000
227 -131.0000000000
231 -130.0000000000
233 -129.0000000000
237 -128.0000000000
247 -127.0000000000
251 -126.0000000000
253 -125.0000000000
254 -124.0000000000
258 -123.0000000000
260 -122.0000000000
268 -121.0000000000
271 -120.0000000000
276 -119.0000000000
278 -118.0000000000
281 -117.0000000000
285 -116.0000000000
288 -115.0000000000
289 -114.0000000000
290 -113.0000000000
300 -112.0000000000
308 -111.0000000000
314 -110.0000000000
321 -109.0000000000
324 -108.0000000000
327 -107.0000000000
333 -106.0000000000
334 -105.0000000000
341 -104.0000000000
343 -103.0000000000
344 -102.0000000000
350 -101.0000000000
351 -100.0000000000
352 -99.0000000000
358 -98.0000000000
359 -97.0000000000
362 -96.0000000000
363 -95.0000000000
366 -94.0000000000
368 -93.0000000000
369 -92.0000000000
373 -91.0000000000
375 -90.0000000000
379 -89.0000000000
390 -88.0000000000
393 -87.0000000000
396 -86.0000000000
403 -85.0000000000
405 -84.0000000000
409 -83.0000000000
418 -82.0000000000
427 -81.0000000000
428 -80.0000000000
435 -79.0000000000
437 -78.0000000000
438 -77.0000000000
447 -76.0000000000
448 -75.0000000000
449 -74.0000000000
457 -73.0000000000
458 -72.0000000000
461 -71.0000000000
466 -70.0000000000
469 -69.0000000000
479 -68.0000000000
483 -67.0000000000
484 -66.0000000000
491 -65.0000000000
503 -64.0000000000
509 -63.0000000000
510 -62.0000000000
511 -61.0000000000
526 -60.0000000000
533 -59.0000000000
543 -58.0000000000
557 -57.0000000000
561 -56.0000000000
571 -55.0000000000
573 -54.0000000000
577 -53.0000000000
581 -52.0000000000
588 -51.0000000000
592 -50.0000000000
605 -49.0000000000
610 -48.0000000000
613 -47.0000000000
616 -46.0000000000
627 -45.0000000000
638 -44.0000000000
639 -43.0000000000
654 -42.0000000000
659 -41.0000000000
660 -40.0000000000
662 -39.0000000000
669 -38.0000000000
681 -37.0000000000
694 -36.0000000000
696 -35.0000000000
703 -34.0000000000
706 -33.0000000000
708 -32.0000000000
714 -31.0000000000
715 -30.0000000000
718 -29.0000000000
726 -28.0000000000
729 -27.0000000000
735 -26.0000000000
736 -25.0000000000
748 -24.0000000000
810 -23.0000000000
819 -22.0000000000
852 -21.0000000000
855 -20.0000000000
856 -19.0000000000
857 -18.0000000000
905 -17.0000000000
923 -16.0000000000
950 -15.0000000000
987 -14.0000000000
1041 -13.0000000000
1042 -12.0000000000
1062 -11.0000000000
1066 -10.0000000000
1068 -9.0000000000
1083 -8.0000000000
1086 -7.0000000000
1115 -6.0000000000
1136 -5.0000000000
1146 -4.0000000000
1156 -3.0000000000
1188 -2.0000000000
1282 -1.0000000000
1285 386.0000000000
10000 -1.0000000000
evaluations raw_y
1 -209.0000000000
3 -208.0000000000
5 -207.0000000000
11 -206.0000000000
12 -205.0000000000
13 -204.0000000000
14 -203.0000000000
18 -202.0000000000
21 -201.0000000000
26 -200.0000000000
29 -199.0000000000
35 -198.0000000000
38 -197.0000000000
41 -196.0000000000
44 -195.0000000000
45 -194.0000000000
46 -193.0000000000
47 -192.0000000000
48 -191.0000000000
49 -190.0000000000
52 -189.0000000000
55 -188.0000000000
60 -187.0000000000
61 -186.0000000000
64 -185.0000000000
74 -184.0000000000
75 -183.0000000000
79 -182.0000000000
83 -181.0000000000
88 -180.0000000000
90 -179.0000000000
93 -178.0000000000
95 -177.0000000000
98 -176.0000000000
100 -175.0000000000
107 -174.0000000000
108 -173.0000000000
110 -172.0000000000
117 -171.0000000000
119 -170.0000000000
125 -169.0000000000
132 -168.0000000000
133 -167.0000000000
138 -166.0000000000
141 -165.0000000000
143 -164.0000000000
151 -163.0000000000
153 -162.0000000000
154 -161.0000000000
160 -160.0000000000
164 -159.0000000000
165 -158.0000000000
168 -157.0000000000
170 -156.0000000000
172 -155.0000000000
175 -154.0000000000
177 -153.0000000000
178 -152.0000000000
180 -151.0000000000
181 -150.0000000000
183 -149.0000000000
185 -148.0000000000
187 -147.0000000000
189 -146.0000000000
198 -145.0000000000
202 -144.0000000000
205 -143.0000000000
206 -142.0000000000
211 -141.0000000000
213 -140.0000000000
214 -139.0000000000
223 -138.0000000000
224 -137.0000000000
226 -136.0000000000
228 -135.0000000000
229 -134.0000000000
233 -133.0000000000
235 -132.0000000000
238 -131.0000000000
243 -130.0000000000
244 -129.0000000000
250 -128.0000000000
257 -127.0000000000
259 -126.0000000000
261 -125.0000000000
263 -124.0000000000
265 -123.0000000000
267 -122.0000000000
268 -121.0000000000
275 -120.0000000000
278 -119.0000000000
283 -118.0000000000
285 -117.0000000000
286 -116.0000000000
288 -115.0000000000
297 -114.0000000000
303 -113.0000000000
305 -112.0000000000
306 -111.0000000000
307 -110.0000000000
309 -109.0000000000
314 -108.0000000000
320 -107.0000000000
326 -106.0000000000
332 -105.0000000000
335 -104.0000000000
336 -103.0000000000
339 -102.0000000000
343 -101.0000000000
348 -100.0000000000
352 -99.0000000000
354 -98.0000000000
355 -97.0000000000
356 -96.0000000000
360 -95.0000000000
362 -94.0000000000
365 -93.0000000000
368 -92.0000000000
372 -91.0000000000
381 -90.0000000000
382 -89.0000000000
398 -88.0000000000
403 -87.0000000000
414 -86.0000000000
415 -85.0000000000
416 -84.0000000000
420 -83.0000000000
422 -82.0000000000
423 -81.0000000000
424 -80.0000000000
428 -79.0000000000
432 -78.0000000000
434 -77.0000000000
436 -76.0000000000
448 -75.0000000000
453 -74.0000000000
461 -73.0000000000
469 -72.0000000000
500 -71.0000000000
501 -70.0000000000
518 -69.0000000000
519 -68.0000000000
520 -67.0000000000
529 -66.0000000000
540 -65.0000000000
541 -64.0000000000
551 -63.0000000000
552 -62.0000000000
557 -61.0000000000
559 -60.0000000000
560 -59.0000000000
562 -58.0000000000
567 -57.0000000000
578 -56.0000000000
596 -55.0000000000
601 -54.0000000000
609 -53.0000000000
617 -52.0000000000
623 -51.0000000000
634 -50.0000000000
642 -49.0000000000
644 -48.0000000000
656 -47.0000000000
657 -46.0000000000
678 -45.0000000000
683 -44.0000000000
723 -43.0000000000
724 -42.0000000000
731 -41.0000000000
743 -40.0000000000
748 -39.0000000000
755 -38.0000000000
758 -37.0000000000
762 -36.0000000000
767 -35.0000000000
785 -34.0000000000
797 -33.0000000000
809 -32.0000000000
812 -31.0000000000
857 -30.0000000000
860 -29.0000000000
884 -28.0000000000
896 -27.0000000000
910 -26.0000000000
911 -25.0000000000
917 -24.0000000000
944 -23.0000000000
969 -22.0000000000
977 -21.0000000000
996 -20.0000000000
998 -19.0000000000
1010 -18.0000000000
1014 -17.0000000000
1034 -16.0000000000
1070 -15.0000000000
1074 -14.0000000000
1075 -13.0000000000
1080 -12.0000000000
1084 -11.0000000000
1121 -10.0000000000
1137 -9.0000000000
1139 -8.0000000000
1183 -7.0000000000
1213 -6.0000000000
1229 -5.0000000000
1312 -4.0000000000
1329 -3.0000000000
1338 -2.0000000000
1389 -1.0000000000
1455 384.0000000000
10000 -1.0000000000
evaluations raw_y
1 -217.0000000000
2 -216.0000000000
8 -215.0000000000
10 -214.0000000000
12 -213.0000000000
13 -212.0000000000
14 -211.0000000000
15 -210.0000000000
17 -209.0000000000
18 -208.0000000000
20 -207.0000000000
23 -206.0000000000
25 -205.0000000000
26 -204.0000000000
28 -203.0000000000
30 -202.0000000000
31 -201.0000000000
35 -200.0000000000
37 -199.0000000000
41 -198.0000000000
42 -197.0000000000
45 -196.0000000000
46 -195.0000000000
47 -194.0000000000
51 -193.0000000000
52 -192.0000000000
54 -191.0000000000
56 -190.0000000000
57 -189.0000000000
58 -188.0000000000
59 -187.0000000000
61 -186.0000000000
62 -185.0000000000
63 -184.0000000000
64 -183.0000000000
73 -182.0000000000
74 -181.0000000000
78 -180.0000000000
80 -179.0000000000
84 -178.0000000000
87 -177.0000000000
89 -176.0000000000
91 -175.0000000000
99 -174.0000000000
100 -173.0000000000
102 -172.0000000000
106 -171.0000000000
108 -170.0000000000
109 -169.0000000000
110 -168.0000000000
111 -167.0000000000
114 -166.0000000000
116 -165.0000000000
117 -164.0000000000
118 -163.0000000000
127 -162.0000000000
130 -161.0000000000
131 -160.0000000000
133 -159.0000000000
134 -158.0000000000
135 -157.0000000000
137 -156.0000000000
140 -155.0000000000
142 -154.0000000000
143 -153.0000000000
144 -152.0000000000
147 -151.0000000000
148 -150.0000000000
149 -149.0000000000
151 -148.0000000000
153 -147.0000000000
162 -146.0000000000
163 -145.0000000000
164 -144.0000000000
165 -143.0000000000
166 -142.0000000000
169 -141.0000000000
174 -140.0000000000
175 -139.0000000000
178 -138.0000000000
179 -137.0000000000
180 -136.0000000000
182 -135.0000000000
184 -134.0000000000
186 -133.0000000000
188 -132.0000000000
205 -131.0000000000
211 -130.0000000000
212 -129.0000000000
213 -128.0000000000
216 -127.0000000000
222 -126.0000000000
223 -125.0000000000
237 -124.0000000000
238 -123.0000000000
246 -122.0000000000
248 -121.0000000000
253 -120.0000000000
255 -119.0000000000
256 -118.0000000000
257 -117.0000000000
271 -116.0000000000
272 -115.0000000000
273 -114.0000000000
280 -113.0000000000
288 -112.0000000000
289 -111.0000000000
291 -110.0000000000
316 -109.0000000000
320 -108.0000000000
323 -107.0000000000
333 -106.0000000000
336 -105.0000000000
343 -104.0000000000
344 -103.0000000000
345 -102.0000000000
347 -101.0000000000
355 -100.0000000000
364 -99.0000000000
366 -98.0000000000
369 -97.0000000000
370 -96.0000000000
377 -95.0000000000
381 -94.0000000000
384 -93.0000000000
385 -92.0000000000
386 -91.0000000000
389 -90.0000000000
391 -89.0000000000
411 -88.0000000000
417 -87.0000000000
425 -86.0000000000
427 -85.0000000000
431 -84.0000000000
433 -83.0000000000
444 -82.0000000000
456 -81.0000000000
460 -80.0000000000
463 -79.0000000000
465 -78.0000000000
469 -77.0000000000
479 -76.0000000000
481 -75.0000000000
482 -74.0000000000
484 -73.0000000000
496 -72.0000000000
506 -71.0000000000
507 -70.0000000000
509 -69.0000000000
514 -68.0000000000
518 -67.0000000000
530 -66.0000000000
531 -65.0000000000
537 -64.0000000000
546 -63.0000000000
550 -62.0000000000
553 -61.0000000000
559 -60.0000000000
567 -59.0000000000
572 -58.0000000000
584 -57.0000000000
602 -56.0000000000
609 -55.0000000000
613 -54.0000000000
626 -53.0000000000
631 -52.0000000000
636 -51.0000000000
664 -50.0000000000
665 -49.0000000000
674 -48.0000000000
682 -47.0000000000
689 -46.0000000000
690 -45.0000000000
696 -44.0000000000
703 -43.0000000000
719 -42.0000000000
726 -41.0000000000
759 -40.0000000000
761 -39.0000000000
781 -38.0000000000
786 -37.0000000000
788 -36.0000000000
800 -35.0000000000
807 -34.0000000000
812 -33.0000000000
835 -32.0000000000
849 -31.0000000000
872 -30.0000000000
877 -29.0000000000
882 -28.0000000000
892 -27.0000000000
899 -26.0000000000
908 -25.0000000000
910 -24.0000000000
938 -23.0000000000
942 -22.0000000000
983 -21.0000000000
999 -20.0000000000
1001 -19.0000000000
1030 -18.0000000000
1048 -17.0000000000
1069 -16.0000000000
1073 -15.0000000000
1077 -14.0000000000
1082 -13.0000000000
1097 -12.0000000000
1144 -11.0000000000
1159 -10.0000000000
1163 -9.0000000000
1192 -8.0000000000
1194 -7.0000000000
1204 -6.0000000000
1210 -5.0000000000
1216 -4.0000000000
1218 -3.0000000000
1223 -2.0000000000
1261 -1.0000000000
1268 388.0000000000
10000 -1.0000000000
evaluations raw_y
1 -203.0000000000
4 -202.0000000000
6 -201.0000000000
9 -200.0000000000
10 -199.0000000000
13 -198.0000000000
14 -197.0000000000
16 -196.0000000000
18 -195.0000000000
20 -194.0000000000
21 -193.0000000000
22 -192.0000000000
23 -191.0000000000
26 -190.0000000000
27 -189.0000000000
28 -188.0000000000
29 -187.0000000000
30 -186.0000000000
32 -185.0000000000
33 -184.0000000000
34 -183.0000000000
35 -182.0000000000
36 -181.0000000000
39 -180.0000000000
40 -179.0000000000
44 -178.0000000000
49 -177.0000000000
52 -176.0000000000
53 -175.0000000000
63 -174.0000000000
65 -173.0000000000
68 -172.0000000000
69 -171.0000000000
70 -170.0000000000
71 -169.0000000000
72 -168.0000000000
80 -167.0000000000
81 -166.0000000000
86 -165.0000000000
88 -164.0000000000
90 -163.0000000000
91 -162.0000000000
92 -161.0000000000
97 -160.0000000000
98 -159.0000000000
99 -158.0000000000
100 -157.0000000000
103 -156.0000000000
105 -155.0000000000
107 -154.0000000000
111 -153.0000000000
112 -152.0000000000
116 -151.0000000000
118 -150.0000000000
122 -149.0000000000
123 -148.0000000000
126 -147.0000000000
128 -146.0000000000
129 -145.0000000000
130 -144.0000000000
138 -143.0000000000
139 -142.0000000000
140 -141.0000000000
142 -140.0000000000
145 -139.0000000000
146 -138.0000000000
148 -137.0000000000
153 -136.0000000000
163 -135.0000000000
170 -134.0000000000
178 -133.0000000000
183 -132.0000000000
184 -131.0000000000
185 -130.0000000000
186 -129.0000000000
191 -128.0000000000
196 -127.0000000000
197 -126.0000000000
200 -125.0000000000
203 -124.0000000000
204 -123.0000000000
209 -122.0000000000
225 -121.0000000000
228 -120.0000000000
232 -119.0000000000
233 -118.0000000000
239 -117.0000000000
243 -116.0000000000
248 -115.0000000000
249 -114.0000000000
253 -113.0000000000
254 -112.0000000000
256 -111.0000000000
258 -110.0000000000
261 -109.0000000000
265 -108.0000000000
266 -107.0000000000
270 -106.0000000000
272 -105.0000000000
275 -104.0000000000
279 -103.0000000000
284 -102.0000000000
285 -101.0000000000
286 -100.0000000000
288 -99.0000000000
289 -98.0000000000
291 -97.0000000000
297 -96.0000000000
300 -95.0000000000
301 -94.0000000000
304 -93.0000000000
308 -92.0000000000
310 -91.0000000000
313 -90.0000000000
316 -89.0000000000
335 -88.0000000000
347 -87.0000000000
358 -86.0000000000
361 -85.0000000000
363 -84.0000000000
368 -83.0000000000
373 -82.0000000000
382 -81.0000000000
386 -80.0000000000
392 -79.0000000000
401 -78.0000000000
411 -77.0000000000
413 -76.0000000000
418 -75.0000000000
425 -74.0000000000
426 -73.0000000000
431 -72.0000000000
432 -71.0000000000
441 -70.0000000000
454 -69.0000000000
455 -68.0000000000
458 -67.0000000000
463 -66.0000000000
464 -65.0000000000
466 -64.0000000000
469 -63.0000000000
470 -62.0000000000
486 -61.0000000000
492 -60.0000000000
493 -59.0000000000
497 -58.0000000000
505 -57.0000000000
509 -56.0000000000
533 -55.0000000000
539 -54.0000000000
550 -53.0000000000
554 -52.0000000000
560 -51.0000000000
562 -50.0000000000
564 -49.0000000000
569 -48.0000000000
604 -47.0000000000
606 -46.0000000000
611 -45.0000000000
614 -44.0000000000
615 -43.0000000000
616 -42.0000000000
631 -41.0000000000
647 -40.0000000000
653 -39.0000000000
661 -38.0000000000
692 -37.0000000000
705 -36.0000000000
709 -35.0000000000
720 -34.0000000000
725 -33.0000000000
734 -32.0000000000
753 -31.0000000000
756 -30.0000000000
777 -29.0000000000
787 -28.0000000000
792 -27.0000000000
837 -26.0000000000
852 -25.0000000000
860 -24.0000000000
868 -23.0000000000
874 -22.0000000000
888 -21.0000000000
891 -20.0000000000
927 -19.0000000000
941 -18.0000000000
968 -17.0000000000
1046 -16.0000000000
1050 -15.0000000000
1051 -14.0000000000
1060 -13.0000000000
1068 -12.0000000000
1069 -11.0000000000
1098 -10.0000000000
1119 -9.0000000000
1140 -8.0000000000
1223 -7.0000000000
1245 -6.0000000000
1273 -5.0000000000
1276 -4.0000000000
1312 -3.0000000000
1328 -2.0000000000
1348 -1.0000000000
1374 360.0000000000
10000 -1.0000000000
evaluations raw_y
1 -200.0000000000
4 -199.0000000000
6 -198.0000000000
8 -197.0000000000
9 -196.0000000000
10 -195.0000000000
12 -194.0000000000
16 -193.0000000000
17 -192.0000000000
18 -191.0000000000
20 -190.0000000000
21 -189.0000000000
22 -188.0000000000
24 -187.0000000000
25 -186.0000000000
27 -185.0000000000
28 -184.0000000000
30 -183.0000000000
32 -182.0000000000
33 -181.0000000000
34 -180.0000000000
37 -179.0000000000
43 -178.0000000000
47 -177.0000000000
48 -176.0000000000
49 -175.0000000000
61 -174.0000000000
67 -173.0000000000
68 -172.0000000000
69 -171.0000000000
70 -170.0000000000
72 -169.0000000000
73 -168.0000000000
76 -167.0000000000
77 -166.0000000000
79 -165.0000000000
82 -164.0000000000
84 -163.0000000000
88 -162.0000000000
89 -161.0000000000
92 -160.0000000000
93 -159.0000000000
94 -158.0000000000
95 -157.0000000000
97 -156.0000000000
100 -155.0000000000
101 -154.0000000000
108 -153.0000000000
110 -152.0000000000
111 -151.0000000000
122 -150.0000000000
123 -149.0000000000
124 -148.0000000000
128 -147.0000000000
129 -146.0000000000
132 -145.0000000000
133 -144.0000000000
139 -143.0000000000
140 -142.0000000000
141 -141.0000000000
142 -140.0000000000
147 -139.0000000000
149 -138.0000000000
151 -137.0000000000
153 -136.0000000000
155 -135.0000000000
158 -134.0000000000
162 -133.0000000000
163 -132.0000000000
171 -131.0000000000
172 -130.0000000000
178 -129.0000000000
179 -128.0000000000
184 -127.0000000000
185 -126.0000000000
190 -125.0000000000
192 -124.0000000000
193 -123.0000000000
194 -122.0000000000
196 -121.0000000000
199 -120.0000000000
204 -119.0000000000
205 -118.0000000000
208 -117.0000000000
210 -116.0000000000
211 -115.0000000000
213 -114.0000000000
222 -113.0000000000
223 -112.0000000000
227 -111.0000000000
236 -110.0000000000
240 -109.0000000000
245 -108.0000000000
247 -107.0000000000
249 -106.0000000000
255 -105.0000000000
259 -104.0000000000
261 -103.0000000000
262 -102.0000000000
264 -101.0000000000
265 -100.0000000000
266 -99.0000000000
270 -98.0000000000
274 -97.0000000000
276 -96.0000000000
277 -95.0000000000
278 -94.0000000000
280 -93.0000000000
289 -92.0000000000
290 -91.0000000000
294 -90.0000000000
298 -89.0000000000
299 -88.0000000000
302 -87.0000000000
305 -86.0000000000
306 -85.0000000000
317 -84.0000000000
320 -83.0000000000
321 -82.0000000000
322 -81.0000000000
323 -80.0000000000
329 -79.0000000000
335 -78.0000000000
364 -77.0000000000
367 -76.0000000000
370 -75.0000000000
371 -74.0000000000
381 -73.0000000000
383 -72.0000000000
384 -71.0000000000
400 -70.0000000000
403 -69.0000000000
405 -68.0000000000
406 -67.0000000000
414 -66.0000000000
422 -65.0000000000
427 -64.0000000000
432 -63.0000000000
434 -62.0000000000
436 -61.0000000000
456 -60.0000000000
459 -59.0000000000
460 -58.0000000000
464 -57.0000000000
467 -56.0000000000
474 -55.0000000000
486 -54.0000000000
494 -53.0000000000
499 -52.0000000000
503 -51.0000000000
510 -50.0000000000
518 -49.0000000000
536 -48.0000000000
544 -47.0000000000
547 -46.0000000000
549 -45.0000000000
563 -44.0000000000
569 -43.0000000000
592 -42.0000000000
604 -41.0000000000
607 -40.0000000000
612 -39.0000000000
617 -38.0000000000
621 -37.0000000000
637 -36.0000000000
638 -35.0000000000
640 -34.0000000000
658 -33.0000000000
677 -32.0000000000
696 -31.0000000000
697 -30.0000000000
701 -29.0000000000
705 -28.0000000000
716 -27.0000000000
730 -26.0000000000
731 -25.0000000000
797 -24.0000000000
821 -23.0000000000
822 -22.0000000000
841 -21.0000000000
851 -20.0000000000
863 -19.0000000000
866 -18.0000000000
887 -17.0000000000
915 -16.0000000000
917 -15.0000000000
946 -14.0000000000
973 -13.0000000000
984 -12.0000000000
993 -11.0000000000
1025 -10.0000000000
1027 -9.0000000000
1028 -8.0000000000
1037 -7.0000000000
1097 -6.0000000000
1108 -5.0000000000
1114 -4.0000000000
1119 -3.0000000000
1137 -2.0000000000
1138 -1.0000000000
1183 393.0000000000
10000 -1.0000000000
evaluations raw_y
1 -207.0000000000
4 -206.0000000000
5 -205.0000000000
7 -204.0000000000
8 -203.0000000000
12 -202.0000000000
14 -201.0000000000
16 -200.0000000000
17 -199.0000000000
19 -198.0000000000
21 -197.0000000000
22 -196.0000000000
24 -195.0000000000
27 -194.0000000000
28 -193.0000000000
29 -192.0000000000
30 -191.0000000000
41 -190.0000000000
43 -189.0000000000
47 -188.0000000000
50 -187.0000000000
51 -186.0000000000
53 -185.0000000000
54 -184.0000000000
59 -183.0000000000
64 -182.0000000000
66 -181.0000000000
67 -180.0000000000
68 -179.0000000000
69 -178.0000000000
70 -177.0000000000
72 -176.0000000000
75 -175.0000000000
77 -174.0000000000
79 -173.0000000000
80 -172.0000000000
81 -171.0000000000
83 -170.0000000000
85 -169.0000000000
86 -168.0000000000
87 -167.0000000000
88 -166.0000000000
89 -165.0000000000
91 -164.0000000000
92 -163.0000000000
95 -162.0000000000
97 -161.0000000000
100 -160.0000000000
103 -159.0000000000
104 -158.0000000000
105 -157.0000000000
106 -156.0000000000
110 -155.0000000000
113 -154.0000000000
114 -153.0000000000
120 -152.0000000000
121 -151.0000000000
125 -150.0000000000
128 -149.0000000000
132 -148.0000000000
134 -147.0000000000
135 -146.0000000000
137 -145.0000000000
140 -144.0000000000
142 -143.0000000000
143 -142.0000000000
144 -141.0000000000
145 -140.0000000000
146 -139.0000000000
149 -138.0000000000
150 -137.0000000000
152 -136.0000000000
153 -135.0000000000
156 -134.0000000000
157 -133.0000000000
158 -132.0000000000
162 -131.0000000000
163 -130.0000000000
165 -129.0000000000
166 -128.0000000000
168 -127.0000000000
174 -126.0000000000
182 -125.0000000000
185 -124.0000000000
186 -123.0000000000
188 -122.0000000000
189 -121.0000000000
193 -120.0000000000
200 -119.0000000000
202 -118.0000000000
206 -117.0000000000
207 -116.0000000000
208 -115.0000000000
215 -114.0000000000
223 -113.0000000000
226 -112.0000000000
227 -111.0000000000
230 -110.0000000000
238 -109.0000000000
248 -108.0000000000
250 -107.0000000000
260 -106.0000000000
262 -105.0000000000
263 -104.0000000000
268 -103.0000000000
272 -102.0000000000
276 -101.0000000000
281 -100.0000000000
283 -99.0000000000
284 -98.0000000000
300 -97.0000000000
309 -96.0000000000
316 -95.0000000000
330 -94.0000000000
335 -93.0000000000
339 -92.0000000000
341 -91.0000000000
345 -90.0000000000
353 -89.0000000000
355 -88.0000000000
357 -87.0000000000
359 -86.0000000000
372 -85.0000000000
375 -84.0000000000
379 -83.0000000000
394 -82.0000000000
396 -81.0000000000
404 -80.0000000000
421 -79.0000000000
425 -78.0000000000
431 -77.0000000000
432 -76.0000000000
435 -75.0000000000
441 -74.0000000000
443 -73.0000000000
445 -72.0000000000
447 -71.0000000000
448 -70.0000000000
450 -69.0000000000
466 -68.0000000000
484 -67.0000000000
488 -66.0000000000
489 -65.0000000000
498 -64.0000000000
504 -63.0000000000
511 -62.0000000000
516 -61.0000000000
523 -60.0000000000
526 -59.0000000000
540 -58.0000000000
563 -57.0000000000
564 -56.0000000000
566 -55.0000000000
568 -54.0000000000
572 -53.0000000000
573 -52.0000000000
577 -51.0000000000
578 -50.0000000000
581 -49.0000000000
586 -48.0000000000
605 -47.0000000000
612 -46.0000000000
614 -45.0000000000
625 -44.0000000000
632 -43.0000000000
633 -42.0000000000
636 -41.0000000000
641 -40.0000000000
650 -39.0000000000
659 -38.0000000000
672 -37.0000000000
678 -36.0000000000
682 -35.0000000000
685 -34.0000000000
689 -33.0000000000
695 -32.0000000000
698 -31.0000000000
726 -30.0000000000
741 -29.0000000000
747 -28.0000000000
757 -27.0000000000
761 -26.0000000000
762 -25.0000000000
771 -24.0000000000
775 -23.0000000000
785 -22.0000000000
787 -21.0000000000
789 -20.0000000000
793 -19.0000000000
796 -18.0000000000
811 -17.0000000000
820 -16.0000000000
822 -15.0000000000
851 -14.0000000000
888 -13.0000000000
928 -12.0000000000
938 -11.0000000000
949 -10.0000000000
962 -9.0000000000
976 -8.0000000000
984 -7.0000000000
992 -6.0000000000
1010 -5.0000000000
1019 -4.0000000000
1030 -3.0000000000
1055 -2.0000000000
1065 -1.0000000000
1158 377.0000000000
10000 -1.0000000000
evaluations raw_y
1 -213.0000000000
2 -212.0000000000
5 -211.0000000000
10 -210.0000000000
12 -209.0000000000
13 -208.0000000000
14 -207.0000000000
16 -206.0000000000
17 -205.0000000000
19 -204.0000000000
22 -203.0000000000
25 -202.0000000000
26 -201.0000000000
27 -200.0000000000
30 -199.0000000000
33 -198.0000000000
37 -197.0000000000
40 -196.0000000000
41 -195.0000000000
43 -194.0000000000
45 -193.0000000000
46 -192.0000000000
48 -191.0000000000
49 -190.0000000000
50 -189.0000000000
53 -188.0000000000
54 -187.0000000000
55 -186.0000000000
57 -185.0000000000
60 -184.0000000000
61 -183.0000000000
72 -182.0000000000
79 -181.0000000000
80 -180.0000000000
81 -179.0000000000
82 -178.0000000000
83 -177.0000000000
84 -176.0000000000
85 -175.0000000000
87 -174.0000000000
92 -173.0000000000
94 -172.0000000000
95 -171.0000000000
96 -170.0000000000
97 -169.0000000000
103 -168.0000000000
104 -167.0000000000
107 -166.0000000000
108 -165.0000000000
109 -164.0000000000
111 -163.0000000000
114 -162.0000000000
123 -161.0000000000
124 -160.0000000000
136 -159.0000000000
138 -158.0000000000
139 -157.0000000000
147 -156.0000000000
152 -155.0000000000
155 -154.0000000000
156 -153.0000000000
160 -152.0000000000
161 -151.0000000000
162 -150.0000000000
165 -149.0000000000
174 -148.0000000000
177 -147.0000000000
178 -146.0000000000
179 -145.0000000000
181 -144.0000000000
185 -143.0000000000
188 -142.0000000000
189 -141.0000000000
201 -140.0000000000
204 -139.0000000000
211 -138.0000000000
212 -137.0000000000
215 -136.0000000000
218 -135.0000000000
221 -134.0000000000
233 -133.0000000000
235 -132.0000000000
242 -131.0000000000
244 -130.0000000000
251 -129.0000000000
255 -128.0000000000
258 -127.0000000000
260 -126.0000000000
264 -125.0000000000
271 -124.0000000000
272 -123.0000000000
276 -122.0000000000
277 -121.0000000000
278 -120.0000000000
285 -119.0000000000
286 -118.0000000000
287 -117.0000000000
296 -116.0000000000
305 -115.0000000000
307 -114.0000000000
311 -113.0000000000
314 -112.0000000000
319 -111.0000000000
321 -110.0000000000
322 -109.0000000000
324 -108.0000000000
332 -107.0000000000
334 -106.0000000000
336 -105.0000000000
342 -104.0000000000
346 -103.0000000000
354 -102.0000000000
356 -101.0000000000
357 -100.0000000000
359 -99.0000000000
362 -98.0000000000
366 -97.0000000000
367 -96.0000000000
371 -95.0000000000
374 -94.0000000000
375 -93.0000000000
382 -92.0000000000
386 -91.0000000000
394 -90.0000000000
399 -89.0000000000
400 -88.0000000000
409 -87.0000000000
417 -86.0000000000
418 -85.0000000000
425 -84.0000000000
426 -83.0000000000
430 -82.0000000000
434 -81.0000000000
450 -80.0000000000
452 -79.0000000000
458 -78.0000000000
459 -77.0000000000
465 -76.0000000000
472 -75.0000000000
493 -74.0000000000
497 -73.0000000000
498 -72.0000000000
505 -71.0000000000
510 -70.0000000000
516 -69.0000000000
521 -68.0000000000
522 -67.0000000000
523 -66.0000000000
531 -65.0000000000
532 -64.0000000000
535 -63.0000000000
538 -62.0000000000
539 -61.0000000000
540 -60.0000000000
550 -59.0000000000
567 -58.0000000000
576 -57.0000000000
581 -56.0000000000
583 -55.0000000000
588 -54.0000000000
594 -53.0000000000
606 -52.0000000000
611 -51.0000000000
619 -50.0000000000
625 -49.0000000000
626 -48.0000000000
643 -47.0000000000
652 -46.0000000000
661 -45.0000000000
686 -44.0000000000
691 -43.0000000000
694 -42.0000000000
701 -41.0000000000
726 -40.0000000000
731 -39.0000000000
738 -38.0000000000
752 -37.0000000000
767 -36.0000000000
773 -35.0000000000
783 -34.0000000000
788 -33.0000000000
791 -32.0000000000
793 -31.0000000000
795 -30.0000000000
807 -29.0000000000
818 -28.0000000000
826 -27.0000000000
832 -26.0000000000
845 -25.0000000000
851 -24.0000000000
858 -23.0000000000
865 -22.0000000000
871 -21.0000000000
885 -20.0000000000
896 -19.0000000000
913 -18.0000000000
919 -17.0000000000
928 -16.0000000000
936 -15.0000000000
951 -14.0000000000
984 -13.0000000000
995 -12.0000000000
1008 -11.0000000000
1025 -10.0000000000
1058 -9.0000000000
1075 -8.0000000000
1109 -7.0000000000
1112 -6.0000000000
1114 -5.0000000000
1128 -4.0000000000
1131 -3.0000000000
1222 -2.0000000000
1234 -1.0000000000
1256 390.0000000000
10000 -1.0000000000
evaluations raw_y
1 -221.0000000000
4 -220.0000000000
5 -219.0000000000
8 -218.0000000000
9 -217.0000000000
10 -216.0000000000
18 -215.0000000000
20 -214.0000000000
22 -213.0000000000
26 -212.0000000000
27 -211.0000000000
29 -210.0000000000
30 -209.0000000000
31 -208.0000000000
33 -207.0000000000
35 -206.0000000000
36 -205.0000000000
41 -204.0000000000
42 -203.0000000000
43 -202.0000000000
45 -201.0000000000
46 -200.0000000000
47 -199.0000000000
50 -198.0000000000
53 -197.0000000000
58 -196.0000000000
61 -195.0000000000
62 -194.0000000000
65 -193.0000000000
66 -192.0000000000
68 -191.0000000000
70 -190.0000000000
73 -189.0000000000
74 -188.0000000000
78 -187.0000000000
80 -186.0000000000
85 -185.0000000000
86 -184.0000000000
91 -183.0000000000
95 -182.0000000000
98 -181.0000000000
101 -180.0000000000
103 -179.0000000000
104 -178.0000000000
106 -177.0000000000
111 -176.0000000000
114 -175.0000000000
116 -174.0000000000
120 -173.0000000000
121 -172.0000000000
122 -171.0000000000
123 -170.0000000000
124 -169.0000000000
127 -168.0000000000
130 -167.0000000000
133 -166.0000000000
135 -165.0000000000
138 -164.0000000000
144 -163.0000000000
145 -162.0000000000
149 -161.0000000000
150 -160.0000000000
153 -159.0000000000
154 -158.0000000000
161 -157.0000000000
162 -156.0000000000
164 -155.0000000000
165 -154.0000000000
167 -153.0000000000
168 -152.0000000000
169 -151.0000000000
170 -150.0000000000
176 -149.0000000000
177 -148.0000000000
185 -147.0000000000
187 -146.0000000000
188 -145.0000000000
189 -144.0000000000
190 -143.0000000000
191 -142.0000000000
197 -141.0000000000
200 -140.0000000000
202 -139.0000000000
203 -138.0000000000
204 -137.0000000000
206 -136.0000000000
210 -135.0000000000
211 -134.0000000000
216 -133.0000000000
218 -132.0000000000
224 -131.0000000000
225 -130.0000000000
227 -129.0000000000
236 -128.0000000000
237 -127.0000000000
238 -126.0000000000
239 -125.0000000000
243 -124.0000000000
244 -123.0000000000
246 -122.0000000000
248 -121.0000000000
249 -120.0000000000
252 -119.0000000000
257 -118.0000000000
260 -117.0000000000
262 -116.0000000000
265 -115.0000000000
266 -114.0000000000
267 -113.0000000000
269 -112.0000000000
277 -111.0000000000
279 -110.0000000000
294 -109.0000000000
301 -108.0000000000
308 -107.0000000000
309 -106.0000000000
310 -105.0000000000
314 -104.0000000000
315 -103.0000000000
316 -102.0000000000
323 -101.0000000000
328 -100.0000000000
330 -99.0000000000
341 -98.0000000000
344 -97.0000000000
346 -96.0000000000
350 -95.0000000000
351 -94.0000000000
352 -93.0000000000
357 -92.0000000000
358 -91.0000000000
365 -90.0000000000
366 -89.0000000000
378 -88.0000000000
379 -87.0000000000
382 -86.0000000000
386 -85.0000000000
389 -84.0000000000
396 -83.0000000000
397 -82.0000000000
398 -81.0000000000
406 -80.0000000000
409 -79.0000000000
413 -78.0000000000
426 -77.0000000000
443 -76.0000000000
444 -75.0000000000
446 -74.0000000000
449 -73.0000000000
451 -72.0000000000
455 -71.0000000000
462 -70.0000000000
473 -69.0000000000
482 -68.0000000000
484 -67.0000000000
486 -66.0000000000
489 -65.0000000000
494 -64.0000000000
499 -63.0000000000
502 -62.0000000000
504 -61.0000000000
513 -60.0000000000
544 -59.0000000000
552 -58.0000000000
555 -57.0000000000
563 -56.0000000000
565 -55.0000000000
572 -54.0000000000
576 -53.0000000000
580 -52.0000000000
582 -51.0000000000
596 -50.0000000000
604 -49.0000000000
622 -48.0000000000
626 -47.0000000000
627 -46.0000000000
632 -45.0000000000
636 -44.0000000000
638 -43.0000000000
656 -42.0000000000
657 -41.0000000000
658 -40.0000000000
667 -39.0000000000
679 -38.0000000000
707 -37.0000000000
712 -36.0000000000
721 -35.0000000000
733 -34.0000000000
734 -33.0000000000
736 -32.0000000000
749 -31.0000000000
751 -30.0000000000
755 -29.0000000000
756 -28.0000000000
757 -27.0000000000
763 -26.0000000000
769 -25.0000000000
782 -24.0000000000
783 -23.0000000000
804 -22.0000000000
823 -21.0000000000
858 -20.0000000000
868 -19.0000000000
874 -18.0000000000
889 -17.0000000000
904 -16.0000000000
910 -15.0000000000
912 -14.0000000000
941 -13.0000000000
977 -12.0000000000
979 -11.0000000000
1012 -10.0000000000
1027 -9.0000000000
1065 -8.0000000000
1066 -7.0000000000
1070 -6.0000000000
1071 -5.0000000000
1127 -4.0000000000
1130 -3.0000000000
1218 -2.0000000000
1255 -1.0000000000
1292 394.0000000000
10000 -1.0000000000
evaluations raw_y
1 -218.0000000000
2 -217.0000000000
4 -216.0000000000
5 -215.0000000000
8 -214.0000000000
10 -213.0000000000
11 -212.0000000000
13 -211.0000000000
15 -210.0000000000
16 -209.0000000000
17 -208.0000000000
18 -207.0000000000
20 -206.0000000000
21 -205.0000000000
22 -204.0000000000
24 -203.0000000000
25 -202.0000000000
26 -201.0000000000
29 -200.0000000000
31 -199.0000000000
33 -198.0000000000
38 -197.0000000000
39 -196.0000000000
42 -195.0000000000
43 -194.0000000000
44 -193.0000000000
45 -192.0000000000
46 -191.0000000000
49 -190.0000000000
50 -189.0000000000
51 -188.0000000000
52 -187.0000000000
53 -186.0000000000
55 -185.0000000000
58 -184.0000000000
60 -183.0000000000
63 -182.0000000000
64 -181.0000000000
67 -180.0000000000
72 -179.0000000000
73 -178.0000000000
78 -177.0000000000
84 -176.0000000000
88 -175.0000000000
89 -174.0000000000
92 -173.0000000000
93 -172.0000000000
94 -171.0000000000
95 -170.0000000000
96 -169.0000000000
97 -168.0000000000
98 -167.0000000000
103 -166.0000000000
105 -165.0000000000
106 -164.0000000000
107 -163.0000000000
115 -162.0000000000
117 -161.0000000000
118 -160.0000000000
119 -159.0000000000
120 -158.0000000000
122 -157.0000000000
125 -156.0000000000
127 -155.0000000000
128 -154.0000000000
129 -153.0000000000
131 -152.0000000000
134 -151.0000000000
135 -150.0000000000
136 -149.0000000000
137 -148.0000000000
140 -147.0000000000
143 -146.0000000000
146 -145.0000000000
147 -144.0000000000
150 -143.0000000000
156 -142.0000000000
158 -141.0000000000
163 -140.0000000000
166 -139.0000000000
167 -138.0000000000
171 -137.0000000000
178 -136.0000000000
182 -135.0000000000
191 -134.0000000000
197 -133.0000000000
199 -132.0000000000
200 -131.0000000000
204 -130.0000000000
207 -129.0000000000
214 -128.0000000000
216 -127.0000000000
218 -126.0000000000
219 -125.0000000000
227 -124.0000000000
229 -123.0000000000
232 -122.0000000000
234 -121.0000000000
235 -120.0000000000
237 -119.0000000000
248 -118.0000000000
255 -117.0000000000
257 -116.0000000000
258 -115.0000000000
262 -114.0000000000
263 -113.0000000000
265 -112.0000000000
267 -111.0000000000
272 -110.0000000000
275 -109.0000000000
276 -108.0000000000
277 -107.0000000000
284 -106.0000000000
296 -105.0000000000
297 -104.0000000000
303 -103.0000000000
304 -102.0000000000
309 -101.0000000000
313 -100.0000000000
318 -99.0000000000
322 -98.0000000000
325 -97.0000000000
330 -96.0000000000
331 -95.0000000000
336 -94.0000000000
337 -93.0000000000
342 -92.0000000000
343 -91.0000000000
344 -90.0000000000
347 -89.0000000000
348 -88.0000000000
357 -87.0000000000
358 -86.0000000000
364 -85.0000000000
377 -84.0000000000
381 -83.0000000000
383 -82.0000000000
400 -81.0000000000
403 -80.0000000000
406 -79.0000000000
415 -78.0000000000
438 -77.0000000000
440 -76.0000000000
443 -75.0000000000
452 -74.0000000000
467 -73.0000000000
476 -72.0000000000
477 -71.0000000000
485 -70.0000000000
493 -69.0000000000
499 -68.0000000000
507 -67.0000000000
509 -66.0000000000
516 -65.0000000000
519 -64.0000000000
524 -63.0000000000
529 -62.0000000000
532 -61.0000000000
533 -60.0000000000
538 -59.0000000000
553 -58.0000000000
573 -57.0000000000
587 -56.0000000000
588 -55.0000000000
594 -54.0000000000
606 -53.0000000000
607 -52.0000000000
609 -51.0000000000
611 -50.0000000000
624 -49.0000000000
626 -48.0000000000
634 -47.0000000000
640 -46.0000000000
643 -45.0000000000
646 -44.0000000000
648 -43.0000000000
649 -42.0000000000
650 -41.0000000000
657 -40.0000000000
664 -39.0000000000
677 -38.0000000000
680 -37.0000000000
700 -36.0000000000
702 -35.0000000000
705 -34.0000000000
717 -33.0000000000
736 -32.0000000000
742 -31.0000000000
744 -30.0000000000
775 -29.0000000000
777 -28.0000000000
778 -27.0000000000
779 -26.0000000000
786 -25.0000000000
794 -24.0000000000
814 -23.0000000000
817 -22.0000000000
854 -21.0000000000
883 -20.0000000000
911 -19.0000000000
933 -18.0000000000
942 -17.0000000000
950 -16.0000000000
960 -15.0000000000
972 -14.0000000000
1000 -13.0000000000
1010 -12.0000000000
1040 -11.0000000000
1096 -10.0000000000
1104 -9.0000000000
1113 -8.0000000000
1121 -7.0000000000
1197 -6.0000000000
1223 -5.0000000000
1254 -4.0000000000
1255 -3.0000000000
1303 -2.0000000000
1343 -1.0000000000
1393 399.0000000000
10000 -1.0000000000
evaluations raw_y
1 -222.0000000000
2 -221.0000000000
5 -220.0000000000
7 -219.0000000000
8 -218.0000000000
11 -217.0000000000
14 -216.0000000000
15 -215.0000000000
17 -214.0000000000
18 -213.0000000000
20 -212.0000000000
24 -211.0000000000
26 -210.0000000000
30 -209.0000000000
32 -208.0000000000
36 -207.0000000000
37 -206.0000000000
39 -205.0000000000
43 -204.0000000000
45 -203.0000000000
47 -202.0000000000
48 -201.0000000000
49 -200.0000000000
50 -199.0000000000
51 -198.0000000000
52 -197.0000000000
55 -196.0000000000
57 -195.0000000000
58 -194.0000000000
60 -193.0000000000
63 -192.0000000000
65 -191.0000000000
70 -190.0000000000
71 -189.0000000000
72 -188.0000000000
73 -187.0000000000
77 -186.0000000000
78 -185.0000000000
79 -184.0000000000
81 -183.0000000000
83 -182.0000000000
84 -181.0000000000
85 -180.0000000000
88 -179.0000000000
92 -178.0000000000
95 -177.0000000000
98 -176.0000000000
106 -175.0000000000
107 -174.0000000000
112 -173.0000000000
123 -172.0000000000
127 -171.0000000000
132 -170.0000000000
133 -169.0000000000
135 -168.0000000000
137 -167.0000000000
138 -166.0000000000
140 -165.0000000000
144 -164.0000000000
145 -163.0000000000
147 -162.0000000000
148 -161.0000000000
152 -160.0000000000
154 -159.0000000000
155 -158.0000000000
156 -157.0000000000
157 -156.0000000000
159 -155.0000000000
160 -154.0000000000
165 -153.0000000000
167 -152.0000000000
170 -151.0000000000
175 -150.0000000000
177 -149.0000000000
180 -148.0000000000
186 -147.0000000000
188 -146.0000000000
189 -145.0000000000
190 -144.0000000000
193 -143.0000000000
195 -142.0000000000
200 -141.0000000000
205 -140.0000000000
206 -139.0000000000
207 -138.0000000000
210 -137.0000000000
217 -136.0000000000
219 -135.0000000000
220 -134.0000000000
222 -133.0000000000
223 -132.0000000000
224 -131.0000000000
228 -130.0000000000
229 -129.0000000000
232 -128.0000000000
239 -127.0000000000
244 -126.0000000000
250 -125.0000000000
253 -124.0000000000
255 -123.0000000000
256 -122.0000000000
260 -121.0000000000
261 -120.0000000000
264 -119.0000000000
266 -118.0000000000
267 -117.0000000000
275 -116.0000000000
278 -115.0000000000
280 -114.0000000000
284 -113.0000000000
292 -112.0000000000
296 -111.0000000000
310 -110.0000000000
315 -109.0000000000
316 -108.0000000000
324 -107.0000000000
327 -106.0000000000
332 -105.0000000000
336 -104.0000000000
337 -103.0000000000
344 -102.0000000000
348 -101.0000000000
349 -100.0000000000
352 -99.0000000000
353 -98.0000000000
358 -97.0000000000
364 -96.0000000000
365 -95.0000000000
367 -94.0000000000
370 -93.0000000000
371 -92.0000000000
382 -91.0000000000
384 -90.0000000000
385 -89.0000000000
386 -88.0000000000
387 -87.0000000000
394 -86.0000000000
396 -85.0000000000
402 -84.0000000000
406 -83.0000000000
422 -82.0000000000
423 -81.0000000000
425 -80.0000000000
439 -79.0000000000
444 -78.0000000000
446 -77.0000000000
457 -76.0000000000
462 -75.0000000000
470 -74.0000000000
473 -73.0000000000
502 -72.0000000000
504 -71.0000000000
514 -70.0000000000
516 -69.0000000000
520 -68.0000000000
526 -67.0000000000
527 -66.0000000000
530 -65.0000000000
531 -64.0000000000
533 -63.0000000000
535 -62.0000000000
545 -61.0000000000
550 -60.0000000000
551 -59.0000000000
552 -58.0000000000
557 -57.0000000000
562 -56.0000000000
567 -55.0000000000
600 -54.0000000000
603 -53.0000000000
606 -52.0000000000
609 -51.0000000000
616 -50.0000000000
625 -49.0000000000
636 -48.0000000000
645 -47.0000000000
655 -46.0000000000
678 -45.0000000000
691 -44.0000000000
693 -43.0000000000
704 -42.0000000000
707 -41.0000000000
719 -40.0000000000
726 -39.0000000000
731 -38.0000000000
746 -37.0000000000
764 -36.0000000000
766 -35.0000000000
774 -34.0000000000
776 -33.0000000000
781 -32.0000000000
789 -31.0000000000
793 -30.0000000000
796 -29.0000000000
800 -28.0000000000
801 -27.0000000000
804 -26.0000000000
810 -25.0000000000
829 -24.0000000000
841 -23.0000000000
842 -22.0000000000
846 -21.0000000000
859 -20.0000000000
895 -19.0000000000
913 -18.0000000000
934 -17.0000000000
937 -16.0000000000
948 -15.0000000000
951 -14.0000000000
971 -13.0000000000
1016 -12.0000000000
1081 -11.0000000000
1103 -10.0000000000
1108 -9.0000000000
1117 -8.0000000000
1154 -7.0000000000
1155 -6.0000000000
1168 -5.0000000000
1172 -4.0000000000
1210 -3.0000000000
1214 -2.0000000000
1226 -1.0000000000
1259 390.0000000000
10000 -1.0000000000
evaluations raw_y
1 -215.0000000000
5 -214.0000000000
6 -213.0000000000
9 -212.0000000000
10 -211.0000000000
13 -210.0000000000
14 -209.0000000000
15 -208.0000000000
16 -207.0000000000
17 -206.0000000000
19 -205.0000000000
20 -204.0000000000
21 -203.0000000000
22 -202.0000000000
23 -201.0000000000
24 -200.0000000000
27 -199.0000000000
29 -198.0000000000
34 -197.0000000000
36 -196.0000000000
38 -195.0000000000
43 -194.0000000000
44 -193.0000000000
45 -192.0000000000
46 -191.0000000000
48 -190.0000000000
53 -189.0000000000
54 -188.0000000000
56 -187.0000000000
58 -186.0000000000
64 -185.0000000000
65 -184.0000000000
68 -183.0000000000
69 -182.0000000000
71 -181.0000000000
76 -180.0000000000
77 -179.0000000000
80 -178.0000000000
87 -177.0000000000
91 -176.0000000000
92 -175.0000000000
93 -174.0000000000
94 -173.0000000000
95 -172.0000000000
96 -171.0000000000
98 -170.0000000000
100 -169.0000000000
102 -168.0000000000
104 -167.0000000000
105 -166.0000000000
106 -165.0000000000
109 -164.0000000000
112 -163.0000000000
114 -162.0000000000
124 -161.0000000000
128 -160.0000000000
129 -159.0000000000
132 -158.0000000000
134 -157.0000000000
137 -156.0000000000
138 -155.0000000000
140 -154.0000000000
141 -153.0000000000
148 -152.0000000000
149 -151.0000000000
150 -150.0000000000
151 -149.0000000000
157 -148.0000000000
158 -147.0000000000
168 -146.0000000000
169 -145.0000000000
171 -144.0000000000
173 -143.0000000000
175 -142.0000000000
176 -141.0000000000
177 -140.0000000000
184 -139.0000000000
187 -138.0000000000
188 -137.0000000000
191 -136.0000000000
195 -135.0000000000
198 -134.0000000000
203 -133.0000000000
205 -132.0000000000
207 -131.0000000000
210 -130.0000000000
214 -129.0000000000
229 -128.0000000000
231 -127.0000000000
239 -126.0000000000
242 -125.0000000000
243 -124.0000000000
248 -123.0000000000
254 -122.0000000000
256 -121.0000000000
258 -120.0000000000
260 -119.0000000000
268 -118.0000000000
282 -117.0000000000
283 -116.0000000000
285 -115.0000000000
290 -114.0000000000
294 -113.0000000000
295 -112.0000000000
296 -111.0000000000
305 -110.0000000000
310 -109.0000000000
311 -108.0000000000
316 -107.0000000000
323 -106.0000000000
325 -105.0000000000
327 -104.0000000000
334 -103.0000000000
335 -102.0000000000
338 -101.0000000000
339 -100.0000000000
340 -99.0000000000
342 -98.0000000000
362 -97.0000000000
364 -96.0000000000
380 -95.0000000000
384 -94.0000000000
388 -93.0000000000
390 -92.0000000000
404 -91.0000000000
409 -90.0000000000
410 -89.0000000000
411 -88.0000000000
414 -87.0000000000
425 -86.0000000000
426 -85.0000000000
427 -84.0000000000
428 -83.0000000000
435 -82.0000000000
436 -81.0000000000
438 -80.0000000000
443 -79.0000000000
452 -78.0000000000
475 -77.0000000000
479 -76.0000000000
494 -75.0000000000
506 -74.0000000000
511 -73.0000000000
515 -72.0000000000
517 -71.0000000000
518 -70.0000000000
519 -69.0000000000
525 -68.0000000000
535 -67.0000000000
541 -66.0000000000
542 -65.0000000000
545 -64.0000000000
549 -63.0000000000
559 -62.0000000000
570 -61.0000000000
581 -60.0000000000
584 -59.0000000000
585 -58.0000000000
592 -57.0000000000
601 -56.0000000000
604 -55.0000000000
617 -54.0000000000
618 -53.0000000000
620 -52.0000000000
632 -51.0000000000
634 -50.0000000000
637 -49.0000000000
638 -48.0000000000
639 -47.0000000000
646 -46.0000000000
647 -45.0000000000
648 -44.0000000000
667 -43.0000000000
675 -42.0000000000
705 -41.0000000000
712 -40.0000000000
729 -39.0000000000
736 -38.0000000000
739 -37.0000000000
752 -36.0000000000
754 -35.0000000000
757 -34.0000000000
759 -33.0000000000
765 -32.0000000000
783 -31.0000000000
784 -30.0000000000
788 -29.0000000000
791 -28.0000000000
808 -27.0000000000
830 -26.0000000000
840 -25.0000000000
846 -24.0000000000
856 -23.0000000000
857 -22.0000000000
863 -21.0000000000
866 -20.0000000000
875 -19.0000000000
887 -18.0000000000
953 -17.0000000000
972 -16.0000000000
990 -15.0000000000
1028 -14.0000000000
1050 -13.0000000000
1081 -12.0000000000
1084 -11.0000000000
1098 -10.0000000000
1125 -9.0000000000
1136 -8.0000000000
1160 -7.0000000000
1220 -6.0000000000
1224 -5.0000000000
1236 -4.0000000000
1255 -3.0000000000
1258 -2.0000000000
1287 -1.0000000000
1294 367.0000000000
10000 -1.0000000000
evaluations raw_y
1 -219.0000000000
2 -218.0000000000
3 -217.0000000000
5 -216.0000000000
7 -215.0000000000
8 -214.0000000000
10 -213.0000000000
11 -212.0000000000
15 -211.0000000000
18 -210.0000000000
21 -209.0000000000
24 -208.0000000000
25 -207.0000000000
30 -206.0000000000
31 -205.0000000000
33 -204.0000000000
34 -203.0000000000
35 -202.0000000000
36 -201.0000000000
39 -200.0000000000
40 -199.0000000000
45 -198.0000000000
49 -197.0000000000
50 -196.0000000000
51 -195.0000000000
57 -194.0000000000
61 -193.0000000000
63 -192.0000000000
64 -191.0000000000
69 -190.0000000000
70 -189.0000000000
73 -188.0000000000
81 -187.0000000000
84 -186.0000000000
86 -185.0000000000
89 -184.0000000000
90 -183.0000000000
92 -182.0000000000
94 -181.0000000000
96 -180.0000000000
97 -179.0000000000
98 -178.0000000000
101 -177.0000000000
102 -176.0000000000
103 -175.0000000000
106 -174.0000000000
107 -173.0000000000
108 -172.0000000000
109 -171.0000000000
110 -170.0000000000
113 -169.0000000000
114 -168.0000000000
119 -167.0000000000
122 -166.0000000000
124 -165.0000000000
125 -164.0000000000
126 -163.0000000000
128 -162.0000000000
129 -161.0000000000
138 -160.0000000000
141 -159.0000000000
143 -158.0000000000
147 -157.0000000000
148 -156.0000000000
151 -155.0000000000
152 -154.0000000000
153 -153.0000000000
158 -152.0000000000
160 -151.0000000000
161 -150.0000000000
163 -149.0000000000
169 -148.0000000000
172 -147.0000000000
177 -146.0000000000
179 -145.0000000000
184 -144.0000000000
187 -143.0000000000
190 -142.0000000000
191 -141.0000000000
192 -140.0000000000
194 -139.0000000000
196 -138.0000000000
197 -137.0000000000
200 -136.0000000000
208 -135.0000000000
209 -134.0000000000
214 -133.0000000000
215 -132.0000000000
217 -131.0000000000
218 -130.0000000000
219 -129.0000000000
224 -128.0000000000
226 -127.0000000000
232 -126.0000000000
233 -125.0000000000
234 -124.0000000000
237 -123.0000000000
244 -122.0000000000
246 -121.0000000000
251 -120.0000000000
254 -119.0000000000
255 -118.0000000000
258 -117.0000000000
260 -116.0000000000
262 -115.0000000000
265 -114.0000000000
267 -113.0000000000
273 -112.0000000000
277 -111.0000000000
281 -110.0000000000
285 -109.0000000000
286 -108.0000000000
288 -107.0000000000
292 -106.0000000000
297 -105.0000000000
298 -104.0000000000
302 -103.0000000000
303 -102.0000000000
317 -101.0000000000
331 -100.0000000000
332 -99.0000000000
335 -98.0000000000
336 -97.0000000000
344 -96.0000000000
350 -95.0000000000
354 -94.0000000000
358 -93.0000000000
372 -92.0000000000
373 -91.0000000000
377 -90.0000000000
383 -89.0000000000
384 -88.0000000000
385 -87.0000000000
386 -86.0000000000
387 -85.0000000000
389 -84.0000000000
391 -83.0000000000
397 -82.0000000000
402 -81.0000000000
403 -80.0000000000
414 -79.0000000000
415 -78.0000000000
423 -77.0000000000
432 -76.0000000000
434 -75.0000000000
442 -74.0000000000
447 -73.0000000000
451 -72.0000000000
452 -71.0000000000
456 -70.0000000000
466 -69.0000000000
473 -68.0000000000
477 -67.0000000000
478 -66.0000000000
494 -65.0000000000
509 -64.0000000000
513 -63.0000000000
518 -62.0000000000
521 -61.0000000000
523 -60.0000000000
544 -59.0000000000
558 -58.0000000000
559 -57.0000000000
563 -56.0000000000
566 -55.0000000000
572 -54.0000000000
577 -53.0000000000
582 -52.0000000000
591 -51.0000000000
598 -50.0000000000
603 -49.0000000000
607 -48.0000000000
609 -47.0000000000
613 -46.0000000000
616 -45.0000000000
622 -44.0000000000
630 -43.0000000000
638 -42.0000000000
642 -41.0000000000
652 -40.0000000000
657 -39.0000000000
667 -38.0000000000
670 -37.0000000000
681 -36.0000000000
685 -35.0000000000
700 -34.0000000000
703 -33.0000000000
711 -32.0000000000
718 -31.0000000000
727 -30.0000000000
751 -29.0000000000
778 -28.0000000000
795 -27.0000000000
811 -26.0000000000
836 -25.0000000000
850 -24.0000000000
853 -23.0000000000
857 -22.0000000000
862 -21.0000000000
865 -20.0000000000
885 -19.0000000000
912 -18.0000000000
929 -17.0000000000
935 -16.0000000000
939 -15.0000000000
974 -14.0000000000
988 -13.0000000000
996 -12.0000000000
1012 -11.0000000000
1021 -10.0000000000
1045 -9.0000000000
1105 -8.0000000000
1111 -7.0000000000
1125 -6.0000000000
1234 -5.0000000000
1248 -4.0000000000
1276 -3.0000000000
1284 -2.0000000000
1324 -1.0000000000
1329 412.0000000000
10000 -1.0000000000
evaluations raw_y
1 -224.0000000000
3 -223.0000000000
5 -222.0000000000
7 -221.0000000000
11 -220.0000000000
12 -219.0000000000
15 -218.0000000000
16 -217.0000000000
18 -216.0000000000
23 -215.0000000000
26 -214.0000000000
27 -213.0000000000
32 -212.0000000000
33 -211.0000000000
37 -210.0000000000
39 -209.0000000000
40 -208.0000000000
42 -207.0000000000
43 -206.0000000000
44 -205.0000000000
46 -204.0000000000
49 -203.0000000000
51 -202.0000000000
55 -201.0000000000
56 -200.0000000000
58 -199.0000000000
59 -198.0000000000
61 -197.0000000000
64 -196.0000000000
65 -195.0000000000
67 -194.0000000000
68 -193.0000000000
72 -192.0000000000
73 -191.0000000000
76 -190.0000000000
79 -189.0000000000
82 -188.0000000000
83 -187.0000000000
85 -186.0000000000
88 -185.0000000000
90 -184.0000000000
91 -183.0000000000
92 -182.0000000000
95 -181.0000000000
98 -180.0000000000
101 -179.0000000000
103 -178.0000000000
106 -177.0000000000
107 -176.0000000000
110 -175.0000000000
112 -174.0000000000
116 -173.0000000000
117 -172.0000000000
120 -171.0000000000
123 -170.0000000000
124 -169.0000000000
132 -168.0000000000
134 -167.0000000000
135 -166.0000000000
136 -165.0000000000
139 -164.0000000000
140 -163.0000000000
143 -162.0000000000
146 -161.0000000000
150 -160.0000000000
151 -159.0000000000
154 -158.0000000000
158 -157.0000000000
162 -156.0000000000
163 -155.0000000000
165 -154.0000000000
167 -153.0000000000
171 -152.0000000000
175 -151.0000000000
179 -150.0000000000
182 -149.0000000000
185 -148.0000000000
189 -147.0000000000
190 -146.0000000000
191 -145.0000000000
198 -144.0000000000
201 -143.0000000000
207 -142.0000000000
217 -141.0000000000
220 -140.0000000000
224 -139.0000000000
225 -138.0000000000
228 -137.0000000000
231 -136.0000000000
233 -135.0000000000
234 -134.0000000000
236 -133.0000000000
238 -132.0000000000
239 -131.0000000000
241 -130.0000000000
242 -129.0000000000
248 -128.0000000000
262 -127.0000000000
264 -126.0000000000
272 -125.0000000000
277 -124.0000000000
283 -123.0000000000
288 -122.0000000000
295 -121.0000000000
304 -120.0000000000
305 -119.0000000000
306 -118.0000000000
311 -117.0000000000
312 -116.0000000000
316 -115.0000000000
317 -114.0000000000
319 -113.0000000000
322 -112.0000000000
323 -111.0000000000
324 -110.0000000000
331 -109.0000000000
332 -108.0000000000
345 -107.0000000000
352 -106.0000000000
353 -105.0000000000
356 -104.0000000000
358 -103.0000000000
360 -102.0000000000
361 -101.0000000000
364 -100.0000000000
368 -99.0000000000
378 -98.0000000000
383 -97.0000000000
385 -96.0000000000
390 -95.0000000000
391 -94.0000000000
403 -93.0000000000
404 -92.0000000000
414 -91.0000000000
415 -90.0000000000
416 -89.0000000000
418 -88.0000000000
421 -87.0000000000
432 -86.0000000000
434 -85.0000000000
435 -84.0000000000
438 -83.0000000000
444 -82.0000000000
453 -81.0000000000
454 -80.0000000000
459 -79.0000000000
465 -78.0000000000
466 -77.0000000000
478 -76.0000000000
486 -75.0000000000
490 -74.0000000000
502 -73.0000000000
504 -72.0000000000
525 -71.0000000000
528 -70.0000000000
530 -69.0000000000
534 -68.0000000000
535 -67.0000000000
545 -66.0000000000
554 -65.0000000000
560 -64.0000000000
566 -63.0000000000
569 -62.0000000000
574 -61.0000000000
575 -60.0000000000
577 -59.0000000000
582 -58.0000000000
584 -57.0000000000
617 -56.0000000000
623 -55.0000000000
632 -54.0000000000
634 -53.0000000000
635 -52.0000000000
651 -51.0000000000
665 -50.0000000000
669 -49.0000000000
679 -48.0000000000
682 -47.0000000000
692 -46.0000000000
710 -45.0000000000
716 -44.0000000000
729 -43.0000000000
730 -42.0000000000
732 -41.0000000000
743 -40.0000000000
745 -39.0000000000
762 -38.0000000000
764 -37.0000000000
773 -36.0000000000
774 -35.0000000000
782 -34.0000000000
789 -33.0000000000
798 -32.0000000000
823 -31.0000000000
836 -30.0000000000
858 -29.0000000000
865 -28.0000000000
870 -27.0000000000
904 -26.0000000000
906 -25.0000000000
914 -24.0000000000
929 -23.0000000000
954 -22.0000000000
976 -21.0000000000
986 -20.0000000000
991 -19.0000000000
1018 -18.0000000000
1024 -17.0000000000
1029 -16.0000000000
1031 -15.0000000000
1040 -14.0000000000
1042 -13.0000000000
1055 -12.0000000000
1101 -11.0000000000
1115 -10.0000000000
1120 -9.0000000000
1131 -8.0000000000
1171 -7.0000000000
1191 -6.0000000000
1199 -5.0000000000
1236 -4.0000000000
1249 -3.0000000000
1272 -2.0000000000
1296 -1.0000000000
1304 380.0000000000
