evaluations raw_y
1 -203.0000000000
2 -202.0000000000
7 -201.0000000000
9 -200.0000000000
10 -199.0000000000
14 -198.0000000000
18 -197.0000000000
20 -196.0000000000
21 -195.0000000000
26 -194.0000000000
27 -193.0000000000
28 -192.0000000000
29 -191.0000000000
37 -190.0000000000
39 -189.0000000000
40 -188.0000000000
50 -187.0000000000
51 -186.0000000000
52 -185.0000000000
57 -184.0000000000
58 -183.0000000000
59 -182.0000000000
60 -181.0000000000
66 -180.0000000000
68 -179.0000000000
72 -178.0000000000
73 -177.0000000000
74 -176.0000000000
77 -175.0000000000
78 -174.0000000000
84 -173.0000000000
85 -172.0000000000
86 -171.0000000000
92 -170.0000000000
95 -169.0000000000
98 -168.0000000000
100 -167.0000000000
103 -166.0000000000
105 -165.0000000000
107 -164.0000000000
108 -163.0000000000
114 -162.0000000000
116 -161.0000000000
117 -160.0000000000
126 -159.0000000000
127 -158.0000000000
129 -157.0000000000
132 -156.0000000000
137 -155.0000000000
142 -154.0000000000
145 -153.0000000000
151 -152.0000000000
154 -151.0000000000
155 -150.0000000000
157 -149.0000000000
161 -148.0000000000
168 -147.0000000000
171 -146.0000000000
177 -145.0000000000
188 -144.0000000000
192 -143.0000000000
197 -142.0000000000
198 -141.0000000000
201 -140.0000000000
203 -139.0000000000
204 -138.0000000000
211 -137.0000000000
212 -136.0000000000
213 -135.0000000000
217 -134.0000000000
220 -133.0000000000
224 -132.0000000000
226 -131.0000000000
231 -130.0000000000
234 -129.0000000000
235 -128.0000000000
236 -127.0000000000
249 -126.0000000000
250 -125.0000000000
254 -124.0000000000
266 -123.0000000000
279 -122.0000000000
280 -121.0000000000
285 -120.0000000000
286 -119.0000000000
289 -118.0000000000
292 -117.0000000000
294 -116.0000000000
295 -115.0000000000
296 -114.0000000000
297 -113.0000000000
298 -112.0000000000
301 -111.0000000000
310 -110.0000000000
320 -109.0000000000
321 -108.0000000000
331 -107.0000000000
336 -106.0000000000
340 -105.0000000000
341 -104.0000000000
342 -103.0000000000
347 -102.0000000000
353 -101.0000000000
357 -100.0000000000
361 -99.0000000000
369 -98.0000000000
373 -97.0000000000
375 -96.0000000000
377 -95.0000000000
388 -94.0000000000
396 -93.0000000000
398 -92.0000000000
401 -91.0000000000
404 -90.0000000000
405 -89.0000000000
406 -88.0000000000
409 -87.0000000000
413 -86.0000000000
415 -85.0000000000
434 -84.0000000000
447 -83.0000000000
469 -82.0000000000
474 -81.0000000000
475 -80.0000000000
492 -79.0000000000
496 -78.0000000000
504 -77.0000000000
510 -76.0000000000
512 -75.0000000000
521 -74.0000000000
533 -73.0000000000
538 -72.0000000000
544 -71.0000000000
547 -70.0000000000
566 -69.0000000000
567 -68.0000000000
575 -67.0000000000
578 -66.0000000000
588 -65.0000000000
589 -64.0000000000
597 -63.0000000000
598 -62.0000000000
600 -61.0000000000
607 -60.0000000000
611 -59.0000000000
615 -58.0000000000
616 -57.0000000000
623 -56.0000000000
624 -55.0000000000
651 -54.0000000000
652 -53.0000000000
658 -52.0000000000
660 -51.0000000000
661 -50.0000000000
665 -49.0000000000
669 -48.0000000000
676 -47.0000000000
690 -46.0000000000
699 -45.0000000000
701 -44.0000000000
706 -43.0000000000
717 -42.0000000000
719 -41.0000000000
723 -40.0000000000
731 -39.0000000000
739 -38.0000000000
741 -37.0000000000
754 -36.0000000000
790 -35.0000000000
795 -34.0000000000
802 -33.0000000000
817 -32.0000000000
856 -31.0000000000
869 -30.0000000000
876 -29.0000000000
881 -28.0000000000
892 -27.0000000000
894 -26.0000000000
895 -25.0000000000
909 -24.0000000000
911 -23.0000000000
941 -22.0000000000
946 -21.0000000000
988 -20.0000000000
1000 -19.0000000000
1025 -18.0000000000
1060 -17.0000000000
1070 -16.0000000000
1088 -15.0000000000
1096 -14.0000000000
1110 -13.0000000000
1116 -12.0000000000
1163 -11.0000000000
1169 -10.0000000000
1217 -9.0000000000
1264 -8.0000000000
1291 -7.0000000000
1305 -6.0000000000
1360 -5.0000000000
1371 -4.0000000000
1395 -3.0000000000
1398 -2.0000000000
1407 -1.0000000000
1484 401.0000000000
10000 -1.0000000000
evaluations raw_y
1 -217.0000000000
2 -216.0000000000
3 -215.0000000000
5 -214.0000000000
6 -213.0000000000
8 -212.0000000000
10 -211.0000000000
11 -210.0000000000
12 -209.0000000000
13 -208.0000000000
14 -207.0000000000
16 -206.0000000000
18 -205.0000000000
20 -204.0000000000
21 -203.0000000000
26 -202.0000000000
28 -201.0000000000
29 -200.0000000000
30 -199.0000000000
31 -198.0000000000
34 -197.0000000000
37 -196.0000000000
38 -195.0000000000
43 -194.0000000000
44 -193.0000000000
50 -192.0000000000
51 -191.0000000000
52 -190.0000000000
59 -189.0000000000
63 -188.0000000000
64 -187.0000000000
66 -186.0000000000
67 -185.0000000000
70 -184.0000000000
72 -183.0000000000
73 -182.0000000000
75 -181.0000000000
80 -180.0000000000
83 -179.0000000000
84 -178.0000000000
86 -177.0000000000
87 -176.0000000000
93 -175.0000000000
95 -174.0000000000
100 -173.0000000000
104 -172.0000000000
105 -171.0000000000
106 -170.0000000000
107 -169.0000000000
110 -168.0000000000
112 -167.0000000000
113 -166.0000000000
115 -165.0000000000
123 -164.0000000000
124 -163.0000000000
125 -162.0000000000
126 -161.0000000000
129 -160.0000000000
131 -159.0000000000
133 -158.0000000000
135 -157.0000000000
139 -156.0000000000
143 -155.0000000000
145 -154.0000000000
149 -153.0000000000
151 -152.0000000000
152 -151.0000000000
156 -150.0000000000
158 -149.0000000000
163 -148.0000000000
166 -147.0000000000
178 -146.0000000000
182 -145.0000000000
183 -144.0000000000
188 -143.0000000000
189 -142.0000000000
194 -141.0000000000
201 -140.0000000000
202 -139.0000000000
207 -138.0000000000
208 -137.0000000000
214 -136.0000000000
219 -135.0000000000
221 -134.0000000000
222 -133.0000000000
225 -132.0000000000
226 -131.0000000000
234 -130.0000000000
239 -129.0000000000
241 -128.0000000000
243 -127.0000000000
245 -126.0000000000
251 -125.0000000000
258 -124.0000000000
260 -123.0000000000
263 -122.0000000000
274 -121.0000000000
279 -120.0000000000
281 -119.0000000000
284 -118.0000000000
287 -117.0000000000
289 -116.0000000000
295 -115.0000000000
298 -114.0000000000
299 -113.0000000000
310 -112.0000000000
314 -111.0000000000
317 -110.0000000000
318 -109.0000000000
327 -108.0000000000
331 -107.0000000000
334 -106.0000000000
336 -105.0000000000
339 -104.0000000000
342 -103.0000000000
353 -102.0000000000
356 -101.0000000000
357 -100.0000000000
365 -99.0000000000
373 -98.0000000000
374 -97.0000000000
375 -96.0000000000
382 -95.0000000000
384 -94.0000000000
389 -93.0000000000
395 -92.0000000000
402 -91.0000000000
404 -90.0000000000
405 -89.0000000000
407 -88.0000000000
411 -87.0000000000
416 -86.0000000000
425 -85.0000000000
440 -84.0000000000
447 -83.0000000000
450 -82.0000000000
459 -81.0000000000
461 -80.0000000000
467 -79.0000000000
470 -78.0000000000
473 -77.0000000000
483 -76.0000000000
485 -75.0000000000
490 -74.0000000000
511 -73.0000000000
512 -72.0000000000
522 -71.0000000000
524 -70.0000000000
525 -69.0000000000
530 -68.0000000000
534 -67.0000000000
541 -66.0000000000
544 -65.0000000000
550 -64.0000000000
554 -63.0000000000
563 -62.0000000000
567 -61.0000000000
580 -60.0000000000
581 -59.0000000000
582 -58.0000000000
590 -57.0000000000
597 -56.0000000000
605 -55.0000000000
612 -54.0000000000
623 -53.0000000000
631 -52.0000000000
640 -51.0000000000
648 -50.0000000000
658 -49.0000000000
663 -48.0000000000
673 -47.0000000000
682 -46.0000000000
683 -45.0000000000
705 -44.0000000000
707 -43.0000000000
720 -42.0000000000
733 -41.0000000000
734 -40.0000000000
736 -39.0000000000
764 -38.0000000000
772 -37.0000000000
799 -36.0000000000
802 -35.0000000000
811 -34.0000000000
818 -33.0000000000
824 -32.0000000000
838 -31.0000000000
839 -30.0000000000
850 -29.0000000000
852 -28.0000000000
853 -27.0000000000
858 -26.0000000000
866 -25.0000000000
880 -24.0000000000
898 -23.0000000000
899 -22.0000000000
929 -21.0000000000
950 -20.0000000000
955 -19.0000000000
958 -18.0000000000
962 -17.0000000000
965 -16.0000000000
972 -15.0000000000
1010 -14.0000000000
1013 -13.0000000000
1072 -12.0000000000
1191 -11.0000000000
1222 -10.0000000000
1247 -9.0000000000
1270 -8.0000000000
1324 -7.0000000000
1348 -6.0000000000
1351 -5.0000000000
1417 -4.0000000000
1418 -3.0000000000
1462 -2.0000000000
1481 -1.0000000000
1526 371.0000000000
10000 -1.0000000000
evaluations raw_y
1 -203.0000000000
4 -202.0000000000
5 -201.0000000000
8 -200.0000000000
9 -199.0000000000
10 -198.0000000000
11 -197.0000000000
12 -196.0000000000
15 -195.0000000000
19 -194.0000000000
20 -193.0000000000
25 -192.0000000000
29 -191.0000000000
30 -190.0000000000
33 -189.0000000000
34 -188.0000000000
35 -187.0000000000
36 -186.0000000000
37 -185.0000000000
38 -184.0000000000
39 -183.0000000000
45 -182.0000000000
47 -181.0000000000
48 -180.0000000000
51 -179.0000000000
52 -178.0000000000
54 -177.0000000000
56 -176.0000000000
62 -175.0000000000
63 -174.0000000000
64 -173.0000000000
66 -172.0000000000
68 -171.0000000000
76 -170.0000000000
77 -169.0000000000
79 -168.0000000000
80 -167.0000000000
88 -166.0000000000
89 -165.0000000000
97 -164.0000000000
101 -163.0000000000
103 -162.0000000000
105 -161.0000000000
106 -160.0000000000
108 -159.0000000000
109 -158.0000000000
112 -157.0000000000
115 -156.0000000000
118 -155.0000000000
120 -154.0000000000
124 -153.0000000000
126 -152.0000000000
128 -151.0000000000
130 -150.0000000000
131 -149.0000000000
134 -148.0000000000
140 -147.0000000000
141 -146.0000000000
143 -145.0000000000
150 -144.0000000000
151 -143.0000000000
152 -142.0000000000
160 -141.0000000000
164 -140.0000000000
165 -139.0000000000
168 -138.0000000000
172 -137.0000000000
177 -136.0000000000
179 -135.0000000000
183 -134.0000000000
184 -133.0000000000
186 -132.0000000000
188 -131.0000000000
197 -130.0000000000
198 -129.0000000000
199 -128.0000000000
200 -127.0000000000
203 -126.0000000000
204 -125.0000000000
205 -124.0000000000
206 -123.0000000000
210 -122.0000000000
213 -121.0000000000
224 -120.0000000000
228 -119.0000000000
229 -118.0000000000
234 -117.0000000000
247 -116.0000000000
251 -115.0000000000
254 -114.0000000000
255 -113.0000000000
258 -112.0000000000
265 -111.0000000000
266 -110.0000000000
267 -109.0000000000
269 -108.0000000000
277 -107.0000000000
283 -106.0000000000
289 -105.0000000000
293 -104.0000000000
294 -103.0000000000
296 -102.0000000000
308 -101.0000000000
310 -100.0000000000
321 -99.0000000000
325 -98.0000000000
328 -97.0000000000
333 -96.0000000000
336 -95.0000000000
337 -94.0000000000
342 -93.0000000000
347 -92.0000000000
349 -91.0000000000
351 -90.0000000000
355 -89.0000000000
357 -88.0000000000
364 -87.0000000000
366 -86.0000000000
375 -85.0000000000
383 -84.0000000000
392 -83.0000000000
393 -82.0000000000
395 -81.0000000000
396 -80.0000000000
404 -79.0000000000
416 -78.0000000000
419 -77.0000000000
425 -76.0000000000
426 -75.0000000000
428 -74.0000000000
437 -73.0000000000
445 -72.0000000000
451 -71.0000000000
458 -70.0000000000
461 -69.0000000000
463 -68.0000000000
466 -67.0000000000
475 -66.0000000000
484 -65.0000000000
493 -64.0000000000
508 -63.0000000000
510 -62.0000000000
512 -61.0000000000
513 -60.0000000000
514 -59.0000000000
521 -58.0000000000
523 -57.0000000000
535 -56.0000000000
543 -55.0000000000
544 -54.0000000000
550 -53.0000000000
551 -52.0000000000
557 -51.0000000000
560 -50.0000000000
567 -49.0000000000
568 -48.0000000000
575 -47.0000000000
582 -46.0000000000
592 -45.0000000000
598 -44.0000000000
599 -43.0000000000
637 -42.0000000000
644 -41.0000000000
652 -40.0000000000
655 -39.0000000000
657 -38.0000000000
658 -37.0000000000
660 -36.0000000000
663 -35.0000000000
667 -34.0000000000
677 -33.0000000000
689 -32.0000000000
727 -31.0000000000
733 -30.0000000000
745 -29.0000000000
746 -28.0000000000
750 -27.0000000000
751 -26.0000000000
756 -25.0000000000
787 -24.0000000000
813 -23.0000000000
817 -22.0000000000
842 -21.0000000000
843 -20.0000000000
885 -19.0000000000
900 -18.0000000000
921 -17.0000000000
936 -16.0000000000
959 -15.0000000000
1020 -14.0000000000
1040 -13.0000000000
1055 -12.0000000000
1059 -11.0000000000
1069 -10.0000000000
1095 -9.0000000000
1138 -8.0000000000
1206 -7.0000000000
1276 -6.0000000000
1338 -5.0000000000
1371 -4.0000000000
1400 -3.0000000000
1405 -2.0000000000
1533 -1.0000000000
1635 391.0000000000
10000 -1.0000000000
evaluations raw_y
1 -210.0000000000
3 -209.0000000000
8 -208.0000000000
9 -207.0000000000
10 -206.0000000000
16 -205.0000000000
19 -204.0000000000
21 -203.0000000000
23 -202.0000000000
25 -201.0000000000
27 -200.0000000000
29 -199.0000000000
30 -198.0000000000
33 -197.0000000000
35 -196.0000000000
36 -195.0000000000
39 -194.0000000000
43 -193.0000000000
45 -192.0000000000
46 -191.0000000000
47 -190.0000000000
50 -189.0000000000
51 -188.0000000000
53 -187.0000000000
54 -186.0000000000
56 -185.0000000000
61 -184.0000000000
62 -183.0000000000
63 -182.0000000000
64 -181.0000000000
66 -180.0000000000
70 -179.0000000000
76 -178.0000000000
78 -177.0000000000
81 -176.0000000000
84 -175.0000000000
86 -174.0000000000
88 -173.0000000000
89 -172.0000000000
93 -171.0000000000
95 -170.0000000000
96 -169.0000000000
97 -168.0000000000
99 -167.0000000000
103 -166.0000000000
104 -165.0000000000
105 -164.0000000000
108 -163.0000000000
111 -162.0000000000
113 -161.0000000000
114 -160.0000000000
118 -159.0000000000
119 -158.0000000000
120 -157.0000000000
122 -156.0000000000
125 -155.0000000000
131 -154.0000000000
132 -153.0000000000
133 -152.0000000000
135 -151.0000000000
137 -150.0000000000
138 -149.0000000000
139 -148.0000000000
141 -147.0000000000
142 -146.0000000000
146 -145.0000000000
147 -144.0000000000
148 -143.0000000000
152 -142.0000000000
155 -141.0000000000
156 -140.0000000000
164 -139.0000000000
166 -138.0000000000
173 -137.0000000000
174 -136.0000000000
176 -135.0000000000
183 -134.0000000000
185 -133.0000000000
190 -132.0000000000
193 -131.0000000000
194 -130.0000000000
201 -129.0000000000
205 -128.0000000000
208 -127.0000000000
211 -126.0000000000
212 -125.0000000000
213 -124.0000000000
216 -123.0000000000
230 -122.0000000000
231 -121.0000000000
234 -120.0000000000
239 -119.0000000000
243 -118.0000000000
250 -117.0000000000
251 -116.0000000000
254 -115.0000000000
255 -114.0000000000
257 -113.0000000000
260 -112.0000000000
264 -111.0000000000
269 -110.0000000000
272 -109.0000000000
282 -108.0000000000
285 -107.0000000000
288 -106.0000000000
291 -105.0000000000
294 -104.0000000000
298 -103.0000000000
301 -102.0000000000
304 -101.0000000000
306 -100.0000000000
317 -99.0000000000
323 -98.0000000000
324 -97.0000000000
325 -96.0000000000
328 -95.0000000000
335 -94.0000000000
346 -93.0000000000
347 -92.0000000000
352 -91.0000000000
357 -90.0000000000
358 -89.0000000000
363 -88.0000000000
366 -87.0000000000
374 -86.0000000000
382 -85.0000000000
391 -84.0000000000
405 -83.0000000000
414 -82.0000000000
429 -81.0000000000
432 -80.0000000000
447 -79.0000000000
448 -78.0000000000
454 -77.0000000000
457 -76.0000000000
458 -75.0000000000
464 -74.0000000000
469 -73.0000000000
478 -72.0000000000
481 -71.0000000000
497 -70.0000000000
499 -69.0000000000
502 -68.0000000000
504 -67.0000000000
511 -66.0000000000
525 -65.0000000000
526 -64.0000000000
529 -63.0000000000
530 -62.0000000000
538 -61.0000000000
547 -60.0000000000
551 -59.0000000000
553 -58.0000000000
556 -57.0000000000
565 -56.0000000000
567 -55.0000000000
571 -54.0000000000
577 -53.0000000000
590 -52.0000000000
597 -51.0000000000
601 -50.0000000000
607 -49.0000000000
609 -48.0000000000
611 -47.0000000000
621 -46.0000000000
626 -45.0000000000
634 -44.0000000000
644 -43.0000000000
647 -42.0000000000
664 -41.0000000000
671 -40.0000000000
677 -39.0000000000
679 -38.0000000000
696 -37.0000000000
697 -36.0000000000
700 -35.0000000000
718 -34.0000000000
721 -33.0000000000
728 -32.0000000000
729 -31.0000000000
733 -30.0000000000
764 -29.0000000000
770 -28.0000000000
778 -27.0000000000
780 -26.0000000000
820 -25.0000000000
822 -24.0000000000
843 -23.0000000000
861 -22.0000000000
887 -21.0000000000
925 -20.0000000000
931 -19.0000000000
935 -18.0000000000
943 -17.0000000000
950 -16.0000000000
969 -15.0000000000
977 -14.0000000000
1091 -13.0000000000
1092 -12.0000000000
1116 -11.0000000000
1148 -10.0000000000
1176 -9.0000000000
1182 -8.0000000000
1211 -7.0000000000
1214 -6.0000000000
1216 -5.0000000000
1296 -4.0000000000
1307 -3.0000000000
1371 -2.0000000000
1439 -1.0000000000
1510 373.0000000000
10000 -1.0000000000
evaluations raw_y
1 -196.0000000000
2 -195.0000000000
5 -194.0000000000
6 -193.0000000000
11 -192.0000000000
13 -191.0000000000
14 -190.0000000000
15 -189.0000000000
16 -188.0000000000
18 -187.0000000000
20 -186.0000000000
23 -185.0000000000
26 -184.0000000000
27 -183.0000000000
29 -182.0000000000
30 -181.0000000000
34 -180.0000000000
35 -179.0000000000
37 -178.0000000000
39 -177.0000000000
40 -176.0000000000
42 -175.0000000000
43 -174.0000000000
46 -173.0000000000
47 -172.0000000000
50 -171.0000000000
51 -170.0000000000
52 -169.0000000000
54 -168.0000000000
55 -167.0000000000
56 -166.0000000000
58 -165.0000000000
60 -164.0000000000
64 -163.0000000000
65 -162.0000000000
73 -161.0000000000
76 -160.0000000000
77 -159.0000000000
79 -158.0000000000
83 -157.0000000000
84 -156.0000000000
95 -155.0000000000
97 -154.0000000000
102 -153.0000000000
107 -152.0000000000
110 -151.0000000000
113 -150.0000000000
114 -149.0000000000
117 -148.0000000000
122 -147.0000000000
127 -146.0000000000
133 -145.0000000000
134 -144.0000000000
135 -143.0000000000
144 -142.0000000000
149 -141.0000000000
151 -140.0000000000
154 -139.0000000000
159 -138.0000000000
167 -137.0000000000
168 -136.0000000000
173 -135.0000000000
175 -134.0000000000
177 -133.0000000000
179 -132.0000000000
182 -131.0000000000
183 -130.0000000000
197 -129.0000000000
202 -128.0000000000
204 -127.0000000000
206 -126.0000000000
208 -125.0000000000
209 -124.0000000000
211 -123.0000000000
212 -122.0000000000
214 -121.0000000000
223 -120.0000000000
224 -119.0000000000
230 -118.0000000000
231 -117.0000000000
233 -116.0000000000
241 -115.0000000000
242 -114.0000000000
246 -113.0000000000
252 -112.0000000000
255 -111.0000000000
257 -110.0000000000
266 -109.0000000000
267 -108.0000000000
274 -107.0000000000
275 -106.0000000000
277 -105.0000000000
282 -104.0000000000
284 -103.0000000000
285 -102.0000000000
287 -101.0000000000
291 -100.0000000000
296 -99.0000000000
304 -98.0000000000
306 -97.0000000000
326 -96.0000000000
336 -95.0000000000
342 -94.0000000000
351 -93.0000000000
354 -92.0000000000
361 -91.0000000000
363 -90.0000000000
369 -89.0000000000
370 -88.0000000000
371 -87.0000000000
380 -86.0000000000
385 -85.0000000000
386 -84.0000000000
388 -83.0000000000
389 -82.0000000000
390 -81.0000000000
393 -80.0000000000
395 -79.0000000000
397 -78.0000000000
410 -77.0000000000
414 -76.0000000000
417 -75.0000000000
419 -74.0000000000
434 -73.0000000000
436 -72.0000000000
438 -71.0000000000
442 -70.0000000000
443 -69.0000000000
448 -68.0000000000
450 -67.0000000000
454 -66.0000000000
457 -65.0000000000
463 -64.0000000000
496 -63.0000000000
504 -62.0000000000
506 -61.0000000000
512 -60.0000000000
517 -59.0000000000
543 -58.0000000000
544 -57.0000000000
554 -56.0000000000
557 -55.0000000000
565 -54.0000000000
572 -53.0000000000
576 -52.0000000000
582 -51.0000000000
598 -50.0000000000
606 -49.0000000000
609 -48.0000000000
618 -47.0000000000
629 -46.0000000000
634 -45.0000000000
636 -44.0000000000
638 -43.0000000000
646 -42.0000000000
651 -41.0000000000
653 -40.0000000000
661 -39.0000000000
668 -38.0000000000
670 -37.0000000000
684 -36.0000000000
691 -35.0000000000
693 -34.0000000000
724 -33.0000000000
727 -32.0000000000
729 -31.0000000000
736 -30.0000000000
744 -29.0000000000
758 -28.0000000000
783 -27.0000000000
785 -26.0000000000
807 -25.0000000000
834 -24.0000000000
846 -23.0000000000
861 -22.0000000000
862 -21.0000000000
875 -20.0000000000
932 -19.0000000000
942 -18.0000000000
967 -17.0000000000
972 -16.0000000000
1008 -15.0000000000
1032 -14.0000000000
1035 -13.0000000000
1039 -12.0000000000
1044 -11.0000000000
1088 -10.0000000000
1108 -9.0000000000
1230 -8.0000000000
1233 -7.0000000000
1321 -6.0000000000
1400 -5.0000000000
1404 -4.0000000000
1435 -3.0000000000
1571 -2.0000000000
1597 -1.0000000000
1671 362.0000000000
10000 -1.0000000000
evaluations raw_y
1 -213.0000000000
3 -212.0000000000
4 -211.0000000000
5 -210.0000000000
6 -209.0000000000
7 -208.0000000000
10 -207.0000000000
11 -206.0000000000
17 -205.0000000000
18 -204.0000000000
19 -203.0000000000
20 -202.0000000000
21 -201.0000000000
23 -200.0000000000
24 -199.0000000000
29 -198.0000000000
30 -197.0000000000
31 -196.0000000000
32 -195.0000000000
35 -194.0000000000
36 -193.0000000000
38 -192.0000000000
39 -191.0000000000
41 -190.0000000000
43 -189.0000000000
46 -188.0000000000
48 -187.0000000000
51 -186.0000000000
52 -185.0000000000
53 -184.0000000000
54 -183.0000000000
55 -182.0000000000
57 -181.0000000000
58 -180.0000000000
61 -179.0000000000
62 -178.0000000000
66 -177.0000000000
67 -176.0000000000
68 -175.0000000000
69 -174.0000000000
71 -173.0000000000
73 -172.0000000000
76 -171.0000000000
77 -170.0000000000
79 -169.0000000000
80 -168.0000000000
81 -167.0000000000
82 -166.0000000000
84 -165.0000000000
85 -164.0000000000
87 -163.0000000000
89 -162.0000000000
90 -161.0000000000
91 -160.0000000000
92 -159.0000000000
93 -158.0000000000
94 -157.0000000000
98 -156.0000000000
99 -155.0000000000
102 -154.0000000000
106 -153.0000000000
110 -152.0000000000
112 -151.0000000000
113 -150.0000000000
115 -149.0000000000
119 -148.0000000000
127 -147.0000000000
128 -146.0000000000
132 -145.0000000000
134 -144.0000000000
136 -143.0000000000
138 -142.0000000000
145 -141.0000000000
148 -140.0000000000
150 -139.0000000000
151 -138.0000000000
153 -137.0000000000
165 -136.0000000000
166 -135.0000000000
168 -134.0000000000
170 -133.0000000000
178 -132.0000000000
183 -131.0000000000
189 -130.0000000000
192 -129.0000000000
195 -128.0000000000
201 -127.0000000000
209 -126.0000000000
210 -125.0000000000
212 -124.0000000000
216 -123.0000000000
218 -122.0000000000
219 -121.0000000000
223 -120.0000000000
226 -119.0000000000
231 -118.0000000000
232 -117.0000000000
235 -116.0000000000
237 -115.0000000000
238 -114.0000000000
241 -113.0000000000
242 -112.0000000000
247 -111.0000000000
248 -110.0000000000
251 -109.0000000000
253 -108.0000000000
254 -107.0000000000
255 -106.0000000000
256 -105.0000000000
264 -104.0000000000
285 -103.0000000000
286 -102.0000000000
287 -101.0000000000
291 -100.0000000000
297 -99.0000000000
306 -98.0000000000
313 -97.0000000000
320 -96.0000000000
323 -95.0000000000
325 -94.0000000000
329 -93.0000000000
332 -92.0000000000
335 -91.0000000000
337 -90.0000000000
340 -89.0000000000
343 -88.0000000000
345 -87.0000000000
354 -86.0000000000
359 -85.0000000000
360 -84.0000000000
364 -83.0000000000
366 -82.0000000000
370 -81.0000000000
382 -80.0000000000
383 -79.0000000000
384 -78.0000000000
393 -77.0000000000
395 -76.0000000000
403 -75.0000000000
411 -74.0000000000
414 -73.0000000000
417 -72.0000000000
418 -71.0000000000
420 -70.0000000000
424 -69.0000000000
428 -68.0000000000
432 -67.0000000000
433 -66.0000000000
437 -65.0000000000
445 -64.0000000000
452 -63.0000000000
455 -62.0000000000
462 -61.0000000000
475 -60.0000000000
480 -59.0000000000
484 -58.0000000000
488 -57.0000000000
494 -56.0000000000
501 -55.0000000000
514 -54.0000000000
522 -53.0000000000
533 -52.0000000000
550 -51.0000000000
552 -50.0000000000
555 -49.0000000000
556 -48.0000000000
573 -47.0000000000
576 -46.0000000000
589 -45.0000000000
607 -44.0000000000
609 -43.0000000000
615 -42.0000000000
616 -41.0000000000
618 -40.0000000000
639 -39.0000000000
648 -38.0000000000
674 -37.0000000000
677 -36.0000000000
693 -35.0000000000
699 -34.0000000000
714 -33.0000000000
719 -32.0000000000
733 -31.0000000000
745 -30.0000000000
748 -29.0000000000
749 -28.0000000000
779 -27.0000000000
788 -26.0000000000
805 -25.0000000000
806 -24.0000000000
817 -23.0000000000
821 -22.0000000000
823 -21.0000000000
828 -20.0000000000
844 -19.0000000000
865 -18.0000000000
881 -17.0000000000
889 -16.0000000000
992 -15.0000000000
1007 -14.0000000000
1034 -13.0000000000
1050 -12.0000000000
1058 -11.0000000000
1107 -10.0000000000
1149 -9.0000000000
1155 -8.0000000000
1230 -7.0000000000
1243 -6.0000000000
1283 -5.0000000000
1293 -4.0000000000
1299 -3.0000000000
1301 -2.0000000000
1317 -1.0000000000
1326 395.0000000000
10000 -1.0000000000
evaluations raw_y
1 -210.0000000000
2 -209.0000000000
3 -208.0000000000
4 -207.0000000000
5 -206.0000000000
6 -205.0000000000
7 -204.0000000000
9 -203.0000000000
11 -202.0000000000
13 -201.0000000000
14 -200.0000000000
15 -199.0000000000
17 -198.0000000000
18 -197.0000000000
19 -196.0000000000
26 -195.0000000000
28 -194.0000000000
29 -193.0000000000
31 -192.0000000000
32 -191.0000000000
35 -190.0000000000
36 -189.0000000000
37 -188.0000000000
38 -187.0000000000
39 -186.0000000000
40 -185.0000000000
41 -184.0000000000
45 -183.0000000000
47 -182.0000000000
51 -181.0000000000
54 -180.0000000000
57 -179.0000000000
59 -178.0000000000
61 -177.0000000000
69 -176.0000000000
70 -175.0000000000
72 -174.0000000000
74 -173.0000000000
76 -172.0000000000
78 -171.0000000000
79 -170.0000000000
84 -169.0000000000
86 -168.0000000000
87 -167.0000000000
88 -166.0000000000
101 -165.0000000000
103 -164.0000000000
104 -163.0000000000
105 -162.0000000000
106 -161.0000000000
107 -160.0000000000
108 -159.0000000000
109 -158.0000000000
110 -157.0000000000
112 -156.0000000000
117 -155.0000000000
118 -154.0000000000
119 -153.0000000000
127 -152.0000000000
128 -151.0000000000
129 -150.0000000000
137 -149.0000000000
146 -148.0000000000
149 -147.0000000000
153 -146.0000000000
154 -145.0000000000
156 -144.0000000000
158 -143.0000000000
160 -142.0000000000
161 -141.0000000000
163 -140.0000000000
164 -139.0000000000
170 -138.0000000000
177 -137.0000000000
183 -136.0000000000
185 -135.0000000000
188 -134.0000000000
189 -133.0000000000
190 -132.0000000000
191 -131.0000000000
206 -130.0000000000
209 -129.0000000000
224 -128.0000000000
228 -127.0000000000
230 -126.0000000000
231 -125.0000000000
236 -124.0000000000
237 -123.0000000000
238 -122.0000000000
241 -121.0000000000
243 -120.0000000000
252 -119.0000000000
253 -118.0000000000
254 -117.0000000000
258 -116.0000000000
260 -115.0000000000
266 -114.0000000000
269 -113.0000000000
271 -112.0000000000
275 -111.0000000000
277 -110.0000000000
278 -109.0000000000
282 -108.0000000000
287 -107.0000000000
294 -106.0000000000
298 -105.0000000000
300 -104.0000000000
303 -103.0000000000
304 -102.0000000000
305 -101.0000000000
309 -100.0000000000
310 -99.0000000000
315 -98.0000000000
317 -97.0000000000
320 -96.0000000000
324 -95.0000000000
325 -94.0000000000
333 -93.0000000000
336 -92.0000000000
350 -91.0000000000
354 -90.0000000000
358 -89.0000000000
362 -88.0000000000
367 -87.0000000000
369 -86.0000000000
372 -85.0000000000
374 -84.0000000000
376 -83.0000000000
378 -82.0000000000
399 -81.0000000000
401 -80.0000000000
404 -79.0000000000
406 -78.0000000000
411 -77.0000000000
413 -76.0000000000
416 -75.0000000000
421 -74.0000000000
424 -73.0000000000
432 -72.0000000000
434 -71.0000000000
453 -70.0000000000
457 -69.0000000000
459 -68.0000000000
461 -67.0000000000
463 -66.0000000000
469 -65.0000000000
471 -64.0000000000
473 -63.0000000000
475 -62.0000000000
490 -61.0000000000
495 -60.0000000000
500 -59.0000000000
505 -58.0000000000
514 -57.0000000000
516 -56.0000000000
526 -55.0000000000
532 -54.0000000000
540 -53.0000000000
548 -52.0000000000
556 -51.0000000000
565 -50.0000000000
576 -49.0000000000
578 -48.0000000000
579 -47.0000000000
585 -46.0000000000
588 -45.0000000000
599 -44.0000000000
622 -43.0000000000
623 -42.0000000000
632 -41.0000000000
644 -40.0000000000
647 -39.0000000000
648 -38.0000000000
663 -37.0000000000
665 -36.0000000000
667 -35.0000000000
670 -34.0000000000
673 -33.0000000000
675 -32.0000000000
689 -31.0000000000
691 -30.0000000000
693 -29.0000000000
698 -28.0000000000
708 -27.0000000000
711 -26.0000000000
725 -25.0000000000
729 -24.0000000000
732 -23.0000000000
752 -22.0000000000
755 -21.0000000000
757 -20.0000000000
771 -19.0000000000
777 -18.0000000000
798 -17.0000000000
817 -16.0000000000
818 -15.0000000000
849 -14.0000000000
869 -13.0000000000
929 -12.0000000000
932 -11.0000000000
946 -10.0000000000
1006 -9.0000000000
1019 -8.0000000000
1032 -7.0000000000
1048 -6.0000000000
1146 -5.0000000000
1154 -4.0000000000
1190 -3.0000000000
1205 -2.0000000000
1218 -1.0000000000
1233 401.0000000000
10000 -1.0000000000
evaluations raw_y
1 -200.0000000000
2 -199.0000000000
3 -198.0000000000
5 -197.0000000000
7 -196.0000000000
8 -195.0000000000
9 -194.0000000000
13 -193.0000000000
14 -192.0000000000
15 -191.0000000000
19 -190.0000000000
21 -189.0000000000
22 -188.0000000000
24 -187.0000000000
26 -186.0000000000
31 -185.0000000000
32 -184.0000000000
35 -183.0000000000
36 -182.0000000000
37 -181.0000000000
41 -180.0000000000
42 -179.0000000000
45 -178.0000000000
49 -177.0000000000
53 -176.0000000000
55 -175.0000000000
60 -174.0000000000
62 -173.0000000000
64 -172.0000000000
65 -171.0000000000
67 -170.0000000000
69 -169.0000000000
70 -168.0000000000
73 -167.0000000000
74 -166.0000000000
75 -165.0000000000
76 -164.0000000000
77 -163.0000000000
80 -162.0000000000
84 -161.0000000000
86 -160.0000000000
89 -159.0000000000
91 -158.0000000000
96 -157.0000000000
104 -156.0000000000
106 -155.0000000000
107 -154.0000000000
111 -153.0000000000
112 -152.0000000000
114 -151.0000000000
115 -150.0000000000
116 -149.0000000000
122 -148.0000000000
125 -147.0000000000
126 -146.0000000000
131 -145.0000000000
134 -144.0000000000
145 -143.0000000000
149 -142.0000000000
157 -141.0000000000
161 -140.0000000000
166 -139.0000000000
178 -138.0000000000
180 -137.0000000000
184 -136.0000000000
189 -135.0000000000
192 -134.0000000000
193 -133.0000000000
194 -132.0000000000
198 -131.0000000000
200 -130.0000000000
204 -129.0000000000
208 -128.0000000000
211 -127.0000000000
216 -126.0000000000
218 -125.0000000000
220 -124.0000000000
224 -123.0000000000
227 -122.0000000000
228 -121.0000000000
229 -120.0000000000
231 -119.0000000000
234 -118.0000000000
236 -117.0000000000
237 -116.0000000000
240 -115.0000000000
244 -114.0000000000
245 -113.0000000000
247 -112.0000000000
250 -111.0000000000
254 -110.0000000000
255 -109.0000000000
258 -108.0000000000
261 -107.0000000000
265 -106.0000000000
270 -105.0000000000
280 -104.0000000000
281 -103.0000000000
286 -102.0000000000
288 -101.0000000000
289 -100.0000000000
291 -99.0000000000
303 -98.0000000000
307 -97.0000000000
314 -96.0000000000
318 -95.0000000000
325 -94.0000000000
333 -93.0000000000
335 -92.0000000000
336 -91.0000000000
339 -90.0000000000
341 -89.0000000000
343 -88.0000000000
348 -87.0000000000
358 -86.0000000000
359 -85.0000000000
362 -84.0000000000
366 -83.0000000000
376 -82.0000000000
377 -81.0000000000
379 -80.0000000000
387 -79.0000000000
388 -78.0000000000
391 -77.0000000000
393 -76.0000000000
398 -75.0000000000
402 -74.0000000000
407 -73.0000000000
414 -72.0000000000
415 -71.0000000000
423 -70.0000000000
433 -69.0000000000
447 -68.0000000000
449 -67.0000000000
454 -66.0000000000
459 -65.0000000000
460 -64.0000000000
476 -63.0000000000
479 -62.0000000000
487 -61.0000000000
494 -60.0000000000
496 -59.0000000000
501 -58.0000000000
503 -57.0000000000
504 -56.0000000000
510 -55.0000000000
519 -54.0000000000
521 -53.0000000000
532 -52.0000000000
538 -51.0000000000
540 -50.0000000000
542 -49.0000000000
544 -48.0000000000
547 -47.0000000000
549 -46.0000000000
550 -45.0000000000
555 -44.0000000000
561 -43.0000000000
565 -42.0000000000
568 -41.0000000000
573 -40.0000000000
614 -39.0000000000
617 -38.0000000000
633 -37.0000000000
636 -36.0000000000
650 -35.0000000000
656 -34.0000000000
660 -33.0000000000
672 -32.0000000000
673 -31.0000000000
677 -30.0000000000
689 -29.0000000000
694 -28.0000000000
706 -27.0000000000
708 -26.0000000000
713 -25.0000000000
715 -24.0000000000
776 -23.0000000000
780 -22.0000000000
788 -21.0000000000
791 -20.0000000000
804 -19.0000000000
806 -18.0000000000
812 -17.0000000000
845 -16.0000000000
869 -15.0000000000
879 -14.0000000000
901 -13.0000000000
937 -12.0000000000
956 -11.0000000000
963 -10.0000000000
969 -9.0000000000
1008 -8.0000000000
1034 -7.0000000000
1038 -6.0000000000
1060 -5.0000000000
1145 -4.0000000000
1164 -3.0000000000
1198 -2.0000000000
1215 -1.0000000000
1250 393.0000000000
10000 380.0000000000
evaluations raw_y
1 -225.0000000000
2 -224.0000000000
3 -223.0000000000
5 -222.0000000000
7 -221.0000000000
8 -220.0000000000
10 -219.0000000000
12 -218.0000000000
14 -217.0000000000
15 -216.0000000000
17 -215.0000000000
18 -214.0000000000
20 -213.0000000000
22 -212.0000000000
26 -211.0000000000
28 -210.0000000000
29 -209.0000000000
30 -208.0000000000
36 -207.0000000000
38 -206.0000000000
42 -205.0000000000
43 -204.0000000000
45 -203.0000000000
47 -202.0000000000
49 -201.0000000000
51 -200.0000000000
53 -199.0000000000
54 -198.0000000000
55 -197.0000000000
58 -196.0000000000
59 -195.0000000000
64 -194.0000000000
66 -193.0000000000
67 -192.0000000000
69 -191.0000000000
70 -190.0000000000
72 -189.0000000000
74 -188.0000000000
77 -187.0000000000
79 -186.0000000000
80 -185.0000000000
81 -184.0000000000
83 -183.0000000000
86 -182.0000000000
91 -181.0000000000
95 -180.0000000000
96 -179.0000000000
97 -178.0000000000
102 -177.0000000000
112 -176.0000000000
115 -175.0000000000
117 -174.0000000000
118 -173.0000000000
122 -172.0000000000
127 -171.0000000000
129 -170.0000000000
131 -169.0000000000
134 -168.0000000000
135 -167.0000000000
136 -166.0000000000
142 -165.0000000000
143 -164.0000000000
145 -163.0000000000
148 -162.0000000000
149 -161.0000000000
153 -160.0000000000
157 -159.0000000000
158 -158.0000000000
165 -157.0000000000
176 -156.0000000000
178 -155.0000000000
182 -154.0000000000
184 -153.0000000000
187 -152.0000000000
190 -151.0000000000
194 -150.0000000000
196 -149.0000000000
197 -148.0000000000
205 -147.0000000000
207 -146.0000000000
209 -145.0000000000
212 -144.0000000000
214 -143.0000000000
223 -142.0000000000
225 -141.0000000000
227 -140.0000000000
229 -139.0000000000
237 -138.0000000000
241 -137.0000000000
242 -136.0000000000
247 -135.0000000000
250 -134.0000000000
253 -133.0000000000
258 -132.0000000000
260 -131.0000000000
261 -130.0000000000
264 -129.0000000000
275 -128.0000000000
277 -127.0000000000
278 -126.0000000000
282 -125.0000000000
287 -124.0000000000
292 -123.0000000000
293 -122.0000000000
295 -121.0000000000
299 -120.0000000000
306 -119.0000000000
308 -118.0000000000
317 -117.0000000000
320 -116.0000000000
332 -115.0000000000
334 -114.0000000000
337 -113.0000000000
342 -112.0000000000
346 -111.0000000000
353 -110.0000000000
356 -109.0000000000
360 -108.0000000000
362 -107.0000000000
372 -106.0000000000
373 -105.0000000000
374 -104.0000000000
375 -103.0000000000
377 -102.0000000000
383 -101.0000000000
385 -100.0000000000
400 -99.0000000000
401 -98.0000000000
402 -97.0000000000
415 -96.0000000000
416 -95.0000000000
418 -94.0000000000
419 -93.0000000000
423 -92.0000000000
426 -91.0000000000
433 -90.0000000000
435 -89.0000000000
451 -88.0000000000
453 -87.0000000000
459 -86.0000000000
461 -85.0000000000
462 -84.0000000000
464 -83.0000000000
468 -82.0000000000
470 -81.0000000000
473 -80.0000000000
485 -79.0000000000
488 -78.0000000000
494 -77.0000000000
500 -76.0000000000
508 -75.0000000000
519 -74.0000000000
526 -73.0000000000
533 -72.0000000000
534 -71.0000000000
539 -70.0000000000
540 -69.0000000000
546 -68.0000000000
551 -67.0000000000
568 -66.0000000000
570 -65.0000000000
577 -64.0000000000
579 -63.0000000000
582 -62.0000000000
586 -61.0000000000
593 -60.0000000000
596 -59.0000000000
597 -58.0000000000
599 -57.0000000000
604 -56.0000000000
614 -55.0000000000
629 -54.0000000000
642 -53.0000000000
645 -52.0000000000
647 -51.0000000000
648 -50.0000000000
657 -49.0000000000
660 -48.0000000000
661 -47.0000000000
683 -46.0000000000
686 -45.0000000000
693 -44.0000000000
713 -43.0000000000
719 -42.0000000000
727 -41.0000000000
784 -40.0000000000
794 -39.0000000000
798 -38.0000000000
810 -37.0000000000
833 -36.0000000000
836 -35.0000000000
862 -34.0000000000
866 -33.0000000000
887 -32.0000000000
890 -31.0000000000
898 -30.0000000000
910 -29.0000000000
928 -28.0000000000
929 -27.0000000000
932 -26.0000000000
934 -25.0000000000
978 -24.0000000000
995 -23.0000000000
1011 -22.0000000000
1012 -21.0000000000
1034 -20.0000000000
1035 -19.0000000000
1062 -18.0000000000
1068 -17.0000000000
1085 -16.0000000000
1156 -15.0000000000
1183 -14.0000000000
1185 -13.0000000000
1195 -12.0000000000
1223 -11.0000000000
1253 -10.0000000000
1326 -9.0000000000
1344 -8.0000000000
1354 -7.0000000000
1432 -6.0000000000
1520 -5.0000000000
1535 -4.0000000000
1621 -3.0000000000
1666 -2.0000000000
1698 -1.0000000000
1760 386.0000000000
10000 -1.0000000000
evaluations raw_y
1 -218.0000000000
2 -217.0000000000
5 -216.0000000000
9 -215.0000000000
10 -214.0000000000
11 -213.0000000000
12 -212.0000000000
13 -211.0000000000
15 -210.0000000000
18 -209.0000000000
24 -208.0000000000
25 -207.0000000000
26 -206.0000000000
27 -205.0000000000
28 -204.0000000000
30 -203.0000000000
34 -202.0000000000
37 -201.0000000000
38 -200.0000000000
46 -199.0000000000
48 -198.0000000000
49 -197.0000000000
51 -196.0000000000
53 -195.0000000000
54 -194.0000000000
56 -193.0000000000
58 -192.0000000000
59 -191.0000000000
60 -190.0000000000
61 -189.0000000000
63 -188.0000000000
64 -187.0000000000
65 -186.0000000000
68 -185.0000000000
69 -184.0000000000
71 -183.0000000000
76 -182.0000000000
79 -181.0000000000
80 -180.0000000000
81 -179.0000000000
83 -178.0000000000
84 -177.0000000000
85 -176.0000000000
86 -175.0000000000
90 -174.0000000000
92 -173.0000000000
93 -172.0000000000
96 -171.0000000000
97 -170.0000000000
98 -169.0000000000
99 -168.0000000000
100 -167.0000000000
101 -166.0000000000
102 -165.0000000000
104 -164.0000000000
105 -163.0000000000
108 -162.0000000000
109 -161.0000000000
112 -160.0000000000
115 -159.0000000000
121 -158.0000000000
127 -157.0000000000
130 -156.0000000000
132 -155.0000000000
137 -154.0000000000
138 -153.0000000000
140 -152.0000000000
141 -151.0000000000
143 -150.0000000000
145 -149.0000000000
146 -148.0000000000
147 -147.0000000000
149 -146.0000000000
150 -145.0000000000
151 -144.0000000000
152 -143.0000000000
153 -142.0000000000
155 -141.0000000000
162 -140.0000000000
166 -139.0000000000
169 -138.0000000000
170 -137.0000000000
172 -136.0000000000
183 -135.0000000000
184 -134.0000000000
190 -133.0000000000
191 -132.0000000000
200 -131.0000000000
203 -130.0000000000
204 -129.0000000000
210 -128.0000000000
215 -127.0000000000
221 -126.0000000000
225 -125.0000000000
226 -124.0000000000
229 -123.0000000000
230 -122.0000000000
231 -121.0000000000
233 -120.0000000000
240 -119.0000000000
242 -118.0000000000
243 -117.0000000000
249 -116.0000000000
250 -115.0000000000
251 -114.0000000000
252 -113.0000000000
254 -112.0000000000
257 -111.0000000000
263 -110.0000000000
265 -109.0000000000
266 -108.0000000000
269 -107.0000000000
271 -106.0000000000
286 -105.0000000000
288 -104.0000000000
289 -103.0000000000
297 -102.0000000000
298 -101.0000000000
299 -100.0000000000
307 -99.0000000000
311 -98.0000000000
321 -97.0000000000
330 -96.0000000000
332 -95.0000000000
335 -94.0000000000
348 -93.0000000000
356 -92.0000000000
362 -91.0000000000
365 -90.0000000000
367 -89.0000000000
369 -88.0000000000
372 -87.0000000000
387 -86.0000000000
393 -85.0000000000
399 -84.0000000000
409 -83.0000000000
410 -82.0000000000
428 -81.0000000000
436 -80.0000000000
440 -79.0000000000
442 -78.0000000000
447 -77.0000000000
448 -76.0000000000
450 -75.0000000000
457 -74.0000000000
458 -73.0000000000
461 -72.0000000000
477 -71.0000000000
496 -70.0000000000
497 -69.0000000000
500 -68.0000000000
506 -67.0000000000
519 -66.0000000000
531 -65.0000000000
544 -64.0000000000
557 -63.0000000000
560 -62.0000000000
568 -61.0000000000
570 -60.0000000000
573 -59.0000000000
588 -58.0000000000
599 -57.0000000000
603 -56.0000000000
609 -55.0000000000
613 -54.0000000000
632 -53.0000000000
636 -52.0000000000
639 -51.0000000000
640 -50.0000000000
643 -49.0000000000
656 -48.0000000000
657 -47.0000000000
660 -46.0000000000
663 -45.0000000000
675 -44.0000000000
680 -43.0000000000
693 -42.0000000000
700 -41.0000000000
725 -40.0000000000
739 -39.0000000000
745 -38.0000000000
756 -37.0000000000
760 -36.0000000000
767 -35.0000000000
772 -34.0000000000
784 -33.0000000000
786 -32.0000000000
790 -31.0000000000
791 -30.0000000000
804 -29.0000000000
812 -28.0000000000
813 -27.0000000000
823 -26.0000000000
841 -25.0000000000
842 -24.0000000000
851 -23.0000000000
855 -22.0000000000
880 -21.0000000000
948 -20.0000000000
958 -19.0000000000
977 -18.0000000000
1006 -17.0000000000
1015 -16.0000000000
1059 -15.0000000000
1076 -14.0000000000
1077 -13.0000000000
1079 -12.0000000000
1095 -11.0000000000
1116 -10.0000000000
1127 -9.0000000000
1130 -8.0000000000
1131 -7.0000000000
1138 -6.0000000000
1158 -5.0000000000
1161 -4.0000000000
1173 -3.0000000000
1270 -2.0000000000
1271 -1.0000000000
1333 364.0000000000
10000 -1.0000000000
evaluations raw_y
1 -203.0000000000
3 -202.0000000000
8 -201.0000000000
10 -200.0000000000
13 -199.0000000000
16 -198.0000000000
18 -197.0000000000
23 -196.0000000000
28 -195.0000000000
29 -194.0000000000
30 -193.0000000000
31 -192.0000000000
33 -191.0000000000
34 -190.0000000000
35 -189.0000000000
40 -188.0000000000
41 -187.0000000000
43 -186.0000000000
45 -185.0000000000
46 -184.0000000000
48 -183.0000000000
51 -182.0000000000
52 -181.0000000000
53 -180.0000000000
59 -179.0000000000
60 -178.0000000000
61 -177.0000000000
64 -176.0000000000
68 -175.0000000000
70 -174.0000000000
71 -173.0000000000
76 -172.0000000000
77 -171.0000000000
80 -170.0000000000
83 -169.0000000000
84 -168.0000000000
85 -167.0000000000
89 -166.0000000000
90 -165.0000000000
91 -164.0000000000
93 -163.0000000000
94 -162.0000000000
95 -161.0000000000
97 -160.0000000000
105 -159.0000000000
107 -158.0000000000
109 -157.0000000000
111 -156.0000000000
119 -155.0000000000
120 -154.0000000000
121 -153.0000000000
129 -152.0000000000
136 -151.0000000000
137 -150.0000000000
139 -149.0000000000
140 -148.0000000000
142 -147.0000000000
143 -146.0000000000
148 -145.0000000000
150 -144.0000000000
153 -143.0000000000
159 -142.0000000000
160 -141.0000000000
162 -140.0000000000
163 -139.0000000000
166 -138.0000000000
167 -137.0000000000
171 -136.0000000000
172 -135.0000000000
173 -134.0000000000
177 -133.0000000000
178 -132.0000000000
180 -131.0000000000
182 -130.0000000000
185 -129.0000000000
195 -128.0000000000
203 -127.0000000000
204 -126.0000000000
208 -125.0000000000
216 -124.0000000000
218 -123.0000000000
220 -122.0000000000
221 -121.0000000000
223 -120.0000000000
225 -119.0000000000
227 -118.0000000000
229 -117.0000000000
231 -116.0000000000
234 -115.0000000000
236 -114.0000000000
239 -113.0000000000
243 -112.0000000000
249 -111.0000000000
250 -110.0000000000
253 -109.0000000000
260 -108.0000000000
261 -107.0000000000
262 -106.0000000000
266 -105.0000000000
267 -104.0000000000
270 -103.0000000000
278 -102.0000000000
280 -101.0000000000
284 -100.0000000000
287 -99.0000000000
289 -98.0000000000
298 -97.0000000000
303 -96.0000000000
308 -95.0000000000
309 -94.0000000000
311 -93.0000000000
312 -92.0000000000
317 -91.0000000000
325 -90.0000000000
332 -89.0000000000
335 -88.0000000000
337 -87.0000000000
341 -86.0000000000
345 -85.0000000000
357 -84.0000000000
382 -83.0000000000
383 -82.0000000000
386 -81.0000000000
393 -80.0000000000
394 -79.0000000000
414 -78.0000000000
415 -77.0000000000
421 -76.0000000000
423 -75.0000000000
428 -74.0000000000
437 -73.0000000000
448 -72.0000000000
451 -71.0000000000
461 -70.0000000000
476 -69.0000000000
477 -68.0000000000
489 -67.0000000000
501 -66.0000000000
510 -65.0000000000
512 -64.0000000000
517 -63.0000000000
518 -62.0000000000
536 -61.0000000000
537 -60.0000000000
542 -59.0000000000
554 -58.0000000000
557 -57.0000000000
570 -56.0000000000
573 -55.0000000000
580 -54.0000000000
589 -53.0000000000
623 -52.0000000000
641 -51.0000000000
645 -50.0000000000
646 -49.0000000000
654 -48.0000000000
659 -47.0000000000
661 -46.0000000000
683 -45.0000000000
691 -44.0000000000
694 -43.0000000000
727 -42.0000000000
744 -41.0000000000
749 -40.0000000000
751 -39.0000000000
762 -38.0000000000
771 -37.0000000000
779 -36.0000000000
790 -35.0000000000
791 -34.0000000000
804 -33.0000000000
818 -32.0000000000
826 -31.0000000000
843 -30.0000000000
854 -29.0000000000
858 -28.0000000000
860 -27.0000000000
886 -26.0000000000
889 -25.0000000000
897 -24.0000000000
914 -23.0000000000
923 -22.0000000000
933 -21.0000000000
947 -20.0000000000
957 -19.0000000000
984 -18.0000000000
989 -17.0000000000
998 -16.0000000000
1005 -15.0000000000
1006 -14.0000000000
1012 -13.0000000000
1013 -12.0000000000
1019 -11.0000000000
1024 -10.0000000000
1039 -9.0000000000
1071 -8.0000000000
1076 -7.0000000000
1086 -6.0000000000
1145 -5.0000000000
1172 -4.0000000000
1220 -3.0000000000
1230 -2.0000000000
1255 -1.0000000000
1271 382.0000000000
10000 -1.0000000000
evaluations raw_y
1 -224.0000000000
3 -223.0000000000
7 -222.0000000000
11 -221.0000000000
12 -220.0000000000
13 -219.0000000000
16 -218.0000000000
18 -217.0000000000
19 -216.0000000000
20 -215.0000000000
22 -214.0000000000
23 -213.0000000000
34 -212.0000000000
35 -211.0000000000
36 -210.0000000000
39 -209.0000000000
41 -208.0000000000
45 -207.0000000000
46 -206.0000000000
47 -205.0000000000
50 -204.0000000000
51 -203.0000000000
52 -202.0000000000
54 -201.0000000000
58 -200.0000000000
59 -199.0000000000
62 -198.0000000000
64 -197.0000000000
65 -196.0000000000
67 -195.0000000000
72 -194.0000000000
73 -193.0000000000
74 -192.0000000000
77 -191.0000000000
80 -190.0000000000
81 -189.0000000000
84 -188.0000000000
85 -187.0000000000
87 -186.0000000000
89 -185.0000000000
90 -184.0000000000
93 -183.0000000000
97 -182.0000000000
99 -181.0000000000
100 -180.0000000000
101 -179.0000000000
104 -178.0000000000
106 -177.0000000000
110 -176.0000000000
114 -175.0000000000
116 -174.0000000000
118 -173.0000000000
124 -172.0000000000
128 -171.0000000000
136 -170.0000000000
137 -169.0000000000
138 -168.0000000000
139 -167.0000000000
140 -166.0000000000
143 -165.0000000000
144 -164.0000000000
147 -163.0000000000
153 -162.0000000000
157 -161.0000000000
159 -160.0000000000
163 -159.0000000000
166 -158.0000000000
171 -157.0000000000
175 -156.0000000000
176 -155.0000000000
183 -154.0000000000
185 -153.0000000000
186 -152.0000000000
187 -151.0000000000
194 -150.0000000000
205 -149.0000000000
209 -148.0000000000
225 -147.0000000000
230 -146.0000000000
231 -145.0000000000
232 -144.0000000000
233 -143.0000000000
237 -142.0000000000
239 -141.0000000000
241 -140.0000000000
245 -139.0000000000
246 -138.0000000000
249 -137.0000000000
251 -136.0000000000
255 -135.0000000000
258 -134.0000000000
259 -133.0000000000
260 -132.0000000000
262 -131.0000000000
263 -130.0000000000
264 -129.0000000000
267 -128.0000000000
268 -127.0000000000
270 -126.0000000000
275 -125.0000000000
278 -124.0000000000
281 -123.0000000000
282 -122.0000000000
291 -121.0000000000
292 -120.0000000000
304 -119.0000000000
309 -118.0000000000
310 -117.0000000000
322 -116.0000000000
325 -115.0000000000
327 -114.0000000000
328 -113.0000000000
333 -112.0000000000
335 -111.0000000000
342 -110.0000000000
345 -109.0000000000
348 -108.0000000000
349 -107.0000000000
350 -106.0000000000
352 -105.0000000000
354 -104.0000000000
355 -103.0000000000
359 -102.0000000000
360 -101.0000000000
363 -100.0000000000
364 -99.0000000000
367 -98.0000000000
374 -97.0000000000
376 -96.0000000000
377 -95.0000000000
378 -94.0000000000
383 -93.0000000000
389 -92.0000000000
390 -91.0000000000
393 -90.0000000000
395 -89.0000000000
401 -88.0000000000
410 -87.0000000000
417 -86.0000000000
419 -85.0000000000
432 -84.0000000000
436 -83.0000000000
449 -82.0000000000
462 -81.0000000000
463 -80.0000000000
473 -79.0000000000
481 -78.0000000000
482 -77.0000000000
485 -76.0000000000
486 -75.0000000000
489 -74.0000000000
491 -73.0000000000
496 -72.0000000000
500 -71.0000000000
503 -70.0000000000
508 -69.0000000000
526 -68.0000000000
527 -67.0000000000
535 -66.0000000000
540 -65.0000000000
545 -64.0000000000
549 -63.0000000000
550 -62.0000000000
553 -61.0000000000
560 -60.0000000000
565 -59.0000000000
576 -58.0000000000
580 -57.0000000000
587 -56.0000000000
594 -55.0000000000
596 -54.0000000000
602 -53.0000000000
608 -52.0000000000
610 -51.0000000000
619 -50.0000000000
626 -49.0000000000
627 -48.0000000000
636 -47.0000000000
653 -46.0000000000
673 -45.0000000000
676 -44.0000000000
677 -43.0000000000
691 -42.0000000000
692 -41.0000000000
694 -40.0000000000
710 -39.0000000000
734 -38.0000000000
747 -37.0000000000
764 -36.0000000000
776 -35.0000000000
784 -34.0000000000
787 -33.0000000000
826 -32.0000000000
849 -31.0000000000
864 -30.0000000000
870 -29.0000000000
875 -28.0000000000
888 -27.0000000000
889 -26.0000000000
896 -25.0000000000
903 -24.0000000000
920 -23.0000000000
927 -22.0000000000
961 -21.0000000000
968 -20.0000000000
999 -19.0000000000
1027 -18.0000000000
1035 -17.0000000000
1040 -16.0000000000
1045 -15.0000000000
1057 -14.0000000000
1081 -13.0000000000
1084 -12.0000000000
1104 -11.0000000000
1111 -10.0000000000
1123 -9.0000000000
1125 -8.0000000000
1165 -7.0000000000
1208 -6.0000000000
1210 -5.0000000000
1218 -4.0000000000
1222 -3.0000000000
1227 -2.0000000000
1231 -1.0000000000
1279 382.0000000000
10000 -1.0000000000
evaluations raw_y
1 -204.0000000000
5 -203.0000000000
6 -202.0000000000
10 -201.0000000000
14 -200.0000000000
15 -199.0000000000
16 -198.0000000000
18 -197.0000000000
19 -196.0000000000
20 -195.0000000000
21 -194.0000000000
23 -193.0000000000
25 -192.0000000000
27 -191.0000000000
30 -190.0000000000
32 -189.0000000000
35 -188.0000000000
36 -187.0000000000
39 -186.0000000000
40 -185.0000000000
42 -184.0000000000
45 -183.0000000000
46 -182.0000000000
47 -181.0000000000
49 -180.0000000000
50 -179.0000000000
51 -178.0000000000
53 -177.0000000000
54 -176.0000000000
55 -175.0000000000
57 -174.0000000000
59 -173.0000000000
63 -172.0000000000
64 -171.0000000000
67 -170.0000000000
68 -169.0000000000
69 -168.0000000000
73 -167.0000000000
75 -166.0000000000
77 -165.0000000000
79 -164.0000000000
92 -163.0000000000
93 -162.0000000000
94 -161.0000000000
96 -160.0000000000
105 -159.0000000000
110 -158.0000000000
111 -157.0000000000
114 -156.0000000000
120 -155.0000000000
131 -154.0000000000
135 -153.0000000000
136 -152.0000000000
145 -151.0000000000
152 -150.0000000000
155 -149.0000000000
157 -148.0000000000
160 -147.0000000000
163 -146.0000000000
164 -145.0000000000
170 -144.0000000000
173 -143.0000000000
174 -142.0000000000
175 -141.0000000000
176 -140.0000000000
177 -139.0000000000
183 -138.0000000000
185 -137.0000000000
189 -136.0000000000
190 -135.0000000000
191 -134.0000000000
194 -133.0000000000
195 -132.0000000000
196 -131.0000000000
197 -130.0000000000
204 -129.0000000000
206 -128.0000000000
208 -127.0000000000
210 -126.0000000000
211 -125.0000000000
213 -124.0000000000
215 -123.0000000000
217 -122.0000000000
220 -121.0000000000
221 -120.0000000000
228 -119.0000000000
229 -118.0000000000
233 -117.0000000000
236 -116.0000000000
237 -115.0000000000
245 -114.0000000000
246 -113.0000000000
247 -112.0000000000
257 -111.0000000000
258 -110.0000000000
259 -109.0000000000
269 -108.0000000000
270 -107.0000000000
272 -106.0000000000
273 -105.0000000000
278 -104.0000000000
280 -103.0000000000
282 -102.0000000000
284 -101.0000000000
288 -100.0000000000
289 -99.0000000000
292 -98.0000000000
307 -97.0000000000
308 -96.0000000000
311 -95.0000000000
325 -94.0000000000
327 -93.0000000000
330 -92.0000000000
342 -91.0000000000
354 -90.0000000000
360 -89.0000000000
361 -88.0000000000
367 -87.0000000000
368 -86.0000000000
369 -85.0000000000
372 -84.0000000000
375 -83.0000000000
378 -82.0000000000
380 -81.0000000000
383 -80.0000000000
389 -79.0000000000
391 -78.0000000000
395 -77.0000000000
400 -76.0000000000
404 -75.0000000000
414 -74.0000000000
416 -73.0000000000
420 -72.0000000000
424 -71.0000000000
429 -70.0000000000
434 -69.0000000000
437 -68.0000000000
442 -67.0000000000
446 -66.0000000000
448 -65.0000000000
453 -64.0000000000
458 -63.0000000000
464 -62.0000000000
467 -61.0000000000
473 -60.0000000000
474 -59.0000000000
494 -58.0000000000
499 -57.0000000000
506 -56.0000000000
507 -55.0000000000
509 -54.0000000000
511 -53.0000000000
521 -52.0000000000
523 -51.0000000000
529 -50.0000000000
547 -49.0000000000
550 -48.0000000000
553 -47.0000000000
555 -46.0000000000
568 -45.0000000000
571 -44.0000000000
580 -43.0000000000
583 -42.0000000000
602 -41.0000000000
611 -40.0000000000
613 -39.0000000000
615 -38.0000000000
619 -37.0000000000
633 -36.0000000000
649 -35.0000000000
659 -34.0000000000
683 -33.0000000000
689 -32.0000000000
720 -31.0000000000
748 -30.0000000000
749 -29.0000000000
754 -28.0000000000
769 -27.0000000000
791 -26.0000000000
800 -25.0000000000
823 -24.0000000000
837 -23.0000000000
844 -22.0000000000
903 -21.0000000000
929 -20.0000000000
931 -19.0000000000
938 -18.0000000000
962 -17.0000000000
975 -16.0000000000
989 -15.0000000000
1035 -14.0000000000
1046 -13.0000000000
1049 -12.0000000000
1088 -11.0000000000
1096 -10.0000000000
1098 -9.0000000000
1110 -8.0000000000
1113 -7.0000000000
1128 -6.0000000000
1130 -5.0000000000
1144 -4.0000000000
1183 -3.0000000000
1212 -2.0000000000
1237 -1.0000000000
1258 376.0000000000
10000 -1.0000000000
evaluations raw_y
1 -222.0000000000
2 -221.0000000000
6 -220.0000000000
7 -219.0000000000
8 -218.0000000000
10 -217.0000000000
11 -216.0000000000
13 -215.0000000000
14 -214.0000000000
16 -213.0000000000
20 -212.0000000000
21 -211.0000000000
22 -210.0000000000
23 -209.0000000000
26 -208.0000000000
28 -207.0000000000
31 -206.0000000000
32 -205.0000000000
34 -204.0000000000
36 -203.0000000000
37 -202.0000000000
38 -201.0000000000
41 -200.0000000000
42 -199.0000000000
43 -198.0000000000
47 -197.0000000000
48 -196.0000000000
49 -195.0000000000
50 -194.0000000000
59 -193.0000000000
61 -192.0000000000
64 -191.0000000000
65 -190.0000000000
67 -189.0000000000
70 -188.0000000000
72 -187.0000000000
73 -186.0000000000
74 -185.0000000000
76 -184.0000000000
77 -183.0000000000
79 -182.0000000000
80 -181.0000000000
82 -180.0000000000
84 -179.0000000000
85 -178.0000000000
86 -177.0000000000
88 -176.0000000000
90 -175.0000000000
91 -174.0000000000
93 -173.0000000000
95 -172.0000000000
97 -171.0000000000
98 -170.0000000000
100 -169.0000000000
101 -168.0000000000
103 -167.0000000000
118 -166.0000000000
120 -165.0000000000
126 -164.0000000000
130 -163.0000000000
136 -162.0000000000
139 -161.0000000000
140 -160.0000000000
141 -159.0000000000
148 -158.0000000000
150 -157.0000000000
159 -156.0000000000
160 -155.0000000000
163 -154.0000000000
167 -153.0000000000
168 -152.0000000000
175 -151.0000000000
176 -150.0000000000
178 -149.0000000000
179 -148.0000000000
188 -147.0000000000
194 -146.0000000000
197 -145.0000000000
203 -144.0000000000
205 -143.0000000000
206 -142.0000000000
210 -141.0000000000
211 -140.0000000000
215 -139.0000000000
216 -138.0000000000
217 -137.0000000000
218 -136.0000000000
219 -135.0000000000
222 -134.0000000000
229 -133.0000000000
230 -132.0000000000
232 -131.0000000000
235 -130.0000000000
240 -129.0000000000
241 -128.0000000000
247 -127.0000000000
248 -126.0000000000
249 -125.0000000000
251 -124.0000000000
252 -123.0000000000
255 -122.0000000000
266 -121.0000000000
268 -120.0000000000
274 -119.0000000000
275 -118.0000000000
276 -117.0000000000
278 -116.0000000000
287 -115.0000000000
288 -114.0000000000
293 -113.0000000000
299 -112.0000000000
305 -111.0000000000
312 -110.0000000000
314 -109.0000000000
321 -108.0000000000
322 -107.0000000000
329 -106.0000000000
330 -105.0000000000
335 -104.0000000000
342 -103.0000000000
350 -102.0000000000
358 -101.0000000000
359 -100.0000000000
360 -99.0000000000
362 -98.0000000000
364 -97.0000000000
367 -96.0000000000
368 -95.0000000000
372 -94.0000000000
378 -93.0000000000
382 -92.0000000000
384 -91.0000000000
388 -90.0000000000
390 -89.0000000000
398 -88.0000000000
409 -87.0000000000
414 -86.0000000000
419 -85.0000000000
425 -84.0000000000
427 -83.0000000000
428 -82.0000000000
429 -81.0000000000
439 -80.0000000000
442 -79.0000000000
451 -78.0000000000
454 -77.0000000000
458 -76.0000000000
459 -75.0000000000
461 -74.0000000000
462 -73.0000000000
463 -72.0000000000
466 -71.0000000000
470 -70.0000000000
472 -69.0000000000
487 -68.0000000000
492 -67.0000000000
496 -66.0000000000
499 -65.0000000000
507 -64.0000000000
517 -63.0000000000
520 -62.0000000000
524 -61.0000000000
525 -60.0000000000
528 -59.0000000000
530 -58.0000000000
536 -57.0000000000
538 -56.0000000000
540 -55.0000000000
543 -54.0000000000
549 -53.0000000000
552 -52.0000000000
554 -51.0000000000
602 -50.0000000000
614 -49.0000000000
617 -48.0000000000
623 -47.0000000000
628 -46.0000000000
634 -45.0000000000
643 -44.0000000000
645 -43.0000000000
646 -42.0000000000
649 -41.0000000000
663 -40.0000000000
664 -39.0000000000
683 -38.0000000000
689 -37.0000000000
691 -36.0000000000
693 -35.0000000000
696 -34.0000000000
698 -33.0000000000
719 -32.0000000000
720 -31.0000000000
726 -30.0000000000
739 -29.0000000000
744 -28.0000000000
772 -27.0000000000
802 -26.0000000000
808 -25.0000000000
812 -24.0000000000
818 -23.0000000000
837 -22.0000000000
842 -21.0000000000
846 -20.0000000000
847 -19.0000000000
856 -18.0000000000
860 -17.0000000000
883 -16.0000000000
905 -15.0000000000
945 -14.0000000000
948 -13.0000000000
957 -12.0000000000
973 -11.0000000000
974 -10.0000000000
1124 -9.0000000000
1131 -8.0000000000
1151 -7.0000000000
1174 -6.0000000000
1185 -5.0000000000
1190 -4.0000000000
1196 -3.0000000000
1226 -2.0000000000
1234 -1.0000000000
1249 378.0000000000
10000 -1.0000000000
evaluations raw_y
1 -219.0000000000
2 -218.0000000000
3 -217.0000000000
7 -216.0000000000
8 -215.0000000000
9 -214.0000000000
10 -213.0000000000
13 -212.0000000000
14 -211.0000000000
18 -210.0000000000
20 -209.0000000000
22 -208.0000000000
25 -207.0000000000
26 -206.0000000000
27 -205.0000000000
28 -204.0000000000
29 -203.0000000000
32 -202.0000000000
33 -201.0000000000
34 -200.0000000000
40 -199.0000000000
43 -198.0000000000
44 -197.0000000000
45 -196.0000000000
46 -195.0000000000
47 -194.0000000000
48 -193.0000000000
50 -192.0000000000
51 -191.0000000000
53 -190.0000000000
61 -189.0000000000
64 -188.0000000000
65 -187.0000000000
66 -186.0000000000
67 -185.0000000000
69 -184.0000000000
70 -183.0000000000
71 -182.0000000000
72 -181.0000000000
73 -180.0000000000
79 -179.0000000000
80 -178.0000000000
84 -177.0000000000
85 -176.0000000000
86 -175.0000000000
88 -174.0000000000
89 -173.0000000000
91 -172.0000000000
92 -171.0000000000
94 -170.0000000000
95 -169.0000000000
97 -168.0000000000
98 -167.0000000000
100 -166.0000000000
103 -165.0000000000
105 -164.0000000000
106 -163.0000000000
109 -162.0000000000
111 -161.0000000000
112 -160.0000000000
114 -159.0000000000
115 -158.0000000000
116 -157.0000000000
117 -156.0000000000
120 -155.0000000000
121 -154.0000000000
128 -153.0000000000
133 -152.0000000000
137 -151.0000000000
148 -150.0000000000
166 -149.0000000000
167 -148.0000000000
168 -147.0000000000
169 -146.0000000000
171 -145.0000000000
173 -144.0000000000
182 -143.0000000000
183 -142.0000000000
189 -141.0000000000
193 -140.0000000000
194 -139.0000000000
195 -138.0000000000
196 -137.0000000000
197 -136.0000000000
199 -135.0000000000
210 -134.0000000000
211 -133.0000000000
212 -132.0000000000
219 -131.0000000000
221 -130.0000000000
224 -129.0000000000
230 -128.0000000000
234 -127.0000000000
240 -126.0000000000
244 -125.0000000000
245 -124.0000000000
249 -123.0000000000
251 -122.0000000000
253 -121.0000000000
254 -120.0000000000
258 -119.0000000000
259 -118.0000000000
262 -117.0000000000
264 -116.0000000000
267 -115.0000000000
289 -114.0000000000
292 -113.0000000000
297 -112.0000000000
299 -111.0000000000
310 -110.0000000000
317 -109.0000000000
319 -108.0000000000
320 -107.0000000000
322 -106.0000000000
330 -105.0000000000
334 -104.0000000000
336 -103.0000000000
343 -102.0000000000
345 -101.0000000000
348 -100.0000000000
361 -99.0000000000
366 -98.0000000000
372 -97.0000000000
378 -96.0000000000
384 -95.0000000000
385 -94.0000000000
387 -93.0000000000
388 -92.0000000000
393 -91.0000000000
397 -90.0000000000
399 -89.0000000000
403 -88.0000000000
410 -87.0000000000
423 -86.0000000000
427 -85.0000000000
430 -84.0000000000
439 -83.0000000000
443 -82.0000000000
444 -81.0000000000
448 -80.0000000000
453 -79.0000000000
457 -78.0000000000
465 -77.0000000000
467 -76.0000000000
488 -75.0000000000
494 -74.0000000000
498 -73.0000000000
501 -72.0000000000
502 -71.0000000000
504 -70.0000000000
512 -69.0000000000
518 -68.0000000000
529 -67.0000000000
535 -66.0000000000
537 -65.0000000000
540 -64.0000000000
548 -63.0000000000
550 -62.0000000000
559 -61.0000000000
566 -60.0000000000
570 -59.0000000000
572 -58.0000000000
575 -57.0000000000
584 -56.0000000000
592 -55.0000000000
611 -54.0000000000
613 -53.0000000000
617 -52.0000000000
640 -51.0000000000
642 -50.0000000000
643 -49.0000000000
658 -48.0000000000
660 -47.0000000000
666 -46.0000000000
677 -45.0000000000
682 -44.0000000000
686 -43.0000000000
691 -42.0000000000
700 -41.0000000000
702 -40.0000000000
707 -39.0000000000
736 -38.0000000000
755 -37.0000000000
758 -36.0000000000
767 -35.0000000000
785 -34.0000000000
794 -33.0000000000
796 -32.0000000000
809 -31.0000000000
816 -30.0000000000
820 -29.0000000000
822 -28.0000000000
836 -27.0000000000
865 -26.0000000000
885 -25.0000000000
923 -24.0000000000
931 -23.0000000000
937 -22.0000000000
948 -21.0000000000
963 -20.0000000000
974 -19.0000000000
982 -18.0000000000
1005 -17.0000000000
1014 -16.0000000000
1023 -15.0000000000
1044 -14.0000000000
1059 -13.0000000000
1065 -12.0000000000
1080 -11.0000000000
1088 -10.0000000000
1116 -9.0000000000
1159 -8.0000000000
1186 -7.0000000000
1315 -6.0000000000
1327 -5.0000000000
1335 -4.0000000000
1375 -3.0000000000
1402 -2.0000000000
1444 -1.0000000000
1501 395.0000000000
10000 -1.0000000000
evaluations raw_y
1 -214.0000000000
4 -213.0000000000
5 -212.0000000000
7 -211.0000000000
11 -210.0000000000
15 -209.0000000000
21 -208.0000000000
23 -207.0000000000
24 -206.0000000000
25 -205.0000000000
26 -204.0000000000
27 -203.0000000000
30 -202.0000000000
33 -201.0000000000
34 -200.0000000000
35 -199.0000000000
37 -198.0000000000
38 -197.0000000000
41 -196.0000000000
42 -195.0000000000
46 -194.0000000000
50 -193.0000000000
53 -192.0000000000
56 -191.0000000000
57 -190.0000000000
58 -189.0000000000
60 -188.0000000000
63 -187.0000000000
64 -186.0000000000
65 -185.0000000000
66 -184.0000000000
70 -183.0000000000
72 -182.0000000000
73 -181.0000000000
74 -180.0000000000
75 -179.0000000000
76 -178.0000000000
77 -177.0000000000
79 -176.0000000000
81 -175.0000000000
82 -174.0000000000
85 -173.0000000000
86 -172.0000000000
88 -171.0000000000
91 -170.0000000000
99 -169.0000000000
104 -168.0000000000
106 -167.0000000000
108 -166.0000000000
109 -165.0000000000
118 -164.0000000000
119 -163.0000000000
120 -162.0000000000
122 -161.0000000000
123 -160.0000000000
125 -159.0000000000
130 -158.0000000000
133 -157.0000000000
135 -156.0000000000
137 -155.0000000000
139 -154.0000000000
143 -153.0000000000
144 -152.0000000000
147 -151.0000000000
150 -150.0000000000
151 -149.0000000000
155 -148.0000000000
161 -147.0000000000
163 -146.0000000000
166 -145.0000000000
167 -144.0000000000
170 -143.0000000000
171 -142.0000000000
181 -141.0000000000
182 -140.0000000000
184 -139.0000000000
189 -138.0000000000
194 -137.0000000000
198 -136.0000000000
208 -135.0000000000
210 -134.0000000000
213 -133.0000000000
218 -132.0000000000
220 -131.0000000000
221 -130.0000000000
223 -129.0000000000
227 -128.0000000000
232 -127.0000000000
240 -126.0000000000
242 -125.0000000000
248 -124.0000000000
253 -123.0000000000
255 -122.0000000000
258 -121.0000000000
261 -120.0000000000
262 -119.0000000000
263 -118.0000000000
264 -117.0000000000
266 -116.0000000000
267 -115.0000000000
276 -114.0000000000
281 -113.0000000000
282 -112.0000000000
284 -111.0000000000
285 -110.0000000000
286 -109.0000000000
287 -108.0000000000
289 -107.0000000000
294 -106.0000000000
296 -105.0000000000
297 -104.0000000000
301 -103.0000000000
304 -102.0000000000
306 -101.0000000000
307 -100.0000000000
311 -99.0000000000
312 -98.0000000000
315 -97.0000000000
317 -96.0000000000
321 -95.0000000000
327 -94.0000000000
334 -93.0000000000
343 -92.0000000000
349 -91.0000000000
350 -90.0000000000
354 -89.0000000000
357 -88.0000000000
360 -87.0000000000
361 -86.0000000000
362 -85.0000000000
370 -84.0000000000
376 -83.0000000000
394 -82.0000000000
395 -81.0000000000
396 -80.0000000000
399 -79.0000000000
402 -78.0000000000
409 -77.0000000000
410 -76.0000000000
412 -75.0000000000
421 -74.0000000000
426 -73.0000000000
431 -72.0000000000
438 -71.0000000000
445 -70.0000000000
447 -69.0000000000
451 -68.0000000000
452 -67.0000000000
453 -66.0000000000
458 -65.0000000000
473 -64.0000000000
481 -63.0000000000
482 -62.0000000000
484 -61.0000000000
488 -60.0000000000
491 -59.0000000000
492 -58.0000000000
493 -57.0000000000
499 -56.0000000000
508 -55.0000000000
518 -54.0000000000
523 -53.0000000000
524 -52.0000000000
527 -51.0000000000
540 -50.0000000000
549 -49.0000000000
557 -48.0000000000
562 -47.0000000000
567 -46.0000000000
571 -45.0000000000
575 -44.0000000000
590 -43.0000000000
596 -42.0000000000
605 -41.0000000000
615 -40.0000000000
616 -39.0000000000
640 -38.0000000000
676 -37.0000000000
689 -36.0000000000
695 -35.0000000000
698 -34.0000000000
702 -33.0000000000
703 -32.0000000000
715 -31.0000000000
722 -30.0000000000
731 -29.0000000000
733 -28.0000000000
759 -27.0000000000
760 -26.0000000000
764 -25.0000000000
779 -24.0000000000
783 -23.0000000000
801 -22.0000000000
802 -21.0000000000
809 -20.0000000000
830 -19.0000000000
832 -18.0000000000
850 -17.0000000000
867 -16.0000000000
870 -15.0000000000
879 -14.0000000000
895 -13.0000000000
898 -12.0000000000
928 -11.0000000000
930 -10.0000000000
950 -9.0000000000
958 -8.0000000000
961 -7.0000000000
990 -6.0000000000
1045 -5.0000000000
1053 -4.0000000000
1102 -3.0000000000
1127 -2.0000000000
1134 -1.0000000000
1205 371.0000000000
10000 -1.0000000000
evaluations raw_y
1 -215.0000000000
2 -214.0000000000
3 -213.0000000000
4 -212.0000000000
9 -211.0000000000
10 -210.0000000000
12 -209.0000000000
14 -208.0000000000
16 -207.0000000000
17 -206.0000000000
18 -205.0000000000
20 -204.0000000000
23 -203.0000000000
26 -202.0000000000
33 -201.0000000000
34 -200.0000000000
35 -199.0000000000
36 -198.0000000000
37 -197.0000000000
45 -196.0000000000
47 -195.0000000000
54 -194.0000000000
55 -193.0000000000
57 -192.0000000000
58 -191.0000000000
60 -190.0000000000
62 -189.0000000000
66 -188.0000000000
74 -187.0000000000
77 -186.0000000000
79 -185.0000000000
85 -184.0000000000
86 -183.0000000000
88 -182.0000000000
89 -181.0000000000
93 -180.0000000000
94 -179.0000000000
97 -178.0000000000
104 -177.0000000000
106 -176.0000000000
108 -175.0000000000
110 -174.0000000000
112 -173.0000000000
113 -172.0000000000
117 -171.0000000000
120 -170.0000000000
125 -169.0000000000
131 -168.0000000000
134 -167.0000000000
135 -166.0000000000
137 -165.0000000000
140 -164.0000000000
143 -163.0000000000
145 -162.0000000000
146 -161.0000000000
153 -160.0000000000
162 -159.0000000000
163 -158.0000000000
168 -157.0000000000
173 -156.0000000000
174 -155.0000000000
176 -154.0000000000
181 -153.0000000000
184 -152.0000000000
186 -151.0000000000
188 -150.0000000000
189 -149.0000000000
192 -148.0000000000
196 -147.0000000000
198 -146.0000000000
199 -145.0000000000
202 -144.0000000000
204 -143.0000000000
205 -142.0000000000
209 -141.0000000000
211 -140.0000000000
212 -139.0000000000
213 -138.0000000000
214 -137.0000000000
226 -136.0000000000
228 -135.0000000000
231 -134.0000000000
234 -133.0000000000
235 -132.0000000000
250 -131.0000000000
253 -130.0000000000
255 -129.0000000000
258 -128.0000000000
259 -127.0000000000
268 -126.0000000000
282 -125.0000000000
286 -124.0000000000
288 -123.0000000000
290 -122.0000000000
296 -121.0000000000
297 -120.0000000000
299 -119.0000000000
308 -118.0000000000
315 -117.0000000000
317 -116.0000000000
322 -115.0000000000
324 -114.0000000000
327 -113.0000000000
334 -112.0000000000
338 -111.0000000000
341 -110.0000000000
342 -109.0000000000
349 -108.0000000000
350 -107.0000000000
353 -106.0000000000
355 -105.0000000000
362 -104.0000000000
365 -103.0000000000
371 -102.0000000000
381 -101.0000000000
389 -100.0000000000
396 -99.0000000000
397 -98.0000000000
421 -97.0000000000
423 -96.0000000000
431 -95.0000000000
435 -94.0000000000
436 -93.0000000000
437 -92.0000000000
439 -91.0000000000
447 -90.0000000000
450 -89.0000000000
453 -88.0000000000
457 -87.0000000000
458 -86.0000000000
461 -85.0000000000
468 -84.0000000000
469 -83.0000000000
474 -82.0000000000
481 -81.0000000000
482 -80.0000000000
486 -79.0000000000
492 -78.0000000000
502 -77.0000000000
505 -76.0000000000
507 -75.0000000000
509 -74.0000000000
518 -73.0000000000
519 -72.0000000000
528 -71.0000000000
549 -70.0000000000
550 -69.0000000000
551 -68.0000000000
558 -67.0000000000
574 -66.0000000000
576 -65.0000000000
584 -64.0000000000
594 -63.0000000000
613 -62.0000000000
617 -61.0000000000
618 -60.0000000000
619 -59.0000000000
627 -58.0000000000
629 -57.0000000000
630 -56.0000000000
638 -55.0000000000
639 -54.0000000000
646 -53.0000000000
661 -52.0000000000
663 -51.0000000000
674 -50.0000000000
675 -49.0000000000
712 -48.0000000000
734 -47.0000000000
735 -46.0000000000
738 -45.0000000000
740 -44.0000000000
752 -43.0000000000
772 -42.0000000000
773 -41.0000000000
777 -40.0000000000
781 -39.0000000000
784 -38.0000000000
791 -37.0000000000
817 -36.0000000000
819 -35.0000000000
840 -34.0000000000
852 -33.0000000000
853 -32.0000000000
855 -31.0000000000
878 -30.0000000000
883 -29.0000000000
888 -28.0000000000
892 -27.0000000000
897 -26.0000000000
903 -25.0000000000
921 -24.0000000000
926 -23.0000000000
934 -22.0000000000
938 -21.0000000000
955 -20.0000000000
970 -19.0000000000
994 -18.0000000000
1005 -17.0000000000
1029 -16.0000000000
1055 -15.0000000000
1060 -14.0000000000
1061 -13.0000000000
1063 -12.0000000000
1095 -11.0000000000
1101 -10.0000000000
1107 -9.0000000000
1123 -8.0000000000
1142 -7.0000000000
1168 -6.0000000000
1171 -5.0000000000
1241 -4.0000000000
1251 -3.0000000000
1290 -2.0000000000
1382 -1.0000000000
1462 382.0000000000
10000 -1.0000000000
evaluations raw_y
1 -216.0000000000
2 -215.0000000000
3 -214.0000000000
6 -213.0000000000
7 -212.0000000000
8 -211.0000000000
10 -210.0000000000
19 -209.0000000000
20 -208.0000000000
22 -207.0000000000
24 -206.0000000000
25 -205.0000000000
27 -204.0000000000
30 -203.0000000000
33 -202.0000000000
37 -201.0000000000
38 -200.0000000000
39 -199.0000000000
41 -198.0000000000
45 -197.0000000000
47 -196.0000000000
48 -195.0000000000
49 -194.0000000000
50 -193.0000000000
52 -192.0000000000
56 -191.0000000000
60 -190.0000000000
61 -189.0000000000
73 -188.0000000000
75 -187.0000000000
81 -186.0000000000
83 -185.0000000000
88 -184.0000000000
93 -183.0000000000
94 -182.0000000000
95 -181.0000000000
96 -180.0000000000
97 -179.0000000000
99 -178.0000000000
110 -177.0000000000
111 -176.0000000000
112 -175.0000000000
113 -174.0000000000
114 -173.0000000000
117 -172.0000000000
118 -171.0000000000
119 -170.0000000000
120 -169.0000000000
122 -168.0000000000
126 -167.0000000000
129 -166.0000000000
130 -165.0000000000
133 -164.0000000000
136 -163.0000000000
137 -162.0000000000
138 -161.0000000000
139 -160.0000000000
140 -159.0000000000
144 -158.0000000000
146 -157.0000000000
151 -156.0000000000
152 -155.0000000000
155 -154.0000000000
156 -153.0000000000
159 -152.0000000000
161 -151.0000000000
162 -150.0000000000
163 -149.0000000000
167 -148.0000000000
170 -147.0000000000
172 -146.0000000000
174 -145.0000000000
177 -144.0000000000
179 -143.0000000000
181 -142.0000000000
182 -141.0000000000
183 -140.0000000000
185 -139.0000000000
194 -138.0000000000
201 -137.0000000000
202 -136.0000000000
203 -135.0000000000
204 -134.0000000000
205 -133.0000000000
208 -132.0000000000
213 -131.0000000000
216 -130.0000000000
218 -129.0000000000
220 -128.0000000000
222 -127.0000000000
224 -126.0000000000
236 -125.0000000000
239 -124.0000000000
243 -123.0000000000
246 -122.0000000000
248 -121.0000000000
250 -120.0000000000
254 -119.0000000000
258 -118.0000000000
259 -117.0000000000
262 -116.0000000000
266 -115.0000000000
267 -114.0000000000
272 -113.0000000000
275 -112.0000000000
277 -111.0000000000
283 -110.0000000000
287 -109.0000000000
290 -108.0000000000
293 -107.0000000000
295 -106.0000000000
301 -105.0000000000
306 -104.0000000000
309 -103.0000000000
310 -102.0000000000
312 -101.0000000000
313 -100.0000000000
317 -99.0000000000
318 -98.0000000000
319 -97.0000000000
323 -96.0000000000
325 -95.0000000000
332 -94.0000000000
342 -93.0000000000
347 -92.0000000000
350 -91.0000000000
352 -90.0000000000
356 -89.0000000000
357 -88.0000000000
359 -87.0000000000
366 -86.0000000000
374 -85.0000000000
379 -84.0000000000
382 -83.0000000000
383 -82.0000000000
384 -81.0000000000
385 -80.0000000000
390 -79.0000000000
393 -78.0000000000
401 -77.0000000000
406 -76.0000000000
418 -75.0000000000
430 -74.0000000000
432 -73.0000000000
435 -72.0000000000
438 -71.0000000000
441 -70.0000000000
442 -69.0000000000
445 -68.0000000000
449 -67.0000000000
457 -66.0000000000
468 -65.0000000000
472 -64.0000000000
483 -63.0000000000
502 -62.0000000000
508 -61.0000000000
509 -60.0000000000
519 -59.0000000000
521 -58.0000000000
530 -57.0000000000
542 -56.0000000000
545 -55.0000000000
546 -54.0000000000
547 -53.0000000000
565 -52.0000000000
583 -51.0000000000
589 -50.0000000000
595 -49.0000000000
604 -48.0000000000
610 -47.0000000000
621 -46.0000000000
631 -45.0000000000
635 -44.0000000000
648 -43.0000000000
661 -42.0000000000
668 -41.0000000000
670 -40.0000000000
679 -39.0000000000
686 -38.0000000000
694 -37.0000000000
697 -36.0000000000
717 -35.0000000000
721 -34.0000000000
737 -33.0000000000
744 -32.0000000000
761 -31.0000000000
784 -30.0000000000
809 -29.0000000000
827 -28.0000000000
834 -27.0000000000
836 -26.0000000000
846 -25.0000000000
910 -24.0000000000
911 -23.0000000000
913 -22.0000000000
919 -21.0000000000
922 -20.0000000000
926 -19.0000000000
932 -18.0000000000
941 -17.0000000000
942 -16.0000000000
959 -15.0000000000
990 -14.0000000000
993 -13.0000000000
1096 -12.0000000000
1103 -11.0000000000
1110 -10.0000000000
1163 -9.0000000000
1210 -8.0000000000
1216 -7.0000000000
1217 -6.0000000000
1225 -5.0000000000
1258 -4.0000000000
1322 -3.0000000000
1324 -2.0000000000
1378 -1.0000000000
1384 392.0000000000
10000 -1.0000000000
evaluations raw_y
1 -202.0000000000
2 -201.0000000000
3 -200.0000000000
4 -199.0000000000
5 -198.0000000000
9 -197.0000000000
10 -196.0000000000
11 -195.0000000000
12 -194.0000000000
17 -193.0000000000
18 -192.0000000000
19 -191.0000000000
21 -190.0000000000
24 -189.0000000000
25 -188.0000000000
26 -187.0000000000
32 -186.0000000000
36 -185.0000000000
38 -184.0000000000
39 -183.0000000000
40 -182.0000000000
41 -181.0000000000
42 -180.0000000000
43 -179.0000000000
45 -178.0000000000
47 -177.0000000000
49 -176.0000000000
53 -175.0000000000
54 -174.0000000000
60 -173.0000000000
62 -172.0000000000
63 -171.0000000000
64 -170.0000000000
67 -169.0000000000
68 -168.0000000000
69 -167.0000000000
71 -166.0000000000
72 -165.0000000000
74 -164.0000000000
75 -163.0000000000
82 -162.0000000000
85 -161.0000000000
87 -160.0000000000
89 -159.0000000000
90 -158.0000000000
92 -157.0000000000
93 -156.0000000000
96 -155.0000000000
102 -154.0000000000
103 -153.0000000000
107 -152.0000000000
111 -151.0000000000
112 -150.0000000000
113 -149.0000000000
119 -148.0000000000
121 -147.0000000000
125 -146.0000000000
127 -145.0000000000
129 -144.0000000000
131 -143.0000000000
133 -142.0000000000
138 -141.0000000000
141 -140.0000000000
149 -139.0000000000
150 -138.0000000000
160 -137.0000000000
170 -136.0000000000
171 -135.0000000000
172 -134.0000000000
175 -133.0000000000
178 -132.0000000000
180 -131.0000000000
184 -130.0000000000
185 -129.0000000000
186 -128.0000000000
187 -127.0000000000
189 -126.0000000000
192 -125.0000000000
196 -124.0000000000
202 -123.0000000000
208 -122.0000000000
211 -121.0000000000
215 -120.0000000000
216 -119.0000000000
220 -118.0000000000
221 -117.0000000000
227 -116.0000000000
236 -115.0000000000
237 -114.0000000000
239 -113.0000000000
240 -112.0000000000
244 -111.0000000000
250 -110.0000000000
251 -109.0000000000
252 -108.0000000000
254 -107.0000000000
257 -106.0000000000
258 -105.0000000000
260 -104.0000000000
263 -103.0000000000
264 -102.0000000000
273 -101.0000000000
276 -100.0000000000
280 -99.0000000000
283 -98.0000000000
284 -97.0000000000
287 -96.0000000000
288 -95.0000000000
290 -94.0000000000
295 -93.0000000000
304 -92.0000000000
312 -91.0000000000
316 -90.0000000000
321 -89.0000000000
332 -88.0000000000
340 -87.0000000000
341 -86.0000000000
343 -85.0000000000
346 -84.0000000000
347 -83.0000000000
350 -82.0000000000
352 -81.0000000000
354 -80.0000000000
355 -79.0000000000
361 -78.0000000000
374 -77.0000000000
376 -76.0000000000
378 -75.0000000000
380 -74.0000000000
381 -73.0000000000
385 -72.0000000000
389 -71.0000000000
395 -70.0000000000
397 -69.0000000000
405 -68.0000000000
410 -67.0000000000
414 -66.0000000000
419 -65.0000000000
424 -64.0000000000
427 -63.0000000000
430 -62.0000000000
435 -61.0000000000
442 -60.0000000000
443 -59.0000000000
462 -58.0000000000
470 -57.0000000000
476 -56.0000000000
487 -55.0000000000
489 -54.0000000000
493 -53.0000000000
508 -52.0000000000
509 -51.0000000000
522 -50.0000000000
531 -49.0000000000
543 -48.0000000000
549 -47.0000000000
556 -46.0000000000
576 -45.0000000000
577 -44.0000000000
607 -43.0000000000
624 -42.0000000000
635 -41.0000000000
636 -40.0000000000
642 -39.0000000000
657 -38.0000000000
664 -37.0000000000
677 -36.0000000000
682 -35.0000000000
692 -34.0000000000
710 -33.0000000000
714 -32.0000000000
731 -31.0000000000
738 -30.0000000000
774 -29.0000000000
827 -28.0000000000
858 -27.0000000000
872 -26.0000000000
889 -25.0000000000
903 -24.0000000000
939 -23.0000000000
944 -22.0000000000
992 -21.0000000000
996 -20.0000000000
1012 -19.0000000000
1024 -18.0000000000
1026 -17.0000000000
1038 -16.0000000000
1056 -15.0000000000
1063 -14.0000000000
1098 -13.0000000000
1123 -12.0000000000
1136 -11.0000000000
1170 -10.0000000000
1212 -9.0000000000
1243 -8.0000000000
1253 -7.0000000000
1294 -6.0000000000
1311 -5.0000000000
1313 -4.0000000000
1332 -3.0000000000
1394 -2.0000000000
1440 -1.0000000000
1487 386.0000000000
10000 -1.0000000000
evaluations raw_y
1 -245.0000000000
2 -244.0000000000
3 -243.0000000000
4 -242.0000000000
5 -241.0000000000
6 -240.0000000000
8 -239.0000000000
9 -238.0000000000
10 -237.0000000000
14 -236.0000000000
15 -235.0000000000
17 -234.0000000000
18 -233.0000000000
19 -232.0000000000
21 -231.0000000000
22 -230.0000000000
23 -229.0000000000
24 -228.0000000000
28 -227.0000000000
29 -226.0000000000
31 -225.0000000000
32 -224.0000000000
34 -223.0000000000
35 -222.0000000000
38 -221.0000000000
39 -220.0000000000
41 -219.0000000000
42 -218.0000000000
47 -217.0000000000
48 -216.0000000000
52 -215.0000000000
55 -214.0000000000
57 -213.0000000000
58 -212.0000000000
60 -211.0000000000
61 -210.0000000000
63 -209.0000000000
65 -208.0000000000
66 -207.0000000000
69 -206.0000000000
70 -205.0000000000
73 -204.0000000000
76 -203.0000000000
79 -202.0000000000
80 -201.0000000000
85 -200.0000000000
87 -199.0000000000
89 -198.0000000000
90 -197.0000000000
92 -196.0000000000
94 -195.0000000000
95 -194.0000000000
96 -193.0000000000
98 -192.0000000000
103 -191.0000000000
106 -190.0000000000
110 -189.0000000000
111 -188.0000000000
112 -187.0000000000
114 -186.0000000000
117 -185.0000000000
119 -184.0000000000
123 -183.0000000000
124 -182.0000000000
127 -181.0000000000
129 -180.0000000000
130 -179.0000000000
137 -178.0000000000
143 -177.0000000000
144 -176.0000000000
145 -175.0000000000
149 -174.0000000000
154 -173.0000000000
155 -172.0000000000
159 -171.0000000000
161 -170.0000000000
162 -169.0000000000
167 -168.0000000000
171 -167.0000000000
172 -166.0000000000
173 -165.0000000000
174 -164.0000000000
175 -163.0000000000
176 -162.0000000000
178 -161.0000000000
180 -160.0000000000
182 -159.0000000000
185 -158.0000000000
186 -157.0000000000
187 -156.0000000000
188 -155.0000000000
194 -154.0000000000
196 -153.0000000000
197 -152.0000000000
198 -151.0000000000
199 -150.0000000000
201 -149.0000000000
202 -148.0000000000
207 -147.0000000000
216 -146.0000000000
218 -145.0000000000
219 -144.0000000000
220 -143.0000000000
222 -142.0000000000
225 -141.0000000000
230 -140.0000000000
238 -139.0000000000
240 -138.0000000000
247 -137.0000000000
256 -136.0000000000
258 -135.0000000000
261 -134.0000000000
266 -133.0000000000
267 -132.0000000000
268 -131.0000000000
269 -130.0000000000
271 -129.0000000000
275 -128.0000000000
276 -127.0000000000
278 -126.0000000000
284 -125.0000000000
291 -124.0000000000
295 -123.0000000000
299 -122.0000000000
301 -121.0000000000
303 -120.0000000000
307 -119.0000000000
310 -118.0000000000
313 -117.0000000000
314 -116.0000000000
317 -115.0000000000
329 -114.0000000000
332 -113.0000000000
334 -112.0000000000
335 -111.0000000000
336 -110.0000000000
342 -109.0000000000
343 -108.0000000000
345 -107.0000000000
352 -106.0000000000
357 -105.0000000000
360 -104.0000000000
362 -103.0000000000
366 -102.0000000000
371 -101.0000000000
377 -100.0000000000
382 -99.0000000000
387 -98.0000000000
392 -97.0000000000
397 -96.0000000000
400 -95.0000000000
401 -94.0000000000
407 -93.0000000000
416 -92.0000000000
422 -91.0000000000
425 -90.0000000000
435 -89.0000000000
438 -88.0000000000
444 -87.0000000000
449 -86.0000000000
452 -85.0000000000
464 -84.0000000000
471 -83.0000000000
490 -82.0000000000
491 -81.0000000000
496 -80.0000000000
498 -79.0000000000
505 -78.0000000000
506 -77.0000000000
510 -76.0000000000
517 -75.0000000000
528 -74.0000000000
541 -73.0000000000
547 -72.0000000000
551 -71.0000000000
556 -70.0000000000
574 -69.0000000000
581 -68.0000000000
582 -67.0000000000
585 -66.0000000000
591 -65.0000000000
603 -64.0000000000
607 -63.0000000000
625 -62.0000000000
630 -61.0000000000
650 -60.0000000000
655 -59.0000000000
672 -58.0000000000
678 -57.0000000000
686 -56.0000000000
696 -55.0000000000
698 -54.0000000000
701 -53.0000000000
731 -52.0000000000
735 -51.0000000000
736 -50.0000000000
744 -49.0000000000
751 -48.0000000000
752 -47.0000000000
754 -46.0000000000
760 -45.0000000000
762 -44.0000000000
770 -43.0000000000
773 -42.0000000000
781 -41.0000000000
782 -40.0000000000
789 -39.0000000000
790 -38.0000000000
808 -37.0000000000
815 -36.0000000000
818 -35.0000000000
840 -34.0000000000
853 -33.0000000000
858 -32.0000000000
867 -31.0000000000
886 -30.0000000000
894 -29.0000000000
898 -28.0000000000
908 -27.0000000000
910 -26.0000000000
914 -25.0000000000
930 -24.0000000000
943 -23.0000000000
945 -22.0000000000
947 -21.0000000000
965 -20.0000000000
982 -19.0000000000
984 -18.0000000000
987 -17.0000000000
1025 -16.0000000000
1046 -15.0000000000
1085 -14.0000000000
1099 -13.0000000000
1107 -12.0000000000
1118 -11.0000000000
1122 -10.0000000000
1129 -9.0000000000
1136 -8.0000000000
1148 -7.0000000000
1168 -6.0000000000
1171 -5.0000000000
1173 -4.0000000000
1288 -3.0000000000
1299 -2.0000000000
1340 -1.0000000000
1342 387.0000000000
10000 -1.0000000000
evaluations raw_y
1 -213.0000000000
2 -212.0000000000
4 -211.0000000000
5 -210.0000000000
7 -209.0000000000
13 -208.0000000000
15 -207.0000000000
25 -206.0000000000
28 -205.0000000000
30 -204.0000000000
32 -203.0000000000
33 -202.0000000000
38 -201.0000000000
39 -200.0000000000
41 -199.0000000000
43 -198.0000000000
45 -197.0000000000
47 -196.0000000000
49 -195.0000000000
51 -194.0000000000
56 -193.0000000000
58 -192.0000000000
59 -191.0000000000
60 -190.0000000000
63 -189.0000000000
68 -188.0000000000
72 -187.0000000000
74 -186.0000000000
75 -185.0000000000
79 -184.0000000000
81 -183.0000000000
82 -182.0000000000
83 -181.0000000000
86 -180.0000000000
89 -179.0000000000
94 -178.0000000000
97 -177.0000000000
98 -176.0000000000
99 -175.0000000000
100 -174.0000000000
101 -173.0000000000
103 -172.0000000000
107 -171.0000000000
109 -170.0000000000
111 -169.0000000000
115 -168.0000000000
118 -167.0000000000
119 -166.0000000000
124 -165.0000000000
127 -164.0000000000
131 -163.0000000000
132 -162.0000000000
133 -161.0000000000
134 -160.0000000000
138 -159.0000000000
148 -158.0000000000
149 -157.0000000000
153 -156.0000000000
154 -155.0000000000
156 -154.0000000000
157 -153.0000000000
158 -152.0000000000
160 -151.0000000000
162 -150.0000000000
164 -149.0000000000
166 -148.0000000000
168 -147.0000000000
170 -146.0000000000
175 -145.0000000000
176 -144.0000000000
179 -143.0000000000
180 -142.0000000000
181 -141.0000000000
182 -140.0000000000
183 -139.0000000000
184 -138.0000000000
185 -137.0000000000
186 -136.0000000000
187 -135.0000000000
188 -134.0000000000
189 -133.0000000000
190 -132.0000000000
191 -131.0000000000
199 -130.0000000000
201 -129.0000000000
203 -128.0000000000
204 -127.0000000000
206 -126.0000000000
207 -125.0000000000
208 -124.0000000000
209 -123.0000000000
211 -122.0000000000
218 -121.0000000000
219 -120.0000000000
221 -119.0000000000
222 -118.0000000000
223 -117.0000000000
226 -116.0000000000
227 -115.0000000000
228 -114.0000000000
231 -113.0000000000
232 -112.0000000000
236 -111.0000000000
237 -110.0000000000
250 -109.0000000000
251 -108.0000000000
252 -107.0000000000
253 -106.0000000000
256 -105.0000000000
263 -104.0000000000
265 -103.0000000000
270 -102.0000000000
273 -101.0000000000
276 -100.0000000000
277 -99.0000000000
280 -98.0000000000
282 -97.0000000000
284 -96.0000000000
302 -95.0000000000
304 -94.0000000000
306 -93.0000000000
308 -92.0000000000
310 -91.0000000000
317 -90.0000000000
321 -89.0000000000
322 -88.0000000000
323 -87.0000000000
329 -86.0000000000
337 -85.0000000000
351 -84.0000000000
355 -83.0000000000
357 -82.0000000000
358 -81.0000000000
359 -80.0000000000
363 -79.0000000000
383 -78.0000000000
387 -77.0000000000
391 -76.0000000000
397 -75.0000000000
405 -74.0000000000
414 -73.0000000000
415 -72.0000000000
418 -71.0000000000
421 -70.0000000000
426 -69.0000000000
427 -68.0000000000
432 -67.0000000000
435 -66.0000000000
438 -65.0000000000
439 -64.0000000000
442 -63.0000000000
443 -62.0000000000
452 -61.0000000000
453 -60.0000000000
454 -59.0000000000
456 -58.0000000000
481 -57.0000000000
486 -56.0000000000
494 -55.0000000000
504 -54.0000000000
510 -53.0000000000
518 -52.0000000000
523 -51.0000000000
524 -50.0000000000
527 -49.0000000000
530 -48.0000000000
535 -47.0000000000
538 -46.0000000000
545 -45.0000000000
549 -44.0000000000
566 -43.0000000000
567 -42.0000000000
579 -41.0000000000
591 -40.0000000000
600 -39.0000000000
603 -38.0000000000
606 -37.0000000000
629 -36.0000000000
633 -35.0000000000
639 -34.0000000000
646 -33.0000000000
647 -32.0000000000
654 -31.0000000000
657 -30.0000000000
658 -29.0000000000
659 -28.0000000000
676 -27.0000000000
690 -26.0000000000
699 -25.0000000000
701 -24.0000000000
712 -23.0000000000
721 -22.0000000000
741 -21.0000000000
742 -20.0000000000
743 -19.0000000000
750 -18.0000000000
775 -17.0000000000
798 -16.0000000000
800 -15.0000000000
804 -14.0000000000
839 -13.0000000000
841 -12.0000000000
870 -11.0000000000
882 -10.0000000000
895 -9.0000000000
926 -8.0000000000
935 -7.0000000000
943 -6.0000000000
946 -5.0000000000
954 -4.0000000000
964 -3.0000000000
1243 -2.0000000000
1246 -1.0000000000
1262 384.0000000000
10000 -1.0000000000
evaluations raw_y
1 -209.0000000000
4 -208.0000000000
9 -207.0000000000
10 -206.0000000000
11 -205.0000000000
12 -204.0000000000
13 -203.0000000000
14 -202.0000000000
19 -201.0000000000
21 -200.0000000000
27 -199.0000000000
28 -198.0000000000
31 -197.0000000000
33 -196.0000000000
34 -195.0000000000
36 -194.0000000000
39 -193.0000000000
40 -192.0000000000
42 -191.0000000000
43 -190.0000000000
45 -189.0000000000
46 -188.0000000000
48 -187.0000000000
49 -186.0000000000
50 -185.0000000000
52 -184.0000000000
54 -183.0000000000
55 -182.0000000000
57 -181.0000000000
59 -180.0000000000
60 -179.0000000000
61 -178.0000000000
62 -177.0000000000
64 -176.0000000000
67 -175.0000000000
68 -174.0000000000
69 -173.0000000000
71 -172.0000000000
73 -171.0000000000
75 -170.0000000000
76 -169.0000000000
78 -168.0000000000
80 -167.0000000000
81 -166.0000000000
82 -165.0000000000
83 -164.0000000000
86 -163.0000000000
87 -162.0000000000
89 -161.0000000000
91 -160.0000000000
94 -159.0000000000
95 -158.0000000000
96 -157.0000000000
97 -156.0000000000
102 -155.0000000000
104 -154.0000000000
108 -153.0000000000
114 -152.0000000000
115 -151.0000000000
116 -150.0000000000
118 -149.0000000000
123 -148.0000000000
124 -147.0000000000
127 -146.0000000000
128 -145.0000000000
131 -144.0000000000
132 -143.0000000000
135 -142.0000000000
138 -141.0000000000
140 -140.0000000000
142 -139.0000000000
143 -138.0000000000
151 -137.0000000000
152 -136.0000000000
155 -135.0000000000
160 -134.0000000000
161 -133.0000000000
165 -132.0000000000
169 -131.0000000000
173 -130.0000000000
177 -129.0000000000
178 -128.0000000000
180 -127.0000000000
181 -126.0000000000
188 -125.0000000000
191 -124.0000000000
192 -123.0000000000
194 -122.0000000000
196 -121.0000000000
203 -120.0000000000
205 -119.0000000000
214 -118.0000000000
215 -117.0000000000
217 -116.0000000000
222 -115.0000000000
233 -114.0000000000
234 -113.0000000000
238 -112.0000000000
239 -111.0000000000
243 -110.0000000000
244 -109.0000000000
252 -108.0000000000
257 -107.0000000000
258 -106.0000000000
259 -105.0000000000
261 -104.0000000000
262 -103.0000000000
264 -102.0000000000
265 -101.0000000000
268 -100.0000000000
269 -99.0000000000
278 -98.0000000000
286 -97.0000000000
288 -96.0000000000
289 -95.0000000000
293 -94.0000000000
297 -93.0000000000
299 -92.0000000000
302 -91.0000000000
311 -90.0000000000
316 -89.0000000000
319 -88.0000000000
320 -87.0000000000
326 -86.0000000000
328 -85.0000000000
333 -84.0000000000
334 -83.0000000000
340 -82.0000000000
348 -81.0000000000
349 -80.0000000000
364 -79.0000000000
365 -78.0000000000
366 -77.0000000000
367 -76.0000000000
368 -75.0000000000
370 -74.0000000000
372 -73.0000000000
373 -72.0000000000
374 -71.0000000000
381 -70.0000000000
385 -69.0000000000
387 -68.0000000000
399 -67.0000000000
406 -66.0000000000
408 -65.0000000000
414 -64.0000000000
416 -63.0000000000
417 -62.0000000000
421 -61.0000000000
428 -60.0000000000
430 -59.0000000000
432 -58.0000000000
444 -57.0000000000
451 -56.0000000000
461 -55.0000000000
469 -54.0000000000
475 -53.0000000000
477 -52.0000000000
483 -51.0000000000
486 -50.0000000000
490 -49.0000000000
494 -48.0000000000
499 -47.0000000000
508 -46.0000000000
510 -45.0000000000
517 -44.0000000000
530 -43.0000000000
537 -42.0000000000
558 -41.0000000000
561 -40.0000000000
582 -39.0000000000
586 -38.0000000000
589 -37.0000000000
598 -36.0000000000
610 -35.0000000000
624 -34.0000000000
641 -33.0000000000
665 -32.0000000000
668 -31.0000000000
690 -30.0000000000
696 -29.0000000000
735 -28.0000000000
742 -27.0000000000
746 -26.0000000000
759 -25.0000000000
769 -24.0000000000
779 -23.0000000000
805 -22.0000000000
806 -21.0000000000
842 -20.0000000000
877 -19.0000000000
893 -18.0000000000
899 -17.0000000000
910 -16.0000000000
931 -15.0000000000
936 -14.0000000000
958 -13.0000000000
959 -12.0000000000
961 -11.0000000000
979 -10.0000000000
993 -9.0000000000
1082 -8.0000000000
1157 -7.0000000000
1211 -6.0000000000
1214 -5.0000000000
1221 -4.0000000000
1289 -3.0000000000
1292 -2.0000000000
1326 -1.0000000000
1403 378.0000000000
10000 -1.0000000000
evaluations raw_y
1 -211.0000000000
5 -210.0000000000
7 -209.0000000000
8 -208.0000000000
9 -207.0000000000
10 -206.0000000000
12 -205.0000000000
16 -204.0000000000
19 -203.0000000000
20 -202.0000000000
22 -201.0000000000
24 -200.0000000000
25 -199.0000000000
29 -198.0000000000
32 -197.0000000000
36 -196.0000000000
38 -195.0000000000
39 -194.0000000000
40 -193.0000000000
41 -192.0000000000
42 -191.0000000000
43 -190.0000000000
44 -189.0000000000
46 -188.0000000000
47 -187.0000000000
48 -186.0000000000
51 -185.0000000000
52 -184.0000000000
54 -183.0000000000
58 -182.0000000000
59 -181.0000000000
62 -180.0000000000
68 -179.0000000000
70 -178.0000000000
73 -177.0000000000
74 -176.0000000000
76 -175.0000000000
77 -174.0000000000
78 -173.0000000000
82 -172.0000000000
83 -171.0000000000
84 -170.0000000000
86 -169.0000000000
89 -168.0000000000
92 -167.0000000000
97 -166.0000000000
98 -165.0000000000
99 -164.0000000000
102 -163.0000000000
103 -162.0000000000
107 -161.0000000000
108 -160.0000000000
109 -159.0000000000
112 -158.0000000000
113 -157.0000000000
116 -156.0000000000
117 -155.0000000000
118 -154.0000000000
120 -153.0000000000
123 -152.0000000000
128 -151.0000000000
129 -150.0000000000
130 -149.0000000000
132 -148.0000000000
135 -147.0000000000
137 -146.0000000000
139 -145.0000000000
140 -144.0000000000
143 -143.0000000000
145 -142.0000000000
146 -141.0000000000
148 -140.0000000000
149 -139.0000000000
153 -138.0000000000
154 -137.0000000000
158 -136.0000000000
161 -135.0000000000
163 -134.0000000000
165 -133.0000000000
168 -132.0000000000
169 -131.0000000000
175 -130.0000000000
176 -129.0000000000
180 -128.0000000000
186 -127.0000000000
187 -126.0000000000
190 -125.0000000000
194 -124.0000000000
203 -123.0000000000
206 -122.0000000000
208 -121.0000000000
213 -120.0000000000
220 -119.0000000000
225 -118.0000000000
229 -117.0000000000
230 -116.0000000000
241 -115.0000000000
246 -114.0000000000
247 -113.0000000000
249 -112.0000000000
252 -111.0000000000
253 -110.0000000000
256 -109.0000000000
259 -108.0000000000
261 -107.0000000000
263 -106.0000000000
267 -105.0000000000
277 -104.0000000000
279 -103.0000000000
280 -102.0000000000
281 -101.0000000000
284 -100.0000000000
287 -99.0000000000
291 -98.0000000000
293 -97.0000000000
295 -96.0000000000
297 -95.0000000000
301 -94.0000000000
309 -93.0000000000
310 -92.0000000000
318 -91.0000000000
323 -90.0000000000
325 -89.0000000000
328 -88.0000000000
334 -87.0000000000
343 -86.0000000000
345 -85.0000000000
360 -84.0000000000
361 -83.0000000000
363 -82.0000000000
364 -81.0000000000
366 -80.0000000000
368 -79.0000000000
370 -78.0000000000
371 -77.0000000000
375 -76.0000000000
376 -75.0000000000
378 -74.0000000000
380 -73.0000000000
382 -72.0000000000
389 -71.0000000000
393 -70.0000000000
394 -69.0000000000
398 -68.0000000000
415 -67.0000000000
424 -66.0000000000
432 -65.0000000000
439 -64.0000000000
440 -63.0000000000
447 -62.0000000000
455 -61.0000000000
456 -60.0000000000
459 -59.0000000000
468 -58.0000000000
479 -57.0000000000
480 -56.0000000000
484 -55.0000000000
490 -54.0000000000
499 -53.0000000000
501 -52.0000000000
508 -51.0000000000
509 -50.0000000000
517 -49.0000000000
522 -48.0000000000
524 -47.0000000000
539 -46.0000000000
545 -45.0000000000
546 -44.0000000000
550 -43.0000000000
562 -42.0000000000
580 -41.0000000000
610 -40.0000000000
613 -39.0000000000
618 -38.0000000000
625 -37.0000000000
627 -36.0000000000
642 -35.0000000000
644 -34.0000000000
665 -33.0000000000
692 -32.0000000000
695 -31.0000000000
697 -30.0000000000
698 -29.0000000000
736 -28.0000000000
738 -27.0000000000
751 -26.0000000000
785 -25.0000000000
807 -24.0000000000
820 -23.0000000000
828 -22.0000000000
846 -21.0000000000
848 -20.0000000000
851 -19.0000000000
872 -18.0000000000
880 -17.0000000000
903 -16.0000000000
910 -15.0000000000
920 -14.0000000000
922 -13.0000000000
946 -12.0000000000
969 -11.0000000000
1007 -10.0000000000
1013 -9.0000000000
1104 -8.0000000000
1136 -7.0000000000
1156 -6.0000000000
1230 -5.0000000000
1271 -4.0000000000
1330 -3.0000000000
1333 -2.0000000000
1381 -1.0000000000
1397 396.0000000000
10000 -1.0000000000
evaluations raw_y
1 -216.0000000000
3 -215.0000000000
8 -214.0000000000
13 -213.0000000000
14 -212.0000000000
17 -211.0000000000
18 -210.0000000000
20 -209.0000000000
26 -208.0000000000
30 -207.0000000000
31 -206.0000000000
32 -205.0000000000
33 -204.0000000000
38 -203.0000000000
42 -202.0000000000
44 -201.0000000000
49 -200.0000000000
54 -199.0000000000
57 -198.0000000000
59 -197.0000000000
61 -196.0000000000
63 -195.0000000000
64 -194.0000000000
66 -193.0000000000
67 -192.0000000000
72 -191.0000000000
75 -190.0000000000
76 -189.0000000000
78 -188.0000000000
82 -187.0000000000
83 -186.0000000000
87 -185.0000000000
90 -184.0000000000
98 -183.0000000000
104 -182.0000000000
110 -181.0000000000
116 -180.0000000000
118 -179.0000000000
123 -178.0000000000
126 -177.0000000000
129 -176.0000000000
130 -175.0000000000
132 -174.0000000000
133 -173.0000000000
136 -172.0000000000
138 -171.0000000000
139 -170.0000000000
146 -169.0000000000
150 -168.0000000000
153 -167.0000000000
156 -166.0000000000
158 -165.0000000000
159 -164.0000000000
160 -163.0000000000
163 -162.0000000000
164 -161.0000000000
166 -160.0000000000
167 -159.0000000000
171 -158.0000000000
174 -157.0000000000
178 -156.0000000000
181 -155.0000000000
182 -154.0000000000
183 -153.0000000000
187 -152.0000000000
190 -151.0000000000
191 -150.0000000000
192 -149.0000000000
200 -148.0000000000
201 -147.0000000000
202 -146.0000000000
209 -145.0000000000
210 -144.0000000000
217 -143.0000000000
220 -142.0000000000
221 -141.0000000000
230 -140.0000000000
243 -139.0000000000
244 -138.0000000000
248 -137.0000000000
250 -136.0000000000
251 -135.0000000000
255 -134.0000000000
257 -133.0000000000
259 -132.0000000000
260 -131.0000000000
261 -130.0000000000
267 -129.0000000000
271 -128.0000000000
272 -127.0000000000
274 -126.0000000000
275 -125.0000000000
276 -124.0000000000
282 -123.0000000000
290 -122.0000000000
292 -121.0000000000
298 -120.0000000000
303 -119.0000000000
305 -118.0000000000
306 -117.0000000000
307 -116.0000000000
309 -115.0000000000
312 -114.0000000000
317 -113.0000000000
322 -112.0000000000
323 -111.0000000000
324 -110.0000000000
326 -109.0000000000
327 -108.0000000000
330 -107.0000000000
333 -106.0000000000
334 -105.0000000000
339 -104.0000000000
342 -103.0000000000
344 -102.0000000000
355 -101.0000000000
363 -100.0000000000
369 -99.0000000000
373 -98.0000000000
379 -97.0000000000
385 -96.0000000000
390 -95.0000000000
391 -94.0000000000
392 -93.0000000000
394 -92.0000000000
397 -91.0000000000
400 -90.0000000000
406 -89.0000000000
411 -88.0000000000
416 -87.0000000000
417 -86.0000000000
420 -85.0000000000
431 -84.0000000000
436 -83.0000000000
437 -82.0000000000
443 -81.0000000000
461 -80.0000000000
478 -79.0000000000
486 -78.0000000000
489 -77.0000000000
490 -76.0000000000
500 -75.0000000000
503 -74.0000000000
524 -73.0000000000
525 -72.0000000000
529 -71.0000000000
532 -70.0000000000
537 -69.0000000000
546 -68.0000000000
548 -67.0000000000
549 -66.0000000000
558 -65.0000000000
566 -64.0000000000
582 -63.0000000000
598 -62.0000000000
600 -61.0000000000
608 -60.0000000000
612 -59.0000000000
620 -58.0000000000
623 -57.0000000000
629 -56.0000000000
633 -55.0000000000
634 -54.0000000000
643 -53.0000000000
650 -52.0000000000
652 -51.0000000000
653 -50.0000000000
655 -49.0000000000
658 -48.0000000000
659 -47.0000000000
666 -46.0000000000
671 -45.0000000000
680 -44.0000000000
684 -43.0000000000
699 -42.0000000000
700 -41.0000000000
706 -40.0000000000
714 -39.0000000000
720 -38.0000000000
729 -37.0000000000
736 -36.0000000000
748 -35.0000000000
771 -34.0000000000
779 -33.0000000000
782 -32.0000000000
801 -31.0000000000
804 -30.0000000000
807 -29.0000000000
812 -28.0000000000
815 -27.0000000000
823 -26.0000000000
835 -25.0000000000
840 -24.0000000000
855 -23.0000000000
856 -22.0000000000
862 -21.0000000000
867 -20.0000000000
869 -19.0000000000
874 -18.0000000000
891 -17.0000000000
893 -16.0000000000
930 -15.0000000000
962 -14.0000000000
984 -13.0000000000
1032 -12.0000000000
1049 -11.0000000000
1124 -10.0000000000
1136 -9.0000000000
1166 -8.0000000000
1216 -7.0000000000
1231 -6.0000000000
1278 -5.0000000000
1296 -4.0000000000
1339 -3.0000000000
1370 -2.0000000000
1384 -1.0000000000
1475 377.0000000000
10000 -1.0000000000
evaluations raw_y
1 -218.0000000000
5 -217.0000000000
6 -216.0000000000
8 -215.0000000000
9 -214.0000000000
11 -213.0000000000
12 -212.0000000000
15 -211.0000000000
19 -210.0000000000
20 -209.0000000000
23 -208.0000000000
24 -207.0000000000
26 -206.0000000000
32 -205.0000000000
33 -204.0000000000
34 -203.0000000000
35 -202.0000000000
36 -201.0000000000
42 -200.0000000000
43 -199.0000000000
47 -198.0000000000
50 -197.0000000000
52 -196.0000000000
53 -195.0000000000
55 -194.0000000000
59 -193.0000000000
61 -192.0000000000
66 -191.0000000000
67 -190.0000000000
68 -189.0000000000
71 -188.0000000000
72 -187.0000000000
73 -186.0000000000
75 -185.0000000000
76 -184.0000000000
78 -183.0000000000
80 -182.0000000000
84 -181.0000000000
85 -180.0000000000
86 -179.0000000000
89 -178.0000000000
96 -177.0000000000
97 -176.0000000000
99 -175.0000000000
100 -174.0000000000
101 -173.0000000000
108 -172.0000000000
113 -171.0000000000
114 -170.0000000000
115 -169.0000000000
117 -168.0000000000
119 -167.0000000000
122 -166.0000000000
124 -165.0000000000
125 -164.0000000000
126 -163.0000000000
128 -162.0000000000
133 -161.0000000000
135 -160.0000000000
141 -159.0000000000
145 -158.0000000000
148 -157.0000000000
159 -156.0000000000
163 -155.0000000000
168 -154.0000000000
169 -153.0000000000
172 -152.0000000000
176 -151.0000000000
179 -150.0000000000
182 -149.0000000000
185 -148.0000000000
190 -147.0000000000
191 -146.0000000000
198 -145.0000000000
201 -144.0000000000
203 -143.0000000000
205 -142.0000000000
208 -141.0000000000
211 -140.0000000000
213 -139.0000000000
214 -138.0000000000
215 -137.0000000000
218 -136.0000000000
221 -135.0000000000
224 -134.0000000000
225 -133.0000000000
229 -132.0000000000
233 -131.0000000000
239 -130.0000000000
243 -129.0000000000
245 -128.0000000000
247 -127.0000000000
248 -126.0000000000
252 -125.0000000000
253 -124.0000000000
256 -123.0000000000
257 -122.0000000000
258 -121.0000000000
261 -120.0000000000
264 -119.0000000000
265 -118.0000000000
270 -117.0000000000
273 -116.0000000000
275 -115.0000000000
286 -114.0000000000
291 -113.0000000000
292 -112.0000000000
293 -111.0000000000
297 -110.0000000000
303 -109.0000000000
308 -108.0000000000
310 -107.0000000000
312 -106.0000000000
313 -105.0000000000
316 -104.0000000000
317 -103.0000000000
319 -102.0000000000
322 -101.0000000000
324 -100.0000000000
326 -99.0000000000
329 -98.0000000000
330 -97.0000000000
333 -96.0000000000
337 -95.0000000000
342 -94.0000000000
347 -93.0000000000
348 -92.0000000000
354 -91.0000000000
359 -90.0000000000
367 -89.0000000000
369 -88.0000000000
375 -87.0000000000
387 -86.0000000000
388 -85.0000000000
401 -84.0000000000
403 -83.0000000000
406 -82.0000000000
411 -81.0000000000
413 -80.0000000000
427 -79.0000000000
432 -78.0000000000
446 -77.0000000000
457 -76.0000000000
465 -75.0000000000
466 -74.0000000000
468 -73.0000000000
474 -72.0000000000
477 -71.0000000000
489 -70.0000000000
495 -69.0000000000
512 -68.0000000000
524 -67.0000000000
526 -66.0000000000
531 -65.0000000000
536 -64.0000000000
543 -63.0000000000
547 -62.0000000000
548 -61.0000000000
552 -60.0000000000
559 -59.0000000000
571 -58.0000000000
575 -57.0000000000
598 -56.0000000000
612 -55.0000000000
614 -54.0000000000
627 -53.0000000000
628 -52.0000000000
639 -51.0000000000
644 -50.0000000000
670 -49.0000000000
675 -48.0000000000
679 -47.0000000000
687 -46.0000000000
698 -45.0000000000
699 -44.0000000000
701 -43.0000000000
703 -42.0000000000
755 -41.0000000000
769 -40.0000000000
778 -39.0000000000
794 -38.0000000000
795 -37.0000000000
805 -36.0000000000
822 -35.0000000000
829 -34.0000000000
832 -33.0000000000
835 -32.0000000000
867 -31.0000000000
873 -30.0000000000
926 -29.0000000000
934 -28.0000000000
941 -27.0000000000
972 -26.0000000000
995 -25.0000000000
1007 -24.0000000000
1013 -23.0000000000
1018 -22.0000000000
1104 -21.0000000000
1153 -20.0000000000
1158 -19.0000000000
1159 -18.0000000000
1160 -17.0000000000
1197 -16.0000000000
1207 -15.0000000000
1211 -14.0000000000
1223 -13.0000000000
1274 -12.0000000000
1278 -11.0000000000
1299 -10.0000000000
1327 -9.0000000000
1347 -8.0000000000
1361 -7.0000000000
1413 -6.0000000000
1414 -5.0000000000
1541 -4.0000000000
1573 -3.0000000000
1577 -2.0000000000
1592 -1.0000000000
1686 379.0000000000
10000 -1.0000000000
evaluations raw_y
1 -211.0000000000
4 -210.0000000000
5 -209.0000000000
7 -208.0000000000
8 -207.0000000000
9 -206.0000000000
11 -205.0000000000
15 -204.0000000000
16 -203.0000000000
17 -202.0000000000
19 -201.0000000000
22 -200.0000000000
23 -199.0000000000
29 -198.0000000000
30 -197.0000000000
32 -196.0000000000
34 -195.0000000000
35 -194.0000000000
36 -193.0000000000
38 -192.0000000000
39 -191.0000000000
40 -190.0000000000
43 -189.0000000000
45 -188.0000000000
46 -187.0000000000
48 -186.0000000000
51 -185.0000000000
57 -184.0000000000
60 -183.0000000000
61 -182.0000000000
63 -181.0000000000
64 -180.0000000000
65 -179.0000000000
69 -178.0000000000
72 -177.0000000000
74 -176.0000000000
76 -175.0000000000
77 -174.0000000000
78 -173.0000000000
80 -172.0000000000
81 -171.0000000000
83 -170.0000000000
93 -169.0000000000
94 -168.0000000000
95 -167.0000000000
99 -166.0000000000
100 -165.0000000000
101 -164.0000000000
104 -163.0000000000
105 -162.0000000000
106 -161.0000000000
108 -160.0000000000
110 -159.0000000000
113 -158.0000000000
114 -157.0000000000
115 -156.0000000000
117 -155.0000000000
122 -154.0000000000
123 -153.0000000000
125 -152.0000000000
129 -151.0000000000
131 -150.0000000000
133 -149.0000000000
134 -148.0000000000
139 -147.0000000000
145 -146.0000000000
146 -145.0000000000
153 -144.0000000000
154 -143.0000000000
155 -142.0000000000
161 -141.0000000000
163 -140.0000000000
164 -139.0000000000
167 -138.0000000000
169 -137.0000000000
172 -136.0000000000
174 -135.0000000000
175 -134.0000000000
176 -133.0000000000
178 -132.0000000000
193 -131.0000000000
196 -130.0000000000
203 -129.0000000000
204 -128.0000000000
205 -127.0000000000
208 -126.0000000000
210 -125.0000000000
214 -124.0000000000
215 -123.0000000000
220 -122.0000000000
223 -121.0000000000
225 -120.0000000000
227 -119.0000000000
236 -118.0000000000
239 -117.0000000000
241 -116.0000000000
245 -115.0000000000
247 -114.0000000000
248 -113.0000000000
251 -112.0000000000
256 -111.0000000000
264 -110.0000000000
271 -109.0000000000
279 -108.0000000000
280 -107.0000000000
282 -106.0000000000
297 -105.0000000000
302 -104.0000000000
306 -103.0000000000
310 -102.0000000000
317 -101.0000000000
321 -100.0000000000
322 -99.0000000000
327 -98.0000000000
329 -97.0000000000
334 -96.0000000000
336 -95.0000000000
340 -94.0000000000
341 -93.0000000000
348 -92.0000000000
352 -91.0000000000
358 -90.0000000000
362 -89.0000000000
368 -88.0000000000
375 -87.0000000000
378 -86.0000000000
379 -85.0000000000
380 -84.0000000000
383 -83.0000000000
385 -82.0000000000
389 -81.0000000000
391 -80.0000000000
392 -79.0000000000
394 -78.0000000000
405 -77.0000000000
409 -76.0000000000
410 -75.0000000000
413 -74.0000000000
417 -73.0000000000
427 -72.0000000000
437 -71.0000000000
441 -70.0000000000
444 -69.0000000000
451 -68.0000000000
463 -67.0000000000
465 -66.0000000000
467 -65.0000000000
472 -64.0000000000
474 -63.0000000000
477 -62.0000000000
488 -61.0000000000
490 -60.0000000000
491 -59.0000000000
492 -58.0000000000
505 -57.0000000000
512 -56.0000000000
539 -55.0000000000
549 -54.0000000000
559 -53.0000000000
560 -52.0000000000
561 -51.0000000000
589 -50.0000000000
594 -49.0000000000
595 -48.0000000000
596 -47.0000000000
598 -46.0000000000
606 -45.0000000000
616 -44.0000000000
674 -43.0000000000
676 -42.0000000000
687 -41.0000000000
688 -40.0000000000
692 -39.0000000000
694 -38.0000000000
714 -37.0000000000
724 -36.0000000000
729 -35.0000000000
735 -34.0000000000
742 -33.0000000000
757 -32.0000000000
765 -31.0000000000
773 -30.0000000000
791 -29.0000000000
797 -28.0000000000
798 -27.0000000000
801 -26.0000000000
805 -25.0000000000
818 -24.0000000000
836 -23.0000000000
844 -22.0000000000
852 -21.0000000000
855 -20.0000000000
867 -19.0000000000
885 -18.0000000000
915 -17.0000000000
934 -16.0000000000
991 -15.0000000000
1028 -14.0000000000
1070 -13.0000000000
1075 -12.0000000000
1079 -11.0000000000
1231 -10.0000000000
1239 -9.0000000000
1243 -8.0000000000
1274 -7.0000000000
1320 -6.0000000000
1371 -5.0000000000
1386 -4.0000000000
1392 -3.0000000000
1437 -2.0000000000
1451 -1.0000000000
1488 365.0000000000
10000 -1.0000000000
evaluations raw_y
1 -211.0000000000
3 -210.0000000000
5 -209.0000000000
12 -208.0000000000
15 -207.0000000000
16 -206.0000000000
24 -205.0000000000
27 -204.0000000000
28 -203.0000000000
29 -202.0000000000
30 -201.0000000000
31 -200.0000000000
36 -199.0000000000
40 -198.0000000000
42 -197.0000000000
44 -196.0000000000
47 -195.0000000000
50 -194.0000000000
51 -193.0000000000
53 -192.0000000000
54 -191.0000000000
58 -190.0000000000
61 -189.0000000000
62 -188.0000000000
68 -187.0000000000
72 -186.0000000000
74 -185.0000000000
75 -184.0000000000
76 -183.0000000000
78 -182.0000000000
81 -181.0000000000
88 -180.0000000000
89 -179.0000000000
90 -178.0000000000
91 -177.0000000000
93 -176.0000000000
95 -175.0000000000
96 -174.0000000000
99 -173.0000000000
100 -172.0000000000
102 -171.0000000000
106 -170.0000000000
108 -169.0000000000
112 -168.0000000000
118 -167.0000000000
122 -166.0000000000
123 -165.0000000000
124 -164.0000000000
125 -163.0000000000
126 -162.0000000000
128 -161.0000000000
131 -160.0000000000
137 -159.0000000000
138 -158.0000000000
139 -157.0000000000
140 -156.0000000000
152 -155.0000000000
153 -154.0000000000
154 -153.0000000000
155 -152.0000000000
157 -151.0000000000
160 -150.0000000000
162 -149.0000000000
163 -148.0000000000
164 -147.0000000000
169 -146.0000000000
173 -145.0000000000
177 -144.0000000000
178 -143.0000000000
179 -142.0000000000
185 -141.0000000000
186 -140.0000000000
187 -139.0000000000
191 -138.0000000000
192 -137.0000000000
195 -136.0000000000
198 -135.0000000000
202 -134.0000000000
208 -133.0000000000
213 -132.0000000000
217 -131.0000000000
220 -130.0000000000
225 -129.0000000000
226 -128.0000000000
230 -127.0000000000
231 -126.0000000000
234 -125.0000000000
235 -124.0000000000
246 -123.0000000000
247 -122.0000000000
249 -121.0000000000
253 -120.0000000000
254 -119.0000000000
256 -118.0000000000
259 -117.0000000000
263 -116.0000000000
264 -115.0000000000
265 -114.0000000000
276 -113.0000000000
281 -112.0000000000
295 -111.0000000000
296 -110.0000000000
297 -109.0000000000
298 -108.0000000000
300 -107.0000000000
302 -106.0000000000
304 -105.0000000000
309 -104.0000000000
312 -103.0000000000
320 -102.0000000000
327 -101.0000000000
330 -100.0000000000
332 -99.0000000000
333 -98.0000000000
338 -97.0000000000
340 -96.0000000000
342 -95.0000000000
347 -94.0000000000
354 -93.0000000000
357 -92.0000000000
360 -91.0000000000
370 -90.0000000000
372 -89.0000000000
375 -88.0000000000
377 -87.0000000000
385 -86.0000000000
387 -85.0000000000
388 -84.0000000000
393 -83.0000000000
399 -82.0000000000
400 -81.0000000000
401 -80.0000000000
403 -79.0000000000
407 -78.0000000000
408 -77.0000000000
416 -76.0000000000
419 -75.0000000000
423 -74.0000000000
429 -73.0000000000
430 -72.0000000000
433 -71.0000000000
434 -70.0000000000
437 -69.0000000000
446 -68.0000000000
448 -67.0000000000
457 -66.0000000000
469 -65.0000000000
473 -64.0000000000
477 -63.0000000000
478 -62.0000000000
479 -61.0000000000
481 -60.0000000000
484 -59.0000000000
489 -58.0000000000
495 -57.0000000000
503 -56.0000000000
516 -55.0000000000
531 -54.0000000000
532 -53.0000000000
548 -52.0000000000
555 -51.0000000000
580 -50.0000000000
587 -49.0000000000
588 -48.0000000000
593 -47.0000000000
596 -46.0000000000
597 -45.0000000000
608 -44.0000000000
610 -43.0000000000
611 -42.0000000000
643 -41.0000000000
644 -40.0000000000
651 -39.0000000000
654 -38.0000000000
662 -37.0000000000
669 -36.0000000000
673 -35.0000000000
677 -34.0000000000
698 -33.0000000000
700 -32.0000000000
703 -31.0000000000
712 -30.0000000000
721 -29.0000000000
741 -28.0000000000
744 -27.0000000000
754 -26.0000000000
764 -25.0000000000
769 -24.0000000000
802 -23.0000000000
805 -22.0000000000
806 -21.0000000000
813 -20.0000000000
867 -19.0000000000
870 -18.0000000000
872 -17.0000000000
907 -16.0000000000
911 -15.0000000000
935 -14.0000000000
959 -13.0000000000
968 -12.0000000000
983 -11.0000000000
1018 -10.0000000000
1140 -9.0000000000
1173 -8.0000000000
1220 -7.0000000000
1238 -6.0000000000
1247 -5.0000000000
1271 -4.0000000000
1281 -3.0000000000
1294 -2.0000000000
1322 -1.0000000000
1387 373.0000000000
10000 -1.0000000000
evaluations raw_y
1 -213.0000000000
2 -212.0000000000
3 -211.0000000000
4 -210.0000000000
5 -209.0000000000
9 -208.0000000000
11 -207.0000000000
12 -206.0000000000
13 -205.0000000000
16 -204.0000000000
18 -203.0000000000
20 -202.0000000000
22 -201.0000000000
23 -200.0000000000
24 -199.0000000000
27 -198.0000000000
28 -197.0000000000
31 -196.0000000000
33 -195.0000000000
35 -194.0000000000
36 -193.0000000000
37 -192.0000000000
38 -191.0000000000
39 -190.0000000000
40 -189.0000000000
46 -188.0000000000
47 -187.0000000000
48 -186.0000000000
49 -185.0000000000
52 -184.0000000000
53 -183.0000000000
57 -182.0000000000
58 -181.0000000000
60 -180.0000000000
66 -179.0000000000
69 -178.0000000000
71 -177.0000000000
72 -176.0000000000
73 -175.0000000000
74 -174.0000000000
75 -173.0000000000
76 -172.0000000000
79 -171.0000000000
81 -170.0000000000
82 -169.0000000000
83 -168.0000000000
88 -167.0000000000
90 -166.0000000000
93 -165.0000000000
96 -164.0000000000
98 -163.0000000000
99 -162.0000000000
101 -161.0000000000
102 -160.0000000000
104 -159.0000000000
106 -158.0000000000
115 -157.0000000000
118 -156.0000000000
120 -155.0000000000
121 -154.0000000000
123 -153.0000000000
124 -152.0000000000
128 -151.0000000000
132 -150.0000000000
136 -149.0000000000
137 -148.0000000000
142 -147.0000000000
143 -146.0000000000
145 -145.0000000000
147 -144.0000000000
156 -143.0000000000
158 -142.0000000000
159 -141.0000000000
160 -140.0000000000
161 -139.0000000000
162 -138.0000000000
163 -137.0000000000
167 -136.0000000000
168 -135.0000000000
172 -134.0000000000
173 -133.0000000000
181 -132.0000000000
183 -131.0000000000
184 -130.0000000000
187 -129.0000000000
190 -128.0000000000
191 -127.0000000000
193 -126.0000000000
196 -125.0000000000
197 -124.0000000000
200 -123.0000000000
201 -122.0000000000
202 -121.0000000000
203 -120.0000000000
204 -119.0000000000
206 -118.0000000000
210 -117.0000000000
212 -116.0000000000
216 -115.0000000000
219 -114.0000000000
223 -113.0000000000
224 -112.0000000000
228 -111.0000000000
236 -110.0000000000
239 -109.0000000000
241 -108.0000000000
242 -107.0000000000
245 -106.0000000000
247 -105.0000000000
250 -104.0000000000
252 -103.0000000000
253 -102.0000000000
258 -101.0000000000
262 -100.0000000000
265 -99.0000000000
267 -98.0000000000
268 -97.0000000000
270 -96.0000000000
272 -95.0000000000
273 -94.0000000000
279 -93.0000000000
285 -92.0000000000
288 -91.0000000000
289 -90.0000000000
304 -89.0000000000
305 -88.0000000000
312 -87.0000000000
319 -86.0000000000
320 -85.0000000000
325 -84.0000000000
326 -83.0000000000
327 -82.0000000000
330 -81.0000000000
339 -80.0000000000
340 -79.0000000000
351 -78.0000000000
353 -77.0000000000
360 -76.0000000000
363 -75.0000000000
367 -74.0000000000
369 -73.0000000000
371 -72.0000000000
373 -71.0000000000
374 -70.0000000000
375 -69.0000000000
385 -68.0000000000
390 -67.0000000000
396 -66.0000000000
400 -65.0000000000
406 -64.0000000000
409 -63.0000000000
411 -62.0000000000
418 -61.0000000000
421 -60.0000000000
423 -59.0000000000
438 -58.0000000000
445 -57.0000000000
456 -56.0000000000
461 -55.0000000000
471 -54.0000000000
482 -53.0000000000
497 -52.0000000000
502 -51.0000000000
525 -50.0000000000
529 -49.0000000000
539 -48.0000000000
542 -47.0000000000
558 -46.0000000000
560 -45.0000000000
562 -44.0000000000
563 -43.0000000000
567 -42.0000000000
571 -41.0000000000
582 -40.0000000000
583 -39.0000000000
584 -38.0000000000
599 -37.0000000000
600 -36.0000000000
609 -35.0000000000
620 -34.0000000000
621 -33.0000000000
629 -32.0000000000
631 -31.0000000000
638 -30.0000000000
646 -29.0000000000
652 -28.0000000000
656 -27.0000000000
663 -26.0000000000
665 -25.0000000000
672 -24.0000000000
695 -23.0000000000
702 -22.0000000000
703 -21.0000000000
708 -20.0000000000
725 -19.0000000000
736 -18.0000000000
749 -17.0000000000
757 -16.0000000000
764 -15.0000000000
768 -14.0000000000
778 -13.0000000000
830 -12.0000000000
832 -11.0000000000
855 -10.0000000000
872 -9.0000000000
879 -8.0000000000
897 -7.0000000000
901 -6.0000000000
933 -5.0000000000
934 -4.0000000000
981 -3.0000000000
984 -2.0000000000
1016 -1.0000000000
1050 357.0000000000
10000 -1.0000000000
evaluations raw_y
1 -215.0000000000
2 -214.0000000000
3 -213.0000000000
4 -212.0000000000
6 -211.0000000000
12 -210.0000000000
13 -209.0000000000
15 -208.0000000000
16 -207.0000000000
18 -206.0000000000
19 -205.0000000000
22 -204.0000000000
25 -203.0000000000
27 -202.0000000000
28 -201.0000000000
32 -200.0000000000
36 -199.0000000000
40 -198.0000000000
42 -197.0000000000
45 -196.0000000000
46 -195.0000000000
48 -194.0000000000
49 -193.0000000000
50 -192.0000000000
51 -191.0000000000
54 -190.0000000000
55 -189.0000000000
57 -188.0000000000
60 -187.0000000000
62 -186.0000000000
63 -185.0000000000
66 -184.0000000000
68 -183.0000000000
69 -182.0000000000
76 -181.0000000000
82 -180.0000000000
83 -179.0000000000
84 -178.0000000000
85 -177.0000000000
86 -176.0000000000
90 -175.0000000000
92 -174.0000000000
94 -173.0000000000
96 -172.0000000000
97 -171.0000000000
99 -170.0000000000
100 -169.0000000000
102 -168.0000000000
105 -167.0000000000
107 -166.0000000000
109 -165.0000000000
113 -164.0000000000
115 -163.0000000000
119 -162.0000000000
127 -161.0000000000
129 -160.0000000000
133 -159.0000000000
134 -158.0000000000
148 -157.0000000000
151 -156.0000000000
152 -155.0000000000
153 -154.0000000000
154 -153.0000000000
155 -152.0000000000
158 -151.0000000000
166 -150.0000000000
167 -149.0000000000
170 -148.0000000000
175 -147.0000000000
176 -146.0000000000
178 -145.0000000000
183 -144.0000000000
189 -143.0000000000
190 -142.0000000000
191 -141.0000000000
195 -140.0000000000
197 -139.0000000000
198 -138.0000000000
201 -137.0000000000
205 -136.0000000000
207 -135.0000000000
216 -134.0000000000
217 -133.0000000000
218 -132.0000000000
223 -131.0000000000
226 -130.0000000000
227 -129.0000000000
231 -128.0000000000
237 -127.0000000000
241 -126.0000000000
247 -125.0000000000
249 -124.0000000000
251 -123.0000000000
255 -122.0000000000
258 -121.0000000000
260 -120.0000000000
261 -119.0000000000
264 -118.0000000000
270 -117.0000000000
272 -116.0000000000
273 -115.0000000000
275 -114.0000000000
276 -113.0000000000
278 -112.0000000000
283 -111.0000000000
284 -110.0000000000
285 -109.0000000000
286 -108.0000000000
290 -107.0000000000
292 -106.0000000000
293 -105.0000000000
299 -104.0000000000
300 -103.0000000000
301 -102.0000000000
302 -101.0000000000
307 -100.0000000000
310 -99.0000000000
314 -98.0000000000
326 -97.0000000000
338 -96.0000000000
344 -95.0000000000
349 -94.0000000000
353 -93.0000000000
361 -92.0000000000
363 -91.0000000000
371 -90.0000000000
372 -89.0000000000
374 -88.0000000000
377 -87.0000000000
389 -86.0000000000
395 -85.0000000000
398 -84.0000000000
402 -83.0000000000
409 -82.0000000000
412 -81.0000000000
419 -80.0000000000
420 -79.0000000000
422 -78.0000000000
430 -77.0000000000
432 -76.0000000000
439 -75.0000000000
445 -74.0000000000
447 -73.0000000000
448 -72.0000000000
449 -71.0000000000
452 -70.0000000000
457 -69.0000000000
463 -68.0000000000
464 -67.0000000000
477 -66.0000000000
488 -65.0000000000
490 -64.0000000000
491 -63.0000000000
500 -62.0000000000
505 -61.0000000000
511 -60.0000000000
517 -59.0000000000
519 -58.0000000000
523 -57.0000000000
543 -56.0000000000
544 -55.0000000000
547 -54.0000000000
548 -53.0000000000
551 -52.0000000000
556 -51.0000000000
560 -50.0000000000
564 -49.0000000000
587 -48.0000000000
612 -47.0000000000
617 -46.0000000000
627 -45.0000000000
635 -44.0000000000
649 -43.0000000000
654 -42.0000000000
656 -41.0000000000
679 -40.0000000000
682 -39.0000000000
702 -38.0000000000
715 -37.0000000000
716 -36.0000000000
719 -35.0000000000
721 -34.0000000000
745 -33.0000000000
747 -32.0000000000
761 -31.0000000000
764 -30.0000000000
766 -29.0000000000
772 -28.0000000000
776 -27.0000000000
786 -26.0000000000
795 -25.0000000000
798 -24.0000000000
810 -23.0000000000
816 -22.0000000000
819 -21.0000000000
826 -20.0000000000
828 -19.0000000000
857 -18.0000000000
858 -17.0000000000
878 -16.0000000000
881 -15.0000000000
882 -14.0000000000
883 -13.0000000000
885 -12.0000000000
895 -11.0000000000
918 -10.0000000000
921 -9.0000000000
928 -8.0000000000
931 -7.0000000000
952 -6.0000000000
981 -5.0000000000
1012 -4.0000000000
1015 -3.0000000000
1084 -2.0000000000
1129 -1.0000000000
1139 391.0000000000
10000 -1.0000000000
evaluations raw_y
1 -217.0000000000
2 -216.0000000000
8 -215.0000000000
9 -214.0000000000
11 -213.0000000000
16 -212.0000000000
19 -211.0000000000
21 -210.0000000000
22 -209.0000000000
23 -208.0000000000
25 -207.0000000000
26 -206.0000000000
27 -205.0000000000
30 -204.0000000000
33 -203.0000000000
35 -202.0000000000
41 -201.0000000000
42 -200.0000000000
44 -199.0000000000
47 -198.0000000000
48 -197.0000000000
49 -196.0000000000
53 -195.0000000000
60 -194.0000000000
62 -193.0000000000
63 -192.0000000000
64 -191.0000000000
66 -190.0000000000
68 -189.0000000000
73 -188.0000000000
76 -187.0000000000
77 -186.0000000000
80 -185.0000000000
81 -184.0000000000
82 -183.0000000000
88 -182.0000000000
89 -181.0000000000
90 -180.0000000000
93 -179.0000000000
94 -178.0000000000
96 -177.0000000000
98 -176.0000000000
99 -175.0000000000
101 -174.0000000000
102 -173.0000000000
105 -172.0000000000
107 -171.0000000000
117 -170.0000000000
118 -169.0000000000
121 -168.0000000000
124 -167.0000000000
125 -166.0000000000
127 -165.0000000000
128 -164.0000000000
130 -163.0000000000
137 -162.0000000000
138 -161.0000000000
141 -160.0000000000
146 -159.0000000000
147 -158.0000000000
153 -157.0000000000
155 -156.0000000000
163 -155.0000000000
164 -154.0000000000
165 -153.0000000000
166 -152.0000000000
167 -151.0000000000
171 -150.0000000000
172 -149.0000000000
174 -148.0000000000
179 -147.0000000000
180 -146.0000000000
181 -145.0000000000
184 -144.0000000000
188 -143.0000000000
199 -142.0000000000
200 -141.0000000000
201 -140.0000000000
208 -139.0000000000
209 -138.0000000000
213 -137.0000000000
214 -136.0000000000
216 -135.0000000000
220 -134.0000000000
222 -133.0000000000
223 -132.0000000000
226 -131.0000000000
233 -130.0000000000
235 -129.0000000000
236 -128.0000000000
239 -127.0000000000
248 -126.0000000000
249 -125.0000000000
253 -124.0000000000
257 -123.0000000000
263 -122.0000000000
264 -121.0000000000
265 -120.0000000000
269 -119.0000000000
270 -118.0000000000
275 -117.0000000000
277 -116.0000000000
280 -115.0000000000
281 -114.0000000000
285 -113.0000000000
289 -112.0000000000
295 -111.0000000000
302 -110.0000000000
308 -109.0000000000
312 -108.0000000000
313 -107.0000000000
316 -106.0000000000
318 -105.0000000000
319 -104.0000000000
321 -103.0000000000
329 -102.0000000000
330 -101.0000000000
331 -100.0000000000
334 -99.0000000000
337 -98.0000000000
341 -97.0000000000
347 -96.0000000000
349 -95.0000000000
351 -94.0000000000
355 -93.0000000000
359 -92.0000000000
370 -91.0000000000
371 -90.0000000000
372 -89.0000000000
374 -88.0000000000
375 -87.0000000000
376 -86.0000000000
383 -85.0000000000
388 -84.0000000000
394 -83.0000000000
395 -82.0000000000
412 -81.0000000000
417 -80.0000000000
422 -79.0000000000
431 -78.0000000000
433 -77.0000000000
443 -76.0000000000
446 -75.0000000000
451 -74.0000000000
457 -73.0000000000
462 -72.0000000000
467 -71.0000000000
474 -70.0000000000
476 -69.0000000000
492 -68.0000000000
495 -67.0000000000
501 -66.0000000000
505 -65.0000000000
510 -64.0000000000
511 -63.0000000000
512 -62.0000000000
516 -61.0000000000
519 -60.0000000000
536 -59.0000000000
540 -58.0000000000
542 -57.0000000000
556 -56.0000000000
560 -55.0000000000
569 -54.0000000000
577 -53.0000000000
580 -52.0000000000
583 -51.0000000000
604 -50.0000000000
612 -49.0000000000
613 -48.0000000000
614 -47.0000000000
618 -46.0000000000
621 -45.0000000000
622 -44.0000000000
636 -43.0000000000
639 -42.0000000000
649 -41.0000000000
660 -40.0000000000
661 -39.0000000000
663 -38.0000000000
671 -37.0000000000
686 -36.0000000000
699 -35.0000000000
704 -34.0000000000
717 -33.0000000000
721 -32.0000000000
724 -31.0000000000
737 -30.0000000000
752 -29.0000000000
777 -28.0000000000
780 -27.0000000000
795 -26.0000000000
815 -25.0000000000
818 -24.0000000000
821 -23.0000000000
823 -22.0000000000
843 -21.0000000000
858 -20.0000000000
865 -19.0000000000
868 -18.0000000000
886 -17.0000000000
914 -16.0000000000
936 -15.0000000000
946 -14.0000000000
951 -13.0000000000
962 -12.0000000000
1011 -11.0000000000
1042 -10.0000000000
1077 -9.0000000000
1117 -8.0000000000
1207 -7.0000000000
1213 -6.0000000000
1234 -5.0000000000
1252 -4.0000000000
1253 -3.0000000000
1324 -2.0000000000
1353 -1.0000000000
1382 396.0000000000
10000 -1.0000000000
