evaluations raw_y
1 -394.0000000000
2 -362.0000000000
3 -353.0000000000
26 -352.0000000000
45 -344.0000000000
54 -341.0000000000
72 -340.0000000000
88 -338.0000000000
97 -336.0000000000
99 -329.0000000000
110 -327.0000000000
132 -325.0000000000
149 -320.0000000000
153 -316.0000000000
162 -312.0000000000
194 -305.0000000000
196 -298.0000000000
224 -297.0000000000
233 -296.0000000000
244 -291.0000000000
247 -290.0000000000
282 -289.0000000000
290 -286.0000000000
292 -283.0000000000
309 -278.0000000000
323 -276.0000000000
325 -272.0000000000
381 -263.0000000000
387 -254.0000000000
450 -252.0000000000
480 -251.0000000000
494 -249.0000000000
502 -248.0000000000
520 -242.0000000000
536 -241.0000000000
539 -240.0000000000
542 -238.0000000000
550 -237.0000000000
572 -236.0000000000
584 -231.0000000000
587 -230.0000000000
639 -229.0000000000
642 -225.0000000000
664 -224.0000000000
688 -218.0000000000
702 -216.0000000000
729 -215.0000000000
737 -211.0000000000
743 -210.0000000000
753 -209.0000000000
762 -207.0000000000
804 -204.0000000000
814 -197.0000000000
869 -194.0000000000
887 -186.0000000000
936 -185.0000000000
952 -182.0000000000
971 -179.0000000000
1020 -178.0000000000
1025 -177.0000000000
1029 -176.0000000000
1056 -175.0000000000
1066 -173.0000000000
1090 -172.0000000000
1104 -171.0000000000
1125 -170.0000000000
1130 -169.0000000000
1141 -167.0000000000
1205 -166.0000000000
1218 -164.0000000000
1245 -163.0000000000
1249 -161.0000000000
1289 -159.0000000000
1305 -157.0000000000
1347 -156.0000000000
1349 -155.0000000000
1370 -151.0000000000
1443 -149.0000000000
1461 -148.0000000000
1521 -147.0000000000
1531 -146.0000000000
1560 -144.0000000000
1567 -142.0000000000
1609 -140.0000000000
1655 -139.0000000000
1690 -138.0000000000
1694 -137.0000000000
1742 -136.0000000000
1759 -135.0000000000
1777 -132.0000000000
1798 -131.0000000000
1835 -130.0000000000
1858 -129.0000000000
1885 -127.0000000000
1947 -126.0000000000
1978 -125.0000000000
2018 -123.0000000000
2056 -122.0000000000
2061 -119.0000000000
2115 -118.0000000000
2154 -117.0000000000
2162 -114.0000000000
2183 -113.0000000000
2227 -112.0000000000
2258 -108.0000000000
2361 -107.0000000000
2372 -106.0000000000
2403 -102.0000000000
2463 -101.0000000000
2493 -98.0000000000
2570 -97.0000000000
2623 -96.0000000000
2649 -95.0000000000
2687 -93.0000000000
2735 -92.0000000000
2781 -89.0000000000
2864 -88.0000000000
2881 -87.0000000000
2946 -86.0000000000
2960 -85.0000000000
2991 -84.0000000000
3001 -80.0000000000
3071 -79.0000000000
3096 -78.0000000000
3168 -77.0000000000
3211 -75.0000000000
3261 -74.0000000000
3285 -73.0000000000
3370 -72.0000000000
3424 -71.0000000000
3460 -70.0000000000
3488 -69.0000000000
3565 -68.0000000000
3626 -67.0000000000
3646 -66.0000000000
3693 -65.0000000000
3754 -64.0000000000
3767 -63.0000000000
3790 -62.0000000000
3841 -61.0000000000
3868 -60.0000000000
3905 -59.0000000000
4008 -57.0000000000
4073 -56.0000000000
4082 -55.0000000000
4210 -54.0000000000
4272 -53.0000000000
4331 -52.0000000000
4363 -51.0000000000
4420 -50.0000000000
4494 -49.0000000000
4524 -48.0000000000
4548 -46.0000000000
4629 -43.0000000000
4715 -42.0000000000
4872 -41.0000000000
4880 -40.0000000000
4975 -39.0000000000
5026 -37.0000000000
5082 -36.0000000000
5108 -34.0000000000
5169 -33.0000000000
5313 -31.0000000000
5364 -30.0000000000
5401 -29.0000000000
5461 -28.0000000000
5515 -27.0000000000
5549 -26.0000000000
5624 -25.0000000000
5638 -24.0000000000
5698 -23.0000000000
5723 -22.0000000000
5797 -21.0000000000
5874 -20.0000000000
5960 -19.0000000000
6071 -18.0000000000
6114 -17.0000000000
6132 -16.0000000000
6232 -15.0000000000
6354 -14.0000000000
6561 -13.0000000000
6634 -12.0000000000
6683 -11.0000000000
6789 -10.0000000000
6854 -9.0000000000
6941 -8.0000000000
6951 -7.0000000000
6978 -6.0000000000
7075 -5.0000000000
7101 -3.0000000000
7215 -2.0000000000
7282 -1.0000000000
7380 596.0000000000
7485 597.0000000000
7507 617.0000000000
7593 619.0000000000
7625 625.0000000000
8433 638.0000000000
8689 642.0000000000
9405 647.0000000000
9679 657.0000000000
9696 658.0000000000
9730 659.0000000000
11656 661.0000000000
11955 666.0000000000
15610 669.0000000000
15709 670.0000000000
22736 671.0000000000
25679 680.0000000000
37033 681.0000000000
49739 683.0000000000
57758 684.0000000000
76474 685.0000000000
80337 690.0000000000
94328 691.0000000000
94503 692.0000000000
100000 -1.0000000000
evaluations raw_y
1 -380.0000000000
2 -367.0000000000
4 -360.0000000000
6 -355.0000000000
9 -353.0000000000
15 -349.0000000000
49 -346.0000000000
59 -339.0000000000
65 -337.0000000000
66 -336.0000000000
90 -323.0000000000
103 -321.0000000000
139 -318.0000000000
142 -314.0000000000
145 -311.0000000000
178 -306.0000000000
182 -301.0000000000
187 -298.0000000000
226 -293.0000000000
229 -291.0000000000
236 -280.0000000000
260 -275.0000000000
296 -273.0000000000
315 -268.0000000000
339 -267.0000000000
348 -259.0000000000
362 -257.0000000000
363 -255.0000000000
388 -254.0000000000
389 -249.0000000000
409 -248.0000000000
429 -243.0000000000
443 -240.0000000000
456 -235.0000000000
483 -229.0000000000
503 -227.0000000000
520 -225.0000000000
523 -224.0000000000
545 -222.0000000000
557 -221.0000000000
568 -219.0000000000
582 -214.0000000000
594 -213.0000000000
645 -212.0000000000
646 -208.0000000000
688 -206.0000000000
725 -200.0000000000
751 -197.0000000000
767 -196.0000000000
788 -194.0000000000
825 -193.0000000000
830 -191.0000000000
836 -190.0000000000
843 -184.0000000000
942 -183.0000000000
945 -180.0000000000
961 -178.0000000000
981 -176.0000000000
1003 -175.0000000000
1042 -173.0000000000
1062 -171.0000000000
1068 -169.0000000000
1135 -168.0000000000
1166 -167.0000000000
1170 -165.0000000000
1178 -163.0000000000
1199 -161.0000000000
1273 -160.0000000000
1312 -159.0000000000
1326 -158.0000000000
1330 -156.0000000000
1352 -155.0000000000
1369 -154.0000000000
1420 -153.0000000000
1440 -152.0000000000
1441 -151.0000000000
1472 -150.0000000000
1492 -148.0000000000
1522 -147.0000000000
1568 -145.0000000000
1601 -143.0000000000
1632 -142.0000000000
1668 -141.0000000000
1686 -139.0000000000
1734 -138.0000000000
1739 -136.0000000000
1785 -135.0000000000
1796 -134.0000000000
1850 -132.0000000000
1867 -130.0000000000
1909 -129.0000000000
1957 -128.0000000000
1972 -127.0000000000
1981 -126.0000000000
2059 -125.0000000000
2074 -123.0000000000
2102 -122.0000000000
2129 -121.0000000000
2163 -120.0000000000
2187 -118.0000000000
2255 -116.0000000000
2266 -115.0000000000
2303 -114.0000000000
2312 -113.0000000000
2353 -112.0000000000
2374 -111.0000000000
2392 -109.0000000000
2427 -107.0000000000
2525 -105.0000000000
2583 -104.0000000000
2646 -103.0000000000
2698 -102.0000000000
2712 -100.0000000000
2770 -99.0000000000
2798 -98.0000000000
2860 -97.0000000000
2871 -96.0000000000
2882 -95.0000000000
2942 -94.0000000000
2945 -93.0000000000
3003 -92.0000000000
3013 -91.0000000000
3035 -90.0000000000
3074 -89.0000000000
3086 -88.0000000000
3125 -86.0000000000
3181 -85.0000000000
3208 -83.0000000000
3241 -82.0000000000
3318 -81.0000000000
3338 -80.0000000000
3342 -79.0000000000
3434 -78.0000000000
3439 -77.0000000000
3494 -76.0000000000
3524 -75.0000000000
3579 -74.0000000000
3652 -73.0000000000
3654 -71.0000000000
3738 -68.0000000000
3833 -66.0000000000
3866 -65.0000000000
3937 -64.0000000000
3974 -63.0000000000
3996 -62.0000000000
4027 -61.0000000000
4034 -60.0000000000
4093 -58.0000000000
4130 -56.0000000000
4176 -55.0000000000
4245 -54.0000000000
4258 -52.0000000000
4300 -51.0000000000
4333 -50.0000000000
4390 -48.0000000000
4433 -47.0000000000
4466 -45.0000000000
4562 -44.0000000000
4618 -43.0000000000
4661 -42.0000000000
4705 -40.0000000000
4775 -39.0000000000
4783 -38.0000000000
4836 -37.0000000000
4881 -36.0000000000
4887 -35.0000000000
4927 -34.0000000000
5006 -33.0000000000
5076 -32.0000000000
5116 -31.0000000000
5152 -30.0000000000
5263 -29.0000000000
5267 -28.0000000000
5305 -27.0000000000
5347 -26.0000000000
5417 -25.0000000000
5486 -24.0000000000
5521 -23.0000000000
5581 -22.0000000000
5710 -21.0000000000
5770 -20.0000000000
5819 -19.0000000000
5898 -18.0000000000
5978 -17.0000000000
5979 -16.0000000000
6096 -15.0000000000
6190 -14.0000000000
6299 -13.0000000000
6417 -12.0000000000
6491 -11.0000000000
6555 -10.0000000000
6646 -9.0000000000
6670 -8.0000000000
6737 -7.0000000000
6793 -6.0000000000
7046 -5.0000000000
7238 -4.0000000000
7343 -3.0000000000
7595 -2.0000000000
7819 -1.0000000000
7838 545.0000000000
8073 567.0000000000
8220 572.0000000000
8230 574.0000000000
8431 581.0000000000
8461 589.0000000000
8507 600.0000000000
8766 601.0000000000
9010 605.0000000000
9119 613.0000000000
9351 615.0000000000
9488 618.0000000000
9542 619.0000000000
10695 624.0000000000
10701 633.0000000000
10827 636.0000000000
10885 647.0000000000
11099 654.0000000000
11193 656.0000000000
11215 660.0000000000
11218 661.0000000000
13394 667.0000000000
13454 671.0000000000
13625 674.0000000000
13991 676.0000000000
14136 678.0000000000
14412 680.0000000000
14431 682.0000000000
15174 684.0000000000
15601 685.0000000000
15962 687.0000000000
15986 688.0000000000
16109 689.0000000000
16156 693.0000000000
16176 695.0000000000
25462 696.0000000000
44781 697.0000000000
49684 699.0000000000
64243 701.0000000000
74249 705.0000000000
84362 708.0000000000
96175 709.0000000000
100000 -3.0000000000
evaluations raw_y
1 -336.0000000000
27 -331.0000000000
87 -328.0000000000
89 -320.0000000000
99 -319.0000000000
108 -317.0000000000
114 -310.0000000000
142 -295.0000000000
189 -294.0000000000
203 -293.0000000000
214 -292.0000000000
220 -289.0000000000
226 -283.0000000000
241 -282.0000000000
250 -281.0000000000
251 -271.0000000000
269 -270.0000000000
284 -265.0000000000
293 -263.0000000000
334 -249.0000000000
392 -245.0000000000
425 -242.0000000000
426 -241.0000000000
429 -240.0000000000
447 -239.0000000000
469 -237.0000000000
478 -233.0000000000
508 -231.0000000000
518 -229.0000000000
530 -227.0000000000
535 -224.0000000000
550 -223.0000000000
563 -221.0000000000
573 -218.0000000000
606 -216.0000000000
624 -209.0000000000
638 -206.0000000000
685 -201.0000000000
711 -198.0000000000
722 -193.0000000000
739 -190.0000000000
787 -186.0000000000
797 -182.0000000000
823 -179.0000000000
862 -178.0000000000
865 -177.0000000000
890 -174.0000000000
896 -172.0000000000
921 -171.0000000000
960 -164.0000000000
1031 -163.0000000000
1048 -161.0000000000
1064 -160.0000000000
1102 -159.0000000000
1117 -157.0000000000
1127 -156.0000000000
1132 -155.0000000000
1161 -154.0000000000
1206 -153.0000000000
1209 -151.0000000000
1239 -149.0000000000
1288 -148.0000000000
1296 -146.0000000000
1349 -145.0000000000
1353 -140.0000000000
1402 -139.0000000000
1429 -138.0000000000
1449 -137.0000000000
1458 -136.0000000000
1483 -135.0000000000
1533 -133.0000000000
1553 -132.0000000000
1564 -130.0000000000
1645 -129.0000000000
1676 -128.0000000000
1678 -126.0000000000
1735 -125.0000000000
1741 -124.0000000000
1751 -123.0000000000
1768 -122.0000000000
1820 -121.0000000000
1857 -120.0000000000
1867 -118.0000000000
1905 -117.0000000000
1925 -116.0000000000
1965 -115.0000000000
1990 -113.0000000000
1991 -111.0000000000
2018 -109.0000000000
2081 -108.0000000000
2129 -106.0000000000
2161 -105.0000000000
2183 -104.0000000000
2203 -103.0000000000
2233 -102.0000000000
2250 -101.0000000000
2264 -100.0000000000
2273 -99.0000000000
2285 -98.0000000000
2293 -96.0000000000
2410 -95.0000000000
2428 -94.0000000000
2446 -93.0000000000
2472 -91.0000000000
2548 -89.0000000000
2583 -86.0000000000
2645 -85.0000000000
2661 -84.0000000000
2700 -83.0000000000
2759 -82.0000000000
2799 -81.0000000000
2829 -80.0000000000
2841 -79.0000000000
2865 -78.0000000000
2883 -77.0000000000
2963 -76.0000000000
3001 -75.0000000000
3065 -74.0000000000
3098 -73.0000000000
3140 -72.0000000000
3185 -71.0000000000
3210 -70.0000000000
3236 -69.0000000000
3275 -68.0000000000
3310 -67.0000000000
3334 -66.0000000000
3374 -65.0000000000
3390 -64.0000000000
3451 -63.0000000000
3472 -62.0000000000
3484 -61.0000000000
3523 -60.0000000000
3544 -59.0000000000
3620 -57.0000000000
3685 -56.0000000000
3747 -55.0000000000
3775 -54.0000000000
3803 -53.0000000000
3864 -52.0000000000
3908 -51.0000000000
3978 -50.0000000000
3997 -49.0000000000
4052 -48.0000000000
4066 -47.0000000000
4082 -46.0000000000
4132 -44.0000000000
4274 -43.0000000000
4292 -42.0000000000
4361 -41.0000000000
4402 -40.0000000000
4457 -39.0000000000
4501 -38.0000000000
4603 -37.0000000000
4638 -36.0000000000
4641 -34.0000000000
4718 -33.0000000000
4769 -32.0000000000
4832 -31.0000000000
4886 -30.0000000000
4969 -29.0000000000
5008 -28.0000000000
5097 -27.0000000000
5149 -26.0000000000
5226 -25.0000000000
5244 -24.0000000000
5246 -23.0000000000
5313 -22.0000000000
5392 -21.0000000000
5505 -20.0000000000
5617 -19.0000000000
5679 -18.0000000000
5844 -16.0000000000
5944 -15.0000000000
6078 -14.0000000000
6122 -13.0000000000
6264 -12.0000000000
6431 -11.0000000000
6556 -10.0000000000
6641 -9.0000000000
6688 -8.0000000000
6841 -7.0000000000
6910 -6.0000000000
6980 -5.0000000000
7258 -4.0000000000
7424 -3.0000000000
7545 -2.0000000000
7613 -1.0000000000
7730 498.0000000000
7787 534.0000000000
7901 537.0000000000
7954 541.0000000000
7972 546.0000000000
7982 557.0000000000
8085 574.0000000000
8126 576.0000000000
8169 594.0000000000
8275 598.0000000000
8428 599.0000000000
8494 604.0000000000
8606 608.0000000000
8637 617.0000000000
10196 628.0000000000
12499 646.0000000000
12648 649.0000000000
12650 663.0000000000
19213 670.0000000000
19599 674.0000000000
21287 677.0000000000
21541 683.0000000000
35852 684.0000000000
39195 685.0000000000
39267 686.0000000000
39496 688.0000000000
43268 690.0000000000
43294 698.0000000000
48289 700.0000000000
100000 700.0000000000
evaluations raw_y
1 -379.0000000000
2 -350.0000000000
9 -341.0000000000
59 -331.0000000000
75 -329.0000000000
99 -324.0000000000
127 -320.0000000000
163 -318.0000000000
177 -310.0000000000
193 -308.0000000000
199 -307.0000000000
208 -298.0000000000
249 -296.0000000000
264 -293.0000000000
272 -292.0000000000
274 -289.0000000000
304 -288.0000000000
305 -285.0000000000
308 -281.0000000000
337 -276.0000000000
350 -268.0000000000
377 -266.0000000000
395 -263.0000000000
448 -258.0000000000
462 -257.0000000000
477 -253.0000000000
484 -251.0000000000
502 -247.0000000000
547 -245.0000000000
552 -241.0000000000
557 -236.0000000000
643 -231.0000000000
664 -228.0000000000
683 -225.0000000000
701 -221.0000000000
723 -219.0000000000
731 -218.0000000000
742 -217.0000000000
783 -216.0000000000
788 -212.0000000000
863 -211.0000000000
879 -210.0000000000
885 -209.0000000000
888 -208.0000000000
911 -207.0000000000
925 -202.0000000000
956 -201.0000000000
965 -193.0000000000
1048 -191.0000000000
1078 -190.0000000000
1120 -188.0000000000
1146 -186.0000000000
1194 -184.0000000000
1213 -183.0000000000
1224 -180.0000000000
1268 -178.0000000000
1331 -177.0000000000
1334 -175.0000000000
1352 -174.0000000000
1382 -172.0000000000
1406 -171.0000000000
1441 -169.0000000000
1472 -168.0000000000
1489 -166.0000000000
1512 -165.0000000000
1529 -164.0000000000
1575 -163.0000000000
1599 -162.0000000000
1640 -161.0000000000
1645 -159.0000000000
1665 -156.0000000000
1684 -155.0000000000
1761 -154.0000000000
1764 -153.0000000000
1809 -152.0000000000
1815 -151.0000000000
1845 -149.0000000000
1906 -148.0000000000
1954 -145.0000000000
2016 -144.0000000000
2027 -142.0000000000
2115 -141.0000000000
2121 -140.0000000000
2123 -138.0000000000
2188 -136.0000000000
2230 -135.0000000000
2280 -134.0000000000
2296 -133.0000000000
2346 -132.0000000000
2362 -131.0000000000
2427 -130.0000000000
2435 -127.0000000000
2502 -126.0000000000
2511 -125.0000000000
2523 -123.0000000000
2584 -122.0000000000
2602 -121.0000000000
2609 -119.0000000000
2635 -118.0000000000
2645 -117.0000000000
2703 -116.0000000000
2739 -114.0000000000
2765 -113.0000000000
2779 -112.0000000000
2785 -111.0000000000
2851 -109.0000000000
2881 -108.0000000000
2924 -106.0000000000
2958 -105.0000000000
3014 -104.0000000000
3028 -103.0000000000
3071 -102.0000000000
3106 -100.0000000000
3161 -98.0000000000
3222 -97.0000000000
3255 -96.0000000000
3267 -93.0000000000
3365 -91.0000000000
3436 -90.0000000000
3440 -89.0000000000
3474 -88.0000000000
3518 -87.0000000000
3520 -84.0000000000
3538 -83.0000000000
3555 -80.0000000000
3646 -79.0000000000
3661 -78.0000000000
3688 -77.0000000000
3744 -75.0000000000
3794 -74.0000000000
3863 -72.0000000000
3928 -71.0000000000
3981 -70.0000000000
4029 -69.0000000000
4080 -67.0000000000
4190 -66.0000000000
4192 -65.0000000000
4281 -64.0000000000
4313 -63.0000000000
4317 -62.0000000000
4337 -61.0000000000
4411 -60.0000000000
4419 -59.0000000000
4452 -58.0000000000
4514 -57.0000000000
4526 -55.0000000000
4586 -54.0000000000
4654 -53.0000000000
4682 -50.0000000000
4787 -49.0000000000
4871 -48.0000000000
4919 -47.0000000000
4987 -46.0000000000
5027 -44.0000000000
5150 -43.0000000000
5199 -42.0000000000
5206 -41.0000000000
5245 -40.0000000000
5303 -38.0000000000
5400 -37.0000000000
5446 -36.0000000000
5487 -35.0000000000
5564 -34.0000000000
5610 -33.0000000000
5656 -32.0000000000
5718 -31.0000000000
5761 -30.0000000000
5806 -28.0000000000
5883 -27.0000000000
5886 -26.0000000000
5944 -25.0000000000
6001 -23.0000000000
6130 -22.0000000000
6160 -21.0000000000
6237 -20.0000000000
6300 -19.0000000000
6350 -18.0000000000
6450 -17.0000000000
6456 -16.0000000000
6619 -15.0000000000
6733 -14.0000000000
6948 -13.0000000000
7023 -12.0000000000
7114 -11.0000000000
7222 -10.0000000000
7311 -9.0000000000
7391 -8.0000000000
7447 -7.0000000000
7603 -6.0000000000
7745 -5.0000000000
7812 -4.0000000000
8126 -3.0000000000
8250 -2.0000000000
8447 -1.0000000000
8854 602.0000000000
10083 607.0000000000
10107 608.0000000000
10253 638.0000000000
10469 639.0000000000
10690 640.0000000000
10703 646.0000000000
11025 647.0000000000
11104 656.0000000000
11431 660.0000000000
11520 661.0000000000
11602 664.0000000000
11710 669.0000000000
11899 670.0000000000
11909 672.0000000000
11964 676.0000000000
14860 685.0000000000
25378 686.0000000000
38055 690.0000000000
47323 692.0000000000
47490 694.0000000000
57961 695.0000000000
100000 -2.0000000000
evaluations raw_y
1 -388.0000000000
2 -356.0000000000
6 -349.0000000000
7 -345.0000000000
44 -336.0000000000
78 -334.0000000000
82 -332.0000000000
107 -331.0000000000
114 -329.0000000000
120 -320.0000000000
127 -317.0000000000
175 -312.0000000000
181 -311.0000000000
188 -304.0000000000
202 -303.0000000000
212 -302.0000000000
242 -301.0000000000
243 -298.0000000000
254 -294.0000000000
265 -286.0000000000
287 -282.0000000000
317 -281.0000000000
324 -277.0000000000
343 -273.0000000000
365 -270.0000000000
416 -266.0000000000
420 -264.0000000000
421 -262.0000000000
448 -261.0000000000
450 -260.0000000000
461 -259.0000000000
463 -258.0000000000
464 -257.0000000000
482 -256.0000000000
491 -251.0000000000
509 -248.0000000000
514 -246.0000000000
548 -245.0000000000
551 -244.0000000000
580 -242.0000000000
609 -240.0000000000
619 -237.0000000000
648 -236.0000000000
650 -234.0000000000
652 -230.0000000000
690 -227.0000000000
720 -225.0000000000
725 -220.0000000000
794 -219.0000000000
804 -215.0000000000
826 -212.0000000000
848 -210.0000000000
896 -209.0000000000
905 -207.0000000000
926 -205.0000000000
946 -204.0000000000
969 -202.0000000000
981 -200.0000000000
987 -197.0000000000
1020 -194.0000000000
1070 -193.0000000000
1073 -192.0000000000
1106 -191.0000000000
1124 -190.0000000000
1133 -188.0000000000
1194 -187.0000000000
1202 -186.0000000000
1226 -185.0000000000
1242 -184.0000000000
1247 -183.0000000000
1267 -182.0000000000
1291 -181.0000000000
1305 -180.0000000000
1312 -179.0000000000
1353 -178.0000000000
1395 -177.0000000000
1396 -175.0000000000
1412 -172.0000000000
1468 -171.0000000000
1481 -170.0000000000
1521 -169.0000000000
1522 -165.0000000000
1590 -163.0000000000
1639 -160.0000000000
1697 -158.0000000000
1737 -157.0000000000
1740 -156.0000000000
1785 -154.0000000000
1796 -153.0000000000
1798 -152.0000000000
1847 -151.0000000000
1863 -150.0000000000
1881 -149.0000000000
1891 -148.0000000000
1957 -147.0000000000
1971 -146.0000000000
1980 -145.0000000000
2011 -144.0000000000
2024 -142.0000000000
2042 -141.0000000000
2080 -140.0000000000
2100 -139.0000000000
2114 -138.0000000000
2126 -135.0000000000
2171 -133.0000000000
2230 -132.0000000000
2234 -131.0000000000
2253 -129.0000000000
2321 -128.0000000000
2322 -125.0000000000
2421 -124.0000000000
2454 -123.0000000000
2485 -121.0000000000
2507 -120.0000000000
2538 -119.0000000000
2593 -117.0000000000
2603 -116.0000000000
2625 -114.0000000000
2707 -112.0000000000
2733 -111.0000000000
2787 -110.0000000000
2818 -109.0000000000
2860 -108.0000000000
2910 -107.0000000000
2938 -106.0000000000
2951 -104.0000000000
3008 -103.0000000000
3059 -102.0000000000
3067 -99.0000000000
3122 -97.0000000000
3136 -96.0000000000
3208 -95.0000000000
3231 -94.0000000000
3259 -93.0000000000
3272 -92.0000000000
3304 -91.0000000000
3343 -90.0000000000
3382 -89.0000000000
3404 -88.0000000000
3434 -87.0000000000
3439 -86.0000000000
3474 -84.0000000000
3505 -83.0000000000
3525 -82.0000000000
3603 -79.0000000000
3686 -78.0000000000
3721 -77.0000000000
3761 -75.0000000000
3807 -74.0000000000
3829 -73.0000000000
3874 -72.0000000000
3886 -71.0000000000
3902 -70.0000000000
3930 -69.0000000000
3959 -68.0000000000
4002 -67.0000000000
4054 -66.0000000000
4055 -65.0000000000
4107 -64.0000000000
4137 -63.0000000000
4147 -62.0000000000
4158 -61.0000000000
4174 -59.0000000000
4194 -58.0000000000
4276 -57.0000000000
4280 -56.0000000000
4356 -54.0000000000
4387 -53.0000000000
4423 -50.0000000000
4480 -48.0000000000
4551 -47.0000000000
4570 -46.0000000000
4591 -45.0000000000
4636 -43.0000000000
4695 -41.0000000000
4749 -40.0000000000
4769 -39.0000000000
4809 -38.0000000000
4893 -35.0000000000
5007 -33.0000000000
5076 -32.0000000000
5098 -31.0000000000
5209 -30.0000000000
5267 -29.0000000000
5363 -28.0000000000
5367 -27.0000000000
5424 -26.0000000000
5472 -25.0000000000
5488 -24.0000000000
5567 -23.0000000000
5648 -22.0000000000
5721 -21.0000000000
5755 -20.0000000000
5821 -19.0000000000
5873 -18.0000000000
5924 -17.0000000000
5987 -16.0000000000
6024 -15.0000000000
6119 -14.0000000000
6144 -13.0000000000
6177 -12.0000000000
6190 -11.0000000000
6343 -10.0000000000
6526 -9.0000000000
6559 -8.0000000000
6676 -7.0000000000
6711 -6.0000000000
6717 -5.0000000000
6725 -4.0000000000
6914 -3.0000000000
7018 -2.0000000000
7078 -1.0000000000
7132 556.0000000000
7139 586.0000000000
7162 589.0000000000
7167 597.0000000000
7205 605.0000000000
7306 608.0000000000
7310 617.0000000000
7364 623.0000000000
7513 628.0000000000
7796 632.0000000000
7871 633.0000000000
7942 634.0000000000
9089 635.0000000000
9164 636.0000000000
9168 646.0000000000
9235 662.0000000000
10367 667.0000000000
10583 668.0000000000
10895 670.0000000000
11062 677.0000000000
12210 683.0000000000
12902 686.0000000000
12948 689.0000000000
25382 690.0000000000
25410 691.0000000000
30746 693.0000000000
31292 697.0000000000
35158 699.0000000000
36308 700.0000000000
42964 705.0000000000
46114 706.0000000000
48101 708.0000000000
71969 709.0000000000
79763 712.0000000000
100000 -1.0000000000
evaluations raw_y
1 -381.0000000000
2 -363.0000000000
3 -361.0000000000
5 -347.0000000000
43 -342.0000000000
56 -338.0000000000
67 -337.0000000000
76 -334.0000000000
81 -333.0000000000
88 -321.0000000000
134 -310.0000000000
157 -304.0000000000
187 -299.0000000000
218 -295.0000000000
237 -288.0000000000
261 -287.0000000000
262 -286.0000000000
281 -281.0000000000
320 -272.0000000000
327 -268.0000000000
366 -265.0000000000
376 -263.0000000000
377 -259.0000000000
421 -257.0000000000
437 -250.0000000000
462 -248.0000000000
487 -247.0000000000
501 -240.0000000000
513 -238.0000000000
552 -231.0000000000
562 -228.0000000000
639 -226.0000000000
651 -220.0000000000
689 -218.0000000000
726 -217.0000000000
750 -216.0000000000
761 -214.0000000000
780 -213.0000000000
788 -210.0000000000
792 -209.0000000000
815 -207.0000000000
823 -206.0000000000
859 -203.0000000000
872 -202.0000000000
884 -200.0000000000
887 -199.0000000000
906 -198.0000000000
938 -195.0000000000
984 -193.0000000000
1009 -191.0000000000
1054 -190.0000000000
1062 -188.0000000000
1113 -185.0000000000
1123 -183.0000000000
1145 -180.0000000000
1184 -178.0000000000
1224 -177.0000000000
1249 -176.0000000000
1277 -174.0000000000
1288 -173.0000000000
1289 -172.0000000000
1296 -171.0000000000
1315 -170.0000000000
1345 -169.0000000000
1372 -166.0000000000
1423 -164.0000000000
1458 -163.0000000000
1481 -161.0000000000
1518 -160.0000000000
1523 -159.0000000000
1563 -157.0000000000
1586 -156.0000000000
1630 -155.0000000000
1651 -154.0000000000
1654 -153.0000000000
1676 -151.0000000000
1711 -150.0000000000
1720 -148.0000000000
1742 -147.0000000000
1768 -146.0000000000
1779 -144.0000000000
1806 -143.0000000000
1860 -142.0000000000
1863 -141.0000000000
1903 -139.0000000000
1921 -138.0000000000
1940 -137.0000000000
1976 -136.0000000000
1992 -135.0000000000
2005 -134.0000000000
2058 -133.0000000000
2081 -131.0000000000
2152 -130.0000000000
2153 -128.0000000000
2204 -127.0000000000
2208 -124.0000000000
2286 -123.0000000000
2329 -122.0000000000
2344 -120.0000000000
2352 -117.0000000000
2367 -116.0000000000
2456 -115.0000000000
2478 -113.0000000000
2486 -110.0000000000
2557 -107.0000000000
2638 -106.0000000000
2644 -105.0000000000
2707 -104.0000000000
2714 -103.0000000000
2735 -102.0000000000
2776 -101.0000000000
2831 -100.0000000000
2833 -99.0000000000
2863 -98.0000000000
2884 -96.0000000000
2897 -95.0000000000
2929 -94.0000000000
2993 -93.0000000000
3037 -92.0000000000
3085 -90.0000000000
3107 -89.0000000000
3121 -88.0000000000
3194 -87.0000000000
3212 -86.0000000000
3252 -84.0000000000
3338 -83.0000000000
3361 -82.0000000000
3412 -81.0000000000
3430 -78.0000000000
3492 -77.0000000000
3541 -76.0000000000
3580 -75.0000000000
3612 -73.0000000000
3661 -72.0000000000
3669 -71.0000000000
3739 -69.0000000000
3790 -67.0000000000
3857 -66.0000000000
3885 -65.0000000000
3936 -63.0000000000
4001 -62.0000000000
4019 -60.0000000000
4079 -59.0000000000
4090 -58.0000000000
4147 -57.0000000000
4221 -56.0000000000
4240 -54.0000000000
4346 -53.0000000000
4390 -52.0000000000
4424 -51.0000000000
4453 -50.0000000000
4563 -48.0000000000
4658 -46.0000000000
4753 -45.0000000000
4782 -43.0000000000
4820 -42.0000000000
4876 -41.0000000000
4921 -40.0000000000
4953 -39.0000000000
4994 -38.0000000000
5055 -37.0000000000
5127 -35.0000000000
5209 -34.0000000000
5273 -33.0000000000
5282 -32.0000000000
5314 -31.0000000000
5339 -30.0000000000
5442 -28.0000000000
5505 -26.0000000000
5564 -25.0000000000
5637 -24.0000000000
5701 -23.0000000000
5751 -22.0000000000
5800 -21.0000000000
5857 -20.0000000000
5908 -18.0000000000
6033 -17.0000000000
6073 -15.0000000000
6217 -14.0000000000
6275 -13.0000000000
6410 -11.0000000000
6488 -10.0000000000
6582 -9.0000000000
6675 -7.0000000000
6686 -6.0000000000
6849 -5.0000000000
6868 -4.0000000000
6905 -3.0000000000
7080 -2.0000000000
7128 -1.0000000000
7227 583.0000000000
7341 584.0000000000
7394 594.0000000000
7416 608.0000000000
7439 613.0000000000
7483 614.0000000000
7576 638.0000000000
7656 639.0000000000
7740 649.0000000000
8339 653.0000000000
10205 654.0000000000
10340 662.0000000000
10891 685.0000000000
38496 686.0000000000
62959 687.0000000000
89370 689.0000000000
89908 690.0000000000
90017 691.0000000000
91210 695.0000000000
100000 -1.0000000000
evaluations raw_y
1 -372.0000000000
2 -371.0000000000
3 -352.0000000000
10 -349.0000000000
15 -348.0000000000
27 -341.0000000000
46 -340.0000000000
49 -339.0000000000
60 -337.0000000000
71 -334.0000000000
87 -333.0000000000
88 -331.0000000000
95 -330.0000000000
100 -328.0000000000
104 -325.0000000000
125 -322.0000000000
142 -305.0000000000
167 -302.0000000000
187 -293.0000000000
230 -291.0000000000
249 -288.0000000000
275 -286.0000000000
281 -277.0000000000
325 -273.0000000000
348 -271.0000000000
356 -270.0000000000
393 -265.0000000000
400 -262.0000000000
430 -258.0000000000
471 -253.0000000000
487 -249.0000000000
496 -247.0000000000
501 -246.0000000000
511 -244.0000000000
537 -243.0000000000
545 -242.0000000000
557 -241.0000000000
565 -240.0000000000
574 -238.0000000000
581 -237.0000000000
594 -236.0000000000
618 -235.0000000000
619 -233.0000000000
625 -229.0000000000
641 -226.0000000000
692 -224.0000000000
724 -220.0000000000
746 -216.0000000000
781 -215.0000000000
801 -214.0000000000
828 -213.0000000000
855 -207.0000000000
910 -206.0000000000
942 -202.0000000000
981 -201.0000000000
1002 -199.0000000000
1025 -197.0000000000
1041 -195.0000000000
1048 -194.0000000000
1070 -190.0000000000
1112 -188.0000000000
1152 -187.0000000000
1158 -185.0000000000
1173 -184.0000000000
1196 -182.0000000000
1249 -181.0000000000
1271 -179.0000000000
1307 -177.0000000000
1351 -176.0000000000
1360 -175.0000000000
1375 -174.0000000000
1412 -173.0000000000
1421 -171.0000000000
1451 -170.0000000000
1521 -169.0000000000
1552 -167.0000000000
1562 -165.0000000000
1592 -164.0000000000
1606 -163.0000000000
1619 -162.0000000000
1645 -161.0000000000
1665 -160.0000000000
1683 -159.0000000000
1748 -158.0000000000
1751 -154.0000000000
1806 -151.0000000000
1843 -150.0000000000
1851 -146.0000000000
1885 -145.0000000000
1954 -144.0000000000
1977 -143.0000000000
2002 -142.0000000000
2024 -139.0000000000
2104 -138.0000000000
2109 -137.0000000000
2173 -136.0000000000
2176 -134.0000000000
2249 -131.0000000000
2310 -130.0000000000
2326 -129.0000000000
2379 -127.0000000000
2404 -126.0000000000
2429 -124.0000000000
2473 -121.0000000000
2543 -118.0000000000
2604 -117.0000000000
2628 -116.0000000000
2675 -115.0000000000
2678 -113.0000000000
2702 -112.0000000000
2749 -111.0000000000
2782 -109.0000000000
2826 -108.0000000000
2849 -107.0000000000
2927 -106.0000000000
2941 -104.0000000000
2985 -103.0000000000
3006 -102.0000000000
3042 -101.0000000000
3060 -99.0000000000
3132 -98.0000000000
3155 -97.0000000000
3180 -95.0000000000
3205 -94.0000000000
3221 -92.0000000000
3267 -91.0000000000
3322 -90.0000000000
3334 -88.0000000000
3337 -87.0000000000
3395 -86.0000000000
3433 -84.0000000000
3461 -83.0000000000
3489 -81.0000000000
3504 -80.0000000000
3525 -78.0000000000
3580 -77.0000000000
3607 -76.0000000000
3661 -74.0000000000
3720 -72.0000000000
3763 -71.0000000000
3813 -70.0000000000
3854 -69.0000000000
3898 -68.0000000000
3956 -67.0000000000
4038 -66.0000000000
4046 -65.0000000000
4101 -64.0000000000
4177 -63.0000000000
4250 -62.0000000000
4296 -61.0000000000
4299 -60.0000000000
4344 -58.0000000000
4455 -57.0000000000
4493 -56.0000000000
4525 -55.0000000000
4606 -54.0000000000
4628 -52.0000000000
4686 -51.0000000000
4746 -50.0000000000
4755 -49.0000000000
4805 -47.0000000000
4825 -46.0000000000
4880 -44.0000000000
5022 -43.0000000000
5024 -41.0000000000
5104 -39.0000000000
5163 -38.0000000000
5246 -37.0000000000
5300 -36.0000000000
5325 -35.0000000000
5403 -34.0000000000
5445 -33.0000000000
5472 -32.0000000000
5491 -30.0000000000
5564 -29.0000000000
5669 -28.0000000000
5709 -27.0000000000
5815 -25.0000000000
5908 -22.0000000000
6038 -21.0000000000
6112 -20.0000000000
6171 -18.0000000000
6306 -17.0000000000
6444 -16.0000000000
6487 -15.0000000000
6571 -14.0000000000
6651 -13.0000000000
6740 -12.0000000000
6771 -11.0000000000
6855 -10.0000000000
6859 -9.0000000000
7023 -8.0000000000
7064 -7.0000000000
7163 -6.0000000000
7346 -5.0000000000
7491 -4.0000000000
7509 -3.0000000000
8076 -2.0000000000
8304 -1.0000000000
8621 556.0000000000
8691 568.0000000000
8830 579.0000000000
8892 590.0000000000
8953 593.0000000000
9302 601.0000000000
9349 611.0000000000
9494 621.0000000000
9704 627.0000000000
9772 638.0000000000
9881 639.0000000000
9936 641.0000000000
9972 653.0000000000
10170 670.0000000000
12135 671.0000000000
12237 675.0000000000
12389 678.0000000000
12577 680.0000000000
13866 682.0000000000
15807 684.0000000000
16023 685.0000000000
16501 687.0000000000
16521 689.0000000000
34734 690.0000000000
38233 691.0000000000
38293 695.0000000000
43657 697.0000000000
44178 699.0000000000
54126 702.0000000000
54273 703.0000000000
74510 705.0000000000
100000 -1.0000000000
evaluations raw_y
1 -353.0000000000
3 -342.0000000000
34 -339.0000000000
50 -337.0000000000
60 -333.0000000000
89 -320.0000000000
128 -316.0000000000
144 -313.0000000000
162 -307.0000000000
174 -304.0000000000
183 -303.0000000000
208 -297.0000000000
224 -292.0000000000
229 -286.0000000000
275 -280.0000000000
329 -279.0000000000
337 -275.0000000000
377 -266.0000000000
422 -265.0000000000
446 -262.0000000000
481 -258.0000000000
501 -253.0000000000
586 -251.0000000000
601 -249.0000000000
613 -248.0000000000
647 -245.0000000000
651 -243.0000000000
701 -242.0000000000
714 -239.0000000000
739 -238.0000000000
758 -235.0000000000
781 -234.0000000000
788 -233.0000000000
789 -231.0000000000
807 -229.0000000000
848 -228.0000000000
860 -227.0000000000
899 -225.0000000000
905 -224.0000000000
925 -222.0000000000
936 -221.0000000000
958 -220.0000000000
961 -219.0000000000
963 -217.0000000000
985 -216.0000000000
990 -213.0000000000
1069 -211.0000000000
1084 -209.0000000000
1116 -208.0000000000
1129 -207.0000000000
1139 -206.0000000000
1149 -204.0000000000
1168 -203.0000000000
1180 -202.0000000000
1238 -201.0000000000
1247 -198.0000000000
1267 -195.0000000000
1288 -193.0000000000
1332 -191.0000000000
1351 -190.0000000000
1362 -189.0000000000
1398 -188.0000000000
1413 -186.0000000000
1450 -184.0000000000
1485 -183.0000000000
1493 -182.0000000000
1533 -180.0000000000
1589 -179.0000000000
1599 -178.0000000000
1611 -176.0000000000
1644 -175.0000000000
1686 -173.0000000000
1714 -171.0000000000
1805 -170.0000000000
1817 -169.0000000000
1833 -168.0000000000
1853 -167.0000000000
1865 -165.0000000000
1925 -164.0000000000
1929 -163.0000000000
1938 -162.0000000000
1975 -160.0000000000
2013 -158.0000000000
2018 -156.0000000000
2068 -154.0000000000
2107 -153.0000000000
2128 -152.0000000000
2156 -151.0000000000
2162 -149.0000000000
2166 -147.0000000000
2221 -146.0000000000
2284 -145.0000000000
2285 -143.0000000000
2368 -142.0000000000
2393 -141.0000000000
2398 -140.0000000000
2416 -139.0000000000
2463 -138.0000000000
2468 -137.0000000000
2474 -134.0000000000
2535 -133.0000000000
2548 -131.0000000000
2570 -130.0000000000
2579 -129.0000000000
2608 -128.0000000000
2653 -127.0000000000
2672 -126.0000000000
2697 -122.0000000000
2785 -119.0000000000
2840 -117.0000000000
2869 -116.0000000000
2888 -115.0000000000
2899 -114.0000000000
2921 -112.0000000000
2965 -110.0000000000
3015 -105.0000000000
3064 -104.0000000000
3156 -102.0000000000
3170 -101.0000000000
3238 -99.0000000000
3266 -98.0000000000
3324 -96.0000000000
3369 -94.0000000000
3416 -93.0000000000
3467 -92.0000000000
3497 -91.0000000000
3543 -90.0000000000
3578 -88.0000000000
3610 -87.0000000000
3658 -86.0000000000
3703 -85.0000000000
3742 -83.0000000000
3778 -82.0000000000
3798 -79.0000000000
3812 -78.0000000000
3861 -77.0000000000
3868 -76.0000000000
3930 -75.0000000000
3950 -74.0000000000
3963 -73.0000000000
3982 -72.0000000000
4005 -69.0000000000
4141 -68.0000000000
4161 -67.0000000000
4225 -66.0000000000
4313 -65.0000000000
4321 -64.0000000000
4361 -61.0000000000
4416 -60.0000000000
4512 -59.0000000000
4528 -58.0000000000
4587 -56.0000000000
4682 -55.0000000000
4724 -54.0000000000
4767 -53.0000000000
4781 -52.0000000000
4826 -51.0000000000
4896 -50.0000000000
4919 -48.0000000000
4945 -47.0000000000
5013 -46.0000000000
5014 -45.0000000000
5046 -43.0000000000
5138 -42.0000000000
5172 -41.0000000000
5207 -40.0000000000
5274 -39.0000000000
5312 -38.0000000000
5372 -37.0000000000
5431 -36.0000000000
5462 -34.0000000000
5545 -33.0000000000
5582 -32.0000000000
5643 -30.0000000000
5662 -29.0000000000
5774 -28.0000000000
5847 -27.0000000000
5925 -26.0000000000
5946 -25.0000000000
5987 -24.0000000000
6041 -23.0000000000
6127 -22.0000000000
6217 -21.0000000000
6356 -20.0000000000
6412 -19.0000000000
6505 -18.0000000000
6550 -17.0000000000
6662 -16.0000000000
6797 -15.0000000000
6861 -14.0000000000
6925 -12.0000000000
7113 -11.0000000000
7128 -10.0000000000
7193 -9.0000000000
7251 -8.0000000000
7351 -7.0000000000
7391 -6.0000000000
7422 -5.0000000000
7477 -4.0000000000
7554 -3.0000000000
7733 -2.0000000000
7992 -1.0000000000
8167 506.0000000000
8731 516.0000000000
8929 521.0000000000
8972 552.0000000000
8993 561.0000000000
9386 577.0000000000
9481 588.0000000000
9584 589.0000000000
9628 593.0000000000
9698 595.0000000000
9859 596.0000000000
9890 597.0000000000
10659 605.0000000000
10724 613.0000000000
10725 625.0000000000
11185 639.0000000000
11497 647.0000000000
11616 650.0000000000
11787 656.0000000000
11879 659.0000000000
11886 663.0000000000
12221 664.0000000000
12425 667.0000000000
12559 669.0000000000
14236 676.0000000000
14537 677.0000000000
14656 678.0000000000
15010 680.0000000000
15257 683.0000000000
86912 684.0000000000
94870 685.0000000000
96255 687.0000000000
96428 689.0000000000
100000 689.0000000000
evaluations raw_y
1 -397.0000000000
2 -369.0000000000
3 -364.0000000000
7 -354.0000000000
9 -352.0000000000
11 -350.0000000000
20 -343.0000000000
48 -338.0000000000
78 -336.0000000000
80 -334.0000000000
84 -325.0000000000
124 -320.0000000000
126 -313.0000000000
141 -312.0000000000
146 -310.0000000000
168 -306.0000000000
181 -296.0000000000
221 -295.0000000000
237 -292.0000000000
248 -289.0000000000
261 -279.0000000000
288 -278.0000000000
304 -275.0000000000
324 -272.0000000000
335 -265.0000000000
344 -262.0000000000
402 -254.0000000000
467 -249.0000000000
507 -248.0000000000
515 -246.0000000000
521 -240.0000000000
548 -237.0000000000
602 -233.0000000000
645 -230.0000000000
649 -229.0000000000
671 -228.0000000000
689 -226.0000000000
710 -224.0000000000
721 -223.0000000000
728 -218.0000000000
744 -217.0000000000
802 -216.0000000000
803 -214.0000000000
821 -211.0000000000
822 -210.0000000000
863 -209.0000000000
866 -208.0000000000
869 -207.0000000000
891 -206.0000000000
901 -205.0000000000
914 -203.0000000000
921 -202.0000000000
943 -201.0000000000
954 -200.0000000000
974 -198.0000000000
1001 -193.0000000000
1023 -190.0000000000
1071 -189.0000000000
1081 -182.0000000000
1129 -180.0000000000
1172 -179.0000000000
1209 -176.0000000000
1247 -175.0000000000
1256 -174.0000000000
1283 -172.0000000000
1304 -169.0000000000
1387 -166.0000000000
1464 -165.0000000000
1492 -164.0000000000
1501 -163.0000000000
1506 -162.0000000000
1524 -161.0000000000
1548 -160.0000000000
1558 -159.0000000000
1585 -157.0000000000
1603 -156.0000000000
1646 -155.0000000000
1674 -154.0000000000
1695 -152.0000000000
1764 -151.0000000000
1765 -150.0000000000
1808 -149.0000000000
1813 -148.0000000000
1845 -147.0000000000
1872 -146.0000000000
1879 -145.0000000000
1901 -144.0000000000
1915 -143.0000000000
1945 -140.0000000000
1968 -139.0000000000
2032 -138.0000000000
2034 -137.0000000000
2048 -136.0000000000
2092 -135.0000000000
2100 -133.0000000000
2109 -132.0000000000
2133 -131.0000000000
2200 -130.0000000000
2207 -129.0000000000
2242 -127.0000000000
2286 -126.0000000000
2292 -125.0000000000
2313 -124.0000000000
2368 -122.0000000000
2413 -121.0000000000
2446 -120.0000000000
2450 -119.0000000000
2526 -118.0000000000
2556 -117.0000000000
2566 -116.0000000000
2583 -115.0000000000
2634 -114.0000000000
2671 -113.0000000000
2687 -112.0000000000
2715 -111.0000000000
2725 -110.0000000000
2761 -109.0000000000
2799 -107.0000000000
2850 -106.0000000000
2865 -104.0000000000
2903 -103.0000000000
2930 -100.0000000000
3008 -99.0000000000
3040 -98.0000000000
3048 -96.0000000000
3113 -95.0000000000
3135 -94.0000000000
3161 -90.0000000000
3224 -89.0000000000
3233 -88.0000000000
3241 -85.0000000000
3326 -83.0000000000
3359 -82.0000000000
3432 -80.0000000000
3518 -79.0000000000
3532 -78.0000000000
3624 -76.0000000000
3669 -74.0000000000
3725 -73.0000000000
3768 -72.0000000000
3802 -70.0000000000
3865 -69.0000000000
3895 -68.0000000000
3914 -67.0000000000
3933 -66.0000000000
4028 -65.0000000000
4033 -64.0000000000
4076 -63.0000000000
4114 -62.0000000000
4139 -61.0000000000
4147 -59.0000000000
4194 -58.0000000000
4268 -57.0000000000
4283 -56.0000000000
4353 -54.0000000000
4465 -53.0000000000
4486 -52.0000000000
4529 -51.0000000000
4581 -50.0000000000
4612 -49.0000000000
4641 -48.0000000000
4754 -47.0000000000
4770 -46.0000000000
4808 -45.0000000000
4838 -44.0000000000
4901 -42.0000000000
4974 -41.0000000000
5061 -40.0000000000
5159 -39.0000000000
5295 -38.0000000000
5401 -36.0000000000
5589 -35.0000000000
5695 -34.0000000000
5889 -33.0000000000
5993 -32.0000000000
6003 -31.0000000000
6061 -30.0000000000
6169 -29.0000000000
6192 -28.0000000000
6281 -26.0000000000
6403 -25.0000000000
6437 -24.0000000000
6503 -23.0000000000
6504 -22.0000000000
6599 -21.0000000000
6670 -20.0000000000
6755 -19.0000000000
6786 -18.0000000000
6804 -17.0000000000
6926 -15.0000000000
7001 -14.0000000000
7043 -13.0000000000
7082 -12.0000000000
7219 -11.0000000000
7276 -10.0000000000
7319 -9.0000000000
7386 -7.0000000000
7516 -6.0000000000
7777 -5.0000000000
7969 -4.0000000000
8105 -3.0000000000
8258 -2.0000000000
8409 -1.0000000000
8421 600.0000000000
8444 601.0000000000
8598 612.0000000000
8944 614.0000000000
9684 632.0000000000
9819 646.0000000000
10020 653.0000000000
10046 654.0000000000
10651 662.0000000000
10752 667.0000000000
10787 670.0000000000
12183 673.0000000000
12422 678.0000000000
12518 679.0000000000
12709 686.0000000000
12935 688.0000000000
12973 694.0000000000
49370 696.0000000000
100000 696.0000000000
evaluations raw_y
1 -350.0000000000
7 -348.0000000000
10 -336.0000000000
67 -328.0000000000
81 -323.0000000000
91 -316.0000000000
116 -312.0000000000
138 -301.0000000000
160 -297.0000000000
184 -291.0000000000
224 -279.0000000000
225 -271.0000000000
263 -269.0000000000
282 -264.0000000000
302 -258.0000000000
341 -257.0000000000
348 -254.0000000000
353 -252.0000000000
365 -243.0000000000
397 -242.0000000000
420 -241.0000000000
427 -240.0000000000
442 -236.0000000000
467 -233.0000000000
491 -232.0000000000
504 -228.0000000000
516 -226.0000000000
523 -221.0000000000
532 -219.0000000000
575 -218.0000000000
586 -216.0000000000
589 -213.0000000000
601 -209.0000000000
647 -205.0000000000
659 -199.0000000000
670 -198.0000000000
678 -195.0000000000
717 -193.0000000000
721 -192.0000000000
743 -190.0000000000
746 -189.0000000000
759 -185.0000000000
768 -177.0000000000
813 -176.0000000000
898 -175.0000000000
912 -173.0000000000
952 -171.0000000000
982 -170.0000000000
1011 -169.0000000000
1012 -168.0000000000
1035 -165.0000000000
1049 -164.0000000000
1073 -161.0000000000
1095 -160.0000000000
1138 -159.0000000000
1163 -158.0000000000
1221 -157.0000000000
1222 -156.0000000000
1246 -155.0000000000
1247 -154.0000000000
1266 -152.0000000000
1295 -151.0000000000
1308 -150.0000000000
1311 -149.0000000000
1360 -148.0000000000
1401 -145.0000000000
1447 -143.0000000000
1489 -142.0000000000
1517 -141.0000000000
1538 -139.0000000000
1555 -138.0000000000
1579 -137.0000000000
1604 -136.0000000000
1624 -135.0000000000
1685 -134.0000000000
1691 -133.0000000000
1712 -132.0000000000
1723 -131.0000000000
1740 -130.0000000000
1767 -129.0000000000
1807 -127.0000000000
1813 -126.0000000000
1862 -125.0000000000
1863 -123.0000000000
1913 -122.0000000000
1942 -120.0000000000
1955 -119.0000000000
1973 -117.0000000000
2044 -115.0000000000
2064 -114.0000000000
2087 -113.0000000000
2095 -112.0000000000
2112 -111.0000000000
2150 -109.0000000000
2166 -108.0000000000
2183 -107.0000000000
2223 -106.0000000000
2277 -103.0000000000
2314 -101.0000000000
2321 -100.0000000000
2416 -99.0000000000
2445 -98.0000000000
2485 -97.0000000000
2537 -96.0000000000
2561 -94.0000000000
2646 -93.0000000000
2687 -91.0000000000
2723 -90.0000000000
2780 -89.0000000000
2813 -87.0000000000
2865 -86.0000000000
2883 -85.0000000000
2934 -81.0000000000
2995 -80.0000000000
3028 -79.0000000000
3101 -78.0000000000
3114 -77.0000000000
3158 -75.0000000000
3196 -73.0000000000
3247 -72.0000000000
3278 -71.0000000000
3333 -70.0000000000
3394 -69.0000000000
3404 -68.0000000000
3503 -67.0000000000
3513 -66.0000000000
3546 -65.0000000000
3587 -64.0000000000
3644 -63.0000000000
3692 -61.0000000000
3707 -60.0000000000
3784 -58.0000000000
3857 -56.0000000000
3888 -55.0000000000
3944 -54.0000000000
4002 -52.0000000000
4058 -51.0000000000
4084 -50.0000000000
4138 -49.0000000000
4176 -48.0000000000
4208 -47.0000000000
4241 -46.0000000000
4323 -45.0000000000
4383 -44.0000000000
4408 -41.0000000000
4553 -40.0000000000
4642 -39.0000000000
4651 -38.0000000000
4713 -37.0000000000
4755 -36.0000000000
4894 -35.0000000000
4968 -34.0000000000
4989 -33.0000000000
5070 -32.0000000000
5153 -31.0000000000
5180 -30.0000000000
5291 -29.0000000000
5340 -27.0000000000
5485 -26.0000000000
5509 -25.0000000000
5541 -24.0000000000
5625 -23.0000000000
5687 -22.0000000000
5712 -21.0000000000
5744 -20.0000000000
5806 -19.0000000000
5865 -18.0000000000
5939 -16.0000000000
6059 -15.0000000000
6077 -14.0000000000
6148 -13.0000000000
6227 -12.0000000000
6296 -11.0000000000
6341 -9.0000000000
6422 -8.0000000000
6527 -7.0000000000
6719 -6.0000000000
6984 -5.0000000000
7064 -4.0000000000
7120 -3.0000000000
7213 -2.0000000000
7287 -1.0000000000
7323 591.0000000000
7585 592.0000000000
7616 597.0000000000
7705 605.0000000000
8038 606.0000000000
8183 613.0000000000
8361 620.0000000000
8652 622.0000000000
9057 627.0000000000
9278 629.0000000000
9398 631.0000000000
9553 634.0000000000
9871 637.0000000000
10297 640.0000000000
11657 650.0000000000
14248 657.0000000000
15341 658.0000000000
15454 662.0000000000
15653 670.0000000000
21237 672.0000000000
21476 680.0000000000
23306 681.0000000000
23622 684.0000000000
51546 685.0000000000
54347 691.0000000000
55699 693.0000000000
87432 696.0000000000
100000 -2.0000000000
evaluations raw_y
1 -359.0000000000
2 -354.0000000000
7 -336.0000000000
93 -325.0000000000
108 -317.0000000000
139 -315.0000000000
144 -310.0000000000
185 -308.0000000000
199 -303.0000000000
216 -297.0000000000
241 -291.0000000000
263 -287.0000000000
294 -285.0000000000
322 -284.0000000000
328 -273.0000000000
373 -266.0000000000
386 -263.0000000000
403 -256.0000000000
445 -255.0000000000
452 -253.0000000000
455 -248.0000000000
463 -247.0000000000
499 -244.0000000000
514 -237.0000000000
554 -236.0000000000
556 -230.0000000000
575 -228.0000000000
582 -226.0000000000
607 -224.0000000000
635 -220.0000000000
636 -215.0000000000
651 -212.0000000000
681 -211.0000000000
725 -210.0000000000
752 -209.0000000000
754 -207.0000000000
791 -206.0000000000
799 -202.0000000000
855 -197.0000000000
869 -194.0000000000
889 -191.0000000000
970 -186.0000000000
994 -185.0000000000
1023 -184.0000000000
1052 -183.0000000000
1061 -180.0000000000
1117 -179.0000000000
1164 -178.0000000000
1176 -176.0000000000
1188 -175.0000000000
1193 -172.0000000000
1225 -171.0000000000
1226 -170.0000000000
1262 -169.0000000000
1264 -168.0000000000
1299 -167.0000000000
1337 -166.0000000000
1345 -165.0000000000
1373 -164.0000000000
1384 -162.0000000000
1385 -161.0000000000
1419 -160.0000000000
1424 -159.0000000000
1464 -157.0000000000
1509 -156.0000000000
1527 -155.0000000000
1530 -154.0000000000
1535 -152.0000000000
1576 -149.0000000000
1609 -148.0000000000
1643 -146.0000000000
1665 -144.0000000000
1717 -142.0000000000
1762 -140.0000000000
1788 -139.0000000000
1811 -138.0000000000
1826 -137.0000000000
1845 -136.0000000000
1848 -135.0000000000
1905 -134.0000000000
1917 -133.0000000000
1954 -132.0000000000
1983 -130.0000000000
2006 -128.0000000000
2042 -125.0000000000
2103 -124.0000000000
2114 -123.0000000000
2149 -122.0000000000
2161 -121.0000000000
2236 -120.0000000000
2238 -119.0000000000
2271 -118.0000000000
2283 -117.0000000000
2291 -115.0000000000
2329 -114.0000000000
2394 -113.0000000000
2421 -112.0000000000
2463 -110.0000000000
2488 -109.0000000000
2544 -108.0000000000
2548 -107.0000000000
2588 -106.0000000000
2600 -105.0000000000
2633 -103.0000000000
2693 -102.0000000000
2763 -100.0000000000
2798 -98.0000000000
2808 -97.0000000000
2859 -96.0000000000
2884 -95.0000000000
2892 -94.0000000000
2950 -93.0000000000
2956 -92.0000000000
2994 -91.0000000000
3022 -89.0000000000
3085 -88.0000000000
3135 -86.0000000000
3197 -85.0000000000
3246 -84.0000000000
3249 -83.0000000000
3297 -82.0000000000
3307 -81.0000000000
3323 -78.0000000000
3459 -77.0000000000
3492 -76.0000000000
3506 -75.0000000000
3541 -74.0000000000
3625 -73.0000000000
3653 -71.0000000000
3723 -69.0000000000
3796 -68.0000000000
3808 -67.0000000000
3851 -66.0000000000
3852 -65.0000000000
3866 -64.0000000000
3934 -63.0000000000
3960 -62.0000000000
3981 -61.0000000000
4033 -59.0000000000
4106 -58.0000000000
4138 -57.0000000000
4185 -55.0000000000
4216 -54.0000000000
4279 -53.0000000000
4341 -52.0000000000
4381 -51.0000000000
4435 -50.0000000000
4486 -49.0000000000
4491 -48.0000000000
4561 -46.0000000000
4606 -45.0000000000
4645 -44.0000000000
4685 -43.0000000000
4813 -42.0000000000
4871 -41.0000000000
4889 -40.0000000000
4926 -39.0000000000
4931 -38.0000000000
5041 -37.0000000000
5072 -36.0000000000
5075 -35.0000000000
5116 -34.0000000000
5168 -32.0000000000
5254 -30.0000000000
5353 -29.0000000000
5435 -28.0000000000
5543 -27.0000000000
5613 -26.0000000000
5633 -25.0000000000
5752 -23.0000000000
5821 -22.0000000000
5850 -21.0000000000
5878 -20.0000000000
5971 -19.0000000000
6045 -18.0000000000
6107 -17.0000000000
6142 -16.0000000000
6205 -15.0000000000
6368 -14.0000000000
6426 -13.0000000000
6456 -12.0000000000
6564 -11.0000000000
7233 -10.0000000000
7417 -9.0000000000
7582 -8.0000000000
7810 -7.0000000000
7834 -6.0000000000
8056 -5.0000000000
8211 -4.0000000000
8298 -3.0000000000
8441 -2.0000000000
8610 -1.0000000000
8648 608.0000000000
9566 623.0000000000
9868 632.0000000000
9979 635.0000000000
10051 638.0000000000
10168 639.0000000000
10292 640.0000000000
10398 645.0000000000
10510 657.0000000000
10634 659.0000000000
12897 662.0000000000
13146 665.0000000000
15551 667.0000000000
19276 668.0000000000
23288 670.0000000000
23558 673.0000000000
23666 677.0000000000
27659 680.0000000000
27875 681.0000000000
29769 682.0000000000
29842 685.0000000000
30025 686.0000000000
30026 687.0000000000
35659 688.0000000000
52536 693.0000000000
100000 -1.0000000000
evaluations raw_y
1 -361.0000000000
8 -355.0000000000
11 -351.0000000000
13 -343.0000000000
52 -330.0000000000
122 -324.0000000000
161 -319.0000000000
172 -313.0000000000
175 -303.0000000000
211 -302.0000000000
228 -295.0000000000
264 -292.0000000000
275 -289.0000000000
288 -285.0000000000
302 -284.0000000000
331 -279.0000000000
361 -271.0000000000
423 -269.0000000000
432 -258.0000000000
454 -257.0000000000
479 -254.0000000000
505 -251.0000000000
520 -247.0000000000
529 -245.0000000000
557 -244.0000000000
562 -241.0000000000
582 -236.0000000000
650 -235.0000000000
652 -233.0000000000
667 -232.0000000000
726 -231.0000000000
728 -228.0000000000
732 -226.0000000000
741 -225.0000000000
777 -223.0000000000
784 -221.0000000000
805 -219.0000000000
808 -217.0000000000
896 -215.0000000000
898 -214.0000000000
911 -212.0000000000
913 -210.0000000000
962 -208.0000000000
973 -207.0000000000
999 -206.0000000000
1001 -203.0000000000
1061 -200.0000000000
1092 -199.0000000000
1109 -197.0000000000
1125 -196.0000000000
1168 -190.0000000000
1201 -189.0000000000
1211 -187.0000000000
1242 -186.0000000000
1263 -184.0000000000
1291 -183.0000000000
1306 -180.0000000000
1336 -177.0000000000
1409 -175.0000000000
1444 -173.0000000000
1469 -172.0000000000
1499 -171.0000000000
1509 -170.0000000000
1542 -169.0000000000
1566 -167.0000000000
1603 -165.0000000000
1633 -164.0000000000
1667 -163.0000000000
1694 -162.0000000000
1709 -161.0000000000
1718 -158.0000000000
1757 -157.0000000000
1796 -155.0000000000
1821 -154.0000000000
1830 -152.0000000000
1875 -151.0000000000
1914 -150.0000000000
1929 -148.0000000000
1939 -147.0000000000
1951 -146.0000000000
2009 -142.0000000000
2035 -141.0000000000
2108 -140.0000000000
2149 -139.0000000000
2169 -137.0000000000
2207 -134.0000000000
2210 -133.0000000000
2256 -132.0000000000
2296 -131.0000000000
2347 -130.0000000000
2349 -129.0000000000
2353 -128.0000000000
2426 -127.0000000000
2432 -126.0000000000
2483 -124.0000000000
2536 -120.0000000000
2590 -118.0000000000
2618 -117.0000000000
2649 -116.0000000000
2679 -115.0000000000
2690 -112.0000000000
2747 -111.0000000000
2806 -108.0000000000
2831 -106.0000000000
2881 -105.0000000000
2904 -104.0000000000
2923 -102.0000000000
2944 -101.0000000000
2969 -100.0000000000
3003 -97.0000000000
3006 -96.0000000000
3107 -95.0000000000
3120 -94.0000000000
3179 -92.0000000000
3207 -91.0000000000
3229 -90.0000000000
3261 -89.0000000000
3307 -88.0000000000
3363 -87.0000000000
3390 -86.0000000000
3431 -85.0000000000
3481 -84.0000000000
3517 -83.0000000000
3544 -82.0000000000
3592 -81.0000000000
3616 -80.0000000000
3637 -78.0000000000
3685 -77.0000000000
3743 -74.0000000000
3849 -73.0000000000
3870 -72.0000000000
3904 -71.0000000000
3931 -70.0000000000
3991 -69.0000000000
4011 -67.0000000000
4070 -65.0000000000
4116 -64.0000000000
4201 -63.0000000000
4215 -62.0000000000
4263 -61.0000000000
4302 -60.0000000000
4331 -59.0000000000
4358 -58.0000000000
4370 -57.0000000000
4416 -56.0000000000
4449 -55.0000000000
4502 -54.0000000000
4526 -53.0000000000
4565 -52.0000000000
4615 -51.0000000000
4669 -50.0000000000
4720 -49.0000000000
4753 -48.0000000000
4794 -46.0000000000
4824 -44.0000000000
4906 -43.0000000000
4931 -42.0000000000
4981 -41.0000000000
4997 -39.0000000000
5112 -38.0000000000
5139 -37.0000000000
5200 -36.0000000000
5235 -34.0000000000
5337 -33.0000000000
5361 -32.0000000000
5418 -31.0000000000
5498 -30.0000000000
5515 -29.0000000000
5570 -28.0000000000
5654 -27.0000000000
5676 -26.0000000000
5713 -25.0000000000
5791 -24.0000000000
5804 -23.0000000000
5822 -22.0000000000
5943 -21.0000000000
6039 -20.0000000000
6086 -19.0000000000
6178 -18.0000000000
6276 -17.0000000000
6300 -16.0000000000
6360 -15.0000000000
6441 -14.0000000000
6484 -13.0000000000
6619 -12.0000000000
6680 -11.0000000000
6729 -10.0000000000
6763 -9.0000000000
6896 -8.0000000000
6961 -7.0000000000
7057 -6.0000000000
7160 -5.0000000000
7275 -4.0000000000
7324 -3.0000000000
7405 -2.0000000000
7498 -1.0000000000
7563 576.0000000000
7570 600.0000000000
7588 602.0000000000
7675 604.0000000000
7686 609.0000000000
7696 615.0000000000
7837 618.0000000000
7937 619.0000000000
7947 620.0000000000
8025 621.0000000000
8032 629.0000000000
9041 631.0000000000
9229 634.0000000000
9441 641.0000000000
10748 642.0000000000
10812 649.0000000000
10972 651.0000000000
10981 654.0000000000
10997 656.0000000000
11885 668.0000000000
12272 671.0000000000
12762 672.0000000000
12908 678.0000000000
13340 688.0000000000
14230 690.0000000000
14314 699.0000000000
24526 700.0000000000
81608 703.0000000000
100000 -2.0000000000
evaluations raw_y
1 -374.0000000000
2 -362.0000000000
7 -338.0000000000
37 -335.0000000000
77 -329.0000000000
110 -325.0000000000
124 -324.0000000000
128 -322.0000000000
143 -316.0000000000
165 -314.0000000000
172 -304.0000000000
191 -303.0000000000
229 -299.0000000000
232 -297.0000000000
240 -295.0000000000
251 -290.0000000000
272 -286.0000000000
294 -279.0000000000
321 -277.0000000000
326 -275.0000000000
332 -274.0000000000
362 -272.0000000000
369 -270.0000000000
377 -269.0000000000
384 -268.0000000000
390 -267.0000000000
401 -262.0000000000
414 -259.0000000000
426 -256.0000000000
433 -252.0000000000
457 -250.0000000000
482 -248.0000000000
485 -241.0000000000
526 -239.0000000000
535 -230.0000000000
546 -228.0000000000
568 -226.0000000000
585 -220.0000000000
644 -219.0000000000
654 -217.0000000000
670 -212.0000000000
703 -209.0000000000
720 -208.0000000000
722 -206.0000000000
763 -202.0000000000
807 -201.0000000000
815 -199.0000000000
821 -198.0000000000
838 -195.0000000000
865 -192.0000000000
903 -191.0000000000
916 -190.0000000000
926 -188.0000000000
941 -185.0000000000
966 -182.0000000000
1002 -181.0000000000
1033 -177.0000000000
1129 -176.0000000000
1137 -175.0000000000
1142 -170.0000000000
1168 -168.0000000000
1241 -164.0000000000
1291 -160.0000000000
1337 -159.0000000000
1362 -158.0000000000
1403 -157.0000000000
1418 -156.0000000000
1424 -152.0000000000
1487 -151.0000000000
1522 -150.0000000000
1541 -149.0000000000
1582 -147.0000000000
1599 -146.0000000000
1617 -145.0000000000
1624 -144.0000000000
1633 -143.0000000000
1668 -142.0000000000
1688 -141.0000000000
1714 -140.0000000000
1748 -138.0000000000
1753 -137.0000000000
1778 -136.0000000000
1798 -135.0000000000
1809 -134.0000000000
1820 -133.0000000000
1821 -132.0000000000
1831 -131.0000000000
1855 -128.0000000000
1885 -127.0000000000
1935 -126.0000000000
1967 -125.0000000000
1970 -124.0000000000
1987 -123.0000000000
1991 -122.0000000000
2007 -120.0000000000
2085 -119.0000000000
2102 -118.0000000000
2138 -115.0000000000
2221 -114.0000000000
2244 -112.0000000000
2296 -109.0000000000
2358 -107.0000000000
2392 -106.0000000000
2424 -105.0000000000
2463 -104.0000000000
2484 -103.0000000000
2507 -102.0000000000
2545 -101.0000000000
2587 -100.0000000000
2629 -99.0000000000
2639 -98.0000000000
2681 -97.0000000000
2684 -95.0000000000
2745 -94.0000000000
2774 -93.0000000000
2832 -92.0000000000
2834 -90.0000000000
2866 -89.0000000000
2886 -88.0000000000
2932 -87.0000000000
2940 -86.0000000000
2965 -85.0000000000
3006 -83.0000000000
3047 -82.0000000000
3067 -80.0000000000
3126 -79.0000000000
3166 -77.0000000000
3235 -76.0000000000
3242 -75.0000000000
3264 -74.0000000000
3372 -72.0000000000
3445 -71.0000000000
3460 -70.0000000000
3512 -68.0000000000
3598 -66.0000000000
3644 -65.0000000000
3667 -64.0000000000
3732 -63.0000000000
3786 -62.0000000000
3811 -61.0000000000
3818 -60.0000000000
3861 -59.0000000000
3961 -58.0000000000
3996 -57.0000000000
4037 -56.0000000000
4038 -55.0000000000
4043 -54.0000000000
4116 -53.0000000000
4148 -52.0000000000
4184 -51.0000000000
4215 -50.0000000000
4249 -49.0000000000
4316 -48.0000000000
4331 -47.0000000000
4334 -46.0000000000
4407 -45.0000000000
4417 -44.0000000000
4461 -43.0000000000
4533 -42.0000000000
4543 -41.0000000000
4567 -40.0000000000
4615 -39.0000000000
4642 -38.0000000000
4648 -37.0000000000
4654 -36.0000000000
4683 -35.0000000000
4788 -34.0000000000
4809 -33.0000000000
4841 -32.0000000000
4889 -31.0000000000
4912 -30.0000000000
4968 -28.0000000000
5108 -27.0000000000
5201 -26.0000000000
5278 -25.0000000000
5330 -24.0000000000
5413 -23.0000000000
5429 -22.0000000000
5501 -21.0000000000
5597 -20.0000000000
5668 -19.0000000000
5765 -18.0000000000
5995 -17.0000000000
6028 -16.0000000000
6108 -15.0000000000
6347 -14.0000000000
6547 -13.0000000000
6656 -12.0000000000
6689 -11.0000000000
6777 -10.0000000000
7014 -9.0000000000
7130 -8.0000000000
7257 -7.0000000000
7400 -5.0000000000
7481 -4.0000000000
7587 -3.0000000000
7640 -2.0000000000
7794 -1.0000000000
7889 585.0000000000
8184 594.0000000000
8255 614.0000000000
12867 623.0000000000
13017 634.0000000000
13172 635.0000000000
13697 639.0000000000
14720 654.0000000000
14782 655.0000000000
23217 657.0000000000
23719 659.0000000000
38807 666.0000000000
44184 670.0000000000
44437 673.0000000000
72203 675.0000000000
76257 676.0000000000
76366 686.0000000000
100000 686.0000000000
evaluations raw_y
1 -363.0000000000
3 -342.0000000000
23 -329.0000000000
61 -327.0000000000
63 -324.0000000000
127 -320.0000000000
143 -319.0000000000
147 -315.0000000000
161 -309.0000000000
184 -308.0000000000
203 -306.0000000000
218 -305.0000000000
226 -295.0000000000
279 -291.0000000000
282 -289.0000000000
298 -288.0000000000
311 -286.0000000000
328 -285.0000000000
333 -280.0000000000
336 -278.0000000000
345 -274.0000000000
373 -270.0000000000
381 -269.0000000000
414 -268.0000000000
423 -261.0000000000
440 -259.0000000000
466 -258.0000000000
479 -256.0000000000
482 -253.0000000000
490 -252.0000000000
496 -247.0000000000
527 -246.0000000000
531 -239.0000000000
581 -235.0000000000
594 -234.0000000000
609 -227.0000000000
642 -218.0000000000
751 -216.0000000000
754 -214.0000000000
790 -212.0000000000
797 -209.0000000000
808 -208.0000000000
812 -206.0000000000
847 -203.0000000000
862 -202.0000000000
883 -200.0000000000
905 -198.0000000000
938 -197.0000000000
946 -196.0000000000
961 -192.0000000000
984 -191.0000000000
1028 -189.0000000000
1049 -185.0000000000
1081 -183.0000000000
1189 -181.0000000000
1205 -180.0000000000
1225 -178.0000000000
1245 -177.0000000000
1281 -176.0000000000
1309 -175.0000000000
1320 -173.0000000000
1343 -172.0000000000
1354 -171.0000000000
1379 -169.0000000000
1398 -168.0000000000
1401 -167.0000000000
1421 -166.0000000000
1463 -165.0000000000
1465 -164.0000000000
1484 -163.0000000000
1487 -162.0000000000
1531 -160.0000000000
1596 -157.0000000000
1613 -156.0000000000
1621 -155.0000000000
1649 -154.0000000000
1683 -153.0000000000
1717 -152.0000000000
1721 -151.0000000000
1755 -149.0000000000
1781 -148.0000000000
1810 -146.0000000000
1814 -145.0000000000
1828 -142.0000000000
1865 -140.0000000000
1875 -139.0000000000
1904 -137.0000000000
1930 -135.0000000000
1978 -134.0000000000
1981 -133.0000000000
2018 -132.0000000000
2024 -131.0000000000
2060 -130.0000000000
2117 -129.0000000000
2127 -127.0000000000
2148 -126.0000000000
2193 -124.0000000000
2196 -123.0000000000
2201 -122.0000000000
2224 -120.0000000000
2289 -118.0000000000
2332 -117.0000000000
2356 -114.0000000000
2412 -113.0000000000
2471 -111.0000000000
2523 -110.0000000000
2544 -107.0000000000
2636 -106.0000000000
2653 -104.0000000000
2714 -103.0000000000
2739 -101.0000000000
2766 -100.0000000000
2802 -98.0000000000
2893 -96.0000000000
2931 -94.0000000000
2972 -93.0000000000
2988 -92.0000000000
3062 -91.0000000000
3076 -90.0000000000
3097 -89.0000000000
3116 -86.0000000000
3195 -85.0000000000
3200 -83.0000000000
3245 -82.0000000000
3290 -81.0000000000
3301 -80.0000000000
3332 -79.0000000000
3365 -78.0000000000
3405 -77.0000000000
3436 -76.0000000000
3437 -73.0000000000
3521 -72.0000000000
3530 -71.0000000000
3572 -70.0000000000
3593 -68.0000000000
3598 -67.0000000000
3617 -66.0000000000
3650 -63.0000000000
3690 -60.0000000000
3828 -59.0000000000
3895 -58.0000000000
3901 -57.0000000000
3972 -56.0000000000
4002 -55.0000000000
4105 -54.0000000000
4138 -52.0000000000
4200 -51.0000000000
4237 -50.0000000000
4254 -49.0000000000
4283 -47.0000000000
4370 -46.0000000000
4406 -45.0000000000
4414 -43.0000000000
4470 -42.0000000000
4499 -41.0000000000
4535 -40.0000000000
4593 -38.0000000000
4686 -37.0000000000
4768 -34.0000000000
4847 -33.0000000000
4866 -32.0000000000
4873 -31.0000000000
4917 -30.0000000000
4949 -29.0000000000
5027 -28.0000000000
5065 -27.0000000000
5163 -26.0000000000
5168 -25.0000000000
5300 -24.0000000000
5334 -23.0000000000
5412 -22.0000000000
5535 -21.0000000000
5682 -20.0000000000
5762 -19.0000000000
5835 -18.0000000000
5861 -17.0000000000
5922 -16.0000000000
6061 -15.0000000000
6172 -14.0000000000
6205 -13.0000000000
6303 -12.0000000000
6368 -11.0000000000
6446 -10.0000000000
6466 -9.0000000000
6594 -8.0000000000
6675 -7.0000000000
6783 -5.0000000000
6939 -4.0000000000
7003 -3.0000000000
7264 -2.0000000000
8011 -1.0000000000
8298 566.0000000000
8641 573.0000000000
8837 584.0000000000
8865 586.0000000000
8934 595.0000000000
8983 602.0000000000
9044 603.0000000000
9223 608.0000000000
9390 635.0000000000
9824 636.0000000000
9869 644.0000000000
9879 646.0000000000
10123 653.0000000000
10415 659.0000000000
10421 660.0000000000
16075 662.0000000000
16224 665.0000000000
16408 671.0000000000
17420 673.0000000000
17576 678.0000000000
21292 680.0000000000
100000 -1.0000000000
evaluations raw_y
1 -356.0000000000
2 -341.0000000000
34 -336.0000000000
61 -322.0000000000
112 -321.0000000000
121 -320.0000000000
128 -317.0000000000
141 -305.0000000000
200 -302.0000000000
202 -298.0000000000
214 -293.0000000000
245 -291.0000000000
267 -288.0000000000
281 -284.0000000000
302 -279.0000000000
324 -275.0000000000
353 -273.0000000000
362 -270.0000000000
376 -269.0000000000
386 -267.0000000000
389 -266.0000000000
415 -261.0000000000
432 -256.0000000000
448 -254.0000000000
470 -245.0000000000
523 -240.0000000000
563 -238.0000000000
581 -230.0000000000
641 -226.0000000000
666 -219.0000000000
704 -218.0000000000
732 -216.0000000000
756 -213.0000000000
788 -211.0000000000
821 -207.0000000000
860 -205.0000000000
868 -204.0000000000
885 -203.0000000000
894 -200.0000000000
926 -197.0000000000
971 -195.0000000000
984 -194.0000000000
1018 -190.0000000000
1047 -188.0000000000
1060 -187.0000000000
1079 -185.0000000000
1104 -184.0000000000
1130 -183.0000000000
1138 -182.0000000000
1142 -181.0000000000
1167 -180.0000000000
1178 -179.0000000000
1208 -177.0000000000
1222 -176.0000000000
1242 -175.0000000000
1250 -174.0000000000
1255 -173.0000000000
1264 -169.0000000000
1331 -166.0000000000
1373 -163.0000000000
1402 -160.0000000000
1469 -158.0000000000
1510 -156.0000000000
1554 -155.0000000000
1572 -151.0000000000
1646 -149.0000000000
1722 -148.0000000000
1734 -146.0000000000
1827 -145.0000000000
1847 -144.0000000000
1864 -143.0000000000
1870 -142.0000000000
1882 -141.0000000000
1932 -140.0000000000
1955 -139.0000000000
1964 -138.0000000000
1987 -137.0000000000
2028 -133.0000000000
2093 -131.0000000000
2150 -130.0000000000
2161 -127.0000000000
2200 -126.0000000000
2240 -125.0000000000
2248 -124.0000000000
2272 -122.0000000000
2304 -120.0000000000
2362 -118.0000000000
2386 -116.0000000000
2427 -115.0000000000
2482 -114.0000000000
2490 -111.0000000000
2569 -108.0000000000
2631 -107.0000000000
2674 -106.0000000000
2705 -105.0000000000
2732 -104.0000000000
2763 -102.0000000000
2824 -100.0000000000
2903 -99.0000000000
2946 -98.0000000000
2950 -97.0000000000
2984 -96.0000000000
3028 -95.0000000000
3051 -94.0000000000
3098 -93.0000000000
3117 -92.0000000000
3128 -90.0000000000
3216 -88.0000000000
3244 -86.0000000000
3323 -85.0000000000
3364 -84.0000000000
3383 -83.0000000000
3403 -82.0000000000
3427 -81.0000000000
3484 -80.0000000000
3544 -79.0000000000
3594 -78.0000000000
3625 -76.0000000000
3691 -73.0000000000
3821 -71.0000000000
3912 -70.0000000000
3942 -69.0000000000
3949 -68.0000000000
3978 -66.0000000000
4068 -64.0000000000
4130 -63.0000000000
4141 -61.0000000000
4266 -60.0000000000
4297 -59.0000000000
4369 -57.0000000000
4418 -56.0000000000
4483 -55.0000000000
4519 -52.0000000000
4601 -50.0000000000
4651 -49.0000000000
4694 -48.0000000000
4755 -46.0000000000
4820 -45.0000000000
4836 -44.0000000000
4909 -43.0000000000
4973 -42.0000000000
5064 -41.0000000000
5109 -40.0000000000
5142 -39.0000000000
5221 -38.0000000000
5261 -37.0000000000
5335 -36.0000000000
5341 -35.0000000000
5468 -34.0000000000
5487 -32.0000000000
5541 -31.0000000000
5585 -30.0000000000
5658 -28.0000000000
5766 -27.0000000000
5778 -26.0000000000
5854 -25.0000000000
5919 -24.0000000000
5964 -23.0000000000
6002 -21.0000000000
6125 -20.0000000000
6156 -19.0000000000
6253 -18.0000000000
6269 -17.0000000000
6358 -16.0000000000
6361 -15.0000000000
6440 -14.0000000000
6509 -13.0000000000
6606 -12.0000000000
6696 -11.0000000000
6805 -10.0000000000
6936 -9.0000000000
6975 -8.0000000000
7084 -7.0000000000
7197 -6.0000000000
7268 -4.0000000000
7423 -3.0000000000
7511 -2.0000000000
7546 -1.0000000000
7842 616.0000000000
8042 621.0000000000
8081 622.0000000000
8249 631.0000000000
9411 634.0000000000
10683 635.0000000000
10776 656.0000000000
10949 660.0000000000
11063 664.0000000000
13461 668.0000000000
14032 679.0000000000
16922 681.0000000000
17306 683.0000000000
17518 684.0000000000
32264 685.0000000000
32329 693.0000000000
40053 695.0000000000
41244 696.0000000000
77095 697.0000000000
80016 699.0000000000
100000 -2.0000000000
evaluations raw_y
1 -338.0000000000
88 -328.0000000000
97 -325.0000000000
109 -315.0000000000
154 -314.0000000000
163 -306.0000000000
166 -305.0000000000
191 -304.0000000000
196 -300.0000000000
201 -299.0000000000
204 -293.0000000000
225 -291.0000000000
244 -290.0000000000
302 -288.0000000000
304 -280.0000000000
346 -279.0000000000
363 -278.0000000000
368 -276.0000000000
381 -269.0000000000
401 -267.0000000000
422 -260.0000000000
427 -253.0000000000
449 -251.0000000000
509 -249.0000000000
512 -243.0000000000
554 -240.0000000000
556 -239.0000000000
588 -237.0000000000
607 -236.0000000000
638 -230.0000000000
642 -229.0000000000
681 -228.0000000000
689 -226.0000000000
728 -225.0000000000
744 -222.0000000000
748 -216.0000000000
819 -215.0000000000
822 -214.0000000000
844 -213.0000000000
863 -211.0000000000
882 -209.0000000000
901 -208.0000000000
904 -207.0000000000
929 -205.0000000000
941 -202.0000000000
990 -201.0000000000
1022 -199.0000000000
1028 -196.0000000000
1071 -195.0000000000
1076 -194.0000000000
1082 -190.0000000000
1177 -189.0000000000
1233 -186.0000000000
1254 -185.0000000000
1262 -184.0000000000
1286 -182.0000000000
1313 -179.0000000000
1352 -177.0000000000
1362 -176.0000000000
1417 -175.0000000000
1464 -174.0000000000
1481 -172.0000000000
1525 -171.0000000000
1532 -170.0000000000
1572 -169.0000000000
1574 -168.0000000000
1606 -167.0000000000
1610 -166.0000000000
1675 -163.0000000000
1759 -161.0000000000
1780 -160.0000000000
1786 -158.0000000000
1836 -157.0000000000
1842 -156.0000000000
1847 -155.0000000000
1875 -153.0000000000
1902 -152.0000000000
1903 -151.0000000000
1921 -150.0000000000
1966 -149.0000000000
1998 -147.0000000000
2003 -146.0000000000
2020 -145.0000000000
2024 -144.0000000000
2051 -142.0000000000
2116 -141.0000000000
2143 -140.0000000000
2183 -139.0000000000
2203 -138.0000000000
2228 -137.0000000000
2248 -136.0000000000
2273 -135.0000000000
2314 -134.0000000000
2317 -133.0000000000
2319 -132.0000000000
2330 -131.0000000000
2400 -130.0000000000
2422 -129.0000000000
2428 -127.0000000000
2492 -124.0000000000
2544 -123.0000000000
2565 -122.0000000000
2581 -120.0000000000
2621 -118.0000000000
2669 -117.0000000000
2723 -116.0000000000
2753 -115.0000000000
2767 -112.0000000000
2846 -111.0000000000
2864 -110.0000000000
2915 -109.0000000000
2956 -108.0000000000
2966 -107.0000000000
3014 -106.0000000000
3080 -104.0000000000
3146 -102.0000000000
3183 -101.0000000000
3216 -99.0000000000
3299 -98.0000000000
3313 -95.0000000000
3422 -94.0000000000
3430 -93.0000000000
3447 -92.0000000000
3498 -90.0000000000
3546 -89.0000000000
3589 -88.0000000000
3605 -87.0000000000
3643 -85.0000000000
3665 -84.0000000000
3746 -83.0000000000
3769 -82.0000000000
3839 -79.0000000000
3870 -78.0000000000
3921 -77.0000000000
3980 -75.0000000000
4007 -74.0000000000
4027 -73.0000000000
4094 -72.0000000000
4125 -71.0000000000
4201 -70.0000000000
4232 -69.0000000000
4244 -68.0000000000
4333 -66.0000000000
4405 -65.0000000000
4460 -63.0000000000
4545 -61.0000000000
4592 -59.0000000000
4669 -58.0000000000
4696 -57.0000000000
4704 -56.0000000000
4745 -55.0000000000
4797 -53.0000000000
4851 -50.0000000000
4923 -49.0000000000
4966 -48.0000000000
4984 -47.0000000000
4986 -46.0000000000
5020 -45.0000000000
5035 -44.0000000000
5136 -43.0000000000
5200 -42.0000000000
5229 -41.0000000000
5281 -40.0000000000
5298 -37.0000000000
5411 -36.0000000000
5503 -35.0000000000
5553 -34.0000000000
5671 -33.0000000000
5706 -32.0000000000
5736 -31.0000000000
5788 -29.0000000000
5882 -28.0000000000
5949 -27.0000000000
6006 -26.0000000000
6064 -25.0000000000
6085 -24.0000000000
6116 -22.0000000000
6248 -21.0000000000
6249 -20.0000000000
6407 -19.0000000000
6450 -18.0000000000
6526 -17.0000000000
6610 -16.0000000000
6676 -15.0000000000
6692 -14.0000000000
6900 -13.0000000000
7001 -12.0000000000
7064 -11.0000000000
7309 -10.0000000000
7458 -9.0000000000
7536 -8.0000000000
7606 -7.0000000000
7666 -6.0000000000
7704 -5.0000000000
7808 -4.0000000000
7957 -3.0000000000
8058 -2.0000000000
8175 -1.0000000000
8363 613.0000000000
8936 620.0000000000
9387 625.0000000000
9644 637.0000000000
9918 641.0000000000
9945 644.0000000000
9987 645.0000000000
10110 648.0000000000
10169 653.0000000000
10230 657.0000000000
10413 668.0000000000
10554 677.0000000000
12613 680.0000000000
18992 687.0000000000
29992 688.0000000000
54058 692.0000000000
85746 698.0000000000
86005 705.0000000000
100000 -1.0000000000
evaluations raw_y
1 -367.0000000000
4 -359.0000000000
8 -348.0000000000
24 -342.0000000000
53 -336.0000000000
83 -332.0000000000
109 -330.0000000000
126 -323.0000000000
134 -321.0000000000
144 -313.0000000000
185 -312.0000000000
186 -311.0000000000
201 -309.0000000000
207 -306.0000000000
230 -304.0000000000
241 -299.0000000000
252 -296.0000000000
257 -293.0000000000
272 -285.0000000000
303 -279.0000000000
315 -277.0000000000
326 -272.0000000000
361 -268.0000000000
384 -266.0000000000
390 -264.0000000000
393 -263.0000000000
398 -261.0000000000
408 -256.0000000000
454 -253.0000000000
466 -252.0000000000
476 -251.0000000000
477 -250.0000000000
497 -246.0000000000
506 -245.0000000000
523 -244.0000000000
536 -242.0000000000
551 -239.0000000000
584 -237.0000000000
588 -235.0000000000
610 -229.0000000000
662 -228.0000000000
675 -227.0000000000
684 -226.0000000000
706 -225.0000000000
724 -224.0000000000
726 -222.0000000000
737 -221.0000000000
744 -218.0000000000
776 -214.0000000000
813 -213.0000000000
843 -212.0000000000
854 -211.0000000000
857 -209.0000000000
882 -207.0000000000
904 -206.0000000000
911 -205.0000000000
913 -204.0000000000
933 -203.0000000000
938 -201.0000000000
942 -199.0000000000
970 -198.0000000000
1004 -197.0000000000
1005 -196.0000000000
1028 -195.0000000000
1041 -191.0000000000
1077 -188.0000000000
1107 -187.0000000000
1157 -185.0000000000
1165 -184.0000000000
1171 -182.0000000000
1214 -181.0000000000
1241 -180.0000000000
1251 -178.0000000000
1293 -177.0000000000
1321 -176.0000000000
1334 -175.0000000000
1370 -174.0000000000
1383 -172.0000000000
1411 -171.0000000000
1422 -169.0000000000
1480 -168.0000000000
1483 -167.0000000000
1528 -166.0000000000
1529 -165.0000000000
1549 -163.0000000000
1561 -162.0000000000
1581 -160.0000000000
1602 -159.0000000000
1611 -158.0000000000
1659 -155.0000000000
1708 -153.0000000000
1718 -151.0000000000
1732 -150.0000000000
1763 -147.0000000000
1794 -146.0000000000
1842 -145.0000000000
1871 -144.0000000000
1886 -143.0000000000
1909 -141.0000000000
1929 -140.0000000000
1954 -138.0000000000
1968 -137.0000000000
1997 -136.0000000000
2036 -135.0000000000
2072 -133.0000000000
2073 -132.0000000000
2098 -131.0000000000
2171 -129.0000000000
2203 -127.0000000000
2231 -125.0000000000
2288 -123.0000000000
2340 -122.0000000000
2401 -121.0000000000
2405 -120.0000000000
2442 -119.0000000000
2451 -117.0000000000
2480 -116.0000000000
2537 -115.0000000000
2565 -114.0000000000
2589 -113.0000000000
2592 -112.0000000000
2606 -111.0000000000
2630 -110.0000000000
2683 -109.0000000000
2700 -108.0000000000
2724 -107.0000000000
2746 -106.0000000000
2788 -104.0000000000
2804 -103.0000000000
2869 -101.0000000000
2945 -100.0000000000
2973 -99.0000000000
2977 -98.0000000000
3011 -97.0000000000
3031 -95.0000000000
3059 -93.0000000000
3150 -92.0000000000
3172 -91.0000000000
3224 -90.0000000000
3264 -89.0000000000
3267 -88.0000000000
3348 -87.0000000000
3371 -86.0000000000
3392 -85.0000000000
3443 -83.0000000000
3491 -82.0000000000
3524 -79.0000000000
3563 -78.0000000000
3581 -76.0000000000
3621 -75.0000000000
3682 -74.0000000000
3706 -73.0000000000
3733 -72.0000000000
3757 -71.0000000000
3803 -69.0000000000
3822 -68.0000000000
3862 -67.0000000000
3863 -66.0000000000
3930 -64.0000000000
4000 -63.0000000000
4002 -62.0000000000
4042 -61.0000000000
4064 -59.0000000000
4141 -58.0000000000
4191 -57.0000000000
4285 -56.0000000000
4297 -55.0000000000
4334 -54.0000000000
4350 -52.0000000000
4407 -51.0000000000
4444 -50.0000000000
4506 -49.0000000000
4541 -48.0000000000
4602 -45.0000000000
4738 -44.0000000000
4793 -43.0000000000
4829 -42.0000000000
4858 -41.0000000000
4891 -40.0000000000
4964 -39.0000000000
4970 -38.0000000000
4994 -37.0000000000
5071 -36.0000000000
5110 -35.0000000000
5140 -34.0000000000
5249 -33.0000000000
5275 -32.0000000000
5320 -31.0000000000
5329 -30.0000000000
5436 -29.0000000000
5490 -28.0000000000
5562 -27.0000000000
5595 -26.0000000000
5658 -25.0000000000
5701 -23.0000000000
5870 -21.0000000000
5962 -20.0000000000
5999 -19.0000000000
6140 -18.0000000000
6201 -17.0000000000
6230 -16.0000000000
6364 -15.0000000000
6501 -14.0000000000
6598 -13.0000000000
6687 -12.0000000000
6735 -11.0000000000
6841 -10.0000000000
6933 -9.0000000000
7077 -8.0000000000
7194 -7.0000000000
7280 -6.0000000000
7775 -5.0000000000
7854 -4.0000000000
7974 -3.0000000000
8060 -2.0000000000
8236 -1.0000000000
8746 626.0000000000
8773 630.0000000000
8960 636.0000000000
9077 639.0000000000
9128 644.0000000000
9379 649.0000000000
9422 656.0000000000
9591 659.0000000000
9727 666.0000000000
9739 667.0000000000
9848 674.0000000000
9876 675.0000000000
10966 677.0000000000
11478 679.0000000000
11628 680.0000000000
12206 683.0000000000
12344 684.0000000000
12434 689.0000000000
12702 693.0000000000
12885 696.0000000000
14222 697.0000000000
24625 698.0000000000
29604 699.0000000000
30414 702.0000000000
32199 704.0000000000
39686 706.0000000000
40013 709.0000000000
100000 709.0000000000
evaluations raw_y
1 -374.0000000000
3 -367.0000000000
5 -363.0000000000
8 -361.0000000000
10 -358.0000000000
17 -343.0000000000
91 -337.0000000000
93 -325.0000000000
112 -308.0000000000
178 -307.0000000000
187 -305.0000000000
191 -302.0000000000
213 -293.0000000000
225 -290.0000000000
248 -289.0000000000
281 -285.0000000000
312 -281.0000000000
345 -274.0000000000
367 -271.0000000000
387 -269.0000000000
388 -264.0000000000
428 -260.0000000000
476 -254.0000000000
540 -250.0000000000
544 -249.0000000000
568 -246.0000000000
613 -244.0000000000
634 -240.0000000000
664 -239.0000000000
670 -238.0000000000
681 -236.0000000000
693 -234.0000000000
708 -231.0000000000
765 -228.0000000000
772 -227.0000000000
779 -225.0000000000
799 -222.0000000000
819 -221.0000000000
848 -218.0000000000
901 -216.0000000000
921 -215.0000000000
948 -210.0000000000
1017 -206.0000000000
1094 -205.0000000000
1106 -203.0000000000
1122 -202.0000000000
1141 -200.0000000000
1206 -198.0000000000
1229 -197.0000000000
1241 -196.0000000000
1272 -195.0000000000
1282 -193.0000000000
1309 -192.0000000000
1310 -191.0000000000
1328 -188.0000000000
1373 -186.0000000000
1440 -183.0000000000
1498 -181.0000000000
1504 -180.0000000000
1538 -179.0000000000
1542 -178.0000000000
1559 -177.0000000000
1579 -175.0000000000
1623 -173.0000000000
1681 -172.0000000000
1704 -171.0000000000
1709 -169.0000000000
1764 -168.0000000000
1787 -166.0000000000
1801 -164.0000000000
1821 -163.0000000000
1881 -162.0000000000
1901 -159.0000000000
1981 -158.0000000000
1985 -157.0000000000
2011 -156.0000000000
2039 -155.0000000000
2084 -154.0000000000
2109 -151.0000000000
2196 -150.0000000000
2200 -149.0000000000
2221 -147.0000000000
2305 -142.0000000000
2347 -141.0000000000
2407 -140.0000000000
2434 -139.0000000000
2471 -138.0000000000
2486 -137.0000000000
2493 -136.0000000000
2524 -133.0000000000
2581 -132.0000000000
2639 -130.0000000000
2647 -127.0000000000
2729 -126.0000000000
2746 -125.0000000000
2786 -124.0000000000
2815 -123.0000000000
2826 -122.0000000000
2850 -121.0000000000
2853 -119.0000000000
2881 -118.0000000000
2923 -117.0000000000
2955 -116.0000000000
2985 -115.0000000000
2997 -114.0000000000
3002 -113.0000000000
3064 -112.0000000000
3115 -111.0000000000
3145 -110.0000000000
3158 -109.0000000000
3181 -108.0000000000
3206 -106.0000000000
3241 -105.0000000000
3280 -103.0000000000
3321 -101.0000000000
3377 -100.0000000000
3379 -98.0000000000
3451 -97.0000000000
3475 -95.0000000000
3486 -94.0000000000
3560 -91.0000000000
3572 -90.0000000000
3618 -89.0000000000
3660 -88.0000000000
3691 -87.0000000000
3780 -86.0000000000
3791 -85.0000000000
3803 -84.0000000000
3806 -83.0000000000
3866 -82.0000000000
3889 -81.0000000000
3966 -80.0000000000
4004 -79.0000000000
4007 -78.0000000000
4073 -77.0000000000
4097 -76.0000000000
4100 -75.0000000000
4122 -74.0000000000
4174 -73.0000000000
4208 -72.0000000000
4211 -71.0000000000
4214 -70.0000000000
4276 -69.0000000000
4304 -68.0000000000
4326 -67.0000000000
4340 -65.0000000000
4413 -64.0000000000
4443 -63.0000000000
4462 -62.0000000000
4490 -61.0000000000
4529 -60.0000000000
4579 -58.0000000000
4595 -57.0000000000
4702 -56.0000000000
4708 -54.0000000000
4742 -53.0000000000
4821 -51.0000000000
4884 -50.0000000000
4894 -49.0000000000
4923 -46.0000000000
5023 -45.0000000000
5114 -44.0000000000
5150 -43.0000000000
5217 -42.0000000000
5264 -41.0000000000
5293 -40.0000000000
5306 -39.0000000000
5368 -38.0000000000
5424 -37.0000000000
5469 -36.0000000000
5499 -35.0000000000
5510 -34.0000000000
5557 -33.0000000000
5606 -32.0000000000
5752 -31.0000000000
5841 -30.0000000000
5862 -29.0000000000
5962 -26.0000000000
6104 -25.0000000000
6210 -24.0000000000
6243 -23.0000000000
6338 -22.0000000000
6412 -21.0000000000
6471 -20.0000000000
6527 -19.0000000000
6560 -18.0000000000
6657 -17.0000000000
6740 -16.0000000000
6748 -15.0000000000
6843 -12.0000000000
6962 -11.0000000000
7002 -10.0000000000
7102 -9.0000000000
7140 -8.0000000000
7252 -7.0000000000
7426 -6.0000000000
7699 -5.0000000000
7846 -4.0000000000
7915 -3.0000000000
8064 -2.0000000000
8244 -1.0000000000
8338 605.0000000000
8348 616.0000000000
8512 620.0000000000
8626 621.0000000000
9156 628.0000000000
9626 629.0000000000
11152 634.0000000000
11354 642.0000000000
11435 643.0000000000
12042 647.0000000000
16086 648.0000000000
27437 653.0000000000
27553 656.0000000000
36844 660.0000000000
37713 667.0000000000
58780 669.0000000000
62833 672.0000000000
68639 674.0000000000
69888 677.0000000000
73169 681.0000000000
73619 684.0000000000
79668 686.0000000000
81137 688.0000000000
100000 -1.0000000000
evaluations raw_y
1 -374.0000000000
3 -341.0000000000
18 -337.0000000000
68 -327.0000000000
91 -320.0000000000
113 -311.0000000000
158 -302.0000000000
181 -292.0000000000
243 -291.0000000000
245 -286.0000000000
264 -285.0000000000
292 -282.0000000000
300 -278.0000000000
301 -274.0000000000
329 -272.0000000000
343 -267.0000000000
360 -261.0000000000
412 -259.0000000000
413 -252.0000000000
451 -244.0000000000
511 -239.0000000000
540 -238.0000000000
560 -232.0000000000
596 -226.0000000000
647 -224.0000000000
662 -219.0000000000
740 -218.0000000000
747 -214.0000000000
800 -213.0000000000
802 -211.0000000000
824 -210.0000000000
855 -207.0000000000
865 -203.0000000000
918 -202.0000000000
928 -201.0000000000
958 -197.0000000000
982 -194.0000000000
1038 -192.0000000000
1084 -188.0000000000
1113 -185.0000000000
1155 -182.0000000000
1250 -179.0000000000
1286 -178.0000000000
1307 -177.0000000000
1335 -175.0000000000
1349 -173.0000000000
1403 -172.0000000000
1422 -171.0000000000
1431 -168.0000000000
1488 -167.0000000000
1523 -165.0000000000
1530 -164.0000000000
1546 -163.0000000000
1560 -162.0000000000
1583 -161.0000000000
1603 -160.0000000000
1628 -159.0000000000
1645 -158.0000000000
1668 -156.0000000000
1681 -154.0000000000
1755 -152.0000000000
1787 -149.0000000000
1869 -147.0000000000
1904 -146.0000000000
1928 -145.0000000000
1946 -144.0000000000
1979 -143.0000000000
1990 -141.0000000000
2005 -140.0000000000
2068 -138.0000000000
2126 -136.0000000000
2142 -134.0000000000
2173 -133.0000000000
2178 -132.0000000000
2219 -131.0000000000
2223 -130.0000000000
2244 -128.0000000000
2332 -126.0000000000
2366 -125.0000000000
2395 -124.0000000000
2400 -123.0000000000
2423 -121.0000000000
2498 -119.0000000000
2529 -118.0000000000
2580 -117.0000000000
2600 -116.0000000000
2646 -114.0000000000
2678 -113.0000000000
2761 -112.0000000000
2809 -110.0000000000
2847 -109.0000000000
2856 -107.0000000000
2966 -106.0000000000
2996 -103.0000000000
3093 -101.0000000000
3182 -97.0000000000
3243 -96.0000000000
3272 -95.0000000000
3321 -94.0000000000
3363 -93.0000000000
3379 -91.0000000000
3405 -90.0000000000
3406 -89.0000000000
3481 -88.0000000000
3488 -87.0000000000
3521 -86.0000000000
3550 -85.0000000000
3593 -84.0000000000
3597 -83.0000000000
3665 -82.0000000000
3679 -81.0000000000
3698 -80.0000000000
3740 -79.0000000000
3766 -77.0000000000
3842 -76.0000000000
3885 -75.0000000000
3979 -74.0000000000
4026 -73.0000000000
4050 -72.0000000000
4101 -70.0000000000
4157 -69.0000000000
4205 -68.0000000000
4256 -67.0000000000
4261 -64.0000000000
4353 -61.0000000000
4429 -60.0000000000
4460 -58.0000000000
4520 -56.0000000000
4591 -55.0000000000
4671 -54.0000000000
4742 -53.0000000000
4780 -52.0000000000
4817 -50.0000000000
4936 -49.0000000000
4942 -48.0000000000
5060 -47.0000000000
5109 -46.0000000000
5159 -45.0000000000
5246 -44.0000000000
5266 -42.0000000000
5374 -41.0000000000
5438 -40.0000000000
5480 -39.0000000000
5516 -38.0000000000
5626 -36.0000000000
5717 -35.0000000000
5721 -34.0000000000
5751 -33.0000000000
5803 -32.0000000000
5855 -31.0000000000
5896 -29.0000000000
6014 -28.0000000000
6070 -27.0000000000
6085 -26.0000000000
6176 -25.0000000000
6223 -23.0000000000
6259 -22.0000000000
6439 -21.0000000000
6488 -20.0000000000
6565 -19.0000000000
6620 -18.0000000000
6715 -17.0000000000
6789 -16.0000000000
6848 -15.0000000000
6948 -14.0000000000
6970 -13.0000000000
7068 -11.0000000000
7151 -10.0000000000
7357 -9.0000000000
7416 -8.0000000000
7595 -7.0000000000
7626 -6.0000000000
7694 -5.0000000000
7847 -4.0000000000
7993 -3.0000000000
8113 -2.0000000000
8201 -1.0000000000
8285 580.0000000000
8636 604.0000000000
8899 608.0000000000
9126 622.0000000000
9462 627.0000000000
9499 630.0000000000
9595 636.0000000000
9708 637.0000000000
9711 639.0000000000
9729 640.0000000000
9804 643.0000000000
10058 647.0000000000
10839 658.0000000000
11048 660.0000000000
11989 662.0000000000
12167 663.0000000000
12359 672.0000000000
18464 680.0000000000
18800 681.0000000000
44591 683.0000000000
54485 685.0000000000
64274 688.0000000000
71731 689.0000000000
95746 691.0000000000
100000 -2.0000000000
evaluations raw_y
1 -358.0000000000
4 -357.0000000000
8 -343.0000000000
61 -342.0000000000
62 -323.0000000000
117 -317.0000000000
122 -312.0000000000
125 -307.0000000000
180 -304.0000000000
192 -295.0000000000
232 -289.0000000000
253 -288.0000000000
270 -287.0000000000
280 -285.0000000000
286 -281.0000000000
299 -279.0000000000
309 -275.0000000000
322 -274.0000000000
342 -273.0000000000
364 -269.0000000000
382 -268.0000000000
390 -265.0000000000
409 -263.0000000000
421 -259.0000000000
447 -257.0000000000
453 -256.0000000000
464 -254.0000000000
491 -249.0000000000
521 -243.0000000000
550 -242.0000000000
559 -241.0000000000
561 -236.0000000000
589 -234.0000000000
608 -233.0000000000
616 -230.0000000000
620 -228.0000000000
628 -224.0000000000
689 -223.0000000000
690 -221.0000000000
700 -219.0000000000
703 -218.0000000000
722 -212.0000000000
760 -211.0000000000
767 -208.0000000000
814 -206.0000000000
825 -205.0000000000
829 -202.0000000000
867 -200.0000000000
905 -198.0000000000
922 -191.0000000000
972 -190.0000000000
1016 -189.0000000000
1026 -187.0000000000
1049 -185.0000000000
1068 -184.0000000000
1093 -180.0000000000
1121 -179.0000000000
1145 -177.0000000000
1163 -174.0000000000
1217 -172.0000000000
1267 -171.0000000000
1284 -170.0000000000
1309 -169.0000000000
1347 -168.0000000000
1356 -166.0000000000
1376 -165.0000000000
1391 -164.0000000000
1415 -163.0000000000
1448 -160.0000000000
1524 -159.0000000000
1528 -158.0000000000
1553 -155.0000000000
1582 -154.0000000000
1622 -153.0000000000
1647 -151.0000000000
1664 -150.0000000000
1725 -149.0000000000
1760 -148.0000000000
1764 -147.0000000000
1801 -145.0000000000
1830 -144.0000000000
1850 -143.0000000000
1862 -140.0000000000
1942 -139.0000000000
1945 -138.0000000000
1979 -137.0000000000
1999 -136.0000000000
2046 -133.0000000000
2099 -130.0000000000
2136 -129.0000000000
2201 -127.0000000000
2226 -125.0000000000
2299 -124.0000000000
2302 -122.0000000000
2321 -119.0000000000
2401 -118.0000000000
2413 -117.0000000000
2456 -116.0000000000
2504 -114.0000000000
2540 -113.0000000000
2566 -112.0000000000
2595 -110.0000000000
2631 -109.0000000000
2650 -108.0000000000
2697 -106.0000000000
2732 -104.0000000000
2768 -102.0000000000
2805 -101.0000000000
2871 -100.0000000000
2883 -99.0000000000
2924 -97.0000000000
2991 -96.0000000000
2993 -95.0000000000
3008 -94.0000000000
3026 -93.0000000000
3054 -90.0000000000
3120 -89.0000000000
3138 -87.0000000000
3205 -86.0000000000
3239 -85.0000000000
3302 -83.0000000000
3365 -82.0000000000
3414 -81.0000000000
3443 -80.0000000000
3477 -79.0000000000
3490 -78.0000000000
3553 -76.0000000000
3607 -75.0000000000
3661 -74.0000000000
3715 -71.0000000000
3808 -70.0000000000
3831 -69.0000000000
3850 -68.0000000000
3924 -66.0000000000
3955 -65.0000000000
4023 -63.0000000000
4089 -62.0000000000
4122 -60.0000000000
4159 -59.0000000000
4211 -58.0000000000
4237 -57.0000000000
4268 -56.0000000000
4286 -55.0000000000
4319 -54.0000000000
4334 -53.0000000000
4421 -52.0000000000
4508 -51.0000000000
4545 -50.0000000000
4574 -49.0000000000
4584 -48.0000000000
4643 -47.0000000000
4703 -46.0000000000
4752 -45.0000000000
4801 -43.0000000000
4899 -42.0000000000
4903 -40.0000000000
4931 -39.0000000000
5084 -37.0000000000
5121 -35.0000000000
5156 -34.0000000000
5264 -33.0000000000
5278 -32.0000000000
5361 -31.0000000000
5363 -30.0000000000
5411 -29.0000000000
5445 -28.0000000000
5547 -27.0000000000
5580 -26.0000000000
5638 -25.0000000000
5694 -24.0000000000
5728 -22.0000000000
5808 -21.0000000000
5862 -20.0000000000
5938 -19.0000000000
6026 -18.0000000000
6140 -17.0000000000
6210 -16.0000000000
6275 -15.0000000000
6414 -14.0000000000
6450 -13.0000000000
6592 -12.0000000000
6661 -11.0000000000
6811 -10.0000000000
6890 -9.0000000000
6981 -8.0000000000
7012 -7.0000000000
7062 -6.0000000000
7220 -5.0000000000
7312 -4.0000000000
7427 -3.0000000000
7443 -2.0000000000
7517 589.0000000000
7606 593.0000000000
7657 597.0000000000
7677 602.0000000000
7757 607.0000000000
7824 612.0000000000
7876 618.0000000000
9314 633.0000000000
9657 642.0000000000
9850 646.0000000000
10819 658.0000000000
11244 660.0000000000
12223 665.0000000000
12367 671.0000000000
12495 672.0000000000
12513 677.0000000000
21507 679.0000000000
23284 680.0000000000
23590 681.0000000000
26809 683.0000000000
35845 689.0000000000
48942 690.0000000000
57065 693.0000000000
63630 694.0000000000
64049 697.0000000000
77141 698.0000000000
78154 699.0000000000
79619 700.0000000000
79711 701.0000000000
79794 703.0000000000
88366 706.0000000000
100000 -2.0000000000
evaluations raw_y
1 -405.0000000000
2 -371.0000000000
5 -364.0000000000
10 -357.0000000000
16 -355.0000000000
28 -349.0000000000
36 -346.0000000000
68 -343.0000000000
72 -341.0000000000
90 -338.0000000000
104 -335.0000000000
107 -333.0000000000
109 -332.0000000000
127 -330.0000000000
139 -329.0000000000
142 -327.0000000000
159 -322.0000000000
174 -319.0000000000
184 -318.0000000000
203 -302.0000000000
235 -301.0000000000
267 -298.0000000000
274 -294.0000000000
288 -293.0000000000
319 -281.0000000000
338 -275.0000000000
376 -274.0000000000
379 -268.0000000000
384 -261.0000000000
460 -257.0000000000
468 -254.0000000000
472 -253.0000000000
503 -249.0000000000
508 -246.0000000000
544 -245.0000000000
545 -241.0000000000
571 -236.0000000000
601 -234.0000000000
626 -233.0000000000
628 -232.0000000000
639 -228.0000000000
687 -226.0000000000
702 -225.0000000000
703 -224.0000000000
717 -222.0000000000
721 -218.0000000000
769 -216.0000000000
773 -215.0000000000
797 -214.0000000000
816 -210.0000000000
866 -207.0000000000
888 -203.0000000000
924 -202.0000000000
927 -199.0000000000
943 -198.0000000000
1003 -196.0000000000
1027 -194.0000000000
1060 -193.0000000000
1065 -192.0000000000
1066 -191.0000000000
1071 -190.0000000000
1103 -188.0000000000
1141 -187.0000000000
1166 -182.0000000000
1247 -179.0000000000
1283 -177.0000000000
1307 -176.0000000000
1331 -174.0000000000
1363 -173.0000000000
1369 -172.0000000000
1378 -171.0000000000
1391 -169.0000000000
1407 -168.0000000000
1443 -167.0000000000
1450 -166.0000000000
1483 -163.0000000000
1516 -161.0000000000
1565 -160.0000000000
1598 -158.0000000000
1613 -156.0000000000
1631 -155.0000000000
1667 -154.0000000000
1682 -153.0000000000
1691 -152.0000000000
1723 -151.0000000000
1726 -149.0000000000
1743 -148.0000000000
1777 -147.0000000000
1781 -145.0000000000
1837 -144.0000000000
1846 -142.0000000000
1876 -141.0000000000
1903 -140.0000000000
1921 -137.0000000000
2002 -135.0000000000
2022 -133.0000000000
2074 -132.0000000000
2122 -131.0000000000
2147 -130.0000000000
2166 -129.0000000000
2167 -128.0000000000
2212 -127.0000000000
2249 -124.0000000000
2312 -123.0000000000
2314 -122.0000000000
2382 -120.0000000000
2453 -118.0000000000
2517 -117.0000000000
2561 -116.0000000000
2566 -115.0000000000
2625 -114.0000000000
2641 -113.0000000000
2656 -111.0000000000
2741 -110.0000000000
2754 -109.0000000000
2781 -107.0000000000
2819 -106.0000000000
2876 -105.0000000000
2880 -104.0000000000
2906 -103.0000000000
2948 -101.0000000000
3007 -100.0000000000
3016 -99.0000000000
3033 -98.0000000000
3081 -97.0000000000
3107 -96.0000000000
3129 -95.0000000000
3153 -94.0000000000
3182 -93.0000000000
3233 -92.0000000000
3263 -90.0000000000
3344 -87.0000000000
3381 -86.0000000000
3482 -85.0000000000
3495 -84.0000000000
3525 -83.0000000000
3555 -82.0000000000
3561 -81.0000000000
3578 -80.0000000000
3592 -79.0000000000
3643 -78.0000000000
3708 -76.0000000000
3728 -75.0000000000
3784 -73.0000000000
3822 -72.0000000000
3864 -71.0000000000
3889 -70.0000000000
3922 -69.0000000000
3947 -68.0000000000
3993 -66.0000000000
4006 -65.0000000000
4062 -64.0000000000
4108 -62.0000000000
4153 -61.0000000000
4212 -60.0000000000
4246 -58.0000000000
4277 -57.0000000000
4286 -56.0000000000
4333 -54.0000000000
4384 -52.0000000000
4422 -51.0000000000
4512 -50.0000000000
4545 -49.0000000000
4606 -48.0000000000
4650 -47.0000000000
4721 -46.0000000000
4784 -43.0000000000
4876 -41.0000000000
4954 -40.0000000000
4965 -38.0000000000
5068 -37.0000000000
5099 -36.0000000000
5135 -35.0000000000
5202 -34.0000000000
5256 -33.0000000000
5326 -32.0000000000
5382 -31.0000000000
5428 -30.0000000000
5479 -29.0000000000
5563 -28.0000000000
5669 -27.0000000000
5734 -26.0000000000
5851 -25.0000000000
5863 -24.0000000000
5951 -23.0000000000
6025 -22.0000000000
6042 -21.0000000000
6096 -20.0000000000
6161 -19.0000000000
6243 -18.0000000000
6345 -17.0000000000
6473 -16.0000000000
6568 -15.0000000000
6669 -14.0000000000
6745 -13.0000000000
7010 -12.0000000000
7173 -11.0000000000
7221 -10.0000000000
7310 -9.0000000000
7340 -8.0000000000
7372 -7.0000000000
7490 -6.0000000000
7585 -5.0000000000
7670 -4.0000000000
7747 -3.0000000000
7823 -2.0000000000
7902 561.0000000000
7961 571.0000000000
8086 583.0000000000
8189 593.0000000000
8311 607.0000000000
8407 621.0000000000
8449 624.0000000000
8613 627.0000000000
8633 632.0000000000
8645 638.0000000000
8743 644.0000000000
8766 645.0000000000
8862 656.0000000000
9257 657.0000000000
9483 659.0000000000
9489 660.0000000000
9620 674.0000000000
13528 678.0000000000
14759 688.0000000000
21726 691.0000000000
44841 692.0000000000
44933 697.0000000000
45072 700.0000000000
100000 700.0000000000
evaluations raw_y
1 -369.0000000000
3 -348.0000000000
53 -339.0000000000
54 -336.0000000000
72 -334.0000000000
97 -331.0000000000
103 -330.0000000000
105 -328.0000000000
124 -325.0000000000
134 -324.0000000000
135 -318.0000000000
161 -311.0000000000
203 -300.0000000000
241 -299.0000000000
245 -298.0000000000
261 -297.0000000000
263 -291.0000000000
301 -284.0000000000
314 -283.0000000000
325 -282.0000000000
331 -280.0000000000
343 -279.0000000000
381 -272.0000000000
404 -263.0000000000
456 -262.0000000000
461 -260.0000000000
466 -259.0000000000
476 -255.0000000000
507 -253.0000000000
529 -251.0000000000
535 -249.0000000000
550 -247.0000000000
570 -243.0000000000
583 -240.0000000000
608 -239.0000000000
642 -235.0000000000
656 -230.0000000000
697 -226.0000000000
724 -225.0000000000
754 -224.0000000000
768 -220.0000000000
791 -217.0000000000
849 -214.0000000000
907 -212.0000000000
923 -211.0000000000
946 -208.0000000000
948 -207.0000000000
962 -205.0000000000
1041 -203.0000000000
1061 -202.0000000000
1085 -198.0000000000
1096 -197.0000000000
1140 -196.0000000000
1143 -195.0000000000
1161 -194.0000000000
1172 -193.0000000000
1215 -192.0000000000
1221 -190.0000000000
1254 -188.0000000000
1265 -184.0000000000
1313 -183.0000000000
1355 -181.0000000000
1403 -180.0000000000
1420 -179.0000000000
1444 -175.0000000000
1482 -173.0000000000
1540 -172.0000000000
1569 -171.0000000000
1592 -169.0000000000
1604 -168.0000000000
1622 -166.0000000000
1681 -165.0000000000
1706 -163.0000000000
1724 -162.0000000000
1755 -161.0000000000
1782 -160.0000000000
1804 -158.0000000000
1847 -157.0000000000
1859 -156.0000000000
1887 -155.0000000000
1889 -154.0000000000
1914 -152.0000000000
1939 -149.0000000000
1975 -148.0000000000
1990 -147.0000000000
2027 -146.0000000000
2045 -145.0000000000
2066 -144.0000000000
2069 -143.0000000000
2129 -142.0000000000
2152 -141.0000000000
2181 -139.0000000000
2204 -138.0000000000
2279 -137.0000000000
2300 -136.0000000000
2331 -135.0000000000
2347 -134.0000000000
2402 -133.0000000000
2424 -130.0000000000
2468 -129.0000000000
2507 -127.0000000000
2566 -126.0000000000
2577 -125.0000000000
2598 -124.0000000000
2648 -123.0000000000
2682 -122.0000000000
2704 -120.0000000000
2723 -119.0000000000
2769 -118.0000000000
2789 -117.0000000000
2805 -112.0000000000
2916 -111.0000000000
2954 -110.0000000000
3012 -109.0000000000
3043 -108.0000000000
3061 -107.0000000000
3084 -106.0000000000
3101 -104.0000000000
3157 -103.0000000000
3163 -102.0000000000
3188 -101.0000000000
3193 -99.0000000000
3224 -97.0000000000
3273 -95.0000000000
3321 -94.0000000000
3375 -93.0000000000
3378 -90.0000000000
3468 -89.0000000000
3501 -88.0000000000
3538 -87.0000000000
3543 -86.0000000000
3586 -85.0000000000
3609 -84.0000000000
3639 -83.0000000000
3642 -82.0000000000
3665 -80.0000000000
3678 -79.0000000000
3702 -78.0000000000
3735 -76.0000000000
3786 -75.0000000000
3813 -74.0000000000
3892 -73.0000000000
3913 -72.0000000000
3926 -71.0000000000
3992 -70.0000000000
4045 -69.0000000000
4083 -68.0000000000
4110 -67.0000000000
4149 -66.0000000000
4190 -65.0000000000
4265 -64.0000000000
4266 -63.0000000000
4347 -62.0000000000
4397 -61.0000000000
4411 -60.0000000000
4444 -59.0000000000
4555 -58.0000000000
4590 -57.0000000000
4621 -56.0000000000
4721 -55.0000000000
4814 -54.0000000000
4849 -52.0000000000
4951 -51.0000000000
4978 -50.0000000000
5004 -49.0000000000
5029 -48.0000000000
5100 -47.0000000000
5134 -44.0000000000
5217 -43.0000000000
5219 -42.0000000000
5291 -41.0000000000
5331 -40.0000000000
5379 -39.0000000000
5470 -38.0000000000
5544 -37.0000000000
5599 -36.0000000000
5621 -35.0000000000
5666 -34.0000000000
5696 -33.0000000000
5726 -32.0000000000
5812 -30.0000000000
5886 -29.0000000000
5909 -28.0000000000
5974 -27.0000000000
6041 -26.0000000000
6063 -25.0000000000
6159 -24.0000000000
6214 -22.0000000000
6245 -21.0000000000
6393 -20.0000000000
6396 -19.0000000000
6481 -18.0000000000
6555 -17.0000000000
6699 -16.0000000000
6850 -14.0000000000
6975 -13.0000000000
7010 -12.0000000000
7130 -11.0000000000
7181 -10.0000000000
7283 -9.0000000000
7525 -8.0000000000
7681 -7.0000000000
7797 -6.0000000000
7878 -5.0000000000
7941 -4.0000000000
8032 -3.0000000000
8138 -2.0000000000
8231 -1.0000000000
8280 592.0000000000
8323 602.0000000000
8328 614.0000000000
8346 615.0000000000
8402 619.0000000000
8459 638.0000000000
8687 642.0000000000
8963 645.0000000000
9021 646.0000000000
9024 649.0000000000
9124 653.0000000000
9136 656.0000000000
10219 662.0000000000
10692 665.0000000000
10760 670.0000000000
10989 671.0000000000
11089 680.0000000000
19093 681.0000000000
41969 687.0000000000
64046 689.0000000000
64435 692.0000000000
82078 693.0000000000
85992 695.0000000000
98622 700.0000000000
100000 -2.0000000000
evaluations raw_y
1 -366.0000000000
10 -349.0000000000
50 -348.0000000000
64 -346.0000000000
66 -345.0000000000
72 -342.0000000000
73 -336.0000000000
99 -334.0000000000
101 -331.0000000000
113 -329.0000000000
121 -325.0000000000
143 -323.0000000000
144 -322.0000000000
170 -316.0000000000
172 -313.0000000000
180 -306.0000000000
214 -302.0000000000
222 -300.0000000000
237 -295.0000000000
295 -291.0000000000
302 -282.0000000000
365 -280.0000000000
376 -279.0000000000
390 -277.0000000000
391 -274.0000000000
396 -270.0000000000
445 -269.0000000000
467 -267.0000000000
469 -265.0000000000
481 -263.0000000000
484 -260.0000000000
510 -258.0000000000
511 -257.0000000000
538 -250.0000000000
559 -244.0000000000
622 -240.0000000000
648 -239.0000000000
661 -235.0000000000
683 -233.0000000000
701 -231.0000000000
716 -230.0000000000
728 -225.0000000000
757 -221.0000000000
812 -220.0000000000
828 -217.0000000000
863 -214.0000000000
903 -212.0000000000
917 -211.0000000000
928 -209.0000000000
933 -206.0000000000
962 -203.0000000000
982 -200.0000000000
1061 -198.0000000000
1111 -197.0000000000
1132 -196.0000000000
1146 -195.0000000000
1155 -193.0000000000
1196 -190.0000000000
1228 -189.0000000000
1262 -186.0000000000
1292 -185.0000000000
1317 -184.0000000000
1347 -183.0000000000
1370 -182.0000000000
1384 -179.0000000000
1443 -177.0000000000
1462 -176.0000000000
1491 -175.0000000000
1518 -173.0000000000
1538 -172.0000000000
1570 -168.0000000000
1606 -167.0000000000
1627 -165.0000000000
1643 -164.0000000000
1720 -163.0000000000
1737 -162.0000000000
1741 -160.0000000000
1765 -159.0000000000
1783 -157.0000000000
1786 -155.0000000000
1865 -153.0000000000
1901 -152.0000000000
1903 -151.0000000000
1905 -150.0000000000
1921 -149.0000000000
1972 -148.0000000000
1987 -147.0000000000
2036 -146.0000000000
2047 -144.0000000000
2048 -143.0000000000
2068 -140.0000000000
2102 -139.0000000000
2145 -138.0000000000
2161 -136.0000000000
2187 -135.0000000000
2197 -134.0000000000
2233 -133.0000000000
2241 -132.0000000000
2244 -131.0000000000
2297 -130.0000000000
2327 -129.0000000000
2333 -128.0000000000
2347 -127.0000000000
2361 -124.0000000000
2447 -123.0000000000
2492 -122.0000000000
2503 -121.0000000000
2504 -120.0000000000
2545 -119.0000000000
2571 -118.0000000000
2587 -116.0000000000
2627 -115.0000000000
2687 -114.0000000000
2702 -113.0000000000
2704 -111.0000000000
2729 -110.0000000000
2737 -109.0000000000
2742 -108.0000000000
2781 -106.0000000000
2827 -103.0000000000
2924 -102.0000000000
2969 -101.0000000000
3037 -100.0000000000
3079 -99.0000000000
3084 -98.0000000000
3089 -97.0000000000
3130 -95.0000000000
3199 -94.0000000000
3226 -93.0000000000
3253 -92.0000000000
3304 -91.0000000000
3389 -90.0000000000
3404 -89.0000000000
3450 -87.0000000000
3470 -86.0000000000
3495 -85.0000000000
3533 -84.0000000000
3566 -83.0000000000
3617 -81.0000000000
3646 -79.0000000000
3686 -78.0000000000
3730 -77.0000000000
3769 -76.0000000000
3778 -75.0000000000
3835 -73.0000000000
3867 -72.0000000000
3906 -70.0000000000
3952 -69.0000000000
3997 -67.0000000000
4049 -66.0000000000
4084 -65.0000000000
4099 -63.0000000000
4163 -62.0000000000
4218 -61.0000000000
4238 -60.0000000000
4265 -59.0000000000
4284 -57.0000000000
4327 -56.0000000000
4441 -55.0000000000
4496 -54.0000000000
4547 -53.0000000000
4587 -52.0000000000
4664 -51.0000000000
4721 -50.0000000000
4799 -49.0000000000
4802 -48.0000000000
4819 -47.0000000000
4869 -46.0000000000
4941 -45.0000000000
4971 -44.0000000000
4998 -43.0000000000
5058 -41.0000000000
5172 -40.0000000000
5196 -39.0000000000
5231 -38.0000000000
5252 -37.0000000000
5331 -36.0000000000
5363 -34.0000000000
5487 -33.0000000000
5508 -32.0000000000
5608 -31.0000000000
5716 -30.0000000000
5751 -29.0000000000
5814 -28.0000000000
5951 -26.0000000000
6028 -25.0000000000
6134 -24.0000000000
6174 -23.0000000000
6234 -22.0000000000
6290 -21.0000000000
6338 -20.0000000000
6385 -19.0000000000
6470 -18.0000000000
6535 -17.0000000000
6622 -16.0000000000
6679 -15.0000000000
6721 -14.0000000000
6722 -13.0000000000
6833 -12.0000000000
6878 -11.0000000000
6903 -10.0000000000
6998 -9.0000000000
7051 -8.0000000000
7138 -7.0000000000
7208 -6.0000000000
7279 -5.0000000000
7373 -4.0000000000
7601 -3.0000000000
7670 -2.0000000000
7721 -1.0000000000
7792 582.0000000000
7859 605.0000000000
7930 619.0000000000
8405 628.0000000000
8524 630.0000000000
9292 641.0000000000
9344 648.0000000000
9674 649.0000000000
11371 654.0000000000
11539 655.0000000000
13723 666.0000000000
17278 677.0000000000
17483 683.0000000000
20776 690.0000000000
45039 693.0000000000
100000 -2.0000000000
evaluations raw_y
1 -362.0000000000
2 -352.0000000000
9 -350.0000000000
17 -349.0000000000
23 -348.0000000000
43 -345.0000000000
45 -341.0000000000
52 -340.0000000000
66 -330.0000000000
77 -327.0000000000
87 -326.0000000000
92 -316.0000000000
141 -306.0000000000
150 -299.0000000000
183 -296.0000000000
184 -295.0000000000
208 -287.0000000000
215 -286.0000000000
244 -284.0000000000
246 -281.0000000000
252 -280.0000000000
275 -279.0000000000
293 -274.0000000000
306 -272.0000000000
323 -270.0000000000
328 -257.0000000000
379 -256.0000000000
417 -250.0000000000
453 -249.0000000000
459 -237.0000000000
499 -235.0000000000
547 -226.0000000000
623 -220.0000000000
690 -215.0000000000
728 -211.0000000000
773 -210.0000000000
789 -209.0000000000
792 -207.0000000000
804 -204.0000000000
822 -202.0000000000
853 -201.0000000000
866 -196.0000000000
895 -194.0000000000
911 -192.0000000000
951 -191.0000000000
956 -190.0000000000
985 -186.0000000000
987 -184.0000000000
1050 -182.0000000000
1064 -178.0000000000
1108 -176.0000000000
1154 -172.0000000000
1209 -168.0000000000
1252 -166.0000000000
1267 -165.0000000000
1292 -164.0000000000
1334 -163.0000000000
1337 -160.0000000000
1365 -157.0000000000
1400 -155.0000000000
1407 -154.0000000000
1457 -153.0000000000
1507 -149.0000000000
1569 -147.0000000000
1589 -146.0000000000
1647 -144.0000000000
1676 -143.0000000000
1728 -142.0000000000
1743 -141.0000000000
1744 -140.0000000000
1821 -138.0000000000
1869 -136.0000000000
1902 -134.0000000000
2009 -132.0000000000
2078 -129.0000000000
2156 -128.0000000000
2185 -127.0000000000
2224 -125.0000000000
2235 -123.0000000000
2278 -122.0000000000
2411 -121.0000000000
2445 -118.0000000000
2503 -117.0000000000
2535 -116.0000000000
2578 -115.0000000000
2590 -113.0000000000
2623 -112.0000000000
2672 -111.0000000000
2724 -110.0000000000
2757 -108.0000000000
2759 -106.0000000000
2838 -105.0000000000
2863 -104.0000000000
2916 -103.0000000000
2953 -102.0000000000
2984 -101.0000000000
2985 -100.0000000000
3025 -99.0000000000
3034 -97.0000000000
3044 -96.0000000000
3104 -95.0000000000
3143 -93.0000000000
3175 -92.0000000000
3243 -90.0000000000
3280 -87.0000000000
3368 -86.0000000000
3398 -85.0000000000
3401 -84.0000000000
3465 -81.0000000000
3501 -80.0000000000
3552 -79.0000000000
3604 -78.0000000000
3643 -77.0000000000
3698 -76.0000000000
3701 -75.0000000000
3757 -74.0000000000
3789 -73.0000000000
3801 -72.0000000000
3858 -69.0000000000
3941 -68.0000000000
4012 -67.0000000000
4042 -66.0000000000
4074 -65.0000000000
4102 -64.0000000000
4186 -63.0000000000
4188 -62.0000000000
4190 -61.0000000000
4239 -60.0000000000
4344 -59.0000000000
4373 -58.0000000000
4433 -57.0000000000
4516 -56.0000000000
4564 -54.0000000000
4586 -53.0000000000
4629 -51.0000000000
4733 -50.0000000000
4747 -49.0000000000
4805 -48.0000000000
4841 -47.0000000000
4872 -46.0000000000
4930 -45.0000000000
5024 -44.0000000000
5065 -42.0000000000
5085 -40.0000000000
5154 -39.0000000000
5202 -38.0000000000
5280 -37.0000000000
5290 -36.0000000000
5308 -35.0000000000
5421 -34.0000000000
5472 -33.0000000000
5508 -32.0000000000
5554 -31.0000000000
5647 -30.0000000000
5673 -29.0000000000
5684 -28.0000000000
5836 -27.0000000000
5903 -26.0000000000
5952 -25.0000000000
6017 -24.0000000000
6118 -23.0000000000
6158 -22.0000000000
6203 -21.0000000000
6239 -20.0000000000
6290 -19.0000000000
6419 -17.0000000000
6539 -16.0000000000
6621 -15.0000000000
6712 -14.0000000000
6742 -13.0000000000
6882 -12.0000000000
6932 -11.0000000000
7037 -10.0000000000
7085 -9.0000000000
7168 -8.0000000000
7293 -7.0000000000
7493 -6.0000000000
7704 -5.0000000000
7901 -4.0000000000
8000 -3.0000000000
8090 -2.0000000000
8205 -1.0000000000
8474 609.0000000000
9110 613.0000000000
9320 614.0000000000
10473 627.0000000000
10799 628.0000000000
10969 629.0000000000
10985 631.0000000000
11106 633.0000000000
11298 634.0000000000
11750 647.0000000000
12092 648.0000000000
12143 654.0000000000
12379 656.0000000000
12500 660.0000000000
12757 664.0000000000
13537 667.0000000000
13583 673.0000000000
13617 676.0000000000
13756 677.0000000000
13766 689.0000000000
100000 689.0000000000
evaluations raw_y
1 -367.0000000000
3 -365.0000000000
6 -350.0000000000
13 -349.0000000000
28 -340.0000000000
49 -337.0000000000
70 -333.0000000000
71 -323.0000000000
111 -315.0000000000
119 -314.0000000000
128 -304.0000000000
164 -302.0000000000
184 -301.0000000000
201 -300.0000000000
228 -299.0000000000
235 -296.0000000000
247 -294.0000000000
257 -284.0000000000
281 -283.0000000000
303 -278.0000000000
315 -261.0000000000
375 -252.0000000000
455 -251.0000000000
461 -250.0000000000
465 -247.0000000000
499 -241.0000000000
515 -240.0000000000
529 -236.0000000000
546 -232.0000000000
594 -229.0000000000
632 -227.0000000000
640 -224.0000000000
662 -222.0000000000
669 -221.0000000000
683 -218.0000000000
713 -216.0000000000
723 -215.0000000000
730 -213.0000000000
751 -207.0000000000
827 -203.0000000000
846 -202.0000000000
883 -199.0000000000
899 -197.0000000000
950 -196.0000000000
956 -195.0000000000
984 -193.0000000000
1026 -192.0000000000
1050 -190.0000000000
1079 -189.0000000000
1124 -188.0000000000
1137 -186.0000000000
1141 -185.0000000000
1148 -181.0000000000
1246 -179.0000000000
1259 -176.0000000000
1295 -175.0000000000
1303 -174.0000000000
1317 -172.0000000000
1361 -169.0000000000
1413 -168.0000000000
1434 -166.0000000000
1475 -165.0000000000
1480 -163.0000000000
1525 -162.0000000000
1536 -161.0000000000
1547 -160.0000000000
1554 -159.0000000000
1601 -158.0000000000
1604 -156.0000000000
1668 -155.0000000000
1685 -154.0000000000
1697 -153.0000000000
1708 -152.0000000000
1716 -151.0000000000
1718 -150.0000000000
1748 -147.0000000000
1768 -146.0000000000
1789 -145.0000000000
1824 -144.0000000000
1842 -143.0000000000
1883 -141.0000000000
1923 -140.0000000000
1987 -139.0000000000
2009 -138.0000000000
2026 -135.0000000000
2047 -132.0000000000
2076 -131.0000000000
2116 -130.0000000000
2154 -129.0000000000
2180 -128.0000000000
2194 -127.0000000000
2204 -126.0000000000
2241 -123.0000000000
2265 -122.0000000000
2339 -119.0000000000
2396 -118.0000000000
2413 -117.0000000000
2451 -114.0000000000
2517 -113.0000000000
2536 -111.0000000000
2541 -109.0000000000
2601 -108.0000000000
2653 -106.0000000000
2746 -103.0000000000
2784 -102.0000000000
2866 -101.0000000000
2896 -99.0000000000
2932 -97.0000000000
3007 -96.0000000000
3024 -95.0000000000
3055 -94.0000000000
3062 -93.0000000000
3082 -91.0000000000
3143 -90.0000000000
3165 -89.0000000000
3200 -88.0000000000
3244 -87.0000000000
3307 -84.0000000000
3347 -83.0000000000
3409 -82.0000000000
3424 -81.0000000000
3488 -80.0000000000
3503 -79.0000000000
3593 -78.0000000000
3623 -77.0000000000
3667 -76.0000000000
3693 -75.0000000000
3715 -74.0000000000
3764 -73.0000000000
3775 -72.0000000000
3837 -71.0000000000
3862 -70.0000000000
3882 -69.0000000000
3936 -68.0000000000
3962 -67.0000000000
3974 -66.0000000000
4012 -65.0000000000
4024 -63.0000000000
4123 -62.0000000000
4164 -60.0000000000
4201 -59.0000000000
4232 -57.0000000000
4304 -56.0000000000
4310 -55.0000000000
4433 -54.0000000000
4484 -53.0000000000
4497 -52.0000000000
4567 -51.0000000000
4654 -50.0000000000
4712 -49.0000000000
4757 -47.0000000000
4806 -46.0000000000
4862 -45.0000000000
4927 -42.0000000000
4971 -41.0000000000
5031 -40.0000000000
5103 -39.0000000000
5125 -38.0000000000
5163 -37.0000000000
5226 -36.0000000000
5243 -34.0000000000
5287 -33.0000000000
5380 -31.0000000000
5431 -30.0000000000
5521 -29.0000000000
5564 -27.0000000000
5636 -26.0000000000
5637 -25.0000000000
5792 -24.0000000000
5810 -23.0000000000
5987 -22.0000000000
6010 -21.0000000000
6091 -20.0000000000
6141 -18.0000000000
6235 -17.0000000000
6274 -16.0000000000
6366 -15.0000000000
6393 -14.0000000000
6486 -13.0000000000
6563 -12.0000000000
6648 -11.0000000000
6945 -10.0000000000
7120 -9.0000000000
7170 -8.0000000000
7257 -7.0000000000
7376 -6.0000000000
7428 -5.0000000000
7553 -4.0000000000
7643 -3.0000000000
7661 -2.0000000000
7841 -1.0000000000
8067 611.0000000000
8116 620.0000000000
8143 636.0000000000
8245 644.0000000000
8416 646.0000000000
8836 647.0000000000
9004 649.0000000000
9137 651.0000000000
12029 652.0000000000
13264 653.0000000000
13465 654.0000000000
13494 656.0000000000
13666 659.0000000000
14173 661.0000000000
14668 668.0000000000
14740 672.0000000000
14887 676.0000000000
15183 677.0000000000
16819 678.0000000000
22647 681.0000000000
22768 682.0000000000
44246 683.0000000000
46307 687.0000000000
59745 688.0000000000
100000 -1.0000000000
evaluations raw_y
1 -380.0000000000
2 -359.0000000000
10 -348.0000000000
19 -337.0000000000
108 -330.0000000000
124 -308.0000000000
172 -307.0000000000
190 -305.0000000000
202 -299.0000000000
225 -296.0000000000
232 -293.0000000000
250 -283.0000000000
284 -275.0000000000
341 -274.0000000000
345 -268.0000000000
379 -267.0000000000
381 -263.0000000000
383 -256.0000000000
424 -252.0000000000
454 -249.0000000000
484 -243.0000000000
537 -238.0000000000
563 -236.0000000000
566 -233.0000000000
584 -226.0000000000
678 -223.0000000000
700 -222.0000000000
710 -219.0000000000
720 -218.0000000000
734 -217.0000000000
746 -215.0000000000
764 -213.0000000000
800 -212.0000000000
807 -210.0000000000
826 -204.0000000000
862 -200.0000000000
905 -199.0000000000
951 -197.0000000000
964 -196.0000000000
990 -193.0000000000
1003 -192.0000000000
1048 -191.0000000000
1060 -190.0000000000
1080 -189.0000000000
1084 -187.0000000000
1136 -186.0000000000
1139 -185.0000000000
1182 -184.0000000000
1209 -181.0000000000
1223 -180.0000000000
1245 -178.0000000000
1293 -177.0000000000
1335 -174.0000000000
1397 -173.0000000000
1407 -172.0000000000
1425 -170.0000000000
1433 -168.0000000000
1448 -166.0000000000
1503 -164.0000000000
1526 -162.0000000000
1546 -160.0000000000
1638 -159.0000000000
1664 -158.0000000000
1683 -157.0000000000
1685 -156.0000000000
1724 -155.0000000000
1745 -154.0000000000
1764 -153.0000000000
1789 -152.0000000000
1806 -151.0000000000
1836 -149.0000000000
1879 -148.0000000000
1882 -146.0000000000
1915 -145.0000000000
1964 -144.0000000000
1986 -142.0000000000
2026 -140.0000000000
2115 -139.0000000000
2131 -138.0000000000
2183 -136.0000000000
2192 -135.0000000000
2219 -134.0000000000
2236 -133.0000000000
2259 -131.0000000000
2287 -128.0000000000
2362 -127.0000000000
2381 -125.0000000000
2411 -124.0000000000
2448 -123.0000000000
2511 -122.0000000000
2549 -120.0000000000
2609 -119.0000000000
2626 -117.0000000000
2684 -115.0000000000
2748 -114.0000000000
2762 -113.0000000000
2802 -112.0000000000
2821 -111.0000000000
2835 -110.0000000000
2867 -109.0000000000
2903 -108.0000000000
2954 -106.0000000000
2996 -105.0000000000
3004 -104.0000000000
3008 -103.0000000000
3082 -102.0000000000
3085 -100.0000000000
3137 -97.0000000000
3208 -95.0000000000
3224 -93.0000000000
3254 -91.0000000000
3334 -90.0000000000
3370 -88.0000000000
3400 -87.0000000000
3415 -86.0000000000
3425 -84.0000000000
3464 -83.0000000000
3483 -82.0000000000
3537 -81.0000000000
3577 -80.0000000000
3585 -79.0000000000
3636 -76.0000000000
3705 -75.0000000000
3782 -74.0000000000
3796 -73.0000000000
3817 -72.0000000000
3854 -71.0000000000
3931 -70.0000000000
4010 -68.0000000000
4128 -67.0000000000
4159 -66.0000000000
4204 -65.0000000000
4228 -64.0000000000
4265 -63.0000000000
4281 -62.0000000000
4323 -61.0000000000
4325 -60.0000000000
4405 -59.0000000000
4410 -57.0000000000
4452 -56.0000000000
4563 -55.0000000000
4590 -54.0000000000
4623 -53.0000000000
4670 -52.0000000000
4755 -50.0000000000
4807 -48.0000000000
4885 -47.0000000000
4972 -46.0000000000
4991 -45.0000000000
5074 -44.0000000000
5160 -43.0000000000
5163 -42.0000000000
5271 -41.0000000000
5362 -40.0000000000
5417 -39.0000000000
5474 -38.0000000000
5549 -37.0000000000
5604 -36.0000000000
5647 -35.0000000000
5666 -34.0000000000
5697 -33.0000000000
5715 -32.0000000000
5795 -31.0000000000
5839 -30.0000000000
5894 -29.0000000000
5927 -27.0000000000
6029 -26.0000000000
6071 -25.0000000000
6082 -24.0000000000
6157 -23.0000000000
6194 -22.0000000000
6295 -21.0000000000
6341 -20.0000000000
6378 -19.0000000000
6452 -18.0000000000
6508 -16.0000000000
6586 -15.0000000000
6665 -14.0000000000
6765 -13.0000000000
6862 -12.0000000000
6947 -11.0000000000
7038 -10.0000000000
7112 -9.0000000000
7195 -8.0000000000
7303 -7.0000000000
7383 -6.0000000000
7422 -4.0000000000
7534 -3.0000000000
8012 -2.0000000000
8257 -1.0000000000
8283 596.0000000000
8966 604.0000000000
9037 610.0000000000
9145 615.0000000000
9271 618.0000000000
11803 624.0000000000
11953 629.0000000000
12564 636.0000000000
14460 646.0000000000
14649 649.0000000000
17335 656.0000000000
17623 661.0000000000
17740 663.0000000000
17950 664.0000000000
22787 666.0000000000
24934 674.0000000000
25088 675.0000000000
25208 676.0000000000
25216 678.0000000000
25295 686.0000000000
45060 687.0000000000
54645 688.0000000000
54950 693.0000000000
71705 697.0000000000
76252 699.0000000000
76619 701.0000000000
100000 -2.0000000000
evaluations raw_y
1 -346.0000000000
44 -338.0000000000
97 -335.0000000000
102 -325.0000000000
128 -319.0000000000
144 -314.0000000000
162 -309.0000000000
193 -302.0000000000
222 -299.0000000000
225 -298.0000000000
232 -296.0000000000
249 -295.0000000000
255 -293.0000000000
262 -284.0000000000
276 -279.0000000000
308 -276.0000000000
321 -275.0000000000
343 -271.0000000000
368 -264.0000000000
403 -260.0000000000
416 -259.0000000000
438 -256.0000000000
454 -252.0000000000
457 -249.0000000000
481 -247.0000000000
484 -246.0000000000
505 -245.0000000000
511 -244.0000000000
513 -242.0000000000
521 -239.0000000000
563 -238.0000000000
565 -229.0000000000
585 -228.0000000000
604 -226.0000000000
608 -224.0000000000
623 -223.0000000000
629 -221.0000000000
644 -220.0000000000
660 -219.0000000000
689 -213.0000000000
705 -212.0000000000
717 -208.0000000000
737 -207.0000000000
754 -204.0000000000
781 -202.0000000000
799 -201.0000000000
800 -197.0000000000
801 -196.0000000000
832 -194.0000000000
864 -192.0000000000
866 -187.0000000000
924 -182.0000000000
951 -181.0000000000
1001 -179.0000000000
1016 -176.0000000000
1043 -175.0000000000
1063 -171.0000000000
1120 -169.0000000000
1124 -168.0000000000
1128 -166.0000000000
1187 -165.0000000000
1240 -163.0000000000
1285 -160.0000000000
1286 -157.0000000000
1311 -156.0000000000
1382 -154.0000000000
1400 -153.0000000000
1444 -152.0000000000
1485 -151.0000000000
1490 -150.0000000000
1508 -149.0000000000
1552 -148.0000000000
1561 -147.0000000000
1583 -146.0000000000
1609 -144.0000000000
1647 -143.0000000000
1682 -142.0000000000
1684 -139.0000000000
1758 -138.0000000000
1760 -136.0000000000
1793 -135.0000000000
1802 -134.0000000000
1841 -133.0000000000
1852 -132.0000000000
1872 -131.0000000000
1902 -130.0000000000
1922 -129.0000000000
1960 -128.0000000000
1982 -126.0000000000
1994 -125.0000000000
2003 -123.0000000000
2060 -120.0000000000
2062 -119.0000000000
2116 -118.0000000000
2133 -117.0000000000
2158 -116.0000000000
2178 -114.0000000000
2207 -113.0000000000
2229 -112.0000000000
2253 -111.0000000000
2288 -109.0000000000
2312 -108.0000000000
2356 -107.0000000000
2370 -105.0000000000
2404 -104.0000000000
2412 -103.0000000000
2465 -101.0000000000
2490 -98.0000000000
2560 -97.0000000000
2568 -96.0000000000
2636 -95.0000000000
2649 -93.0000000000
2717 -92.0000000000
2768 -91.0000000000
2783 -89.0000000000
2821 -88.0000000000
2825 -87.0000000000
2848 -85.0000000000
2914 -82.0000000000
3030 -81.0000000000
3042 -80.0000000000
3064 -78.0000000000
3113 -77.0000000000
3134 -76.0000000000
3139 -75.0000000000
3147 -74.0000000000
3201 -73.0000000000
3250 -70.0000000000
3363 -69.0000000000
3385 -67.0000000000
3419 -65.0000000000
3504 -64.0000000000
3533 -63.0000000000
3575 -61.0000000000
3636 -60.0000000000
3673 -59.0000000000
3708 -56.0000000000
3745 -55.0000000000
3768 -54.0000000000
3838 -52.0000000000
3885 -51.0000000000
3915 -50.0000000000
3929 -49.0000000000
4026 -48.0000000000
4068 -47.0000000000
4128 -45.0000000000
4186 -44.0000000000
4257 -43.0000000000
4311 -42.0000000000
4354 -41.0000000000
4423 -40.0000000000
4489 -38.0000000000
4561 -37.0000000000
4665 -36.0000000000
4681 -35.0000000000
4720 -34.0000000000
4770 -33.0000000000
4872 -32.0000000000
4934 -31.0000000000
5016 -29.0000000000
5138 -28.0000000000
5205 -27.0000000000
5253 -26.0000000000
5280 -25.0000000000
5285 -24.0000000000
5316 -23.0000000000
5399 -22.0000000000
5471 -21.0000000000
5572 -20.0000000000
5609 -19.0000000000
5694 -18.0000000000
5749 -17.0000000000
5880 -16.0000000000
5911 -15.0000000000
6086 -14.0000000000
6149 -13.0000000000
6409 -12.0000000000
6519 -11.0000000000
6639 -10.0000000000
6800 -8.0000000000
6893 -7.0000000000
6942 -6.0000000000
7012 -5.0000000000
7177 -4.0000000000
7272 -3.0000000000
7482 -2.0000000000
7654 -1.0000000000
7747 586.0000000000
7819 613.0000000000
7994 622.0000000000
9431 626.0000000000
9620 636.0000000000
10582 638.0000000000
10758 639.0000000000
10865 644.0000000000
10874 645.0000000000
10876 655.0000000000
12483 658.0000000000
13362 665.0000000000
14461 668.0000000000
15708 671.0000000000
19948 672.0000000000
22815 674.0000000000
32020 676.0000000000
44434 677.0000000000
53285 684.0000000000
54891 685.0000000000
57730 690.0000000000
80765 693.0000000000
99511 696.0000000000
100000 -2.0000000000
evaluations raw_y
1 -360.0000000000
7 -351.0000000000
65 -345.0000000000
73 -339.0000000000
83 -334.0000000000
122 -332.0000000000
125 -329.0000000000
131 -328.0000000000
151 -325.0000000000
161 -323.0000000000
172 -322.0000000000
181 -318.0000000000
196 -315.0000000000
202 -311.0000000000
208 -305.0000000000
223 -304.0000000000
245 -303.0000000000
261 -302.0000000000
267 -301.0000000000
289 -293.0000000000
295 -292.0000000000
303 -286.0000000000
328 -285.0000000000
344 -283.0000000000
349 -275.0000000000
372 -274.0000000000
380 -273.0000000000
385 -259.0000000000
415 -258.0000000000
456 -248.0000000000
477 -246.0000000000
490 -245.0000000000
499 -236.0000000000
534 -235.0000000000
564 -233.0000000000
574 -231.0000000000
595 -230.0000000000
597 -227.0000000000
601 -216.0000000000
671 -214.0000000000
704 -210.0000000000
748 -203.0000000000
802 -202.0000000000
806 -201.0000000000
813 -198.0000000000
856 -190.0000000000
902 -189.0000000000
914 -186.0000000000
965 -185.0000000000
1003 -182.0000000000
1010 -180.0000000000
1057 -177.0000000000
1098 -176.0000000000
1128 -172.0000000000
1154 -171.0000000000
1174 -170.0000000000
1181 -169.0000000000
1185 -165.0000000000
1224 -162.0000000000
1275 -160.0000000000
1288 -159.0000000000
1342 -158.0000000000
1363 -156.0000000000
1377 -154.0000000000
1403 -153.0000000000
1455 -151.0000000000
1463 -150.0000000000
1475 -148.0000000000
1495 -146.0000000000
1581 -145.0000000000
1590 -144.0000000000
1624 -142.0000000000
1672 -140.0000000000
1701 -137.0000000000
1828 -133.0000000000
1911 -132.0000000000
1949 -131.0000000000
1959 -130.0000000000
1987 -127.0000000000
2029 -126.0000000000
2083 -125.0000000000
2107 -122.0000000000
2155 -121.0000000000
2161 -120.0000000000
2207 -119.0000000000
2254 -118.0000000000
2284 -115.0000000000
2334 -114.0000000000
2342 -113.0000000000
2401 -112.0000000000
2415 -111.0000000000
2435 -108.0000000000
2461 -107.0000000000
2502 -106.0000000000
2522 -105.0000000000
2569 -102.0000000000
2587 -101.0000000000
2702 -98.0000000000
2740 -96.0000000000
2783 -95.0000000000
2865 -93.0000000000
2876 -92.0000000000
2926 -91.0000000000
2956 -89.0000000000
2961 -88.0000000000
2967 -87.0000000000
3021 -84.0000000000
3054 -83.0000000000
3093 -82.0000000000
3143 -81.0000000000
3172 -80.0000000000
3239 -79.0000000000
3278 -77.0000000000
3378 -74.0000000000
3458 -73.0000000000
3488 -72.0000000000
3539 -70.0000000000
3616 -68.0000000000
3667 -67.0000000000
3697 -66.0000000000
3747 -64.0000000000
3855 -63.0000000000
3862 -62.0000000000
3884 -61.0000000000
3949 -60.0000000000
4007 -57.0000000000
4043 -56.0000000000
4103 -55.0000000000
4128 -54.0000000000
4144 -53.0000000000
4205 -52.0000000000
4252 -51.0000000000
4280 -50.0000000000
4351 -48.0000000000
4446 -47.0000000000
4516 -46.0000000000
4518 -45.0000000000
4627 -44.0000000000
4661 -43.0000000000
4676 -42.0000000000
4683 -41.0000000000
4825 -40.0000000000
4842 -39.0000000000
4962 -38.0000000000
4987 -37.0000000000
5030 -35.0000000000
5083 -34.0000000000
5188 -32.0000000000
5260 -31.0000000000
5331 -30.0000000000
5368 -29.0000000000
5401 -28.0000000000
5487 -26.0000000000
5693 -25.0000000000
5744 -24.0000000000
5865 -23.0000000000
6029 -22.0000000000
6121 -21.0000000000
6224 -20.0000000000
6312 -19.0000000000
6364 -18.0000000000
6459 -17.0000000000
6537 -16.0000000000
6558 -15.0000000000
6625 -14.0000000000
6698 -13.0000000000
6846 -12.0000000000
6889 -11.0000000000
7045 -10.0000000000
7235 -9.0000000000
7474 -8.0000000000
7617 -7.0000000000
7684 -6.0000000000
7809 -5.0000000000
7832 -4.0000000000
7927 -3.0000000000
8338 -2.0000000000
8559 -1.0000000000
8704 567.0000000000
8825 578.0000000000
8931 580.0000000000
9014 598.0000000000
9138 604.0000000000
9465 611.0000000000
9663 617.0000000000
9811 626.0000000000
10010 630.0000000000
10065 637.0000000000
11681 652.0000000000
11956 653.0000000000
22851 657.0000000000
26977 659.0000000000
27305 666.0000000000
33414 674.0000000000
58372 675.0000000000
58534 678.0000000000
88313 681.0000000000
93801 682.0000000000
96803 688.0000000000
100000 -1.0000000000
evaluations raw_y
1 -358.0000000000
3 -355.0000000000
10 -352.0000000000
17 -345.0000000000
32 -342.0000000000
66 -340.0000000000
73 -333.0000000000
101 -332.0000000000
102 -330.0000000000
107 -313.0000000000
164 -309.0000000000
187 -300.0000000000
211 -296.0000000000
227 -291.0000000000
253 -285.0000000000
264 -281.0000000000
294 -276.0000000000
319 -275.0000000000
325 -272.0000000000
330 -269.0000000000
361 -265.0000000000
370 -262.0000000000
384 -261.0000000000
385 -259.0000000000
390 -258.0000000000
420 -257.0000000000
433 -254.0000000000
438 -249.0000000000
462 -248.0000000000
467 -244.0000000000
483 -243.0000000000
502 -241.0000000000
523 -240.0000000000
538 -239.0000000000
549 -236.0000000000
569 -235.0000000000
580 -234.0000000000
581 -228.0000000000
633 -221.0000000000
663 -220.0000000000
698 -213.0000000000
742 -210.0000000000
792 -207.0000000000
803 -205.0000000000
829 -203.0000000000
845 -202.0000000000
870 -198.0000000000
886 -195.0000000000
902 -194.0000000000
923 -193.0000000000
944 -190.0000000000
981 -187.0000000000
1004 -186.0000000000
1009 -185.0000000000
1026 -184.0000000000
1048 -182.0000000000
1058 -178.0000000000
1102 -177.0000000000
1135 -176.0000000000
1165 -175.0000000000
1166 -171.0000000000
1185 -169.0000000000
1199 -167.0000000000
1218 -166.0000000000
1266 -164.0000000000
1290 -163.0000000000
1304 -161.0000000000
1331 -159.0000000000
1365 -158.0000000000
1390 -156.0000000000
1393 -155.0000000000
1441 -154.0000000000
1472 -153.0000000000
1473 -152.0000000000
1495 -151.0000000000
1502 -149.0000000000
1506 -148.0000000000
1554 -147.0000000000
1574 -146.0000000000
1582 -145.0000000000
1602 -144.0000000000
1614 -143.0000000000
1628 -142.0000000000
1643 -139.0000000000
1670 -136.0000000000
1728 -132.0000000000
1755 -130.0000000000
1840 -126.0000000000
1920 -124.0000000000
1941 -123.0000000000
1963 -122.0000000000
1982 -121.0000000000
2024 -119.0000000000
2051 -118.0000000000
2107 -117.0000000000
2124 -116.0000000000
2132 -115.0000000000
2166 -114.0000000000
2182 -112.0000000000
2237 -111.0000000000
2268 -109.0000000000
2302 -107.0000000000
2347 -105.0000000000
2384 -104.0000000000
2420 -103.0000000000
2452 -102.0000000000
2478 -100.0000000000
2491 -99.0000000000
2509 -98.0000000000
2588 -97.0000000000
2589 -96.0000000000
2623 -94.0000000000
2658 -93.0000000000
2698 -92.0000000000
2715 -91.0000000000
2743 -90.0000000000
2801 -89.0000000000
2857 -88.0000000000
2882 -87.0000000000
2912 -86.0000000000
2921 -83.0000000000
2934 -82.0000000000
2998 -81.0000000000
3034 -80.0000000000
3045 -79.0000000000
3087 -78.0000000000
3136 -77.0000000000
3146 -76.0000000000
3196 -74.0000000000
3228 -72.0000000000
3291 -71.0000000000
3342 -70.0000000000
3421 -69.0000000000
3435 -68.0000000000
3464 -67.0000000000
3507 -66.0000000000
3574 -65.0000000000
3599 -63.0000000000
3672 -62.0000000000
3723 -61.0000000000
3801 -59.0000000000
3836 -57.0000000000
3938 -56.0000000000
3953 -55.0000000000
3954 -53.0000000000
4035 -51.0000000000
4099 -47.0000000000
4214 -45.0000000000
4266 -43.0000000000
4322 -42.0000000000
4382 -41.0000000000
4415 -40.0000000000
4433 -38.0000000000
4514 -36.0000000000
4668 -35.0000000000
4728 -34.0000000000
4765 -33.0000000000
4821 -32.0000000000
4865 -31.0000000000
4921 -29.0000000000
5003 -28.0000000000
5078 -27.0000000000
5144 -26.0000000000
5275 -25.0000000000
5313 -24.0000000000
5344 -23.0000000000
5461 -22.0000000000
5598 -21.0000000000
5610 -18.0000000000
5772 -17.0000000000
5865 -16.0000000000
5912 -15.0000000000
5925 -14.0000000000
6011 -13.0000000000
6081 -12.0000000000
6135 -11.0000000000
6254 -10.0000000000
6414 -9.0000000000
6554 -8.0000000000
6587 -7.0000000000
6669 -6.0000000000
6737 -4.0000000000
7030 -3.0000000000
7244 -2.0000000000
7381 -1.0000000000
7810 585.0000000000
7871 597.0000000000
7927 602.0000000000
8003 606.0000000000
8113 611.0000000000
8184 622.0000000000
8359 624.0000000000
8608 638.0000000000
8656 641.0000000000
8751 645.0000000000
9088 646.0000000000
9150 650.0000000000
9422 662.0000000000
13177 665.0000000000
13511 670.0000000000
13769 675.0000000000
14309 678.0000000000
22040 683.0000000000
22105 688.0000000000
22192 689.0000000000
22238 692.0000000000
24976 696.0000000000
82068 705.0000000000
83764 706.0000000000
93913 708.0000000000
98712 710.0000000000
100000 -3.0000000000
evaluations raw_y
1 -362.0000000000
4 -360.0000000000
7 -349.0000000000
8 -343.0000000000
62 -338.0000000000
84 -332.0000000000
109 -329.0000000000
110 -328.0000000000
121 -326.0000000000
133 -324.0000000000
140 -315.0000000000
153 -314.0000000000
181 -309.0000000000
200 -306.0000000000
210 -305.0000000000
221 -298.0000000000
223 -295.0000000000
261 -292.0000000000
265 -283.0000000000
287 -282.0000000000
300 -279.0000000000
322 -278.0000000000
324 -277.0000000000
327 -276.0000000000
342 -273.0000000000
359 -272.0000000000
371 -270.0000000000
381 -267.0000000000
388 -264.0000000000
433 -263.0000000000
442 -253.0000000000
461 -251.0000000000
500 -243.0000000000
540 -239.0000000000
558 -237.0000000000
571 -234.0000000000
588 -230.0000000000
625 -226.0000000000
680 -223.0000000000
688 -220.0000000000
721 -216.0000000000
746 -215.0000000000
767 -212.0000000000
772 -210.0000000000
803 -208.0000000000
829 -207.0000000000
850 -204.0000000000
862 -203.0000000000
891 -202.0000000000
908 -201.0000000000
932 -200.0000000000
933 -199.0000000000
953 -198.0000000000
971 -197.0000000000
983 -196.0000000000
1005 -194.0000000000
1010 -192.0000000000
1033 -189.0000000000
1053 -188.0000000000
1089 -187.0000000000
1123 -186.0000000000
1146 -185.0000000000
1147 -183.0000000000
1207 -181.0000000000
1234 -180.0000000000
1259 -179.0000000000
1263 -178.0000000000
1267 -177.0000000000
1276 -176.0000000000
1331 -175.0000000000
1332 -174.0000000000
1345 -173.0000000000
1364 -172.0000000000
1387 -171.0000000000
1401 -170.0000000000
1435 -167.0000000000
1444 -166.0000000000
1506 -165.0000000000
1512 -164.0000000000
1560 -163.0000000000
1580 -162.0000000000
1605 -160.0000000000
1637 -158.0000000000
1655 -157.0000000000
1713 -156.0000000000
1739 -154.0000000000
1752 -153.0000000000
1777 -152.0000000000
1786 -151.0000000000
1817 -150.0000000000
1828 -149.0000000000
1850 -145.0000000000
1927 -144.0000000000
1933 -142.0000000000
2008 -141.0000000000
2021 -139.0000000000
2079 -138.0000000000
2123 -135.0000000000
2172 -134.0000000000
2202 -133.0000000000
2218 -130.0000000000
2244 -129.0000000000
2296 -128.0000000000
2302 -127.0000000000
2328 -126.0000000000
2343 -125.0000000000
2366 -124.0000000000
2372 -122.0000000000
2402 -120.0000000000
2463 -119.0000000000
2498 -118.0000000000
2532 -114.0000000000
2612 -113.0000000000
2645 -112.0000000000
2657 -111.0000000000
2665 -110.0000000000
2687 -109.0000000000
2725 -108.0000000000
2751 -107.0000000000
2766 -105.0000000000
2810 -104.0000000000
2883 -101.0000000000
2916 -100.0000000000
2943 -99.0000000000
2971 -98.0000000000
2984 -96.0000000000
3037 -95.0000000000
3064 -92.0000000000
3126 -89.0000000000
3175 -88.0000000000
3236 -86.0000000000
3265 -85.0000000000
3337 -83.0000000000
3403 -82.0000000000
3412 -79.0000000000
3481 -76.0000000000
3526 -75.0000000000
3582 -73.0000000000
3665 -71.0000000000
3717 -70.0000000000
3772 -69.0000000000
3786 -68.0000000000
3814 -67.0000000000
3862 -66.0000000000
3889 -65.0000000000
3937 -64.0000000000
4006 -63.0000000000
4072 -62.0000000000
4087 -61.0000000000
4160 -60.0000000000
4182 -59.0000000000
4236 -58.0000000000
4280 -57.0000000000
4296 -56.0000000000
4312 -54.0000000000
4421 -53.0000000000
4427 -52.0000000000
4454 -51.0000000000
4590 -49.0000000000
4644 -48.0000000000
4659 -46.0000000000
4714 -45.0000000000
4732 -44.0000000000
4802 -43.0000000000
4842 -42.0000000000
4905 -40.0000000000
4976 -39.0000000000
5061 -38.0000000000
5114 -37.0000000000
5210 -36.0000000000
5269 -35.0000000000
5317 -34.0000000000
5402 -33.0000000000
5481 -32.0000000000
5587 -31.0000000000
5645 -30.0000000000
5696 -29.0000000000
5768 -28.0000000000
5833 -27.0000000000
5943 -26.0000000000
5965 -25.0000000000
6086 -23.0000000000
6139 -22.0000000000
6199 -21.0000000000
6240 -20.0000000000
6287 -19.0000000000
6417 -18.0000000000
6467 -17.0000000000
6479 -16.0000000000
6534 -15.0000000000
6606 -14.0000000000
6691 -13.0000000000
6754 -12.0000000000
6773 -11.0000000000
6868 -10.0000000000
7048 -9.0000000000
7149 -8.0000000000
7279 -7.0000000000
7332 -6.0000000000
7567 -5.0000000000
7866 -4.0000000000
7930 -3.0000000000
8134 -2.0000000000
8249 -1.0000000000
8541 585.0000000000
8908 601.0000000000
9040 604.0000000000
9198 612.0000000000
9255 615.0000000000
9289 616.0000000000
9372 629.0000000000
9387 630.0000000000
10076 646.0000000000
10211 651.0000000000
10331 657.0000000000
11503 658.0000000000
11548 665.0000000000
11923 668.0000000000
13538 671.0000000000
13717 672.0000000000
17346 678.0000000000
21403 680.0000000000
22856 686.0000000000
23055 691.0000000000
23104 692.0000000000
23379 693.0000000000
23771 699.0000000000
40882 700.0000000000
100000 700.0000000000
evaluations raw_y
1 -394.0000000000
2 -362.0000000000
3 -353.0000000000
26 -352.0000000000
45 -344.0000000000
54 -341.0000000000
72 -340.0000000000
88 -338.0000000000
97 -336.0000000000
99 -329.0000000000
110 -327.0000000000
132 -325.0000000000
149 -320.0000000000
153 -316.0000000000
162 -312.0000000000
194 -305.0000000000
196 -298.0000000000
224 -297.0000000000
233 -296.0000000000
244 -291.0000000000
247 -290.0000000000
282 -289.0000000000
290 -286.0000000000
292 -283.0000000000
309 -278.0000000000
323 -276.0000000000
325 -272.0000000000
381 -263.0000000000
387 -254.0000000000
450 -252.0000000000
480 -251.0000000000
494 -249.0000000000
502 -248.0000000000
520 -242.0000000000
536 -241.0000000000
539 -240.0000000000
542 -238.0000000000
550 -237.0000000000
572 -236.0000000000
584 -231.0000000000
587 -230.0000000000
639 -229.0000000000
642 -225.0000000000
664 -224.0000000000
688 -218.0000000000
702 -216.0000000000
729 -215.0000000000
737 -211.0000000000
743 -210.0000000000
753 -209.0000000000
762 -207.0000000000
804 -204.0000000000
814 -197.0000000000
869 -194.0000000000
887 -186.0000000000
936 -185.0000000000
952 -182.0000000000
971 -179.0000000000
1020 -178.0000000000
1025 -177.0000000000
1029 -176.0000000000
1056 -175.0000000000
1066 -173.0000000000
1090 -172.0000000000
1104 -171.0000000000
1125 -170.0000000000
1130 -169.0000000000
1141 -167.0000000000
1205 -166.0000000000
1218 -164.0000000000
1245 -163.0000000000
1249 -161.0000000000
1289 -159.0000000000
1305 -157.0000000000
1347 -156.0000000000
1349 -155.0000000000
1370 -151.0000000000
1443 -149.0000000000
1461 -148.0000000000
1521 -147.0000000000
1531 -146.0000000000
1560 -144.0000000000
1567 -142.0000000000
1609 -140.0000000000
1655 -139.0000000000
1690 -138.0000000000
1694 -137.0000000000
1742 -136.0000000000
1759 -135.0000000000
1777 -132.0000000000
1798 -131.0000000000
1835 -130.0000000000
1858 -129.0000000000
1885 -127.0000000000
1947 -126.0000000000
1978 -125.0000000000
2018 -123.0000000000
2056 -122.0000000000
2061 -119.0000000000
2115 -118.0000000000
2154 -117.0000000000
2162 -114.0000000000
2183 -113.0000000000
2227 -112.0000000000
2258 -108.0000000000
2361 -107.0000000000
2372 -106.0000000000
2403 -102.0000000000
2463 -101.0000000000
2493 -98.0000000000
2570 -97.0000000000
2623 -96.0000000000
2649 -95.0000000000
2687 -93.0000000000
2735 -92.0000000000
2781 -89.0000000000
2864 -88.0000000000
2881 -87.0000000000
2946 -86.0000000000
2960 -85.0000000000
2991 -84.0000000000
3001 -80.0000000000
3071 -79.0000000000
3096 -78.0000000000
3168 -77.0000000000
3211 -75.0000000000
3261 -74.0000000000
3285 -73.0000000000
3370 -72.0000000000
3424 -71.0000000000
3460 -70.0000000000
3488 -69.0000000000
3565 -68.0000000000
3626 -67.0000000000
3646 -66.0000000000
3693 -65.0000000000
3754 -64.0000000000
3767 -63.0000000000
3790 -62.0000000000
3841 -61.0000000000
3868 -60.0000000000
3905 -59.0000000000
4008 -57.0000000000
4073 -56.0000000000
4082 -55.0000000000
4210 -54.0000000000
4272 -53.0000000000
4331 -52.0000000000
4363 -51.0000000000
4420 -50.0000000000
4494 -49.0000000000
4524 -48.0000000000
4548 -46.0000000000
4629 -43.0000000000
4715 -42.0000000000
4872 -41.0000000000
4880 -40.0000000000
4975 -39.0000000000
5026 -37.0000000000
5082 -36.0000000000
5108 -34.0000000000
5169 -33.0000000000
5313 -31.0000000000
5364 -30.0000000000
5401 -29.0000000000
5461 -28.0000000000
5515 -27.0000000000
5549 -26.0000000000
5624 -25.0000000000
5638 -24.0000000000
5698 -23.0000000000
5723 -22.0000000000
5797 -21.0000000000
5874 -20.0000000000
5960 -19.0000000000
6071 -18.0000000000
6114 -17.0000000000
6132 -16.0000000000
6232 -15.0000000000
6354 -14.0000000000
6561 -13.0000000000
6634 -12.0000000000
6683 -11.0000000000
6789 -10.0000000000
6854 -9.0000000000
6941 -8.0000000000
6951 -7.0000000000
6978 -6.0000000000
7075 -5.0000000000
7101 -3.0000000000
7215 -2.0000000000
7282 -1.0000000000
7380 596.0000000000
7485 597.0000000000
7507 617.0000000000
7593 619.0000000000
7625 625.0000000000
8433 638.0000000000
8689 642.0000000000
9405 647.0000000000
9679 657.0000000000
9696 658.0000000000
9730 659.0000000000
11656 661.0000000000
11955 666.0000000000
15610 669.0000000000
15709 670.0000000000
22736 671.0000000000
25679 680.0000000000
37033 681.0000000000
49739 683.0000000000
57758 684.0000000000
76474 685.0000000000
80337 690.0000000000
94328 691.0000000000
94503 692.0000000000
100000 -1.0000000000
evaluations raw_y
1 -380.0000000000
2 -367.0000000000
4 -360.0000000000
6 -355.0000000000
9 -353.0000000000
15 -349.0000000000
49 -346.0000000000
59 -339.0000000000
65 -337.0000000000
66 -336.0000000000
90 -323.0000000000
103 -321.0000000000
139 -318.0000000000
142 -314.0000000000
145 -311.0000000000
178 -306.0000000000
182 -301.0000000000
187 -298.0000000000
226 -293.0000000000
229 -291.0000000000
236 -280.0000000000
260 -275.0000000000
296 -273.0000000000
315 -268.0000000000
339 -267.0000000000
348 -259.0000000000
362 -257.0000000000
363 -255.0000000000
388 -254.0000000000
389 -249.0000000000
409 -248.0000000000
429 -243.0000000000
443 -240.0000000000
456 -235.0000000000
483 -229.0000000000
503 -227.0000000000
520 -225.0000000000
523 -224.0000000000
545 -222.0000000000
557 -221.0000000000
568 -219.0000000000
582 -214.0000000000
594 -213.0000000000
645 -212.0000000000
646 -208.0000000000
688 -206.0000000000
725 -200.0000000000
751 -197.0000000000
767 -196.0000000000
788 -194.0000000000
825 -193.0000000000
830 -191.0000000000
836 -190.0000000000
843 -184.0000000000
942 -183.0000000000
945 -180.0000000000
961 -178.0000000000
981 -176.0000000000
1003 -175.0000000000
1042 -173.0000000000
1062 -171.0000000000
1068 -169.0000000000
1135 -168.0000000000
1166 -167.0000000000
1170 -165.0000000000
1178 -163.0000000000
1199 -161.0000000000
1273 -160.0000000000
1312 -159.0000000000
1326 -158.0000000000
1330 -156.0000000000
1352 -155.0000000000
1369 -154.0000000000
1420 -153.0000000000
1440 -152.0000000000
1441 -151.0000000000
1472 -150.0000000000
1492 -148.0000000000
1522 -147.0000000000
1568 -145.0000000000
1601 -143.0000000000
1632 -142.0000000000
1668 -141.0000000000
1686 -139.0000000000
1734 -138.0000000000
1739 -136.0000000000
1785 -135.0000000000
1796 -134.0000000000
1850 -132.0000000000
1867 -130.0000000000
1909 -129.0000000000
1957 -128.0000000000
1972 -127.0000000000
1981 -126.0000000000
2059 -125.0000000000
2074 -123.0000000000
2102 -122.0000000000
2129 -121.0000000000
2163 -120.0000000000
2187 -118.0000000000
2255 -116.0000000000
2266 -115.0000000000
2303 -114.0000000000
2312 -113.0000000000
2353 -112.0000000000
2374 -111.0000000000
2392 -109.0000000000
2427 -107.0000000000
2525 -105.0000000000
2583 -104.0000000000
2646 -103.0000000000
2698 -102.0000000000
2712 -100.0000000000
2770 -99.0000000000
2798 -98.0000000000
2860 -97.0000000000
2871 -96.0000000000
2882 -95.0000000000
2942 -94.0000000000
2945 -93.0000000000
3003 -92.0000000000
3013 -91.0000000000
3035 -90.0000000000
3074 -89.0000000000
3086 -88.0000000000
3125 -86.0000000000
3181 -85.0000000000
3208 -83.0000000000
3241 -82.0000000000
3318 -81.0000000000
3338 -80.0000000000
3342 -79.0000000000
3434 -78.0000000000
3439 -77.0000000000
3494 -76.0000000000
3524 -75.0000000000
3579 -74.0000000000
3652 -73.0000000000
3654 -71.0000000000
3738 -68.0000000000
3833 -66.0000000000
3866 -65.0000000000
3937 -64.0000000000
3974 -63.0000000000
3996 -62.0000000000
4027 -61.0000000000
4034 -60.0000000000
4093 -58.0000000000
4130 -56.0000000000
4176 -55.0000000000
4245 -54.0000000000
4258 -52.0000000000
4300 -51.0000000000
4333 -50.0000000000
4390 -48.0000000000
4433 -47.0000000000
4466 -45.0000000000
4562 -44.0000000000
4618 -43.0000000000
4661 -42.0000000000
4705 -40.0000000000
4775 -39.0000000000
4783 -38.0000000000
4836 -37.0000000000
4881 -36.0000000000
4887 -35.0000000000
4927 -34.0000000000
5006 -33.0000000000
5076 -32.0000000000
5116 -31.0000000000
5152 -30.0000000000
5263 -29.0000000000
5267 -28.0000000000
5305 -27.0000000000
5347 -26.0000000000
5417 -25.0000000000
5486 -24.0000000000
5521 -23.0000000000
5581 -22.0000000000
5710 -21.0000000000
5770 -20.0000000000
5819 -19.0000000000
5898 -18.0000000000
5978 -17.0000000000
5979 -16.0000000000
6096 -15.0000000000
6190 -14.0000000000
6299 -13.0000000000
6417 -12.0000000000
6491 -11.0000000000
6555 -10.0000000000
6646 -9.0000000000
6670 -8.0000000000
6737 -7.0000000000
6793 -6.0000000000
7046 -5.0000000000
7238 -4.0000000000
7343 -3.0000000000
7595 -2.0000000000
7819 -1.0000000000
7838 545.0000000000
8073 567.0000000000
8220 572.0000000000
8230 574.0000000000
8431 581.0000000000
8461 589.0000000000
8507 600.0000000000
8766 601.0000000000
9010 605.0000000000
9119 613.0000000000
9351 615.0000000000
9488 618.0000000000
9542 619.0000000000
10695 624.0000000000
10701 633.0000000000
10827 636.0000000000
10885 647.0000000000
11099 654.0000000000
11193 656.0000000000
11215 660.0000000000
11218 661.0000000000
13394 667.0000000000
13454 671.0000000000
13625 674.0000000000
13991 676.0000000000
14136 678.0000000000
14412 680.0000000000
14431 682.0000000000
15174 684.0000000000
15601 685.0000000000
15962 687.0000000000
15986 688.0000000000
16109 689.0000000000
16156 693.0000000000
16176 695.0000000000
25462 696.0000000000
44781 697.0000000000
49684 699.0000000000
64243 701.0000000000
74249 705.0000000000
84362 708.0000000000
96175 709.0000000000
100000 -3.0000000000
evaluations raw_y
1 -336.0000000000
27 -331.0000000000
87 -328.0000000000
89 -320.0000000000
99 -319.0000000000
108 -317.0000000000
114 -310.0000000000
142 -295.0000000000
189 -294.0000000000
203 -293.0000000000
214 -292.0000000000
220 -289.0000000000
226 -283.0000000000
241 -282.0000000000
250 -281.0000000000
251 -271.0000000000
269 -270.0000000000
284 -265.0000000000
293 -263.0000000000
334 -249.0000000000
392 -245.0000000000
425 -242.0000000000
426 -241.0000000000
429 -240.0000000000
447 -239.0000000000
469 -237.0000000000
478 -233.0000000000
508 -231.0000000000
518 -229.0000000000
530 -227.0000000000
535 -224.0000000000
550 -223.0000000000
563 -221.0000000000
573 -218.0000000000
606 -216.0000000000
624 -209.0000000000
638 -206.0000000000
685 -201.0000000000
711 -198.0000000000
722 -193.0000000000
739 -190.0000000000
787 -186.0000000000
797 -182.0000000000
823 -179.0000000000
862 -178.0000000000
865 -177.0000000000
890 -174.0000000000
896 -172.0000000000
921 -171.0000000000
960 -164.0000000000
1031 -163.0000000000
1048 -161.0000000000
1064 -160.0000000000
1102 -159.0000000000
1117 -157.0000000000
1127 -156.0000000000
1132 -155.0000000000
1161 -154.0000000000
1206 -153.0000000000
1209 -151.0000000000
1239 -149.0000000000
1288 -148.0000000000
1296 -146.0000000000
1349 -145.0000000000
1353 -140.0000000000
1402 -139.0000000000
1429 -138.0000000000
1449 -137.0000000000
1458 -136.0000000000
1483 -135.0000000000
1533 -133.0000000000
1553 -132.0000000000
1564 -130.0000000000
1645 -129.0000000000
1676 -128.0000000000
1678 -126.0000000000
1735 -125.0000000000
1741 -124.0000000000
1751 -123.0000000000
1768 -122.0000000000
1820 -121.0000000000
1857 -120.0000000000
1867 -118.0000000000
1905 -117.0000000000
1925 -116.0000000000
1965 -115.0000000000
1990 -113.0000000000
1991 -111.0000000000
2018 -109.0000000000
2081 -108.0000000000
2129 -106.0000000000
2161 -105.0000000000
2183 -104.0000000000
2203 -103.0000000000
2233 -102.0000000000
2250 -101.0000000000
2264 -100.0000000000
2273 -99.0000000000
2285 -98.0000000000
2293 -96.0000000000
2410 -95.0000000000
2428 -94.0000000000
2446 -93.0000000000
2472 -91.0000000000
2548 -89.0000000000
2583 -86.0000000000
2645 -85.0000000000
2661 -84.0000000000
2700 -83.0000000000
2759 -82.0000000000
2799 -81.0000000000
2829 -80.0000000000
2841 -79.0000000000
2865 -78.0000000000
2883 -77.0000000000
2963 -76.0000000000
3001 -75.0000000000
3065 -74.0000000000
3098 -73.0000000000
3140 -72.0000000000
3185 -71.0000000000
3210 -70.0000000000
3236 -69.0000000000
3275 -68.0000000000
3310 -67.0000000000
3334 -66.0000000000
3374 -65.0000000000
3390 -64.0000000000
3451 -63.0000000000
3472 -62.0000000000
3484 -61.0000000000
3523 -60.0000000000
3544 -59.0000000000
3620 -57.0000000000
3685 -56.0000000000
3747 -55.0000000000
3775 -54.0000000000
3803 -53.0000000000
3864 -52.0000000000
3908 -51.0000000000
3978 -50.0000000000
3997 -49.0000000000
4052 -48.0000000000
4066 -47.0000000000
4082 -46.0000000000
4132 -44.0000000000
4274 -43.0000000000
4292 -42.0000000000
4361 -41.0000000000
4402 -40.0000000000
4457 -39.0000000000
4501 -38.0000000000
4603 -37.0000000000
4638 -36.0000000000
4641 -34.0000000000
4718 -33.0000000000
4769 -32.0000000000
4832 -31.0000000000
4886 -30.0000000000
4969 -29.0000000000
5008 -28.0000000000
5097 -27.0000000000
5149 -26.0000000000
5226 -25.0000000000
5244 -24.0000000000
5246 -23.0000000000
5313 -22.0000000000
5392 -21.0000000000
5505 -20.0000000000
5617 -19.0000000000
5679 -18.0000000000
5844 -16.0000000000
5944 -15.0000000000
6078 -14.0000000000
6122 -13.0000000000
6264 -12.0000000000
6431 -11.0000000000
6556 -10.0000000000
6641 -9.0000000000
6688 -8.0000000000
6841 -7.0000000000
6910 -6.0000000000
6980 -5.0000000000
7258 -4.0000000000
7424 -3.0000000000
7545 -2.0000000000
7613 -1.0000000000
7730 498.0000000000
7787 534.0000000000
7901 537.0000000000
7954 541.0000000000
7972 546.0000000000
7982 557.0000000000
8085 574.0000000000
8126 576.0000000000
8169 594.0000000000
8275 598.0000000000
8428 599.0000000000
8494 604.0000000000
8606 608.0000000000
8637 617.0000000000
10196 628.0000000000
12499 646.0000000000
12648 649.0000000000
12650 663.0000000000
19213 670.0000000000
19599 674.0000000000
21287 677.0000000000
21541 683.0000000000
35852 684.0000000000
39195 685.0000000000
39267 686.0000000000
39496 688.0000000000
43268 690.0000000000
43294 698.0000000000
48289 700.0000000000
100000 700.0000000000
evaluations raw_y
1 -379.0000000000
2 -350.0000000000
9 -341.0000000000
59 -331.0000000000
75 -329.0000000000
99 -324.0000000000
127 -320.0000000000
163 -318.0000000000
177 -310.0000000000
193 -308.0000000000
199 -307.0000000000
208 -298.0000000000
249 -296.0000000000
264 -293.0000000000
272 -292.0000000000
274 -289.0000000000
304 -288.0000000000
305 -285.0000000000
308 -281.0000000000
337 -276.0000000000
350 -268.0000000000
377 -266.0000000000
395 -263.0000000000
448 -258.0000000000
462 -257.0000000000
477 -253.0000000000
484 -251.0000000000
502 -247.0000000000
547 -245.0000000000
552 -241.0000000000
557 -236.0000000000
643 -231.0000000000
664 -228.0000000000
683 -225.0000000000
701 -221.0000000000
723 -219.0000000000
731 -218.0000000000
742 -217.0000000000
783 -216.0000000000
788 -212.0000000000
863 -211.0000000000
879 -210.0000000000
885 -209.0000000000
888 -208.0000000000
911 -207.0000000000
925 -202.0000000000
956 -201.0000000000
965 -193.0000000000
1048 -191.0000000000
1078 -190.0000000000
1120 -188.0000000000
1146 -186.0000000000
1194 -184.0000000000
1213 -183.0000000000
1224 -180.0000000000
1268 -178.0000000000
1331 -177.0000000000
1334 -175.0000000000
1352 -174.0000000000
1382 -172.0000000000
1406 -171.0000000000
1441 -169.0000000000
1472 -168.0000000000
1489 -166.0000000000
1512 -165.0000000000
1529 -164.0000000000
1575 -163.0000000000
1599 -162.0000000000
1640 -161.0000000000
1645 -159.0000000000
1665 -156.0000000000
1684 -155.0000000000
1761 -154.0000000000
1764 -153.0000000000
1809 -152.0000000000
1815 -151.0000000000
1845 -149.0000000000
1906 -148.0000000000
1954 -145.0000000000
2016 -144.0000000000
2027 -142.0000000000
2115 -141.0000000000
2121 -140.0000000000
2123 -138.0000000000
2188 -136.0000000000
2230 -135.0000000000
2280 -134.0000000000
2296 -133.0000000000
2346 -132.0000000000
2362 -131.0000000000
2427 -130.0000000000
2435 -127.0000000000
2502 -126.0000000000
2511 -125.0000000000
2523 -123.0000000000
2584 -122.0000000000
2602 -121.0000000000
2609 -119.0000000000
2635 -118.0000000000
2645 -117.0000000000
2703 -116.0000000000
2739 -114.0000000000
2765 -113.0000000000
2779 -112.0000000000
2785 -111.0000000000
2851 -109.0000000000
2881 -108.0000000000
2924 -106.0000000000
2958 -105.0000000000
3014 -104.0000000000
3028 -103.0000000000
3071 -102.0000000000
3106 -100.0000000000
3161 -98.0000000000
3222 -97.0000000000
3255 -96.0000000000
3267 -93.0000000000
3365 -91.0000000000
3436 -90.0000000000
3440 -89.0000000000
3474 -88.0000000000
3518 -87.0000000000
3520 -84.0000000000
3538 -83.0000000000
3555 -80.0000000000
3646 -79.0000000000
3661 -78.0000000000
3688 -77.0000000000
3744 -75.0000000000
3794 -74.0000000000
3863 -72.0000000000
3928 -71.0000000000
3981 -70.0000000000
4029 -69.0000000000
4080 -67.0000000000
4190 -66.0000000000
4192 -65.0000000000
4281 -64.0000000000
4313 -63.0000000000
4317 -62.0000000000
4337 -61.0000000000
4411 -60.0000000000
4419 -59.0000000000
4452 -58.0000000000
4514 -57.0000000000
4526 -55.0000000000
4586 -54.0000000000
4654 -53.0000000000
4682 -50.0000000000
4787 -49.0000000000
4871 -48.0000000000
4919 -47.0000000000
4987 -46.0000000000
5027 -44.0000000000
5150 -43.0000000000
5199 -42.0000000000
5206 -41.0000000000
5245 -40.0000000000
5303 -38.0000000000
5400 -37.0000000000
5446 -36.0000000000
5487 -35.0000000000
5564 -34.0000000000
5610 -33.0000000000
5656 -32.0000000000
5718 -31.0000000000
5761 -30.0000000000
5806 -28.0000000000
5883 -27.0000000000
5886 -26.0000000000
5944 -25.0000000000
6001 -23.0000000000
6130 -22.0000000000
6160 -21.0000000000
6237 -20.0000000000
6300 -19.0000000000
6350 -18.0000000000
6450 -17.0000000000
6456 -16.0000000000
6619 -15.0000000000
6733 -14.0000000000
6948 -13.0000000000
7023 -12.0000000000
7114 -11.0000000000
7222 -10.0000000000
7311 -9.0000000000
7391 -8.0000000000
7447 -7.0000000000
7603 -6.0000000000
7745 -5.0000000000
7812 -4.0000000000
8126 -3.0000000000
8250 -2.0000000000
8447 -1.0000000000
8854 602.0000000000
10083 607.0000000000
10107 608.0000000000
10253 638.0000000000
10469 639.0000000000
10690 640.0000000000
10703 646.0000000000
11025 647.0000000000
11104 656.0000000000
11431 660.0000000000
11520 661.0000000000
11602 664.0000000000
11710 669.0000000000
11899 670.0000000000
11909 672.0000000000
11964 676.0000000000
14860 685.0000000000
25378 686.0000000000
38055 690.0000000000
47323 692.0000000000
47490 694.0000000000
57961 695.0000000000
100000 -2.0000000000
evaluations raw_y
1 -388.0000000000
2 -356.0000000000
6 -349.0000000000
7 -345.0000000000
44 -336.0000000000
78 -334.0000000000
82 -332.0000000000
107 -331.0000000000
114 -329.0000000000
120 -320.0000000000
127 -317.0000000000
175 -312.0000000000
181 -311.0000000000
188 -304.0000000000
202 -303.0000000000
212 -302.0000000000
242 -301.0000000000
243 -298.0000000000
254 -294.0000000000
265 -286.0000000000
287 -282.0000000000
317 -281.0000000000
324 -277.0000000000
343 -273.0000000000
365 -270.0000000000
416 -266.0000000000
420 -264.0000000000
421 -262.0000000000
448 -261.0000000000
450 -260.0000000000
461 -259.0000000000
463 -258.0000000000
464 -257.0000000000
482 -256.0000000000
491 -251.0000000000
509 -248.0000000000
514 -246.0000000000
548 -245.0000000000
551 -244.0000000000
580 -242.0000000000
609 -240.0000000000
619 -237.0000000000
648 -236.0000000000
650 -234.0000000000
652 -230.0000000000
690 -227.0000000000
720 -225.0000000000
725 -220.0000000000
794 -219.0000000000
804 -215.0000000000
826 -212.0000000000
848 -210.0000000000
896 -209.0000000000
905 -207.0000000000
926 -205.0000000000
946 -204.0000000000
969 -202.0000000000
981 -200.0000000000
987 -197.0000000000
1020 -194.0000000000
1070 -193.0000000000
1073 -192.0000000000
1106 -191.0000000000
1124 -190.0000000000
1133 -188.0000000000
1194 -187.0000000000
1202 -186.0000000000
1226 -185.0000000000
1242 -184.0000000000
1247 -183.0000000000
1267 -182.0000000000
1291 -181.0000000000
1305 -180.0000000000
1312 -179.0000000000
1353 -178.0000000000
1395 -177.0000000000
1396 -175.0000000000
1412 -172.0000000000
1468 -171.0000000000
1481 -170.0000000000
1521 -169.0000000000
1522 -165.0000000000
1590 -163.0000000000
1639 -160.0000000000
1697 -158.0000000000
1737 -157.0000000000
1740 -156.0000000000
1785 -154.0000000000
1796 -153.0000000000
1798 -152.0000000000
1847 -151.0000000000
1863 -150.0000000000
1881 -149.0000000000
1891 -148.0000000000
1957 -147.0000000000
1971 -146.0000000000
1980 -145.0000000000
2011 -144.0000000000
2024 -142.0000000000
2042 -141.0000000000
2080 -140.0000000000
2100 -139.0000000000
2114 -138.0000000000
2126 -135.0000000000
2171 -133.0000000000
2230 -132.0000000000
2234 -131.0000000000
2253 -129.0000000000
2321 -128.0000000000
2322 -125.0000000000
2421 -124.0000000000
2454 -123.0000000000
2485 -121.0000000000
2507 -120.0000000000
2538 -119.0000000000
2593 -117.0000000000
2603 -116.0000000000
2625 -114.0000000000
2707 -112.0000000000
2733 -111.0000000000
2787 -110.0000000000
2818 -109.0000000000
2860 -108.0000000000
2910 -107.0000000000
2938 -106.0000000000
2951 -104.0000000000
3008 -103.0000000000
3059 -102.0000000000
3067 -99.0000000000
3122 -97.0000000000
3136 -96.0000000000
3208 -95.0000000000
3231 -94.0000000000
3259 -93.0000000000
3272 -92.0000000000
3304 -91.0000000000
3343 -90.0000000000
3382 -89.0000000000
3404 -88.0000000000
3434 -87.0000000000
3439 -86.0000000000
3474 -84.0000000000
3505 -83.0000000000
3525 -82.0000000000
3603 -79.0000000000
3686 -78.0000000000
3721 -77.0000000000
3761 -75.0000000000
3807 -74.0000000000
3829 -73.0000000000
3874 -72.0000000000
3886 -71.0000000000
3902 -70.0000000000
3930 -69.0000000000
3959 -68.0000000000
4002 -67.0000000000
4054 -66.0000000000
4055 -65.0000000000
4107 -64.0000000000
4137 -63.0000000000
4147 -62.0000000000
4158 -61.0000000000
4174 -59.0000000000
4194 -58.0000000000
4276 -57.0000000000
4280 -56.0000000000
4356 -54.0000000000
4387 -53.0000000000
4423 -50.0000000000
4480 -48.0000000000
4551 -47.0000000000
4570 -46.0000000000
4591 -45.0000000000
4636 -43.0000000000
4695 -41.0000000000
4749 -40.0000000000
4769 -39.0000000000
4809 -38.0000000000
4893 -35.0000000000
5007 -33.0000000000
5076 -32.0000000000
5098 -31.0000000000
5209 -30.0000000000
5267 -29.0000000000
5363 -28.0000000000
5367 -27.0000000000
5424 -26.0000000000
5472 -25.0000000000
5488 -24.0000000000
5567 -23.0000000000
5648 -22.0000000000
5721 -21.0000000000
5755 -20.0000000000
5821 -19.0000000000
5873 -18.0000000000
5924 -17.0000000000
5987 -16.0000000000
6024 -15.0000000000
6119 -14.0000000000
6144 -13.0000000000
6177 -12.0000000000
6190 -11.0000000000
6343 -10.0000000000
6526 -9.0000000000
6559 -8.0000000000
6676 -7.0000000000
6711 -6.0000000000
6717 -5.0000000000
6725 -4.0000000000
6914 -3.0000000000
7018 -2.0000000000
7078 -1.0000000000
7132 556.0000000000
7139 586.0000000000
7162 589.0000000000
7167 597.0000000000
7205 605.0000000000
7306 608.0000000000
7310 617.0000000000
7364 623.0000000000
7513 628.0000000000
7796 632.0000000000
7871 633.0000000000
7942 634.0000000000
9089 635.0000000000
9164 636.0000000000
9168 646.0000000000
9235 662.0000000000
10367 667.0000000000
10583 668.0000000000
10895 670.0000000000
11062 677.0000000000
12210 683.0000000000
12902 686.0000000000
12948 689.0000000000
25382 690.0000000000
25410 691.0000000000
30746 693.0000000000
31292 697.0000000000
35158 699.0000000000
36308 700.0000000000
42964 705.0000000000
46114 706.0000000000
48101 708.0000000000
71969 709.0000000000
79763 712.0000000000
100000 -1.0000000000
evaluations raw_y
1 -381.0000000000
2 -363.0000000000
3 -361.0000000000
5 -347.0000000000
43 -342.0000000000
56 -338.0000000000
67 -337.0000000000
76 -334.0000000000
81 -333.0000000000
88 -321.0000000000
134 -310.0000000000
157 -304.0000000000
187 -299.0000000000
218 -295.0000000000
237 -288.0000000000
261 -287.0000000000
262 -286.0000000000
281 -281.0000000000
320 -272.0000000000
327 -268.0000000000
366 -265.0000000000
376 -263.0000000000
377 -259.0000000000
421 -257.0000000000
437 -250.0000000000
462 -248.0000000000
487 -247.0000000000
501 -240.0000000000
513 -238.0000000000
552 -231.0000000000
562 -228.0000000000
639 -226.0000000000
651 -220.0000000000
689 -218.0000000000
726 -217.0000000000
750 -216.0000000000
761 -214.0000000000
780 -213.0000000000
788 -210.0000000000
792 -209.0000000000
815 -207.0000000000
823 -206.0000000000
859 -203.0000000000
872 -202.0000000000
884 -200.0000000000
887 -199.0000000000
906 -198.0000000000
938 -195.0000000000
984 -193.0000000000
1009 -191.0000000000
1054 -190.0000000000
1062 -188.0000000000
1113 -185.0000000000
1123 -183.0000000000
1145 -180.0000000000
1184 -178.0000000000
1224 -177.0000000000
1249 -176.0000000000
1277 -174.0000000000
1288 -173.0000000000
1289 -172.0000000000
1296 -171.0000000000
1315 -170.0000000000
1345 -169.0000000000
1372 -166.0000000000
1423 -164.0000000000
1458 -163.0000000000
1481 -161.0000000000
1518 -160.0000000000
1523 -159.0000000000
1563 -157.0000000000
1586 -156.0000000000
1630 -155.0000000000
1651 -154.0000000000
1654 -153.0000000000
1676 -151.0000000000
1711 -150.0000000000
1720 -148.0000000000
1742 -147.0000000000
1768 -146.0000000000
1779 -144.0000000000
1806 -143.0000000000
1860 -142.0000000000
1863 -141.0000000000
1903 -139.0000000000
1921 -138.0000000000
1940 -137.0000000000
1976 -136.0000000000
1992 -135.0000000000
2005 -134.0000000000
2058 -133.0000000000
2081 -131.0000000000
2152 -130.0000000000
2153 -128.0000000000
2204 -127.0000000000
2208 -124.0000000000
2286 -123.0000000000
2329 -122.0000000000
2344 -120.0000000000
2352 -117.0000000000
2367 -116.0000000000
2456 -115.0000000000
2478 -113.0000000000
2486 -110.0000000000
2557 -107.0000000000
2638 -106.0000000000
2644 -105.0000000000
2707 -104.0000000000
2714 -103.0000000000
2735 -102.0000000000
2776 -101.0000000000
2831 -100.0000000000
2833 -99.0000000000
2863 -98.0000000000
2884 -96.0000000000
2897 -95.0000000000
2929 -94.0000000000
2993 -93.0000000000
3037 -92.0000000000
3085 -90.0000000000
3107 -89.0000000000
3121 -88.0000000000
3194 -87.0000000000
3212 -86.0000000000
3252 -84.0000000000
3338 -83.0000000000
3361 -82.0000000000
3412 -81.0000000000
3430 -78.0000000000
3492 -77.0000000000
3541 -76.0000000000
3580 -75.0000000000
3612 -73.0000000000
3661 -72.0000000000
3669 -71.0000000000
3739 -69.0000000000
3790 -67.0000000000
3857 -66.0000000000
3885 -65.0000000000
3936 -63.0000000000
4001 -62.0000000000
4019 -60.0000000000
4079 -59.0000000000
4090 -58.0000000000
4147 -57.0000000000
4221 -56.0000000000
4240 -54.0000000000
4346 -53.0000000000
4390 -52.0000000000
4424 -51.0000000000
4453 -50.0000000000
4563 -48.0000000000
4658 -46.0000000000
4753 -45.0000000000
4782 -43.0000000000
4820 -42.0000000000
4876 -41.0000000000
4921 -40.0000000000
4953 -39.0000000000
4994 -38.0000000000
5055 -37.0000000000
5127 -35.0000000000
5209 -34.0000000000
5273 -33.0000000000
5282 -32.0000000000
5314 -31.0000000000
5339 -30.0000000000
5442 -28.0000000000
5505 -26.0000000000
5564 -25.0000000000
5637 -24.0000000000
5701 -23.0000000000
5751 -22.0000000000
5800 -21.0000000000
5857 -20.0000000000
5908 -18.0000000000
6033 -17.0000000000
6073 -15.0000000000
6217 -14.0000000000
6275 -13.0000000000
6410 -11.0000000000
6488 -10.0000000000
6582 -9.0000000000
6675 -7.0000000000
6686 -6.0000000000
6849 -5.0000000000
6868 -4.0000000000
6905 -3.0000000000
7080 -2.0000000000
7128 -1.0000000000
7227 583.0000000000
7341 584.0000000000
7394 594.0000000000
7416 608.0000000000
7439 613.0000000000
7483 614.0000000000
7576 638.0000000000
7656 639.0000000000
7740 649.0000000000
8339 653.0000000000
10205 654.0000000000
10340 662.0000000000
10891 685.0000000000
38496 686.0000000000
62959 687.0000000000
89370 689.0000000000
89908 690.0000000000
90017 691.0000000000
91210 695.0000000000
100000 -1.0000000000
evaluations raw_y
1 -372.0000000000
2 -371.0000000000
3 -352.0000000000
10 -349.0000000000
15 -348.0000000000
27 -341.0000000000
46 -340.0000000000
49 -339.0000000000
60 -337.0000000000
71 -334.0000000000
87 -333.0000000000
88 -331.0000000000
95 -330.0000000000
100 -328.0000000000
104 -325.0000000000
125 -322.0000000000
142 -305.0000000000
167 -302.0000000000
187 -293.0000000000
230 -291.0000000000
249 -288.0000000000
275 -286.0000000000
281 -277.0000000000
325 -273.0000000000
348 -271.0000000000
356 -270.0000000000
393 -265.0000000000
400 -262.0000000000
430 -258.0000000000
471 -253.0000000000
487 -249.0000000000
496 -247.0000000000
501 -246.0000000000
511 -244.0000000000
537 -243.0000000000
545 -242.0000000000
557 -241.0000000000
565 -240.0000000000
574 -238.0000000000
581 -237.0000000000
594 -236.0000000000
618 -235.0000000000
619 -233.0000000000
625 -229.0000000000
641 -226.0000000000
692 -224.0000000000
724 -220.0000000000
746 -216.0000000000
781 -215.0000000000
801 -214.0000000000
828 -213.0000000000
855 -207.0000000000
910 -206.0000000000
942 -202.0000000000
981 -201.0000000000
1002 -199.0000000000
1025 -197.0000000000
1041 -195.0000000000
1048 -194.0000000000
1070 -190.0000000000
1112 -188.0000000000
1152 -187.0000000000
1158 -185.0000000000
1173 -184.0000000000
1196 -182.0000000000
1249 -181.0000000000
1271 -179.0000000000
1307 -177.0000000000
1351 -176.0000000000
1360 -175.0000000000
1375 -174.0000000000
1412 -173.0000000000
1421 -171.0000000000
1451 -170.0000000000
1521 -169.0000000000
1552 -167.0000000000
1562 -165.0000000000
1592 -164.0000000000
1606 -163.0000000000
1619 -162.0000000000
1645 -161.0000000000
1665 -160.0000000000
1683 -159.0000000000
1748 -158.0000000000
1751 -154.0000000000
1806 -151.0000000000
1843 -150.0000000000
1851 -146.0000000000
1885 -145.0000000000
1954 -144.0000000000
1977 -143.0000000000
2002 -142.0000000000
2024 -139.0000000000
2104 -138.0000000000
2109 -137.0000000000
2173 -136.0000000000
2176 -134.0000000000
2249 -131.0000000000
2310 -130.0000000000
2326 -129.0000000000
2379 -127.0000000000
2404 -126.0000000000
2429 -124.0000000000
2473 -121.0000000000
2543 -118.0000000000
2604 -117.0000000000
2628 -116.0000000000
2675 -115.0000000000
2678 -113.0000000000
2702 -112.0000000000
2749 -111.0000000000
2782 -109.0000000000
2826 -108.0000000000
2849 -107.0000000000
2927 -106.0000000000
2941 -104.0000000000
2985 -103.0000000000
3006 -102.0000000000
3042 -101.0000000000
3060 -99.0000000000
3132 -98.0000000000
3155 -97.0000000000
3180 -95.0000000000
3205 -94.0000000000
3221 -92.0000000000
3267 -91.0000000000
3322 -90.0000000000
3334 -88.0000000000
3337 -87.0000000000
3395 -86.0000000000
3433 -84.0000000000
3461 -83.0000000000
3489 -81.0000000000
3504 -80.0000000000
3525 -78.0000000000
3580 -77.0000000000
3607 -76.0000000000
3661 -74.0000000000
3720 -72.0000000000
3763 -71.0000000000
3813 -70.0000000000
3854 -69.0000000000
3898 -68.0000000000
3956 -67.0000000000
4038 -66.0000000000
4046 -65.0000000000
4101 -64.0000000000
4177 -63.0000000000
4250 -62.0000000000
4296 -61.0000000000
4299 -60.0000000000
4344 -58.0000000000
4455 -57.0000000000
4493 -56.0000000000
4525 -55.0000000000
4606 -54.0000000000
4628 -52.0000000000
4686 -51.0000000000
4746 -50.0000000000
4755 -49.0000000000
4805 -47.0000000000
4825 -46.0000000000
4880 -44.0000000000
5022 -43.0000000000
5024 -41.0000000000
5104 -39.0000000000
5163 -38.0000000000
5246 -37.0000000000
5300 -36.0000000000
5325 -35.0000000000
5403 -34.0000000000
5445 -33.0000000000
5472 -32.0000000000
5491 -30.0000000000
5564 -29.0000000000
5669 -28.0000000000
5709 -27.0000000000
5815 -25.0000000000
5908 -22.0000000000
6038 -21.0000000000
6112 -20.0000000000
6171 -18.0000000000
6306 -17.0000000000
6444 -16.0000000000
6487 -15.0000000000
6571 -14.0000000000
6651 -13.0000000000
6740 -12.0000000000
6771 -11.0000000000
6855 -10.0000000000
6859 -9.0000000000
7023 -8.0000000000
7064 -7.0000000000
7163 -6.0000000000
7346 -5.0000000000
7491 -4.0000000000
7509 -3.0000000000
8076 -2.0000000000
8304 -1.0000000000
8621 556.0000000000
8691 568.0000000000
8830 579.0000000000
8892 590.0000000000
8953 593.0000000000
9302 601.0000000000
9349 611.0000000000
9494 621.0000000000
9704 627.0000000000
9772 638.0000000000
9881 639.0000000000
9936 641.0000000000
9972 653.0000000000
10170 670.0000000000
12135 671.0000000000
12237 675.0000000000
12389 678.0000000000
12577 680.0000000000
13866 682.0000000000
15807 684.0000000000
16023 685.0000000000
16501 687.0000000000
16521 689.0000000000
34734 690.0000000000
38233 691.0000000000
38293 695.0000000000
43657 697.0000000000
44178 699.0000000000
54126 702.0000000000
54273 703.0000000000
74510 705.0000000000
100000 -1.0000000000
evaluations raw_y
1 -353.0000000000
3 -342.0000000000
34 -339.0000000000
50 -337.0000000000
60 -333.0000000000
89 -320.0000000000
128 -316.0000000000
144 -313.0000000000
162 -307.0000000000
174 -304.0000000000
183 -303.0000000000
208 -297.0000000000
224 -292.0000000000
229 -286.0000000000
275 -280.0000000000
329 -279.0000000000
337 -275.0000000000
377 -266.0000000000
422 -265.0000000000
446 -262.0000000000
481 -258.0000000000
501 -253.0000000000
586 -251.0000000000
601 -249.0000000000
613 -248.0000000000
647 -245.0000000000
651 -243.0000000000
701 -242.0000000000
714 -239.0000000000
739 -238.0000000000
758 -235.0000000000
781 -234.0000000000
788 -233.0000000000
789 -231.0000000000
807 -229.0000000000
848 -228.0000000000
860 -227.0000000000
899 -225.0000000000
905 -224.0000000000
925 -222.0000000000
936 -221.0000000000
958 -220.0000000000
961 -219.0000000000
963 -217.0000000000
985 -216.0000000000
990 -213.0000000000
1069 -211.0000000000
1084 -209.0000000000
1116 -208.0000000000
1129 -207.0000000000
1139 -206.0000000000
1149 -204.0000000000
1168 -203.0000000000
1180 -202.0000000000
1238 -201.0000000000
1247 -198.0000000000
1267 -195.0000000000
1288 -193.0000000000
1332 -191.0000000000
1351 -190.0000000000
1362 -189.0000000000
1398 -188.0000000000
1413 -186.0000000000
1450 -184.0000000000
1485 -183.0000000000
1493 -182.0000000000
1533 -180.0000000000
1589 -179.0000000000
1599 -178.0000000000
1611 -176.0000000000
1644 -175.0000000000
1686 -173.0000000000
1714 -171.0000000000
1805 -170.0000000000
1817 -169.0000000000
1833 -168.0000000000
1853 -167.0000000000
1865 -165.0000000000
1925 -164.0000000000
1929 -163.0000000000
1938 -162.0000000000
1975 -160.0000000000
2013 -158.0000000000
2018 -156.0000000000
2068 -154.0000000000
2107 -153.0000000000
2128 -152.0000000000
2156 -151.0000000000
2162 -149.0000000000
2166 -147.0000000000
2221 -146.0000000000
2284 -145.0000000000
2285 -143.0000000000
2368 -142.0000000000
2393 -141.0000000000
2398 -140.0000000000
2416 -139.0000000000
2463 -138.0000000000
2468 -137.0000000000
2474 -134.0000000000
2535 -133.0000000000
2548 -131.0000000000
2570 -130.0000000000
2579 -129.0000000000
2608 -128.0000000000
2653 -127.0000000000
2672 -126.0000000000
2697 -122.0000000000
2785 -119.0000000000
2840 -117.0000000000
2869 -116.0000000000
2888 -115.0000000000
2899 -114.0000000000
2921 -112.0000000000
2965 -110.0000000000
3015 -105.0000000000
3064 -104.0000000000
3156 -102.0000000000
3170 -101.0000000000
3238 -99.0000000000
3266 -98.0000000000
3324 -96.0000000000
3369 -94.0000000000
3416 -93.0000000000
3467 -92.0000000000
3497 -91.0000000000
3543 -90.0000000000
3578 -88.0000000000
3610 -87.0000000000
3658 -86.0000000000
3703 -85.0000000000
3742 -83.0000000000
3778 -82.0000000000
3798 -79.0000000000
3812 -78.0000000000
3861 -77.0000000000
3868 -76.0000000000
3930 -75.0000000000
3950 -74.0000000000
3963 -73.0000000000
3982 -72.0000000000
4005 -69.0000000000
4141 -68.0000000000
4161 -67.0000000000
4225 -66.0000000000
4313 -65.0000000000
4321 -64.0000000000
4361 -61.0000000000
4416 -60.0000000000
4512 -59.0000000000
4528 -58.0000000000
4587 -56.0000000000
4682 -55.0000000000
4724 -54.0000000000
4767 -53.0000000000
4781 -52.0000000000
4826 -51.0000000000
4896 -50.0000000000
4919 -48.0000000000
4945 -47.0000000000
5013 -46.0000000000
5014 -45.0000000000
5046 -43.0000000000
5138 -42.0000000000
5172 -41.0000000000
5207 -40.0000000000
5274 -39.0000000000
5312 -38.0000000000
5372 -37.0000000000
5431 -36.0000000000
5462 -34.0000000000
5545 -33.0000000000
5582 -32.0000000000
5643 -30.0000000000
5662 -29.0000000000
5774 -28.0000000000
5847 -27.0000000000
5925 -26.0000000000
5946 -25.0000000000
5987 -24.0000000000
6041 -23.0000000000
6127 -22.0000000000
6217 -21.0000000000
6356 -20.0000000000
6412 -19.0000000000
6505 -18.0000000000
6550 -17.0000000000
6662 -16.0000000000
6797 -15.0000000000
6861 -14.0000000000
6925 -12.0000000000
7113 -11.0000000000
7128 -10.0000000000
7193 -9.0000000000
7251 -8.0000000000
7351 -7.0000000000
7391 -6.0000000000
7422 -5.0000000000
7477 -4.0000000000
7554 -3.0000000000
7733 -2.0000000000
7992 -1.0000000000
8167 506.0000000000
8731 516.0000000000
8929 521.0000000000
8972 552.0000000000
8993 561.0000000000
9386 577.0000000000
9481 588.0000000000
9584 589.0000000000
9628 593.0000000000
9698 595.0000000000
9859 596.0000000000
9890 597.0000000000
10659 605.0000000000
10724 613.0000000000
10725 625.0000000000
11185 639.0000000000
11497 647.0000000000
11616 650.0000000000
11787 656.0000000000
11879 659.0000000000
11886 663.0000000000
12221 664.0000000000
12425 667.0000000000
12559 669.0000000000
14236 676.0000000000
14537 677.0000000000
14656 678.0000000000
15010 680.0000000000
15257 683.0000000000
86912 684.0000000000
94870 685.0000000000
96255 687.0000000000
96428 689.0000000000
100000 689.0000000000
evaluations raw_y
1 -397.0000000000
2 -369.0000000000
3 -364.0000000000
7 -354.0000000000
9 -352.0000000000
11 -350.0000000000
20 -343.0000000000
48 -338.0000000000
78 -336.0000000000
80 -334.0000000000
84 -325.0000000000
124 -320.0000000000
126 -313.0000000000
141 -312.0000000000
146 -310.0000000000
168 -306.0000000000
181 -296.0000000000
221 -295.0000000000
237 -292.0000000000
248 -289.0000000000
261 -279.0000000000
288 -278.0000000000
304 -275.0000000000
324 -272.0000000000
335 -265.0000000000
344 -262.0000000000
402 -254.0000000000
467 -249.0000000000
507 -248.0000000000
515 -246.0000000000
521 -240.0000000000
548 -237.0000000000
602 -233.0000000000
645 -230.0000000000
649 -229.0000000000
671 -228.0000000000
689 -226.0000000000
710 -224.0000000000
721 -223.0000000000
728 -218.0000000000
744 -217.0000000000
802 -216.0000000000
803 -214.0000000000
821 -211.0000000000
822 -210.0000000000
863 -209.0000000000
866 -208.0000000000
869 -207.0000000000
891 -206.0000000000
901 -205.0000000000
914 -203.0000000000
921 -202.0000000000
943 -201.0000000000
954 -200.0000000000
974 -198.0000000000
1001 -193.0000000000
1023 -190.0000000000
1071 -189.0000000000
1081 -182.0000000000
1129 -180.0000000000
1172 -179.0000000000
1209 -176.0000000000
1247 -175.0000000000
1256 -174.0000000000
1283 -172.0000000000
1304 -169.0000000000
1387 -166.0000000000
1464 -165.0000000000
1492 -164.0000000000
1501 -163.0000000000
1506 -162.0000000000
1524 -161.0000000000
1548 -160.0000000000
1558 -159.0000000000
1585 -157.0000000000
1603 -156.0000000000
1646 -155.0000000000
1674 -154.0000000000
1695 -152.0000000000
1764 -151.0000000000
1765 -150.0000000000
1808 -149.0000000000
1813 -148.0000000000
1845 -147.0000000000
1872 -146.0000000000
1879 -145.0000000000
1901 -144.0000000000
1915 -143.0000000000
1945 -140.0000000000
1968 -139.0000000000
2032 -138.0000000000
2034 -137.0000000000
2048 -136.0000000000
2092 -135.0000000000
2100 -133.0000000000
2109 -132.0000000000
2133 -131.0000000000
2200 -130.0000000000
2207 -129.0000000000
2242 -127.0000000000
2286 -126.0000000000
2292 -125.0000000000
2313 -124.0000000000
2368 -122.0000000000
2413 -121.0000000000
2446 -120.0000000000
2450 -119.0000000000
2526 -118.0000000000
2556 -117.0000000000
2566 -116.0000000000
2583 -115.0000000000
2634 -114.0000000000
2671 -113.0000000000
2687 -112.0000000000
2715 -111.0000000000
2725 -110.0000000000
2761 -109.0000000000
2799 -107.0000000000
2850 -106.0000000000
2865 -104.0000000000
2903 -103.0000000000
2930 -100.0000000000
3008 -99.0000000000
3040 -98.0000000000
3048 -96.0000000000
3113 -95.0000000000
3135 -94.0000000000
3161 -90.0000000000
3224 -89.0000000000
3233 -88.0000000000
3241 -85.0000000000
3326 -83.0000000000
3359 -82.0000000000
3432 -80.0000000000
3518 -79.0000000000
3532 -78.0000000000
3624 -76.0000000000
3669 -74.0000000000
3725 -73.0000000000
3768 -72.0000000000
3802 -70.0000000000
3865 -69.0000000000
3895 -68.0000000000
3914 -67.0000000000
3933 -66.0000000000
4028 -65.0000000000
4033 -64.0000000000
4076 -63.0000000000
4114 -62.0000000000
4139 -61.0000000000
4147 -59.0000000000
4194 -58.0000000000
4268 -57.0000000000
4283 -56.0000000000
4353 -54.0000000000
4465 -53.0000000000
4486 -52.0000000000
4529 -51.0000000000
4581 -50.0000000000
4612 -49.0000000000
4641 -48.0000000000
4754 -47.0000000000
4770 -46.0000000000
4808 -45.0000000000
4838 -44.0000000000
4901 -42.0000000000
4974 -41.0000000000
5061 -40.0000000000
5159 -39.0000000000
5295 -38.0000000000
5401 -36.0000000000
5589 -35.0000000000
5695 -34.0000000000
5889 -33.0000000000
5993 -32.0000000000
6003 -31.0000000000
6061 -30.0000000000
6169 -29.0000000000
6192 -28.0000000000
6281 -26.0000000000
6403 -25.0000000000
6437 -24.0000000000
6503 -23.0000000000
6504 -22.0000000000
6599 -21.0000000000
6670 -20.0000000000
6755 -19.0000000000
6786 -18.0000000000
6804 -17.0000000000
6926 -15.0000000000
7001 -14.0000000000
7043 -13.0000000000
7082 -12.0000000000
7219 -11.0000000000
7276 -10.0000000000
7319 -9.0000000000
7386 -7.0000000000
7516 -6.0000000000
7777 -5.0000000000
7969 -4.0000000000
8105 -3.0000000000
8258 -2.0000000000
8409 -1.0000000000
8421 600.0000000000
8444 601.0000000000
8598 612.0000000000
8944 614.0000000000
9684 632.0000000000
9819 646.0000000000
10020 653.0000000000
10046 654.0000000000
10651 662.0000000000
10752 667.0000000000
10787 670.0000000000
12183 673.0000000000
12422 678.0000000000
12518 679.0000000000
12709 686.0000000000
12935 688.0000000000
12973 694.0000000000
49370 696.0000000000
100000 696.0000000000
evaluations raw_y
1 -350.0000000000
7 -348.0000000000
10 -336.0000000000
67 -328.0000000000
81 -323.0000000000
91 -316.0000000000
116 -312.0000000000
138 -301.0000000000
160 -297.0000000000
184 -291.0000000000
224 -279.0000000000
225 -271.0000000000
263 -269.0000000000
282 -264.0000000000
302 -258.0000000000
341 -257.0000000000
348 -254.0000000000
353 -252.0000000000
365 -243.0000000000
397 -242.0000000000
420 -241.0000000000
427 -240.0000000000
442 -236.0000000000
467 -233.0000000000
491 -232.0000000000
504 -228.0000000000
516 -226.0000000000
523 -221.0000000000
532 -219.0000000000
575 -218.0000000000
586 -216.0000000000
589 -213.0000000000
601 -209.0000000000
647 -205.0000000000
659 -199.0000000000
670 -198.0000000000
678 -195.0000000000
717 -193.0000000000
721 -192.0000000000
743 -190.0000000000
746 -189.0000000000
759 -185.0000000000
768 -177.0000000000
813 -176.0000000000
898 -175.0000000000
912 -173.0000000000
952 -171.0000000000
982 -170.0000000000
1011 -169.0000000000
1012 -168.0000000000
1035 -165.0000000000
1049 -164.0000000000
1073 -161.0000000000
1095 -160.0000000000
1138 -159.0000000000
1163 -158.0000000000
1221 -157.0000000000
1222 -156.0000000000
1246 -155.0000000000
1247 -154.0000000000
1266 -152.0000000000
1295 -151.0000000000
1308 -150.0000000000
1311 -149.0000000000
1360 -148.0000000000
1401 -145.0000000000
1447 -143.0000000000
1489 -142.0000000000
1517 -141.0000000000
1538 -139.0000000000
1555 -138.0000000000
1579 -137.0000000000
1604 -136.0000000000
1624 -135.0000000000
1685 -134.0000000000
1691 -133.0000000000
1712 -132.0000000000
1723 -131.0000000000
1740 -130.0000000000
1767 -129.0000000000
1807 -127.0000000000
1813 -126.0000000000
1862 -125.0000000000
1863 -123.0000000000
1913 -122.0000000000
1942 -120.0000000000
1955 -119.0000000000
1973 -117.0000000000
2044 -115.0000000000
2064 -114.0000000000
2087 -113.0000000000
2095 -112.0000000000
2112 -111.0000000000
2150 -109.0000000000
2166 -108.0000000000
2183 -107.0000000000
2223 -106.0000000000
2277 -103.0000000000
2314 -101.0000000000
2321 -100.0000000000
2416 -99.0000000000
2445 -98.0000000000
2485 -97.0000000000
2537 -96.0000000000
2561 -94.0000000000
2646 -93.0000000000
2687 -91.0000000000
2723 -90.0000000000
2780 -89.0000000000
2813 -87.0000000000
2865 -86.0000000000
2883 -85.0000000000
2934 -81.0000000000
2995 -80.0000000000
3028 -79.0000000000
3101 -78.0000000000
3114 -77.0000000000
3158 -75.0000000000
3196 -73.0000000000
3247 -72.0000000000
3278 -71.0000000000
3333 -70.0000000000
3394 -69.0000000000
3404 -68.0000000000
3503 -67.0000000000
3513 -66.0000000000
3546 -65.0000000000
3587 -64.0000000000
3644 -63.0000000000
3692 -61.0000000000
3707 -60.0000000000
3784 -58.0000000000
3857 -56.0000000000
3888 -55.0000000000
3944 -54.0000000000
4002 -52.0000000000
4058 -51.0000000000
4084 -50.0000000000
4138 -49.0000000000
4176 -48.0000000000
4208 -47.0000000000
4241 -46.0000000000
4323 -45.0000000000
4383 -44.0000000000
4408 -41.0000000000
4553 -40.0000000000
4642 -39.0000000000
4651 -38.0000000000
4713 -37.0000000000
4755 -36.0000000000
4894 -35.0000000000
4968 -34.0000000000
4989 -33.0000000000
5070 -32.0000000000
5153 -31.0000000000
5180 -30.0000000000
5291 -29.0000000000
5340 -27.0000000000
5485 -26.0000000000
5509 -25.0000000000
5541 -24.0000000000
5625 -23.0000000000
5687 -22.0000000000
5712 -21.0000000000
5744 -20.0000000000
5806 -19.0000000000
5865 -18.0000000000
5939 -16.0000000000
6059 -15.0000000000
6077 -14.0000000000
6148 -13.0000000000
6227 -12.0000000000
6296 -11.0000000000
6341 -9.0000000000
6422 -8.0000000000
6527 -7.0000000000
6719 -6.0000000000
6984 -5.0000000000
7064 -4.0000000000
7120 -3.0000000000
7213 -2.0000000000
7287 -1.0000000000
7323 591.0000000000
7585 592.0000000000
7616 597.0000000000
7705 605.0000000000
8038 606.0000000000
8183 613.0000000000
8361 620.0000000000
8652 622.0000000000
9057 627.0000000000
9278 629.0000000000
9398 631.0000000000
9553 634.0000000000
9871 637.0000000000
10297 640.0000000000
11657 650.0000000000
14248 657.0000000000
15341 658.0000000000
15454 662.0000000000
15653 670.0000000000
21237 672.0000000000
21476 680.0000000000
23306 681.0000000000
23622 684.0000000000
51546 685.0000000000
54347 691.0000000000
55699 693.0000000000
87432 696.0000000000
100000 -2.0000000000
evaluations raw_y
1 -359.0000000000
2 -354.0000000000
7 -336.0000000000
93 -325.0000000000
108 -317.0000000000
139 -315.0000000000
144 -310.0000000000
185 -308.0000000000
199 -303.0000000000
216 -297.0000000000
241 -291.0000000000
263 -287.0000000000
294 -285.0000000000
322 -284.0000000000
328 -273.0000000000
373 -266.0000000000
386 -263.0000000000
403 -256.0000000000
445 -255.0000000000
452 -253.0000000000
455 -248.0000000000
463 -247.0000000000
499 -244.0000000000
514 -237.0000000000
554 -236.0000000000
556 -230.0000000000
575 -228.0000000000
582 -226.0000000000
607 -224.0000000000
635 -220.0000000000
636 -215.0000000000
651 -212.0000000000
681 -211.0000000000
725 -210.0000000000
752 -209.0000000000
754 -207.0000000000
791 -206.0000000000
799 -202.0000000000
855 -197.0000000000
869 -194.0000000000
889 -191.0000000000
970 -186.0000000000
994 -185.0000000000
1023 -184.0000000000
1052 -183.0000000000
1061 -180.0000000000
1117 -179.0000000000
1164 -178.0000000000
1176 -176.0000000000
1188 -175.0000000000
1193 -172.0000000000
1225 -171.0000000000
1226 -170.0000000000
1262 -169.0000000000
1264 -168.0000000000
1299 -167.0000000000
1337 -166.0000000000
1345 -165.0000000000
1373 -164.0000000000
1384 -162.0000000000
1385 -161.0000000000
1419 -160.0000000000
1424 -159.0000000000
1464 -157.0000000000
1509 -156.0000000000
1527 -155.0000000000
1530 -154.0000000000
1535 -152.0000000000
1576 -149.0000000000
1609 -148.0000000000
1643 -146.0000000000
1665 -144.0000000000
1717 -142.0000000000
1762 -140.0000000000
1788 -139.0000000000
1811 -138.0000000000
1826 -137.0000000000
1845 -136.0000000000
1848 -135.0000000000
1905 -134.0000000000
1917 -133.0000000000
1954 -132.0000000000
1983 -130.0000000000
2006 -128.0000000000
2042 -125.0000000000
2103 -124.0000000000
2114 -123.0000000000
2149 -122.0000000000
2161 -121.0000000000
2236 -120.0000000000
2238 -119.0000000000
2271 -118.0000000000
2283 -117.0000000000
2291 -115.0000000000
2329 -114.0000000000
2394 -113.0000000000
2421 -112.0000000000
2463 -110.0000000000
2488 -109.0000000000
2544 -108.0000000000
2548 -107.0000000000
2588 -106.0000000000
2600 -105.0000000000
2633 -103.0000000000
2693 -102.0000000000
2763 -100.0000000000
2798 -98.0000000000
2808 -97.0000000000
2859 -96.0000000000
2884 -95.0000000000
2892 -94.0000000000
2950 -93.0000000000
2956 -92.0000000000
2994 -91.0000000000
3022 -89.0000000000
3085 -88.0000000000
3135 -86.0000000000
3197 -85.0000000000
3246 -84.0000000000
3249 -83.0000000000
3297 -82.0000000000
3307 -81.0000000000
3323 -78.0000000000
3459 -77.0000000000
3492 -76.0000000000
3506 -75.0000000000
3541 -74.0000000000
3625 -73.0000000000
3653 -71.0000000000
3723 -69.0000000000
3796 -68.0000000000
3808 -67.0000000000
3851 -66.0000000000
3852 -65.0000000000
3866 -64.0000000000
3934 -63.0000000000
3960 -62.0000000000
3981 -61.0000000000
4033 -59.0000000000
4106 -58.0000000000
4138 -57.0000000000
4185 -55.0000000000
4216 -54.0000000000
4279 -53.0000000000
4341 -52.0000000000
4381 -51.0000000000
4435 -50.0000000000
4486 -49.0000000000
4491 -48.0000000000
4561 -46.0000000000
4606 -45.0000000000
4645 -44.0000000000
4685 -43.0000000000
4813 -42.0000000000
4871 -41.0000000000
4889 -40.0000000000
4926 -39.0000000000
4931 -38.0000000000
5041 -37.0000000000
5072 -36.0000000000
5075 -35.0000000000
5116 -34.0000000000
5168 -32.0000000000
5254 -30.0000000000
5353 -29.0000000000
5435 -28.0000000000
5543 -27.0000000000
5613 -26.0000000000
5633 -25.0000000000
5752 -23.0000000000
5821 -22.0000000000
5850 -21.0000000000
5878 -20.0000000000
5971 -19.0000000000
6045 -18.0000000000
6107 -17.0000000000
6142 -16.0000000000
6205 -15.0000000000
6368 -14.0000000000
6426 -13.0000000000
6456 -12.0000000000
6564 -11.0000000000
7233 -10.0000000000
7417 -9.0000000000
7582 -8.0000000000
7810 -7.0000000000
7834 -6.0000000000
8056 -5.0000000000
8211 -4.0000000000
8298 -3.0000000000
8441 -2.0000000000
8610 -1.0000000000
8648 608.0000000000
9566 623.0000000000
9868 632.0000000000
9979 635.0000000000
10051 638.0000000000
10168 639.0000000000
10292 640.0000000000
10398 645.0000000000
10510 657.0000000000
10634 659.0000000000
12897 662.0000000000
13146 665.0000000000
15551 667.0000000000
19276 668.0000000000
23288 670.0000000000
23558 673.0000000000
23666 677.0000000000
27659 680.0000000000
27875 681.0000000000
29769 682.0000000000
29842 685.0000000000
30025 686.0000000000
30026 687.0000000000
35659 688.0000000000
52536 693.0000000000
100000 -1.0000000000
evaluations raw_y
1 -361.0000000000
8 -355.0000000000
11 -351.0000000000
13 -343.0000000000
52 -330.0000000000
122 -324.0000000000
161 -319.0000000000
172 -313.0000000000
175 -303.0000000000
211 -302.0000000000
228 -295.0000000000
264 -292.0000000000
275 -289.0000000000
288 -285.0000000000
302 -284.0000000000
331 -279.0000000000
361 -271.0000000000
423 -269.0000000000
432 -258.0000000000
454 -257.0000000000
479 -254.0000000000
505 -251.0000000000
520 -247.0000000000
529 -245.0000000000
557 -244.0000000000
562 -241.0000000000
582 -236.0000000000
650 -235.0000000000
652 -233.0000000000
667 -232.0000000000
726 -231.0000000000
728 -228.0000000000
732 -226.0000000000
741 -225.0000000000
777 -223.0000000000
784 -221.0000000000
805 -219.0000000000
808 -217.0000000000
896 -215.0000000000
898 -214.0000000000
911 -212.0000000000
913 -210.0000000000
962 -208.0000000000
973 -207.0000000000
999 -206.0000000000
1001 -203.0000000000
1061 -200.0000000000
1092 -199.0000000000
1109 -197.0000000000
1125 -196.0000000000
1168 -190.0000000000
1201 -189.0000000000
1211 -187.0000000000
1242 -186.0000000000
1263 -184.0000000000
1291 -183.0000000000
1306 -180.0000000000
1336 -177.0000000000
1409 -175.0000000000
1444 -173.0000000000
1469 -172.0000000000
1499 -171.0000000000
1509 -170.0000000000
1542 -169.0000000000
1566 -167.0000000000
1603 -165.0000000000
1633 -164.0000000000
1667 -163.0000000000
1694 -162.0000000000
1709 -161.0000000000
1718 -158.0000000000
1757 -157.0000000000
1796 -155.0000000000
1821 -154.0000000000
1830 -152.0000000000
1875 -151.0000000000
1914 -150.0000000000
1929 -148.0000000000
1939 -147.0000000000
1951 -146.0000000000
2009 -142.0000000000
2035 -141.0000000000
2108 -140.0000000000
2149 -139.0000000000
2169 -137.0000000000
2207 -134.0000000000
2210 -133.0000000000
2256 -132.0000000000
2296 -131.0000000000
2347 -130.0000000000
2349 -129.0000000000
2353 -128.0000000000
2426 -127.0000000000
2432 -126.0000000000
2483 -124.0000000000
2536 -120.0000000000
2590 -118.0000000000
2618 -117.0000000000
2649 -116.0000000000
2679 -115.0000000000
2690 -112.0000000000
2747 -111.0000000000
2806 -108.0000000000
2831 -106.0000000000
2881 -105.0000000000
2904 -104.0000000000
2923 -102.0000000000
2944 -101.0000000000
2969 -100.0000000000
3003 -97.0000000000
3006 -96.0000000000
3107 -95.0000000000
3120 -94.0000000000
3179 -92.0000000000
3207 -91.0000000000
3229 -90.0000000000
3261 -89.0000000000
3307 -88.0000000000
3363 -87.0000000000
3390 -86.0000000000
3431 -85.0000000000
3481 -84.0000000000
3517 -83.0000000000
3544 -82.0000000000
3592 -81.0000000000
3616 -80.0000000000
3637 -78.0000000000
3685 -77.0000000000
3743 -74.0000000000
3849 -73.0000000000
3870 -72.0000000000
3904 -71.0000000000
3931 -70.0000000000
3991 -69.0000000000
4011 -67.0000000000
4070 -65.0000000000
4116 -64.0000000000
4201 -63.0000000000
4215 -62.0000000000
4263 -61.0000000000
4302 -60.0000000000
4331 -59.0000000000
4358 -58.0000000000
4370 -57.0000000000
4416 -56.0000000000
4449 -55.0000000000
4502 -54.0000000000
4526 -53.0000000000
4565 -52.0000000000
4615 -51.0000000000
4669 -50.0000000000
4720 -49.0000000000
4753 -48.0000000000
4794 -46.0000000000
4824 -44.0000000000
4906 -43.0000000000
4931 -42.0000000000
4981 -41.0000000000
4997 -39.0000000000
5112 -38.0000000000
5139 -37.0000000000
5200 -36.0000000000
5235 -34.0000000000
5337 -33.0000000000
5361 -32.0000000000
5418 -31.0000000000
5498 -30.0000000000
5515 -29.0000000000
5570 -28.0000000000
5654 -27.0000000000
5676 -26.0000000000
5713 -25.0000000000
5791 -24.0000000000
5804 -23.0000000000
5822 -22.0000000000
5943 -21.0000000000
6039 -20.0000000000
6086 -19.0000000000
6178 -18.0000000000
6276 -17.0000000000
6300 -16.0000000000
6360 -15.0000000000
6441 -14.0000000000
6484 -13.0000000000
6619 -12.0000000000
6680 -11.0000000000
6729 -10.0000000000
6763 -9.0000000000
6896 -8.0000000000
6961 -7.0000000000
7057 -6.0000000000
7160 -5.0000000000
7275 -4.0000000000
7324 -3.0000000000
7405 -2.0000000000
7498 -1.0000000000
7563 576.0000000000
7570 600.0000000000
7588 602.0000000000
7675 604.0000000000
7686 609.0000000000
7696 615.0000000000
7837 618.0000000000
7937 619.0000000000
7947 620.0000000000
8025 621.0000000000
8032 629.0000000000
9041 631.0000000000
9229 634.0000000000
9441 641.0000000000
10748 642.0000000000
10812 649.0000000000
10972 651.0000000000
10981 654.0000000000
10997 656.0000000000
11885 668.0000000000
12272 671.0000000000
12762 672.0000000000
12908 678.0000000000
13340 688.0000000000
14230 690.0000000000
14314 699.0000000000
24526 700.0000000000
81608 703.0000000000
100000 -2.0000000000
evaluations raw_y
1 -374.0000000000
2 -362.0000000000
7 -338.0000000000
37 -335.0000000000
77 -329.0000000000
110 -325.0000000000
124 -324.0000000000
128 -322.0000000000
143 -316.0000000000
165 -314.0000000000
172 -304.0000000000
191 -303.0000000000
229 -299.0000000000
232 -297.0000000000
240 -295.0000000000
251 -290.0000000000
272 -286.0000000000
294 -279.0000000000
321 -277.0000000000
326 -275.0000000000
332 -274.0000000000
362 -272.0000000000
369 -270.0000000000
377 -269.0000000000
384 -268.0000000000
390 -267.0000000000
401 -262.0000000000
414 -259.0000000000
426 -256.0000000000
433 -252.0000000000
457 -250.0000000000
482 -248.0000000000
485 -241.0000000000
526 -239.0000000000
535 -230.0000000000
546 -228.0000000000
568 -226.0000000000
585 -220.0000000000
644 -219.0000000000
654 -217.0000000000
670 -212.0000000000
703 -209.0000000000
720 -208.0000000000
722 -206.0000000000
763 -202.0000000000
807 -201.0000000000
815 -199.0000000000
821 -198.0000000000
838 -195.0000000000
865 -192.0000000000
903 -191.0000000000
916 -190.0000000000
926 -188.0000000000
941 -185.0000000000
966 -182.0000000000
1002 -181.0000000000
1033 -177.0000000000
1129 -176.0000000000
1137 -175.0000000000
1142 -170.0000000000
1168 -168.0000000000
1241 -164.0000000000
1291 -160.0000000000
1337 -159.0000000000
1362 -158.0000000000
1403 -157.0000000000
1418 -156.0000000000
1424 -152.0000000000
1487 -151.0000000000
1522 -150.0000000000
1541 -149.0000000000
1582 -147.0000000000
1599 -146.0000000000
1617 -145.0000000000
1624 -144.0000000000
1633 -143.0000000000
1668 -142.0000000000
1688 -141.0000000000
1714 -140.0000000000
1748 -138.0000000000
1753 -137.0000000000
1778 -136.0000000000
1798 -135.0000000000
1809 -134.0000000000
1820 -133.0000000000
1821 -132.0000000000
1831 -131.0000000000
1855 -128.0000000000
1885 -127.0000000000
1935 -126.0000000000
1967 -125.0000000000
1970 -124.0000000000
1987 -123.0000000000
1991 -122.0000000000
2007 -120.0000000000
2085 -119.0000000000
2102 -118.0000000000
2138 -115.0000000000
2221 -114.0000000000
2244 -112.0000000000
2296 -109.0000000000
2358 -107.0000000000
2392 -106.0000000000
2424 -105.0000000000
2463 -104.0000000000
2484 -103.0000000000
2507 -102.0000000000
2545 -101.0000000000
2587 -100.0000000000
2629 -99.0000000000
2639 -98.0000000000
2681 -97.0000000000
2684 -95.0000000000
2745 -94.0000000000
2774 -93.0000000000
2832 -92.0000000000
2834 -90.0000000000
2866 -89.0000000000
2886 -88.0000000000
2932 -87.0000000000
2940 -86.0000000000
2965 -85.0000000000
3006 -83.0000000000
3047 -82.0000000000
3067 -80.0000000000
3126 -79.0000000000
3166 -77.0000000000
3235 -76.0000000000
3242 -75.0000000000
3264 -74.0000000000
3372 -72.0000000000
3445 -71.0000000000
3460 -70.0000000000
3512 -68.0000000000
3598 -66.0000000000
3644 -65.0000000000
3667 -64.0000000000
3732 -63.0000000000
3786 -62.0000000000
3811 -61.0000000000
3818 -60.0000000000
3861 -59.0000000000
3961 -58.0000000000
3996 -57.0000000000
4037 -56.0000000000
4038 -55.0000000000
4043 -54.0000000000
4116 -53.0000000000
4148 -52.0000000000
4184 -51.0000000000
4215 -50.0000000000
4249 -49.0000000000
4316 -48.0000000000
4331 -47.0000000000
4334 -46.0000000000
4407 -45.0000000000
4417 -44.0000000000
4461 -43.0000000000
4533 -42.0000000000
4543 -41.0000000000
4567 -40.0000000000
4615 -39.0000000000
4642 -38.0000000000
4648 -37.0000000000
4654 -36.0000000000
4683 -35.0000000000
4788 -34.0000000000
4809 -33.0000000000
4841 -32.0000000000
4889 -31.0000000000
4912 -30.0000000000
4968 -28.0000000000
5108 -27.0000000000
5201 -26.0000000000
5278 -25.0000000000
5330 -24.0000000000
5413 -23.0000000000
5429 -22.0000000000
5501 -21.0000000000
5597 -20.0000000000
5668 -19.0000000000
5765 -18.0000000000
5995 -17.0000000000
6028 -16.0000000000
6108 -15.0000000000
6347 -14.0000000000
6547 -13.0000000000
6656 -12.0000000000
6689 -11.0000000000
6777 -10.0000000000
7014 -9.0000000000
7130 -8.0000000000
7257 -7.0000000000
7400 -5.0000000000
7481 -4.0000000000
7587 -3.0000000000
7640 -2.0000000000
7794 -1.0000000000
7889 585.0000000000
8184 594.0000000000
8255 614.0000000000
12867 623.0000000000
13017 634.0000000000
13172 635.0000000000
13697 639.0000000000
14720 654.0000000000
14782 655.0000000000
23217 657.0000000000
23719 659.0000000000
38807 666.0000000000
44184 670.0000000000
44437 673.0000000000
72203 675.0000000000
76257 676.0000000000
76366 686.0000000000
100000 686.0000000000
evaluations raw_y
1 -363.0000000000
3 -342.0000000000
23 -329.0000000000
61 -327.0000000000
63 -324.0000000000
127 -320.0000000000
143 -319.0000000000
147 -315.0000000000
161 -309.0000000000
184 -308.0000000000
203 -306.0000000000
218 -305.0000000000
226 -295.0000000000
279 -291.0000000000
282 -289.0000000000
298 -288.0000000000
311 -286.0000000000
328 -285.0000000000
333 -280.0000000000
336 -278.0000000000
345 -274.0000000000
373 -270.0000000000
381 -269.0000000000
414 -268.0000000000
423 -261.0000000000
440 -259.0000000000
466 -258.0000000000
479 -256.0000000000
482 -253.0000000000
490 -252.0000000000
496 -247.0000000000
527 -246.0000000000
531 -239.0000000000
581 -235.0000000000
594 -234.0000000000
609 -227.0000000000
642 -218.0000000000
751 -216.0000000000
754 -214.0000000000
790 -212.0000000000
797 -209.0000000000
808 -208.0000000000
812 -206.0000000000
847 -203.0000000000
862 -202.0000000000
883 -200.0000000000
905 -198.0000000000
938 -197.0000000000
946 -196.0000000000
961 -192.0000000000
984 -191.0000000000
1028 -189.0000000000
1049 -185.0000000000
1081 -183.0000000000
1189 -181.0000000000
1205 -180.0000000000
1225 -178.0000000000
1245 -177.0000000000
1281 -176.0000000000
1309 -175.0000000000
1320 -173.0000000000
1343 -172.0000000000
1354 -171.0000000000
1379 -169.0000000000
1398 -168.0000000000
1401 -167.0000000000
1421 -166.0000000000
1463 -165.0000000000
1465 -164.0000000000
1484 -163.0000000000
1487 -162.0000000000
1531 -160.0000000000
1596 -157.0000000000
1613 -156.0000000000
1621 -155.0000000000
1649 -154.0000000000
1683 -153.0000000000
1717 -152.0000000000
1721 -151.0000000000
1755 -149.0000000000
1781 -148.0000000000
1810 -146.0000000000
1814 -145.0000000000
1828 -142.0000000000
1865 -140.0000000000
1875 -139.0000000000
1904 -137.0000000000
1930 -135.0000000000
1978 -134.0000000000
1981 -133.0000000000
2018 -132.0000000000
2024 -131.0000000000
2060 -130.0000000000
2117 -129.0000000000
2127 -127.0000000000
2148 -126.0000000000
2193 -124.0000000000
2196 -123.0000000000
2201 -122.0000000000
2224 -120.0000000000
2289 -118.0000000000
2332 -117.0000000000
2356 -114.0000000000
2412 -113.0000000000
2471 -111.0000000000
2523 -110.0000000000
2544 -107.0000000000
2636 -106.0000000000
2653 -104.0000000000
2714 -103.0000000000
2739 -101.0000000000
2766 -100.0000000000
2802 -98.0000000000
2893 -96.0000000000
2931 -94.0000000000
2972 -93.0000000000
2988 -92.0000000000
3062 -91.0000000000
3076 -90.0000000000
3097 -89.0000000000
3116 -86.0000000000
3195 -85.0000000000
3200 -83.0000000000
3245 -82.0000000000
3290 -81.0000000000
3301 -80.0000000000
3332 -79.0000000000
3365 -78.0000000000
3405 -77.0000000000
3436 -76.0000000000
3437 -73.0000000000
3521 -72.0000000000
3530 -71.0000000000
3572 -70.0000000000
3593 -68.0000000000
3598 -67.0000000000
3617 -66.0000000000
3650 -63.0000000000
3690 -60.0000000000
3828 -59.0000000000
3895 -58.0000000000
3901 -57.0000000000
3972 -56.0000000000
4002 -55.0000000000
4105 -54.0000000000
4138 -52.0000000000
4200 -51.0000000000
4237 -50.0000000000
4254 -49.0000000000
4283 -47.0000000000
4370 -46.0000000000
4406 -45.0000000000
4414 -43.0000000000
4470 -42.0000000000
4499 -41.0000000000
4535 -40.0000000000
4593 -38.0000000000
4686 -37.0000000000
4768 -34.0000000000
4847 -33.0000000000
4866 -32.0000000000
4873 -31.0000000000
4917 -30.0000000000
4949 -29.0000000000
5027 -28.0000000000
5065 -27.0000000000
5163 -26.0000000000
5168 -25.0000000000
5300 -24.0000000000
5334 -23.0000000000
5412 -22.0000000000
5535 -21.0000000000
5682 -20.0000000000
5762 -19.0000000000
5835 -18.0000000000
5861 -17.0000000000
5922 -16.0000000000
6061 -15.0000000000
6172 -14.0000000000
6205 -13.0000000000
6303 -12.0000000000
6368 -11.0000000000
6446 -10.0000000000
6466 -9.0000000000
6594 -8.0000000000
6675 -7.0000000000
6783 -5.0000000000
6939 -4.0000000000
7003 -3.0000000000
7264 -2.0000000000
8011 -1.0000000000
8298 566.0000000000
8641 573.0000000000
8837 584.0000000000
8865 586.0000000000
8934 595.0000000000
8983 602.0000000000
9044 603.0000000000
9223 608.0000000000
9390 635.0000000000
9824 636.0000000000
9869 644.0000000000
9879 646.0000000000
10123 653.0000000000
10415 659.0000000000
10421 660.0000000000
16075 662.0000000000
16224 665.0000000000
16408 671.0000000000
17420 673.0000000000
17576 678.0000000000
21292 680.0000000000
100000 -1.0000000000
evaluations raw_y
1 -356.0000000000
2 -341.0000000000
34 -336.0000000000
61 -322.0000000000
112 -321.0000000000
121 -320.0000000000
128 -317.0000000000
141 -305.0000000000
200 -302.0000000000
202 -298.0000000000
214 -293.0000000000
245 -291.0000000000
267 -288.0000000000
281 -284.0000000000
302 -279.0000000000
324 -275.0000000000
353 -273.0000000000
362 -270.0000000000
376 -269.0000000000
386 -267.0000000000
389 -266.0000000000
415 -261.0000000000
432 -256.0000000000
448 -254.0000000000
470 -245.0000000000
523 -240.0000000000
563 -238.0000000000
581 -230.0000000000
641 -226.0000000000
666 -219.0000000000
704 -218.0000000000
732 -216.0000000000
756 -213.0000000000
788 -211.0000000000
821 -207.0000000000
860 -205.0000000000
868 -204.0000000000
885 -203.0000000000
894 -200.0000000000
926 -197.0000000000
971 -195.0000000000
984 -194.0000000000
1018 -190.0000000000
1047 -188.0000000000
1060 -187.0000000000
1079 -185.0000000000
1104 -184.0000000000
1130 -183.0000000000
1138 -182.0000000000
1142 -181.0000000000
1167 -180.0000000000
1178 -179.0000000000
1208 -177.0000000000
1222 -176.0000000000
1242 -175.0000000000
1250 -174.0000000000
1255 -173.0000000000
1264 -169.0000000000
1331 -166.0000000000
1373 -163.0000000000
1402 -160.0000000000
1469 -158.0000000000
1510 -156.0000000000
1554 -155.0000000000
1572 -151.0000000000
1646 -149.0000000000
1722 -148.0000000000
1734 -146.0000000000
1827 -145.0000000000
1847 -144.0000000000
1864 -143.0000000000
1870 -142.0000000000
1882 -141.0000000000
1932 -140.0000000000
1955 -139.0000000000
1964 -138.0000000000
1987 -137.0000000000
2028 -133.0000000000
2093 -131.0000000000
2150 -130.0000000000
2161 -127.0000000000
2200 -126.0000000000
2240 -125.0000000000
2248 -124.0000000000
2272 -122.0000000000
2304 -120.0000000000
2362 -118.0000000000
2386 -116.0000000000
2427 -115.0000000000
2482 -114.0000000000
2490 -111.0000000000
2569 -108.0000000000
2631 -107.0000000000
2674 -106.0000000000
2705 -105.0000000000
2732 -104.0000000000
2763 -102.0000000000
2824 -100.0000000000
2903 -99.0000000000
2946 -98.0000000000
2950 -97.0000000000
2984 -96.0000000000
3028 -95.0000000000
3051 -94.0000000000
3098 -93.0000000000
3117 -92.0000000000
3128 -90.0000000000
3216 -88.0000000000
3244 -86.0000000000
3323 -85.0000000000
3364 -84.0000000000
3383 -83.0000000000
3403 -82.0000000000
3427 -81.0000000000
3484 -80.0000000000
3544 -79.0000000000
3594 -78.0000000000
3625 -76.0000000000
3691 -73.0000000000
3821 -71.0000000000
3912 -70.0000000000
3942 -69.0000000000
3949 -68.0000000000
3978 -66.0000000000
4068 -64.0000000000
4130 -63.0000000000
4141 -61.0000000000
4266 -60.0000000000
4297 -59.0000000000
4369 -57.0000000000
4418 -56.0000000000
4483 -55.0000000000
4519 -52.0000000000
4601 -50.0000000000
4651 -49.0000000000
4694 -48.0000000000
4755 -46.0000000000
4820 -45.0000000000
4836 -44.0000000000
4909 -43.0000000000
4973 -42.0000000000
5064 -41.0000000000
5109 -40.0000000000
5142 -39.0000000000
5221 -38.0000000000
5261 -37.0000000000
5335 -36.0000000000
5341 -35.0000000000
5468 -34.0000000000
5487 -32.0000000000
5541 -31.0000000000
5585 -30.0000000000
5658 -28.0000000000
5766 -27.0000000000
5778 -26.0000000000
5854 -25.0000000000
5919 -24.0000000000
5964 -23.0000000000
6002 -21.0000000000
6125 -20.0000000000
6156 -19.0000000000
6253 -18.0000000000
6269 -17.0000000000
6358 -16.0000000000
6361 -15.0000000000
6440 -14.0000000000
6509 -13.0000000000
6606 -12.0000000000
6696 -11.0000000000
6805 -10.0000000000
6936 -9.0000000000
6975 -8.0000000000
7084 -7.0000000000
7197 -6.0000000000
7268 -4.0000000000
7423 -3.0000000000
7511 -2.0000000000
7546 -1.0000000000
7842 616.0000000000
8042 621.0000000000
8081 622.0000000000
8249 631.0000000000
9411 634.0000000000
10683 635.0000000000
10776 656.0000000000
10949 660.0000000000
11063 664.0000000000
13461 668.0000000000
14032 679.0000000000
16922 681.0000000000
17306 683.0000000000
17518 684.0000000000
32264 685.0000000000
32329 693.0000000000
40053 695.0000000000
41244 696.0000000000
77095 697.0000000000
80016 699.0000000000
100000 -2.0000000000
evaluations raw_y
1 -338.0000000000
88 -328.0000000000
97 -325.0000000000
109 -315.0000000000
154 -314.0000000000
163 -306.0000000000
166 -305.0000000000
191 -304.0000000000
196 -300.0000000000
201 -299.0000000000
204 -293.0000000000
225 -291.0000000000
244 -290.0000000000
302 -288.0000000000
304 -280.0000000000
346 -279.0000000000
363 -278.0000000000
368 -276.0000000000
381 -269.0000000000
401 -267.0000000000
422 -260.0000000000
427 -253.0000000000
449 -251.0000000000
509 -249.0000000000
512 -243.0000000000
554 -240.0000000000
556 -239.0000000000
588 -237.0000000000
607 -236.0000000000
638 -230.0000000000
642 -229.0000000000
681 -228.0000000000
689 -226.0000000000
728 -225.0000000000
744 -222.0000000000
748 -216.0000000000
819 -215.0000000000
822 -214.0000000000
844 -213.0000000000
863 -211.0000000000
882 -209.0000000000
901 -208.0000000000
904 -207.0000000000
929 -205.0000000000
941 -202.0000000000
990 -201.0000000000
1022 -199.0000000000
1028 -196.0000000000
1071 -195.0000000000
1076 -194.0000000000
1082 -190.0000000000
1177 -189.0000000000
1233 -186.0000000000
1254 -185.0000000000
1262 -184.0000000000
1286 -182.0000000000
1313 -179.0000000000
1352 -177.0000000000
1362 -176.0000000000
1417 -175.0000000000
1464 -174.0000000000
1481 -172.0000000000
1525 -171.0000000000
1532 -170.0000000000
1572 -169.0000000000
1574 -168.0000000000
1606 -167.0000000000
1610 -166.0000000000
1675 -163.0000000000
1759 -161.0000000000
1780 -160.0000000000
1786 -158.0000000000
1836 -157.0000000000
1842 -156.0000000000
1847 -155.0000000000
1875 -153.0000000000
1902 -152.0000000000
1903 -151.0000000000
1921 -150.0000000000
1966 -149.0000000000
1998 -147.0000000000
2003 -146.0000000000
2020 -145.0000000000
2024 -144.0000000000
2051 -142.0000000000
2116 -141.0000000000
2143 -140.0000000000
2183 -139.0000000000
2203 -138.0000000000
2228 -137.0000000000
2248 -136.0000000000
2273 -135.0000000000
2314 -134.0000000000
2317 -133.0000000000
2319 -132.0000000000
2330 -131.0000000000
2400 -130.0000000000
2422 -129.0000000000
2428 -127.0000000000
2492 -124.0000000000
2544 -123.0000000000
2565 -122.0000000000
2581 -120.0000000000
2621 -118.0000000000
2669 -117.0000000000
2723 -116.0000000000
2753 -115.0000000000
2767 -112.0000000000
2846 -111.0000000000
2864 -110.0000000000
2915 -109.0000000000
2956 -108.0000000000
2966 -107.0000000000
3014 -106.0000000000
3080 -104.0000000000
3146 -102.0000000000
3183 -101.0000000000
3216 -99.0000000000
3299 -98.0000000000
3313 -95.0000000000
3422 -94.0000000000
3430 -93.0000000000
3447 -92.0000000000
3498 -90.0000000000
3546 -89.0000000000
3589 -88.0000000000
3605 -87.0000000000
3643 -85.0000000000
3665 -84.0000000000
3746 -83.0000000000
3769 -82.0000000000
3839 -79.0000000000
3870 -78.0000000000
3921 -77.0000000000
3980 -75.0000000000
4007 -74.0000000000
4027 -73.0000000000
4094 -72.0000000000
4125 -71.0000000000
4201 -70.0000000000
4232 -69.0000000000
4244 -68.0000000000
4333 -66.0000000000
4405 -65.0000000000
4460 -63.0000000000
4545 -61.0000000000
4592 -59.0000000000
4669 -58.0000000000
4696 -57.0000000000
4704 -56.0000000000
4745 -55.0000000000
4797 -53.0000000000
4851 -50.0000000000
4923 -49.0000000000
4966 -48.0000000000
4984 -47.0000000000
4986 -46.0000000000
5020 -45.0000000000
5035 -44.0000000000
5136 -43.0000000000
5200 -42.0000000000
5229 -41.0000000000
5281 -40.0000000000
5298 -37.0000000000
5411 -36.0000000000
5503 -35.0000000000
5553 -34.0000000000
5671 -33.0000000000
5706 -32.0000000000
5736 -31.0000000000
5788 -29.0000000000
5882 -28.0000000000
5949 -27.0000000000
6006 -26.0000000000
6064 -25.0000000000
6085 -24.0000000000
6116 -22.0000000000
6248 -21.0000000000
6249 -20.0000000000
6407 -19.0000000000
6450 -18.0000000000
6526 -17.0000000000
6610 -16.0000000000
6676 -15.0000000000
6692 -14.0000000000
6900 -13.0000000000
7001 -12.0000000000
7064 -11.0000000000
7309 -10.0000000000
7458 -9.0000000000
7536 -8.0000000000
7606 -7.0000000000
7666 -6.0000000000
7704 -5.0000000000
7808 -4.0000000000
7957 -3.0000000000
8058 -2.0000000000
8175 -1.0000000000
8363 613.0000000000
8936 620.0000000000
9387 625.0000000000
9644 637.0000000000
9918 641.0000000000
9945 644.0000000000
9987 645.0000000000
10110 648.0000000000
10169 653.0000000000
10230 657.0000000000
10413 668.0000000000
10554 677.0000000000
12613 680.0000000000
18992 687.0000000000
29992 688.0000000000
54058 692.0000000000
85746 698.0000000000
86005 705.0000000000
100000 -1.0000000000
evaluations raw_y
1 -367.0000000000
4 -359.0000000000
8 -348.0000000000
24 -342.0000000000
53 -336.0000000000
83 -332.0000000000
109 -330.0000000000
126 -323.0000000000
134 -321.0000000000
144 -313.0000000000
185 -312.0000000000
186 -311.0000000000
201 -309.0000000000
207 -306.0000000000
230 -304.0000000000
241 -299.0000000000
252 -296.0000000000
257 -293.0000000000
272 -285.0000000000
303 -279.0000000000
315 -277.0000000000
326 -272.0000000000
361 -268.0000000000
384 -266.0000000000
390 -264.0000000000
393 -263.0000000000
398 -261.0000000000
408 -256.0000000000
454 -253.0000000000
466 -252.0000000000
476 -251.0000000000
477 -250.0000000000
497 -246.0000000000
506 -245.0000000000
523 -244.0000000000
536 -242.0000000000
551 -239.0000000000
584 -237.0000000000
588 -235.0000000000
610 -229.0000000000
662 -228.0000000000
675 -227.0000000000
684 -226.0000000000
706 -225.0000000000
724 -224.0000000000
726 -222.0000000000
737 -221.0000000000
744 -218.0000000000
776 -214.0000000000
813 -213.0000000000
843 -212.0000000000
854 -211.0000000000
857 -209.0000000000
882 -207.0000000000
904 -206.0000000000
911 -205.0000000000
913 -204.0000000000
933 -203.0000000000
938 -201.0000000000
942 -199.0000000000
970 -198.0000000000
1004 -197.0000000000
1005 -196.0000000000
1028 -195.0000000000
1041 -191.0000000000
1077 -188.0000000000
1107 -187.0000000000
1157 -185.0000000000
1165 -184.0000000000
1171 -182.0000000000
1214 -181.0000000000
1241 -180.0000000000
1251 -178.0000000000
1293 -177.0000000000
1321 -176.0000000000
1334 -175.0000000000
1370 -174.0000000000
1383 -172.0000000000
1411 -171.0000000000
1422 -169.0000000000
1480 -168.0000000000
1483 -167.0000000000
1528 -166.0000000000
1529 -165.0000000000
1549 -163.0000000000
1561 -162.0000000000
1581 -160.0000000000
1602 -159.0000000000
1611 -158.0000000000
1659 -155.0000000000
1708 -153.0000000000
1718 -151.0000000000
1732 -150.0000000000
1763 -147.0000000000
1794 -146.0000000000
1842 -145.0000000000
1871 -144.0000000000
1886 -143.0000000000
1909 -141.0000000000
1929 -140.0000000000
1954 -138.0000000000
1968 -137.0000000000
1997 -136.0000000000
2036 -135.0000000000
2072 -133.0000000000
2073 -132.0000000000
2098 -131.0000000000
2171 -129.0000000000
2203 -127.0000000000
2231 -125.0000000000
2288 -123.0000000000
2340 -122.0000000000
2401 -121.0000000000
2405 -120.0000000000
2442 -119.0000000000
2451 -117.0000000000
2480 -116.0000000000
2537 -115.0000000000
2565 -114.0000000000
2589 -113.0000000000
2592 -112.0000000000
2606 -111.0000000000
2630 -110.0000000000
2683 -109.0000000000
2700 -108.0000000000
2724 -107.0000000000
2746 -106.0000000000
2788 -104.0000000000
2804 -103.0000000000
2869 -101.0000000000
2945 -100.0000000000
2973 -99.0000000000
2977 -98.0000000000
3011 -97.0000000000
3031 -95.0000000000
3059 -93.0000000000
3150 -92.0000000000
3172 -91.0000000000
3224 -90.0000000000
3264 -89.0000000000
3267 -88.0000000000
3348 -87.0000000000
3371 -86.0000000000
3392 -85.0000000000
3443 -83.0000000000
3491 -82.0000000000
3524 -79.0000000000
3563 -78.0000000000
3581 -76.0000000000
3621 -75.0000000000
3682 -74.0000000000
3706 -73.0000000000
3733 -72.0000000000
3757 -71.0000000000
3803 -69.0000000000
3822 -68.0000000000
3862 -67.0000000000
3863 -66.0000000000
3930 -64.0000000000
4000 -63.0000000000
4002 -62.0000000000
4042 -61.0000000000
4064 -59.0000000000
4141 -58.0000000000
4191 -57.0000000000
4285 -56.0000000000
4297 -55.0000000000
4334 -54.0000000000
4350 -52.0000000000
4407 -51.0000000000
4444 -50.0000000000
4506 -49.0000000000
4541 -48.0000000000
4602 -45.0000000000
4738 -44.0000000000
4793 -43.0000000000
4829 -42.0000000000
4858 -41.0000000000
4891 -40.0000000000
4964 -39.0000000000
4970 -38.0000000000
4994 -37.0000000000
5071 -36.0000000000
5110 -35.0000000000
5140 -34.0000000000
5249 -33.0000000000
5275 -32.0000000000
5320 -31.0000000000
5329 -30.0000000000
5436 -29.0000000000
5490 -28.0000000000
5562 -27.0000000000
5595 -26.0000000000
5658 -25.0000000000
5701 -23.0000000000
5870 -21.0000000000
5962 -20.0000000000
5999 -19.0000000000
6140 -18.0000000000
6201 -17.0000000000
6230 -16.0000000000
6364 -15.0000000000
6501 -14.0000000000
6598 -13.0000000000
6687 -12.0000000000
6735 -11.0000000000
6841 -10.0000000000
6933 -9.0000000000
7077 -8.0000000000
7194 -7.0000000000
7280 -6.0000000000
7775 -5.0000000000
7854 -4.0000000000
7974 -3.0000000000
8060 -2.0000000000
8236 -1.0000000000
8746 626.0000000000
8773 630.0000000000
8960 636.0000000000
9077 639.0000000000
9128 644.0000000000
9379 649.0000000000
9422 656.0000000000
9591 659.0000000000
9727 666.0000000000
9739 667.0000000000
9848 674.0000000000
9876 675.0000000000
10966 677.0000000000
11478 679.0000000000
11628 680.0000000000
12206 683.0000000000
12344 684.0000000000
12434 689.0000000000
12702 693.0000000000
12885 696.0000000000
14222 697.0000000000
24625 698.0000000000
29604 699.0000000000
30414 702.0000000000
32199 704.0000000000
39686 706.0000000000
40013 709.0000000000
100000 709.0000000000
evaluations raw_y
1 -374.0000000000
3 -367.0000000000
5 -363.0000000000
8 -361.0000000000
10 -358.0000000000
17 -343.0000000000
91 -337.0000000000
93 -325.0000000000
112 -308.0000000000
178 -307.0000000000
187 -305.0000000000
191 -302.0000000000
213 -293.0000000000
225 -290.0000000000
248 -289.0000000000
281 -285.0000000000
312 -281.0000000000
345 -274.0000000000
367 -271.0000000000
387 -269.0000000000
388 -264.0000000000
428 -260.0000000000
476 -254.0000000000
540 -250.0000000000
544 -249.0000000000
568 -246.0000000000
613 -244.0000000000
634 -240.0000000000
664 -239.0000000000
670 -238.0000000000
681 -236.0000000000
693 -234.0000000000
708 -231.0000000000
765 -228.0000000000
772 -227.0000000000
779 -225.0000000000
799 -222.0000000000
819 -221.0000000000
848 -218.0000000000
901 -216.0000000000
921 -215.0000000000
948 -210.0000000000
1017 -206.0000000000
1094 -205.0000000000
1106 -203.0000000000
1122 -202.0000000000
1141 -200.0000000000
1206 -198.0000000000
1229 -197.0000000000
1241 -196.0000000000
1272 -195.0000000000
1282 -193.0000000000
1309 -192.0000000000
1310 -191.0000000000
1328 -188.0000000000
1373 -186.0000000000
1440 -183.0000000000
1498 -181.0000000000
1504 -180.0000000000
1538 -179.0000000000
1542 -178.0000000000
1559 -177.0000000000
1579 -175.0000000000
1623 -173.0000000000
1681 -172.0000000000
1704 -171.0000000000
1709 -169.0000000000
1764 -168.0000000000
1787 -166.0000000000
1801 -164.0000000000
1821 -163.0000000000
1881 -162.0000000000
1901 -159.0000000000
1981 -158.0000000000
1985 -157.0000000000
2011 -156.0000000000
2039 -155.0000000000
2084 -154.0000000000
2109 -151.0000000000
2196 -150.0000000000
2200 -149.0000000000
2221 -147.0000000000
2305 -142.0000000000
2347 -141.0000000000
2407 -140.0000000000
2434 -139.0000000000
2471 -138.0000000000
2486 -137.0000000000
2493 -136.0000000000
2524 -133.0000000000
2581 -132.0000000000
2639 -130.0000000000
2647 -127.0000000000
2729 -126.0000000000
2746 -125.0000000000
2786 -124.0000000000
2815 -123.0000000000
2826 -122.0000000000
2850 -121.0000000000
2853 -119.0000000000
2881 -118.0000000000
2923 -117.0000000000
2955 -116.0000000000
2985 -115.0000000000
2997 -114.0000000000
3002 -113.0000000000
3064 -112.0000000000
3115 -111.0000000000
3145 -110.0000000000
3158 -109.0000000000
3181 -108.0000000000
3206 -106.0000000000
3241 -105.0000000000
3280 -103.0000000000
3321 -101.0000000000
3377 -100.0000000000
3379 -98.0000000000
3451 -97.0000000000
3475 -95.0000000000
3486 -94.0000000000
3560 -91.0000000000
3572 -90.0000000000
3618 -89.0000000000
3660 -88.0000000000
3691 -87.0000000000
3780 -86.0000000000
3791 -85.0000000000
3803 -84.0000000000
3806 -83.0000000000
3866 -82.0000000000
3889 -81.0000000000
3966 -80.0000000000
4004 -79.0000000000
4007 -78.0000000000
4073 -77.0000000000
4097 -76.0000000000
4100 -75.0000000000
4122 -74.0000000000
4174 -73.0000000000
4208 -72.0000000000
4211 -71.0000000000
4214 -70.0000000000
4276 -69.0000000000
4304 -68.0000000000
4326 -67.0000000000
4340 -65.0000000000
4413 -64.0000000000
4443 -63.0000000000
4462 -62.0000000000
4490 -61.0000000000
4529 -60.0000000000
4579 -58.0000000000
4595 -57.0000000000
4702 -56.0000000000
4708 -54.0000000000
4742 -53.0000000000
4821 -51.0000000000
4884 -50.0000000000
4894 -49.0000000000
4923 -46.0000000000
5023 -45.0000000000
5114 -44.0000000000
5150 -43.0000000000
5217 -42.0000000000
5264 -41.0000000000
5293 -40.0000000000
5306 -39.0000000000
5368 -38.0000000000
5424 -37.0000000000
5469 -36.0000000000
5499 -35.0000000000
5510 -34.0000000000
5557 -33.0000000000
5606 -32.0000000000
5752 -31.0000000000
5841 -30.0000000000
5862 -29.0000000000
5962 -26.0000000000
6104 -25.0000000000
6210 -24.0000000000
6243 -23.0000000000
6338 -22.0000000000
6412 -21.0000000000
6471 -20.0000000000
6527 -19.0000000000
6560 -18.0000000000
6657 -17.0000000000
6740 -16.0000000000
6748 -15.0000000000
6843 -12.0000000000
6962 -11.0000000000
7002 -10.0000000000
7102 -9.0000000000
7140 -8.0000000000
7252 -7.0000000000
7426 -6.0000000000
7699 -5.0000000000
7846 -4.0000000000
7915 -3.0000000000
8064 -2.0000000000
8244 -1.0000000000
8338 605.0000000000
8348 616.0000000000
8512 620.0000000000
8626 621.0000000000
9156 628.0000000000
9626 629.0000000000
11152 634.0000000000
11354 642.0000000000
11435 643.0000000000
12042 647.0000000000
16086 648.0000000000
27437 653.0000000000
27553 656.0000000000
36844 660.0000000000
37713 667.0000000000
58780 669.0000000000
62833 672.0000000000
68639 674.0000000000
69888 677.0000000000
73169 681.0000000000
73619 684.0000000000
79668 686.0000000000
81137 688.0000000000
100000 -1.0000000000
evaluations raw_y
1 -374.0000000000
3 -341.0000000000
18 -337.0000000000
68 -327.0000000000
91 -320.0000000000
113 -311.0000000000
158 -302.0000000000
181 -292.0000000000
243 -291.0000000000
245 -286.0000000000
264 -285.0000000000
292 -282.0000000000
300 -278.0000000000
301 -274.0000000000
329 -272.0000000000
343 -267.0000000000
360 -261.0000000000
412 -259.0000000000
413 -252.0000000000
451 -244.0000000000
511 -239.0000000000
540 -238.0000000000
560 -232.0000000000
596 -226.0000000000
647 -224.0000000000
662 -219.0000000000
740 -218.0000000000
747 -214.0000000000
800 -213.0000000000
802 -211.0000000000
824 -210.0000000000
855 -207.0000000000
865 -203.0000000000
918 -202.0000000000
928 -201.0000000000
958 -197.0000000000
982 -194.0000000000
1038 -192.0000000000
1084 -188.0000000000
1113 -185.0000000000
1155 -182.0000000000
1250 -179.0000000000
1286 -178.0000000000
1307 -177.0000000000
1335 -175.0000000000
1349 -173.0000000000
1403 -172.0000000000
1422 -171.0000000000
1431 -168.0000000000
1488 -167.0000000000
1523 -165.0000000000
1530 -164.0000000000
1546 -163.0000000000
1560 -162.0000000000
1583 -161.0000000000
1603 -160.0000000000
1628 -159.0000000000
1645 -158.0000000000
1668 -156.0000000000
1681 -154.0000000000
1755 -152.0000000000
1787 -149.0000000000
1869 -147.0000000000
1904 -146.0000000000
1928 -145.0000000000
1946 -144.0000000000
1979 -143.0000000000
1990 -141.0000000000
2005 -140.0000000000
2068 -138.0000000000
2126 -136.0000000000
2142 -134.0000000000
2173 -133.0000000000
2178 -132.0000000000
2219 -131.0000000000
2223 -130.0000000000
2244 -128.0000000000
2332 -126.0000000000
2366 -125.0000000000
2395 -124.0000000000
2400 -123.0000000000
2423 -121.0000000000
2498 -119.0000000000
2529 -118.0000000000
2580 -117.0000000000
2600 -116.0000000000
2646 -114.0000000000
2678 -113.0000000000
2761 -112.0000000000
2809 -110.0000000000
2847 -109.0000000000
2856 -107.0000000000
2966 -106.0000000000
2996 -103.0000000000
3093 -101.0000000000
3182 -97.0000000000
3243 -96.0000000000
3272 -95.0000000000
3321 -94.0000000000
3363 -93.0000000000
3379 -91.0000000000
3405 -90.0000000000
3406 -89.0000000000
3481 -88.0000000000
3488 -87.0000000000
3521 -86.0000000000
3550 -85.0000000000
3593 -84.0000000000
3597 -83.0000000000
3665 -82.0000000000
3679 -81.0000000000
3698 -80.0000000000
3740 -79.0000000000
3766 -77.0000000000
3842 -76.0000000000
3885 -75.0000000000
3979 -74.0000000000
4026 -73.0000000000
4050 -72.0000000000
4101 -70.0000000000
4157 -69.0000000000
4205 -68.0000000000
4256 -67.0000000000
4261 -64.0000000000
4353 -61.0000000000
4429 -60.0000000000
4460 -58.0000000000
4520 -56.0000000000
4591 -55.0000000000
4671 -54.0000000000
4742 -53.0000000000
4780 -52.0000000000
4817 -50.0000000000
4936 -49.0000000000
4942 -48.0000000000
5060 -47.0000000000
5109 -46.0000000000
5159 -45.0000000000
5246 -44.0000000000
5266 -42.0000000000
5374 -41.0000000000
5438 -40.0000000000
5480 -39.0000000000
5516 -38.0000000000
5626 -36.0000000000
5717 -35.0000000000
5721 -34.0000000000
5751 -33.0000000000
5803 -32.0000000000
5855 -31.0000000000
5896 -29.0000000000
6014 -28.0000000000
6070 -27.0000000000
6085 -26.0000000000
6176 -25.0000000000
6223 -23.0000000000
6259 -22.0000000000
6439 -21.0000000000
6488 -20.0000000000
6565 -19.0000000000
6620 -18.0000000000
6715 -17.0000000000
6789 -16.0000000000
6848 -15.0000000000
6948 -14.0000000000
6970 -13.0000000000
7068 -11.0000000000
7151 -10.0000000000
7357 -9.0000000000
7416 -8.0000000000
7595 -7.0000000000
7626 -6.0000000000
7694 -5.0000000000
7847 -4.0000000000
7993 -3.0000000000
8113 -2.0000000000
8201 -1.0000000000
8285 580.0000000000
8636 604.0000000000
8899 608.0000000000
9126 622.0000000000
9462 627.0000000000
9499 630.0000000000
9595 636.0000000000
9708 637.0000000000
9711 639.0000000000
9729 640.0000000000
9804 643.0000000000
10058 647.0000000000
10839 658.0000000000
11048 660.0000000000
11989 662.0000000000
12167 663.0000000000
12359 672.0000000000
18464 680.0000000000
18800 681.0000000000
44591 683.0000000000
54485 685.0000000000
64274 688.0000000000
71731 689.0000000000
95746 691.0000000000
100000 -2.0000000000
evaluations raw_y
1 -358.0000000000
4 -357.0000000000
8 -343.0000000000
61 -342.0000000000
62 -323.0000000000
117 -317.0000000000
122 -312.0000000000
125 -307.0000000000
180 -304.0000000000
192 -295.0000000000
232 -289.0000000000
253 -288.0000000000
270 -287.0000000000
280 -285.0000000000
286 -281.0000000000
299 -279.0000000000
309 -275.0000000000
322 -274.0000000000
342 -273.0000000000
364 -269.0000000000
382 -268.0000000000
390 -265.0000000000
409 -263.0000000000
421 -259.0000000000
447 -257.0000000000
453 -256.0000000000
464 -254.0000000000
491 -249.0000000000
521 -243.0000000000
550 -242.0000000000
559 -241.0000000000
561 -236.0000000000
589 -234.0000000000
608 -233.0000000000
616 -230.0000000000
620 -228.0000000000
628 -224.0000000000
689 -223.0000000000
690 -221.0000000000
700 -219.0000000000
703 -218.0000000000
722 -212.0000000000
760 -211.0000000000
767 -208.0000000000
814 -206.0000000000
825 -205.0000000000
829 -202.0000000000
867 -200.0000000000
905 -198.0000000000
922 -191.0000000000
972 -190.0000000000
1016 -189.0000000000
1026 -187.0000000000
1049 -185.0000000000
1068 -184.0000000000
1093 -180.0000000000
1121 -179.0000000000
1145 -177.0000000000
1163 -174.0000000000
1217 -172.0000000000
1267 -171.0000000000
1284 -170.0000000000
1309 -169.0000000000
1347 -168.0000000000
1356 -166.0000000000
1376 -165.0000000000
1391 -164.0000000000
1415 -163.0000000000
1448 -160.0000000000
1524 -159.0000000000
1528 -158.0000000000
1553 -155.0000000000
1582 -154.0000000000
1622 -153.0000000000
1647 -151.0000000000
1664 -150.0000000000
1725 -149.0000000000
1760 -148.0000000000
1764 -147.0000000000
1801 -145.0000000000
1830 -144.0000000000
1850 -143.0000000000
1862 -140.0000000000
1942 -139.0000000000
1945 -138.0000000000
1979 -137.0000000000
1999 -136.0000000000
2046 -133.0000000000
2099 -130.0000000000
2136 -129.0000000000
2201 -127.0000000000
2226 -125.0000000000
2299 -124.0000000000
2302 -122.0000000000
2321 -119.0000000000
2401 -118.0000000000
2413 -117.0000000000
2456 -116.0000000000
2504 -114.0000000000
2540 -113.0000000000
2566 -112.0000000000
2595 -110.0000000000
2631 -109.0000000000
2650 -108.0000000000
2697 -106.0000000000
2732 -104.0000000000
2768 -102.0000000000
2805 -101.0000000000
2871 -100.0000000000
2883 -99.0000000000
2924 -97.0000000000
2991 -96.0000000000
2993 -95.0000000000
3008 -94.0000000000
3026 -93.0000000000
3054 -90.0000000000
3120 -89.0000000000
3138 -87.0000000000
3205 -86.0000000000
3239 -85.0000000000
3302 -83.0000000000
3365 -82.0000000000
3414 -81.0000000000
3443 -80.0000000000
3477 -79.0000000000
3490 -78.0000000000
3553 -76.0000000000
3607 -75.0000000000
3661 -74.0000000000
3715 -71.0000000000
3808 -70.0000000000
3831 -69.0000000000
3850 -68.0000000000
3924 -66.0000000000
3955 -65.0000000000
4023 -63.0000000000
4089 -62.0000000000
4122 -60.0000000000
4159 -59.0000000000
4211 -58.0000000000
4237 -57.0000000000
4268 -56.0000000000
4286 -55.0000000000
4319 -54.0000000000
4334 -53.0000000000
4421 -52.0000000000
4508 -51.0000000000
4545 -50.0000000000
4574 -49.0000000000
4584 -48.0000000000
4643 -47.0000000000
4703 -46.0000000000
4752 -45.0000000000
4801 -43.0000000000
4899 -42.0000000000
4903 -40.0000000000
4931 -39.0000000000
5084 -37.0000000000
5121 -35.0000000000
5156 -34.0000000000
5264 -33.0000000000
5278 -32.0000000000
5361 -31.0000000000
5363 -30.0000000000
5411 -29.0000000000
5445 -28.0000000000
5547 -27.0000000000
5580 -26.0000000000
5638 -25.0000000000
5694 -24.0000000000
5728 -22.0000000000
5808 -21.0000000000
5862 -20.0000000000
5938 -19.0000000000
6026 -18.0000000000
6140 -17.0000000000
6210 -16.0000000000
6275 -15.0000000000
6414 -14.0000000000
6450 -13.0000000000
6592 -12.0000000000
6661 -11.0000000000
6811 -10.0000000000
6890 -9.0000000000
6981 -8.0000000000
7012 -7.0000000000
7062 -6.0000000000
7220 -5.0000000000
7312 -4.0000000000
7427 -3.0000000000
7443 -2.0000000000
7517 589.0000000000
7606 593.0000000000
7657 597.0000000000
7677 602.0000000000
7757 607.0000000000
7824 612.0000000000
7876 618.0000000000
9314 633.0000000000
9657 642.0000000000
9850 646.0000000000
10819 658.0000000000
11244 660.0000000000
12223 665.0000000000
12367 671.0000000000
12495 672.0000000000
12513 677.0000000000
21507 679.0000000000
23284 680.0000000000
23590 681.0000000000
26809 683.0000000000
35845 689.0000000000
48942 690.0000000000
57065 693.0000000000
63630 694.0000000000
64049 697.0000000000
77141 698.0000000000
78154 699.0000000000
79619 700.0000000000
79711 701.0000000000
79794 703.0000000000
88366 706.0000000000
100000 -2.0000000000
evaluations raw_y
1 -405.0000000000
2 -371.0000000000
5 -364.0000000000
10 -357.0000000000
16 -355.0000000000
28 -349.0000000000
36 -346.0000000000
68 -343.0000000000
72 -341.0000000000
90 -338.0000000000
104 -335.0000000000
107 -333.0000000000
109 -332.0000000000
127 -330.0000000000
139 -329.0000000000
142 -327.0000000000
159 -322.0000000000
174 -319.0000000000
184 -318.0000000000
203 -302.0000000000
235 -301.0000000000
267 -298.0000000000
274 -294.0000000000
288 -293.0000000000
319 -281.0000000000
338 -275.0000000000
376 -274.0000000000
379 -268.0000000000
384 -261.0000000000
460 -257.0000000000
468 -254.0000000000
472 -253.0000000000
503 -249.0000000000
508 -246.0000000000
544 -245.0000000000
545 -241.0000000000
571 -236.0000000000
601 -234.0000000000
626 -233.0000000000
628 -232.0000000000
639 -228.0000000000
687 -226.0000000000
702 -225.0000000000
703 -224.0000000000
717 -222.0000000000
721 -218.0000000000
769 -216.0000000000
773 -215.0000000000
797 -214.0000000000
816 -210.0000000000
866 -207.0000000000
888 -203.0000000000
924 -202.0000000000
927 -199.0000000000
943 -198.0000000000
1003 -196.0000000000
1027 -194.0000000000
1060 -193.0000000000
1065 -192.0000000000
1066 -191.0000000000
1071 -190.0000000000
1103 -188.0000000000
1141 -187.0000000000
1166 -182.0000000000
1247 -179.0000000000
1283 -177.0000000000
1307 -176.0000000000
1331 -174.0000000000
1363 -173.0000000000
1369 -172.0000000000
1378 -171.0000000000
1391 -169.0000000000
1407 -168.0000000000
1443 -167.0000000000
1450 -166.0000000000
1483 -163.0000000000
1516 -161.0000000000
1565 -160.0000000000
1598 -158.0000000000
1613 -156.0000000000
1631 -155.0000000000
1667 -154.0000000000
1682 -153.0000000000
1691 -152.0000000000
1723 -151.0000000000
1726 -149.0000000000
1743 -148.0000000000
1777 -147.0000000000
1781 -145.0000000000
1837 -144.0000000000
1846 -142.0000000000
1876 -141.0000000000
1903 -140.0000000000
1921 -137.0000000000
2002 -135.0000000000
2022 -133.0000000000
2074 -132.0000000000
2122 -131.0000000000
2147 -130.0000000000
2166 -129.0000000000
2167 -128.0000000000
2212 -127.0000000000
2249 -124.0000000000
2312 -123.0000000000
2314 -122.0000000000
2382 -120.0000000000
2453 -118.0000000000
2517 -117.0000000000
2561 -116.0000000000
2566 -115.0000000000
2625 -114.0000000000
2641 -113.0000000000
2656 -111.0000000000
2741 -110.0000000000
2754 -109.0000000000
2781 -107.0000000000
2819 -106.0000000000
2876 -105.0000000000
2880 -104.0000000000
2906 -103.0000000000
2948 -101.0000000000
3007 -100.0000000000
3016 -99.0000000000
3033 -98.0000000000
3081 -97.0000000000
3107 -96.0000000000
3129 -95.0000000000
3153 -94.0000000000
3182 -93.0000000000
3233 -92.0000000000
3263 -90.0000000000
3344 -87.0000000000
3381 -86.0000000000
3482 -85.0000000000
3495 -84.0000000000
3525 -83.0000000000
3555 -82.0000000000
3561 -81.0000000000
3578 -80.0000000000
3592 -79.0000000000
3643 -78.0000000000
3708 -76.0000000000
3728 -75.0000000000
3784 -73.0000000000
3822 -72.0000000000
3864 -71.0000000000
3889 -70.0000000000
3922 -69.0000000000
3947 -68.0000000000
3993 -66.0000000000
4006 -65.0000000000
4062 -64.0000000000
4108 -62.0000000000
4153 -61.0000000000
4212 -60.0000000000
4246 -58.0000000000
4277 -57.0000000000
4286 -56.0000000000
4333 -54.0000000000
4384 -52.0000000000
4422 -51.0000000000
4512 -50.0000000000
4545 -49.0000000000
4606 -48.0000000000
4650 -47.0000000000
4721 -46.0000000000
4784 -43.0000000000
4876 -41.0000000000
4954 -40.0000000000
4965 -38.0000000000
5068 -37.0000000000
5099 -36.0000000000
5135 -35.0000000000
5202 -34.0000000000
5256 -33.0000000000
5326 -32.0000000000
5382 -31.0000000000
5428 -30.0000000000
5479 -29.0000000000
5563 -28.0000000000
5669 -27.0000000000
5734 -26.0000000000
5851 -25.0000000000
5863 -24.0000000000
5951 -23.0000000000
6025 -22.0000000000
6042 -21.0000000000
6096 -20.0000000000
6161 -19.0000000000
6243 -18.0000000000
6345 -17.0000000000
6473 -16.0000000000
6568 -15.0000000000
6669 -14.0000000000
6745 -13.0000000000
7010 -12.0000000000
7173 -11.0000000000
7221 -10.0000000000
7310 -9.0000000000
7340 -8.0000000000
7372 -7.0000000000
7490 -6.0000000000
7585 -5.0000000000
7670 -4.0000000000
7747 -3.0000000000
7823 -2.0000000000
7902 561.0000000000
7961 571.0000000000
8086 583.0000000000
8189 593.0000000000
8311 607.0000000000
8407 621.0000000000
8449 624.0000000000
8613 627.0000000000
8633 632.0000000000
8645 638.0000000000
8743 644.0000000000
8766 645.0000000000
8862 656.0000000000
9257 657.0000000000
9483 659.0000000000
9489 660.0000000000
9620 674.0000000000
13528 678.0000000000
14759 688.0000000000
21726 691.0000000000
44841 692.0000000000
44933 697.0000000000
45072 700.0000000000
100000 700.0000000000
evaluations raw_y
1 -369.0000000000
3 -348.0000000000
53 -339.0000000000
54 -336.0000000000
72 -334.0000000000
97 -331.0000000000
103 -330.0000000000
105 -328.0000000000
124 -325.0000000000
134 -324.0000000000
135 -318.0000000000
161 -311.0000000000
203 -300.0000000000
241 -299.0000000000
245 -298.0000000000
261 -297.0000000000
263 -291.0000000000
301 -284.0000000000
314 -283.0000000000
325 -282.0000000000
331 -280.0000000000
343 -279.0000000000
381 -272.0000000000
404 -263.0000000000
456 -262.0000000000
461 -260.0000000000
466 -259.0000000000
476 -255.0000000000
507 -253.0000000000
529 -251.0000000000
535 -249.0000000000
550 -247.0000000000
570 -243.0000000000
583 -240.0000000000
608 -239.0000000000
642 -235.0000000000
656 -230.0000000000
697 -226.0000000000
724 -225.0000000000
754 -224.0000000000
768 -220.0000000000
791 -217.0000000000
849 -214.0000000000
907 -212.0000000000
923 -211.0000000000
946 -208.0000000000
948 -207.0000000000
962 -205.0000000000
1041 -203.0000000000
1061 -202.0000000000
1085 -198.0000000000
1096 -197.0000000000
1140 -196.0000000000
1143 -195.0000000000
1161 -194.0000000000
1172 -193.0000000000
1215 -192.0000000000
1221 -190.0000000000
1254 -188.0000000000
1265 -184.0000000000
1313 -183.0000000000
1355 -181.0000000000
1403 -180.0000000000
1420 -179.0000000000
1444 -175.0000000000
1482 -173.0000000000
1540 -172.0000000000
1569 -171.0000000000
1592 -169.0000000000
1604 -168.0000000000
1622 -166.0000000000
1681 -165.0000000000
1706 -163.0000000000
1724 -162.0000000000
1755 -161.0000000000
1782 -160.0000000000
1804 -158.0000000000
1847 -157.0000000000
1859 -156.0000000000
1887 -155.0000000000
1889 -154.0000000000
1914 -152.0000000000
1939 -149.0000000000
1975 -148.0000000000
1990 -147.0000000000
2027 -146.0000000000
2045 -145.0000000000
2066 -144.0000000000
2069 -143.0000000000
2129 -142.0000000000
2152 -141.0000000000
2181 -139.0000000000
2204 -138.0000000000
2279 -137.0000000000
2300 -136.0000000000
2331 -135.0000000000
2347 -134.0000000000
2402 -133.0000000000
2424 -130.0000000000
2468 -129.0000000000
2507 -127.0000000000
2566 -126.0000000000
2577 -125.0000000000
2598 -124.0000000000
2648 -123.0000000000
2682 -122.0000000000
2704 -120.0000000000
2723 -119.0000000000
2769 -118.0000000000
2789 -117.0000000000
2805 -112.0000000000
2916 -111.0000000000
2954 -110.0000000000
3012 -109.0000000000
3043 -108.0000000000
3061 -107.0000000000
3084 -106.0000000000
3101 -104.0000000000
3157 -103.0000000000
3163 -102.0000000000
3188 -101.0000000000
3193 -99.0000000000
3224 -97.0000000000
3273 -95.0000000000
3321 -94.0000000000
3375 -93.0000000000
3378 -90.0000000000
3468 -89.0000000000
3501 -88.0000000000
3538 -87.0000000000
3543 -86.0000000000
3586 -85.0000000000
3609 -84.0000000000
3639 -83.0000000000
3642 -82.0000000000
3665 -80.0000000000
3678 -79.0000000000
3702 -78.0000000000
3735 -76.0000000000
3786 -75.0000000000
3813 -74.0000000000
3892 -73.0000000000
3913 -72.0000000000
3926 -71.0000000000
3992 -70.0000000000
4045 -69.0000000000
4083 -68.0000000000
4110 -67.0000000000
4149 -66.0000000000
4190 -65.0000000000
4265 -64.0000000000
4266 -63.0000000000
4347 -62.0000000000
4397 -61.0000000000
4411 -60.0000000000
4444 -59.0000000000
4555 -58.0000000000
4590 -57.0000000000
4621 -56.0000000000
4721 -55.0000000000
4814 -54.0000000000
4849 -52.0000000000
4951 -51.0000000000
4978 -50.0000000000
5004 -49.0000000000
5029 -48.0000000000
5100 -47.0000000000
5134 -44.0000000000
5217 -43.0000000000
5219 -42.0000000000
5291 -41.0000000000
5331 -40.0000000000
5379 -39.0000000000
5470 -38.0000000000
5544 -37.0000000000
5599 -36.0000000000
5621 -35.0000000000
5666 -34.0000000000
5696 -33.0000000000
5726 -32.0000000000
5812 -30.0000000000
5886 -29.0000000000
5909 -28.0000000000
5974 -27.0000000000
6041 -26.0000000000
6063 -25.0000000000
6159 -24.0000000000
6214 -22.0000000000
6245 -21.0000000000
6393 -20.0000000000
6396 -19.0000000000
6481 -18.0000000000
6555 -17.0000000000
6699 -16.0000000000
6850 -14.0000000000
6975 -13.0000000000
7010 -12.0000000000
7130 -11.0000000000
7181 -10.0000000000
7283 -9.0000000000
7525 -8.0000000000
7681 -7.0000000000
7797 -6.0000000000
7878 -5.0000000000
7941 -4.0000000000
8032 -3.0000000000
8138 -2.0000000000
8231 -1.0000000000
8280 592.0000000000
8323 602.0000000000
8328 614.0000000000
8346 615.0000000000
8402 619.0000000000
8459 638.0000000000
8687 642.0000000000
8963 645.0000000000
9021 646.0000000000
9024 649.0000000000
9124 653.0000000000
9136 656.0000000000
10219 662.0000000000
10692 665.0000000000
10760 670.0000000000
10989 671.0000000000
11089 680.0000000000
19093 681.0000000000
41969 687.0000000000
64046 689.0000000000
64435 692.0000000000
82078 693.0000000000
85992 695.0000000000
98622 700.0000000000
100000 -2.0000000000
evaluations raw_y
1 -366.0000000000
10 -349.0000000000
50 -348.0000000000
64 -346.0000000000
66 -345.0000000000
72 -342.0000000000
73 -336.0000000000
99 -334.0000000000
101 -331.0000000000
113 -329.0000000000
121 -325.0000000000
143 -323.0000000000
144 -322.0000000000
170 -316.0000000000
172 -313.0000000000
180 -306.0000000000
214 -302.0000000000
222 -300.0000000000
237 -295.0000000000
295 -291.0000000000
302 -282.0000000000
365 -280.0000000000
376 -279.0000000000
390 -277.0000000000
391 -274.0000000000
396 -270.0000000000
445 -269.0000000000
467 -267.0000000000
469 -265.0000000000
481 -263.0000000000
484 -260.0000000000
510 -258.0000000000
511 -257.0000000000
538 -250.0000000000
559 -244.0000000000
622 -240.0000000000
648 -239.0000000000
661 -235.0000000000
683 -233.0000000000
701 -231.0000000000
716 -230.0000000000
728 -225.0000000000
757 -221.0000000000
812 -220.0000000000
828 -217.0000000000
863 -214.0000000000
903 -212.0000000000
917 -211.0000000000
928 -209.0000000000
933 -206.0000000000
962 -203.0000000000
982 -200.0000000000
1061 -198.0000000000
1111 -197.0000000000
1132 -196.0000000000
1146 -195.0000000000
1155 -193.0000000000
1196 -190.0000000000
1228 -189.0000000000
1262 -186.0000000000
1292 -185.0000000000
1317 -184.0000000000
1347 -183.0000000000
1370 -182.0000000000
1384 -179.0000000000
1443 -177.0000000000
1462 -176.0000000000
1491 -175.0000000000
1518 -173.0000000000
1538 -172.0000000000
1570 -168.0000000000
1606 -167.0000000000
1627 -165.0000000000
1643 -164.0000000000
1720 -163.0000000000
1737 -162.0000000000
1741 -160.0000000000
1765 -159.0000000000
1783 -157.0000000000
1786 -155.0000000000
1865 -153.0000000000
1901 -152.0000000000
1903 -151.0000000000
1905 -150.0000000000
1921 -149.0000000000
1972 -148.0000000000
1987 -147.0000000000
2036 -146.0000000000
2047 -144.0000000000
2048 -143.0000000000
2068 -140.0000000000
2102 -139.0000000000
2145 -138.0000000000
2161 -136.0000000000
2187 -135.0000000000
2197 -134.0000000000
2233 -133.0000000000
2241 -132.0000000000
2244 -131.0000000000
2297 -130.0000000000
2327 -129.0000000000
2333 -128.0000000000
2347 -127.0000000000
2361 -124.0000000000
2447 -123.0000000000
2492 -122.0000000000
2503 -121.0000000000
2504 -120.0000000000
2545 -119.0000000000
2571 -118.0000000000
2587 -116.0000000000
2627 -115.0000000000
2687 -114.0000000000
2702 -113.0000000000
2704 -111.0000000000
2729 -110.0000000000
2737 -109.0000000000
2742 -108.0000000000
2781 -106.0000000000
2827 -103.0000000000
2924 -102.0000000000
2969 -101.0000000000
3037 -100.0000000000
3079 -99.0000000000
3084 -98.0000000000
3089 -97.0000000000
3130 -95.0000000000
3199 -94.0000000000
3226 -93.0000000000
3253 -92.0000000000
3304 -91.0000000000
3389 -90.0000000000
3404 -89.0000000000
3450 -87.0000000000
3470 -86.0000000000
3495 -85.0000000000
3533 -84.0000000000
3566 -83.0000000000
3617 -81.0000000000
3646 -79.0000000000
3686 -78.0000000000
3730 -77.0000000000
3769 -76.0000000000
3778 -75.0000000000
3835 -73.0000000000
3867 -72.0000000000
3906 -70.0000000000
3952 -69.0000000000
3997 -67.0000000000
4049 -66.0000000000
4084 -65.0000000000
4099 -63.0000000000
4163 -62.0000000000
4218 -61.0000000000
4238 -60.0000000000
4265 -59.0000000000
4284 -57.0000000000
4327 -56.0000000000
4441 -55.0000000000
4496 -54.0000000000
4547 -53.0000000000
4587 -52.0000000000
4664 -51.0000000000
4721 -50.0000000000
4799 -49.0000000000
4802 -48.0000000000
4819 -47.0000000000
4869 -46.0000000000
4941 -45.0000000000
4971 -44.0000000000
4998 -43.0000000000
5058 -41.0000000000
5172 -40.0000000000
5196 -39.0000000000
5231 -38.0000000000
5252 -37.0000000000
5331 -36.0000000000
5363 -34.0000000000
5487 -33.0000000000
5508 -32.0000000000
5608 -31.0000000000
5716 -30.0000000000
5751 -29.0000000000
5814 -28.0000000000
5951 -26.0000000000
6028 -25.0000000000
6134 -24.0000000000
6174 -23.0000000000
6234 -22.0000000000
6290 -21.0000000000
6338 -20.0000000000
6385 -19.0000000000
6470 -18.0000000000
6535 -17.0000000000
6622 -16.0000000000
6679 -15.0000000000
6721 -14.0000000000
6722 -13.0000000000
6833 -12.0000000000
6878 -11.0000000000
6903 -10.0000000000
6998 -9.0000000000
7051 -8.0000000000
7138 -7.0000000000
7208 -6.0000000000
7279 -5.0000000000
7373 -4.0000000000
7601 -3.0000000000
7670 -2.0000000000
7721 -1.0000000000
7792 582.0000000000
7859 605.0000000000
7930 619.0000000000
8405 628.0000000000
8524 630.0000000000
9292 641.0000000000
9344 648.0000000000
9674 649.0000000000
11371 654.0000000000
11539 655.0000000000
13723 666.0000000000
17278 677.0000000000
17483 683.0000000000
20776 690.0000000000
45039 693.0000000000
100000 -2.0000000000
evaluations raw_y
1 -362.0000000000
2 -352.0000000000
9 -350.0000000000
17 -349.0000000000
23 -348.0000000000
43 -345.0000000000
45 -341.0000000000
52 -340.0000000000
66 -330.0000000000
77 -327.0000000000
87 -326.0000000000
92 -316.0000000000
141 -306.0000000000
150 -299.0000000000
183 -296.0000000000
184 -295.0000000000
208 -287.0000000000
215 -286.0000000000
244 -284.0000000000
246 -281.0000000000
252 -280.0000000000
275 -279.0000000000
293 -274.0000000000
306 -272.0000000000
323 -270.0000000000
328 -257.0000000000
379 -256.0000000000
417 -250.0000000000
453 -249.0000000000
459 -237.0000000000
499 -235.0000000000
547 -226.0000000000
623 -220.0000000000
690 -215.0000000000
728 -211.0000000000
773 -210.0000000000
789 -209.0000000000
792 -207.0000000000
804 -204.0000000000
822 -202.0000000000
853 -201.0000000000
866 -196.0000000000
895 -194.0000000000
911 -192.0000000000
951 -191.0000000000
956 -190.0000000000
985 -186.0000000000
987 -184.0000000000
1050 -182.0000000000
1064 -178.0000000000
1108 -176.0000000000
1154 -172.0000000000
1209 -168.0000000000
1252 -166.0000000000
1267 -165.0000000000
1292 -164.0000000000
1334 -163.0000000000
1337 -160.0000000000
1365 -157.0000000000
1400 -155.0000000000
1407 -154.0000000000
1457 -153.0000000000
1507 -149.0000000000
1569 -147.0000000000
1589 -146.0000000000
1647 -144.0000000000
1676 -143.0000000000
1728 -142.0000000000
1743 -141.0000000000
1744 -140.0000000000
1821 -138.0000000000
1869 -136.0000000000
1902 -134.0000000000
2009 -132.0000000000
2078 -129.0000000000
2156 -128.0000000000
2185 -127.0000000000
2224 -125.0000000000
2235 -123.0000000000
2278 -122.0000000000
2411 -121.0000000000
2445 -118.0000000000
2503 -117.0000000000
2535 -116.0000000000
2578 -115.0000000000
2590 -113.0000000000
2623 -112.0000000000
2672 -111.0000000000
2724 -110.0000000000
2757 -108.0000000000
2759 -106.0000000000
2838 -105.0000000000
2863 -104.0000000000
2916 -103.0000000000
2953 -102.0000000000
2984 -101.0000000000
2985 -100.0000000000
3025 -99.0000000000
3034 -97.0000000000
3044 -96.0000000000
3104 -95.0000000000
3143 -93.0000000000
3175 -92.0000000000
3243 -90.0000000000
3280 -87.0000000000
3368 -86.0000000000
3398 -85.0000000000
3401 -84.0000000000
3465 -81.0000000000
3501 -80.0000000000
3552 -79.0000000000
3604 -78.0000000000
3643 -77.0000000000
3698 -76.0000000000
3701 -75.0000000000
3757 -74.0000000000
3789 -73.0000000000
3801 -72.0000000000
3858 -69.0000000000
3941 -68.0000000000
4012 -67.0000000000
4042 -66.0000000000
4074 -65.0000000000
4102 -64.0000000000
4186 -63.0000000000
4188 -62.0000000000
4190 -61.0000000000
4239 -60.0000000000
4344 -59.0000000000
4373 -58.0000000000
4433 -57.0000000000
4516 -56.0000000000
4564 -54.0000000000
4586 -53.0000000000
4629 -51.0000000000
4733 -50.0000000000
4747 -49.0000000000
4805 -48.0000000000
4841 -47.0000000000
4872 -46.0000000000
4930 -45.0000000000
5024 -44.0000000000
5065 -42.0000000000
5085 -40.0000000000
5154 -39.0000000000
5202 -38.0000000000
5280 -37.0000000000
5290 -36.0000000000
5308 -35.0000000000
5421 -34.0000000000
5472 -33.0000000000
5508 -32.0000000000
5554 -31.0000000000
5647 -30.0000000000
5673 -29.0000000000
5684 -28.0000000000
5836 -27.0000000000
5903 -26.0000000000
5952 -25.0000000000
6017 -24.0000000000
6118 -23.0000000000
6158 -22.0000000000
6203 -21.0000000000
6239 -20.0000000000
6290 -19.0000000000
6419 -17.0000000000
6539 -16.0000000000
6621 -15.0000000000
6712 -14.0000000000
6742 -13.0000000000
6882 -12.0000000000
6932 -11.0000000000
7037 -10.0000000000
7085 -9.0000000000
7168 -8.0000000000
7293 -7.0000000000
7493 -6.0000000000
7704 -5.0000000000
7901 -4.0000000000
8000 -3.0000000000
8090 -2.0000000000
8205 -1.0000000000
8474 609.0000000000
9110 613.0000000000
9320 614.0000000000
10473 627.0000000000
10799 628.0000000000
10969 629.0000000000
10985 631.0000000000
11106 633.0000000000
11298 634.0000000000
11750 647.0000000000
12092 648.0000000000
12143 654.0000000000
12379 656.0000000000
12500 660.0000000000
12757 664.0000000000
13537 667.0000000000
13583 673.0000000000
13617 676.0000000000
13756 677.0000000000
13766 689.0000000000
100000 689.0000000000
evaluations raw_y
1 -367.0000000000
3 -365.0000000000
6 -350.0000000000
13 -349.0000000000
28 -340.0000000000
49 -337.0000000000
70 -333.0000000000
71 -323.0000000000
111 -315.0000000000
119 -314.0000000000
128 -304.0000000000
164 -302.0000000000
184 -301.0000000000
201 -300.0000000000
228 -299.0000000000
235 -296.0000000000
247 -294.0000000000
257 -284.0000000000
281 -283.0000000000
303 -278.0000000000
315 -261.0000000000
375 -252.0000000000
455 -251.0000000000
461 -250.0000000000
465 -247.0000000000
499 -241.0000000000
515 -240.0000000000
529 -236.0000000000
546 -232.0000000000
594 -229.0000000000
632 -227.0000000000
640 -224.0000000000
662 -222.0000000000
669 -221.0000000000
683 -218.0000000000
713 -216.0000000000
723 -215.0000000000
730 -213.0000000000
751 -207.0000000000
827 -203.0000000000
846 -202.0000000000
883 -199.0000000000
899 -197.0000000000
950 -196.0000000000
956 -195.0000000000
984 -193.0000000000
1026 -192.0000000000
1050 -190.0000000000
1079 -189.0000000000
1124 -188.0000000000
1137 -186.0000000000
1141 -185.0000000000
1148 -181.0000000000
1246 -179.0000000000
1259 -176.0000000000
1295 -175.0000000000
1303 -174.0000000000
1317 -172.0000000000
1361 -169.0000000000
1413 -168.0000000000
1434 -166.0000000000
1475 -165.0000000000
1480 -163.0000000000
1525 -162.0000000000
1536 -161.0000000000
1547 -160.0000000000
1554 -159.0000000000
1601 -158.0000000000
1604 -156.0000000000
1668 -155.0000000000
1685 -154.0000000000
1697 -153.0000000000
1708 -152.0000000000
1716 -151.0000000000
1718 -150.0000000000
1748 -147.0000000000
1768 -146.0000000000
1789 -145.0000000000
1824 -144.0000000000
1842 -143.0000000000
1883 -141.0000000000
1923 -140.0000000000
1987 -139.0000000000
2009 -138.0000000000
2026 -135.0000000000
2047 -132.0000000000
2076 -131.0000000000
2116 -130.0000000000
2154 -129.0000000000
2180 -128.0000000000
2194 -127.0000000000
2204 -126.0000000000
2241 -123.0000000000
2265 -122.0000000000
2339 -119.0000000000
2396 -118.0000000000
2413 -117.0000000000
2451 -114.0000000000
2517 -113.0000000000
2536 -111.0000000000
2541 -109.0000000000
2601 -108.0000000000
2653 -106.0000000000
2746 -103.0000000000
2784 -102.0000000000
2866 -101.0000000000
2896 -99.0000000000
2932 -97.0000000000
3007 -96.0000000000
3024 -95.0000000000
3055 -94.0000000000
3062 -93.0000000000
3082 -91.0000000000
3143 -90.0000000000
3165 -89.0000000000
3200 -88.0000000000
3244 -87.0000000000
3307 -84.0000000000
3347 -83.0000000000
3409 -82.0000000000
3424 -81.0000000000
3488 -80.0000000000
3503 -79.0000000000
3593 -78.0000000000
3623 -77.0000000000
3667 -76.0000000000
3693 -75.0000000000
3715 -74.0000000000
3764 -73.0000000000
3775 -72.0000000000
3837 -71.0000000000
3862 -70.0000000000
3882 -69.0000000000
3936 -68.0000000000
3962 -67.0000000000
3974 -66.0000000000
4012 -65.0000000000
4024 -63.0000000000
4123 -62.0000000000
4164 -60.0000000000
4201 -59.0000000000
4232 -57.0000000000
4304 -56.0000000000
4310 -55.0000000000
4433 -54.0000000000
4484 -53.0000000000
4497 -52.0000000000
4567 -51.0000000000
4654 -50.0000000000
4712 -49.0000000000
4757 -47.0000000000
4806 -46.0000000000
4862 -45.0000000000
4927 -42.0000000000
4971 -41.0000000000
5031 -40.0000000000
5103 -39.0000000000
5125 -38.0000000000
5163 -37.0000000000
5226 -36.0000000000
5243 -34.0000000000
5287 -33.0000000000
5380 -31.0000000000
5431 -30.0000000000
5521 -29.0000000000
5564 -27.0000000000
5636 -26.0000000000
5637 -25.0000000000
5792 -24.0000000000
5810 -23.0000000000
5987 -22.0000000000
6010 -21.0000000000
6091 -20.0000000000
6141 -18.0000000000
6235 -17.0000000000
6274 -16.0000000000
6366 -15.0000000000
6393 -14.0000000000
6486 -13.0000000000
6563 -12.0000000000
6648 -11.0000000000
6945 -10.0000000000
7120 -9.0000000000
7170 -8.0000000000
7257 -7.0000000000
7376 -6.0000000000
7428 -5.0000000000
7553 -4.0000000000
7643 -3.0000000000
7661 -2.0000000000
7841 -1.0000000000
8067 611.0000000000
8116 620.0000000000
8143 636.0000000000
8245 644.0000000000
8416 646.0000000000
8836 647.0000000000
9004 649.0000000000
9137 651.0000000000
12029 652.0000000000
13264 653.0000000000
13465 654.0000000000
13494 656.0000000000
13666 659.0000000000
14173 661.0000000000
14668 668.0000000000
14740 672.0000000000
14887 676.0000000000
15183 677.0000000000
16819 678.0000000000
22647 681.0000000000
22768 682.0000000000
44246 683.0000000000
46307 687.0000000000
59745 688.0000000000
100000 -1.0000000000
evaluations raw_y
1 -380.0000000000
2 -359.0000000000
10 -348.0000000000
19 -337.0000000000
108 -330.0000000000
124 -308.0000000000
172 -307.0000000000
190 -305.0000000000
202 -299.0000000000
225 -296.0000000000
232 -293.0000000000
250 -283.0000000000
284 -275.0000000000
341 -274.0000000000
345 -268.0000000000
379 -267.0000000000
381 -263.0000000000
383 -256.0000000000
424 -252.0000000000
454 -249.0000000000
484 -243.0000000000
537 -238.0000000000
563 -236.0000000000
566 -233.0000000000
584 -226.0000000000
678 -223.0000000000
700 -222.0000000000
710 -219.0000000000
720 -218.0000000000
734 -217.0000000000
746 -215.0000000000
764 -213.0000000000
800 -212.0000000000
807 -210.0000000000
826 -204.0000000000
862 -200.0000000000
905 -199.0000000000
951 -197.0000000000
964 -196.0000000000
990 -193.0000000000
1003 -192.0000000000
1048 -191.0000000000
1060 -190.0000000000
1080 -189.0000000000
1084 -187.0000000000
1136 -186.0000000000
1139 -185.0000000000
1182 -184.0000000000
1209 -181.0000000000
1223 -180.0000000000
1245 -178.0000000000
1293 -177.0000000000
1335 -174.0000000000
1397 -173.0000000000
1407 -172.0000000000
1425 -170.0000000000
1433 -168.0000000000
1448 -166.0000000000
1503 -164.0000000000
1526 -162.0000000000
1546 -160.0000000000
1638 -159.0000000000
1664 -158.0000000000
1683 -157.0000000000
1685 -156.0000000000
1724 -155.0000000000
1745 -154.0000000000
1764 -153.0000000000
1789 -152.0000000000
1806 -151.0000000000
1836 -149.0000000000
1879 -148.0000000000
1882 -146.0000000000
1915 -145.0000000000
1964 -144.0000000000
1986 -142.0000000000
2026 -140.0000000000
2115 -139.0000000000
2131 -138.0000000000
2183 -136.0000000000
2192 -135.0000000000
2219 -134.0000000000
2236 -133.0000000000
2259 -131.0000000000
2287 -128.0000000000
2362 -127.0000000000
2381 -125.0000000000
2411 -124.0000000000
2448 -123.0000000000
2511 -122.0000000000
2549 -120.0000000000
2609 -119.0000000000
2626 -117.0000000000
2684 -115.0000000000
2748 -114.0000000000
2762 -113.0000000000
2802 -112.0000000000
2821 -111.0000000000
2835 -110.0000000000
2867 -109.0000000000
2903 -108.0000000000
2954 -106.0000000000
2996 -105.0000000000
3004 -104.0000000000
3008 -103.0000000000
3082 -102.0000000000
3085 -100.0000000000
3137 -97.0000000000
3208 -95.0000000000
3224 -93.0000000000
3254 -91.0000000000
3334 -90.0000000000
3370 -88.0000000000
3400 -87.0000000000
3415 -86.0000000000
3425 -84.0000000000
3464 -83.0000000000
3483 -82.0000000000
3537 -81.0000000000
3577 -80.0000000000
3585 -79.0000000000
3636 -76.0000000000
3705 -75.0000000000
3782 -74.0000000000
3796 -73.0000000000
3817 -72.0000000000
3854 -71.0000000000
3931 -70.0000000000
4010 -68.0000000000
4128 -67.0000000000
4159 -66.0000000000
4204 -65.0000000000
4228 -64.0000000000
4265 -63.0000000000
4281 -62.0000000000
4323 -61.0000000000
4325 -60.0000000000
4405 -59.0000000000
4410 -57.0000000000
4452 -56.0000000000
4563 -55.0000000000
4590 -54.0000000000
4623 -53.0000000000
4670 -52.0000000000
4755 -50.0000000000
4807 -48.0000000000
4885 -47.0000000000
4972 -46.0000000000
4991 -45.0000000000
5074 -44.0000000000
5160 -43.0000000000
5163 -42.0000000000
5271 -41.0000000000
5362 -40.0000000000
5417 -39.0000000000
5474 -38.0000000000
5549 -37.0000000000
5604 -36.0000000000
5647 -35.0000000000
5666 -34.0000000000
5697 -33.0000000000
5715 -32.0000000000
5795 -31.0000000000
5839 -30.0000000000
5894 -29.0000000000
5927 -27.0000000000
6029 -26.0000000000
6071 -25.0000000000
6082 -24.0000000000
6157 -23.0000000000
6194 -22.0000000000
6295 -21.0000000000
6341 -20.0000000000
6378 -19.0000000000
6452 -18.0000000000
6508 -16.0000000000
6586 -15.0000000000
6665 -14.0000000000
6765 -13.0000000000
6862 -12.0000000000
6947 -11.0000000000
7038 -10.0000000000
7112 -9.0000000000
7195 -8.0000000000
7303 -7.0000000000
7383 -6.0000000000
7422 -4.0000000000
7534 -3.0000000000
8012 -2.0000000000
8257 -1.0000000000
8283 596.0000000000
8966 604.0000000000
9037 610.0000000000
9145 615.0000000000
9271 618.0000000000
11803 624.0000000000
11953 629.0000000000
12564 636.0000000000
14460 646.0000000000
14649 649.0000000000
17335 656.0000000000
17623 661.0000000000
17740 663.0000000000
17950 664.0000000000
22787 666.0000000000
24934 674.0000000000
25088 675.0000000000
25208 676.0000000000
25216 678.0000000000
25295 686.0000000000
45060 687.0000000000
54645 688.0000000000
54950 693.0000000000
71705 697.0000000000
76252 699.0000000000
76619 701.0000000000
100000 -2.0000000000
evaluations raw_y
1 -346.0000000000
44 -338.0000000000
97 -335.0000000000
102 -325.0000000000
128 -319.0000000000
144 -314.0000000000
162 -309.0000000000
193 -302.0000000000
222 -299.0000000000
225 -298.0000000000
232 -296.0000000000
249 -295.0000000000
255 -293.0000000000
262 -284.0000000000
276 -279.0000000000
308 -276.0000000000
321 -275.0000000000
343 -271.0000000000
368 -264.0000000000
403 -260.0000000000
416 -259.0000000000
438 -256.0000000000
454 -252.0000000000
457 -249.0000000000
481 -247.0000000000
484 -246.0000000000
505 -245.0000000000
511 -244.0000000000
513 -242.0000000000
521 -239.0000000000
563 -238.0000000000
565 -229.0000000000
585 -228.0000000000
604 -226.0000000000
608 -224.0000000000
623 -223.0000000000
629 -221.0000000000
644 -220.0000000000
660 -219.0000000000
689 -213.0000000000
705 -212.0000000000
717 -208.0000000000
737 -207.0000000000
754 -204.0000000000
781 -202.0000000000
799 -201.0000000000
800 -197.0000000000
801 -196.0000000000
832 -194.0000000000
864 -192.0000000000
866 -187.0000000000
924 -182.0000000000
951 -181.0000000000
1001 -179.0000000000
1016 -176.0000000000
1043 -175.0000000000
1063 -171.0000000000
1120 -169.0000000000
1124 -168.0000000000
1128 -166.0000000000
1187 -165.0000000000
1240 -163.0000000000
1285 -160.0000000000
1286 -157.0000000000
1311 -156.0000000000
1382 -154.0000000000
1400 -153.0000000000
1444 -152.0000000000
1485 -151.0000000000
1490 -150.0000000000
1508 -149.0000000000
1552 -148.0000000000
1561 -147.0000000000
1583 -146.0000000000
1609 -144.0000000000
1647 -143.0000000000
1682 -142.0000000000
1684 -139.0000000000
1758 -138.0000000000
1760 -136.0000000000
1793 -135.0000000000
1802 -134.0000000000
1841 -133.0000000000
1852 -132.0000000000
1872 -131.0000000000
1902 -130.0000000000
1922 -129.0000000000
1960 -128.0000000000
1982 -126.0000000000
1994 -125.0000000000
2003 -123.0000000000
2060 -120.0000000000
2062 -119.0000000000
2116 -118.0000000000
2133 -117.0000000000
2158 -116.0000000000
2178 -114.0000000000
2207 -113.0000000000
2229 -112.0000000000
2253 -111.0000000000
2288 -109.0000000000
2312 -108.0000000000
2356 -107.0000000000
2370 -105.0000000000
2404 -104.0000000000
2412 -103.0000000000
2465 -101.0000000000
2490 -98.0000000000
2560 -97.0000000000
2568 -96.0000000000
2636 -95.0000000000
2649 -93.0000000000
2717 -92.0000000000
2768 -91.0000000000
2783 -89.0000000000
2821 -88.0000000000
2825 -87.0000000000
2848 -85.0000000000
2914 -82.0000000000
3030 -81.0000000000
3042 -80.0000000000
3064 -78.0000000000
3113 -77.0000000000
3134 -76.0000000000
3139 -75.0000000000
3147 -74.0000000000
3201 -73.0000000000
3250 -70.0000000000
3363 -69.0000000000
3385 -67.0000000000
3419 -65.0000000000
3504 -64.0000000000
3533 -63.0000000000
3575 -61.0000000000
3636 -60.0000000000
3673 -59.0000000000
3708 -56.0000000000
3745 -55.0000000000
3768 -54.0000000000
3838 -52.0000000000
3885 -51.0000000000
3915 -50.0000000000
3929 -49.0000000000
4026 -48.0000000000
4068 -47.0000000000
4128 -45.0000000000
4186 -44.0000000000
4257 -43.0000000000
4311 -42.0000000000
4354 -41.0000000000
4423 -40.0000000000
4489 -38.0000000000
4561 -37.0000000000
4665 -36.0000000000
4681 -35.0000000000
4720 -34.0000000000
4770 -33.0000000000
4872 -32.0000000000
4934 -31.0000000000
5016 -29.0000000000
5138 -28.0000000000
5205 -27.0000000000
5253 -26.0000000000
5280 -25.0000000000
5285 -24.0000000000
5316 -23.0000000000
5399 -22.0000000000
5471 -21.0000000000
5572 -20.0000000000
5609 -19.0000000000
5694 -18.0000000000
5749 -17.0000000000
5880 -16.0000000000
5911 -15.0000000000
6086 -14.0000000000
6149 -13.0000000000
6409 -12.0000000000
6519 -11.0000000000
6639 -10.0000000000
6800 -8.0000000000
6893 -7.0000000000
6942 -6.0000000000
7012 -5.0000000000
7177 -4.0000000000
7272 -3.0000000000
7482 -2.0000000000
7654 -1.0000000000
7747 586.0000000000
7819 613.0000000000
7994 622.0000000000
9431 626.0000000000
9620 636.0000000000
10582 638.0000000000
10758 639.0000000000
10865 644.0000000000
10874 645.0000000000
10876 655.0000000000
12483 658.0000000000
13362 665.0000000000
14461 668.0000000000
15708 671.0000000000
19948 672.0000000000
22815 674.0000000000
32020 676.0000000000
44434 677.0000000000
53285 684.0000000000
54891 685.0000000000
57730 690.0000000000
80765 693.0000000000
99511 696.0000000000
100000 -2.0000000000
evaluations raw_y
1 -360.0000000000
7 -351.0000000000
65 -345.0000000000
73 -339.0000000000
83 -334.0000000000
122 -332.0000000000
125 -329.0000000000
131 -328.0000000000
151 -325.0000000000
161 -323.0000000000
172 -322.0000000000
181 -318.0000000000
196 -315.0000000000
202 -311.0000000000
208 -305.0000000000
223 -304.0000000000
245 -303.0000000000
261 -302.0000000000
267 -301.0000000000
289 -293.0000000000
295 -292.0000000000
303 -286.0000000000
328 -285.0000000000
344 -283.0000000000
349 -275.0000000000
372 -274.0000000000
380 -273.0000000000
385 -259.0000000000
415 -258.0000000000
456 -248.0000000000
477 -246.0000000000
490 -245.0000000000
499 -236.0000000000
534 -235.0000000000
564 -233.0000000000
574 -231.0000000000
595 -230.0000000000
597 -227.0000000000
601 -216.0000000000
671 -214.0000000000
704 -210.0000000000
748 -203.0000000000
802 -202.0000000000
806 -201.0000000000
813 -198.0000000000
856 -190.0000000000
902 -189.0000000000
914 -186.0000000000
965 -185.0000000000
1003 -182.0000000000
1010 -180.0000000000
1057 -177.0000000000
1098 -176.0000000000
1128 -172.0000000000
1154 -171.0000000000
1174 -170.0000000000
1181 -169.0000000000
1185 -165.0000000000
1224 -162.0000000000
1275 -160.0000000000
1288 -159.0000000000
1342 -158.0000000000
1363 -156.0000000000
1377 -154.0000000000
1403 -153.0000000000
1455 -151.0000000000
1463 -150.0000000000
1475 -148.0000000000
1495 -146.0000000000
1581 -145.0000000000
1590 -144.0000000000
1624 -142.0000000000
1672 -140.0000000000
1701 -137.0000000000
1828 -133.0000000000
1911 -132.0000000000
1949 -131.0000000000
1959 -130.0000000000
1987 -127.0000000000
2029 -126.0000000000
2083 -125.0000000000
2107 -122.0000000000
2155 -121.0000000000
2161 -120.0000000000
2207 -119.0000000000
2254 -118.0000000000
2284 -115.0000000000
2334 -114.0000000000
2342 -113.0000000000
2401 -112.0000000000
2415 -111.0000000000
2435 -108.0000000000
2461 -107.0000000000
2502 -106.0000000000
2522 -105.0000000000
2569 -102.0000000000
2587 -101.0000000000
2702 -98.0000000000
2740 -96.0000000000
2783 -95.0000000000
2865 -93.0000000000
2876 -92.0000000000
2926 -91.0000000000
2956 -89.0000000000
2961 -88.0000000000
2967 -87.0000000000
3021 -84.0000000000
3054 -83.0000000000
3093 -82.0000000000
3143 -81.0000000000
3172 -80.0000000000
3239 -79.0000000000
3278 -77.0000000000
3378 -74.0000000000
3458 -73.0000000000
3488 -72.0000000000
3539 -70.0000000000
3616 -68.0000000000
3667 -67.0000000000
3697 -66.0000000000
3747 -64.0000000000
3855 -63.0000000000
3862 -62.0000000000
3884 -61.0000000000
3949 -60.0000000000
4007 -57.0000000000
4043 -56.0000000000
4103 -55.0000000000
4128 -54.0000000000
4144 -53.0000000000
4205 -52.0000000000
4252 -51.0000000000
4280 -50.0000000000
4351 -48.0000000000
4446 -47.0000000000
4516 -46.0000000000
4518 -45.0000000000
4627 -44.0000000000
4661 -43.0000000000
4676 -42.0000000000
4683 -41.0000000000
4825 -40.0000000000
4842 -39.0000000000
4962 -38.0000000000
4987 -37.0000000000
5030 -35.0000000000
5083 -34.0000000000
5188 -32.0000000000
5260 -31.0000000000
5331 -30.0000000000
5368 -29.0000000000
5401 -28.0000000000
5487 -26.0000000000
5693 -25.0000000000
5744 -24.0000000000
5865 -23.0000000000
6029 -22.0000000000
6121 -21.0000000000
6224 -20.0000000000
6312 -19.0000000000
6364 -18.0000000000
6459 -17.0000000000
6537 -16.0000000000
6558 -15.0000000000
6625 -14.0000000000
6698 -13.0000000000
6846 -12.0000000000
6889 -11.0000000000
7045 -10.0000000000
7235 -9.0000000000
7474 -8.0000000000
7617 -7.0000000000
7684 -6.0000000000
7809 -5.0000000000
7832 -4.0000000000
7927 -3.0000000000
8338 -2.0000000000
8559 -1.0000000000
8704 567.0000000000
8825 578.0000000000
8931 580.0000000000
9014 598.0000000000
9138 604.0000000000
9465 611.0000000000
9663 617.0000000000
9811 626.0000000000
10010 630.0000000000
10065 637.0000000000
11681 652.0000000000
11956 653.0000000000
22851 657.0000000000
26977 659.0000000000
27305 666.0000000000
33414 674.0000000000
58372 675.0000000000
58534 678.0000000000
88313 681.0000000000
93801 682.0000000000
96803 688.0000000000
100000 -1.0000000000
evaluations raw_y
1 -358.0000000000
3 -355.0000000000
10 -352.0000000000
17 -345.0000000000
32 -342.0000000000
66 -340.0000000000
73 -333.0000000000
101 -332.0000000000
102 -330.0000000000
107 -313.0000000000
164 -309.0000000000
187 -300.0000000000
211 -296.0000000000
227 -291.0000000000
253 -285.0000000000
264 -281.0000000000
294 -276.0000000000
319 -275.0000000000
325 -272.0000000000
330 -269.0000000000
361 -265.0000000000
370 -262.0000000000
384 -261.0000000000
385 -259.0000000000
390 -258.0000000000
420 -257.0000000000
433 -254.0000000000
438 -249.0000000000
462 -248.0000000000
467 -244.0000000000
483 -243.0000000000
502 -241.0000000000
523 -240.0000000000
538 -239.0000000000
549 -236.0000000000
569 -235.0000000000
580 -234.0000000000
581 -228.0000000000
633 -221.0000000000
663 -220.0000000000
698 -213.0000000000
742 -210.0000000000
792 -207.0000000000
803 -205.0000000000
829 -203.0000000000
845 -202.0000000000
870 -198.0000000000
886 -195.0000000000
902 -194.0000000000
923 -193.0000000000
944 -190.0000000000
981 -187.0000000000
1004 -186.0000000000
1009 -185.0000000000
1026 -184.0000000000
1048 -182.0000000000
1058 -178.0000000000
1102 -177.0000000000
1135 -176.0000000000
1165 -175.0000000000
1166 -171.0000000000
1185 -169.0000000000
1199 -167.0000000000
1218 -166.0000000000
1266 -164.0000000000
1290 -163.0000000000
1304 -161.0000000000
1331 -159.0000000000
1365 -158.0000000000
1390 -156.0000000000
1393 -155.0000000000
1441 -154.0000000000
1472 -153.0000000000
1473 -152.0000000000
1495 -151.0000000000
1502 -149.0000000000
1506 -148.0000000000
1554 -147.0000000000
1574 -146.0000000000
1582 -145.0000000000
1602 -144.0000000000
1614 -143.0000000000
1628 -142.0000000000
1643 -139.0000000000
1670 -136.0000000000
1728 -132.0000000000
1755 -130.0000000000
1840 -126.0000000000
1920 -124.0000000000
1941 -123.0000000000
1963 -122.0000000000
1982 -121.0000000000
2024 -119.0000000000
2051 -118.0000000000
2107 -117.0000000000
2124 -116.0000000000
2132 -115.0000000000
2166 -114.0000000000
2182 -112.0000000000
2237 -111.0000000000
2268 -109.0000000000
2302 -107.0000000000
2347 -105.0000000000
2384 -104.0000000000
2420 -103.0000000000
2452 -102.0000000000
2478 -100.0000000000
2491 -99.0000000000
2509 -98.0000000000
2588 -97.0000000000
2589 -96.0000000000
2623 -94.0000000000
2658 -93.0000000000
2698 -92.0000000000
2715 -91.0000000000
2743 -90.0000000000
2801 -89.0000000000
2857 -88.0000000000
2882 -87.0000000000
2912 -86.0000000000
2921 -83.0000000000
2934 -82.0000000000
2998 -81.0000000000
3034 -80.0000000000
3045 -79.0000000000
3087 -78.0000000000
3136 -77.0000000000
3146 -76.0000000000
3196 -74.0000000000
3228 -72.0000000000
3291 -71.0000000000
3342 -70.0000000000
3421 -69.0000000000
3435 -68.0000000000
3464 -67.0000000000
3507 -66.0000000000
3574 -65.0000000000
3599 -63.0000000000
3672 -62.0000000000
3723 -61.0000000000
3801 -59.0000000000
3836 -57.0000000000
3938 -56.0000000000
3953 -55.0000000000
3954 -53.0000000000
4035 -51.0000000000
4099 -47.0000000000
4214 -45.0000000000
4266 -43.0000000000
4322 -42.0000000000
4382 -41.0000000000
4415 -40.0000000000
4433 -38.0000000000
4514 -36.0000000000
4668 -35.0000000000
4728 -34.0000000000
4765 -33.0000000000
4821 -32.0000000000
4865 -31.0000000000
4921 -29.0000000000
5003 -28.0000000000
5078 -27.0000000000
5144 -26.0000000000
5275 -25.0000000000
5313 -24.0000000000
5344 -23.0000000000
5461 -22.0000000000
5598 -21.0000000000
5610 -18.0000000000
5772 -17.0000000000
5865 -16.0000000000
5912 -15.0000000000
5925 -14.0000000000
6011 -13.0000000000
6081 -12.0000000000
6135 -11.0000000000
6254 -10.0000000000
6414 -9.0000000000
6554 -8.0000000000
6587 -7.0000000000
6669 -6.0000000000
6737 -4.0000000000
7030 -3.0000000000
7244 -2.0000000000
7381 -1.0000000000
7810 585.0000000000
7871 597.0000000000
7927 602.0000000000
8003 606.0000000000
8113 611.0000000000
8184 622.0000000000
8359 624.0000000000
8608 638.0000000000
8656 641.0000000000
8751 645.0000000000
9088 646.0000000000
9150 650.0000000000
9422 662.0000000000
13177 665.0000000000
13511 670.0000000000
13769 675.0000000000
14309 678.0000000000
22040 683.0000000000
22105 688.0000000000
22192 689.0000000000
22238 692.0000000000
24976 696.0000000000
82068 705.0000000000
83764 706.0000000000
93913 708.0000000000
98712 710.0000000000
100000 -3.0000000000
evaluations raw_y
1 -362.0000000000
4 -360.0000000000
7 -349.0000000000
8 -343.0000000000
62 -338.0000000000
84 -332.0000000000
109 -329.0000000000
110 -328.0000000000
121 -326.0000000000
133 -324.0000000000
140 -315.0000000000
153 -314.0000000000
181 -309.0000000000
200 -306.0000000000
210 -305.0000000000
221 -298.0000000000
223 -295.0000000000
261 -292.0000000000
265 -283.0000000000
287 -282.0000000000
300 -279.0000000000
322 -278.0000000000
324 -277.0000000000
327 -276.0000000000
342 -273.0000000000
359 -272.0000000000
371 -270.0000000000
381 -267.0000000000
388 -264.0000000000
433 -263.0000000000
442 -253.0000000000
461 -251.0000000000
500 -243.0000000000
540 -239.0000000000
558 -237.0000000000
571 -234.0000000000
588 -230.0000000000
625 -226.0000000000
680 -223.0000000000
688 -220.0000000000
721 -216.0000000000
746 -215.0000000000
767 -212.0000000000
772 -210.0000000000
803 -208.0000000000
829 -207.0000000000
850 -204.0000000000
862 -203.0000000000
891 -202.0000000000
908 -201.0000000000
932 -200.0000000000
933 -199.0000000000
953 -198.0000000000
971 -197.0000000000
983 -196.0000000000
1005 -194.0000000000
1010 -192.0000000000
1033 -189.0000000000
1053 -188.0000000000
1089 -187.0000000000
1123 -186.0000000000
1146 -185.0000000000
1147 -183.0000000000
1207 -181.0000000000
1234 -180.0000000000
1259 -179.0000000000
1263 -178.0000000000
1267 -177.0000000000
1276 -176.0000000000
1331 -175.0000000000
1332 -174.0000000000
1345 -173.0000000000
1364 -172.0000000000
1387 -171.0000000000
1401 -170.0000000000
1435 -167.0000000000
1444 -166.0000000000
1506 -165.0000000000
1512 -164.0000000000
1560 -163.0000000000
1580 -162.0000000000
1605 -160.0000000000
1637 -158.0000000000
1655 -157.0000000000
1713 -156.0000000000
1739 -154.0000000000
1752 -153.0000000000
1777 -152.0000000000
1786 -151.0000000000
1817 -150.0000000000
1828 -149.0000000000
1850 -145.0000000000
1927 -144.0000000000
1933 -142.0000000000
2008 -141.0000000000
2021 -139.0000000000
2079 -138.0000000000
2123 -135.0000000000
2172 -134.0000000000
2202 -133.0000000000
2218 -130.0000000000
2244 -129.0000000000
2296 -128.0000000000
2302 -127.0000000000
2328 -126.0000000000
2343 -125.0000000000
2366 -124.0000000000
2372 -122.0000000000
2402 -120.0000000000
2463 -119.0000000000
2498 -118.0000000000
2532 -114.0000000000
2612 -113.0000000000
2645 -112.0000000000
2657 -111.0000000000
2665 -110.0000000000
2687 -109.0000000000
2725 -108.0000000000
2751 -107.0000000000
2766 -105.0000000000
2810 -104.0000000000
2883 -101.0000000000
2916 -100.0000000000
2943 -99.0000000000
2971 -98.0000000000
2984 -96.0000000000
3037 -95.0000000000
3064 -92.0000000000
3126 -89.0000000000
3175 -88.0000000000
3236 -86.0000000000
3265 -85.0000000000
3337 -83.0000000000
3403 -82.0000000000
3412 -79.0000000000
3481 -76.0000000000
3526 -75.0000000000
3582 -73.0000000000
3665 -71.0000000000
3717 -70.0000000000
3772 -69.0000000000
3786 -68.0000000000
3814 -67.0000000000
3862 -66.0000000000
3889 -65.0000000000
3937 -64.0000000000
4006 -63.0000000000
4072 -62.0000000000
4087 -61.0000000000
4160 -60.0000000000
4182 -59.0000000000
4236 -58.0000000000
4280 -57.0000000000
4296 -56.0000000000
4312 -54.0000000000
4421 -53.0000000000
4427 -52.0000000000
4454 -51.0000000000
4590 -49.0000000000
4644 -48.0000000000
4659 -46.0000000000
4714 -45.0000000000
4732 -44.0000000000
4802 -43.0000000000
4842 -42.0000000000
4905 -40.0000000000
4976 -39.0000000000
5061 -38.0000000000
5114 -37.0000000000
5210 -36.0000000000
5269 -35.0000000000
5317 -34.0000000000
5402 -33.0000000000
5481 -32.0000000000
5587 -31.0000000000
5645 -30.0000000000
5696 -29.0000000000
5768 -28.0000000000
5833 -27.0000000000
5943 -26.0000000000
5965 -25.0000000000
6086 -23.0000000000
6139 -22.0000000000
6199 -21.0000000000
6240 -20.0000000000
6287 -19.0000000000
6417 -18.0000000000
6467 -17.0000000000
6479 -16.0000000000
6534 -15.0000000000
6606 -14.0000000000
6691 -13.0000000000
6754 -12.0000000000
6773 -11.0000000000
6868 -10.0000000000
7048 -9.0000000000
7149 -8.0000000000
7279 -7.0000000000
7332 -6.0000000000
7567 -5.0000000000
7866 -4.0000000000
7930 -3.0000000000
8134 -2.0000000000
8249 -1.0000000000
8541 585.0000000000
8908 601.0000000000
9040 604.0000000000
9198 612.0000000000
9255 615.0000000000
9289 616.0000000000
9372 629.0000000000
9387 630.0000000000
10076 646.0000000000
10211 651.0000000000
10331 657.0000000000
11503 658.0000000000
11548 665.0000000000
11923 668.0000000000
13538 671.0000000000
13717 672.0000000000
17346 678.0000000000
21403 680.0000000000
22856 686.0000000000
23055 691.0000000000
23104 692.0000000000
23379 693.0000000000
23771 699.0000000000
40882 700.0000000000
100000 700.0000000000
