evaluations raw_y
1 -1992.0000000000
2 -1907.0000000000
58 -1895.0000000000
60 -1881.0000000000
79 -1878.0000000000
81 -1866.0000000000
85 -1845.0000000000
97 -1843.0000000000
112 -1840.0000000000
120 -1817.0000000000
158 -1797.0000000000
190 -1786.0000000000
226 -1769.0000000000
278 -1746.0000000000
286 -1736.0000000000
355 -1732.0000000000
366 -1730.0000000000
368 -1718.0000000000
398 -1710.0000000000
433 -1704.0000000000
441 -1701.0000000000
474 -1693.0000000000
481 -1690.0000000000
510 -1688.0000000000
521 -1687.0000000000
524 -1684.0000000000
525 -1661.0000000000
581 -1655.0000000000
593 -1638.0000000000
609 -1627.0000000000
667 -1625.0000000000
673 -1623.0000000000
676 -1618.0000000000
686 -1611.0000000000
724 -1610.0000000000
725 -1608.0000000000
734 -1607.0000000000
750 -1599.0000000000
764 -1598.0000000000
776 -1594.0000000000
809 -1590.0000000000
826 -1586.0000000000
828 -1576.0000000000
874 -1572.0000000000
893 -1571.0000000000
897 -1564.0000000000
908 -1560.0000000000
933 -1558.0000000000
963 -1553.0000000000
964 -1552.0000000000
977 -1551.0000000000
1003 -1545.0000000000
1005 -1540.0000000000
1043 -1538.0000000000
1064 -1536.0000000000
1088 -1532.0000000000
1106 -1530.0000000000
1122 -1528.0000000000
1123 -1526.0000000000
1146 -1520.0000000000
1165 -1519.0000000000
1189 -1515.0000000000
1216 -1514.0000000000
1227 -1505.0000000000
1241 -1498.0000000000
1307 -1497.0000000000
1324 -1495.0000000000
1341 -1493.0000000000
1372 -1490.0000000000
1397 -1489.0000000000
1401 -1487.0000000000
1422 -1486.0000000000
1430 -1483.0000000000
1447 -1482.0000000000
1468 -1479.0000000000
1490 -1478.0000000000
1495 -1477.0000000000
1501 -1474.0000000000
1521 -1473.0000000000
1523 -1468.0000000000
1552 -1466.0000000000
1582 -1465.0000000000
1637 -1464.0000000000
1649 -1462.0000000000
1681 -1461.0000000000
1696 -1459.0000000000
1699 -1457.0000000000
1742 -1454.0000000000
1747 -1453.0000000000
1788 -1452.0000000000
1809 -1451.0000000000
1810 -1450.0000000000
1823 -1449.0000000000
1845 -1447.0000000000
1868 -1443.0000000000
1891 -1441.0000000000
1909 -1440.0000000000
1924 -1439.0000000000
1937 -1437.0000000000
1981 -1434.0000000000
2001 -1431.0000000000
2013 -1430.0000000000
2044 -1428.0000000000
2064 -1426.0000000000
2068 -1425.0000000000
2112 -1421.0000000000
2158 -1420.0000000000
2161 -1417.0000000000
2191 -1414.0000000000
2232 -1411.0000000000
2271 -1410.0000000000
2286 -1406.0000000000
2303 -1405.0000000000
2326 -1402.0000000000
2348 -1399.0000000000
2380 -1398.0000000000
2382 -1396.0000000000
2412 -1395.0000000000
2431 -1393.0000000000
2477 -1391.0000000000
2485 -1388.0000000000
2522 -1386.0000000000
2553 -1384.0000000000
2586 -1382.0000000000
2592 -1381.0000000000
2632 -1379.0000000000
2684 -1376.0000000000
2704 -1375.0000000000
2715 -1373.0000000000
2746 -1372.0000000000
2763 -1370.0000000000
2812 -1368.0000000000
2839 -1367.0000000000
2860 -1365.0000000000
2921 -1363.0000000000
2938 -1362.0000000000
2951 -1360.0000000000
2969 -1358.0000000000
2989 -1357.0000000000
2993 -1356.0000000000
3016 -1355.0000000000
3042 -1354.0000000000
3045 -1353.0000000000
3059 -1352.0000000000
3072 -1350.0000000000
3085 -1348.0000000000
3115 -1347.0000000000
3124 -1346.0000000000
3151 -1345.0000000000
3163 -1344.0000000000
3180 -1342.0000000000
3208 -1341.0000000000
3219 -1340.0000000000
3226 -1338.0000000000
3264 -1337.0000000000
3314 -1336.0000000000
3330 -1335.0000000000
3348 -1333.0000000000
3359 -1332.0000000000
3371 -1330.0000000000
3448 -1329.0000000000
3452 -1327.0000000000
3479 -1326.0000000000
3482 -1325.0000000000
3504 -1322.0000000000
3534 -1320.0000000000
3554 -1319.0000000000
3556 -1318.0000000000
3598 -1317.0000000000
3650 -1316.0000000000
3655 -1315.0000000000
3664 -1314.0000000000
3677 -1313.0000000000
3684 -1310.0000000000
3710 -1309.0000000000
3761 -1308.0000000000
3785 -1307.0000000000
3814 -1306.0000000000
3839 -1305.0000000000
3851 -1304.0000000000
3855 -1303.0000000000
3864 -1300.0000000000
3907 -1299.0000000000
3931 -1297.0000000000
3962 -1296.0000000000
3988 -1292.0000000000
4010 -1289.0000000000
4072 -1288.0000000000
4104 -1285.0000000000
4133 -1284.0000000000
4150 -1281.0000000000
4198 -1278.0000000000
4206 -1277.0000000000
4241 -1276.0000000000
4279 -1274.0000000000
4290 -1270.0000000000
4361 -1267.0000000000
4406 -1266.0000000000
4421 -1264.0000000000
4451 -1263.0000000000
4471 -1262.0000000000
4496 -1260.0000000000
4503 -1258.0000000000
4555 -1257.0000000000
4577 -1255.0000000000
4588 -1254.0000000000
4623 -1253.0000000000
4624 -1252.0000000000
4648 -1251.0000000000
4666 -1250.0000000000
4676 -1249.0000000000
4697 -1248.0000000000
4701 -1246.0000000000
4732 -1245.0000000000
4768 -1244.0000000000
4772 -1243.0000000000
4809 -1242.0000000000
4814 -1241.0000000000
4875 -1238.0000000000
4895 -1237.0000000000
4921 -1232.0000000000
4971 -1230.0000000000
5001 -1228.0000000000
5023 -1226.0000000000
5082 -1222.0000000000
5133 -1221.0000000000
5161 -1220.0000000000
5175 -1218.0000000000
5232 -1216.0000000000
5262 -1215.0000000000
5291 -1214.0000000000
5317 -1212.0000000000
5342 -1211.0000000000
5347 -1210.0000000000
5362 -1209.0000000000
5368 -1208.0000000000
5398 -1207.0000000000
5416 -1206.0000000000
5424 -1205.0000000000
5481 -1204.0000000000
5491 -1203.0000000000
5511 -1201.0000000000
5544 -1199.0000000000
5563 -1197.0000000000
5581 -1196.0000000000
5593 -1195.0000000000
5655 -1193.0000000000
5675 -1189.0000000000
5721 -1188.0000000000
5724 -1186.0000000000
5772 -1184.0000000000
5815 -1183.0000000000
5825 -1182.0000000000
5842 -1181.0000000000
5843 -1180.0000000000
5892 -1179.0000000000
5897 -1178.0000000000
5936 -1175.0000000000
5966 -1174.0000000000
5974 -1172.0000000000
5981 -1171.0000000000
6024 -1169.0000000000
6061 -1168.0000000000
6079 -1167.0000000000
6090 -1166.0000000000
6105 -1163.0000000000
6121 -1162.0000000000
6122 -1158.0000000000
6165 -1157.0000000000
6201 -1155.0000000000
6252 -1153.0000000000
6281 -1152.0000000000
6304 -1149.0000000000
6346 -1148.0000000000
6368 -1146.0000000000
6397 -1145.0000000000
6413 -1144.0000000000
6451 -1143.0000000000
6464 -1140.0000000000
6476 -1139.0000000000
6521 -1135.0000000000
6558 -1134.0000000000
6600 -1132.0000000000
6606 -1131.0000000000
6621 -1128.0000000000
6649 -1125.0000000000
6726 -1123.0000000000
6742 -1121.0000000000
6791 -1117.0000000000
6854 -1116.0000000000
6902 -1115.0000000000
6907 -1113.0000000000
6909 -1112.0000000000
6965 -1111.0000000000
7004 -1110.0000000000
7026 -1109.0000000000
7056 -1108.0000000000
7059 -1107.0000000000
7062 -1106.0000000000
7089 -1105.0000000000
7095 -1104.0000000000
7126 -1102.0000000000
7163 -1100.0000000000
7185 -1099.0000000000
7196 -1098.0000000000
7227 -1096.0000000000
7248 -1094.0000000000
7261 -1093.0000000000
7292 -1092.0000000000
7328 -1091.0000000000
7342 -1090.0000000000
7365 -1087.0000000000
7420 -1086.0000000000
7428 -1085.0000000000
7438 -1084.0000000000
7452 -1082.0000000000
7465 -1081.0000000000
7507 -1080.0000000000
7530 -1077.0000000000
7542 -1076.0000000000
7578 -1074.0000000000
7601 -1071.0000000000
7649 -1070.0000000000
7662 -1068.0000000000
7712 -1067.0000000000
7732 -1065.0000000000
7755 -1064.0000000000
7780 -1063.0000000000
7785 -1062.0000000000
7830 -1061.0000000000
7834 -1059.0000000000
7862 -1056.0000000000
7901 -1055.0000000000
7917 -1054.0000000000
7919 -1052.0000000000
7942 -1051.0000000000
7999 -1049.0000000000
8035 -1048.0000000000
8050 -1047.0000000000
8055 -1046.0000000000
8061 -1045.0000000000
8091 -1044.0000000000
8107 -1040.0000000000
8196 -1039.0000000000
8201 -1033.0000000000
8277 -1031.0000000000
8283 -1030.0000000000
8329 -1029.0000000000
8342 -1028.0000000000
8377 -1027.0000000000
8394 -1026.0000000000
8418 -1024.0000000000
8489 -1023.0000000000
8492 -1022.0000000000
8522 -1021.0000000000
8536 -1018.0000000000
8560 -1017.0000000000
8588 -1016.0000000000
8589 -1014.0000000000
8658 -1013.0000000000
8674 -1012.0000000000
8719 -1008.0000000000
8788 -1007.0000000000
8841 -1006.0000000000
8842 -1005.0000000000
8862 -1002.0000000000
8911 -1001.0000000000
8922 -1000.0000000000
8948 -999.0000000000
8955 -998.0000000000
9009 -997.0000000000
9031 -996.0000000000
9049 -994.0000000000
9068 -993.0000000000
9104 -992.0000000000
9119 -990.0000000000
9135 -989.0000000000
9189 -988.0000000000
9204 -986.0000000000
9221 -984.0000000000
9275 -983.0000000000
9280 -982.0000000000
9301 -981.0000000000
9335 -978.0000000000
9393 -977.0000000000
9421 -976.0000000000
9442 -975.0000000000
9478 -974.0000000000
9489 -973.0000000000
9502 -972.0000000000
9508 -970.0000000000
9530 -969.0000000000
9545 -968.0000000000
9581 -967.0000000000
9626 -965.0000000000
9666 -963.0000000000
9688 -959.0000000000
9763 -957.0000000000
9791 -956.0000000000
9799 -955.0000000000
9828 -954.0000000000
9830 -953.0000000000
9847 -949.0000000000
9895 -948.0000000000
9945 -946.0000000000
9975 -943.0000000000
10025 -942.0000000000
10052 -941.0000000000
10070 -940.0000000000
10124 -939.0000000000
10134 -938.0000000000
10141 -936.0000000000
10202 -935.0000000000
10235 -932.0000000000
10262 -929.0000000000
10327 -927.0000000000
10371 -926.0000000000
10404 -924.0000000000
10411 -921.0000000000
10470 -920.0000000000
10484 -918.0000000000
10523 -917.0000000000
10551 -915.0000000000
10570 -914.0000000000
10611 -913.0000000000
10628 -912.0000000000
10641 -910.0000000000
10644 -908.0000000000
10671 -907.0000000000
10721 -905.0000000000
10775 -904.0000000000
10781 -902.0000000000
10785 -900.0000000000
10829 -899.0000000000
10864 -898.0000000000
10924 -897.0000000000
10942 -896.0000000000
10944 -895.0000000000
10972 -893.0000000000
10993 -891.0000000000
11043 -890.0000000000
11075 -888.0000000000
11105 -887.0000000000
11176 -886.0000000000
11178 -885.0000000000
11184 -884.0000000000
11201 -883.0000000000
11232 -881.0000000000
11241 -879.0000000000
11298 -877.0000000000
11318 -876.0000000000
11343 -875.0000000000
11369 -874.0000000000
11406 -873.0000000000
11434 -872.0000000000
11437 -871.0000000000
11446 -870.0000000000
11470 -869.0000000000
11522 -867.0000000000
11572 -866.0000000000
11583 -864.0000000000
11599 -863.0000000000
11662 -862.0000000000
11670 -860.0000000000
11715 -858.0000000000
11742 -857.0000000000
11749 -856.0000000000
11801 -854.0000000000
11833 -853.0000000000
11873 -852.0000000000
11882 -851.0000000000
11902 -850.0000000000
11942 -849.0000000000
11955 -846.0000000000
12027 -844.0000000000
12043 -843.0000000000
12067 -842.0000000000
12114 -840.0000000000
12135 -839.0000000000
12181 -838.0000000000
12191 -836.0000000000
12205 -834.0000000000
12255 -833.0000000000
12264 -831.0000000000
12333 -829.0000000000
12357 -827.0000000000
12365 -826.0000000000
12410 -825.0000000000
12457 -823.0000000000
12473 -822.0000000000
12483 -820.0000000000
12538 -819.0000000000
12544 -815.0000000000
12602 -813.0000000000
12609 -812.0000000000
12633 -808.0000000000
12706 -807.0000000000
12750 -805.0000000000
12765 -803.0000000000
12790 -802.0000000000
12820 -801.0000000000
12833 -800.0000000000
12869 -798.0000000000
12898 -797.0000000000
12931 -796.0000000000
12940 -795.0000000000
12942 -794.0000000000
12965 -793.0000000000
12983 -792.0000000000
12986 -791.0000000000
13024 -790.0000000000
13048 -786.0000000000
13076 -785.0000000000
13132 -783.0000000000
13176 -782.0000000000
13189 -781.0000000000
13222 -780.0000000000
13235 -777.0000000000
13292 -776.0000000000
13304 -773.0000000000
13381 -772.0000000000
13403 -771.0000000000
13421 -769.0000000000
13449 -768.0000000000
13463 -765.0000000000
13504 -762.0000000000
13539 -759.0000000000
13623 -757.0000000000
13661 -756.0000000000
13713 -755.0000000000
13763 -754.0000000000
13775 -753.0000000000
13792 -752.0000000000
13807 -750.0000000000
13864 -749.0000000000
13934 -748.0000000000
13963 -747.0000000000
13998 -746.0000000000
14001 -745.0000000000
14022 -744.0000000000
14060 -743.0000000000
14061 -742.0000000000
14084 -740.0000000000
14151 -738.0000000000
14195 -737.0000000000
14198 -736.0000000000
14243 -733.0000000000
14302 -731.0000000000
14327 -729.0000000000
14379 -727.0000000000
14395 -726.0000000000
14435 -725.0000000000
14484 -723.0000000000
14485 -722.0000000000
14516 -721.0000000000
14531 -720.0000000000
14537 -719.0000000000
14564 -718.0000000000
14584 -717.0000000000
14604 -715.0000000000
14645 -713.0000000000
14701 -712.0000000000
14717 -710.0000000000
14755 -709.0000000000
14785 -707.0000000000
14810 -706.0000000000
14842 -703.0000000000
14903 -701.0000000000
14950 -699.0000000000
14973 -697.0000000000
15003 -695.0000000000
15025 -694.0000000000
15061 -693.0000000000
15063 -692.0000000000
15108 -691.0000000000
15126 -690.0000000000
15181 -688.0000000000
15212 -687.0000000000
15224 -686.0000000000
15273 -684.0000000000
15310 -682.0000000000
15390 -681.0000000000
15418 -679.0000000000
15468 -678.0000000000
15508 -677.0000000000
15550 -676.0000000000
15600 -675.0000000000
15610 -674.0000000000
15640 -673.0000000000
15646 -671.0000000000
15697 -670.0000000000
15742 -668.0000000000
15789 -667.0000000000
15807 -666.0000000000
15827 -665.0000000000
15844 -664.0000000000
15857 -663.0000000000
15894 -661.0000000000
15909 -660.0000000000
15993 -658.0000000000
16023 -657.0000000000
16057 -656.0000000000
16061 -654.0000000000
16121 -653.0000000000
16190 -652.0000000000
16213 -650.0000000000
16225 -648.0000000000
16256 -646.0000000000
16271 -645.0000000000
16304 -644.0000000000
16329 -643.0000000000
16361 -642.0000000000
16379 -641.0000000000
16400 -640.0000000000
16403 -639.0000000000
16436 -636.0000000000
16466 -634.0000000000
16573 -632.0000000000
16587 -631.0000000000
16617 -630.0000000000
16647 -628.0000000000
16702 -627.0000000000
16721 -626.0000000000
16765 -625.0000000000
16786 -624.0000000000
16810 -623.0000000000
16824 -622.0000000000
16846 -621.0000000000
16855 -620.0000000000
16868 -619.0000000000
16883 -615.0000000000
17006 -613.0000000000
17017 -612.0000000000
17063 -611.0000000000
17082 -608.0000000000
17122 -607.0000000000
17126 -605.0000000000
17176 -604.0000000000
17201 -603.0000000000
17203 -602.0000000000
17232 -601.0000000000
17262 -599.0000000000
17264 -598.0000000000
17305 -597.0000000000
17328 -596.0000000000
17336 -595.0000000000
17346 -593.0000000000
17429 -592.0000000000
17445 -590.0000000000
17498 -589.0000000000
17526 -588.0000000000
17561 -587.0000000000
17585 -585.0000000000
17613 -583.0000000000
17666 -581.0000000000
17685 -580.0000000000
17701 -579.0000000000
17761 -578.0000000000
17767 -577.0000000000
17799 -576.0000000000
17813 -574.0000000000
17861 -573.0000000000
17865 -571.0000000000
17880 -570.0000000000
17942 -569.0000000000
17948 -567.0000000000
17970 -566.0000000000
18031 -564.0000000000
18072 -563.0000000000
18103 -562.0000000000
18135 -561.0000000000
18161 -560.0000000000
18195 -558.0000000000
18233 -556.0000000000
18318 -555.0000000000
18322 -554.0000000000
18355 -553.0000000000
18395 -551.0000000000
18411 -550.0000000000
18455 -549.0000000000
18482 -548.0000000000
18495 -547.0000000000
18507 -546.0000000000
18557 -545.0000000000
18559 -543.0000000000
18669 -540.0000000000
18698 -539.0000000000
18750 -538.0000000000
18782 -537.0000000000
18824 -535.0000000000
18878 -534.0000000000
18890 -533.0000000000
18907 -532.0000000000
18910 -530.0000000000
18926 -529.0000000000
18961 -527.0000000000
19027 -526.0000000000
19063 -525.0000000000
19101 -524.0000000000
19140 -522.0000000000
19202 -521.0000000000
19210 -519.0000000000
19225 -517.0000000000
19271 -516.0000000000
19307 -515.0000000000
19324 -510.0000000000
19448 -508.0000000000
19483 -507.0000000000
19487 -504.0000000000
19565 -503.0000000000
19582 -502.0000000000
19612 -501.0000000000
19650 -500.0000000000
19669 -499.0000000000
19726 -497.0000000000
19767 -496.0000000000
19800 -495.0000000000
19836 -494.0000000000
19860 -493.0000000000
19889 -492.0000000000
19928 -490.0000000000
19967 -487.0000000000
20041 -486.0000000000
20062 -485.0000000000
20067 -484.0000000000
20124 -483.0000000000
20137 -482.0000000000
20192 -481.0000000000
20212 -480.0000000000
20235 -479.0000000000
20236 -478.0000000000
20251 -476.0000000000
20335 -474.0000000000
20365 -473.0000000000
20411 -472.0000000000
20473 -471.0000000000
20512 -470.0000000000
20535 -469.0000000000
20572 -467.0000000000
20601 -466.0000000000
20655 -464.0000000000
20721 -463.0000000000
20726 -461.0000000000
20812 -460.0000000000
20823 -459.0000000000
20853 -458.0000000000
20882 -457.0000000000
20967 -456.0000000000
20984 -455.0000000000
21012 -453.0000000000
21093 -450.0000000000
21145 -449.0000000000
21167 -448.0000000000
21220 -447.0000000000
21242 -446.0000000000
21335 -444.0000000000
21353 -443.0000000000
21365 -442.0000000000
21399 -441.0000000000
21415 -440.0000000000
21453 -439.0000000000
21507 -438.0000000000
21524 -437.0000000000
21530 -436.0000000000
21577 -435.0000000000
21612 -433.0000000000
21613 -432.0000000000
21636 -431.0000000000
21702 -429.0000000000
21754 -427.0000000000
21833 -426.0000000000
21853 -423.0000000000
21921 -422.0000000000
21948 -420.0000000000
22003 -419.0000000000
22038 -417.0000000000
22129 -416.0000000000
22157 -415.0000000000
22203 -414.0000000000
22241 -413.0000000000
22262 -412.0000000000
22313 -411.0000000000
22321 -409.0000000000
22322 -407.0000000000
22434 -406.0000000000
22470 -405.0000000000
22497 -404.0000000000
22503 -403.0000000000
22548 -402.0000000000
22559 -401.0000000000
22607 -399.0000000000
22662 -397.0000000000
22711 -396.0000000000
22735 -395.0000000000
22786 -394.0000000000
22816 -393.0000000000
22870 -392.0000000000
22892 -391.0000000000
22911 -389.0000000000
22985 -388.0000000000
23077 -387.0000000000
23147 -386.0000000000
23189 -385.0000000000
23258 -384.0000000000
23280 -383.0000000000
23287 -382.0000000000
23345 -381.0000000000
23376 -380.0000000000
23398 -379.0000000000
23435 -378.0000000000
23464 -377.0000000000
23470 -376.0000000000
23552 -375.0000000000
23570 -373.0000000000
23588 -371.0000000000
23656 -370.0000000000
23676 -369.0000000000
23737 -368.0000000000
23744 -367.0000000000
23813 -366.0000000000
23841 -365.0000000000
23873 -364.0000000000
23951 -363.0000000000
23987 -361.0000000000
24035 -360.0000000000
24089 -359.0000000000
24103 -358.0000000000
24149 -357.0000000000
24166 -356.0000000000
24201 -355.0000000000
24225 -353.0000000000
24281 -352.0000000000
24343 -351.0000000000
24353 -350.0000000000
24359 -349.0000000000
24426 -348.0000000000
24465 -347.0000000000
24466 -345.0000000000
24555 -344.0000000000
24607 -343.0000000000
24631 -342.0000000000
24652 -341.0000000000
24676 -340.0000000000
24686 -339.0000000000
24758 -338.0000000000
24801 -335.0000000000
24886 -333.0000000000
24954 -332.0000000000
24958 -331.0000000000
24968 -330.0000000000
24991 -329.0000000000
25062 -328.0000000000
25111 -327.0000000000
25137 -325.0000000000
25237 -324.0000000000
25282 -323.0000000000
25301 -322.0000000000
25330 -321.0000000000
25409 -319.0000000000
25513 -318.0000000000
25542 -317.0000000000
25567 -315.0000000000
25663 -314.0000000000
25697 -313.0000000000
25722 -312.0000000000
25754 -311.0000000000
25788 -310.0000000000
25828 -309.0000000000
25896 -308.0000000000
25910 -307.0000000000
25947 -305.0000000000
25985 -304.0000000000
26064 -303.0000000000
26083 -300.0000000000
26178 -299.0000000000
26212 -297.0000000000
26245 -295.0000000000
26324 -294.0000000000
26368 -293.0000000000
26371 -292.0000000000
26439 -291.0000000000
26508 -290.0000000000
26580 -288.0000000000
26632 -287.0000000000
26634 -286.0000000000
26678 -285.0000000000
26729 -284.0000000000
26732 -283.0000000000
26767 -281.0000000000
26815 -280.0000000000
26844 -278.0000000000
26950 -277.0000000000
26956 -276.0000000000
26966 -275.0000000000
27031 -274.0000000000
27070 -273.0000000000
27123 -272.0000000000
27149 -271.0000000000
27196 -270.0000000000
27330 -269.0000000000
27371 -268.0000000000
27433 -267.0000000000
27438 -266.0000000000
27528 -265.0000000000
27556 -264.0000000000
27584 -263.0000000000
27629 -262.0000000000
27690 -260.0000000000
27769 -259.0000000000
27807 -258.0000000000
27906 -257.0000000000
27980 -256.0000000000
27987 -255.0000000000
28052 -254.0000000000
28087 -253.0000000000
28112 -251.0000000000
28217 -250.0000000000
28231 -249.0000000000
28266 -248.0000000000
28380 -246.0000000000
28444 -245.0000000000
28490 -244.0000000000
28502 -242.0000000000
28545 -241.0000000000
28567 -240.0000000000
28614 -239.0000000000
28638 -238.0000000000
28722 -237.0000000000
28752 -236.0000000000
28791 -235.0000000000
28827 -233.0000000000
28969 -232.0000000000
28996 -231.0000000000
29021 -230.0000000000
29068 -229.0000000000
29108 -228.0000000000
29168 -227.0000000000
29221 -226.0000000000
29242 -225.0000000000
29273 -224.0000000000
29404 -223.0000000000
29451 -222.0000000000
29549 -221.0000000000
29564 -220.0000000000
29583 -219.0000000000
29642 -218.0000000000
29684 -216.0000000000
29761 -215.0000000000
29776 -213.0000000000
29813 -212.0000000000
29863 -211.0000000000
29906 -210.0000000000
29940 -209.0000000000
29954 -208.0000000000
30046 -207.0000000000
30061 -206.0000000000
30178 -205.0000000000
30261 -203.0000000000
30342 -202.0000000000
30426 -200.0000000000
30561 -198.0000000000
30745 -197.0000000000
30777 -195.0000000000
30796 -194.0000000000
30871 -193.0000000000
30915 -192.0000000000
30933 -190.0000000000
31022 -189.0000000000
31073 -188.0000000000
31120 -187.0000000000
31163 -186.0000000000
31229 -185.0000000000
31259 -184.0000000000
31330 -183.0000000000
31420 -182.0000000000
31445 -181.0000000000
31524 -180.0000000000
31578 -179.0000000000
31682 -178.0000000000
31723 -176.0000000000
31789 -175.0000000000
31841 -174.0000000000
31900 -173.0000000000
31951 -171.0000000000
31985 -170.0000000000
32022 -168.0000000000
32097 -167.0000000000
32166 -166.0000000000
32304 -165.0000000000
32308 -164.0000000000
32336 -163.0000000000
32420 -162.0000000000
32483 -161.0000000000
32487 -160.0000000000
32582 -159.0000000000
32620 -158.0000000000
32641 -157.0000000000
32656 -156.0000000000
32802 -155.0000000000
32863 -154.0000000000
32917 -153.0000000000
32950 -152.0000000000
32982 -151.0000000000
33067 -150.0000000000
33109 -149.0000000000
33126 -148.0000000000
33225 -147.0000000000
33274 -146.0000000000
33363 -145.0000000000
33419 -144.0000000000
33532 -142.0000000000
33565 -141.0000000000
33575 -140.0000000000
33706 -139.0000000000
33716 -138.0000000000
33846 -137.0000000000
33930 -136.0000000000
34000 -135.0000000000
34144 -134.0000000000
34146 -132.0000000000
34249 -131.0000000000
34437 -130.0000000000
34487 -129.0000000000
34557 -128.0000000000
34632 -127.0000000000
34720 -126.0000000000
34777 -125.0000000000
34781 -124.0000000000
34898 -123.0000000000
34943 -121.0000000000
35055 -119.0000000000
35162 -118.0000000000
35244 -117.0000000000
35307 -116.0000000000
35450 -115.0000000000
35512 -114.0000000000
35560 -113.0000000000
35618 -112.0000000000
35654 -111.0000000000
35672 -110.0000000000
35793 -109.0000000000
35827 -107.0000000000
35892 -106.0000000000
35977 -105.0000000000
36059 -104.0000000000
36172 -103.0000000000
36175 -102.0000000000
36247 -101.0000000000
36304 -100.0000000000
36393 -99.0000000000
36449 -98.0000000000
36491 -97.0000000000
36527 -96.0000000000
36595 -95.0000000000
36647 -94.0000000000
36668 -93.0000000000
36724 -92.0000000000
36842 -91.0000000000
36892 -90.0000000000
37030 -89.0000000000
37078 -88.0000000000
37159 -87.0000000000
37250 -86.0000000000
37313 -85.0000000000
37354 -84.0000000000
37413 -83.0000000000
37432 -82.0000000000
37509 -81.0000000000
37521 -80.0000000000
37542 -79.0000000000
37617 -78.0000000000
37619 -77.0000000000
37646 -76.0000000000
37684 -75.0000000000
37744 -74.0000000000
37826 -73.0000000000
37954 -72.0000000000
38044 -71.0000000000
38125 -70.0000000000
38265 -68.0000000000
38306 -67.0000000000
38382 -66.0000000000
38443 -65.0000000000
38486 -64.0000000000
38510 -63.0000000000
38662 -62.0000000000
38849 -61.0000000000
38901 -60.0000000000
38959 -59.0000000000
39080 -58.0000000000
39129 -57.0000000000
39262 -56.0000000000
39367 -55.0000000000
39409 -54.0000000000
39517 -53.0000000000
39810 -52.0000000000
39885 -51.0000000000
40024 -50.0000000000
40163 -49.0000000000
40309 -48.0000000000
40422 -47.0000000000
40523 -46.0000000000
40578 -45.0000000000
40610 -44.0000000000
40690 -43.0000000000
40779 -41.0000000000
41018 -39.0000000000
41154 -38.0000000000
41243 -37.0000000000
41312 -36.0000000000
41327 -35.0000000000
41423 -34.0000000000
41466 -33.0000000000
41644 -32.0000000000
41787 -31.0000000000
41898 -30.0000000000
42074 -29.0000000000
42217 -28.0000000000
42327 -27.0000000000
42350 -26.0000000000
42512 -25.0000000000
42529 -24.0000000000
42864 -23.0000000000
42984 -22.0000000000
43137 -21.0000000000
43141 -20.0000000000
43327 -19.0000000000
43404 -17.0000000000
43476 -16.0000000000
43626 -15.0000000000
43950 -14.0000000000
44302 -12.0000000000
44370 -11.0000000000
44518 -10.0000000000
44625 -9.0000000000
44811 -8.0000000000
44850 -7.0000000000
44924 -6.0000000000
45202 -5.0000000000
45341 -4.0000000000
45406 -3.0000000000
45486 -1.0000000000
45589 325.3200000000
45648 339.5700000000
45792 342.5900000000
45836 349.7700000000
45936 351.8400000000
45975 360.4600000000
46400 360.8600000000
46409 368.2300000000
46747 373.5600000000
47032 378.5800000000
47093 384.2300000000
47594 385.1000000000
47803 460.5200000000
47945 465.1300000000
47968 491.8800000000
48075 497.0300000000
48093 499.0800000000
48364 507.1600000000
48642 511.1700000000
48650 566.6600000000
48714 569.0700000000
48832 574.5600000000
48874 582.0100000000
48914 587.9200000000
48919 588.8800000000
49061 592.6300000000
49371 597.6800000000
49380 600.0800000000
49606 622.6800000000
49852 626.6000000000
49875 633.3400000000
49927 635.7000000000
50047 642.8600000000
50392 644.7400000000
50806 646.3300000000
50980 653.9400000000
51814 667.4700000000
53509 670.7300000000
57188 678.1800000000
58498 682.1700000000
60507 685.3200000000
60680 686.6400000000
60756 690.0400000000
60783 706.1000000000
61191 714.3800000000
61639 715.2300000000
66410 716.3300000000
72101 725.3700000000
72667 729.8100000000
73860 731.8200000000
74132 735.9500000000
74638 746.1100000000
87948 750.5000000000
91683 752.6300000000
100000 -1.0000000000
evaluations raw_y
1 -1955.0000000000
2 -1939.0000000000
4 -1915.0000000000
5 -1890.0000000000
42 -1887.0000000000
57 -1856.0000000000
103 -1825.0000000000
127 -1811.0000000000
148 -1805.0000000000
178 -1798.0000000000
180 -1797.0000000000
186 -1783.0000000000
213 -1774.0000000000
222 -1762.0000000000
272 -1755.0000000000
278 -1753.0000000000
279 -1745.0000000000
295 -1738.0000000000
314 -1722.0000000000
374 -1672.0000000000
409 -1671.0000000000
466 -1669.0000000000
468 -1668.0000000000
481 -1665.0000000000
487 -1658.0000000000
503 -1653.0000000000
525 -1645.0000000000
526 -1640.0000000000
556 -1637.0000000000
581 -1636.0000000000
582 -1633.0000000000
591 -1630.0000000000
595 -1621.0000000000
601 -1612.0000000000
652 -1607.0000000000
659 -1599.0000000000
687 -1598.0000000000
688 -1595.0000000000
711 -1592.0000000000
759 -1583.0000000000
778 -1579.0000000000
790 -1577.0000000000
805 -1572.0000000000
831 -1570.0000000000
844 -1569.0000000000
856 -1564.0000000000
878 -1561.0000000000
889 -1556.0000000000
901 -1553.0000000000
923 -1552.0000000000
929 -1545.0000000000
955 -1543.0000000000
985 -1537.0000000000
1006 -1535.0000000000
1024 -1532.0000000000
1030 -1530.0000000000
1042 -1529.0000000000
1076 -1524.0000000000
1106 -1519.0000000000
1125 -1518.0000000000
1127 -1516.0000000000
1166 -1514.0000000000
1186 -1511.0000000000
1210 -1509.0000000000
1232 -1507.0000000000
1246 -1503.0000000000
1249 -1502.0000000000
1254 -1501.0000000000
1264 -1499.0000000000
1282 -1498.0000000000
1301 -1497.0000000000
1312 -1494.0000000000
1328 -1492.0000000000
1343 -1491.0000000000
1361 -1490.0000000000
1364 -1488.0000000000
1382 -1485.0000000000
1438 -1483.0000000000
1439 -1480.0000000000
1464 -1477.0000000000
1507 -1476.0000000000
1527 -1475.0000000000
1548 -1474.0000000000
1565 -1473.0000000000
1566 -1472.0000000000
1576 -1471.0000000000
1601 -1469.0000000000
1618 -1468.0000000000
1622 -1465.0000000000
1624 -1464.0000000000
1645 -1463.0000000000
1660 -1462.0000000000
1664 -1461.0000000000
1681 -1460.0000000000
1711 -1459.0000000000
1716 -1457.0000000000
1725 -1455.0000000000
1731 -1454.0000000000
1773 -1453.0000000000
1789 -1450.0000000000
1823 -1445.0000000000
1842 -1444.0000000000
1900 -1442.0000000000
1938 -1441.0000000000
1974 -1440.0000000000
1988 -1435.0000000000
2041 -1434.0000000000
2072 -1432.0000000000
2108 -1429.0000000000
2164 -1428.0000000000
2178 -1427.0000000000
2183 -1426.0000000000
2206 -1423.0000000000
2209 -1420.0000000000
2251 -1418.0000000000
2268 -1417.0000000000
2299 -1415.0000000000
2343 -1413.0000000000
2364 -1411.0000000000
2387 -1409.0000000000
2413 -1408.0000000000
2417 -1406.0000000000
2424 -1404.0000000000
2442 -1402.0000000000
2484 -1399.0000000000
2509 -1397.0000000000
2553 -1396.0000000000
2574 -1393.0000000000
2605 -1392.0000000000
2614 -1391.0000000000
2624 -1387.0000000000
2674 -1385.0000000000
2707 -1384.0000000000
2735 -1378.0000000000
2758 -1376.0000000000
2807 -1374.0000000000
2827 -1373.0000000000
2863 -1372.0000000000
2864 -1371.0000000000
2875 -1370.0000000000
2882 -1368.0000000000
2904 -1367.0000000000
2922 -1366.0000000000
2937 -1364.0000000000
2976 -1361.0000000000
3005 -1360.0000000000
3030 -1357.0000000000
3063 -1356.0000000000
3111 -1355.0000000000
3118 -1353.0000000000
3162 -1352.0000000000
3166 -1351.0000000000
3189 -1348.0000000000
3237 -1347.0000000000
3255 -1346.0000000000
3269 -1345.0000000000
3283 -1343.0000000000
3319 -1342.0000000000
3328 -1339.0000000000
3377 -1337.0000000000
3381 -1333.0000000000
3417 -1332.0000000000
3442 -1331.0000000000
3472 -1330.0000000000
3491 -1326.0000000000
3541 -1324.0000000000
3587 -1323.0000000000
3604 -1322.0000000000
3614 -1320.0000000000
3633 -1319.0000000000
3642 -1317.0000000000
3691 -1316.0000000000
3741 -1315.0000000000
3744 -1314.0000000000
3758 -1313.0000000000
3765 -1312.0000000000
3791 -1310.0000000000
3814 -1309.0000000000
3830 -1306.0000000000
3837 -1305.0000000000
3895 -1303.0000000000
3927 -1301.0000000000
3942 -1299.0000000000
3974 -1298.0000000000
4001 -1297.0000000000
4009 -1294.0000000000
4063 -1292.0000000000
4082 -1291.0000000000
4108 -1290.0000000000
4114 -1289.0000000000
4125 -1288.0000000000
4165 -1284.0000000000
4204 -1282.0000000000
4230 -1280.0000000000
4269 -1279.0000000000
4303 -1275.0000000000
4352 -1274.0000000000
4369 -1273.0000000000
4382 -1270.0000000000
4408 -1268.0000000000
4434 -1266.0000000000
4461 -1265.0000000000
4475 -1262.0000000000
4493 -1261.0000000000
4506 -1260.0000000000
4529 -1259.0000000000
4565 -1258.0000000000
4583 -1254.0000000000
4625 -1252.0000000000
4662 -1250.0000000000
4709 -1247.0000000000
4748 -1245.0000000000
4768 -1244.0000000000
4784 -1243.0000000000
4798 -1242.0000000000
4821 -1239.0000000000
4845 -1238.0000000000
4865 -1237.0000000000
4879 -1235.0000000000
4898 -1233.0000000000
4962 -1230.0000000000
4985 -1229.0000000000
5030 -1228.0000000000
5032 -1227.0000000000
5047 -1226.0000000000
5060 -1225.0000000000
5061 -1223.0000000000
5124 -1222.0000000000
5142 -1220.0000000000
5148 -1219.0000000000
5171 -1218.0000000000
5187 -1217.0000000000
5195 -1216.0000000000
5219 -1215.0000000000
5223 -1214.0000000000
5247 -1213.0000000000
5289 -1209.0000000000
5327 -1208.0000000000
5339 -1207.0000000000
5347 -1204.0000000000
5382 -1202.0000000000
5401 -1200.0000000000
5426 -1199.0000000000
5451 -1198.0000000000
5461 -1197.0000000000
5497 -1196.0000000000
5504 -1193.0000000000
5528 -1191.0000000000
5602 -1190.0000000000
5619 -1186.0000000000
5665 -1184.0000000000
5682 -1183.0000000000
5704 -1182.0000000000
5718 -1181.0000000000
5731 -1180.0000000000
5767 -1179.0000000000
5778 -1177.0000000000
5781 -1173.0000000000
5855 -1172.0000000000
5884 -1170.0000000000
5887 -1169.0000000000
5901 -1167.0000000000
5971 -1164.0000000000
6035 -1163.0000000000
6042 -1162.0000000000
6068 -1161.0000000000
6070 -1159.0000000000
6097 -1158.0000000000
6102 -1156.0000000000
6149 -1155.0000000000
6150 -1153.0000000000
6187 -1151.0000000000
6188 -1150.0000000000
6212 -1149.0000000000
6228 -1147.0000000000
6257 -1146.0000000000
6287 -1145.0000000000
6308 -1144.0000000000
6349 -1143.0000000000
6356 -1141.0000000000
6358 -1140.0000000000
6383 -1139.0000000000
6433 -1137.0000000000
6445 -1136.0000000000
6453 -1135.0000000000
6469 -1134.0000000000
6482 -1132.0000000000
6527 -1131.0000000000
6566 -1127.0000000000
6582 -1126.0000000000
6607 -1125.0000000000
6622 -1123.0000000000
6663 -1120.0000000000
6731 -1117.0000000000
6744 -1116.0000000000
6811 -1115.0000000000
6827 -1114.0000000000
6829 -1113.0000000000
6874 -1111.0000000000
6901 -1110.0000000000
6908 -1109.0000000000
6941 -1106.0000000000
6956 -1105.0000000000
7001 -1104.0000000000
7028 -1102.0000000000
7050 -1101.0000000000
7077 -1100.0000000000
7087 -1096.0000000000
7127 -1095.0000000000
7141 -1093.0000000000
7166 -1091.0000000000
7208 -1090.0000000000
7237 -1088.0000000000
7259 -1087.0000000000
7281 -1086.0000000000
7309 -1084.0000000000
7322 -1083.0000000000
7367 -1081.0000000000
7403 -1080.0000000000
7429 -1078.0000000000
7474 -1075.0000000000
7506 -1073.0000000000
7536 -1071.0000000000
7562 -1070.0000000000
7568 -1069.0000000000
7586 -1066.0000000000
7624 -1064.0000000000
7668 -1063.0000000000
7685 -1062.0000000000
7712 -1061.0000000000
7725 -1059.0000000000
7744 -1056.0000000000
7788 -1053.0000000000
7867 -1052.0000000000
7871 -1048.0000000000
7893 -1046.0000000000
7941 -1044.0000000000
7980 -1042.0000000000
8000 -1039.0000000000
8036 -1037.0000000000
8068 -1036.0000000000
8074 -1035.0000000000
8144 -1034.0000000000
8168 -1033.0000000000
8175 -1031.0000000000
8187 -1030.0000000000
8188 -1029.0000000000
8243 -1028.0000000000
8260 -1026.0000000000
8301 -1024.0000000000
8324 -1022.0000000000
8345 -1021.0000000000
8350 -1020.0000000000
8413 -1017.0000000000
8444 -1016.0000000000
8462 -1015.0000000000
8489 -1012.0000000000
8517 -1011.0000000000
8554 -1010.0000000000
8587 -1009.0000000000
8601 -1007.0000000000
8640 -1005.0000000000
8645 -1004.0000000000
8664 -1002.0000000000
8701 -1001.0000000000
8713 -999.0000000000
8746 -998.0000000000
8770 -995.0000000000
8878 -992.0000000000
8905 -990.0000000000
8949 -989.0000000000
8953 -987.0000000000
9000 -986.0000000000
9009 -984.0000000000
9054 -982.0000000000
9063 -981.0000000000
9102 -979.0000000000
9138 -977.0000000000
9182 -974.0000000000
9204 -972.0000000000
9268 -970.0000000000
9316 -968.0000000000
9344 -966.0000000000
9400 -965.0000000000
9406 -964.0000000000
9410 -963.0000000000
9445 -962.0000000000
9456 -960.0000000000
9494 -959.0000000000
9500 -957.0000000000
9566 -955.0000000000
9609 -954.0000000000
9625 -952.0000000000
9682 -948.0000000000
9777 -947.0000000000
9792 -946.0000000000
9811 -943.0000000000
9823 -939.0000000000
9905 -937.0000000000
9962 -936.0000000000
9975 -935.0000000000
9996 -934.0000000000
10000 -931.0000000000
10051 -929.0000000000
10113 -927.0000000000
10139 -926.0000000000
10159 -924.0000000000
10196 -923.0000000000
10262 -921.0000000000
10276 -920.0000000000
10315 -919.0000000000
10340 -918.0000000000
10341 -917.0000000000
10375 -915.0000000000
10421 -911.0000000000
10482 -910.0000000000
10573 -908.0000000000
10594 -907.0000000000
10640 -905.0000000000
10661 -901.0000000000
10727 -900.0000000000
10741 -899.0000000000
10761 -896.0000000000
10799 -895.0000000000
10820 -894.0000000000
10822 -893.0000000000
10853 -892.0000000000
10866 -890.0000000000
10931 -889.0000000000
10945 -888.0000000000
10949 -886.0000000000
10977 -885.0000000000
11010 -884.0000000000
11026 -881.0000000000
11071 -880.0000000000
11090 -879.0000000000
11144 -878.0000000000
11160 -877.0000000000
11185 -876.0000000000
11205 -874.0000000000
11253 -871.0000000000
11324 -870.0000000000
11370 -869.0000000000
11384 -868.0000000000
11403 -867.0000000000
11441 -866.0000000000
11483 -865.0000000000
11486 -864.0000000000
11524 -863.0000000000
11534 -861.0000000000
11561 -860.0000000000
11588 -859.0000000000
11625 -858.0000000000
11637 -857.0000000000
11662 -856.0000000000
11687 -855.0000000000
11715 -854.0000000000
11737 -853.0000000000
11742 -850.0000000000
11761 -848.0000000000
11797 -847.0000000000
11854 -846.0000000000
11885 -845.0000000000
11888 -844.0000000000
11913 -841.0000000000
11984 -839.0000000000
12031 -838.0000000000
12075 -837.0000000000
12083 -835.0000000000
12147 -833.0000000000
12201 -832.0000000000
12223 -830.0000000000
12289 -828.0000000000
12291 -827.0000000000
12359 -825.0000000000
12369 -824.0000000000
12380 -823.0000000000
12391 -822.0000000000
12423 -820.0000000000
12442 -819.0000000000
12468 -818.0000000000
12472 -816.0000000000
12525 -814.0000000000
12544 -813.0000000000
12576 -812.0000000000
12591 -810.0000000000
12606 -808.0000000000
12662 -807.0000000000
12663 -806.0000000000
12688 -804.0000000000
12724 -803.0000000000
12765 -801.0000000000
12813 -798.0000000000
12834 -795.0000000000
12912 -793.0000000000
12946 -792.0000000000
12982 -791.0000000000
12988 -790.0000000000
13009 -789.0000000000
13025 -787.0000000000
13089 -784.0000000000
13158 -782.0000000000
13174 -781.0000000000
13177 -780.0000000000
13234 -779.0000000000
13251 -777.0000000000
13287 -776.0000000000
13318 -773.0000000000
13387 -772.0000000000
13388 -770.0000000000
13461 -768.0000000000
13532 -767.0000000000
13553 -765.0000000000
13578 -763.0000000000
13594 -762.0000000000
13651 -759.0000000000
13677 -755.0000000000
13788 -754.0000000000
13804 -753.0000000000
13830 -752.0000000000
13842 -751.0000000000
13896 -749.0000000000
13922 -748.0000000000
13943 -747.0000000000
13968 -745.0000000000
14006 -744.0000000000
14030 -743.0000000000
14031 -742.0000000000
14098 -741.0000000000
14119 -739.0000000000
14121 -738.0000000000
14187 -734.0000000000
14216 -733.0000000000
14262 -732.0000000000
14282 -730.0000000000
14334 -729.0000000000
14335 -728.0000000000
14394 -727.0000000000
14397 -726.0000000000
14428 -724.0000000000
14492 -723.0000000000
14501 -722.0000000000
14575 -719.0000000000
14621 -717.0000000000
14636 -715.0000000000
14681 -714.0000000000
14703 -711.0000000000
14798 -710.0000000000
14813 -707.0000000000
14834 -706.0000000000
14875 -705.0000000000
14884 -704.0000000000
14932 -703.0000000000
14978 -702.0000000000
14979 -701.0000000000
15030 -698.0000000000
15110 -696.0000000000
15151 -695.0000000000
15186 -693.0000000000
15246 -691.0000000000
15269 -690.0000000000
15285 -689.0000000000
15310 -688.0000000000
15362 -687.0000000000
15375 -686.0000000000
15419 -685.0000000000
15425 -684.0000000000
15436 -683.0000000000
15507 -682.0000000000
15530 -681.0000000000
15537 -680.0000000000
15546 -679.0000000000
15581 -678.0000000000
15582 -677.0000000000
15601 -676.0000000000
15643 -675.0000000000
15668 -674.0000000000
15682 -673.0000000000
15729 -672.0000000000
15780 -671.0000000000
15802 -670.0000000000
15830 -669.0000000000
15852 -668.0000000000
15885 -665.0000000000
15949 -664.0000000000
15986 -663.0000000000
16036 -661.0000000000
16082 -660.0000000000
16122 -656.0000000000
16198 -653.0000000000
16243 -651.0000000000
16305 -650.0000000000
16319 -647.0000000000
16374 -646.0000000000
16377 -645.0000000000
16382 -644.0000000000
16413 -643.0000000000
16429 -642.0000000000
16452 -641.0000000000
16488 -639.0000000000
16519 -638.0000000000
16528 -637.0000000000
16572 -636.0000000000
16588 -633.0000000000
16689 -631.0000000000
16728 -629.0000000000
16791 -628.0000000000
16815 -627.0000000000
16829 -626.0000000000
16861 -622.0000000000
16923 -621.0000000000
16966 -620.0000000000
17003 -619.0000000000
17004 -618.0000000000
17067 -616.0000000000
17085 -615.0000000000
17129 -614.0000000000
17167 -613.0000000000
17205 -611.0000000000
17226 -609.0000000000
17345 -607.0000000000
17394 -606.0000000000
17408 -605.0000000000
17444 -603.0000000000
17484 -602.0000000000
17524 -601.0000000000
17530 -600.0000000000
17575 -599.0000000000
17596 -597.0000000000
17644 -596.0000000000
17679 -595.0000000000
17707 -594.0000000000
17737 -593.0000000000
17783 -592.0000000000
17830 -591.0000000000
17883 -590.0000000000
17901 -588.0000000000
17972 -587.0000000000
18006 -584.0000000000
18087 -583.0000000000
18101 -582.0000000000
18116 -581.0000000000
18122 -580.0000000000
18146 -579.0000000000
18172 -578.0000000000
18202 -576.0000000000
18259 -575.0000000000
18304 -573.0000000000
18354 -572.0000000000
18407 -571.0000000000
18440 -570.0000000000
18448 -569.0000000000
18505 -568.0000000000
18534 -567.0000000000
18584 -566.0000000000
18598 -564.0000000000
18649 -563.0000000000
18666 -562.0000000000
18708 -560.0000000000
18744 -558.0000000000
18818 -557.0000000000
18822 -554.0000000000
18842 -552.0000000000
18897 -551.0000000000
18959 -550.0000000000
18969 -549.0000000000
18986 -548.0000000000
19009 -547.0000000000
19061 -545.0000000000
19079 -544.0000000000
19109 -542.0000000000
19152 -541.0000000000
19164 -538.0000000000
19248 -537.0000000000
19303 -536.0000000000
19348 -535.0000000000
19376 -534.0000000000
19418 -533.0000000000
19446 -531.0000000000
19521 -529.0000000000
19570 -526.0000000000
19673 -524.0000000000
19693 -523.0000000000
19737 -521.0000000000
19801 -520.0000000000
19849 -519.0000000000
19868 -517.0000000000
19921 -516.0000000000
19949 -515.0000000000
19961 -514.0000000000
20006 -513.0000000000
20010 -512.0000000000
20049 -511.0000000000
20101 -510.0000000000
20137 -509.0000000000
20152 -508.0000000000
20177 -506.0000000000
20186 -505.0000000000
20205 -504.0000000000
20270 -503.0000000000
20274 -502.0000000000
20339 -501.0000000000
20346 -500.0000000000
20373 -499.0000000000
20432 -498.0000000000
20466 -497.0000000000
20481 -496.0000000000
20487 -495.0000000000
20534 -492.0000000000
20585 -491.0000000000
20632 -490.0000000000
20651 -487.0000000000
20746 -486.0000000000
20767 -484.0000000000
20791 -482.0000000000
20884 -481.0000000000
20979 -479.0000000000
21054 -478.0000000000
21083 -477.0000000000
21152 -476.0000000000
21201 -475.0000000000
21206 -473.0000000000
21293 -472.0000000000
21325 -471.0000000000
21381 -469.0000000000
21468 -467.0000000000
21547 -465.0000000000
21649 -464.0000000000
21667 -463.0000000000
21732 -462.0000000000
21737 -461.0000000000
21743 -460.0000000000
21793 -458.0000000000
21850 -456.0000000000
21864 -455.0000000000
21918 -454.0000000000
21935 -451.0000000000
22020 -450.0000000000
22061 -448.0000000000
22077 -447.0000000000
22127 -446.0000000000
22142 -445.0000000000
22175 -444.0000000000
22183 -443.0000000000
22210 -442.0000000000
22244 -441.0000000000
22252 -440.0000000000
22285 -439.0000000000
22301 -438.0000000000
22355 -437.0000000000
22372 -435.0000000000
22393 -434.0000000000
22421 -432.0000000000
22452 -430.0000000000
22497 -427.0000000000
22544 -425.0000000000
22598 -424.0000000000
22632 -423.0000000000
22644 -420.0000000000
22684 -419.0000000000
22738 -418.0000000000
22762 -415.0000000000
22801 -414.0000000000
22846 -413.0000000000
22872 -411.0000000000
22914 -409.0000000000
22975 -408.0000000000
22989 -407.0000000000
23012 -406.0000000000
23066 -405.0000000000
23103 -403.0000000000
23162 -402.0000000000
23181 -401.0000000000
23216 -400.0000000000
23218 -399.0000000000
23247 -398.0000000000
23265 -395.0000000000
23341 -393.0000000000
23407 -392.0000000000
23422 -391.0000000000
23468 -390.0000000000
23485 -389.0000000000
23500 -387.0000000000
23549 -386.0000000000
23639 -385.0000000000
23696 -383.0000000000
23756 -381.0000000000
23804 -380.0000000000
23829 -379.0000000000
23885 -378.0000000000
23968 -377.0000000000
24025 -376.0000000000
24042 -375.0000000000
24061 -374.0000000000
24102 -373.0000000000
24104 -371.0000000000
24241 -370.0000000000
24264 -368.0000000000
24340 -367.0000000000
24365 -366.0000000000
24396 -364.0000000000
24432 -363.0000000000
24532 -362.0000000000
24554 -361.0000000000
24613 -360.0000000000
24614 -358.0000000000
24674 -357.0000000000
24682 -356.0000000000
24729 -355.0000000000
24783 -353.0000000000
24823 -351.0000000000
24895 -349.0000000000
24942 -347.0000000000
25041 -346.0000000000
25100 -345.0000000000
25106 -344.0000000000
25150 -343.0000000000
25176 -342.0000000000
25237 -341.0000000000
25242 -340.0000000000
25287 -338.0000000000
25351 -336.0000000000
25383 -335.0000000000
25421 -334.0000000000
25485 -333.0000000000
25495 -332.0000000000
25561 -331.0000000000
25589 -330.0000000000
25639 -329.0000000000
25676 -328.0000000000
25723 -327.0000000000
25752 -326.0000000000
25783 -325.0000000000
25841 -324.0000000000
25864 -323.0000000000
25901 -322.0000000000
25903 -320.0000000000
26025 -319.0000000000
26072 -318.0000000000
26104 -317.0000000000
26163 -316.0000000000
26172 -315.0000000000
26221 -314.0000000000
26250 -313.0000000000
26265 -312.0000000000
26274 -311.0000000000
26323 -310.0000000000
26358 -307.0000000000
26426 -306.0000000000
26455 -305.0000000000
26494 -304.0000000000
26514 -303.0000000000
26555 -302.0000000000
26567 -301.0000000000
26630 -300.0000000000
26633 -299.0000000000
26681 -298.0000000000
26765 -297.0000000000
26766 -296.0000000000
26850 -294.0000000000
26910 -293.0000000000
26942 -292.0000000000
26955 -291.0000000000
26977 -290.0000000000
27036 -289.0000000000
27051 -288.0000000000
27083 -287.0000000000
27114 -286.0000000000
27182 -284.0000000000
27243 -283.0000000000
27263 -282.0000000000
27340 -281.0000000000
27375 -280.0000000000
27403 -279.0000000000
27442 -278.0000000000
27534 -277.0000000000
27538 -276.0000000000
27613 -275.0000000000
27696 -274.0000000000
27785 -272.0000000000
27876 -271.0000000000
28012 -270.0000000000
28023 -269.0000000000
28136 -268.0000000000
28165 -267.0000000000
28263 -265.0000000000
28324 -264.0000000000
28339 -263.0000000000
28392 -262.0000000000
28428 -261.0000000000
28483 -259.0000000000
28604 -256.0000000000
28684 -255.0000000000
28711 -254.0000000000
28759 -253.0000000000
28824 -252.0000000000
28852 -251.0000000000
28868 -250.0000000000
28952 -249.0000000000
28955 -247.0000000000
29036 -246.0000000000
29061 -243.0000000000
29092 -241.0000000000
29200 -240.0000000000
29241 -239.0000000000
29315 -238.0000000000
29354 -237.0000000000
29387 -236.0000000000
29447 -235.0000000000
29489 -234.0000000000
29557 -233.0000000000
29596 -232.0000000000
29719 -229.0000000000
29801 -228.0000000000
29850 -227.0000000000
29854 -226.0000000000
29951 -225.0000000000
29979 -224.0000000000
29991 -223.0000000000
30068 -222.0000000000
30095 -221.0000000000
30138 -220.0000000000
30184 -219.0000000000
30267 -218.0000000000
30287 -217.0000000000
30290 -216.0000000000
30365 -215.0000000000
30451 -214.0000000000
30585 -213.0000000000
30601 -211.0000000000
30635 -210.0000000000
30709 -209.0000000000
30738 -206.0000000000
30843 -205.0000000000
30879 -204.0000000000
30913 -201.0000000000
30999 -200.0000000000
31106 -199.0000000000
31123 -198.0000000000
31155 -197.0000000000
31243 -196.0000000000
31275 -195.0000000000
31323 -194.0000000000
31415 -193.0000000000
31460 -192.0000000000
31490 -191.0000000000
31533 -190.0000000000
31684 -188.0000000000
31753 -187.0000000000
31853 -186.0000000000
31865 -185.0000000000
31870 -183.0000000000
31942 -182.0000000000
31993 -181.0000000000
32067 -180.0000000000
32072 -179.0000000000
32141 -178.0000000000
32195 -177.0000000000
32221 -175.0000000000
32269 -173.0000000000
32327 -172.0000000000
32397 -171.0000000000
32424 -170.0000000000
32464 -169.0000000000
32502 -167.0000000000
32589 -166.0000000000
32667 -165.0000000000
32669 -164.0000000000
32753 -163.0000000000
32824 -162.0000000000
32860 -160.0000000000
32930 -159.0000000000
32964 -158.0000000000
33058 -157.0000000000
33093 -156.0000000000
33110 -155.0000000000
33125 -154.0000000000
33188 -153.0000000000
33260 -152.0000000000
33271 -151.0000000000
33368 -150.0000000000
33494 -149.0000000000
33508 -148.0000000000
33648 -146.0000000000
33662 -145.0000000000
33821 -144.0000000000
33845 -142.0000000000
33943 -140.0000000000
34073 -139.0000000000
34160 -138.0000000000
34302 -137.0000000000
34395 -136.0000000000
34465 -134.0000000000
34566 -132.0000000000
34660 -131.0000000000
34690 -130.0000000000
34786 -129.0000000000
34862 -128.0000000000
34876 -127.0000000000
34962 -125.0000000000
35030 -124.0000000000
35095 -122.0000000000
35181 -121.0000000000
35234 -120.0000000000
35338 -119.0000000000
35347 -118.0000000000
35489 -117.0000000000
35546 -116.0000000000
35641 -115.0000000000
35776 -114.0000000000
35868 -113.0000000000
35904 -112.0000000000
36021 -111.0000000000
36161 -110.0000000000
36207 -109.0000000000
36307 -108.0000000000
36327 -107.0000000000
36397 -106.0000000000
36422 -105.0000000000
36501 -104.0000000000
36551 -103.0000000000
36661 -101.0000000000
36737 -100.0000000000
36804 -99.0000000000
36901 -97.0000000000
36965 -96.0000000000
37066 -95.0000000000
37186 -94.0000000000
37303 -93.0000000000
37398 -92.0000000000
37416 -91.0000000000
37547 -90.0000000000
37646 -87.0000000000
37755 -86.0000000000
37795 -85.0000000000
37913 -84.0000000000
37949 -83.0000000000
38013 -82.0000000000
38141 -81.0000000000
38159 -80.0000000000
38180 -79.0000000000
38331 -78.0000000000
38471 -77.0000000000
38518 -76.0000000000
38641 -75.0000000000
38685 -74.0000000000
38769 -73.0000000000
38847 -72.0000000000
38946 -71.0000000000
38963 -69.0000000000
39041 -68.0000000000
39114 -67.0000000000
39158 -66.0000000000
39180 -65.0000000000
39238 -64.0000000000
39266 -63.0000000000
39335 -62.0000000000
39407 -61.0000000000
39473 -60.0000000000
39505 -59.0000000000
39560 -58.0000000000
39626 -57.0000000000
39663 -56.0000000000
39682 -55.0000000000
39746 -54.0000000000
39806 -53.0000000000
39865 -52.0000000000
39955 -51.0000000000
40016 -50.0000000000
40166 -49.0000000000
40174 -48.0000000000
40287 -47.0000000000
40469 -46.0000000000
40522 -45.0000000000
40607 -44.0000000000
40713 -42.0000000000
41172 -41.0000000000
41287 -40.0000000000
41442 -39.0000000000
41723 -38.0000000000
41947 -37.0000000000
42069 -36.0000000000
42123 -35.0000000000
42301 -34.0000000000
42509 -33.0000000000
42674 -32.0000000000
42761 -31.0000000000
42821 -30.0000000000
42887 -29.0000000000
43000 -28.0000000000
43039 -27.0000000000
43133 -26.0000000000
43175 -25.0000000000
43272 -24.0000000000
43391 -23.0000000000
43613 -22.0000000000
43694 -21.0000000000
43702 -20.0000000000
43983 -19.0000000000
44102 -18.0000000000
44130 -17.0000000000
44255 -15.0000000000
44547 -14.0000000000
44835 -13.0000000000
44917 -12.0000000000
44999 -11.0000000000
45080 -10.0000000000
45118 -9.0000000000
45207 -8.0000000000
45291 -7.0000000000
45497 -6.0000000000
45780 -5.0000000000
45942 -4.0000000000
46087 -3.0000000000
46469 -2.0000000000
47001 -1.0000000000
48064 428.0300000000
48169 440.4900000000
48286 440.7600000000
48322 451.6100000000
48724 452.6200000000
48777 455.2300000000
49996 461.4200000000
50755 464.4800000000
51812 469.9300000000
54740 471.5900000000
54842 489.5900000000
55207 497.8700000000
55223 504.4500000000
55259 511.3600000000
55355 513.5600000000
55362 514.6000000000
55530 516.4600000000
55651 517.4500000000
55803 620.1400000000
56065 621.8400000000
56079 631.0800000000
56184 632.4900000000
56307 633.8600000000
56450 634.4300000000
56714 638.0000000000
56850 640.1400000000
57046 641.0900000000
57130 644.7700000000
57605 646.5600000000
57801 646.7100000000
58236 654.3400000000
58341 664.3000000000
64697 672.7300000000
65132 760.0000000000
65320 765.0900000000
65390 765.8700000000
65453 772.5000000000
65671 775.4400000000
65789 785.8200000000
68839 852.5700000000
68869 863.1200000000
69055 874.3600000000
69220 874.5000000000
69233 875.8800000000
69323 876.3600000000
70114 879.0200000000
70160 887.7000000000
77518 887.7500000000
78016 888.6400000000
80902 892.7500000000
86304 897.1700000000
86701 898.2900000000
86986 901.0300000000
87027 906.6500000000
87271 911.3500000000
88043 912.0300000000
91617 916.4700000000
92989 916.5800000000
98196 916.7300000000
99784 917.1800000000
100000 877.3000000000
evaluations raw_y
1 -2033.0000000000
2 -2014.0000000000
4 -1919.0000000000
18 -1918.0000000000
65 -1909.0000000000
74 -1907.0000000000
94 -1900.0000000000
95 -1882.0000000000
96 -1873.0000000000
113 -1859.0000000000
151 -1858.0000000000
152 -1856.0000000000
154 -1848.0000000000
162 -1832.0000000000
191 -1828.0000000000
212 -1818.0000000000
237 -1808.0000000000
242 -1806.0000000000
243 -1796.0000000000
271 -1784.0000000000
287 -1783.0000000000
297 -1775.0000000000
316 -1755.0000000000
345 -1752.0000000000
366 -1726.0000000000
427 -1724.0000000000
434 -1708.0000000000
465 -1703.0000000000
470 -1697.0000000000
486 -1696.0000000000
489 -1689.0000000000
496 -1687.0000000000
510 -1681.0000000000
518 -1680.0000000000
521 -1659.0000000000
550 -1656.0000000000
574 -1655.0000000000
590 -1652.0000000000
606 -1642.0000000000
612 -1641.0000000000
621 -1639.0000000000
628 -1638.0000000000
632 -1637.0000000000
644 -1632.0000000000
649 -1618.0000000000
686 -1597.0000000000
757 -1591.0000000000
781 -1586.0000000000
782 -1581.0000000000
840 -1580.0000000000
842 -1574.0000000000
847 -1570.0000000000
856 -1569.0000000000
870 -1566.0000000000
881 -1561.0000000000
904 -1553.0000000000
929 -1552.0000000000
942 -1547.0000000000
966 -1545.0000000000
989 -1541.0000000000
1001 -1535.0000000000
1025 -1532.0000000000
1026 -1530.0000000000
1046 -1528.0000000000
1065 -1523.0000000000
1083 -1521.0000000000
1087 -1520.0000000000
1126 -1518.0000000000
1132 -1516.0000000000
1141 -1514.0000000000
1142 -1513.0000000000
1163 -1511.0000000000
1174 -1510.0000000000
1180 -1508.0000000000
1198 -1506.0000000000
1202 -1502.0000000000
1217 -1501.0000000000
1221 -1496.0000000000
1260 -1495.0000000000
1284 -1494.0000000000
1304 -1493.0000000000
1311 -1492.0000000000
1329 -1489.0000000000
1364 -1485.0000000000
1394 -1484.0000000000
1406 -1481.0000000000
1435 -1480.0000000000
1441 -1477.0000000000
1491 -1471.0000000000
1509 -1470.0000000000
1533 -1467.0000000000
1552 -1465.0000000000
1575 -1463.0000000000
1606 -1461.0000000000
1625 -1460.0000000000
1647 -1456.0000000000
1666 -1455.0000000000
1682 -1453.0000000000
1696 -1445.0000000000
1761 -1443.0000000000
1786 -1441.0000000000
1804 -1440.0000000000
1822 -1437.0000000000
1858 -1436.0000000000
1883 -1435.0000000000
1889 -1432.0000000000
1898 -1431.0000000000
1907 -1430.0000000000
1923 -1426.0000000000
1998 -1425.0000000000
2016 -1424.0000000000
2028 -1420.0000000000
2079 -1419.0000000000
2083 -1418.0000000000
2101 -1417.0000000000
2110 -1414.0000000000
2151 -1411.0000000000
2183 -1408.0000000000
2244 -1405.0000000000
2302 -1404.0000000000
2309 -1402.0000000000
2331 -1400.0000000000
2346 -1398.0000000000
2381 -1397.0000000000
2404 -1396.0000000000
2412 -1392.0000000000
2464 -1390.0000000000
2506 -1386.0000000000
2537 -1384.0000000000
2581 -1383.0000000000
2595 -1382.0000000000
2622 -1381.0000000000
2640 -1379.0000000000
2701 -1378.0000000000
2704 -1377.0000000000
2736 -1376.0000000000
2738 -1375.0000000000
2754 -1374.0000000000
2784 -1373.0000000000
2788 -1372.0000000000
2807 -1371.0000000000
2822 -1370.0000000000
2842 -1366.0000000000
2891 -1362.0000000000
2935 -1361.0000000000
2960 -1357.0000000000
2970 -1356.0000000000
3008 -1355.0000000000
3041 -1353.0000000000
3053 -1352.0000000000
3066 -1347.0000000000
3088 -1346.0000000000
3170 -1345.0000000000
3177 -1344.0000000000
3179 -1343.0000000000
3202 -1341.0000000000
3237 -1340.0000000000
3244 -1338.0000000000
3269 -1336.0000000000
3298 -1334.0000000000
3326 -1332.0000000000
3330 -1329.0000000000
3377 -1328.0000000000
3386 -1325.0000000000
3402 -1323.0000000000
3422 -1321.0000000000
3426 -1319.0000000000
3445 -1317.0000000000
3461 -1316.0000000000
3523 -1314.0000000000
3546 -1313.0000000000
3562 -1312.0000000000
3575 -1311.0000000000
3599 -1309.0000000000
3606 -1308.0000000000
3626 -1306.0000000000
3663 -1304.0000000000
3694 -1300.0000000000
3751 -1299.0000000000
3784 -1298.0000000000
3785 -1297.0000000000
3809 -1295.0000000000
3833 -1293.0000000000
3845 -1292.0000000000
3893 -1291.0000000000
3904 -1290.0000000000
3946 -1289.0000000000
3949 -1286.0000000000
4006 -1284.0000000000
4031 -1283.0000000000
4036 -1282.0000000000
4049 -1281.0000000000
4112 -1280.0000000000
4116 -1277.0000000000
4130 -1275.0000000000
4173 -1274.0000000000
4203 -1273.0000000000
4207 -1272.0000000000
4230 -1270.0000000000
4261 -1269.0000000000
4288 -1268.0000000000
4298 -1267.0000000000
4311 -1266.0000000000
4321 -1265.0000000000
4341 -1262.0000000000
4390 -1260.0000000000
4450 -1257.0000000000
4498 -1256.0000000000
4524 -1255.0000000000
4529 -1254.0000000000
4565 -1252.0000000000
4568 -1251.0000000000
4622 -1249.0000000000
4646 -1248.0000000000
4662 -1244.0000000000
4682 -1243.0000000000
4712 -1242.0000000000
4722 -1240.0000000000
4761 -1239.0000000000
4763 -1238.0000000000
4781 -1236.0000000000
4835 -1234.0000000000
4853 -1233.0000000000
4889 -1230.0000000000
4949 -1229.0000000000
4969 -1228.0000000000
4982 -1227.0000000000
5003 -1226.0000000000
5022 -1225.0000000000
5051 -1223.0000000000
5066 -1222.0000000000
5098 -1220.0000000000
5101 -1219.0000000000
5166 -1218.0000000000
5178 -1216.0000000000
5185 -1215.0000000000
5204 -1214.0000000000
5237 -1213.0000000000
5254 -1211.0000000000
5292 -1210.0000000000
5296 -1209.0000000000
5302 -1208.0000000000
5343 -1207.0000000000
5347 -1205.0000000000
5384 -1204.0000000000
5405 -1202.0000000000
5413 -1201.0000000000
5454 -1200.0000000000
5482 -1199.0000000000
5519 -1197.0000000000
5580 -1195.0000000000
5584 -1193.0000000000
5605 -1192.0000000000
5624 -1185.0000000000
5692 -1183.0000000000
5761 -1182.0000000000
5785 -1178.0000000000
5804 -1177.0000000000
5824 -1176.0000000000
5834 -1175.0000000000
5856 -1174.0000000000
5861 -1173.0000000000
5914 -1172.0000000000
5963 -1171.0000000000
5967 -1170.0000000000
5978 -1168.0000000000
5995 -1165.0000000000
6026 -1164.0000000000
6064 -1163.0000000000
6071 -1162.0000000000
6103 -1160.0000000000
6146 -1159.0000000000
6166 -1158.0000000000
6168 -1157.0000000000
6186 -1154.0000000000
6226 -1150.0000000000
6271 -1149.0000000000
6293 -1148.0000000000
6322 -1146.0000000000
6362 -1145.0000000000
6392 -1143.0000000000
6411 -1142.0000000000
6454 -1141.0000000000
6459 -1140.0000000000
6479 -1138.0000000000
6481 -1137.0000000000
6531 -1136.0000000000
6568 -1134.0000000000
6570 -1132.0000000000
6592 -1131.0000000000
6630 -1130.0000000000
6685 -1129.0000000000
6710 -1127.0000000000
6725 -1125.0000000000
6790 -1123.0000000000
6816 -1120.0000000000
6845 -1118.0000000000
6892 -1116.0000000000
6922 -1115.0000000000
6941 -1114.0000000000
6953 -1113.0000000000
6962 -1111.0000000000
6993 -1110.0000000000
6994 -1109.0000000000
7026 -1108.0000000000
7047 -1105.0000000000
7063 -1103.0000000000
7124 -1101.0000000000
7156 -1100.0000000000
7164 -1099.0000000000
7179 -1098.0000000000
7196 -1095.0000000000
7221 -1093.0000000000
7262 -1092.0000000000
7301 -1091.0000000000
7309 -1090.0000000000
7322 -1088.0000000000
7343 -1085.0000000000
7407 -1083.0000000000
7449 -1082.0000000000
7470 -1077.0000000000
7525 -1076.0000000000
7543 -1075.0000000000
7591 -1074.0000000000
7611 -1072.0000000000
7621 -1071.0000000000
7626 -1070.0000000000
7666 -1067.0000000000
7713 -1065.0000000000
7743 -1064.0000000000
7813 -1063.0000000000
7826 -1061.0000000000
7864 -1060.0000000000
7873 -1058.0000000000
7885 -1056.0000000000
7951 -1053.0000000000
7976 -1049.0000000000
8006 -1048.0000000000
8025 -1047.0000000000
8043 -1046.0000000000
8093 -1045.0000000000
8108 -1044.0000000000
8131 -1042.0000000000
8158 -1040.0000000000
8192 -1038.0000000000
8203 -1037.0000000000
8229 -1036.0000000000
8234 -1035.0000000000
8261 -1031.0000000000
8327 -1029.0000000000
8337 -1028.0000000000
8341 -1027.0000000000
8376 -1026.0000000000
8398 -1025.0000000000
8425 -1022.0000000000
8447 -1021.0000000000
8462 -1019.0000000000
8492 -1018.0000000000
8506 -1016.0000000000
8524 -1015.0000000000
8560 -1014.0000000000
8607 -1013.0000000000
8616 -1012.0000000000
8665 -1010.0000000000
8689 -1008.0000000000
8749 -1007.0000000000
8755 -1004.0000000000
8830 -1002.0000000000
8849 -1000.0000000000
8899 -999.0000000000
8902 -997.0000000000
8934 -995.0000000000
8947 -994.0000000000
9012 -991.0000000000
9023 -990.0000000000
9061 -988.0000000000
9129 -987.0000000000
9182 -985.0000000000
9187 -983.0000000000
9221 -981.0000000000
9285 -979.0000000000
9311 -975.0000000000
9361 -972.0000000000
9409 -969.0000000000
9462 -967.0000000000
9505 -965.0000000000
9529 -964.0000000000
9570 -963.0000000000
9587 -962.0000000000
9597 -961.0000000000
9619 -960.0000000000
9634 -959.0000000000
9666 -957.0000000000
9689 -956.0000000000
9702 -954.0000000000
9787 -953.0000000000
9813 -952.0000000000
9814 -951.0000000000
9827 -950.0000000000
9850 -949.0000000000
9857 -947.0000000000
9869 -946.0000000000
9883 -945.0000000000
9911 -943.0000000000
9942 -941.0000000000
9993 -940.0000000000
10001 -939.0000000000
10009 -938.0000000000
10038 -937.0000000000
10095 -936.0000000000
10109 -933.0000000000
10159 -932.0000000000
10184 -930.0000000000
10216 -929.0000000000
10245 -928.0000000000
10265 -927.0000000000
10276 -926.0000000000
10303 -924.0000000000
10367 -923.0000000000
10401 -922.0000000000
10402 -921.0000000000
10428 -920.0000000000
10451 -918.0000000000
10467 -917.0000000000
10502 -913.0000000000
10547 -912.0000000000
10586 -910.0000000000
10594 -908.0000000000
10670 -907.0000000000
10684 -904.0000000000
10703 -903.0000000000
10763 -902.0000000000
10783 -901.0000000000
10794 -899.0000000000
10841 -897.0000000000
10903 -896.0000000000
10909 -895.0000000000
10932 -894.0000000000
10968 -893.0000000000
10997 -892.0000000000
11040 -891.0000000000
11062 -890.0000000000
11104 -888.0000000000
11133 -887.0000000000
11138 -886.0000000000
11150 -885.0000000000
11153 -882.0000000000
11180 -881.0000000000
11236 -878.0000000000
11291 -877.0000000000
11305 -876.0000000000
11313 -875.0000000000
11356 -874.0000000000
11384 -873.0000000000
11413 -872.0000000000
11444 -870.0000000000
11482 -868.0000000000
11515 -867.0000000000
11516 -866.0000000000
11537 -864.0000000000
11576 -862.0000000000
11605 -861.0000000000
11658 -859.0000000000
11714 -858.0000000000
11739 -857.0000000000
11756 -854.0000000000
11798 -852.0000000000
11871 -849.0000000000
11916 -848.0000000000
11941 -847.0000000000
11964 -845.0000000000
12003 -843.0000000000
12051 -842.0000000000
12096 -841.0000000000
12105 -840.0000000000
12134 -838.0000000000
12145 -837.0000000000
12197 -836.0000000000
12232 -835.0000000000
12251 -833.0000000000
12321 -831.0000000000
12346 -830.0000000000
12391 -829.0000000000
12416 -828.0000000000
12417 -827.0000000000
12429 -826.0000000000
12486 -825.0000000000
12522 -824.0000000000
12537 -822.0000000000
12578 -820.0000000000
12609 -819.0000000000
12640 -818.0000000000
12668 -817.0000000000
12682 -814.0000000000
12756 -813.0000000000
12762 -812.0000000000
12783 -810.0000000000
12821 -809.0000000000
12849 -808.0000000000
12900 -807.0000000000
12916 -806.0000000000
12937 -804.0000000000
12956 -803.0000000000
13024 -801.0000000000
13061 -800.0000000000
13070 -799.0000000000
13095 -795.0000000000
13159 -793.0000000000
13221 -792.0000000000
13240 -788.0000000000
13321 -787.0000000000
13359 -785.0000000000
13388 -784.0000000000
13424 -780.0000000000
13454 -779.0000000000
13480 -778.0000000000
13519 -774.0000000000
13565 -773.0000000000
13615 -771.0000000000
13691 -770.0000000000
13704 -769.0000000000
13752 -768.0000000000
13785 -767.0000000000
13814 -766.0000000000
13830 -765.0000000000
13841 -764.0000000000
13842 -762.0000000000
13925 -761.0000000000
13944 -759.0000000000
13968 -756.0000000000
14016 -755.0000000000
14056 -752.0000000000
14096 -750.0000000000
14172 -749.0000000000
14176 -747.0000000000
14222 -745.0000000000
14247 -743.0000000000
14291 -741.0000000000
14314 -739.0000000000
14324 -737.0000000000
14392 -736.0000000000
14412 -735.0000000000
14435 -734.0000000000
14455 -733.0000000000
14466 -732.0000000000
14496 -731.0000000000
14511 -729.0000000000
14539 -728.0000000000
14572 -725.0000000000
14613 -724.0000000000
14623 -723.0000000000
14634 -721.0000000000
14662 -720.0000000000
14682 -718.0000000000
14724 -715.0000000000
14804 -714.0000000000
14826 -713.0000000000
14834 -712.0000000000
14861 -711.0000000000
14900 -710.0000000000
14909 -707.0000000000
14964 -706.0000000000
14985 -701.0000000000
15068 -698.0000000000
15125 -697.0000000000
15171 -696.0000000000
15173 -695.0000000000
15208 -691.0000000000
15290 -690.0000000000
15308 -689.0000000000
15324 -688.0000000000
15350 -687.0000000000
15375 -685.0000000000
15413 -683.0000000000
15442 -682.0000000000
15448 -681.0000000000
15451 -679.0000000000
15521 -678.0000000000
15527 -677.0000000000
15545 -675.0000000000
15587 -674.0000000000
15623 -673.0000000000
15632 -672.0000000000
15646 -671.0000000000
15662 -670.0000000000
15667 -669.0000000000
15717 -667.0000000000
15785 -665.0000000000
15787 -663.0000000000
15849 -662.0000000000
15884 -660.0000000000
15903 -659.0000000000
15938 -658.0000000000
15971 -655.0000000000
16019 -653.0000000000
16100 -652.0000000000
16119 -651.0000000000
16164 -650.0000000000
16202 -648.0000000000
16216 -647.0000000000
16265 -645.0000000000
16281 -644.0000000000
16329 -643.0000000000
16364 -642.0000000000
16388 -640.0000000000
16430 -639.0000000000
16466 -638.0000000000
16468 -637.0000000000
16510 -636.0000000000
16511 -635.0000000000
16544 -631.0000000000
16650 -630.0000000000
16653 -629.0000000000
16695 -627.0000000000
16722 -624.0000000000
16744 -623.0000000000
16777 -622.0000000000
16807 -620.0000000000
16851 -618.0000000000
16925 -617.0000000000
16948 -616.0000000000
16985 -615.0000000000
17007 -614.0000000000
17009 -613.0000000000
17031 -612.0000000000
17052 -611.0000000000
17065 -610.0000000000
17084 -609.0000000000
17104 -607.0000000000
17161 -606.0000000000
17219 -605.0000000000
17247 -604.0000000000
17253 -603.0000000000
17264 -602.0000000000
17321 -599.0000000000
17396 -598.0000000000
17399 -597.0000000000
17434 -595.0000000000
17473 -594.0000000000
17497 -593.0000000000
17504 -591.0000000000
17585 -589.0000000000
17660 -587.0000000000
17736 -586.0000000000
17738 -584.0000000000
17765 -583.0000000000
17789 -582.0000000000
17830 -581.0000000000
17843 -580.0000000000
17881 -579.0000000000
17927 -577.0000000000
17994 -576.0000000000
18011 -574.0000000000
18051 -573.0000000000
18060 -572.0000000000
18067 -569.0000000000
18103 -568.0000000000
18167 -566.0000000000
18234 -565.0000000000
18243 -564.0000000000
18265 -563.0000000000
18302 -561.0000000000
18319 -560.0000000000
18343 -559.0000000000
18373 -558.0000000000
18380 -557.0000000000
18427 -556.0000000000
18442 -554.0000000000
18481 -553.0000000000
18497 -552.0000000000
18522 -551.0000000000
18531 -550.0000000000
18589 -549.0000000000
18651 -548.0000000000
18663 -547.0000000000
18684 -546.0000000000
18764 -545.0000000000
18769 -543.0000000000
18784 -542.0000000000
18849 -539.0000000000
18893 -538.0000000000
18904 -537.0000000000
18963 -536.0000000000
18973 -535.0000000000
18991 -534.0000000000
19027 -532.0000000000
19073 -531.0000000000
19118 -530.0000000000
19201 -528.0000000000
19253 -527.0000000000
19280 -526.0000000000
19326 -525.0000000000
19364 -524.0000000000
19376 -522.0000000000
19406 -521.0000000000
19410 -519.0000000000
19493 -518.0000000000
19566 -515.0000000000
19662 -514.0000000000
19679 -513.0000000000
19744 -512.0000000000
19746 -511.0000000000
19753 -509.0000000000
19796 -508.0000000000
19822 -507.0000000000
19895 -505.0000000000
19929 -504.0000000000
19961 -503.0000000000
20008 -501.0000000000
20042 -500.0000000000
20078 -499.0000000000
20117 -498.0000000000
20139 -497.0000000000
20173 -496.0000000000
20192 -495.0000000000
20202 -491.0000000000
20343 -490.0000000000
20355 -489.0000000000
20401 -488.0000000000
20444 -486.0000000000
20481 -485.0000000000
20486 -484.0000000000
20506 -483.0000000000
20589 -482.0000000000
20634 -481.0000000000
20689 -479.0000000000
20732 -478.0000000000
20798 -476.0000000000
20828 -475.0000000000
20874 -474.0000000000
20896 -473.0000000000
20897 -472.0000000000
20976 -468.0000000000
21030 -467.0000000000
21034 -466.0000000000
21065 -464.0000000000
21147 -463.0000000000
21163 -462.0000000000
21178 -461.0000000000
21263 -460.0000000000
21313 -459.0000000000
21332 -458.0000000000
21364 -457.0000000000
21401 -456.0000000000
21434 -455.0000000000
21514 -453.0000000000
21660 -452.0000000000
21712 -451.0000000000
21722 -450.0000000000
21747 -448.0000000000
21855 -446.0000000000
21911 -445.0000000000
21927 -442.0000000000
22019 -441.0000000000
22087 -440.0000000000
22104 -439.0000000000
22179 -438.0000000000
22232 -437.0000000000
22261 -436.0000000000
22301 -435.0000000000
22342 -433.0000000000
22361 -432.0000000000
22390 -431.0000000000
22466 -430.0000000000
22472 -429.0000000000
22503 -428.0000000000
22529 -427.0000000000
22542 -425.0000000000
22577 -424.0000000000
22682 -423.0000000000
22730 -422.0000000000
22790 -421.0000000000
22804 -420.0000000000
22839 -419.0000000000
22863 -418.0000000000
22931 -417.0000000000
22945 -415.0000000000
22980 -414.0000000000
23061 -413.0000000000
23096 -412.0000000000
23158 -411.0000000000
23185 -410.0000000000
23227 -408.0000000000
23275 -407.0000000000
23315 -406.0000000000
23339 -405.0000000000
23403 -403.0000000000
23424 -402.0000000000
23454 -401.0000000000
23482 -399.0000000000
23505 -398.0000000000
23547 -396.0000000000
23587 -395.0000000000
23649 -394.0000000000
23661 -393.0000000000
23666 -390.0000000000
23709 -389.0000000000
23807 -388.0000000000
23827 -387.0000000000
23853 -386.0000000000
23861 -385.0000000000
23940 -384.0000000000
23942 -383.0000000000
23993 -381.0000000000
24076 -379.0000000000
24095 -378.0000000000
24106 -377.0000000000
24192 -375.0000000000
24210 -374.0000000000
24282 -373.0000000000
24348 -372.0000000000
24420 -371.0000000000
24509 -369.0000000000
24586 -368.0000000000
24595 -367.0000000000
24683 -366.0000000000
24711 -365.0000000000
24735 -364.0000000000
24797 -363.0000000000
24864 -360.0000000000
24901 -359.0000000000
24981 -357.0000000000
25011 -356.0000000000
25043 -355.0000000000
25101 -354.0000000000
25111 -353.0000000000
25130 -352.0000000000
25146 -349.0000000000
25224 -347.0000000000
25259 -346.0000000000
25289 -345.0000000000
25326 -344.0000000000
25369 -343.0000000000
25464 -342.0000000000
25468 -341.0000000000
25545 -340.0000000000
25571 -339.0000000000
25598 -338.0000000000
25716 -337.0000000000
25723 -336.0000000000
25764 -335.0000000000
25805 -334.0000000000
25862 -333.0000000000
25938 -332.0000000000
25973 -331.0000000000
25985 -330.0000000000
26092 -329.0000000000
26101 -328.0000000000
26118 -327.0000000000
26188 -326.0000000000
26232 -325.0000000000
26269 -324.0000000000
26338 -323.0000000000
26381 -322.0000000000
26397 -321.0000000000
26408 -319.0000000000
26488 -318.0000000000
26527 -317.0000000000
26537 -316.0000000000
26563 -315.0000000000
26572 -313.0000000000
26605 -311.0000000000
26719 -310.0000000000
26734 -309.0000000000
26819 -307.0000000000
26838 -306.0000000000
26897 -305.0000000000
26922 -304.0000000000
26932 -303.0000000000
26996 -301.0000000000
27038 -300.0000000000
27111 -299.0000000000
27149 -298.0000000000
27184 -297.0000000000
27237 -295.0000000000
27273 -294.0000000000
27295 -293.0000000000
27385 -290.0000000000
27480 -289.0000000000
27541 -288.0000000000
27579 -287.0000000000
27627 -286.0000000000
27663 -285.0000000000
27727 -284.0000000000
27800 -283.0000000000
27836 -282.0000000000
27870 -281.0000000000
27919 -280.0000000000
27979 -279.0000000000
27998 -278.0000000000
28044 -277.0000000000
28122 -276.0000000000
28160 -275.0000000000
28252 -274.0000000000
28325 -272.0000000000
28365 -271.0000000000
28410 -270.0000000000
28465 -268.0000000000
28509 -267.0000000000
28591 -265.0000000000
28625 -263.0000000000
28698 -262.0000000000
28730 -261.0000000000
28762 -259.0000000000
28782 -258.0000000000
28854 -257.0000000000
28873 -255.0000000000
28925 -254.0000000000
28959 -252.0000000000
29049 -251.0000000000
29113 -249.0000000000
29211 -248.0000000000
29223 -247.0000000000
29273 -246.0000000000
29285 -245.0000000000
29334 -244.0000000000
29385 -243.0000000000
29425 -242.0000000000
29507 -241.0000000000
29523 -240.0000000000
29549 -239.0000000000
29593 -238.0000000000
29670 -237.0000000000
29737 -236.0000000000
29801 -235.0000000000
29810 -234.0000000000
29875 -233.0000000000
29885 -232.0000000000
29911 -231.0000000000
29995 -229.0000000000
30036 -228.0000000000
30069 -227.0000000000
30144 -226.0000000000
30170 -225.0000000000
30208 -224.0000000000
30293 -223.0000000000
30315 -222.0000000000
30351 -221.0000000000
30435 -220.0000000000
30464 -219.0000000000
30471 -218.0000000000
30514 -216.0000000000
30563 -215.0000000000
30668 -214.0000000000
30708 -213.0000000000
30766 -211.0000000000
30847 -210.0000000000
30915 -208.0000000000
30943 -207.0000000000
30990 -206.0000000000
31022 -204.0000000000
31101 -203.0000000000
31191 -202.0000000000
31233 -201.0000000000
31270 -200.0000000000
31359 -199.0000000000
31403 -198.0000000000
31431 -197.0000000000
31501 -196.0000000000
31516 -195.0000000000
31583 -193.0000000000
31651 -192.0000000000
31663 -191.0000000000
31722 -189.0000000000
31798 -188.0000000000
31829 -187.0000000000
31893 -185.0000000000
31958 -184.0000000000
32004 -183.0000000000
32041 -182.0000000000
32088 -180.0000000000
32102 -179.0000000000
32238 -178.0000000000
32301 -177.0000000000
32306 -175.0000000000
32423 -174.0000000000
32514 -173.0000000000
32584 -172.0000000000
32653 -171.0000000000
32717 -170.0000000000
32778 -169.0000000000
32818 -167.0000000000
32901 -166.0000000000
33026 -165.0000000000
33097 -164.0000000000
33174 -163.0000000000
33190 -162.0000000000
33266 -161.0000000000
33331 -160.0000000000
33343 -159.0000000000
33399 -158.0000000000
33483 -157.0000000000
33502 -154.0000000000
33610 -153.0000000000
33656 -152.0000000000
33757 -151.0000000000
33803 -150.0000000000
33869 -148.0000000000
33903 -147.0000000000
33981 -146.0000000000
34085 -145.0000000000
34120 -144.0000000000
34255 -143.0000000000
34380 -142.0000000000
34446 -141.0000000000
34556 -140.0000000000
34614 -139.0000000000
34668 -138.0000000000
34736 -137.0000000000
34809 -136.0000000000
34881 -135.0000000000
34982 -134.0000000000
35001 -133.0000000000
35031 -132.0000000000
35075 -131.0000000000
35122 -130.0000000000
35184 -129.0000000000
35267 -127.0000000000
35330 -126.0000000000
35368 -125.0000000000
35375 -124.0000000000
35454 -123.0000000000
35481 -122.0000000000
35578 -121.0000000000
35684 -120.0000000000
35711 -118.0000000000
35781 -117.0000000000
35866 -116.0000000000
35962 -115.0000000000
35981 -114.0000000000
36005 -113.0000000000
36109 -112.0000000000
36147 -111.0000000000
36222 -109.0000000000
36260 -108.0000000000
36321 -107.0000000000
36410 -105.0000000000
36503 -104.0000000000
36531 -103.0000000000
36600 -102.0000000000
36652 -101.0000000000
36773 -100.0000000000
36849 -99.0000000000
36912 -98.0000000000
37071 -96.0000000000
37221 -95.0000000000
37348 -94.0000000000
37467 -93.0000000000
37486 -92.0000000000
37582 -90.0000000000
37721 -89.0000000000
37728 -88.0000000000
37773 -87.0000000000
37824 -86.0000000000
37898 -85.0000000000
37927 -84.0000000000
38044 -83.0000000000
38097 -82.0000000000
38249 -81.0000000000
38302 -80.0000000000
38389 -79.0000000000
38419 -78.0000000000
38518 -77.0000000000
38794 -75.0000000000
38936 -74.0000000000
38951 -73.0000000000
39014 -72.0000000000
39101 -71.0000000000
39133 -70.0000000000
39175 -68.0000000000
39231 -67.0000000000
39299 -66.0000000000
39413 -65.0000000000
39475 -64.0000000000
39524 -63.0000000000
39543 -62.0000000000
39617 -60.0000000000
39684 -59.0000000000
39786 -58.0000000000
39818 -57.0000000000
40024 -56.0000000000
40133 -55.0000000000
40158 -54.0000000000
40269 -53.0000000000
40304 -52.0000000000
40497 -51.0000000000
40521 -50.0000000000
40663 -49.0000000000
40723 -48.0000000000
40843 -47.0000000000
41123 -46.0000000000
41244 -45.0000000000
41332 -44.0000000000
41461 -43.0000000000
41565 -42.0000000000
41650 -41.0000000000
41761 -40.0000000000
41778 -39.0000000000
41834 -38.0000000000
41851 -37.0000000000
41902 -36.0000000000
41979 -35.0000000000
42017 -34.0000000000
42065 -33.0000000000
42152 -32.0000000000
42215 -30.0000000000
42378 -29.0000000000
42379 -28.0000000000
42531 -27.0000000000
42606 -25.0000000000
42811 -24.0000000000
42945 -23.0000000000
43006 -22.0000000000
43321 -21.0000000000
43616 -20.0000000000
44307 -19.0000000000
44507 -18.0000000000
44594 -17.0000000000
44699 -16.0000000000
44790 -15.0000000000
44804 -14.0000000000
45158 -13.0000000000
45313 -12.0000000000
45418 -11.0000000000
45542 -10.0000000000
45688 -9.0000000000
45849 -8.0000000000
45975 -7.0000000000
46161 -6.0000000000
46709 -5.0000000000
46796 -4.0000000000
46845 -3.0000000000
46959 -2.0000000000
47095 -1.0000000000
47318 306.1800000000
47333 323.8300000000
47370 325.1400000000
47383 343.5800000000
47431 353.4600000000
47551 369.0700000000
48082 383.2700000000
48206 385.0500000000
48397 391.5200000000
48818 393.5800000000
48905 395.8800000000
49257 399.7900000000
49334 405.2800000000
49456 406.4300000000
49607 407.6300000000
50047 409.7800000000
51109 489.0500000000
51163 496.0700000000
51256 519.4500000000
51548 521.0700000000
51626 524.1900000000
51857 529.8700000000
52025 534.2000000000
52618 540.2800000000
56916 542.1300000000
60668 548.6500000000
70739 551.7600000000
74354 552.4400000000
80393 644.8400000000
80855 667.1600000000
80942 668.0300000000
80968 679.4900000000
81131 679.5000000000
81291 686.0700000000
81536 687.5000000000
81800 689.5900000000
83376 690.5200000000
87369 698.9200000000
90215 701.0100000000
100000 -1.0000000000
evaluations raw_y
1 -1973.0000000000
5 -1939.0000000000
10 -1938.0000000000
13 -1909.0000000000
39 -1908.0000000000
41 -1906.0000000000
52 -1896.0000000000
85 -1872.0000000000
104 -1860.0000000000
125 -1852.0000000000
129 -1847.0000000000
145 -1830.0000000000
199 -1806.0000000000
219 -1770.0000000000
295 -1769.0000000000
319 -1767.0000000000
321 -1756.0000000000
330 -1749.0000000000
363 -1745.0000000000
364 -1738.0000000000
379 -1718.0000000000
413 -1699.0000000000
461 -1691.0000000000
482 -1686.0000000000
516 -1674.0000000000
542 -1671.0000000000
559 -1666.0000000000
563 -1659.0000000000
580 -1645.0000000000
605 -1641.0000000000
627 -1639.0000000000
641 -1634.0000000000
668 -1630.0000000000
683 -1627.0000000000
686 -1626.0000000000
688 -1620.0000000000
701 -1609.0000000000
743 -1602.0000000000
766 -1601.0000000000
783 -1595.0000000000
784 -1592.0000000000
805 -1587.0000000000
815 -1579.0000000000
822 -1577.0000000000
826 -1576.0000000000
848 -1572.0000000000
866 -1569.0000000000
886 -1566.0000000000
897 -1560.0000000000
923 -1549.0000000000
991 -1548.0000000000
1004 -1547.0000000000
1012 -1546.0000000000
1026 -1543.0000000000
1030 -1541.0000000000
1051 -1540.0000000000
1065 -1538.0000000000
1070 -1535.0000000000
1083 -1534.0000000000
1095 -1532.0000000000
1111 -1530.0000000000
1147 -1527.0000000000
1161 -1523.0000000000
1180 -1522.0000000000
1186 -1517.0000000000
1190 -1516.0000000000
1197 -1515.0000000000
1216 -1507.0000000000
1241 -1505.0000000000
1260 -1501.0000000000
1306 -1498.0000000000
1341 -1492.0000000000
1384 -1490.0000000000
1385 -1489.0000000000
1395 -1488.0000000000
1423 -1480.0000000000
1501 -1478.0000000000
1504 -1477.0000000000
1513 -1475.0000000000
1539 -1474.0000000000
1566 -1472.0000000000
1573 -1469.0000000000
1612 -1468.0000000000
1623 -1466.0000000000
1636 -1464.0000000000
1661 -1456.0000000000
1726 -1455.0000000000
1745 -1454.0000000000
1750 -1452.0000000000
1786 -1447.0000000000
1843 -1443.0000000000
1844 -1442.0000000000
1878 -1439.0000000000
1898 -1437.0000000000
1939 -1434.0000000000
1946 -1432.0000000000
1965 -1431.0000000000
2002 -1429.0000000000
2029 -1428.0000000000
2058 -1427.0000000000
2069 -1425.0000000000
2099 -1423.0000000000
2149 -1421.0000000000
2174 -1420.0000000000
2185 -1417.0000000000
2240 -1416.0000000000
2249 -1415.0000000000
2268 -1414.0000000000
2285 -1411.0000000000
2329 -1409.0000000000
2365 -1408.0000000000
2374 -1406.0000000000
2411 -1404.0000000000
2422 -1403.0000000000
2445 -1401.0000000000
2475 -1400.0000000000
2492 -1399.0000000000
2513 -1396.0000000000
2556 -1394.0000000000
2596 -1393.0000000000
2605 -1392.0000000000
2609 -1391.0000000000
2619 -1390.0000000000
2623 -1388.0000000000
2669 -1387.0000000000
2684 -1386.0000000000
2686 -1384.0000000000
2707 -1382.0000000000
2721 -1381.0000000000
2743 -1380.0000000000
2747 -1378.0000000000
2770 -1377.0000000000
2785 -1375.0000000000
2814 -1374.0000000000
2834 -1372.0000000000
2887 -1369.0000000000
2889 -1367.0000000000
2921 -1364.0000000000
2965 -1363.0000000000
2986 -1362.0000000000
3002 -1357.0000000000
3047 -1354.0000000000
3101 -1346.0000000000
3121 -1343.0000000000
3187 -1342.0000000000
3193 -1341.0000000000
3224 -1339.0000000000
3231 -1337.0000000000
3279 -1334.0000000000
3345 -1332.0000000000
3361 -1331.0000000000
3370 -1330.0000000000
3381 -1329.0000000000
3390 -1328.0000000000
3412 -1327.0000000000
3425 -1326.0000000000
3443 -1324.0000000000
3482 -1322.0000000000
3509 -1321.0000000000
3511 -1319.0000000000
3518 -1318.0000000000
3547 -1316.0000000000
3549 -1314.0000000000
3581 -1311.0000000000
3622 -1310.0000000000
3631 -1308.0000000000
3644 -1305.0000000000
3702 -1303.0000000000
3727 -1302.0000000000
3761 -1301.0000000000
3768 -1299.0000000000
3769 -1296.0000000000
3797 -1295.0000000000
3808 -1294.0000000000
3836 -1293.0000000000
3862 -1291.0000000000
3876 -1289.0000000000
3902 -1287.0000000000
3930 -1286.0000000000
3941 -1284.0000000000
3965 -1283.0000000000
3972 -1281.0000000000
4005 -1276.0000000000
4040 -1275.0000000000
4044 -1274.0000000000
4048 -1272.0000000000
4081 -1268.0000000000
4145 -1264.0000000000
4179 -1263.0000000000
4213 -1260.0000000000
4269 -1259.0000000000
4287 -1258.0000000000
4320 -1257.0000000000
4343 -1256.0000000000
4355 -1255.0000000000
4372 -1253.0000000000
4425 -1251.0000000000
4442 -1249.0000000000
4491 -1248.0000000000
4527 -1247.0000000000
4565 -1246.0000000000
4608 -1244.0000000000
4610 -1243.0000000000
4629 -1242.0000000000
4661 -1240.0000000000
4671 -1239.0000000000
4684 -1238.0000000000
4703 -1237.0000000000
4714 -1235.0000000000
4754 -1233.0000000000
4794 -1232.0000000000
4812 -1230.0000000000
4865 -1225.0000000000
4922 -1224.0000000000
4961 -1220.0000000000
5001 -1219.0000000000
5028 -1217.0000000000
5068 -1215.0000000000
5084 -1214.0000000000
5101 -1211.0000000000
5165 -1210.0000000000
5176 -1209.0000000000
5185 -1208.0000000000
5201 -1207.0000000000
5232 -1205.0000000000
5250 -1204.0000000000
5261 -1203.0000000000
5282 -1199.0000000000
5316 -1196.0000000000
5343 -1189.0000000000
5436 -1188.0000000000
5471 -1187.0000000000
5482 -1186.0000000000
5514 -1185.0000000000
5527 -1184.0000000000
5571 -1183.0000000000
5587 -1182.0000000000
5601 -1181.0000000000
5634 -1177.0000000000
5698 -1175.0000000000
5747 -1173.0000000000
5764 -1171.0000000000
5801 -1170.0000000000
5824 -1168.0000000000
5866 -1167.0000000000
5908 -1166.0000000000
5914 -1165.0000000000
5944 -1163.0000000000
5990 -1161.0000000000
6022 -1160.0000000000
6029 -1158.0000000000
6091 -1156.0000000000
6103 -1155.0000000000
6135 -1154.0000000000
6145 -1153.0000000000
6161 -1152.0000000000
6165 -1151.0000000000
6181 -1150.0000000000
6182 -1147.0000000000
6244 -1145.0000000000
6284 -1144.0000000000
6296 -1143.0000000000
6302 -1141.0000000000
6304 -1140.0000000000
6340 -1138.0000000000
6352 -1137.0000000000
6374 -1136.0000000000
6376 -1134.0000000000
6445 -1132.0000000000
6468 -1131.0000000000
6497 -1129.0000000000
6523 -1127.0000000000
6543 -1126.0000000000
6578 -1125.0000000000
6587 -1122.0000000000
6610 -1120.0000000000
6623 -1119.0000000000
6655 -1118.0000000000
6657 -1116.0000000000
6675 -1114.0000000000
6692 -1113.0000000000
6741 -1109.0000000000
6770 -1106.0000000000
6824 -1105.0000000000
6828 -1104.0000000000
6842 -1102.0000000000
6882 -1101.0000000000
6929 -1099.0000000000
6970 -1098.0000000000
6989 -1097.0000000000
7033 -1096.0000000000
7039 -1095.0000000000
7048 -1093.0000000000
7101 -1092.0000000000
7115 -1091.0000000000
7122 -1090.0000000000
7143 -1088.0000000000
7165 -1087.0000000000
7168 -1086.0000000000
7213 -1083.0000000000
7272 -1082.0000000000
7276 -1081.0000000000
7305 -1080.0000000000
7308 -1075.0000000000
7426 -1072.0000000000
7446 -1071.0000000000
7465 -1070.0000000000
7474 -1069.0000000000
7480 -1068.0000000000
7521 -1067.0000000000
7536 -1065.0000000000
7545 -1063.0000000000
7594 -1062.0000000000
7607 -1059.0000000000
7621 -1058.0000000000
7629 -1057.0000000000
7674 -1055.0000000000
7696 -1053.0000000000
7734 -1052.0000000000
7766 -1051.0000000000
7770 -1050.0000000000
7785 -1049.0000000000
7801 -1048.0000000000
7858 -1047.0000000000
7885 -1045.0000000000
7901 -1044.0000000000
7907 -1043.0000000000
7949 -1042.0000000000
7964 -1041.0000000000
7969 -1040.0000000000
7996 -1038.0000000000
8030 -1037.0000000000
8062 -1035.0000000000
8067 -1033.0000000000
8150 -1031.0000000000
8202 -1030.0000000000
8208 -1029.0000000000
8230 -1027.0000000000
8260 -1026.0000000000
8279 -1024.0000000000
8321 -1022.0000000000
8369 -1021.0000000000
8372 -1020.0000000000
8401 -1018.0000000000
8450 -1016.0000000000
8499 -1014.0000000000
8522 -1013.0000000000
8545 -1011.0000000000
8579 -1010.0000000000
8604 -1008.0000000000
8621 -1007.0000000000
8644 -1006.0000000000
8646 -1005.0000000000
8676 -1004.0000000000
8703 -1002.0000000000
8743 -999.0000000000
8794 -998.0000000000
8815 -994.0000000000
8878 -990.0000000000
8902 -988.0000000000
8931 -985.0000000000
8982 -984.0000000000
8995 -983.0000000000
8998 -980.0000000000
9026 -978.0000000000
9068 -977.0000000000
9079 -976.0000000000
9111 -974.0000000000
9153 -971.0000000000
9184 -967.0000000000
9265 -966.0000000000
9267 -965.0000000000
9269 -964.0000000000
9324 -963.0000000000
9340 -962.0000000000
9355 -961.0000000000
9365 -959.0000000000
9412 -958.0000000000
9440 -957.0000000000
9455 -956.0000000000
9472 -955.0000000000
9481 -954.0000000000
9484 -953.0000000000
9516 -952.0000000000
9569 -949.0000000000
9605 -947.0000000000
9678 -946.0000000000
9692 -945.0000000000
9699 -943.0000000000
9740 -942.0000000000
9768 -941.0000000000
9789 -940.0000000000
9835 -939.0000000000
9843 -938.0000000000
9864 -937.0000000000
9866 -936.0000000000
9890 -934.0000000000
9925 -931.0000000000
9997 -930.0000000000
10023 -929.0000000000
10050 -928.0000000000
10053 -926.0000000000
10055 -925.0000000000
10061 -924.0000000000
10124 -922.0000000000
10178 -921.0000000000
10187 -920.0000000000
10241 -918.0000000000
10282 -916.0000000000
10293 -915.0000000000
10329 -913.0000000000
10346 -912.0000000000
10371 -911.0000000000
10395 -910.0000000000
10401 -909.0000000000
10426 -908.0000000000
10464 -907.0000000000
10476 -906.0000000000
10478 -905.0000000000
10503 -903.0000000000
10565 -901.0000000000
10574 -900.0000000000
10612 -899.0000000000
10615 -898.0000000000
10641 -895.0000000000
10694 -892.0000000000
10762 -891.0000000000
10782 -890.0000000000
10803 -887.0000000000
10828 -886.0000000000
10867 -884.0000000000
10920 -883.0000000000
10946 -882.0000000000
10964 -881.0000000000
10993 -879.0000000000
11037 -877.0000000000
11050 -875.0000000000
11087 -874.0000000000
11102 -873.0000000000
11165 -870.0000000000
11186 -869.0000000000
11246 -868.0000000000
11258 -867.0000000000
11273 -866.0000000000
11312 -864.0000000000
11367 -863.0000000000
11368 -862.0000000000
11412 -861.0000000000
11474 -860.0000000000
11484 -858.0000000000
11552 -857.0000000000
11554 -855.0000000000
11583 -854.0000000000
11610 -851.0000000000
11670 -850.0000000000
11674 -849.0000000000
11732 -847.0000000000
11739 -846.0000000000
11796 -844.0000000000
11821 -842.0000000000
11851 -841.0000000000
11867 -840.0000000000
11874 -837.0000000000
11926 -836.0000000000
11949 -835.0000000000
11982 -833.0000000000
11995 -832.0000000000
12038 -830.0000000000
12063 -829.0000000000
12082 -828.0000000000
12130 -827.0000000000
12150 -826.0000000000
12170 -825.0000000000
12204 -824.0000000000
12212 -822.0000000000
12224 -820.0000000000
12246 -819.0000000000
12279 -816.0000000000
12298 -815.0000000000
12357 -814.0000000000
12378 -813.0000000000
12419 -812.0000000000
12422 -811.0000000000
12441 -810.0000000000
12464 -807.0000000000
12468 -806.0000000000
12477 -804.0000000000
12503 -800.0000000000
12579 -799.0000000000
12632 -798.0000000000
12662 -796.0000000000
12719 -793.0000000000
12748 -792.0000000000
12771 -791.0000000000
12803 -790.0000000000
12805 -788.0000000000
12840 -786.0000000000
12856 -785.0000000000
12886 -784.0000000000
12893 -783.0000000000
12905 -782.0000000000
12922 -781.0000000000
12965 -780.0000000000
12972 -779.0000000000
12992 -777.0000000000
13005 -776.0000000000
13026 -775.0000000000
13077 -774.0000000000
13099 -773.0000000000
13140 -772.0000000000
13148 -771.0000000000
13161 -770.0000000000
13201 -769.0000000000
13226 -768.0000000000
13228 -767.0000000000
13245 -766.0000000000
13253 -765.0000000000
13263 -764.0000000000
13292 -762.0000000000
13360 -759.0000000000
13398 -758.0000000000
13429 -755.0000000000
13467 -754.0000000000
13469 -753.0000000000
13489 -752.0000000000
13503 -751.0000000000
13542 -750.0000000000
13573 -748.0000000000
13589 -747.0000000000
13596 -746.0000000000
13624 -745.0000000000
13641 -744.0000000000
13664 -741.0000000000
13681 -740.0000000000
13705 -739.0000000000
13771 -738.0000000000
13773 -737.0000000000
13788 -736.0000000000
13797 -734.0000000000
13804 -733.0000000000
13842 -732.0000000000
13875 -731.0000000000
13886 -730.0000000000
13914 -729.0000000000
13950 -728.0000000000
13974 -727.0000000000
14014 -726.0000000000
14061 -724.0000000000
14087 -723.0000000000
14107 -722.0000000000
14124 -721.0000000000
14171 -720.0000000000
14187 -718.0000000000
14228 -714.0000000000
14241 -712.0000000000
14318 -709.0000000000
14364 -708.0000000000
14370 -707.0000000000
14400 -706.0000000000
14406 -705.0000000000
14448 -704.0000000000
14481 -703.0000000000
14491 -701.0000000000
14526 -698.0000000000
14546 -697.0000000000
14616 -695.0000000000
14643 -693.0000000000
14704 -691.0000000000
14733 -688.0000000000
14797 -687.0000000000
14803 -686.0000000000
14815 -685.0000000000
14865 -684.0000000000
14892 -683.0000000000
14903 -681.0000000000
14946 -679.0000000000
14979 -678.0000000000
15007 -677.0000000000
15033 -676.0000000000
15085 -675.0000000000
15113 -674.0000000000
15127 -673.0000000000
15184 -672.0000000000
15193 -671.0000000000
15233 -670.0000000000
15252 -667.0000000000
15336 -666.0000000000
15337 -664.0000000000
15388 -663.0000000000
15425 -662.0000000000
15463 -661.0000000000
15471 -660.0000000000
15503 -659.0000000000
15516 -658.0000000000
15562 -656.0000000000
15586 -654.0000000000
15624 -653.0000000000
15643 -652.0000000000
15675 -650.0000000000
15697 -648.0000000000
15762 -647.0000000000
15764 -644.0000000000
15827 -643.0000000000
15902 -642.0000000000
15923 -641.0000000000
15960 -638.0000000000
16032 -636.0000000000
16077 -635.0000000000
16081 -634.0000000000
16130 -632.0000000000
16158 -631.0000000000
16190 -630.0000000000
16230 -629.0000000000
16232 -628.0000000000
16266 -626.0000000000
16330 -625.0000000000
16369 -622.0000000000
16384 -620.0000000000
16450 -619.0000000000
16507 -617.0000000000
16538 -616.0000000000
16559 -614.0000000000
16655 -612.0000000000
16723 -610.0000000000
16752 -609.0000000000
16780 -608.0000000000
16803 -607.0000000000
16866 -604.0000000000
16905 -603.0000000000
16965 -602.0000000000
17004 -601.0000000000
17009 -600.0000000000
17033 -598.0000000000
17067 -597.0000000000
17098 -595.0000000000
17103 -594.0000000000
17163 -590.0000000000
17275 -587.0000000000
17355 -585.0000000000
17374 -584.0000000000
17439 -583.0000000000
17463 -582.0000000000
17492 -580.0000000000
17532 -579.0000000000
17572 -578.0000000000
17619 -577.0000000000
17651 -576.0000000000
17666 -575.0000000000
17668 -573.0000000000
17707 -572.0000000000
17748 -571.0000000000
17801 -570.0000000000
17824 -569.0000000000
17856 -568.0000000000
17893 -567.0000000000
17930 -566.0000000000
17948 -565.0000000000
18005 -564.0000000000
18043 -562.0000000000
18108 -561.0000000000
18115 -560.0000000000
18146 -558.0000000000
18261 -557.0000000000
18306 -555.0000000000
18325 -554.0000000000
18364 -552.0000000000
18441 -551.0000000000
18443 -549.0000000000
18478 -548.0000000000
18528 -546.0000000000
18574 -545.0000000000
18625 -544.0000000000
18665 -541.0000000000
18704 -540.0000000000
18723 -539.0000000000
18778 -536.0000000000
18791 -535.0000000000
18844 -534.0000000000
18883 -532.0000000000
18922 -528.0000000000
18974 -525.0000000000
19064 -523.0000000000
19119 -522.0000000000
19153 -521.0000000000
19179 -517.0000000000
19278 -515.0000000000
19322 -514.0000000000
19345 -513.0000000000
19364 -512.0000000000
19424 -511.0000000000
19480 -510.0000000000
19523 -509.0000000000
19566 -508.0000000000
19577 -507.0000000000
19615 -506.0000000000
19644 -505.0000000000
19650 -504.0000000000
19707 -503.0000000000
19744 -502.0000000000
19771 -501.0000000000
19784 -500.0000000000
19807 -499.0000000000
19871 -498.0000000000
19873 -497.0000000000
19876 -496.0000000000
19905 -495.0000000000
19943 -494.0000000000
19961 -493.0000000000
19992 -492.0000000000
20039 -491.0000000000
20052 -490.0000000000
20100 -489.0000000000
20139 -488.0000000000
20145 -487.0000000000
20165 -486.0000000000
20188 -485.0000000000
20242 -484.0000000000
20263 -482.0000000000
20342 -480.0000000000
20400 -479.0000000000
20464 -478.0000000000
20496 -477.0000000000
20536 -476.0000000000
20581 -475.0000000000
20599 -473.0000000000
20679 -472.0000000000
20705 -471.0000000000
20709 -469.0000000000
20791 -466.0000000000
20835 -465.0000000000
20881 -464.0000000000
20906 -463.0000000000
20942 -462.0000000000
20945 -461.0000000000
21011 -459.0000000000
21031 -458.0000000000
21101 -456.0000000000
21110 -455.0000000000
21172 -453.0000000000
21182 -452.0000000000
21229 -451.0000000000
21233 -450.0000000000
21278 -446.0000000000
21361 -445.0000000000
21395 -442.0000000000
21435 -441.0000000000
21495 -440.0000000000
21541 -439.0000000000
21588 -438.0000000000
21643 -437.0000000000
21688 -436.0000000000
21699 -435.0000000000
21746 -434.0000000000
21774 -431.0000000000
21848 -429.0000000000
21898 -428.0000000000
21918 -427.0000000000
21926 -426.0000000000
21947 -425.0000000000
21964 -424.0000000000
21970 -423.0000000000
21989 -421.0000000000
22028 -420.0000000000
22046 -419.0000000000
22087 -417.0000000000
22144 -415.0000000000
22193 -413.0000000000
22232 -412.0000000000
22271 -411.0000000000
22288 -409.0000000000
22321 -408.0000000000
22368 -407.0000000000
22371 -406.0000000000
22377 -404.0000000000
22433 -403.0000000000
22453 -401.0000000000
22539 -399.0000000000
22548 -398.0000000000
22567 -397.0000000000
22581 -394.0000000000
22660 -393.0000000000
22676 -392.0000000000
22693 -391.0000000000
22722 -390.0000000000
22785 -388.0000000000
22810 -387.0000000000
22895 -386.0000000000
22923 -385.0000000000
22942 -384.0000000000
22966 -383.0000000000
23026 -382.0000000000
23081 -381.0000000000
23149 -380.0000000000
23182 -379.0000000000
23235 -378.0000000000
23282 -377.0000000000
23315 -376.0000000000
23406 -375.0000000000
23441 -374.0000000000
23497 -373.0000000000
23502 -371.0000000000
23552 -370.0000000000
23575 -368.0000000000
23628 -367.0000000000
23674 -366.0000000000
23725 -365.0000000000
23773 -364.0000000000
23801 -363.0000000000
23822 -362.0000000000
23868 -361.0000000000
23903 -360.0000000000
23935 -359.0000000000
23985 -357.0000000000
24014 -356.0000000000
24080 -355.0000000000
24107 -354.0000000000
24153 -353.0000000000
24181 -352.0000000000
24244 -351.0000000000
24263 -349.0000000000
24342 -348.0000000000
24369 -347.0000000000
24373 -346.0000000000
24406 -344.0000000000
24458 -343.0000000000
24522 -342.0000000000
24551 -340.0000000000
24582 -338.0000000000
24649 -337.0000000000
24685 -336.0000000000
24712 -335.0000000000
24736 -332.0000000000
24816 -329.0000000000
24866 -328.0000000000
24896 -327.0000000000
24904 -326.0000000000
24942 -325.0000000000
24973 -324.0000000000
25017 -323.0000000000
25062 -322.0000000000
25064 -321.0000000000
25102 -320.0000000000
25103 -319.0000000000
25162 -318.0000000000
25182 -316.0000000000
25189 -315.0000000000
25272 -314.0000000000
25304 -313.0000000000
25356 -312.0000000000
25401 -311.0000000000
25404 -310.0000000000
25464 -309.0000000000
25492 -308.0000000000
25523 -307.0000000000
25545 -306.0000000000
25562 -305.0000000000
25601 -304.0000000000
25662 -303.0000000000
25721 -302.0000000000
25782 -301.0000000000
25785 -300.0000000000
25842 -297.0000000000
25922 -294.0000000000
25992 -291.0000000000
26070 -290.0000000000
26098 -289.0000000000
26162 -287.0000000000
26229 -286.0000000000
26317 -285.0000000000
26365 -284.0000000000
26449 -283.0000000000
26482 -282.0000000000
26538 -281.0000000000
26564 -280.0000000000
26587 -279.0000000000
26661 -278.0000000000
26708 -277.0000000000
26743 -276.0000000000
26805 -275.0000000000
26826 -274.0000000000
26842 -273.0000000000
26932 -272.0000000000
26982 -271.0000000000
27023 -270.0000000000
27061 -269.0000000000
27123 -268.0000000000
27189 -267.0000000000
27286 -266.0000000000
27294 -265.0000000000
27355 -263.0000000000
27412 -262.0000000000
27504 -261.0000000000
27532 -260.0000000000
27580 -259.0000000000
27624 -258.0000000000
27653 -257.0000000000
27709 -256.0000000000
27745 -254.0000000000
27798 -252.0000000000
27886 -251.0000000000
27934 -250.0000000000
28000 -249.0000000000
28002 -248.0000000000
28037 -247.0000000000
28092 -246.0000000000
28120 -245.0000000000
28165 -244.0000000000
28181 -243.0000000000
28250 -242.0000000000
28290 -241.0000000000
28294 -240.0000000000
28325 -239.0000000000
28393 -238.0000000000
28419 -237.0000000000
28445 -236.0000000000
28479 -235.0000000000
28519 -234.0000000000
28533 -233.0000000000
28614 -231.0000000000
28653 -229.0000000000
28825 -228.0000000000
28865 -226.0000000000
28918 -225.0000000000
28956 -224.0000000000
29030 -223.0000000000
29090 -222.0000000000
29150 -221.0000000000
29261 -219.0000000000
29318 -218.0000000000
29371 -216.0000000000
29402 -215.0000000000
29503 -213.0000000000
29565 -212.0000000000
29594 -211.0000000000
29614 -210.0000000000
29643 -208.0000000000
29705 -207.0000000000
29755 -205.0000000000
29848 -204.0000000000
29890 -202.0000000000
29984 -200.0000000000
30061 -199.0000000000
30065 -198.0000000000
30114 -197.0000000000
30169 -196.0000000000
30188 -195.0000000000
30267 -194.0000000000
30277 -193.0000000000
30339 -192.0000000000
30360 -191.0000000000
30464 -189.0000000000
30502 -188.0000000000
30556 -187.0000000000
30612 -186.0000000000
30703 -185.0000000000
30787 -184.0000000000
30825 -183.0000000000
30964 -182.0000000000
30973 -180.0000000000
31044 -179.0000000000
31153 -178.0000000000
31246 -177.0000000000
31276 -176.0000000000
31305 -175.0000000000
31380 -174.0000000000
31410 -173.0000000000
31447 -172.0000000000
31461 -171.0000000000
31593 -170.0000000000
31655 -169.0000000000
31755 -168.0000000000
31773 -167.0000000000
31866 -166.0000000000
31942 -165.0000000000
31962 -164.0000000000
32082 -163.0000000000
32203 -162.0000000000
32300 -161.0000000000
32364 -160.0000000000
32428 -159.0000000000
32486 -157.0000000000
32622 -156.0000000000
32629 -154.0000000000
32730 -153.0000000000
32773 -151.0000000000
32858 -150.0000000000
32923 -149.0000000000
32945 -147.0000000000
32997 -144.0000000000
33141 -142.0000000000
33271 -141.0000000000
33314 -140.0000000000
33345 -139.0000000000
33429 -138.0000000000
33501 -137.0000000000
33591 -136.0000000000
33707 -135.0000000000
33724 -133.0000000000
33813 -131.0000000000
33978 -130.0000000000
34020 -129.0000000000
34034 -128.0000000000
34191 -127.0000000000
34218 -126.0000000000
34347 -125.0000000000
34361 -124.0000000000
34410 -123.0000000000
34589 -122.0000000000
34605 -121.0000000000
34726 -120.0000000000
34728 -119.0000000000
34801 -118.0000000000
34873 -117.0000000000
34945 -116.0000000000
35064 -115.0000000000
35122 -114.0000000000
35175 -113.0000000000
35195 -112.0000000000
35274 -111.0000000000
35314 -110.0000000000
35317 -109.0000000000
35404 -108.0000000000
35451 -107.0000000000
35631 -106.0000000000
35659 -105.0000000000
35768 -104.0000000000
35862 -103.0000000000
35897 -102.0000000000
36014 -101.0000000000
36102 -100.0000000000
36199 -99.0000000000
36241 -98.0000000000
36291 -97.0000000000
36343 -96.0000000000
36379 -95.0000000000
36473 -94.0000000000
36560 -93.0000000000
36626 -92.0000000000
36698 -90.0000000000
36863 -89.0000000000
36872 -88.0000000000
37015 -87.0000000000
37270 -86.0000000000
37288 -85.0000000000
37307 -84.0000000000
37358 -82.0000000000
37466 -81.0000000000
37514 -80.0000000000
37550 -79.0000000000
37652 -78.0000000000
37665 -77.0000000000
37746 -76.0000000000
37869 -75.0000000000
38025 -74.0000000000
38147 -73.0000000000
38379 -72.0000000000
38484 -71.0000000000
38716 -70.0000000000
38774 -69.0000000000
38837 -68.0000000000
38936 -67.0000000000
39003 -66.0000000000
39078 -65.0000000000
39186 -64.0000000000
39306 -63.0000000000
39356 -62.0000000000
39475 -60.0000000000
39646 -59.0000000000
39782 -58.0000000000
39883 -57.0000000000
39944 -56.0000000000
40025 -55.0000000000
40072 -54.0000000000
40177 -53.0000000000
40207 -52.0000000000
40560 -51.0000000000
40689 -50.0000000000
40830 -49.0000000000
40904 -48.0000000000
40956 -47.0000000000
41091 -46.0000000000
41159 -45.0000000000
41296 -44.0000000000
41380 -43.0000000000
41525 -42.0000000000
41662 -41.0000000000
41807 -40.0000000000
41888 -39.0000000000
41925 -38.0000000000
42056 -37.0000000000
42159 -36.0000000000
42207 -35.0000000000
42259 -34.0000000000
42344 -33.0000000000
42418 -32.0000000000
42491 -31.0000000000
42639 -30.0000000000
43246 -29.0000000000
43379 -28.0000000000
43448 -27.0000000000
43551 -26.0000000000
43787 -25.0000000000
43836 -24.0000000000
44037 -23.0000000000
44084 -22.0000000000
44235 -21.0000000000
44306 -20.0000000000
44397 -19.0000000000
44518 -18.0000000000
44664 -17.0000000000
44779 -16.0000000000
44804 -15.0000000000
44959 -14.0000000000
45122 -13.0000000000
45382 -12.0000000000
45630 -11.0000000000
45717 -10.0000000000
46004 -9.0000000000
46142 -8.0000000000
46177 -7.0000000000
46319 -6.0000000000
46401 -5.0000000000
46515 -4.0000000000
46707 -3.0000000000
46989 -2.0000000000
47188 -1.0000000000
47315 332.2600000000
47342 348.3800000000
47477 348.6500000000
47485 357.3400000000
47632 364.7600000000
47635 365.8800000000
48257 376.6500000000
56954 380.3000000000
57005 391.5200000000
57060 395.7000000000
57066 400.3300000000
57119 405.8400000000
57370 408.5000000000
57415 410.3700000000
57807 428.6400000000
83263 436.1200000000
100000 -2.0000000000
evaluations raw_y
1 -1957.0000000000
2 -1956.0000000000
6 -1926.0000000000
41 -1917.0000000000
45 -1914.0000000000
48 -1907.0000000000
52 -1899.0000000000
61 -1886.0000000000
99 -1872.0000000000
121 -1863.0000000000
124 -1861.0000000000
142 -1856.0000000000
148 -1846.0000000000
154 -1831.0000000000
209 -1829.0000000000
215 -1822.0000000000
228 -1786.0000000000
260 -1784.0000000000
265 -1782.0000000000
287 -1764.0000000000
326 -1757.0000000000
335 -1748.0000000000
359 -1734.0000000000
370 -1730.0000000000
397 -1717.0000000000
428 -1708.0000000000
455 -1701.0000000000
460 -1688.0000000000
488 -1686.0000000000
497 -1679.0000000000
536 -1672.0000000000
544 -1668.0000000000
571 -1664.0000000000
588 -1651.0000000000
625 -1648.0000000000
634 -1639.0000000000
642 -1635.0000000000
664 -1628.0000000000
683 -1620.0000000000
711 -1619.0000000000
715 -1603.0000000000
787 -1602.0000000000
799 -1600.0000000000
818 -1592.0000000000
837 -1591.0000000000
850 -1590.0000000000
859 -1587.0000000000
864 -1573.0000000000
902 -1566.0000000000
925 -1559.0000000000
964 -1551.0000000000
1024 -1547.0000000000
1026 -1545.0000000000
1046 -1540.0000000000
1076 -1532.0000000000
1082 -1523.0000000000
1124 -1522.0000000000
1147 -1520.0000000000
1165 -1517.0000000000
1184 -1516.0000000000
1185 -1511.0000000000
1231 -1504.0000000000
1268 -1493.0000000000
1307 -1491.0000000000
1343 -1488.0000000000
1357 -1486.0000000000
1369 -1481.0000000000
1392 -1478.0000000000
1422 -1477.0000000000
1429 -1472.0000000000
1462 -1470.0000000000
1466 -1469.0000000000
1506 -1467.0000000000
1512 -1466.0000000000
1536 -1463.0000000000
1574 -1459.0000000000
1576 -1458.0000000000
1582 -1457.0000000000
1613 -1454.0000000000
1632 -1453.0000000000
1648 -1448.0000000000
1679 -1447.0000000000
1715 -1446.0000000000
1743 -1443.0000000000
1763 -1442.0000000000
1794 -1440.0000000000
1820 -1438.0000000000
1821 -1435.0000000000
1835 -1433.0000000000
1853 -1432.0000000000
1880 -1431.0000000000
1908 -1426.0000000000
1911 -1425.0000000000
1965 -1424.0000000000
1970 -1423.0000000000
1985 -1422.0000000000
1997 -1420.0000000000
2015 -1419.0000000000
2034 -1418.0000000000
2045 -1415.0000000000
2069 -1414.0000000000
2087 -1412.0000000000
2133 -1411.0000000000
2140 -1409.0000000000
2146 -1408.0000000000
2187 -1406.0000000000
2247 -1405.0000000000
2253 -1402.0000000000
2297 -1400.0000000000
2342 -1399.0000000000
2345 -1398.0000000000
2351 -1397.0000000000
2361 -1395.0000000000
2381 -1393.0000000000
2450 -1392.0000000000
2451 -1391.0000000000
2495 -1390.0000000000
2498 -1389.0000000000
2505 -1388.0000000000
2516 -1387.0000000000
2537 -1386.0000000000
2549 -1385.0000000000
2589 -1383.0000000000
2592 -1382.0000000000
2631 -1380.0000000000
2633 -1379.0000000000
2677 -1378.0000000000
2688 -1377.0000000000
2696 -1372.0000000000
2726 -1371.0000000000
2760 -1369.0000000000
2767 -1367.0000000000
2807 -1366.0000000000
2822 -1363.0000000000
2874 -1362.0000000000
2899 -1361.0000000000
2918 -1359.0000000000
2948 -1358.0000000000
2959 -1356.0000000000
2971 -1355.0000000000
2976 -1354.0000000000
2988 -1352.0000000000
3028 -1350.0000000000
3068 -1349.0000000000
3094 -1348.0000000000
3100 -1347.0000000000
3108 -1346.0000000000
3160 -1345.0000000000
3167 -1342.0000000000
3195 -1341.0000000000
3220 -1340.0000000000
3223 -1338.0000000000
3258 -1337.0000000000
3270 -1333.0000000000
3297 -1330.0000000000
3363 -1326.0000000000
3404 -1325.0000000000
3441 -1324.0000000000
3457 -1323.0000000000
3467 -1321.0000000000
3521 -1319.0000000000
3543 -1317.0000000000
3548 -1316.0000000000
3561 -1315.0000000000
3582 -1314.0000000000
3604 -1313.0000000000
3628 -1312.0000000000
3632 -1311.0000000000
3648 -1309.0000000000
3681 -1308.0000000000
3688 -1307.0000000000
3706 -1306.0000000000
3725 -1304.0000000000
3731 -1303.0000000000
3756 -1302.0000000000
3757 -1300.0000000000
3811 -1299.0000000000
3844 -1294.0000000000
3866 -1293.0000000000
3883 -1292.0000000000
3903 -1291.0000000000
3913 -1289.0000000000
3926 -1288.0000000000
3959 -1286.0000000000
3966 -1283.0000000000
4013 -1280.0000000000
4020 -1279.0000000000
4038 -1277.0000000000
4061 -1276.0000000000
4084 -1275.0000000000
4114 -1274.0000000000
4117 -1273.0000000000
4128 -1271.0000000000
4152 -1270.0000000000
4164 -1267.0000000000
4220 -1266.0000000000
4222 -1265.0000000000
4224 -1264.0000000000
4253 -1263.0000000000
4265 -1262.0000000000
4300 -1260.0000000000
4304 -1257.0000000000
4340 -1256.0000000000
4371 -1255.0000000000
4392 -1254.0000000000
4403 -1252.0000000000
4445 -1250.0000000000
4472 -1249.0000000000
4488 -1248.0000000000
4503 -1247.0000000000
4523 -1246.0000000000
4528 -1245.0000000000
4562 -1240.0000000000
4617 -1239.0000000000
4624 -1238.0000000000
4675 -1237.0000000000
4682 -1236.0000000000
4688 -1235.0000000000
4731 -1232.0000000000
4754 -1231.0000000000
4765 -1230.0000000000
4771 -1229.0000000000
4805 -1228.0000000000
4813 -1226.0000000000
4842 -1224.0000000000
4867 -1223.0000000000
4883 -1221.0000000000
4945 -1220.0000000000
4975 -1219.0000000000
4976 -1218.0000000000
4988 -1215.0000000000
5011 -1213.0000000000
5056 -1212.0000000000
5069 -1210.0000000000
5130 -1209.0000000000
5132 -1207.0000000000
5168 -1206.0000000000
5185 -1204.0000000000
5231 -1203.0000000000
5244 -1202.0000000000
5251 -1200.0000000000
5292 -1199.0000000000
5314 -1196.0000000000
5368 -1195.0000000000
5387 -1194.0000000000
5401 -1191.0000000000
5453 -1190.0000000000
5458 -1189.0000000000
5471 -1188.0000000000
5485 -1187.0000000000
5518 -1185.0000000000
5555 -1183.0000000000
5605 -1181.0000000000
5654 -1179.0000000000
5661 -1178.0000000000
5707 -1177.0000000000
5733 -1174.0000000000
5761 -1173.0000000000
5812 -1170.0000000000
5839 -1167.0000000000
5905 -1165.0000000000
5920 -1163.0000000000
5941 -1162.0000000000
5959 -1160.0000000000
5978 -1159.0000000000
6014 -1155.0000000000
6091 -1154.0000000000
6096 -1153.0000000000
6102 -1152.0000000000
6112 -1151.0000000000
6122 -1150.0000000000
6158 -1149.0000000000
6170 -1147.0000000000
6176 -1144.0000000000
6187 -1141.0000000000
6244 -1138.0000000000
6278 -1137.0000000000
6302 -1135.0000000000
6346 -1133.0000000000
6412 -1132.0000000000
6417 -1131.0000000000
6444 -1128.0000000000
6509 -1126.0000000000
6526 -1125.0000000000
6539 -1124.0000000000
6581 -1123.0000000000
6602 -1120.0000000000
6655 -1119.0000000000
6683 -1115.0000000000
6724 -1114.0000000000
6742 -1113.0000000000
6743 -1112.0000000000
6772 -1110.0000000000
6803 -1108.0000000000
6843 -1104.0000000000
6861 -1103.0000000000
6890 -1102.0000000000
6902 -1099.0000000000
6964 -1097.0000000000
7005 -1094.0000000000
7026 -1093.0000000000
7062 -1092.0000000000
7088 -1088.0000000000
7121 -1087.0000000000
7150 -1084.0000000000
7188 -1083.0000000000
7238 -1082.0000000000
7241 -1080.0000000000
7282 -1078.0000000000
7307 -1077.0000000000
7335 -1075.0000000000
7374 -1074.0000000000
7394 -1073.0000000000
7406 -1070.0000000000
7431 -1069.0000000000
7433 -1068.0000000000
7466 -1066.0000000000
7503 -1065.0000000000
7517 -1060.0000000000
7581 -1059.0000000000
7608 -1058.0000000000
7611 -1057.0000000000
7638 -1056.0000000000
7646 -1055.0000000000
7653 -1054.0000000000
7659 -1053.0000000000
7665 -1052.0000000000
7685 -1051.0000000000
7723 -1049.0000000000
7730 -1048.0000000000
7771 -1047.0000000000
7784 -1046.0000000000
7808 -1045.0000000000
7853 -1044.0000000000
7855 -1043.0000000000
7864 -1042.0000000000
7900 -1041.0000000000
7903 -1039.0000000000
7955 -1036.0000000000
7982 -1034.0000000000
8036 -1033.0000000000
8052 -1031.0000000000
8075 -1029.0000000000
8113 -1027.0000000000
8124 -1026.0000000000
8127 -1025.0000000000
8165 -1024.0000000000
8209 -1023.0000000000
8226 -1022.0000000000
8227 -1021.0000000000
8253 -1020.0000000000
8276 -1017.0000000000
8300 -1016.0000000000
8311 -1015.0000000000
8313 -1014.0000000000
8364 -1013.0000000000
8373 -1011.0000000000
8408 -1010.0000000000
8423 -1008.0000000000
8434 -1007.0000000000
8474 -1006.0000000000
8495 -1005.0000000000
8518 -1004.0000000000
8524 -1003.0000000000
8542 -998.0000000000
8605 -997.0000000000
8641 -996.0000000000
8654 -994.0000000000
8663 -993.0000000000
8678 -991.0000000000
8715 -990.0000000000
8754 -987.0000000000
8766 -984.0000000000
8809 -983.0000000000
8821 -982.0000000000
8828 -980.0000000000
8886 -979.0000000000
8905 -978.0000000000
8909 -976.0000000000
8943 -975.0000000000
8973 -974.0000000000
8980 -972.0000000000
8983 -969.0000000000
9048 -967.0000000000
9077 -966.0000000000
9084 -965.0000000000
9085 -964.0000000000
9124 -963.0000000000
9127 -961.0000000000
9128 -960.0000000000
9131 -958.0000000000
9200 -957.0000000000
9221 -955.0000000000
9236 -954.0000000000
9273 -953.0000000000
9293 -949.0000000000
9322 -948.0000000000
9323 -947.0000000000
9380 -945.0000000000
9391 -944.0000000000
9428 -939.0000000000
9514 -937.0000000000
9579 -935.0000000000
9602 -934.0000000000
9631 -933.0000000000
9646 -932.0000000000
9665 -930.0000000000
9712 -927.0000000000
9716 -926.0000000000
9741 -925.0000000000
9772 -924.0000000000
9797 -923.0000000000
9807 -922.0000000000
9849 -920.0000000000
9881 -918.0000000000
9904 -917.0000000000
9955 -914.0000000000
9970 -912.0000000000
10006 -911.0000000000
10049 -910.0000000000
10076 -909.0000000000
10090 -908.0000000000
10105 -907.0000000000
10107 -906.0000000000
10174 -900.0000000000
10198 -898.0000000000
10265 -896.0000000000
10277 -895.0000000000
10312 -894.0000000000
10341 -891.0000000000
10362 -890.0000000000
10422 -887.0000000000
10458 -886.0000000000
10481 -885.0000000000
10509 -884.0000000000
10512 -882.0000000000
10543 -881.0000000000
10573 -879.0000000000
10604 -878.0000000000
10629 -877.0000000000
10654 -876.0000000000
10675 -874.0000000000
10694 -873.0000000000
10736 -870.0000000000
10777 -869.0000000000
10802 -867.0000000000
10860 -866.0000000000
10880 -865.0000000000
10906 -864.0000000000
10922 -863.0000000000
10949 -861.0000000000
10956 -859.0000000000
11027 -858.0000000000
11050 -857.0000000000
11074 -855.0000000000
11101 -854.0000000000
11129 -852.0000000000
11150 -851.0000000000
11172 -850.0000000000
11175 -849.0000000000
11189 -848.0000000000
11253 -847.0000000000
11284 -846.0000000000
11288 -845.0000000000
11318 -843.0000000000
11348 -842.0000000000
11352 -841.0000000000
11362 -840.0000000000
11383 -839.0000000000
11432 -838.0000000000
11442 -837.0000000000
11488 -834.0000000000
11542 -833.0000000000
11545 -832.0000000000
11575 -831.0000000000
11579 -828.0000000000
11650 -827.0000000000
11663 -826.0000000000
11667 -825.0000000000
11691 -824.0000000000
11700 -823.0000000000
11742 -821.0000000000
11764 -820.0000000000
11808 -819.0000000000
11813 -818.0000000000
11854 -816.0000000000
11897 -815.0000000000
11950 -812.0000000000
11992 -811.0000000000
12041 -810.0000000000
12051 -807.0000000000
12108 -806.0000000000
12126 -804.0000000000
12193 -803.0000000000
12208 -802.0000000000
12221 -801.0000000000
12245 -797.0000000000
12311 -796.0000000000
12345 -795.0000000000
12380 -794.0000000000
12384 -793.0000000000
12388 -792.0000000000
12407 -791.0000000000
12427 -790.0000000000
12454 -789.0000000000
12476 -786.0000000000
12535 -785.0000000000
12566 -784.0000000000
12592 -783.0000000000
12626 -781.0000000000
12676 -780.0000000000
12686 -778.0000000000
12710 -775.0000000000
12742 -774.0000000000
12770 -773.0000000000
12795 -771.0000000000
12825 -770.0000000000
12866 -767.0000000000
12888 -766.0000000000
12956 -764.0000000000
13019 -762.0000000000
13060 -760.0000000000
13120 -759.0000000000
13130 -758.0000000000
13184 -757.0000000000
13208 -755.0000000000
13228 -753.0000000000
13303 -752.0000000000
13309 -751.0000000000
13331 -750.0000000000
13364 -749.0000000000
13383 -747.0000000000
13422 -746.0000000000
13475 -745.0000000000
13491 -744.0000000000
13507 -742.0000000000
13509 -741.0000000000
13548 -740.0000000000
13569 -738.0000000000
13656 -737.0000000000
13660 -735.0000000000
13666 -734.0000000000
13682 -733.0000000000
13689 -731.0000000000
13716 -728.0000000000
13782 -727.0000000000
13796 -724.0000000000
13887 -723.0000000000
13904 -721.0000000000
13908 -720.0000000000
13934 -719.0000000000
13957 -718.0000000000
13962 -716.0000000000
14006 -715.0000000000
14012 -712.0000000000
14085 -711.0000000000
14097 -710.0000000000
14140 -709.0000000000
14162 -708.0000000000
14189 -706.0000000000
14234 -705.0000000000
14260 -703.0000000000
14302 -701.0000000000
14347 -700.0000000000
14383 -699.0000000000
14387 -698.0000000000
14391 -697.0000000000
14477 -696.0000000000
14483 -694.0000000000
14503 -692.0000000000
14600 -690.0000000000
14622 -689.0000000000
14646 -688.0000000000
14660 -687.0000000000
14661 -685.0000000000
14708 -683.0000000000
14732 -682.0000000000
14795 -679.0000000000
14829 -676.0000000000
14901 -673.0000000000
14990 -672.0000000000
15025 -671.0000000000
15030 -670.0000000000
15042 -669.0000000000
15086 -668.0000000000
15103 -667.0000000000
15117 -666.0000000000
15143 -665.0000000000
15190 -663.0000000000
15243 -662.0000000000
15259 -661.0000000000
15291 -660.0000000000
15315 -659.0000000000
15329 -658.0000000000
15344 -656.0000000000
15365 -655.0000000000
15387 -654.0000000000
15421 -653.0000000000
15445 -652.0000000000
15456 -650.0000000000
15510 -649.0000000000
15519 -645.0000000000
15559 -644.0000000000
15587 -642.0000000000
15641 -641.0000000000
15687 -639.0000000000
15736 -638.0000000000
15769 -637.0000000000
15783 -634.0000000000
15815 -633.0000000000
15856 -632.0000000000
15888 -631.0000000000
15913 -630.0000000000
15933 -629.0000000000
15974 -627.0000000000
15996 -625.0000000000
16006 -623.0000000000
16082 -621.0000000000
16110 -620.0000000000
16122 -618.0000000000
16161 -614.0000000000
16252 -613.0000000000
16269 -612.0000000000
16284 -611.0000000000
16311 -609.0000000000
16357 -608.0000000000
16407 -607.0000000000
16434 -605.0000000000
16467 -604.0000000000
16561 -602.0000000000
16606 -601.0000000000
16640 -600.0000000000
16709 -598.0000000000
16751 -597.0000000000
16791 -596.0000000000
16845 -595.0000000000
16892 -594.0000000000
16914 -593.0000000000
16927 -592.0000000000
16931 -591.0000000000
16944 -590.0000000000
16988 -589.0000000000
17040 -588.0000000000
17050 -587.0000000000
17067 -585.0000000000
17121 -584.0000000000
17142 -583.0000000000
17190 -581.0000000000
17248 -580.0000000000
17264 -577.0000000000
17333 -575.0000000000
17341 -574.0000000000
17365 -571.0000000000
17412 -569.0000000000
17462 -568.0000000000
17547 -567.0000000000
17560 -566.0000000000
17562 -565.0000000000
17584 -564.0000000000
17622 -560.0000000000
17685 -559.0000000000
17723 -555.0000000000
17788 -554.0000000000
17821 -553.0000000000
17833 -551.0000000000
17886 -550.0000000000
17891 -549.0000000000
17919 -546.0000000000
17997 -544.0000000000
18042 -542.0000000000
18101 -541.0000000000
18119 -539.0000000000
18163 -538.0000000000
18185 -537.0000000000
18213 -536.0000000000
18263 -535.0000000000
18280 -534.0000000000
18294 -532.0000000000
18405 -531.0000000000
18420 -530.0000000000
18428 -528.0000000000
18463 -527.0000000000
18507 -526.0000000000
18525 -525.0000000000
18595 -524.0000000000
18604 -522.0000000000
18682 -521.0000000000
18691 -520.0000000000
18726 -519.0000000000
18776 -518.0000000000
18780 -517.0000000000
18828 -516.0000000000
18870 -515.0000000000
18910 -513.0000000000
18914 -510.0000000000
18981 -509.0000000000
18988 -508.0000000000
19025 -507.0000000000
19031 -506.0000000000
19090 -505.0000000000
19113 -504.0000000000
19178 -503.0000000000
19206 -502.0000000000
19227 -501.0000000000
19330 -500.0000000000
19340 -499.0000000000
19374 -498.0000000000
19398 -497.0000000000
19445 -496.0000000000
19500 -495.0000000000
19515 -494.0000000000
19574 -493.0000000000
19589 -492.0000000000
19629 -491.0000000000
19640 -490.0000000000
19653 -489.0000000000
19717 -487.0000000000
19742 -486.0000000000
19848 -485.0000000000
19876 -484.0000000000
19881 -482.0000000000
19926 -481.0000000000
19964 -480.0000000000
20007 -479.0000000000
20044 -478.0000000000
20066 -477.0000000000
20099 -476.0000000000
20141 -475.0000000000
20144 -473.0000000000
20180 -472.0000000000
20237 -471.0000000000
20245 -470.0000000000
20261 -469.0000000000
20293 -468.0000000000
20343 -465.0000000000
20393 -464.0000000000
20451 -463.0000000000
20484 -462.0000000000
20524 -461.0000000000
20545 -460.0000000000
20588 -459.0000000000
20608 -458.0000000000
20637 -457.0000000000
20662 -455.0000000000
20736 -454.0000000000
20738 -453.0000000000
20741 -452.0000000000
20781 -451.0000000000
20802 -450.0000000000
20829 -449.0000000000
20833 -448.0000000000
20875 -447.0000000000
20917 -444.0000000000
20967 -443.0000000000
20992 -441.0000000000
21062 -439.0000000000
21141 -438.0000000000
21151 -437.0000000000
21174 -436.0000000000
21237 -434.0000000000
21286 -433.0000000000
21327 -432.0000000000
21388 -431.0000000000
21418 -430.0000000000
21471 -429.0000000000
21492 -427.0000000000
21565 -425.0000000000
21625 -424.0000000000
21659 -422.0000000000
21719 -420.0000000000
21798 -419.0000000000
21819 -417.0000000000
21827 -416.0000000000
21896 -415.0000000000
21922 -413.0000000000
21986 -412.0000000000
22014 -411.0000000000
22042 -410.0000000000
22112 -409.0000000000
22136 -407.0000000000
22163 -406.0000000000
22192 -404.0000000000
22241 -402.0000000000
22263 -401.0000000000
22351 -400.0000000000
22410 -399.0000000000
22416 -398.0000000000
22484 -397.0000000000
22523 -396.0000000000
22579 -395.0000000000
22601 -394.0000000000
22642 -393.0000000000
22685 -392.0000000000
22730 -390.0000000000
22746 -388.0000000000
22864 -387.0000000000
22903 -386.0000000000
22910 -385.0000000000
22927 -384.0000000000
22989 -383.0000000000
23081 -382.0000000000
23099 -381.0000000000
23111 -380.0000000000
23130 -379.0000000000
23201 -378.0000000000
23263 -377.0000000000
23293 -376.0000000000
23303 -375.0000000000
23339 -374.0000000000
23391 -373.0000000000
23392 -372.0000000000
23432 -371.0000000000
23455 -369.0000000000
23518 -368.0000000000
23523 -367.0000000000
23558 -366.0000000000
23579 -365.0000000000
23586 -364.0000000000
23610 -363.0000000000
23663 -362.0000000000
23701 -361.0000000000
23735 -360.0000000000
23748 -358.0000000000
23785 -357.0000000000
23829 -354.0000000000
23914 -353.0000000000
23946 -352.0000000000
23986 -351.0000000000
24014 -350.0000000000
24062 -348.0000000000
24112 -347.0000000000
24171 -346.0000000000
24251 -344.0000000000
24337 -343.0000000000
24388 -342.0000000000
24467 -341.0000000000
24496 -340.0000000000
24545 -339.0000000000
24615 -338.0000000000
24651 -337.0000000000
24657 -336.0000000000
24729 -335.0000000000
24777 -334.0000000000
24798 -333.0000000000
24831 -331.0000000000
24886 -330.0000000000
24888 -329.0000000000
24973 -328.0000000000
25022 -327.0000000000
25053 -326.0000000000
25082 -325.0000000000
25144 -324.0000000000
25203 -322.0000000000
25289 -321.0000000000
25312 -320.0000000000
25338 -319.0000000000
25343 -318.0000000000
25401 -317.0000000000
25431 -316.0000000000
25463 -315.0000000000
25529 -314.0000000000
25602 -313.0000000000
25685 -312.0000000000
25710 -311.0000000000
25778 -310.0000000000
25816 -309.0000000000
25819 -308.0000000000
25822 -307.0000000000
25902 -305.0000000000
25954 -304.0000000000
25963 -303.0000000000
25984 -302.0000000000
26032 -301.0000000000
26079 -300.0000000000
26100 -299.0000000000
26132 -298.0000000000
26161 -297.0000000000
26181 -295.0000000000
26190 -294.0000000000
26229 -293.0000000000
26267 -289.0000000000
26368 -288.0000000000
26421 -287.0000000000
26491 -286.0000000000
26506 -285.0000000000
26555 -284.0000000000
26613 -283.0000000000
26670 -282.0000000000
26727 -281.0000000000
26772 -279.0000000000
26798 -278.0000000000
26826 -277.0000000000
26886 -275.0000000000
26895 -274.0000000000
26986 -273.0000000000
27001 -272.0000000000
27009 -271.0000000000
27057 -269.0000000000
27093 -268.0000000000
27134 -267.0000000000
27172 -266.0000000000
27192 -265.0000000000
27212 -264.0000000000
27227 -263.0000000000
27295 -262.0000000000
27331 -261.0000000000
27399 -260.0000000000
27404 -259.0000000000
27450 -257.0000000000
27530 -256.0000000000
27551 -255.0000000000
27592 -254.0000000000
27623 -253.0000000000
27680 -252.0000000000
27689 -251.0000000000
27740 -250.0000000000
27777 -249.0000000000
27778 -248.0000000000
27840 -247.0000000000
27862 -246.0000000000
27903 -244.0000000000
27984 -242.0000000000
28043 -241.0000000000
28109 -240.0000000000
28141 -239.0000000000
28145 -238.0000000000
28197 -237.0000000000
28223 -236.0000000000
28245 -235.0000000000
28262 -234.0000000000
28417 -233.0000000000
28418 -232.0000000000
28588 -231.0000000000
28723 -230.0000000000
28765 -229.0000000000
28796 -227.0000000000
28887 -226.0000000000
28926 -225.0000000000
28991 -224.0000000000
29043 -223.0000000000
29093 -222.0000000000
29190 -221.0000000000
29247 -220.0000000000
29255 -219.0000000000
29314 -217.0000000000
29424 -215.0000000000
29475 -214.0000000000
29502 -212.0000000000
29584 -211.0000000000
29698 -210.0000000000
29721 -209.0000000000
29810 -207.0000000000
29884 -206.0000000000
29954 -205.0000000000
30008 -203.0000000000
30025 -202.0000000000
30081 -201.0000000000
30161 -200.0000000000
30188 -199.0000000000
30312 -198.0000000000
30327 -197.0000000000
30419 -196.0000000000
30443 -195.0000000000
30521 -194.0000000000
30560 -193.0000000000
30620 -192.0000000000
30634 -191.0000000000
30692 -190.0000000000
30709 -189.0000000000
30746 -188.0000000000
30812 -187.0000000000
30848 -186.0000000000
30865 -185.0000000000
30904 -183.0000000000
30966 -182.0000000000
31045 -181.0000000000
31116 -179.0000000000
31130 -175.0000000000
31310 -174.0000000000
31350 -173.0000000000
31441 -172.0000000000
31472 -171.0000000000
31557 -170.0000000000
31603 -169.0000000000
31699 -168.0000000000
31744 -167.0000000000
31754 -166.0000000000
31820 -165.0000000000
31885 -164.0000000000
31914 -163.0000000000
32008 -162.0000000000
32094 -160.0000000000
32224 -158.0000000000
32277 -156.0000000000
32343 -155.0000000000
32393 -154.0000000000
32445 -152.0000000000
32520 -151.0000000000
32582 -150.0000000000
32589 -149.0000000000
32621 -148.0000000000
32673 -147.0000000000
32711 -145.0000000000
32752 -144.0000000000
32785 -142.0000000000
32867 -140.0000000000
32899 -139.0000000000
32987 -138.0000000000
33054 -137.0000000000
33147 -136.0000000000
33202 -135.0000000000
33278 -134.0000000000
33338 -133.0000000000
33459 -132.0000000000
33511 -131.0000000000
33591 -130.0000000000
33622 -129.0000000000
33722 -127.0000000000
33788 -126.0000000000
33903 -125.0000000000
33947 -124.0000000000
34068 -122.0000000000
34110 -121.0000000000
34242 -120.0000000000
34287 -119.0000000000
34373 -118.0000000000
34401 -117.0000000000
34462 -116.0000000000
34608 -115.0000000000
34659 -114.0000000000
34761 -112.0000000000
34888 -111.0000000000
34973 -109.0000000000
35147 -108.0000000000
35184 -107.0000000000
35315 -106.0000000000
35367 -105.0000000000
35485 -104.0000000000
35496 -103.0000000000
35543 -102.0000000000
35688 -101.0000000000
35781 -100.0000000000
35796 -99.0000000000
35859 -98.0000000000
35920 -97.0000000000
36024 -96.0000000000
36212 -95.0000000000
36277 -94.0000000000
36287 -93.0000000000
36302 -92.0000000000
36427 -91.0000000000
36487 -90.0000000000
36496 -89.0000000000
36538 -88.0000000000
36567 -87.0000000000
36662 -86.0000000000
36714 -85.0000000000
36846 -84.0000000000
36881 -83.0000000000
36954 -82.0000000000
37078 -81.0000000000
37145 -80.0000000000
37263 -79.0000000000
37407 -78.0000000000
37446 -77.0000000000
37537 -76.0000000000
37576 -75.0000000000
37797 -74.0000000000
37878 -73.0000000000
37997 -72.0000000000
38051 -71.0000000000
38094 -70.0000000000
38344 -69.0000000000
38454 -68.0000000000
38470 -67.0000000000
38558 -65.0000000000
38651 -64.0000000000
38758 -61.0000000000
39037 -60.0000000000
39136 -59.0000000000
39229 -58.0000000000
39323 -56.0000000000
39520 -55.0000000000
39630 -53.0000000000
39758 -52.0000000000
39846 -51.0000000000
40047 -50.0000000000
40165 -49.0000000000
40289 -48.0000000000
40326 -47.0000000000
40483 -46.0000000000
40496 -45.0000000000
40562 -44.0000000000
40603 -42.0000000000
40785 -41.0000000000
40947 -40.0000000000
41088 -39.0000000000
41596 -38.0000000000
41760 -37.0000000000
42077 -36.0000000000
42291 -35.0000000000
42363 -34.0000000000
42535 -33.0000000000
42582 -32.0000000000
42710 -30.0000000000
42823 -29.0000000000
42910 -28.0000000000
42944 -27.0000000000
43102 -26.0000000000
43194 -24.0000000000
43410 -23.0000000000
43488 -22.0000000000
43535 -21.0000000000
43662 -20.0000000000
43715 -19.0000000000
43899 -18.0000000000
44015 -17.0000000000
44160 -16.0000000000
44352 -15.0000000000
44555 -14.0000000000
44677 -13.0000000000
44934 -12.0000000000
45073 -11.0000000000
45312 -10.0000000000
45390 -9.0000000000
45536 -8.0000000000
45681 -7.0000000000
45804 -6.0000000000
45901 -5.0000000000
46097 -4.0000000000
46190 -3.0000000000
46304 -2.0000000000
46470 -1.0000000000
46692 352.7800000000
46783 357.9100000000
46825 362.9800000000
46845 368.6900000000
46848 371.6400000000
47652 386.5400000000
49765 390.8300000000
49844 392.4300000000
49864 399.2400000000
49888 408.1100000000
50048 418.4400000000
50978 426.0000000000
54928 427.8600000000
55461 432.9000000000
56522 433.6500000000
56654 468.9900000000
56838 478.9400000000
56851 483.0600000000
57073 485.6000000000
57480 490.8400000000
58030 490.9800000000
58216 624.9100000000
58671 627.6900000000
59316 634.0100000000
62286 634.3700000000
62466 634.7500000000
63786 635.6300000000
64122 637.0500000000
64472 637.6400000000
69542 640.4300000000
70725 641.1700000000
70913 642.6900000000
91487 643.4400000000
92225 650.5300000000
100000 -2.0000000000
evaluations raw_y
1 -1942.0000000000
3 -1919.0000000000
8 -1918.0000000000
19 -1917.0000000000
35 -1910.0000000000
39 -1883.0000000000
88 -1863.0000000000
105 -1855.0000000000
122 -1840.0000000000
146 -1815.0000000000
176 -1813.0000000000
191 -1805.0000000000
212 -1802.0000000000
219 -1794.0000000000
236 -1789.0000000000
238 -1788.0000000000
257 -1787.0000000000
261 -1770.0000000000
262 -1766.0000000000
282 -1736.0000000000
308 -1735.0000000000
312 -1728.0000000000
320 -1709.0000000000
367 -1703.0000000000
381 -1697.0000000000
383 -1690.0000000000
398 -1689.0000000000
409 -1687.0000000000
413 -1683.0000000000
417 -1681.0000000000
418 -1660.0000000000
430 -1658.0000000000
460 -1643.0000000000
484 -1638.0000000000
508 -1629.0000000000
532 -1616.0000000000
545 -1615.0000000000
583 -1614.0000000000
590 -1610.0000000000
615 -1603.0000000000
629 -1599.0000000000
635 -1595.0000000000
652 -1591.0000000000
662 -1581.0000000000
707 -1575.0000000000
709 -1574.0000000000
715 -1566.0000000000
722 -1562.0000000000
764 -1561.0000000000
769 -1558.0000000000
787 -1544.0000000000
823 -1543.0000000000
857 -1539.0000000000
869 -1535.0000000000
879 -1534.0000000000
887 -1528.0000000000
906 -1526.0000000000
925 -1524.0000000000
930 -1521.0000000000
943 -1520.0000000000
955 -1518.0000000000
975 -1516.0000000000
982 -1515.0000000000
986 -1511.0000000000
1002 -1507.0000000000
1011 -1505.0000000000
1016 -1499.0000000000
1036 -1498.0000000000
1046 -1494.0000000000
1076 -1492.0000000000
1118 -1490.0000000000
1120 -1488.0000000000
1131 -1487.0000000000
1142 -1486.0000000000
1172 -1485.0000000000
1192 -1484.0000000000
1203 -1480.0000000000
1225 -1479.0000000000
1240 -1478.0000000000
1263 -1471.0000000000
1306 -1470.0000000000
1318 -1468.0000000000
1330 -1467.0000000000
1335 -1466.0000000000
1348 -1460.0000000000
1418 -1459.0000000000
1439 -1453.0000000000
1460 -1452.0000000000
1484 -1451.0000000000
1508 -1450.0000000000
1512 -1449.0000000000
1532 -1448.0000000000
1534 -1445.0000000000
1581 -1443.0000000000
1588 -1442.0000000000
1611 -1441.0000000000
1621 -1439.0000000000
1642 -1438.0000000000
1649 -1436.0000000000
1675 -1434.0000000000
1688 -1432.0000000000
1714 -1429.0000000000
1721 -1426.0000000000
1741 -1422.0000000000
1807 -1421.0000000000
1822 -1419.0000000000
1850 -1416.0000000000
1892 -1414.0000000000
1920 -1410.0000000000
1961 -1409.0000000000
1981 -1408.0000000000
1982 -1406.0000000000
2033 -1405.0000000000
2068 -1404.0000000000
2083 -1403.0000000000
2093 -1402.0000000000
2126 -1401.0000000000
2128 -1399.0000000000
2144 -1397.0000000000
2183 -1396.0000000000
2206 -1392.0000000000
2229 -1391.0000000000
2281 -1388.0000000000
2316 -1387.0000000000
2343 -1384.0000000000
2400 -1383.0000000000
2416 -1382.0000000000
2417 -1380.0000000000
2425 -1378.0000000000
2488 -1376.0000000000
2503 -1375.0000000000
2510 -1373.0000000000
2523 -1371.0000000000
2563 -1369.0000000000
2607 -1367.0000000000
2648 -1366.0000000000
2651 -1365.0000000000
2702 -1362.0000000000
2742 -1361.0000000000
2746 -1360.0000000000
2758 -1359.0000000000
2769 -1358.0000000000
2807 -1357.0000000000
2821 -1355.0000000000
2830 -1354.0000000000
2866 -1353.0000000000
2886 -1352.0000000000
2924 -1350.0000000000
2926 -1349.0000000000
2965 -1348.0000000000
2968 -1347.0000000000
2986 -1346.0000000000
3007 -1344.0000000000
3045 -1342.0000000000
3058 -1341.0000000000
3079 -1340.0000000000
3089 -1338.0000000000
3106 -1337.0000000000
3124 -1336.0000000000
3144 -1334.0000000000
3196 -1333.0000000000
3199 -1332.0000000000
3215 -1331.0000000000
3222 -1330.0000000000
3223 -1327.0000000000
3259 -1325.0000000000
3333 -1324.0000000000
3363 -1321.0000000000
3437 -1320.0000000000
3441 -1319.0000000000
3454 -1318.0000000000
3460 -1316.0000000000
3493 -1314.0000000000
3533 -1313.0000000000
3536 -1312.0000000000
3557 -1310.0000000000
3572 -1309.0000000000
3610 -1308.0000000000
3641 -1306.0000000000
3645 -1305.0000000000
3673 -1303.0000000000
3698 -1299.0000000000
3739 -1297.0000000000
3771 -1295.0000000000
3782 -1294.0000000000
3817 -1293.0000000000
3831 -1292.0000000000
3857 -1291.0000000000
3869 -1290.0000000000
3888 -1289.0000000000
3913 -1287.0000000000
3962 -1286.0000000000
3985 -1285.0000000000
4003 -1284.0000000000
4004 -1283.0000000000
4021 -1282.0000000000
4043 -1281.0000000000
4073 -1280.0000000000
4084 -1279.0000000000
4109 -1276.0000000000
4155 -1275.0000000000
4156 -1273.0000000000
4176 -1272.0000000000
4202 -1271.0000000000
4211 -1270.0000000000
4235 -1269.0000000000
4242 -1267.0000000000
4258 -1266.0000000000
4316 -1265.0000000000
4333 -1262.0000000000
4391 -1261.0000000000
4426 -1259.0000000000
4441 -1256.0000000000
4508 -1255.0000000000
4511 -1254.0000000000
4534 -1252.0000000000
4574 -1248.0000000000
4606 -1246.0000000000
4662 -1243.0000000000
4705 -1242.0000000000
4724 -1240.0000000000
4755 -1238.0000000000
4766 -1237.0000000000
4822 -1235.0000000000
4845 -1233.0000000000
4888 -1230.0000000000
4920 -1228.0000000000
4929 -1227.0000000000
4961 -1226.0000000000
4964 -1223.0000000000
4982 -1222.0000000000
5010 -1221.0000000000
5029 -1220.0000000000
5039 -1219.0000000000
5046 -1218.0000000000
5072 -1217.0000000000
5092 -1216.0000000000
5107 -1215.0000000000
5122 -1214.0000000000
5144 -1213.0000000000
5167 -1212.0000000000
5181 -1209.0000000000
5228 -1208.0000000000
5289 -1207.0000000000
5302 -1206.0000000000
5312 -1204.0000000000
5333 -1202.0000000000
5362 -1201.0000000000
5381 -1200.0000000000
5411 -1198.0000000000
5432 -1195.0000000000
5468 -1194.0000000000
5498 -1193.0000000000
5528 -1192.0000000000
5534 -1190.0000000000
5551 -1188.0000000000
5577 -1187.0000000000
5605 -1186.0000000000
5617 -1184.0000000000
5631 -1181.0000000000
5643 -1180.0000000000
5681 -1178.0000000000
5757 -1177.0000000000
5769 -1176.0000000000
5770 -1175.0000000000
5799 -1174.0000000000
5819 -1173.0000000000
5821 -1172.0000000000
5843 -1171.0000000000
5856 -1170.0000000000
5863 -1169.0000000000
5880 -1168.0000000000
5888 -1167.0000000000
5919 -1166.0000000000
5930 -1165.0000000000
5942 -1163.0000000000
6001 -1162.0000000000
6002 -1159.0000000000
6050 -1155.0000000000
6066 -1153.0000000000
6135 -1150.0000000000
6163 -1149.0000000000
6177 -1148.0000000000
6185 -1146.0000000000
6202 -1145.0000000000
6219 -1141.0000000000
6252 -1140.0000000000
6287 -1139.0000000000
6301 -1136.0000000000
6326 -1135.0000000000
6360 -1134.0000000000
6362 -1131.0000000000
6389 -1129.0000000000
6408 -1128.0000000000
6445 -1127.0000000000
6493 -1126.0000000000
6502 -1125.0000000000
6511 -1124.0000000000
6538 -1123.0000000000
6541 -1121.0000000000
6569 -1120.0000000000
6593 -1117.0000000000
6648 -1114.0000000000
6655 -1113.0000000000
6711 -1112.0000000000
6729 -1110.0000000000
6748 -1108.0000000000
6768 -1104.0000000000
6860 -1102.0000000000
6882 -1101.0000000000
6901 -1099.0000000000
6964 -1098.0000000000
6969 -1097.0000000000
6978 -1096.0000000000
6995 -1094.0000000000
7063 -1093.0000000000
7069 -1092.0000000000
7084 -1089.0000000000
7102 -1088.0000000000
7138 -1087.0000000000
7187 -1086.0000000000
7193 -1085.0000000000
7243 -1083.0000000000
7305 -1082.0000000000
7306 -1081.0000000000
7322 -1080.0000000000
7342 -1079.0000000000
7345 -1078.0000000000
7361 -1075.0000000000
7399 -1074.0000000000
7416 -1069.0000000000
7501 -1067.0000000000
7525 -1065.0000000000
7559 -1064.0000000000
7590 -1060.0000000000
7635 -1058.0000000000
7722 -1056.0000000000
7736 -1055.0000000000
7748 -1053.0000000000
7783 -1052.0000000000
7809 -1051.0000000000
7823 -1050.0000000000
7831 -1049.0000000000
7884 -1048.0000000000
7891 -1047.0000000000
7911 -1046.0000000000
7917 -1045.0000000000
7941 -1042.0000000000
7965 -1041.0000000000
7972 -1038.0000000000
8003 -1037.0000000000
8031 -1036.0000000000
8049 -1035.0000000000
8066 -1033.0000000000
8098 -1032.0000000000
8139 -1031.0000000000
8173 -1030.0000000000
8202 -1029.0000000000
8223 -1026.0000000000
8246 -1025.0000000000
8291 -1024.0000000000
8306 -1022.0000000000
8343 -1020.0000000000
8371 -1018.0000000000
8401 -1017.0000000000
8455 -1015.0000000000
8461 -1014.0000000000
8486 -1012.0000000000
8543 -1011.0000000000
8551 -1010.0000000000
8591 -1007.0000000000
8641 -1005.0000000000
8677 -1004.0000000000
8707 -1002.0000000000
8709 -1001.0000000000
8741 -1000.0000000000
8759 -998.0000000000
8762 -997.0000000000
8804 -995.0000000000
8808 -991.0000000000
8862 -990.0000000000
8880 -988.0000000000
8934 -987.0000000000
8956 -986.0000000000
9014 -985.0000000000
9015 -983.0000000000
9060 -982.0000000000
9073 -981.0000000000
9107 -977.0000000000
9163 -976.0000000000
9172 -974.0000000000
9185 -973.0000000000
9246 -972.0000000000
9249 -970.0000000000
9263 -969.0000000000
9308 -968.0000000000
9330 -967.0000000000
9346 -965.0000000000
9365 -964.0000000000
9401 -962.0000000000
9419 -961.0000000000
9433 -960.0000000000
9453 -959.0000000000
9473 -958.0000000000
9483 -956.0000000000
9498 -955.0000000000
9530 -953.0000000000
9531 -951.0000000000
9543 -949.0000000000
9601 -948.0000000000
9622 -947.0000000000
9648 -945.0000000000
9655 -943.0000000000
9707 -941.0000000000
9729 -940.0000000000
9743 -939.0000000000
9774 -936.0000000000
9813 -935.0000000000
9833 -934.0000000000
9860 -933.0000000000
9900 -932.0000000000
9921 -931.0000000000
9928 -930.0000000000
9938 -929.0000000000
9947 -927.0000000000
9996 -925.0000000000
10022 -924.0000000000
10078 -922.0000000000
10087 -919.0000000000
10101 -918.0000000000
10162 -917.0000000000
10169 -915.0000000000
10194 -913.0000000000
10196 -911.0000000000
10242 -910.0000000000
10274 -909.0000000000
10284 -907.0000000000
10306 -906.0000000000
10328 -905.0000000000
10370 -903.0000000000
10394 -900.0000000000
10407 -897.0000000000
10454 -896.0000000000
10487 -894.0000000000
10526 -893.0000000000
10527 -892.0000000000
10547 -891.0000000000
10588 -890.0000000000
10597 -889.0000000000
10648 -888.0000000000
10661 -886.0000000000
10689 -884.0000000000
10713 -883.0000000000
10756 -881.0000000000
10768 -880.0000000000
10805 -877.0000000000
10882 -876.0000000000
10912 -873.0000000000
10965 -872.0000000000
10991 -870.0000000000
11013 -869.0000000000
11030 -866.0000000000
11056 -864.0000000000
11084 -863.0000000000
11094 -859.0000000000
11102 -857.0000000000
11199 -856.0000000000
11201 -855.0000000000
11212 -854.0000000000
11233 -853.0000000000
11262 -852.0000000000
11285 -850.0000000000
11296 -848.0000000000
11327 -847.0000000000
11342 -846.0000000000
11381 -843.0000000000
11452 -842.0000000000
11470 -841.0000000000
11501 -839.0000000000
11544 -838.0000000000
11553 -835.0000000000
11570 -834.0000000000
11583 -833.0000000000
11615 -832.0000000000
11643 -827.0000000000
11709 -826.0000000000
11727 -825.0000000000
11763 -823.0000000000
11811 -822.0000000000
11849 -819.0000000000
11869 -818.0000000000
11895 -814.0000000000
11970 -812.0000000000
11994 -811.0000000000
12021 -808.0000000000
12084 -807.0000000000
12132 -806.0000000000
12183 -801.0000000000
12247 -800.0000000000
12290 -799.0000000000
12342 -796.0000000000
12372 -795.0000000000
12394 -794.0000000000
12421 -793.0000000000
12427 -792.0000000000
12465 -791.0000000000
12486 -790.0000000000
12513 -787.0000000000
12523 -786.0000000000
12597 -783.0000000000
12642 -782.0000000000
12697 -779.0000000000
12709 -778.0000000000
12746 -777.0000000000
12782 -775.0000000000
12832 -773.0000000000
12848 -771.0000000000
12882 -770.0000000000
12894 -769.0000000000
12981 -768.0000000000
13020 -767.0000000000
13036 -766.0000000000
13046 -765.0000000000
13061 -764.0000000000
13123 -762.0000000000
13140 -761.0000000000
13209 -760.0000000000
13219 -759.0000000000
13242 -758.0000000000
13297 -757.0000000000
13329 -755.0000000000
13380 -754.0000000000
13382 -751.0000000000
13437 -750.0000000000
13487 -748.0000000000
13493 -747.0000000000
13516 -746.0000000000
13569 -745.0000000000
13603 -743.0000000000
13664 -740.0000000000
13754 -736.0000000000
13844 -735.0000000000
13848 -733.0000000000
13897 -732.0000000000
13906 -731.0000000000
13936 -730.0000000000
13962 -727.0000000000
14007 -726.0000000000
14027 -725.0000000000
14042 -723.0000000000
14093 -722.0000000000
14102 -720.0000000000
14177 -718.0000000000
14214 -717.0000000000
14223 -716.0000000000
14242 -714.0000000000
14274 -713.0000000000
14286 -711.0000000000
14346 -710.0000000000
14370 -706.0000000000
14412 -705.0000000000
14421 -704.0000000000
14452 -699.0000000000
14589 -698.0000000000
14595 -697.0000000000
14616 -695.0000000000
14655 -693.0000000000
14670 -691.0000000000
14711 -690.0000000000
14714 -689.0000000000
14747 -686.0000000000
14794 -685.0000000000
14813 -684.0000000000
14829 -683.0000000000
14839 -681.0000000000
14891 -680.0000000000
14905 -677.0000000000
14964 -675.0000000000
15001 -674.0000000000
15042 -673.0000000000
15067 -671.0000000000
15079 -670.0000000000
15105 -668.0000000000
15180 -666.0000000000
15200 -661.0000000000
15271 -660.0000000000
15305 -659.0000000000
15324 -658.0000000000
15330 -657.0000000000
15344 -656.0000000000
15373 -655.0000000000
15387 -654.0000000000
15418 -652.0000000000
15421 -651.0000000000
15501 -650.0000000000
15513 -649.0000000000
15548 -648.0000000000
15563 -646.0000000000
15624 -644.0000000000
15660 -643.0000000000
15667 -641.0000000000
15725 -639.0000000000
15777 -638.0000000000
15791 -637.0000000000
15806 -636.0000000000
15869 -634.0000000000
15892 -632.0000000000
15948 -631.0000000000
15954 -630.0000000000
16011 -627.0000000000
16078 -626.0000000000
16104 -625.0000000000
16165 -623.0000000000
16176 -622.0000000000
16228 -621.0000000000
16233 -620.0000000000
16299 -619.0000000000
16309 -617.0000000000
16385 -616.0000000000
16401 -615.0000000000
16415 -613.0000000000
16465 -612.0000000000
16504 -609.0000000000
16566 -608.0000000000
16586 -607.0000000000
16591 -606.0000000000
16623 -605.0000000000
16675 -603.0000000000
16733 -602.0000000000
16745 -601.0000000000
16749 -600.0000000000
16802 -599.0000000000
16858 -597.0000000000
16885 -595.0000000000
16931 -594.0000000000
16978 -593.0000000000
16986 -591.0000000000
17032 -587.0000000000
17158 -586.0000000000
17177 -585.0000000000
17199 -584.0000000000
17210 -583.0000000000
17275 -582.0000000000
17282 -581.0000000000
17300 -578.0000000000
17338 -577.0000000000
17396 -576.0000000000
17415 -575.0000000000
17441 -574.0000000000
17457 -573.0000000000
17493 -571.0000000000
17525 -570.0000000000
17542 -569.0000000000
17572 -566.0000000000
17632 -564.0000000000
17681 -563.0000000000
17710 -561.0000000000
17750 -558.0000000000
17813 -557.0000000000
17825 -556.0000000000
17855 -554.0000000000
17910 -553.0000000000
17925 -552.0000000000
17942 -551.0000000000
17969 -549.0000000000
18032 -545.0000000000
18086 -544.0000000000
18128 -543.0000000000
18129 -542.0000000000
18204 -540.0000000000
18238 -539.0000000000
18291 -538.0000000000
18295 -536.0000000000
18370 -534.0000000000
18394 -533.0000000000
18413 -532.0000000000
18444 -531.0000000000
18481 -530.0000000000
18502 -529.0000000000
18546 -528.0000000000
18583 -525.0000000000
18678 -524.0000000000
18704 -523.0000000000
18728 -522.0000000000
18768 -519.0000000000
18821 -518.0000000000
18846 -517.0000000000
18878 -515.0000000000
18901 -514.0000000000
18932 -511.0000000000
18992 -510.0000000000
19009 -509.0000000000
19017 -507.0000000000
19021 -506.0000000000
19062 -505.0000000000
19116 -504.0000000000
19119 -503.0000000000
19126 -502.0000000000
19220 -500.0000000000
19274 -499.0000000000
19295 -498.0000000000
19302 -497.0000000000
19357 -496.0000000000
19373 -495.0000000000
19405 -494.0000000000
19406 -493.0000000000
19443 -492.0000000000
19445 -490.0000000000
19470 -487.0000000000
19561 -486.0000000000
19584 -485.0000000000
19605 -484.0000000000
19632 -483.0000000000
19638 -482.0000000000
19655 -481.0000000000
19690 -480.0000000000
19709 -478.0000000000
19745 -477.0000000000
19757 -476.0000000000
19764 -474.0000000000
19802 -473.0000000000
19823 -471.0000000000
19865 -468.0000000000
19924 -467.0000000000
19949 -465.0000000000
20048 -462.0000000000
20133 -461.0000000000
20135 -460.0000000000
20168 -459.0000000000
20210 -455.0000000000
20243 -454.0000000000
20332 -453.0000000000
20334 -452.0000000000
20378 -449.0000000000
20402 -448.0000000000
20464 -447.0000000000
20474 -446.0000000000
20512 -443.0000000000
20565 -442.0000000000
20591 -441.0000000000
20640 -440.0000000000
20655 -439.0000000000
20682 -436.0000000000
20701 -435.0000000000
20812 -434.0000000000
20888 -432.0000000000
20897 -430.0000000000
20993 -429.0000000000
21010 -428.0000000000
21021 -427.0000000000
21047 -425.0000000000
21121 -424.0000000000
21126 -423.0000000000
21129 -422.0000000000
21178 -421.0000000000
21219 -420.0000000000
21263 -417.0000000000
21353 -415.0000000000
21389 -413.0000000000
21396 -412.0000000000
21445 -411.0000000000
21483 -410.0000000000
21508 -409.0000000000
21523 -408.0000000000
21598 -407.0000000000
21636 -406.0000000000
21667 -403.0000000000
21713 -402.0000000000
21794 -401.0000000000
21817 -399.0000000000
21848 -398.0000000000
21896 -397.0000000000
21943 -395.0000000000
22040 -394.0000000000
22080 -393.0000000000
22084 -392.0000000000
22124 -390.0000000000
22163 -389.0000000000
22227 -388.0000000000
22256 -387.0000000000
22338 -384.0000000000
22421 -383.0000000000
22443 -381.0000000000
22531 -379.0000000000
22591 -378.0000000000
22606 -376.0000000000
22675 -375.0000000000
22705 -374.0000000000
22754 -373.0000000000
22761 -372.0000000000
22771 -371.0000000000
22821 -369.0000000000
22889 -368.0000000000
22897 -366.0000000000
22972 -365.0000000000
22975 -364.0000000000
22993 -363.0000000000
23041 -362.0000000000
23057 -361.0000000000
23081 -360.0000000000
23141 -359.0000000000
23163 -358.0000000000
23212 -357.0000000000
23274 -356.0000000000
23276 -355.0000000000
23342 -353.0000000000
23428 -352.0000000000
23469 -351.0000000000
23529 -350.0000000000
23561 -349.0000000000
23594 -346.0000000000
23663 -345.0000000000
23731 -344.0000000000
23813 -343.0000000000
23842 -342.0000000000
23866 -341.0000000000
23878 -339.0000000000
23983 -338.0000000000
24039 -337.0000000000
24087 -335.0000000000
24166 -334.0000000000
24184 -333.0000000000
24236 -332.0000000000
24246 -331.0000000000
24315 -330.0000000000
24363 -329.0000000000
24385 -328.0000000000
24419 -327.0000000000
24430 -326.0000000000
24471 -325.0000000000
24514 -324.0000000000
24585 -322.0000000000
24631 -321.0000000000
24636 -320.0000000000
24700 -319.0000000000
24736 -318.0000000000
24827 -317.0000000000
24828 -316.0000000000
24893 -313.0000000000
25034 -312.0000000000
25063 -311.0000000000
25075 -310.0000000000
25131 -309.0000000000
25161 -308.0000000000
25222 -307.0000000000
25251 -306.0000000000
25349 -304.0000000000
25432 -303.0000000000
25457 -300.0000000000
25557 -299.0000000000
25581 -298.0000000000
25619 -297.0000000000
25622 -296.0000000000
25679 -295.0000000000
25692 -294.0000000000
25718 -293.0000000000
25746 -292.0000000000
25764 -291.0000000000
25876 -290.0000000000
25962 -289.0000000000
25984 -288.0000000000
26017 -287.0000000000
26142 -286.0000000000
26192 -285.0000000000
26209 -284.0000000000
26257 -283.0000000000
26305 -282.0000000000
26327 -281.0000000000
26347 -280.0000000000
26420 -279.0000000000
26423 -277.0000000000
26441 -276.0000000000
26508 -275.0000000000
26509 -274.0000000000
26583 -272.0000000000
26654 -271.0000000000
26684 -270.0000000000
26748 -269.0000000000
26782 -268.0000000000
26832 -267.0000000000
26853 -266.0000000000
26864 -265.0000000000
26926 -264.0000000000
26964 -263.0000000000
26974 -262.0000000000
26983 -261.0000000000
27080 -260.0000000000
27105 -259.0000000000
27170 -258.0000000000
27221 -257.0000000000
27225 -256.0000000000
27243 -255.0000000000
27293 -254.0000000000
27339 -253.0000000000
27407 -252.0000000000
27453 -249.0000000000
27517 -248.0000000000
27551 -247.0000000000
27563 -246.0000000000
27601 -245.0000000000
27646 -243.0000000000
27689 -242.0000000000
27757 -241.0000000000
27761 -240.0000000000
27839 -239.0000000000
27898 -238.0000000000
27923 -237.0000000000
28003 -236.0000000000
28096 -235.0000000000
28120 -234.0000000000
28187 -233.0000000000
28199 -232.0000000000
28219 -231.0000000000
28272 -230.0000000000
28299 -229.0000000000
28367 -227.0000000000
28458 -226.0000000000
28496 -225.0000000000
28541 -224.0000000000
28596 -223.0000000000
28602 -221.0000000000
28672 -220.0000000000
28678 -219.0000000000
28847 -218.0000000000
28867 -217.0000000000
29005 -216.0000000000
29051 -215.0000000000
29093 -213.0000000000
29190 -212.0000000000
29251 -211.0000000000
29363 -210.0000000000
29420 -209.0000000000
29476 -208.0000000000
29482 -207.0000000000
29552 -206.0000000000
29594 -205.0000000000
29641 -204.0000000000
29658 -203.0000000000
29668 -201.0000000000
29762 -200.0000000000
29816 -199.0000000000
29906 -198.0000000000
29912 -197.0000000000
29964 -196.0000000000
30014 -195.0000000000
30042 -193.0000000000
30142 -190.0000000000
30240 -189.0000000000
30274 -188.0000000000
30303 -187.0000000000
30327 -186.0000000000
30428 -185.0000000000
30448 -184.0000000000
30544 -183.0000000000
30585 -182.0000000000
30678 -180.0000000000
30781 -179.0000000000
30894 -178.0000000000
30909 -177.0000000000
30974 -176.0000000000
30985 -175.0000000000
31046 -174.0000000000
31069 -173.0000000000
31082 -172.0000000000
31110 -171.0000000000
31199 -170.0000000000
31201 -169.0000000000
31230 -168.0000000000
31275 -167.0000000000
31299 -166.0000000000
31349 -165.0000000000
31383 -164.0000000000
31428 -163.0000000000
31498 -161.0000000000
31568 -160.0000000000
31645 -159.0000000000
31661 -157.0000000000
31822 -156.0000000000
31868 -155.0000000000
31966 -154.0000000000
31986 -151.0000000000
32123 -150.0000000000
32202 -149.0000000000
32262 -148.0000000000
32336 -147.0000000000
32416 -146.0000000000
32437 -145.0000000000
32488 -144.0000000000
32523 -143.0000000000
32581 -142.0000000000
32643 -141.0000000000
32784 -140.0000000000
32839 -139.0000000000
32907 -138.0000000000
32953 -137.0000000000
32971 -136.0000000000
33006 -135.0000000000
33091 -134.0000000000
33180 -133.0000000000
33214 -132.0000000000
33289 -131.0000000000
33335 -130.0000000000
33412 -129.0000000000
33443 -128.0000000000
33546 -127.0000000000
33649 -126.0000000000
33711 -125.0000000000
33929 -124.0000000000
34101 -123.0000000000
34164 -122.0000000000
34275 -121.0000000000
34359 -120.0000000000
34393 -119.0000000000
34421 -118.0000000000
34487 -117.0000000000
34492 -114.0000000000
34599 -113.0000000000
34683 -112.0000000000
34791 -111.0000000000
34832 -110.0000000000
34865 -109.0000000000
34966 -108.0000000000
34979 -107.0000000000
35079 -106.0000000000
35131 -105.0000000000
35205 -104.0000000000
35292 -102.0000000000
35434 -101.0000000000
35493 -100.0000000000
35502 -99.0000000000
35636 -98.0000000000
35724 -97.0000000000
35734 -96.0000000000
35741 -95.0000000000
35867 -94.0000000000
35898 -93.0000000000
35946 -92.0000000000
36044 -91.0000000000
36080 -90.0000000000
36136 -89.0000000000
36226 -88.0000000000
36328 -87.0000000000
36361 -86.0000000000
36418 -85.0000000000
36442 -84.0000000000
36514 -83.0000000000
36558 -82.0000000000
36622 -81.0000000000
36629 -80.0000000000
36708 -79.0000000000
36890 -78.0000000000
37055 -77.0000000000
37130 -76.0000000000
37242 -75.0000000000
37348 -74.0000000000
37382 -73.0000000000
37452 -72.0000000000
37534 -71.0000000000
37685 -70.0000000000
37708 -69.0000000000
37804 -68.0000000000
37920 -67.0000000000
37934 -66.0000000000
38038 -65.0000000000
38083 -64.0000000000
38131 -63.0000000000
38276 -62.0000000000
38328 -61.0000000000
38489 -60.0000000000
38689 -59.0000000000
38831 -58.0000000000
38972 -57.0000000000
39074 -56.0000000000
39250 -55.0000000000
39322 -54.0000000000
39344 -53.0000000000
39493 -52.0000000000
39531 -51.0000000000
39684 -50.0000000000
39912 -49.0000000000
39955 -48.0000000000
40147 -47.0000000000
40462 -46.0000000000
40664 -45.0000000000
40800 -44.0000000000
40983 -42.0000000000
41063 -41.0000000000
41154 -40.0000000000
41249 -39.0000000000
41335 -38.0000000000
41474 -37.0000000000
41812 -36.0000000000
41916 -35.0000000000
42071 -34.0000000000
42173 -33.0000000000
42348 -32.0000000000
42499 -31.0000000000
42547 -30.0000000000
42735 -29.0000000000
42763 -28.0000000000
43014 -27.0000000000
43410 -26.0000000000
43492 -25.0000000000
43638 -24.0000000000
43818 -23.0000000000
43943 -22.0000000000
44129 -21.0000000000
44341 -20.0000000000
44342 -19.0000000000
44455 -18.0000000000
44487 -17.0000000000
44572 -16.0000000000
44692 -15.0000000000
44892 -14.0000000000
45066 -13.0000000000
45271 -11.0000000000
45443 -10.0000000000
45713 -9.0000000000
45834 -8.0000000000
46080 -7.0000000000
46249 -6.0000000000
46484 -5.0000000000
46742 -4.0000000000
46806 -3.0000000000
47140 -2.0000000000
47214 -1.0000000000
47319 392.2200000000
47328 406.4400000000
47445 407.0800000000
47534 409.2900000000
47537 416.5400000000
47891 520.5100000000
47925 524.1700000000
47953 529.9200000000
47975 544.5600000000
48078 553.6100000000
48091 556.2100000000
48097 561.1000000000
48249 565.1800000000
48740 567.2500000000
49696 567.7700000000
50183 569.5000000000
50592 571.0800000000
51068 573.2800000000
51604 615.4600000000
51682 623.5900000000
51780 628.9600000000
51789 635.9700000000
51803 636.8200000000
51815 637.0800000000
51828 642.0200000000
51849 645.4200000000
51911 646.5300000000
52017 648.5600000000
52020 648.9400000000
52049 649.5900000000
52326 651.1500000000
52911 653.0700000000
53113 653.2000000000
53706 655.4200000000
54233 660.6800000000
54530 662.0100000000
54648 662.4200000000
55544 666.7300000000
55644 672.2600000000
55894 674.7300000000
56372 679.4600000000
56606 679.9400000000
58763 687.1700000000
81027 692.2900000000
100000 651.8200000000
evaluations raw_y
1 -1949.0000000000
10 -1941.0000000000
15 -1937.0000000000
16 -1927.0000000000
39 -1897.0000000000
41 -1890.0000000000
101 -1889.0000000000
103 -1869.0000000000
126 -1860.0000000000
135 -1845.0000000000
169 -1836.0000000000
183 -1826.0000000000
206 -1816.0000000000
222 -1801.0000000000
243 -1791.0000000000
246 -1785.0000000000
276 -1770.0000000000
293 -1757.0000000000
329 -1735.0000000000
362 -1734.0000000000
385 -1732.0000000000
396 -1731.0000000000
402 -1723.0000000000
403 -1712.0000000000
405 -1709.0000000000
423 -1702.0000000000
433 -1698.0000000000
457 -1691.0000000000
472 -1684.0000000000
487 -1682.0000000000
512 -1681.0000000000
516 -1671.0000000000
548 -1661.0000000000
553 -1657.0000000000
577 -1647.0000000000
602 -1644.0000000000
621 -1643.0000000000
635 -1637.0000000000
645 -1635.0000000000
661 -1627.0000000000
677 -1622.0000000000
695 -1614.0000000000
704 -1613.0000000000
705 -1611.0000000000
709 -1607.0000000000
744 -1602.0000000000
782 -1599.0000000000
784 -1593.0000000000
800 -1587.0000000000
826 -1578.0000000000
867 -1577.0000000000
886 -1574.0000000000
908 -1563.0000000000
947 -1560.0000000000
970 -1556.0000000000
1001 -1554.0000000000
1018 -1542.0000000000
1072 -1539.0000000000
1082 -1533.0000000000
1118 -1532.0000000000
1127 -1528.0000000000
1141 -1520.0000000000
1202 -1519.0000000000
1216 -1515.0000000000
1271 -1513.0000000000
1291 -1512.0000000000
1322 -1507.0000000000
1344 -1505.0000000000
1361 -1499.0000000000
1386 -1498.0000000000
1436 -1497.0000000000
1461 -1493.0000000000
1479 -1492.0000000000
1481 -1491.0000000000
1490 -1490.0000000000
1526 -1489.0000000000
1539 -1487.0000000000
1568 -1486.0000000000
1583 -1484.0000000000
1591 -1483.0000000000
1618 -1482.0000000000
1629 -1481.0000000000
1647 -1478.0000000000
1685 -1477.0000000000
1686 -1474.0000000000
1725 -1473.0000000000
1745 -1472.0000000000
1771 -1471.0000000000
1783 -1470.0000000000
1801 -1467.0000000000
1832 -1466.0000000000
1846 -1463.0000000000
1864 -1462.0000000000
1890 -1461.0000000000
1910 -1460.0000000000
1913 -1459.0000000000
1950 -1457.0000000000
1997 -1454.0000000000
2021 -1450.0000000000
2083 -1449.0000000000
2092 -1448.0000000000
2102 -1447.0000000000
2118 -1446.0000000000
2123 -1445.0000000000
2144 -1443.0000000000
2161 -1440.0000000000
2218 -1438.0000000000
2238 -1437.0000000000
2240 -1436.0000000000
2242 -1435.0000000000
2261 -1432.0000000000
2292 -1431.0000000000
2304 -1430.0000000000
2355 -1427.0000000000
2393 -1426.0000000000
2413 -1422.0000000000
2433 -1417.0000000000
2499 -1416.0000000000
2535 -1415.0000000000
2548 -1412.0000000000
2574 -1410.0000000000
2619 -1408.0000000000
2664 -1406.0000000000
2689 -1405.0000000000
2691 -1403.0000000000
2741 -1402.0000000000
2762 -1401.0000000000
2778 -1399.0000000000
2785 -1398.0000000000
2821 -1397.0000000000
2852 -1396.0000000000
2859 -1394.0000000000
2871 -1392.0000000000
2884 -1390.0000000000
2950 -1388.0000000000
2971 -1387.0000000000
3010 -1386.0000000000
3021 -1385.0000000000
3042 -1380.0000000000
3075 -1379.0000000000
3144 -1377.0000000000
3173 -1375.0000000000
3226 -1374.0000000000
3250 -1373.0000000000
3255 -1371.0000000000
3321 -1370.0000000000
3324 -1369.0000000000
3337 -1368.0000000000
3361 -1366.0000000000
3396 -1365.0000000000
3399 -1364.0000000000
3435 -1363.0000000000
3442 -1360.0000000000
3468 -1359.0000000000
3483 -1358.0000000000
3521 -1356.0000000000
3551 -1354.0000000000
3608 -1352.0000000000
3609 -1351.0000000000
3630 -1349.0000000000
3639 -1348.0000000000
3699 -1346.0000000000
3706 -1345.0000000000
3729 -1344.0000000000
3745 -1343.0000000000
3767 -1338.0000000000
3823 -1337.0000000000
3847 -1336.0000000000
3861 -1335.0000000000
3866 -1334.0000000000
3919 -1332.0000000000
3930 -1331.0000000000
3951 -1330.0000000000
3970 -1329.0000000000
3989 -1327.0000000000
4009 -1326.0000000000
4050 -1325.0000000000
4054 -1324.0000000000
4070 -1323.0000000000
4085 -1322.0000000000
4086 -1321.0000000000
4103 -1320.0000000000
4127 -1318.0000000000
4161 -1316.0000000000
4170 -1312.0000000000
4260 -1310.0000000000
4273 -1308.0000000000
4319 -1307.0000000000
4322 -1306.0000000000
4337 -1305.0000000000
4369 -1302.0000000000
4395 -1298.0000000000
4465 -1297.0000000000
4492 -1295.0000000000
4531 -1294.0000000000
4551 -1293.0000000000
4572 -1292.0000000000
4591 -1291.0000000000
4625 -1290.0000000000
4658 -1288.0000000000
4671 -1287.0000000000
4681 -1284.0000000000
4730 -1279.0000000000
4792 -1277.0000000000
4828 -1276.0000000000
4859 -1273.0000000000
4876 -1271.0000000000
4904 -1270.0000000000
4961 -1268.0000000000
4981 -1266.0000000000
5021 -1264.0000000000
5028 -1262.0000000000
5045 -1261.0000000000
5050 -1259.0000000000
5087 -1258.0000000000
5115 -1257.0000000000
5127 -1253.0000000000
5146 -1252.0000000000
5169 -1251.0000000000
5183 -1249.0000000000
5218 -1248.0000000000
5239 -1247.0000000000
5257 -1246.0000000000
5284 -1245.0000000000
5304 -1244.0000000000
5323 -1243.0000000000
5344 -1241.0000000000
5366 -1240.0000000000
5394 -1238.0000000000
5421 -1237.0000000000
5461 -1236.0000000000
5467 -1235.0000000000
5490 -1231.0000000000
5533 -1229.0000000000
5562 -1228.0000000000
5567 -1227.0000000000
5584 -1226.0000000000
5603 -1223.0000000000
5630 -1222.0000000000
5665 -1220.0000000000
5668 -1219.0000000000
5718 -1218.0000000000
5721 -1217.0000000000
5722 -1215.0000000000
5770 -1213.0000000000
5794 -1211.0000000000
5839 -1210.0000000000
5859 -1208.0000000000
5866 -1207.0000000000
5879 -1205.0000000000
5915 -1204.0000000000
5951 -1203.0000000000
5973 -1202.0000000000
6004 -1201.0000000000
6008 -1200.0000000000
6011 -1199.0000000000
6046 -1198.0000000000
6090 -1195.0000000000
6107 -1194.0000000000
6146 -1193.0000000000
6153 -1191.0000000000
6163 -1190.0000000000
6187 -1189.0000000000
6210 -1187.0000000000
6248 -1184.0000000000
6283 -1183.0000000000
6319 -1180.0000000000
6366 -1179.0000000000
6386 -1178.0000000000
6399 -1177.0000000000
6425 -1176.0000000000
6463 -1175.0000000000
6488 -1173.0000000000
6526 -1172.0000000000
6536 -1170.0000000000
6568 -1169.0000000000
6584 -1166.0000000000
6648 -1163.0000000000
6682 -1162.0000000000
6722 -1161.0000000000
6726 -1160.0000000000
6749 -1159.0000000000
6761 -1157.0000000000
6813 -1156.0000000000
6854 -1155.0000000000
6869 -1154.0000000000
6885 -1153.0000000000
6887 -1151.0000000000
6936 -1150.0000000000
6960 -1148.0000000000
6968 -1146.0000000000
6987 -1144.0000000000
7002 -1143.0000000000
7030 -1142.0000000000
7042 -1141.0000000000
7095 -1140.0000000000
7117 -1138.0000000000
7151 -1136.0000000000
7176 -1135.0000000000
7181 -1134.0000000000
7207 -1133.0000000000
7248 -1131.0000000000
7273 -1129.0000000000
7285 -1128.0000000000
7290 -1126.0000000000
7304 -1125.0000000000
7396 -1124.0000000000
7406 -1123.0000000000
7423 -1121.0000000000
7472 -1119.0000000000
7502 -1118.0000000000
7505 -1117.0000000000
7528 -1116.0000000000
7545 -1115.0000000000
7561 -1113.0000000000
7585 -1112.0000000000
7630 -1110.0000000000
7669 -1109.0000000000
7678 -1106.0000000000
7716 -1105.0000000000
7760 -1104.0000000000
7764 -1103.0000000000
7765 -1102.0000000000
7767 -1100.0000000000
7801 -1098.0000000000
7809 -1097.0000000000
7828 -1096.0000000000
7845 -1095.0000000000
7861 -1094.0000000000
7867 -1090.0000000000
7937 -1089.0000000000
7950 -1088.0000000000
7964 -1084.0000000000
8021 -1083.0000000000
8042 -1080.0000000000
8067 -1079.0000000000
8070 -1076.0000000000
8127 -1075.0000000000
8136 -1074.0000000000
8181 -1072.0000000000
8233 -1071.0000000000
8245 -1070.0000000000
8249 -1069.0000000000
8293 -1068.0000000000
8296 -1067.0000000000
8310 -1066.0000000000
8324 -1063.0000000000
8372 -1061.0000000000
8394 -1060.0000000000
8399 -1059.0000000000
8463 -1057.0000000000
8483 -1054.0000000000
8522 -1053.0000000000
8564 -1052.0000000000
8581 -1051.0000000000
8609 -1050.0000000000
8611 -1049.0000000000
8633 -1048.0000000000
8663 -1044.0000000000
8721 -1041.0000000000
8740 -1040.0000000000
8784 -1038.0000000000
8808 -1037.0000000000
8847 -1035.0000000000
8892 -1034.0000000000
8908 -1033.0000000000
8930 -1032.0000000000
8941 -1031.0000000000
8945 -1028.0000000000
8987 -1026.0000000000
9049 -1024.0000000000
9081 -1023.0000000000
9096 -1022.0000000000
9102 -1020.0000000000
9115 -1019.0000000000
9156 -1018.0000000000
9161 -1015.0000000000
9212 -1014.0000000000
9226 -1012.0000000000
9227 -1011.0000000000
9262 -1010.0000000000
9267 -1009.0000000000
9286 -1008.0000000000
9321 -1006.0000000000
9326 -1004.0000000000
9367 -1000.0000000000
9404 -998.0000000000
9452 -995.0000000000
9508 -993.0000000000
9539 -991.0000000000
9543 -990.0000000000
9567 -989.0000000000
9608 -988.0000000000
9625 -987.0000000000
9651 -986.0000000000
9656 -985.0000000000
9685 -984.0000000000
9729 -980.0000000000
9744 -979.0000000000
9776 -978.0000000000
9787 -976.0000000000
9824 -975.0000000000
9874 -973.0000000000
9884 -972.0000000000
9923 -970.0000000000
9959 -969.0000000000
9989 -968.0000000000
10003 -967.0000000000
10028 -964.0000000000
10049 -963.0000000000
10112 -961.0000000000
10145 -960.0000000000
10148 -959.0000000000
10162 -958.0000000000
10183 -956.0000000000
10205 -955.0000000000
10234 -954.0000000000
10263 -950.0000000000
10310 -949.0000000000
10327 -948.0000000000
10331 -945.0000000000
10378 -943.0000000000
10387 -942.0000000000
10425 -939.0000000000
10485 -938.0000000000
10505 -937.0000000000
10525 -936.0000000000
10554 -934.0000000000
10601 -933.0000000000
10613 -932.0000000000
10621 -931.0000000000
10634 -929.0000000000
10665 -927.0000000000
10680 -926.0000000000
10723 -924.0000000000
10734 -923.0000000000
10775 -922.0000000000
10777 -921.0000000000
10805 -920.0000000000
10834 -919.0000000000
10839 -917.0000000000
10872 -915.0000000000
10892 -913.0000000000
10935 -911.0000000000
11000 -910.0000000000
11003 -909.0000000000
11023 -908.0000000000
11036 -907.0000000000
11062 -906.0000000000
11102 -905.0000000000
11115 -903.0000000000
11181 -900.0000000000
11243 -899.0000000000
11261 -898.0000000000
11319 -897.0000000000
11356 -896.0000000000
11366 -894.0000000000
11380 -893.0000000000
11401 -890.0000000000
11465 -889.0000000000
11499 -887.0000000000
11505 -886.0000000000
11526 -885.0000000000
11546 -884.0000000000
11548 -882.0000000000
11629 -881.0000000000
11630 -880.0000000000
11646 -877.0000000000
11696 -875.0000000000
11753 -872.0000000000
11786 -871.0000000000
11797 -870.0000000000
11846 -867.0000000000
11888 -866.0000000000
11894 -863.0000000000
11991 -861.0000000000
12016 -859.0000000000
12065 -857.0000000000
12092 -856.0000000000
12130 -855.0000000000
12132 -854.0000000000
12143 -851.0000000000
12209 -849.0000000000
12236 -848.0000000000
12254 -847.0000000000
12307 -845.0000000000
12319 -843.0000000000
12350 -842.0000000000
12358 -841.0000000000
12381 -839.0000000000
12431 -838.0000000000
12438 -837.0000000000
12457 -835.0000000000
12524 -832.0000000000
12566 -829.0000000000
12629 -827.0000000000
12646 -826.0000000000
12681 -825.0000000000
12691 -823.0000000000
12703 -821.0000000000
12776 -820.0000000000
12798 -818.0000000000
12854 -817.0000000000
12883 -816.0000000000
12889 -815.0000000000
12902 -814.0000000000
12926 -813.0000000000
12948 -812.0000000000
12952 -811.0000000000
13006 -807.0000000000
13048 -805.0000000000
13091 -804.0000000000
13111 -802.0000000000
13114 -800.0000000000
13125 -798.0000000000
13212 -796.0000000000
13264 -795.0000000000
13303 -794.0000000000
13346 -791.0000000000
13389 -790.0000000000
13401 -787.0000000000
13442 -786.0000000000
13488 -785.0000000000
13502 -784.0000000000
13503 -783.0000000000
13555 -782.0000000000
13599 -781.0000000000
13600 -780.0000000000
13646 -779.0000000000
13661 -778.0000000000
13670 -777.0000000000
13671 -776.0000000000
13755 -773.0000000000
13768 -772.0000000000
13795 -771.0000000000
13833 -770.0000000000
13849 -769.0000000000
13863 -767.0000000000
13908 -765.0000000000
13966 -764.0000000000
13968 -763.0000000000
13988 -762.0000000000
14002 -760.0000000000
14047 -758.0000000000
14103 -757.0000000000
14125 -756.0000000000
14148 -753.0000000000
14164 -751.0000000000
14223 -750.0000000000
14245 -749.0000000000
14277 -748.0000000000
14278 -747.0000000000
14303 -746.0000000000
14325 -742.0000000000
14434 -741.0000000000
14463 -740.0000000000
14468 -739.0000000000
14480 -738.0000000000
14495 -737.0000000000
14556 -735.0000000000
14563 -734.0000000000
14577 -733.0000000000
14613 -732.0000000000
14644 -731.0000000000
14646 -730.0000000000
14683 -729.0000000000
14728 -726.0000000000
14763 -723.0000000000
14872 -721.0000000000
14904 -717.0000000000
14959 -716.0000000000
14981 -713.0000000000
15024 -711.0000000000
15113 -710.0000000000
15145 -709.0000000000
15162 -708.0000000000
15192 -707.0000000000
15210 -706.0000000000
15260 -705.0000000000
15291 -704.0000000000
15335 -703.0000000000
15370 -702.0000000000
15382 -701.0000000000
15395 -700.0000000000
15397 -699.0000000000
15463 -698.0000000000
15490 -696.0000000000
15516 -695.0000000000
15564 -693.0000000000
15566 -692.0000000000
15591 -691.0000000000
15613 -690.0000000000
15633 -689.0000000000
15648 -687.0000000000
15726 -686.0000000000
15729 -685.0000000000
15775 -684.0000000000
15782 -683.0000000000
15785 -682.0000000000
15819 -680.0000000000
15842 -678.0000000000
15882 -676.0000000000
15913 -675.0000000000
15950 -673.0000000000
16005 -672.0000000000
16010 -670.0000000000
16091 -669.0000000000
16103 -666.0000000000
16143 -663.0000000000
16219 -662.0000000000
16226 -661.0000000000
16262 -660.0000000000
16277 -659.0000000000
16313 -658.0000000000
16320 -657.0000000000
16322 -655.0000000000
16348 -654.0000000000
16365 -652.0000000000
16373 -650.0000000000
16410 -648.0000000000
16469 -647.0000000000
16516 -646.0000000000
16525 -645.0000000000
16573 -642.0000000000
16665 -640.0000000000
16695 -639.0000000000
16742 -636.0000000000
16767 -635.0000000000
16825 -634.0000000000
16837 -632.0000000000
16866 -630.0000000000
16926 -628.0000000000
16989 -627.0000000000
16991 -626.0000000000
17056 -625.0000000000
17111 -623.0000000000
17163 -622.0000000000
17209 -621.0000000000
17263 -619.0000000000
17321 -617.0000000000
17334 -616.0000000000
17357 -615.0000000000
17410 -614.0000000000
17452 -612.0000000000
17521 -611.0000000000
17526 -610.0000000000
17545 -609.0000000000
17566 -608.0000000000
17589 -604.0000000000
17614 -602.0000000000
17637 -601.0000000000
17676 -600.0000000000
17725 -598.0000000000
17754 -595.0000000000
17833 -594.0000000000
17884 -593.0000000000
17925 -592.0000000000
17929 -590.0000000000
17994 -589.0000000000
18023 -586.0000000000
18062 -584.0000000000
18101 -583.0000000000
18121 -581.0000000000
18175 -580.0000000000
18190 -579.0000000000
18213 -577.0000000000
18266 -575.0000000000
18321 -574.0000000000
18343 -572.0000000000
18396 -570.0000000000
18458 -569.0000000000
18477 -568.0000000000
18489 -567.0000000000
18503 -566.0000000000
18528 -563.0000000000
18605 -562.0000000000
18617 -559.0000000000
18634 -558.0000000000
18651 -557.0000000000
18726 -555.0000000000
18794 -554.0000000000
18809 -553.0000000000
18825 -552.0000000000
18827 -551.0000000000
18850 -550.0000000000
18865 -549.0000000000
18869 -548.0000000000
18883 -546.0000000000
18930 -545.0000000000
18963 -544.0000000000
18967 -543.0000000000
18974 -542.0000000000
18992 -541.0000000000
19061 -540.0000000000
19086 -538.0000000000
19149 -537.0000000000
19163 -535.0000000000
19212 -534.0000000000
19244 -533.0000000000
19326 -532.0000000000
19334 -530.0000000000
19442 -529.0000000000
19477 -527.0000000000
19486 -526.0000000000
19490 -525.0000000000
19548 -524.0000000000
19584 -521.0000000000
19681 -520.0000000000
19711 -519.0000000000
19747 -518.0000000000
19760 -515.0000000000
19820 -514.0000000000
19833 -513.0000000000
19850 -512.0000000000
19884 -510.0000000000
19901 -507.0000000000
19984 -506.0000000000
20028 -505.0000000000
20055 -504.0000000000
20078 -502.0000000000
20106 -501.0000000000
20121 -499.0000000000
20170 -498.0000000000
20217 -497.0000000000
20258 -496.0000000000
20288 -495.0000000000
20320 -494.0000000000
20368 -491.0000000000
20455 -490.0000000000
20512 -489.0000000000
20516 -487.0000000000
20560 -484.0000000000
20587 -483.0000000000
20632 -482.0000000000
20664 -481.0000000000
20716 -479.0000000000
20761 -478.0000000000
20785 -477.0000000000
20824 -476.0000000000
20878 -475.0000000000
20932 -474.0000000000
20938 -473.0000000000
20962 -471.0000000000
21022 -469.0000000000
21081 -467.0000000000
21204 -466.0000000000
21280 -465.0000000000
21313 -463.0000000000
21378 -462.0000000000
21415 -461.0000000000
21438 -460.0000000000
21477 -458.0000000000
21515 -457.0000000000
21526 -456.0000000000
21548 -455.0000000000
21592 -454.0000000000
21627 -453.0000000000
21670 -452.0000000000
21684 -451.0000000000
21702 -450.0000000000
21738 -448.0000000000
21800 -447.0000000000
21815 -446.0000000000
21824 -445.0000000000
21865 -444.0000000000
21872 -443.0000000000
21934 -442.0000000000
21944 -440.0000000000
21981 -439.0000000000
22033 -438.0000000000
22060 -437.0000000000
22110 -436.0000000000
22159 -435.0000000000
22169 -434.0000000000
22211 -432.0000000000
22294 -431.0000000000
22367 -430.0000000000
22397 -429.0000000000
22448 -428.0000000000
22471 -427.0000000000
22540 -426.0000000000
22546 -425.0000000000
22601 -424.0000000000
22628 -423.0000000000
22659 -422.0000000000
22682 -420.0000000000
22742 -419.0000000000
22797 -418.0000000000
22826 -417.0000000000
22865 -416.0000000000
22899 -415.0000000000
22902 -413.0000000000
22952 -412.0000000000
23020 -411.0000000000
23035 -410.0000000000
23069 -408.0000000000
23094 -407.0000000000
23184 -406.0000000000
23192 -404.0000000000
23214 -403.0000000000
23291 -402.0000000000
23320 -401.0000000000
23371 -399.0000000000
23388 -398.0000000000
23406 -396.0000000000
23489 -395.0000000000
23490 -394.0000000000
23551 -393.0000000000
23582 -392.0000000000
23610 -391.0000000000
23643 -388.0000000000
23684 -387.0000000000
23737 -385.0000000000
23770 -384.0000000000
23795 -383.0000000000
23847 -382.0000000000
23855 -381.0000000000
23923 -379.0000000000
23961 -378.0000000000
23992 -376.0000000000
24061 -375.0000000000
24115 -374.0000000000
24121 -373.0000000000
24141 -372.0000000000
24261 -371.0000000000
24295 -369.0000000000
24336 -368.0000000000
24384 -367.0000000000
24462 -366.0000000000
24475 -365.0000000000
24500 -364.0000000000
24525 -362.0000000000
24600 -361.0000000000
24602 -360.0000000000
24666 -359.0000000000
24704 -358.0000000000
24723 -357.0000000000
24775 -356.0000000000
24821 -355.0000000000
24880 -354.0000000000
24964 -353.0000000000
25004 -352.0000000000
25046 -351.0000000000
25093 -350.0000000000
25101 -348.0000000000
25184 -347.0000000000
25187 -345.0000000000
25291 -343.0000000000
25293 -341.0000000000
25425 -340.0000000000
25467 -338.0000000000
25583 -337.0000000000
25603 -335.0000000000
25639 -334.0000000000
25650 -333.0000000000
25666 -332.0000000000
25714 -331.0000000000
25775 -330.0000000000
25814 -329.0000000000
25844 -327.0000000000
25862 -325.0000000000
25958 -324.0000000000
25975 -323.0000000000
26025 -322.0000000000
26061 -320.0000000000
26128 -319.0000000000
26130 -318.0000000000
26233 -317.0000000000
26275 -316.0000000000
26317 -314.0000000000
26380 -313.0000000000
26408 -312.0000000000
26439 -311.0000000000
26502 -310.0000000000
26535 -309.0000000000
26541 -308.0000000000
26576 -307.0000000000
26644 -306.0000000000
26682 -304.0000000000
26723 -302.0000000000
26793 -301.0000000000
26869 -300.0000000000
26872 -298.0000000000
26946 -297.0000000000
26993 -296.0000000000
27045 -295.0000000000
27111 -293.0000000000
27152 -292.0000000000
27162 -291.0000000000
27205 -290.0000000000
27243 -289.0000000000
27290 -288.0000000000
27329 -287.0000000000
27360 -286.0000000000
27369 -283.0000000000
27506 -282.0000000000
27523 -280.0000000000
27583 -279.0000000000
27647 -278.0000000000
27691 -276.0000000000
27812 -275.0000000000
27885 -274.0000000000
27893 -273.0000000000
27963 -272.0000000000
27973 -271.0000000000
28006 -270.0000000000
28051 -267.0000000000
28119 -266.0000000000
28159 -264.0000000000
28233 -263.0000000000
28283 -262.0000000000
28294 -260.0000000000
28443 -259.0000000000
28486 -257.0000000000
28529 -256.0000000000
28570 -255.0000000000
28615 -254.0000000000
28637 -253.0000000000
28727 -252.0000000000
28782 -251.0000000000
28815 -250.0000000000
28916 -249.0000000000
28952 -248.0000000000
29016 -247.0000000000
29041 -246.0000000000
29119 -245.0000000000
29204 -244.0000000000
29218 -243.0000000000
29323 -242.0000000000
29371 -241.0000000000
29373 -240.0000000000
29432 -239.0000000000
29459 -237.0000000000
29539 -236.0000000000
29569 -235.0000000000
29609 -233.0000000000
29687 -232.0000000000
29735 -231.0000000000
29738 -230.0000000000
29831 -229.0000000000
29865 -228.0000000000
29911 -227.0000000000
29977 -226.0000000000
30022 -225.0000000000
30134 -224.0000000000
30281 -223.0000000000
30323 -222.0000000000
30365 -221.0000000000
30424 -220.0000000000
30444 -219.0000000000
30449 -218.0000000000
30490 -217.0000000000
30505 -216.0000000000
30546 -215.0000000000
30584 -214.0000000000
30612 -213.0000000000
30657 -210.0000000000
30729 -208.0000000000
30792 -207.0000000000
30809 -206.0000000000
30842 -205.0000000000
30910 -204.0000000000
31014 -203.0000000000
31038 -202.0000000000
31104 -201.0000000000
31184 -199.0000000000
31212 -198.0000000000
31284 -197.0000000000
31328 -196.0000000000
31381 -195.0000000000
31413 -194.0000000000
31443 -192.0000000000
31500 -191.0000000000
31533 -188.0000000000
31633 -187.0000000000
31667 -186.0000000000
31690 -185.0000000000
31693 -184.0000000000
31798 -183.0000000000
31822 -182.0000000000
31832 -181.0000000000
31907 -180.0000000000
31932 -179.0000000000
31941 -178.0000000000
31947 -177.0000000000
31982 -176.0000000000
32070 -174.0000000000
32142 -173.0000000000
32188 -172.0000000000
32251 -170.0000000000
32283 -169.0000000000
32331 -168.0000000000
32354 -167.0000000000
32403 -166.0000000000
32470 -165.0000000000
32529 -163.0000000000
32589 -161.0000000000
32630 -160.0000000000
32685 -159.0000000000
32745 -158.0000000000
32824 -157.0000000000
32835 -155.0000000000
32906 -154.0000000000
32994 -153.0000000000
33044 -152.0000000000
33045 -150.0000000000
33133 -149.0000000000
33206 -148.0000000000
33272 -147.0000000000
33347 -145.0000000000
33373 -143.0000000000
33512 -142.0000000000
33611 -141.0000000000
33671 -139.0000000000
33683 -138.0000000000
33853 -137.0000000000
33902 -136.0000000000
34058 -135.0000000000
34098 -134.0000000000
34102 -133.0000000000
34202 -132.0000000000
34243 -131.0000000000
34344 -130.0000000000
34426 -129.0000000000
34523 -128.0000000000
34560 -127.0000000000
34681 -125.0000000000
34874 -124.0000000000
34925 -121.0000000000
35137 -120.0000000000
35185 -119.0000000000
35242 -118.0000000000
35261 -117.0000000000
35346 -116.0000000000
35385 -115.0000000000
35459 -114.0000000000
35510 -113.0000000000
35543 -112.0000000000
35621 -111.0000000000
35663 -110.0000000000
35800 -109.0000000000
35819 -108.0000000000
35846 -107.0000000000
35963 -106.0000000000
35965 -105.0000000000
35989 -104.0000000000
36099 -102.0000000000
36220 -101.0000000000
36282 -100.0000000000
36438 -99.0000000000
36484 -98.0000000000
36516 -96.0000000000
36527 -95.0000000000
36627 -94.0000000000
36734 -93.0000000000
36822 -92.0000000000
37029 -91.0000000000
37262 -90.0000000000
37335 -89.0000000000
37436 -88.0000000000
37518 -87.0000000000
37551 -86.0000000000
37586 -85.0000000000
37629 -84.0000000000
37724 -83.0000000000
37820 -82.0000000000
37821 -81.0000000000
37876 -80.0000000000
38022 -79.0000000000
38095 -78.0000000000
38204 -77.0000000000
38297 -76.0000000000
38379 -75.0000000000
38388 -74.0000000000
38472 -73.0000000000
38485 -72.0000000000
38558 -71.0000000000
38672 -70.0000000000
38680 -69.0000000000
38695 -68.0000000000
38827 -67.0000000000
39016 -66.0000000000
39132 -65.0000000000
39162 -64.0000000000
39272 -63.0000000000
39395 -62.0000000000
39495 -61.0000000000
39599 -60.0000000000
39654 -59.0000000000
39764 -58.0000000000
39806 -57.0000000000
39946 -56.0000000000
40042 -55.0000000000
40129 -53.0000000000
40179 -52.0000000000
40194 -51.0000000000
40219 -50.0000000000
40428 -49.0000000000
40484 -48.0000000000
40583 -47.0000000000
40722 -46.0000000000
40887 -45.0000000000
40929 -44.0000000000
41023 -43.0000000000
41164 -42.0000000000
41190 -41.0000000000
41360 -40.0000000000
41469 -39.0000000000
41558 -38.0000000000
41661 -37.0000000000
41745 -36.0000000000
41794 -35.0000000000
41970 -34.0000000000
42120 -33.0000000000
42175 -32.0000000000
42295 -31.0000000000
42373 -30.0000000000
42496 -29.0000000000
42578 -28.0000000000
42984 -27.0000000000
43124 -26.0000000000
43202 -24.0000000000
43505 -23.0000000000
43769 -22.0000000000
43997 -21.0000000000
44100 -20.0000000000
44259 -19.0000000000
44418 -18.0000000000
44549 -17.0000000000
44683 -16.0000000000
44845 -15.0000000000
44891 -14.0000000000
45003 -13.0000000000
45092 -12.0000000000
45415 -11.0000000000
45690 -10.0000000000
45863 -9.0000000000
45953 -8.0000000000
46056 -7.0000000000
46153 -6.0000000000
46308 -5.0000000000
46380 -4.0000000000
46507 -3.0000000000
46668 -2.0000000000
46777 -1.0000000000
47333 380.0900000000
47449 383.5500000000
47493 395.8800000000
47633 398.2300000000
47650 407.5800000000
47692 407.7300000000
47784 410.8900000000
48310 416.7300000000
55864 417.0500000000
56742 417.5900000000
62546 423.6200000000
63347 426.3400000000
63648 428.9000000000
63925 432.7000000000
63962 435.9100000000
64243 438.1500000000
64280 440.4000000000
65187 440.5300000000
65313 444.4700000000
66524 453.5400000000
66929 460.3100000000
67959 465.6700000000
71933 468.4300000000
74060 478.9700000000
92849 481.5100000000
92938 482.8200000000
92989 483.0500000000
93098 488.0900000000
93247 491.1900000000
94215 494.7400000000
95205 495.2900000000
95232 514.4700000000
96736 577.8600000000
96840 601.8000000000
96875 605.9700000000
97195 608.1700000000
97386 614.7800000000
97456 617.7600000000
97509 622.7900000000
98036 635.7700000000
100000 587.8500000000
evaluations raw_y
1 -1964.0000000000
2 -1959.0000000000
8 -1945.0000000000
10 -1914.0000000000
26 -1904.0000000000
34 -1900.0000000000
47 -1883.0000000000
75 -1867.0000000000
113 -1849.0000000000
153 -1837.0000000000
182 -1816.0000000000
217 -1795.0000000000
263 -1782.0000000000
272 -1780.0000000000
302 -1774.0000000000
307 -1766.0000000000
317 -1753.0000000000
324 -1751.0000000000
361 -1750.0000000000
362 -1745.0000000000
390 -1743.0000000000
392 -1741.0000000000
405 -1727.0000000000
408 -1726.0000000000
423 -1711.0000000000
441 -1699.0000000000
471 -1695.0000000000
480 -1689.0000000000
522 -1676.0000000000
543 -1675.0000000000
552 -1654.0000000000
604 -1651.0000000000
607 -1645.0000000000
635 -1642.0000000000
640 -1641.0000000000
641 -1639.0000000000
643 -1627.0000000000
664 -1620.0000000000
687 -1598.0000000000
765 -1597.0000000000
781 -1584.0000000000
817 -1577.0000000000
845 -1574.0000000000
846 -1572.0000000000
861 -1571.0000000000
871 -1570.0000000000
886 -1569.0000000000
888 -1565.0000000000
912 -1564.0000000000
922 -1563.0000000000
923 -1555.0000000000
958 -1549.0000000000
982 -1545.0000000000
985 -1538.0000000000
1022 -1534.0000000000
1031 -1532.0000000000
1061 -1527.0000000000
1074 -1525.0000000000
1121 -1523.0000000000
1122 -1516.0000000000
1171 -1514.0000000000
1190 -1512.0000000000
1191 -1511.0000000000
1204 -1508.0000000000
1205 -1506.0000000000
1220 -1505.0000000000
1225 -1500.0000000000
1241 -1499.0000000000
1274 -1493.0000000000
1301 -1491.0000000000
1322 -1490.0000000000
1327 -1485.0000000000
1378 -1484.0000000000
1383 -1482.0000000000
1388 -1481.0000000000
1391 -1477.0000000000
1408 -1473.0000000000
1463 -1470.0000000000
1483 -1468.0000000000
1503 -1465.0000000000
1521 -1461.0000000000
1530 -1460.0000000000
1540 -1458.0000000000
1602 -1457.0000000000
1611 -1454.0000000000
1633 -1452.0000000000
1654 -1450.0000000000
1672 -1447.0000000000
1687 -1446.0000000000
1708 -1444.0000000000
1711 -1443.0000000000
1747 -1442.0000000000
1762 -1441.0000000000
1780 -1440.0000000000
1783 -1439.0000000000
1797 -1435.0000000000
1849 -1434.0000000000
1856 -1433.0000000000
1862 -1431.0000000000
1913 -1430.0000000000
1924 -1427.0000000000
1959 -1426.0000000000
1964 -1422.0000000000
2010 -1420.0000000000
2012 -1419.0000000000
2019 -1417.0000000000
2046 -1416.0000000000
2062 -1413.0000000000
2088 -1411.0000000000
2122 -1410.0000000000
2131 -1409.0000000000
2159 -1407.0000000000
2165 -1406.0000000000
2190 -1404.0000000000
2222 -1402.0000000000
2248 -1399.0000000000
2278 -1398.0000000000
2298 -1396.0000000000
2303 -1394.0000000000
2322 -1393.0000000000
2356 -1392.0000000000
2363 -1391.0000000000
2400 -1390.0000000000
2423 -1387.0000000000
2431 -1385.0000000000
2494 -1384.0000000000
2496 -1383.0000000000
2502 -1382.0000000000
2535 -1379.0000000000
2567 -1377.0000000000
2605 -1376.0000000000
2608 -1375.0000000000
2635 -1374.0000000000
2636 -1372.0000000000
2675 -1369.0000000000
2722 -1368.0000000000
2740 -1366.0000000000
2745 -1364.0000000000
2786 -1363.0000000000
2806 -1362.0000000000
2825 -1360.0000000000
2841 -1359.0000000000
2898 -1358.0000000000
2906 -1357.0000000000
2909 -1356.0000000000
2921 -1355.0000000000
2934 -1350.0000000000
3032 -1349.0000000000
3039 -1348.0000000000
3078 -1347.0000000000
3082 -1345.0000000000
3112 -1344.0000000000
3125 -1343.0000000000
3152 -1342.0000000000
3173 -1340.0000000000
3196 -1339.0000000000
3205 -1337.0000000000
3228 -1335.0000000000
3243 -1333.0000000000
3292 -1332.0000000000
3311 -1329.0000000000
3327 -1327.0000000000
3364 -1325.0000000000
3384 -1322.0000000000
3414 -1321.0000000000
3443 -1319.0000000000
3479 -1317.0000000000
3483 -1315.0000000000
3505 -1313.0000000000
3532 -1312.0000000000
3560 -1311.0000000000
3563 -1309.0000000000
3592 -1308.0000000000
3612 -1306.0000000000
3655 -1305.0000000000
3666 -1302.0000000000
3682 -1301.0000000000
3690 -1298.0000000000
3731 -1296.0000000000
3751 -1295.0000000000
3780 -1294.0000000000
3796 -1293.0000000000
3808 -1292.0000000000
3840 -1290.0000000000
3874 -1289.0000000000
3880 -1285.0000000000
3926 -1284.0000000000
3956 -1283.0000000000
3957 -1282.0000000000
3983 -1281.0000000000
4014 -1280.0000000000
4021 -1279.0000000000
4037 -1278.0000000000
4062 -1277.0000000000
4067 -1276.0000000000
4081 -1274.0000000000
4112 -1273.0000000000
4126 -1272.0000000000
4131 -1271.0000000000
4148 -1269.0000000000
4176 -1266.0000000000
4248 -1260.0000000000
4333 -1259.0000000000
4340 -1257.0000000000
4378 -1256.0000000000
4388 -1255.0000000000
4406 -1253.0000000000
4407 -1250.0000000000
4435 -1249.0000000000
4481 -1248.0000000000
4484 -1247.0000000000
4528 -1246.0000000000
4562 -1245.0000000000
4567 -1244.0000000000
4583 -1242.0000000000
4608 -1236.0000000000
4695 -1232.0000000000
4763 -1228.0000000000
4807 -1227.0000000000
4832 -1224.0000000000
4856 -1223.0000000000
4896 -1222.0000000000
4902 -1220.0000000000
4927 -1218.0000000000
4947 -1217.0000000000
4973 -1216.0000000000
4983 -1213.0000000000
5028 -1212.0000000000
5045 -1211.0000000000
5070 -1210.0000000000
5077 -1209.0000000000
5095 -1205.0000000000
5124 -1204.0000000000
5164 -1201.0000000000
5166 -1200.0000000000
5204 -1199.0000000000
5225 -1198.0000000000
5229 -1196.0000000000
5263 -1194.0000000000
5286 -1193.0000000000
5318 -1192.0000000000
5329 -1191.0000000000
5342 -1190.0000000000
5347 -1189.0000000000
5371 -1187.0000000000
5388 -1186.0000000000
5418 -1185.0000000000
5436 -1184.0000000000
5440 -1183.0000000000
5470 -1182.0000000000
5483 -1179.0000000000
5519 -1178.0000000000
5537 -1177.0000000000
5541 -1175.0000000000
5578 -1171.0000000000
5602 -1170.0000000000
5607 -1169.0000000000
5632 -1168.0000000000
5647 -1167.0000000000
5666 -1166.0000000000
5688 -1164.0000000000
5729 -1163.0000000000
5754 -1162.0000000000
5765 -1160.0000000000
5804 -1158.0000000000
5828 -1157.0000000000
5850 -1156.0000000000
5867 -1154.0000000000
5893 -1153.0000000000
5907 -1150.0000000000
5953 -1149.0000000000
5983 -1145.0000000000
6030 -1144.0000000000
6043 -1141.0000000000
6085 -1140.0000000000
6101 -1138.0000000000
6122 -1136.0000000000
6147 -1135.0000000000
6169 -1133.0000000000
6202 -1131.0000000000
6226 -1130.0000000000
6254 -1129.0000000000
6266 -1128.0000000000
6302 -1127.0000000000
6307 -1126.0000000000
6328 -1124.0000000000
6348 -1123.0000000000
6360 -1122.0000000000
6404 -1121.0000000000
6413 -1120.0000000000
6430 -1118.0000000000
6482 -1114.0000000000
6548 -1113.0000000000
6567 -1112.0000000000
6592 -1111.0000000000
6605 -1108.0000000000
6624 -1106.0000000000
6694 -1104.0000000000
6711 -1103.0000000000
6765 -1102.0000000000
6778 -1099.0000000000
6822 -1098.0000000000
6847 -1097.0000000000
6852 -1096.0000000000
6887 -1095.0000000000
6916 -1093.0000000000
6949 -1092.0000000000
6964 -1091.0000000000
6980 -1089.0000000000
7025 -1088.0000000000
7038 -1087.0000000000
7068 -1086.0000000000
7086 -1085.0000000000
7094 -1084.0000000000
7121 -1083.0000000000
7126 -1082.0000000000
7141 -1080.0000000000
7161 -1079.0000000000
7191 -1078.0000000000
7222 -1076.0000000000
7243 -1075.0000000000
7282 -1072.0000000000
7325 -1069.0000000000
7373 -1068.0000000000
7381 -1067.0000000000
7404 -1065.0000000000
7408 -1062.0000000000
7467 -1061.0000000000
7472 -1060.0000000000
7514 -1059.0000000000
7523 -1057.0000000000
7557 -1056.0000000000
7578 -1054.0000000000
7614 -1053.0000000000
7625 -1052.0000000000
7639 -1049.0000000000
7704 -1048.0000000000
7717 -1047.0000000000
7723 -1046.0000000000
7731 -1045.0000000000
7771 -1044.0000000000
7782 -1042.0000000000
7787 -1040.0000000000
7841 -1038.0000000000
7851 -1037.0000000000
7883 -1036.0000000000
7916 -1035.0000000000
7930 -1034.0000000000
7948 -1033.0000000000
7974 -1031.0000000000
8011 -1030.0000000000
8023 -1028.0000000000
8048 -1027.0000000000
8068 -1026.0000000000
8088 -1024.0000000000
8098 -1023.0000000000
8107 -1021.0000000000
8126 -1019.0000000000
8174 -1018.0000000000
8195 -1017.0000000000
8215 -1016.0000000000
8229 -1011.0000000000
8302 -1009.0000000000
8332 -1006.0000000000
8406 -1004.0000000000
8412 -1003.0000000000
8433 -1002.0000000000
8459 -1000.0000000000
8479 -997.0000000000
8520 -996.0000000000
8524 -995.0000000000
8573 -993.0000000000
8614 -992.0000000000
8617 -991.0000000000
8641 -989.0000000000
8667 -988.0000000000
8729 -987.0000000000
8730 -986.0000000000
8764 -985.0000000000
8783 -984.0000000000
8803 -981.0000000000
8867 -980.0000000000
8890 -978.0000000000
8912 -977.0000000000
8913 -976.0000000000
8942 -975.0000000000
8978 -974.0000000000
8982 -973.0000000000
9016 -970.0000000000
9072 -968.0000000000
9074 -967.0000000000
9086 -965.0000000000
9145 -964.0000000000
9175 -963.0000000000
9186 -962.0000000000
9199 -958.0000000000
9245 -955.0000000000
9310 -954.0000000000
9344 -953.0000000000
9379 -950.0000000000
9385 -948.0000000000
9433 -947.0000000000
9434 -946.0000000000
9479 -944.0000000000
9497 -943.0000000000
9498 -941.0000000000
9551 -940.0000000000
9572 -939.0000000000
9579 -937.0000000000
9595 -936.0000000000
9605 -934.0000000000
9670 -933.0000000000
9706 -931.0000000000
9726 -930.0000000000
9746 -928.0000000000
9795 -927.0000000000
9852 -926.0000000000
9869 -925.0000000000
9870 -924.0000000000
9905 -922.0000000000
9948 -920.0000000000
9981 -919.0000000000
10013 -916.0000000000
10039 -915.0000000000
10060 -914.0000000000
10062 -910.0000000000
10121 -907.0000000000
10149 -906.0000000000
10170 -905.0000000000
10175 -904.0000000000
10224 -902.0000000000
10258 -901.0000000000
10294 -899.0000000000
10350 -897.0000000000
10387 -896.0000000000
10432 -895.0000000000
10464 -893.0000000000
10523 -891.0000000000
10539 -890.0000000000
10587 -889.0000000000
10605 -888.0000000000
10613 -887.0000000000
10625 -886.0000000000
10641 -885.0000000000
10673 -882.0000000000
10685 -881.0000000000
10721 -880.0000000000
10751 -878.0000000000
10764 -877.0000000000
10794 -876.0000000000
10809 -875.0000000000
10835 -872.0000000000
10849 -870.0000000000
10906 -869.0000000000
10931 -868.0000000000
10941 -867.0000000000
10962 -866.0000000000
10966 -865.0000000000
10988 -864.0000000000
11007 -863.0000000000
11008 -862.0000000000
11021 -860.0000000000
11073 -859.0000000000
11099 -857.0000000000
11141 -854.0000000000
11212 -853.0000000000
11244 -852.0000000000
11287 -850.0000000000
11313 -849.0000000000
11324 -848.0000000000
11350 -847.0000000000
11361 -844.0000000000
11387 -843.0000000000
11411 -842.0000000000
11445 -841.0000000000
11451 -840.0000000000
11476 -839.0000000000
11479 -838.0000000000
11502 -837.0000000000
11524 -835.0000000000
11562 -833.0000000000
11590 -832.0000000000
11606 -830.0000000000
11660 -828.0000000000
11681 -826.0000000000
11743 -825.0000000000
11782 -822.0000000000
11821 -821.0000000000
11837 -819.0000000000
11856 -817.0000000000
11903 -816.0000000000
11916 -815.0000000000
11921 -814.0000000000
11942 -812.0000000000
11999 -810.0000000000
12045 -809.0000000000
12097 -808.0000000000
12130 -807.0000000000
12167 -806.0000000000
12186 -805.0000000000
12224 -803.0000000000
12262 -802.0000000000
12298 -801.0000000000
12366 -798.0000000000
12402 -797.0000000000
12443 -796.0000000000
12481 -795.0000000000
12497 -794.0000000000
12541 -793.0000000000
12562 -792.0000000000
12581 -790.0000000000
12626 -789.0000000000
12661 -788.0000000000
12681 -787.0000000000
12750 -786.0000000000
12755 -785.0000000000
12763 -782.0000000000
12815 -781.0000000000
12846 -780.0000000000
12879 -777.0000000000
12922 -776.0000000000
12941 -775.0000000000
12970 -774.0000000000
12998 -773.0000000000
13004 -772.0000000000
13048 -770.0000000000
13107 -768.0000000000
13133 -767.0000000000
13141 -766.0000000000
13182 -765.0000000000
13205 -764.0000000000
13221 -763.0000000000
13233 -761.0000000000
13314 -760.0000000000
13321 -759.0000000000
13346 -758.0000000000
13363 -757.0000000000
13366 -756.0000000000
13411 -755.0000000000
13424 -754.0000000000
13445 -753.0000000000
13456 -749.0000000000
13515 -748.0000000000
13540 -747.0000000000
13576 -746.0000000000
13583 -745.0000000000
13627 -744.0000000000
13645 -743.0000000000
13684 -741.0000000000
13724 -739.0000000000
13742 -738.0000000000
13746 -737.0000000000
13787 -736.0000000000
13816 -735.0000000000
13853 -733.0000000000
13891 -731.0000000000
13905 -729.0000000000
13932 -726.0000000000
13982 -725.0000000000
13985 -724.0000000000
14050 -723.0000000000
14077 -722.0000000000
14105 -721.0000000000
14138 -720.0000000000
14144 -718.0000000000
14161 -717.0000000000
14231 -714.0000000000
14326 -713.0000000000
14330 -712.0000000000
14353 -711.0000000000
14384 -710.0000000000
14401 -709.0000000000
14432 -708.0000000000
14443 -707.0000000000
14473 -706.0000000000
14487 -705.0000000000
14512 -703.0000000000
14541 -701.0000000000
14593 -698.0000000000
14638 -697.0000000000
14656 -696.0000000000
14695 -695.0000000000
14735 -694.0000000000
14771 -693.0000000000
14779 -692.0000000000
14812 -690.0000000000
14861 -689.0000000000
14898 -688.0000000000
14918 -686.0000000000
14946 -685.0000000000
14961 -684.0000000000
15007 -683.0000000000
15016 -682.0000000000
15049 -681.0000000000
15088 -680.0000000000
15116 -678.0000000000
15124 -677.0000000000
15153 -676.0000000000
15161 -675.0000000000
15207 -673.0000000000
15266 -672.0000000000
15284 -671.0000000000
15323 -670.0000000000
15362 -668.0000000000
15391 -667.0000000000
15404 -666.0000000000
15477 -664.0000000000
15531 -661.0000000000
15625 -660.0000000000
15642 -658.0000000000
15671 -657.0000000000
15703 -655.0000000000
15745 -654.0000000000
15773 -653.0000000000
15785 -651.0000000000
15841 -649.0000000000
15848 -648.0000000000
15897 -647.0000000000
15924 -646.0000000000
15958 -645.0000000000
15961 -642.0000000000
16004 -640.0000000000
16044 -639.0000000000
16097 -637.0000000000
16142 -636.0000000000
16165 -635.0000000000
16190 -634.0000000000
16201 -632.0000000000
16265 -630.0000000000
16266 -629.0000000000
16343 -628.0000000000
16370 -627.0000000000
16376 -626.0000000000
16387 -625.0000000000
16422 -624.0000000000
16481 -623.0000000000
16489 -622.0000000000
16527 -621.0000000000
16552 -619.0000000000
16565 -617.0000000000
16623 -616.0000000000
16631 -615.0000000000
16665 -613.0000000000
16703 -611.0000000000
16764 -610.0000000000
16782 -609.0000000000
16783 -608.0000000000
16787 -607.0000000000
16805 -605.0000000000
16836 -603.0000000000
16872 -601.0000000000
16905 -595.0000000000
17053 -594.0000000000
17065 -593.0000000000
17079 -591.0000000000
17103 -590.0000000000
17149 -589.0000000000
17195 -588.0000000000
17209 -587.0000000000
17259 -586.0000000000
17267 -585.0000000000
17296 -584.0000000000
17308 -583.0000000000
17343 -582.0000000000
17358 -581.0000000000
17402 -580.0000000000
17444 -577.0000000000
17480 -576.0000000000
17502 -575.0000000000
17509 -574.0000000000
17565 -572.0000000000
17629 -568.0000000000
17676 -567.0000000000
17706 -565.0000000000
17809 -564.0000000000
17813 -563.0000000000
17862 -562.0000000000
17876 -561.0000000000
17913 -559.0000000000
18002 -558.0000000000
18049 -556.0000000000
18064 -555.0000000000
18122 -554.0000000000
18147 -553.0000000000
18176 -552.0000000000
18225 -551.0000000000
18273 -550.0000000000
18308 -549.0000000000
18312 -548.0000000000
18326 -547.0000000000
18330 -546.0000000000
18355 -543.0000000000
18368 -542.0000000000
18447 -541.0000000000
18466 -536.0000000000
18595 -535.0000000000
18602 -534.0000000000
18685 -531.0000000000
18744 -530.0000000000
18764 -528.0000000000
18793 -527.0000000000
18808 -526.0000000000
18882 -525.0000000000
18895 -523.0000000000
18952 -521.0000000000
18994 -520.0000000000
18998 -519.0000000000
19029 -518.0000000000
19058 -516.0000000000
19101 -515.0000000000
19144 -514.0000000000
19163 -513.0000000000
19211 -512.0000000000
19260 -511.0000000000
19324 -510.0000000000
19353 -509.0000000000
19425 -507.0000000000
19517 -505.0000000000
19551 -504.0000000000
19646 -503.0000000000
19670 -502.0000000000
19710 -501.0000000000
19745 -500.0000000000
19787 -499.0000000000
19813 -498.0000000000
19836 -497.0000000000
19846 -496.0000000000
19881 -494.0000000000
19980 -492.0000000000
20004 -491.0000000000
20026 -490.0000000000
20095 -488.0000000000
20121 -487.0000000000
20189 -486.0000000000
20195 -485.0000000000
20248 -482.0000000000
20285 -480.0000000000
20340 -479.0000000000
20389 -478.0000000000
20405 -476.0000000000
20482 -475.0000000000
20513 -474.0000000000
20547 -473.0000000000
20572 -472.0000000000
20621 -470.0000000000
20668 -468.0000000000
20688 -467.0000000000
20731 -465.0000000000
20773 -464.0000000000
20833 -462.0000000000
20917 -461.0000000000
20927 -460.0000000000
20948 -458.0000000000
20982 -456.0000000000
21043 -455.0000000000
21111 -452.0000000000
21162 -451.0000000000
21203 -450.0000000000
21211 -448.0000000000
21268 -446.0000000000
21365 -445.0000000000
21389 -443.0000000000
21471 -442.0000000000
21491 -439.0000000000
21548 -438.0000000000
21603 -437.0000000000
21622 -436.0000000000
21701 -433.0000000000
21750 -432.0000000000
21760 -431.0000000000
21799 -428.0000000000
21847 -426.0000000000
21900 -425.0000000000
21901 -424.0000000000
21934 -423.0000000000
21961 -421.0000000000
22088 -419.0000000000
22117 -418.0000000000
22170 -417.0000000000
22185 -415.0000000000
22222 -414.0000000000
22268 -413.0000000000
22323 -410.0000000000
22368 -406.0000000000
22526 -403.0000000000
22629 -402.0000000000
22699 -400.0000000000
22750 -399.0000000000
22811 -398.0000000000
22849 -397.0000000000
22865 -396.0000000000
22921 -395.0000000000
22944 -394.0000000000
23059 -393.0000000000
23079 -392.0000000000
23150 -391.0000000000
23168 -389.0000000000
23196 -388.0000000000
23271 -387.0000000000
23302 -385.0000000000
23387 -383.0000000000
23441 -382.0000000000
23518 -381.0000000000
23563 -379.0000000000
23626 -378.0000000000
23657 -377.0000000000
23676 -376.0000000000
23734 -375.0000000000
23786 -374.0000000000
23804 -373.0000000000
23870 -372.0000000000
23878 -371.0000000000
23893 -370.0000000000
23927 -368.0000000000
24033 -367.0000000000
24053 -366.0000000000
24097 -365.0000000000
24124 -364.0000000000
24149 -363.0000000000
24186 -361.0000000000
24245 -359.0000000000
24261 -357.0000000000
24351 -353.0000000000
24399 -352.0000000000
24449 -350.0000000000
24550 -349.0000000000
24590 -348.0000000000
24642 -347.0000000000
24667 -345.0000000000
24719 -344.0000000000
24733 -343.0000000000
24789 -341.0000000000
24820 -340.0000000000
24853 -339.0000000000
24904 -338.0000000000
24940 -336.0000000000
24985 -334.0000000000
25061 -333.0000000000
25063 -332.0000000000
25096 -331.0000000000
25139 -330.0000000000
25253 -329.0000000000
25267 -328.0000000000
25304 -327.0000000000
25339 -326.0000000000
25351 -325.0000000000
25418 -324.0000000000
25442 -323.0000000000
25527 -322.0000000000
25542 -321.0000000000
25593 -320.0000000000
25624 -319.0000000000
25641 -318.0000000000
25667 -317.0000000000
25684 -316.0000000000
25768 -315.0000000000
25781 -314.0000000000
25813 -313.0000000000
25890 -311.0000000000
25985 -310.0000000000
26005 -309.0000000000
26027 -308.0000000000
26059 -307.0000000000
26122 -305.0000000000
26158 -304.0000000000
26194 -302.0000000000
26221 -301.0000000000
26300 -299.0000000000
26347 -298.0000000000
26415 -297.0000000000
26421 -296.0000000000
26497 -295.0000000000
26542 -293.0000000000
26587 -292.0000000000
26669 -291.0000000000
26689 -289.0000000000
26745 -288.0000000000
26826 -287.0000000000
26848 -286.0000000000
26882 -285.0000000000
26925 -284.0000000000
26958 -283.0000000000
27059 -282.0000000000
27064 -280.0000000000
27129 -279.0000000000
27142 -278.0000000000
27211 -277.0000000000
27237 -276.0000000000
27279 -275.0000000000
27333 -274.0000000000
27342 -272.0000000000
27413 -271.0000000000
27460 -270.0000000000
27470 -269.0000000000
27521 -268.0000000000
27527 -267.0000000000
27599 -265.0000000000
27623 -264.0000000000
27699 -262.0000000000
27758 -260.0000000000
27855 -259.0000000000
27859 -258.0000000000
27940 -257.0000000000
27979 -256.0000000000
27995 -255.0000000000
28070 -254.0000000000
28102 -253.0000000000
28165 -252.0000000000
28171 -251.0000000000
28280 -250.0000000000
28306 -249.0000000000
28357 -248.0000000000
28375 -247.0000000000
28441 -246.0000000000
28554 -244.0000000000
28555 -242.0000000000
28601 -241.0000000000
28673 -240.0000000000
28705 -238.0000000000
28841 -237.0000000000
28888 -236.0000000000
28949 -235.0000000000
29041 -234.0000000000
29075 -233.0000000000
29136 -232.0000000000
29191 -231.0000000000
29241 -230.0000000000
29320 -229.0000000000
29374 -228.0000000000
29441 -227.0000000000
29478 -225.0000000000
29501 -223.0000000000
29590 -222.0000000000
29596 -221.0000000000
29636 -220.0000000000
29698 -219.0000000000
29705 -218.0000000000
29768 -217.0000000000
29865 -216.0000000000
29920 -214.0000000000
30003 -213.0000000000
30046 -212.0000000000
30099 -211.0000000000
30177 -210.0000000000
30203 -209.0000000000
30278 -208.0000000000
30283 -206.0000000000
30343 -205.0000000000
30426 -203.0000000000
30562 -202.0000000000
30585 -201.0000000000
30627 -200.0000000000
30723 -199.0000000000
30783 -198.0000000000
30863 -197.0000000000
30887 -196.0000000000
30962 -195.0000000000
31004 -193.0000000000
31062 -192.0000000000
31145 -191.0000000000
31203 -190.0000000000
31262 -189.0000000000
31316 -188.0000000000
31366 -186.0000000000
31496 -185.0000000000
31525 -184.0000000000
31601 -183.0000000000
31637 -182.0000000000
31671 -181.0000000000
31703 -180.0000000000
31773 -179.0000000000
31829 -178.0000000000
31846 -177.0000000000
31936 -176.0000000000
31943 -175.0000000000
31968 -173.0000000000
32041 -171.0000000000
32184 -170.0000000000
32275 -169.0000000000
32325 -168.0000000000
32387 -167.0000000000
32486 -166.0000000000
32490 -165.0000000000
32537 -161.0000000000
32696 -160.0000000000
32728 -159.0000000000
32738 -158.0000000000
32790 -157.0000000000
32821 -156.0000000000
32884 -155.0000000000
32904 -154.0000000000
32930 -153.0000000000
32973 -152.0000000000
33025 -151.0000000000
33083 -150.0000000000
33144 -149.0000000000
33183 -148.0000000000
33207 -147.0000000000
33317 -145.0000000000
33358 -144.0000000000
33497 -143.0000000000
33595 -142.0000000000
33629 -141.0000000000
33746 -140.0000000000
33761 -139.0000000000
33842 -138.0000000000
33861 -137.0000000000
33972 -136.0000000000
33981 -135.0000000000
34002 -134.0000000000
34042 -133.0000000000
34068 -132.0000000000
34146 -131.0000000000
34223 -129.0000000000
34300 -128.0000000000
34343 -127.0000000000
34365 -126.0000000000
34502 -124.0000000000
34621 -123.0000000000
34713 -122.0000000000
34739 -121.0000000000
35013 -120.0000000000
35266 -119.0000000000
35355 -118.0000000000
35426 -117.0000000000
35526 -116.0000000000
35706 -115.0000000000
35773 -114.0000000000
35889 -113.0000000000
35921 -111.0000000000
36006 -110.0000000000
36065 -109.0000000000
36142 -108.0000000000
36188 -107.0000000000
36277 -106.0000000000
36371 -105.0000000000
36418 -104.0000000000
36507 -103.0000000000
36549 -102.0000000000
36660 -101.0000000000
36798 -100.0000000000
36807 -99.0000000000
36939 -98.0000000000
37003 -97.0000000000
37115 -96.0000000000
37199 -95.0000000000
37382 -94.0000000000
37476 -93.0000000000
37514 -92.0000000000
37547 -91.0000000000
37601 -88.0000000000
37706 -87.0000000000
37786 -86.0000000000
37788 -85.0000000000
37869 -84.0000000000
37972 -83.0000000000
38042 -82.0000000000
38103 -81.0000000000
38172 -80.0000000000
38251 -79.0000000000
38346 -78.0000000000
38457 -77.0000000000
38534 -76.0000000000
38585 -75.0000000000
38692 -74.0000000000
38825 -73.0000000000
39073 -72.0000000000
39103 -71.0000000000
39123 -70.0000000000
39223 -69.0000000000
39267 -68.0000000000
39295 -66.0000000000
39423 -65.0000000000
39492 -64.0000000000
39624 -63.0000000000
39684 -62.0000000000
39714 -61.0000000000
39811 -60.0000000000
39851 -59.0000000000
39924 -58.0000000000
40015 -57.0000000000
40049 -56.0000000000
40058 -55.0000000000
40128 -54.0000000000
40194 -53.0000000000
40252 -52.0000000000
40326 -51.0000000000
40375 -50.0000000000
40413 -49.0000000000
40454 -48.0000000000
40456 -47.0000000000
40546 -46.0000000000
40647 -45.0000000000
40721 -44.0000000000
40734 -42.0000000000
40889 -41.0000000000
40976 -40.0000000000
41318 -39.0000000000
41425 -38.0000000000
41573 -37.0000000000
41663 -36.0000000000
41781 -35.0000000000
41919 -34.0000000000
41949 -33.0000000000
42073 -32.0000000000
42154 -31.0000000000
42230 -30.0000000000
42415 -29.0000000000
42522 -28.0000000000
42676 -27.0000000000
42878 -26.0000000000
43049 -25.0000000000
43361 -24.0000000000
43405 -23.0000000000
43458 -22.0000000000
43546 -21.0000000000
43624 -20.0000000000
43643 -19.0000000000
43745 -18.0000000000
43944 -17.0000000000
44096 -16.0000000000
44184 -15.0000000000
44253 -14.0000000000
44450 -13.0000000000
44676 -12.0000000000
44769 -11.0000000000
44953 -10.0000000000
44970 -9.0000000000
45025 -8.0000000000
45083 -7.0000000000
45278 -6.0000000000
45377 -5.0000000000
45525 -4.0000000000
45979 -3.0000000000
46254 -2.0000000000
46426 -1.0000000000
46631 333.7900000000
46718 341.1600000000
46790 343.3400000000
46830 346.1800000000
46881 349.1600000000
46903 360.3500000000
46937 364.8400000000
47658 369.7100000000
47827 372.6500000000
47898 377.5800000000
48046 379.0400000000
48244 379.6600000000
49897 386.6000000000
55511 387.8400000000
55783 388.0500000000
57906 388.2800000000
61740 389.7200000000
63324 390.2100000000
65145 391.1600000000
71823 396.0600000000
79610 461.0900000000
79629 477.8800000000
79753 479.4000000000
79835 481.7700000000
79891 490.7500000000
79909 495.0400000000
81255 505.1000000000
86793 507.4700000000
88734 508.3500000000
88887 508.8900000000
91315 509.7900000000
92810 515.8000000000
93494 517.3500000000
93806 520.8400000000
93840 523.3200000000
93875 530.8800000000
93882 598.8600000000
94131 600.6700000000
94200 614.7500000000
94642 617.4900000000
94867 621.5100000000
94897 629.8600000000
100000 -1.0000000000
evaluations raw_y
1 -1961.0000000000
5 -1951.0000000000
7 -1948.0000000000
11 -1919.0000000000
16 -1892.0000000000
58 -1858.0000000000
81 -1848.0000000000
119 -1844.0000000000
121 -1836.0000000000
129 -1829.0000000000
142 -1828.0000000000
148 -1819.0000000000
166 -1803.0000000000
196 -1800.0000000000
215 -1796.0000000000
221 -1784.0000000000
246 -1776.0000000000
269 -1771.0000000000
297 -1765.0000000000
308 -1764.0000000000
313 -1757.0000000000
314 -1756.0000000000
334 -1748.0000000000
335 -1740.0000000000
352 -1727.0000000000
361 -1726.0000000000
362 -1711.0000000000
404 -1709.0000000000
406 -1706.0000000000
420 -1698.0000000000
421 -1690.0000000000
447 -1683.0000000000
501 -1678.0000000000
505 -1675.0000000000
509 -1670.0000000000
530 -1654.0000000000
546 -1652.0000000000
551 -1650.0000000000
565 -1647.0000000000
572 -1643.0000000000
592 -1640.0000000000
620 -1634.0000000000
625 -1629.0000000000
629 -1621.0000000000
662 -1616.0000000000
666 -1610.0000000000
685 -1601.0000000000
706 -1598.0000000000
738 -1595.0000000000
752 -1593.0000000000
768 -1592.0000000000
772 -1591.0000000000
784 -1588.0000000000
803 -1587.0000000000
806 -1579.0000000000
850 -1577.0000000000
865 -1576.0000000000
866 -1570.0000000000
869 -1567.0000000000
932 -1566.0000000000
947 -1561.0000000000
970 -1560.0000000000
974 -1558.0000000000
982 -1547.0000000000
1075 -1546.0000000000
1082 -1545.0000000000
1084 -1541.0000000000
1092 -1539.0000000000
1122 -1537.0000000000
1141 -1536.0000000000
1146 -1534.0000000000
1169 -1532.0000000000
1171 -1528.0000000000
1198 -1527.0000000000
1204 -1526.0000000000
1219 -1524.0000000000
1238 -1522.0000000000
1249 -1517.0000000000
1301 -1513.0000000000
1328 -1512.0000000000
1347 -1508.0000000000
1394 -1505.0000000000
1405 -1504.0000000000
1412 -1500.0000000000
1464 -1499.0000000000
1487 -1498.0000000000
1511 -1494.0000000000
1576 -1491.0000000000
1592 -1490.0000000000
1605 -1489.0000000000
1636 -1487.0000000000
1649 -1485.0000000000
1675 -1484.0000000000
1682 -1483.0000000000
1712 -1480.0000000000
1741 -1476.0000000000
1791 -1475.0000000000
1809 -1474.0000000000
1861 -1473.0000000000
1875 -1472.0000000000
1904 -1470.0000000000
1917 -1468.0000000000
1941 -1466.0000000000
1996 -1464.0000000000
2049 -1463.0000000000
2067 -1462.0000000000
2068 -1458.0000000000
2094 -1457.0000000000
2137 -1453.0000000000
2188 -1451.0000000000
2215 -1449.0000000000
2221 -1448.0000000000
2246 -1446.0000000000
2293 -1445.0000000000
2308 -1444.0000000000
2339 -1442.0000000000
2354 -1441.0000000000
2382 -1440.0000000000
2406 -1437.0000000000
2425 -1436.0000000000
2450 -1434.0000000000
2491 -1433.0000000000
2504 -1431.0000000000
2512 -1429.0000000000
2563 -1428.0000000000
2580 -1426.0000000000
2603 -1425.0000000000
2616 -1423.0000000000
2643 -1420.0000000000
2683 -1418.0000000000
2741 -1414.0000000000
2756 -1413.0000000000
2802 -1410.0000000000
2819 -1409.0000000000
2827 -1407.0000000000
2834 -1406.0000000000
2865 -1404.0000000000
2898 -1403.0000000000
2901 -1400.0000000000
2933 -1399.0000000000
2955 -1397.0000000000
2962 -1396.0000000000
2984 -1394.0000000000
3004 -1393.0000000000
3031 -1392.0000000000
3033 -1390.0000000000
3069 -1388.0000000000
3071 -1387.0000000000
3080 -1386.0000000000
3125 -1384.0000000000
3147 -1383.0000000000
3163 -1382.0000000000
3177 -1381.0000000000
3196 -1377.0000000000
3231 -1375.0000000000
3242 -1374.0000000000
3301 -1370.0000000000
3331 -1369.0000000000
3334 -1367.0000000000
3344 -1366.0000000000
3389 -1364.0000000000
3416 -1360.0000000000
3465 -1359.0000000000
3474 -1357.0000000000
3503 -1355.0000000000
3534 -1352.0000000000
3562 -1351.0000000000
3594 -1350.0000000000
3604 -1349.0000000000
3623 -1348.0000000000
3658 -1347.0000000000
3668 -1346.0000000000
3689 -1345.0000000000
3705 -1344.0000000000
3707 -1343.0000000000
3741 -1342.0000000000
3746 -1341.0000000000
3749 -1340.0000000000
3787 -1339.0000000000
3798 -1338.0000000000
3836 -1337.0000000000
3844 -1334.0000000000
3890 -1332.0000000000
3904 -1331.0000000000
3917 -1329.0000000000
3946 -1328.0000000000
3957 -1327.0000000000
3966 -1324.0000000000
4027 -1323.0000000000
4040 -1322.0000000000
4042 -1320.0000000000
4057 -1319.0000000000
4086 -1318.0000000000
4105 -1317.0000000000
4114 -1314.0000000000
4145 -1313.0000000000
4168 -1311.0000000000
4222 -1310.0000000000
4239 -1309.0000000000
4268 -1308.0000000000
4275 -1307.0000000000
4291 -1305.0000000000
4326 -1304.0000000000
4338 -1303.0000000000
4356 -1302.0000000000
4381 -1301.0000000000
4393 -1299.0000000000
4406 -1298.0000000000
4416 -1297.0000000000
4421 -1295.0000000000
4466 -1294.0000000000
4523 -1291.0000000000
4532 -1288.0000000000
4600 -1284.0000000000
4631 -1283.0000000000
4654 -1280.0000000000
4724 -1279.0000000000
4737 -1277.0000000000
4774 -1274.0000000000
4833 -1272.0000000000
4848 -1271.0000000000
4881 -1269.0000000000
4908 -1268.0000000000
4931 -1267.0000000000
4976 -1266.0000000000
4977 -1265.0000000000
5007 -1263.0000000000
5015 -1262.0000000000
5058 -1261.0000000000
5081 -1259.0000000000
5117 -1258.0000000000
5118 -1257.0000000000
5121 -1256.0000000000
5161 -1255.0000000000
5190 -1254.0000000000
5203 -1253.0000000000
5234 -1251.0000000000
5269 -1249.0000000000
5310 -1248.0000000000
5330 -1247.0000000000
5347 -1245.0000000000
5398 -1244.0000000000
5435 -1241.0000000000
5492 -1239.0000000000
5505 -1237.0000000000
5519 -1236.0000000000
5555 -1235.0000000000
5570 -1234.0000000000
5576 -1231.0000000000
5614 -1230.0000000000
5644 -1228.0000000000
5668 -1227.0000000000
5697 -1226.0000000000
5723 -1224.0000000000
5768 -1223.0000000000
5782 -1222.0000000000
5790 -1220.0000000000
5825 -1219.0000000000
5864 -1218.0000000000
5886 -1217.0000000000
5901 -1215.0000000000
5943 -1214.0000000000
5959 -1213.0000000000
5997 -1212.0000000000
6012 -1209.0000000000
6033 -1207.0000000000
6058 -1204.0000000000
6143 -1201.0000000000
6185 -1200.0000000000
6193 -1199.0000000000
6211 -1198.0000000000
6213 -1196.0000000000
6232 -1194.0000000000
6309 -1193.0000000000
6326 -1192.0000000000
6328 -1190.0000000000
6343 -1189.0000000000
6391 -1188.0000000000
6399 -1186.0000000000
6403 -1185.0000000000
6459 -1184.0000000000
6465 -1179.0000000000
6563 -1178.0000000000
6564 -1177.0000000000
6574 -1175.0000000000
6581 -1174.0000000000
6606 -1173.0000000000
6629 -1172.0000000000
6630 -1170.0000000000
6676 -1169.0000000000
6688 -1165.0000000000
6714 -1164.0000000000
6731 -1163.0000000000
6752 -1162.0000000000
6764 -1160.0000000000
6801 -1159.0000000000
6803 -1157.0000000000
6821 -1153.0000000000
6897 -1151.0000000000
6928 -1150.0000000000
6933 -1149.0000000000
6942 -1148.0000000000
6976 -1145.0000000000
7029 -1144.0000000000
7044 -1143.0000000000
7080 -1142.0000000000
7088 -1141.0000000000
7101 -1140.0000000000
7137 -1138.0000000000
7187 -1137.0000000000
7188 -1134.0000000000
7242 -1133.0000000000
7247 -1132.0000000000
7277 -1131.0000000000
7292 -1125.0000000000
7326 -1123.0000000000
7403 -1121.0000000000
7426 -1120.0000000000
7461 -1118.0000000000
7480 -1117.0000000000
7515 -1116.0000000000
7522 -1115.0000000000
7539 -1113.0000000000
7549 -1112.0000000000
7563 -1111.0000000000
7598 -1110.0000000000
7605 -1108.0000000000
7673 -1107.0000000000
7681 -1106.0000000000
7690 -1105.0000000000
7716 -1104.0000000000
7751 -1103.0000000000
7767 -1102.0000000000
7782 -1101.0000000000
7800 -1100.0000000000
7810 -1099.0000000000
7845 -1095.0000000000
7887 -1094.0000000000
7909 -1090.0000000000
7963 -1088.0000000000
8030 -1086.0000000000
8074 -1083.0000000000
8120 -1082.0000000000
8131 -1081.0000000000
8145 -1079.0000000000
8201 -1078.0000000000
8251 -1077.0000000000
8268 -1076.0000000000
8283 -1075.0000000000
8325 -1074.0000000000
8337 -1073.0000000000
8353 -1071.0000000000
8393 -1069.0000000000
8443 -1067.0000000000
8483 -1066.0000000000
8487 -1065.0000000000
8500 -1064.0000000000
8549 -1062.0000000000
8572 -1060.0000000000
8579 -1059.0000000000
8581 -1058.0000000000
8586 -1056.0000000000
8687 -1055.0000000000
8692 -1054.0000000000
8703 -1053.0000000000
8737 -1052.0000000000
8757 -1051.0000000000
8760 -1050.0000000000
8778 -1048.0000000000
8809 -1047.0000000000
8844 -1046.0000000000
8846 -1045.0000000000
8848 -1044.0000000000
8886 -1039.0000000000
8986 -1038.0000000000
8995 -1036.0000000000
9001 -1035.0000000000
9029 -1033.0000000000
9041 -1032.0000000000
9085 -1030.0000000000
9128 -1029.0000000000
9130 -1027.0000000000
9147 -1023.0000000000
9203 -1022.0000000000
9234 -1021.0000000000
9266 -1018.0000000000
9322 -1015.0000000000
9362 -1014.0000000000
9382 -1013.0000000000
9387 -1008.0000000000
9412 -1007.0000000000
9471 -1006.0000000000
9487 -1004.0000000000
9524 -1003.0000000000
9530 -1001.0000000000
9547 -1000.0000000000
9576 -998.0000000000
9621 -996.0000000000
9666 -994.0000000000
9686 -992.0000000000
9731 -991.0000000000
9775 -990.0000000000
9789 -989.0000000000
9809 -988.0000000000
9834 -985.0000000000
9868 -984.0000000000
9922 -983.0000000000
9925 -982.0000000000
9945 -981.0000000000
9951 -979.0000000000
9969 -977.0000000000
10011 -976.0000000000
10048 -975.0000000000
10064 -974.0000000000
10080 -972.0000000000
10089 -971.0000000000
10122 -969.0000000000
10143 -968.0000000000
10173 -966.0000000000
10178 -965.0000000000
10201 -964.0000000000
10224 -963.0000000000
10243 -961.0000000000
10268 -960.0000000000
10302 -958.0000000000
10363 -957.0000000000
10394 -955.0000000000
10419 -954.0000000000
10459 -953.0000000000
10471 -949.0000000000
10525 -948.0000000000
10585 -947.0000000000
10589 -946.0000000000
10601 -945.0000000000
10607 -944.0000000000
10628 -943.0000000000
10650 -942.0000000000
10665 -941.0000000000
10693 -940.0000000000
10702 -937.0000000000
10723 -936.0000000000
10796 -935.0000000000
10825 -934.0000000000
10853 -933.0000000000
10887 -930.0000000000
10916 -927.0000000000
10970 -925.0000000000
10983 -922.0000000000
11029 -919.0000000000
11084 -916.0000000000
11151 -914.0000000000
11179 -912.0000000000
11216 -910.0000000000
11261 -909.0000000000
11303 -908.0000000000
11309 -907.0000000000
11331 -906.0000000000
11346 -905.0000000000
11384 -902.0000000000
11440 -900.0000000000
11459 -899.0000000000
11490 -898.0000000000
11518 -897.0000000000
11535 -896.0000000000
11561 -894.0000000000
11592 -892.0000000000
11652 -891.0000000000
11665 -890.0000000000
11666 -889.0000000000
11669 -887.0000000000
11741 -886.0000000000
11754 -884.0000000000
11764 -882.0000000000
11811 -881.0000000000
11813 -880.0000000000
11829 -879.0000000000
11837 -876.0000000000
11923 -875.0000000000
11961 -874.0000000000
11979 -873.0000000000
11983 -872.0000000000
12007 -870.0000000000
12041 -869.0000000000
12044 -867.0000000000
12064 -865.0000000000
12103 -863.0000000000
12104 -862.0000000000
12138 -860.0000000000
12179 -859.0000000000
12182 -858.0000000000
12202 -857.0000000000
12229 -856.0000000000
12234 -855.0000000000
12236 -854.0000000000
12293 -853.0000000000
12326 -851.0000000000
12342 -850.0000000000
12378 -849.0000000000
12387 -848.0000000000
12403 -847.0000000000
12412 -845.0000000000
12466 -844.0000000000
12474 -842.0000000000
12487 -840.0000000000
12553 -838.0000000000
12581 -837.0000000000
12589 -836.0000000000
12615 -834.0000000000
12623 -831.0000000000
12666 -830.0000000000
12733 -829.0000000000
12738 -828.0000000000
12747 -827.0000000000
12748 -826.0000000000
12754 -825.0000000000
12778 -824.0000000000
12809 -823.0000000000
12838 -822.0000000000
12842 -821.0000000000
12868 -819.0000000000
12879 -818.0000000000
12911 -817.0000000000
12953 -816.0000000000
12977 -815.0000000000
12989 -814.0000000000
12991 -813.0000000000
13031 -812.0000000000
13082 -810.0000000000
13100 -808.0000000000
13128 -807.0000000000
13163 -806.0000000000
13182 -805.0000000000
13204 -804.0000000000
13209 -802.0000000000
13263 -801.0000000000
13284 -800.0000000000
13298 -799.0000000000
13305 -798.0000000000
13354 -797.0000000000
13372 -796.0000000000
13381 -795.0000000000
13433 -794.0000000000
13449 -793.0000000000
13472 -791.0000000000
13486 -790.0000000000
13523 -789.0000000000
13553 -788.0000000000
13563 -787.0000000000
13577 -786.0000000000
13609 -785.0000000000
13646 -784.0000000000
13672 -783.0000000000
13698 -782.0000000000
13705 -779.0000000000
13724 -778.0000000000
13802 -777.0000000000
13819 -776.0000000000
13844 -775.0000000000
13884 -773.0000000000
13906 -771.0000000000
13950 -768.0000000000
14031 -767.0000000000
14041 -766.0000000000
14057 -765.0000000000
14098 -764.0000000000
14103 -763.0000000000
14127 -762.0000000000
14174 -761.0000000000
14180 -760.0000000000
14183 -759.0000000000
14241 -758.0000000000
14254 -757.0000000000
14311 -754.0000000000
14411 -753.0000000000
14436 -751.0000000000
14480 -750.0000000000
14524 -748.0000000000
14561 -747.0000000000
14588 -745.0000000000
14642 -744.0000000000
14662 -743.0000000000
14682 -740.0000000000
14733 -739.0000000000
14756 -737.0000000000
14782 -733.0000000000
14824 -732.0000000000
14864 -731.0000000000
14894 -730.0000000000
14916 -729.0000000000
14941 -728.0000000000
14951 -727.0000000000
14985 -725.0000000000
15030 -724.0000000000
15074 -723.0000000000
15085 -722.0000000000
15125 -717.0000000000
15214 -716.0000000000
15215 -714.0000000000
15265 -713.0000000000
15268 -712.0000000000
15292 -710.0000000000
15336 -709.0000000000
15369 -707.0000000000
15401 -705.0000000000
15452 -704.0000000000
15482 -703.0000000000
15507 -702.0000000000
15531 -701.0000000000
15532 -700.0000000000
15575 -699.0000000000
15615 -695.0000000000
15690 -693.0000000000
15695 -691.0000000000
15777 -690.0000000000
15782 -689.0000000000
15825 -687.0000000000
15836 -686.0000000000
15900 -685.0000000000
15936 -684.0000000000
15944 -683.0000000000
15988 -682.0000000000
16020 -681.0000000000
16027 -680.0000000000
16042 -679.0000000000
16101 -678.0000000000
16126 -675.0000000000
16169 -673.0000000000
16208 -672.0000000000
16232 -670.0000000000
16258 -669.0000000000
16261 -667.0000000000
16333 -665.0000000000
16385 -663.0000000000
16404 -662.0000000000
16439 -661.0000000000
16464 -660.0000000000
16494 -659.0000000000
16514 -656.0000000000
16576 -654.0000000000
16590 -653.0000000000
16650 -652.0000000000
16657 -651.0000000000
16704 -650.0000000000
16719 -649.0000000000
16742 -648.0000000000
16839 -647.0000000000
16848 -646.0000000000
16881 -645.0000000000
16914 -643.0000000000
16987 -642.0000000000
17011 -641.0000000000
17023 -637.0000000000
17117 -636.0000000000
17134 -635.0000000000
17182 -634.0000000000
17194 -633.0000000000
17216 -632.0000000000
17240 -629.0000000000
17359 -628.0000000000
17363 -627.0000000000
17418 -626.0000000000
17431 -625.0000000000
17472 -623.0000000000
17510 -622.0000000000
17569 -621.0000000000
17591 -620.0000000000
17621 -619.0000000000
17624 -618.0000000000
17664 -617.0000000000
17671 -616.0000000000
17744 -615.0000000000
17750 -614.0000000000
17752 -612.0000000000
17826 -611.0000000000
17875 -610.0000000000
17888 -609.0000000000
17889 -607.0000000000
17950 -605.0000000000
17992 -604.0000000000
18031 -603.0000000000
18034 -600.0000000000
18090 -597.0000000000
18145 -593.0000000000
18260 -592.0000000000
18276 -589.0000000000
18309 -588.0000000000
18349 -587.0000000000
18386 -584.0000000000
18401 -583.0000000000
18457 -582.0000000000
18466 -581.0000000000
18523 -580.0000000000
18524 -579.0000000000
18566 -575.0000000000
18622 -572.0000000000
18691 -571.0000000000
18722 -570.0000000000
18742 -569.0000000000
18761 -568.0000000000
18793 -567.0000000000
18831 -565.0000000000
18873 -564.0000000000
18886 -563.0000000000
18912 -562.0000000000
18922 -561.0000000000
18986 -559.0000000000
19025 -558.0000000000
19026 -557.0000000000
19062 -554.0000000000
19120 -553.0000000000
19137 -551.0000000000
19154 -550.0000000000
19175 -548.0000000000
19202 -543.0000000000
19330 -542.0000000000
19335 -540.0000000000
19391 -539.0000000000
19402 -538.0000000000
19453 -537.0000000000
19468 -535.0000000000
19496 -534.0000000000
19548 -533.0000000000
19576 -532.0000000000
19587 -531.0000000000
19637 -529.0000000000
19678 -528.0000000000
19739 -527.0000000000
19746 -526.0000000000
19749 -525.0000000000
19781 -524.0000000000
19794 -523.0000000000
19806 -521.0000000000
19857 -519.0000000000
19925 -518.0000000000
19942 -515.0000000000
19982 -514.0000000000
20063 -513.0000000000
20085 -512.0000000000
20090 -511.0000000000
20166 -509.0000000000
20188 -508.0000000000
20247 -507.0000000000
20298 -506.0000000000
20299 -504.0000000000
20351 -502.0000000000
20391 -501.0000000000
20420 -500.0000000000
20448 -499.0000000000
20463 -498.0000000000
20505 -497.0000000000
20559 -496.0000000000
20560 -495.0000000000
20625 -493.0000000000
20674 -492.0000000000
20687 -491.0000000000
20712 -490.0000000000
20798 -489.0000000000
20821 -488.0000000000
20859 -486.0000000000
20889 -485.0000000000
20913 -484.0000000000
20983 -483.0000000000
21021 -482.0000000000
21024 -481.0000000000
21083 -480.0000000000
21106 -479.0000000000
21152 -477.0000000000
21187 -476.0000000000
21201 -475.0000000000
21243 -474.0000000000
21315 -472.0000000000
21425 -471.0000000000
21457 -467.0000000000
21527 -466.0000000000
21549 -465.0000000000
21563 -463.0000000000
21657 -462.0000000000
21666 -460.0000000000
21726 -458.0000000000
21759 -457.0000000000
21793 -456.0000000000
21800 -455.0000000000
21838 -454.0000000000
21858 -453.0000000000
21874 -450.0000000000
21930 -449.0000000000
21997 -446.0000000000
22078 -445.0000000000
22083 -444.0000000000
22114 -443.0000000000
22148 -442.0000000000
22149 -440.0000000000
22226 -438.0000000000
22238 -436.0000000000
22281 -435.0000000000
22329 -434.0000000000
22339 -433.0000000000
22410 -432.0000000000
22457 -431.0000000000
22496 -430.0000000000
22568 -429.0000000000
22572 -427.0000000000
22618 -426.0000000000
22662 -424.0000000000
22768 -423.0000000000
22807 -421.0000000000
22868 -419.0000000000
22944 -418.0000000000
22969 -417.0000000000
23025 -416.0000000000
23048 -415.0000000000
23077 -414.0000000000
23143 -413.0000000000
23152 -412.0000000000
23181 -411.0000000000
23252 -410.0000000000
23333 -409.0000000000
23362 -408.0000000000
23404 -407.0000000000
23451 -406.0000000000
23485 -405.0000000000
23526 -404.0000000000
23584 -402.0000000000
23641 -401.0000000000
23665 -400.0000000000
23676 -397.0000000000
23750 -396.0000000000
23766 -395.0000000000
23793 -393.0000000000
23858 -392.0000000000
23861 -391.0000000000
23930 -390.0000000000
23992 -389.0000000000
24026 -388.0000000000
24042 -387.0000000000
24129 -386.0000000000
24142 -385.0000000000
24148 -384.0000000000
24202 -383.0000000000
24245 -382.0000000000
24263 -381.0000000000
24306 -380.0000000000
24312 -379.0000000000
24330 -378.0000000000
24338 -377.0000000000
24443 -376.0000000000
24460 -375.0000000000
24528 -374.0000000000
24532 -373.0000000000
24561 -372.0000000000
24586 -371.0000000000
24601 -369.0000000000
24664 -368.0000000000
24672 -367.0000000000
24683 -366.0000000000
24720 -365.0000000000
24769 -364.0000000000
24781 -362.0000000000
24838 -361.0000000000
24863 -359.0000000000
24947 -358.0000000000
24961 -357.0000000000
25038 -355.0000000000
25043 -354.0000000000
25087 -353.0000000000
25126 -352.0000000000
25197 -351.0000000000
25215 -350.0000000000
25248 -347.0000000000
25365 -345.0000000000
25395 -344.0000000000
25459 -342.0000000000
25518 -341.0000000000
25597 -340.0000000000
25642 -339.0000000000
25673 -338.0000000000
25750 -337.0000000000
25793 -336.0000000000
25888 -334.0000000000
25931 -332.0000000000
26005 -331.0000000000
26014 -330.0000000000
26094 -329.0000000000
26130 -328.0000000000
26183 -327.0000000000
26195 -326.0000000000
26281 -325.0000000000
26321 -324.0000000000
26355 -323.0000000000
26434 -322.0000000000
26480 -321.0000000000
26502 -320.0000000000
26562 -318.0000000000
26648 -317.0000000000
26705 -315.0000000000
26852 -314.0000000000
26854 -313.0000000000
26903 -312.0000000000
26906 -311.0000000000
26930 -309.0000000000
26989 -308.0000000000
27060 -307.0000000000
27090 -306.0000000000
27110 -305.0000000000
27160 -303.0000000000
27200 -302.0000000000
27270 -301.0000000000
27281 -300.0000000000
27318 -299.0000000000
27368 -298.0000000000
27416 -297.0000000000
27449 -296.0000000000
27512 -295.0000000000
27591 -293.0000000000
27652 -292.0000000000
27733 -291.0000000000
27761 -290.0000000000
27765 -289.0000000000
27803 -288.0000000000
27879 -287.0000000000
27902 -286.0000000000
27905 -285.0000000000
27974 -284.0000000000
27999 -283.0000000000
28054 -282.0000000000
28099 -281.0000000000
28105 -280.0000000000
28140 -278.0000000000
28271 -277.0000000000
28301 -276.0000000000
28332 -275.0000000000
28404 -274.0000000000
28464 -273.0000000000
28484 -272.0000000000
28532 -270.0000000000
28585 -269.0000000000
28626 -268.0000000000
28662 -267.0000000000
28692 -266.0000000000
28764 -265.0000000000
28789 -262.0000000000
28845 -260.0000000000
28936 -259.0000000000
28956 -257.0000000000
29069 -256.0000000000
29094 -254.0000000000
29150 -253.0000000000
29235 -252.0000000000
29261 -251.0000000000
29298 -250.0000000000
29308 -249.0000000000
29320 -248.0000000000
29383 -246.0000000000
29451 -245.0000000000
29482 -243.0000000000
29555 -242.0000000000
29581 -239.0000000000
29664 -238.0000000000
29705 -237.0000000000
29726 -235.0000000000
29827 -234.0000000000
29881 -233.0000000000
29908 -232.0000000000
29975 -231.0000000000
30046 -230.0000000000
30094 -229.0000000000
30127 -228.0000000000
30173 -227.0000000000
30202 -226.0000000000
30251 -225.0000000000
30325 -224.0000000000
30372 -223.0000000000
30414 -221.0000000000
30506 -220.0000000000
30541 -219.0000000000
30622 -218.0000000000
30650 -217.0000000000
30741 -216.0000000000
30774 -215.0000000000
30806 -214.0000000000
30825 -213.0000000000
30873 -212.0000000000
30903 -211.0000000000
30954 -210.0000000000
31000 -209.0000000000
31058 -208.0000000000
31091 -206.0000000000
31153 -205.0000000000
31158 -204.0000000000
31184 -202.0000000000
31204 -201.0000000000
31268 -200.0000000000
31289 -199.0000000000
31323 -197.0000000000
31407 -195.0000000000
31531 -194.0000000000
31554 -193.0000000000
31611 -192.0000000000
31682 -191.0000000000
31697 -190.0000000000
31794 -189.0000000000
31821 -188.0000000000
31921 -187.0000000000
31965 -186.0000000000
31988 -185.0000000000
32107 -184.0000000000
32176 -182.0000000000
32191 -181.0000000000
32209 -179.0000000000
32282 -178.0000000000
32329 -177.0000000000
32363 -175.0000000000
32493 -174.0000000000
32496 -173.0000000000
32590 -172.0000000000
32648 -170.0000000000
32705 -169.0000000000
32776 -168.0000000000
32781 -167.0000000000
32839 -166.0000000000
32904 -165.0000000000
32958 -164.0000000000
32975 -163.0000000000
33030 -162.0000000000
33095 -161.0000000000
33221 -160.0000000000
33246 -159.0000000000
33330 -157.0000000000
33454 -156.0000000000
33486 -155.0000000000
33505 -153.0000000000
33583 -152.0000000000
33650 -151.0000000000
33705 -150.0000000000
33749 -148.0000000000
33813 -147.0000000000
33875 -146.0000000000
33941 -145.0000000000
33973 -144.0000000000
34011 -143.0000000000
34088 -141.0000000000
34158 -140.0000000000
34292 -139.0000000000
34314 -138.0000000000
34498 -137.0000000000
34544 -136.0000000000
34679 -135.0000000000
34798 -134.0000000000
34879 -132.0000000000
34985 -130.0000000000
35019 -129.0000000000
35073 -128.0000000000
35166 -127.0000000000
35253 -126.0000000000
35335 -125.0000000000
35368 -124.0000000000
35443 -123.0000000000
35462 -122.0000000000
35503 -121.0000000000
35533 -120.0000000000
35615 -118.0000000000
35696 -117.0000000000
35732 -116.0000000000
35818 -115.0000000000
35867 -114.0000000000
35900 -113.0000000000
35985 -112.0000000000
36009 -111.0000000000
36093 -110.0000000000
36118 -109.0000000000
36170 -108.0000000000
36257 -107.0000000000
36317 -106.0000000000
36323 -105.0000000000
36416 -104.0000000000
36501 -103.0000000000
36544 -102.0000000000
36613 -101.0000000000
36712 -100.0000000000
36848 -99.0000000000
36983 -97.0000000000
37152 -96.0000000000
37243 -95.0000000000
37264 -94.0000000000
37331 -93.0000000000
37392 -92.0000000000
37454 -91.0000000000
37489 -90.0000000000
37576 -89.0000000000
37609 -87.0000000000
37693 -86.0000000000
37757 -85.0000000000
37870 -84.0000000000
37939 -83.0000000000
37979 -82.0000000000
38062 -81.0000000000
38175 -80.0000000000
38208 -79.0000000000
38269 -78.0000000000
38302 -77.0000000000
38352 -76.0000000000
38407 -75.0000000000
38531 -74.0000000000
38616 -73.0000000000
38787 -72.0000000000
38875 -71.0000000000
39028 -70.0000000000
39050 -69.0000000000
39097 -68.0000000000
39181 -67.0000000000
39206 -66.0000000000
39402 -65.0000000000
39542 -64.0000000000
39736 -63.0000000000
39752 -62.0000000000
39827 -61.0000000000
39957 -60.0000000000
40013 -59.0000000000
40051 -58.0000000000
40107 -57.0000000000
40207 -56.0000000000
40282 -55.0000000000
40455 -54.0000000000
40648 -53.0000000000
40736 -52.0000000000
40946 -51.0000000000
40979 -50.0000000000
41141 -49.0000000000
41269 -48.0000000000
41306 -47.0000000000
41427 -46.0000000000
41518 -45.0000000000
41612 -44.0000000000
41713 -43.0000000000
41830 -42.0000000000
41948 -41.0000000000
41981 -40.0000000000
42219 -39.0000000000
42430 -38.0000000000
42484 -37.0000000000
42572 -36.0000000000
42688 -35.0000000000
43101 -34.0000000000
43257 -33.0000000000
43739 -32.0000000000
43935 -31.0000000000
44023 -30.0000000000
44131 -29.0000000000
44274 -28.0000000000
44303 -26.0000000000
44419 -25.0000000000
44463 -24.0000000000
44487 -23.0000000000
44544 -22.0000000000
44620 -21.0000000000
44708 -20.0000000000
45120 -19.0000000000
45210 -18.0000000000
45394 -17.0000000000
45436 -16.0000000000
45571 -15.0000000000
45725 -14.0000000000
45882 -13.0000000000
45981 -12.0000000000
46007 -11.0000000000
46388 -10.0000000000
46642 -9.0000000000
46943 -8.0000000000
47186 -7.0000000000
47249 -6.0000000000
47437 -5.0000000000
47591 -4.0000000000
47759 -3.0000000000
47775 -2.0000000000
47924 -1.0000000000
48010 419.4700000000
48034 420.4400000000
48068 437.0100000000
48141 443.4900000000
48232 450.6000000000
49187 452.0600000000
52638 454.5900000000
54712 458.4200000000
54901 460.6600000000
64456 528.7600000000
64574 559.1500000000
65240 560.2600000000
66846 560.6700000000
67420 561.5000000000
67508 573.0100000000
100000 -1.0000000000
evaluations raw_y
1 -1983.0000000000
3 -1980.0000000000
9 -1955.0000000000
10 -1907.0000000000
84 -1879.0000000000
95 -1872.0000000000
124 -1866.0000000000
127 -1852.0000000000
145 -1827.0000000000
163 -1822.0000000000
185 -1821.0000000000
188 -1818.0000000000
204 -1811.0000000000
223 -1792.0000000000
242 -1776.0000000000
264 -1769.0000000000
285 -1760.0000000000
297 -1758.0000000000
316 -1755.0000000000
322 -1753.0000000000
327 -1752.0000000000
328 -1751.0000000000
333 -1735.0000000000
348 -1730.0000000000
362 -1728.0000000000
368 -1726.0000000000
392 -1715.0000000000
409 -1708.0000000000
426 -1701.0000000000
433 -1690.0000000000
476 -1678.0000000000
501 -1672.0000000000
535 -1669.0000000000
542 -1667.0000000000
551 -1649.0000000000
589 -1644.0000000000
604 -1640.0000000000
621 -1630.0000000000
685 -1629.0000000000
688 -1625.0000000000
705 -1622.0000000000
706 -1620.0000000000
716 -1614.0000000000
723 -1610.0000000000
727 -1606.0000000000
741 -1602.0000000000
744 -1596.0000000000
770 -1594.0000000000
777 -1593.0000000000
787 -1589.0000000000
797 -1585.0000000000
802 -1583.0000000000
850 -1576.0000000000
870 -1574.0000000000
885 -1572.0000000000
917 -1571.0000000000
923 -1569.0000000000
925 -1568.0000000000
959 -1565.0000000000
970 -1564.0000000000
984 -1560.0000000000
991 -1552.0000000000
1025 -1545.0000000000
1073 -1544.0000000000
1081 -1540.0000000000
1124 -1536.0000000000
1142 -1535.0000000000
1164 -1529.0000000000
1195 -1527.0000000000
1204 -1526.0000000000
1223 -1525.0000000000
1252 -1523.0000000000
1271 -1521.0000000000
1282 -1520.0000000000
1302 -1519.0000000000
1316 -1518.0000000000
1318 -1517.0000000000
1320 -1515.0000000000
1328 -1513.0000000000
1369 -1512.0000000000
1381 -1510.0000000000
1417 -1509.0000000000
1424 -1507.0000000000
1445 -1505.0000000000
1465 -1503.0000000000
1487 -1502.0000000000
1498 -1500.0000000000
1515 -1498.0000000000
1562 -1497.0000000000
1581 -1495.0000000000
1615 -1492.0000000000
1632 -1491.0000000000
1684 -1489.0000000000
1712 -1488.0000000000
1714 -1486.0000000000
1756 -1485.0000000000
1765 -1483.0000000000
1790 -1482.0000000000
1791 -1481.0000000000
1823 -1480.0000000000
1842 -1478.0000000000
1866 -1477.0000000000
1871 -1476.0000000000
1886 -1475.0000000000
1900 -1473.0000000000
1903 -1471.0000000000
1970 -1468.0000000000
1988 -1465.0000000000
2029 -1464.0000000000
2041 -1460.0000000000
2098 -1459.0000000000
2105 -1458.0000000000
2106 -1457.0000000000
2159 -1456.0000000000
2160 -1454.0000000000
2184 -1451.0000000000
2220 -1450.0000000000
2232 -1443.0000000000
2294 -1442.0000000000
2299 -1441.0000000000
2323 -1437.0000000000
2382 -1435.0000000000
2427 -1434.0000000000
2432 -1433.0000000000
2456 -1432.0000000000
2473 -1430.0000000000
2499 -1429.0000000000
2502 -1427.0000000000
2557 -1424.0000000000
2573 -1423.0000000000
2592 -1421.0000000000
2646 -1419.0000000000
2661 -1418.0000000000
2662 -1417.0000000000
2692 -1415.0000000000
2706 -1411.0000000000
2762 -1409.0000000000
2808 -1408.0000000000
2834 -1407.0000000000
2852 -1406.0000000000
2861 -1403.0000000000
2886 -1402.0000000000
2897 -1401.0000000000
2904 -1400.0000000000
2922 -1399.0000000000
2933 -1398.0000000000
2962 -1397.0000000000
2965 -1396.0000000000
2972 -1395.0000000000
2990 -1392.0000000000
3002 -1390.0000000000
3042 -1386.0000000000
3075 -1385.0000000000
3121 -1383.0000000000
3137 -1380.0000000000
3150 -1378.0000000000
3222 -1376.0000000000
3224 -1375.0000000000
3244 -1374.0000000000
3247 -1372.0000000000
3274 -1371.0000000000
3288 -1370.0000000000
3318 -1368.0000000000
3328 -1367.0000000000
3345 -1365.0000000000
3367 -1364.0000000000
3413 -1363.0000000000
3426 -1360.0000000000
3490 -1358.0000000000
3498 -1354.0000000000
3554 -1353.0000000000
3561 -1348.0000000000
3607 -1347.0000000000
3635 -1346.0000000000
3668 -1345.0000000000
3679 -1342.0000000000
3702 -1341.0000000000
3747 -1337.0000000000
3801 -1336.0000000000
3822 -1332.0000000000
3856 -1329.0000000000
3891 -1327.0000000000
3910 -1323.0000000000
3950 -1322.0000000000
3972 -1321.0000000000
3995 -1320.0000000000
4012 -1319.0000000000
4024 -1318.0000000000
4054 -1316.0000000000
4079 -1315.0000000000
4102 -1313.0000000000
4144 -1312.0000000000
4193 -1309.0000000000
4199 -1308.0000000000
4222 -1307.0000000000
4261 -1306.0000000000
4277 -1303.0000000000
4339 -1297.0000000000
4442 -1294.0000000000
4511 -1292.0000000000
4561 -1288.0000000000
4608 -1287.0000000000
4636 -1286.0000000000
4641 -1285.0000000000
4662 -1283.0000000000
4701 -1282.0000000000
4739 -1281.0000000000
4767 -1279.0000000000
4807 -1278.0000000000
4817 -1276.0000000000
4821 -1275.0000000000
4850 -1272.0000000000
4901 -1271.0000000000
4934 -1269.0000000000
4951 -1268.0000000000
4986 -1267.0000000000
4993 -1266.0000000000
5002 -1261.0000000000
5026 -1260.0000000000
5082 -1258.0000000000
5126 -1255.0000000000
5207 -1254.0000000000
5226 -1252.0000000000
5235 -1251.0000000000
5254 -1250.0000000000
5279 -1249.0000000000
5292 -1247.0000000000
5298 -1245.0000000000
5338 -1244.0000000000
5345 -1241.0000000000
5393 -1239.0000000000
5430 -1237.0000000000
5439 -1236.0000000000
5444 -1235.0000000000
5486 -1234.0000000000
5503 -1233.0000000000
5540 -1230.0000000000
5573 -1229.0000000000
5602 -1226.0000000000
5681 -1222.0000000000
5705 -1220.0000000000
5764 -1216.0000000000
5822 -1214.0000000000
5859 -1210.0000000000
5935 -1209.0000000000
5992 -1208.0000000000
5998 -1207.0000000000
6013 -1206.0000000000
6018 -1203.0000000000
6082 -1200.0000000000
6121 -1197.0000000000
6184 -1196.0000000000
6191 -1194.0000000000
6257 -1192.0000000000
6283 -1191.0000000000
6294 -1190.0000000000
6314 -1189.0000000000
6343 -1187.0000000000
6361 -1186.0000000000
6392 -1185.0000000000
6394 -1183.0000000000
6439 -1181.0000000000
6451 -1180.0000000000
6466 -1178.0000000000
6536 -1177.0000000000
6553 -1176.0000000000
6561 -1175.0000000000
6569 -1173.0000000000
6610 -1172.0000000000
6620 -1170.0000000000
6628 -1169.0000000000
6664 -1166.0000000000
6722 -1165.0000000000
6741 -1163.0000000000
6761 -1161.0000000000
6827 -1159.0000000000
6846 -1158.0000000000
6865 -1156.0000000000
6905 -1154.0000000000
6963 -1152.0000000000
6975 -1150.0000000000
7001 -1148.0000000000
7074 -1147.0000000000
7085 -1146.0000000000
7119 -1144.0000000000
7131 -1142.0000000000
7135 -1140.0000000000
7170 -1139.0000000000
7196 -1137.0000000000
7201 -1136.0000000000
7241 -1135.0000000000
7246 -1134.0000000000
7264 -1132.0000000000
7265 -1131.0000000000
7278 -1130.0000000000
7287 -1129.0000000000
7335 -1127.0000000000
7341 -1126.0000000000
7347 -1125.0000000000
7352 -1124.0000000000
7391 -1123.0000000000
7428 -1122.0000000000
7445 -1121.0000000000
7461 -1120.0000000000
7462 -1119.0000000000
7485 -1118.0000000000
7503 -1116.0000000000
7513 -1115.0000000000
7564 -1111.0000000000
7634 -1110.0000000000
7642 -1109.0000000000
7654 -1108.0000000000
7678 -1107.0000000000
7681 -1106.0000000000
7702 -1105.0000000000
7729 -1103.0000000000
7766 -1102.0000000000
7787 -1101.0000000000
7801 -1098.0000000000
7833 -1095.0000000000
7879 -1091.0000000000
7939 -1088.0000000000
8001 -1087.0000000000
8041 -1086.0000000000
8054 -1084.0000000000
8095 -1083.0000000000
8112 -1082.0000000000
8131 -1079.0000000000
8188 -1078.0000000000
8201 -1077.0000000000
8218 -1076.0000000000
8226 -1075.0000000000
8236 -1073.0000000000
8273 -1070.0000000000
8291 -1068.0000000000
8352 -1067.0000000000
8376 -1065.0000000000
8408 -1064.0000000000
8424 -1060.0000000000
8469 -1058.0000000000
8476 -1057.0000000000
8486 -1054.0000000000
8564 -1053.0000000000
8579 -1052.0000000000
8584 -1051.0000000000
8648 -1049.0000000000
8667 -1048.0000000000
8686 -1046.0000000000
8703 -1045.0000000000
8728 -1044.0000000000
8738 -1042.0000000000
8762 -1040.0000000000
8810 -1039.0000000000
8844 -1038.0000000000
8860 -1037.0000000000
8872 -1036.0000000000
8881 -1033.0000000000
8929 -1031.0000000000
8958 -1029.0000000000
9009 -1027.0000000000
9029 -1023.0000000000
9116 -1022.0000000000
9126 -1021.0000000000
9148 -1017.0000000000
9230 -1016.0000000000
9269 -1015.0000000000
9305 -1014.0000000000
9307 -1013.0000000000
9318 -1011.0000000000
9353 -1010.0000000000
9385 -1009.0000000000
9391 -1008.0000000000
9393 -1006.0000000000
9441 -1003.0000000000
9477 -1002.0000000000
9503 -1000.0000000000
9569 -999.0000000000
9622 -998.0000000000
9632 -997.0000000000
9635 -996.0000000000
9652 -993.0000000000
9733 -992.0000000000
9738 -990.0000000000
9782 -989.0000000000
9827 -986.0000000000
9844 -985.0000000000
9883 -982.0000000000
9963 -981.0000000000
9982 -980.0000000000
10000 -979.0000000000
10006 -978.0000000000
10023 -976.0000000000
10062 -975.0000000000
10084 -974.0000000000
10105 -973.0000000000
10121 -972.0000000000
10170 -970.0000000000
10200 -968.0000000000
10205 -967.0000000000
10247 -966.0000000000
10261 -964.0000000000
10293 -963.0000000000
10334 -960.0000000000
10374 -959.0000000000
10390 -958.0000000000
10409 -956.0000000000
10444 -955.0000000000
10458 -954.0000000000
10467 -952.0000000000
10494 -951.0000000000
10546 -950.0000000000
10547 -949.0000000000
10567 -948.0000000000
10589 -947.0000000000
10639 -946.0000000000
10644 -944.0000000000
10664 -943.0000000000
10685 -942.0000000000
10705 -941.0000000000
10743 -940.0000000000
10763 -937.0000000000
10824 -935.0000000000
10888 -932.0000000000
10976 -931.0000000000
10987 -930.0000000000
10988 -929.0000000000
11009 -927.0000000000
11068 -926.0000000000
11076 -925.0000000000
11113 -923.0000000000
11129 -922.0000000000
11165 -921.0000000000
11202 -917.0000000000
11257 -916.0000000000
11261 -915.0000000000
11279 -913.0000000000
11306 -911.0000000000
11351 -908.0000000000
11381 -907.0000000000
11415 -904.0000000000
11444 -903.0000000000
11463 -900.0000000000
11514 -897.0000000000
11546 -896.0000000000
11578 -895.0000000000
11602 -891.0000000000
11650 -890.0000000000
11667 -888.0000000000
11712 -886.0000000000
11758 -885.0000000000
11781 -883.0000000000
11817 -882.0000000000
11821 -879.0000000000
11922 -878.0000000000
11937 -876.0000000000
12026 -875.0000000000
12029 -873.0000000000
12074 -872.0000000000
12083 -870.0000000000
12153 -869.0000000000
12161 -868.0000000000
12174 -866.0000000000
12194 -865.0000000000
12233 -864.0000000000
12242 -862.0000000000
12305 -861.0000000000
12307 -860.0000000000
12344 -858.0000000000
12415 -857.0000000000
12423 -854.0000000000
12461 -853.0000000000
12464 -852.0000000000
12472 -851.0000000000
12481 -850.0000000000
12525 -849.0000000000
12539 -845.0000000000
12592 -844.0000000000
12605 -842.0000000000
12632 -841.0000000000
12645 -837.0000000000
12734 -836.0000000000
12762 -834.0000000000
12785 -833.0000000000
12837 -832.0000000000
12839 -830.0000000000
12877 -829.0000000000
12915 -828.0000000000
12921 -827.0000000000
12949 -826.0000000000
12964 -824.0000000000
13022 -823.0000000000
13080 -822.0000000000
13114 -820.0000000000
13166 -819.0000000000
13201 -817.0000000000
13255 -816.0000000000
13269 -815.0000000000
13306 -814.0000000000
13323 -812.0000000000
13365 -809.0000000000
13423 -808.0000000000
13439 -804.0000000000
13543 -803.0000000000
13558 -802.0000000000
13588 -799.0000000000
13605 -798.0000000000
13639 -797.0000000000
13684 -796.0000000000
13700 -795.0000000000
13737 -792.0000000000
13764 -791.0000000000
13802 -789.0000000000
13823 -788.0000000000
13861 -787.0000000000
13880 -786.0000000000
13934 -785.0000000000
13962 -783.0000000000
13983 -782.0000000000
13989 -781.0000000000
14017 -780.0000000000
14041 -778.0000000000
14084 -777.0000000000
14129 -775.0000000000
14168 -774.0000000000
14176 -772.0000000000
14195 -771.0000000000
14213 -770.0000000000
14235 -769.0000000000
14242 -767.0000000000
14272 -766.0000000000
14294 -764.0000000000
14332 -763.0000000000
14362 -762.0000000000
14397 -761.0000000000
14401 -759.0000000000
14420 -758.0000000000
14443 -757.0000000000
14450 -756.0000000000
14475 -754.0000000000
14491 -753.0000000000
14510 -752.0000000000
14542 -751.0000000000
14569 -749.0000000000
14597 -748.0000000000
14602 -744.0000000000
14690 -743.0000000000
14722 -741.0000000000
14793 -740.0000000000
14797 -738.0000000000
14826 -737.0000000000
14838 -736.0000000000
14904 -734.0000000000
14911 -733.0000000000
14946 -732.0000000000
14988 -731.0000000000
14990 -730.0000000000
15021 -728.0000000000
15063 -727.0000000000
15098 -726.0000000000
15121 -724.0000000000
15174 -723.0000000000
15208 -721.0000000000
15224 -720.0000000000
15332 -719.0000000000
15333 -718.0000000000
15350 -717.0000000000
15389 -716.0000000000
15414 -715.0000000000
15479 -712.0000000000
15537 -709.0000000000
15605 -707.0000000000
15680 -705.0000000000
15735 -703.0000000000
15766 -701.0000000000
15825 -700.0000000000
15828 -699.0000000000
15838 -698.0000000000
15863 -696.0000000000
15890 -694.0000000000
15972 -693.0000000000
16048 -691.0000000000
16102 -687.0000000000
16194 -686.0000000000
16224 -684.0000000000
16273 -683.0000000000
16281 -682.0000000000
16295 -680.0000000000
16371 -678.0000000000
16401 -677.0000000000
16422 -674.0000000000
16488 -673.0000000000
16513 -672.0000000000
16537 -671.0000000000
16566 -670.0000000000
16615 -669.0000000000
16648 -668.0000000000
16690 -667.0000000000
16717 -666.0000000000
16721 -664.0000000000
16776 -663.0000000000
16789 -661.0000000000
16865 -659.0000000000
16905 -658.0000000000
16942 -657.0000000000
16985 -656.0000000000
17015 -655.0000000000
17025 -653.0000000000
17096 -652.0000000000
17105 -651.0000000000
17149 -650.0000000000
17160 -649.0000000000
17177 -648.0000000000
17272 -647.0000000000
17293 -645.0000000000
17350 -642.0000000000
17427 -641.0000000000
17449 -640.0000000000
17486 -638.0000000000
17517 -637.0000000000
17522 -636.0000000000
17540 -635.0000000000
17565 -634.0000000000
17652 -629.0000000000
17686 -628.0000000000
17742 -627.0000000000
17775 -626.0000000000
17809 -624.0000000000
17831 -623.0000000000
17871 -622.0000000000
17934 -621.0000000000
17993 -620.0000000000
18004 -619.0000000000
18058 -618.0000000000
18064 -616.0000000000
18120 -615.0000000000
18128 -614.0000000000
18168 -613.0000000000
18190 -612.0000000000
18251 -611.0000000000
18293 -610.0000000000
18317 -608.0000000000
18395 -606.0000000000
18425 -605.0000000000
18460 -603.0000000000
18473 -602.0000000000
18522 -601.0000000000
18541 -600.0000000000
18571 -599.0000000000
18586 -598.0000000000
18603 -597.0000000000
18642 -596.0000000000
18673 -595.0000000000
18691 -594.0000000000
18699 -593.0000000000
18757 -590.0000000000
18794 -589.0000000000
18808 -588.0000000000
18827 -586.0000000000
18849 -584.0000000000
18894 -583.0000000000
18944 -582.0000000000
18987 -581.0000000000
19017 -579.0000000000
19027 -578.0000000000
19034 -577.0000000000
19048 -575.0000000000
19125 -574.0000000000
19160 -573.0000000000
19204 -572.0000000000
19222 -571.0000000000
19241 -569.0000000000
19346 -568.0000000000
19369 -566.0000000000
19379 -565.0000000000
19434 -562.0000000000
19552 -560.0000000000
19605 -559.0000000000
19617 -558.0000000000
19632 -557.0000000000
19726 -556.0000000000
19742 -554.0000000000
19801 -553.0000000000
19826 -552.0000000000
19833 -551.0000000000
19882 -549.0000000000
19947 -548.0000000000
19978 -547.0000000000
20020 -546.0000000000
20048 -545.0000000000
20066 -543.0000000000
20160 -542.0000000000
20187 -541.0000000000
20247 -540.0000000000
20268 -538.0000000000
20313 -537.0000000000
20343 -536.0000000000
20409 -532.0000000000
20464 -531.0000000000
20548 -530.0000000000
20554 -529.0000000000
20594 -528.0000000000
20636 -527.0000000000
20667 -526.0000000000
20739 -525.0000000000
20761 -524.0000000000
20774 -523.0000000000
20817 -522.0000000000
20839 -521.0000000000
20898 -520.0000000000
20901 -519.0000000000
20931 -518.0000000000
20961 -517.0000000000
20992 -515.0000000000
21010 -514.0000000000
21044 -513.0000000000
21106 -511.0000000000
21176 -510.0000000000
21223 -509.0000000000
21256 -508.0000000000
21303 -506.0000000000
21344 -505.0000000000
21371 -504.0000000000
21395 -503.0000000000
21422 -502.0000000000
21449 -501.0000000000
21509 -500.0000000000
21554 -499.0000000000
21563 -498.0000000000
21609 -497.0000000000
21623 -495.0000000000
21701 -494.0000000000
21703 -493.0000000000
21730 -492.0000000000
21809 -489.0000000000
21847 -488.0000000000
21898 -487.0000000000
21935 -486.0000000000
21947 -485.0000000000
21965 -484.0000000000
22033 -483.0000000000
22075 -482.0000000000
22120 -481.0000000000
22180 -480.0000000000
22211 -479.0000000000
22233 -478.0000000000
22257 -477.0000000000
22310 -476.0000000000
22326 -474.0000000000
22403 -473.0000000000
22425 -472.0000000000
22466 -471.0000000000
22472 -470.0000000000
22511 -468.0000000000
22550 -467.0000000000
22554 -465.0000000000
22592 -464.0000000000
22614 -463.0000000000
22662 -461.0000000000
22664 -460.0000000000
22706 -457.0000000000
22743 -456.0000000000
22793 -455.0000000000
22806 -454.0000000000
22809 -453.0000000000
22842 -451.0000000000
22885 -450.0000000000
22968 -449.0000000000
22985 -448.0000000000
23012 -447.0000000000
23050 -445.0000000000
23066 -443.0000000000
23131 -442.0000000000
23150 -441.0000000000
23182 -438.0000000000
23237 -437.0000000000
23299 -436.0000000000
23306 -435.0000000000
23307 -434.0000000000
23363 -433.0000000000
23368 -432.0000000000
23391 -430.0000000000
23507 -428.0000000000
23556 -427.0000000000
23591 -426.0000000000
23666 -425.0000000000
23694 -424.0000000000
23702 -422.0000000000
23765 -420.0000000000
23889 -419.0000000000
23896 -418.0000000000
23907 -417.0000000000
23933 -416.0000000000
23969 -415.0000000000
24021 -414.0000000000
24105 -413.0000000000
24157 -412.0000000000
24188 -411.0000000000
24229 -410.0000000000
24249 -409.0000000000
24308 -408.0000000000
24324 -407.0000000000
24367 -406.0000000000
24368 -405.0000000000
24388 -403.0000000000
24513 -402.0000000000
24530 -400.0000000000
24615 -399.0000000000
24620 -397.0000000000
24632 -396.0000000000
24675 -395.0000000000
24717 -394.0000000000
24740 -393.0000000000
24787 -392.0000000000
24799 -391.0000000000
24848 -390.0000000000
24907 -389.0000000000
24919 -388.0000000000
24924 -387.0000000000
24957 -386.0000000000
24988 -384.0000000000
25034 -381.0000000000
25066 -380.0000000000
25124 -378.0000000000
25152 -377.0000000000
25186 -376.0000000000
25230 -374.0000000000
25285 -372.0000000000
25361 -371.0000000000
25409 -369.0000000000
25461 -368.0000000000
25463 -366.0000000000
25508 -365.0000000000
25527 -363.0000000000
25567 -362.0000000000
25584 -361.0000000000
25708 -360.0000000000
25719 -359.0000000000
25766 -358.0000000000
25783 -357.0000000000
25820 -356.0000000000
25840 -355.0000000000
25890 -354.0000000000
25915 -353.0000000000
25952 -351.0000000000
26003 -349.0000000000
26118 -347.0000000000
26155 -346.0000000000
26184 -345.0000000000
26211 -344.0000000000
26281 -343.0000000000
26309 -342.0000000000
26357 -341.0000000000
26366 -340.0000000000
26402 -339.0000000000
26435 -338.0000000000
26477 -337.0000000000
26502 -335.0000000000
26559 -334.0000000000
26584 -333.0000000000
26672 -332.0000000000
26689 -331.0000000000
26714 -330.0000000000
26730 -328.0000000000
26805 -327.0000000000
26877 -325.0000000000
26890 -324.0000000000
26919 -323.0000000000
26929 -322.0000000000
26994 -321.0000000000
27051 -320.0000000000
27132 -319.0000000000
27150 -318.0000000000
27197 -317.0000000000
27263 -315.0000000000
27337 -312.0000000000
27431 -311.0000000000
27455 -310.0000000000
27483 -309.0000000000
27519 -307.0000000000
27597 -304.0000000000
27665 -303.0000000000
27691 -302.0000000000
27715 -301.0000000000
27764 -300.0000000000
27793 -298.0000000000
27859 -297.0000000000
27892 -296.0000000000
27906 -295.0000000000
27981 -291.0000000000
28042 -290.0000000000
28070 -289.0000000000
28110 -287.0000000000
28237 -285.0000000000
28265 -284.0000000000
28297 -283.0000000000
28381 -282.0000000000
28402 -281.0000000000
28415 -280.0000000000
28445 -279.0000000000
28464 -278.0000000000
28511 -277.0000000000
28549 -276.0000000000
28579 -275.0000000000
28587 -274.0000000000
28688 -273.0000000000
28705 -272.0000000000
28712 -271.0000000000
28761 -270.0000000000
28765 -269.0000000000
28868 -268.0000000000
28888 -267.0000000000
28974 -264.0000000000
29109 -263.0000000000
29167 -262.0000000000
29208 -261.0000000000
29282 -260.0000000000
29302 -259.0000000000
29314 -258.0000000000
29427 -257.0000000000
29463 -256.0000000000
29495 -255.0000000000
29557 -254.0000000000
29576 -253.0000000000
29619 -252.0000000000
29662 -251.0000000000
29683 -250.0000000000
29751 -249.0000000000
29840 -248.0000000000
29861 -245.0000000000
30039 -244.0000000000
30102 -243.0000000000
30234 -242.0000000000
30248 -240.0000000000
30375 -239.0000000000
30398 -238.0000000000
30419 -237.0000000000
30431 -236.0000000000
30472 -235.0000000000
30525 -234.0000000000
30529 -232.0000000000
30621 -231.0000000000
30717 -230.0000000000
30751 -229.0000000000
30858 -228.0000000000
30887 -227.0000000000
30911 -226.0000000000
30943 -225.0000000000
30982 -224.0000000000
31053 -223.0000000000
31106 -222.0000000000
31147 -221.0000000000
31212 -220.0000000000
31296 -219.0000000000
31360 -218.0000000000
31404 -216.0000000000
31480 -215.0000000000
31546 -214.0000000000
31588 -213.0000000000
31624 -212.0000000000
31658 -211.0000000000
31721 -208.0000000000
31763 -207.0000000000
31825 -206.0000000000
31854 -205.0000000000
31880 -204.0000000000
31903 -203.0000000000
31975 -202.0000000000
32033 -201.0000000000
32052 -200.0000000000
32095 -199.0000000000
32176 -198.0000000000
32222 -196.0000000000
32321 -195.0000000000
32351 -194.0000000000
32362 -193.0000000000
32440 -192.0000000000
32489 -191.0000000000
32542 -190.0000000000
32591 -189.0000000000
32604 -188.0000000000
32655 -187.0000000000
32742 -186.0000000000
32760 -185.0000000000
32829 -184.0000000000
32832 -183.0000000000
32846 -180.0000000000
32969 -179.0000000000
33075 -178.0000000000
33119 -177.0000000000
33164 -176.0000000000
33241 -175.0000000000
33283 -174.0000000000
33320 -173.0000000000
33341 -172.0000000000
33473 -171.0000000000
33490 -170.0000000000
33511 -169.0000000000
33556 -168.0000000000
33649 -167.0000000000
33680 -166.0000000000
33732 -165.0000000000
33781 -164.0000000000
33877 -163.0000000000
33899 -162.0000000000
33946 -161.0000000000
34074 -160.0000000000
34114 -159.0000000000
34147 -158.0000000000
34232 -157.0000000000
34268 -156.0000000000
34283 -155.0000000000
34333 -154.0000000000
34425 -153.0000000000
34430 -152.0000000000
34473 -151.0000000000
34510 -150.0000000000
34563 -149.0000000000
34587 -148.0000000000
34621 -147.0000000000
34706 -146.0000000000
34799 -145.0000000000
34910 -144.0000000000
35027 -143.0000000000
35137 -142.0000000000
35192 -141.0000000000
35250 -140.0000000000
35366 -139.0000000000
35421 -138.0000000000
35591 -136.0000000000
35711 -135.0000000000
35746 -134.0000000000
35838 -133.0000000000
35925 -132.0000000000
35963 -130.0000000000
36082 -129.0000000000
36108 -128.0000000000
36156 -127.0000000000
36206 -126.0000000000
36272 -125.0000000000
36335 -124.0000000000
36344 -123.0000000000
36504 -122.0000000000
36543 -121.0000000000
36625 -120.0000000000
36680 -119.0000000000
36755 -118.0000000000
36767 -117.0000000000
36789 -115.0000000000
36904 -114.0000000000
36924 -113.0000000000
37028 -112.0000000000
37090 -110.0000000000
37220 -109.0000000000
37252 -108.0000000000
37401 -107.0000000000
37794 -106.0000000000
37944 -105.0000000000
37957 -104.0000000000
38111 -103.0000000000
38194 -102.0000000000
38264 -101.0000000000
38364 -100.0000000000
38438 -99.0000000000
38481 -98.0000000000
38507 -97.0000000000
38602 -96.0000000000
38627 -95.0000000000
38722 -94.0000000000
38815 -93.0000000000
38845 -92.0000000000
39024 -91.0000000000
39062 -90.0000000000
39231 -89.0000000000
39469 -88.0000000000
39499 -87.0000000000
39572 -86.0000000000
39748 -85.0000000000
39887 -84.0000000000
40012 -83.0000000000
40249 -82.0000000000
40359 -81.0000000000
40415 -80.0000000000
40420 -79.0000000000
40434 -77.0000000000
40495 -76.0000000000
40617 -75.0000000000
40683 -74.0000000000
40821 -73.0000000000
40886 -72.0000000000
41001 -71.0000000000
41070 -70.0000000000
41147 -69.0000000000
41235 -68.0000000000
41242 -67.0000000000
41345 -66.0000000000
41428 -65.0000000000
41516 -64.0000000000
41637 -63.0000000000
41758 -62.0000000000
41773 -61.0000000000
41822 -60.0000000000
41910 -59.0000000000
41960 -58.0000000000
42079 -57.0000000000
42178 -56.0000000000
42365 -55.0000000000
42442 -54.0000000000
42509 -53.0000000000
42666 -51.0000000000
42831 -50.0000000000
42910 -49.0000000000
42973 -48.0000000000
43060 -47.0000000000
43088 -45.0000000000
43181 -44.0000000000
43227 -43.0000000000
43308 -42.0000000000
43436 -41.0000000000
43543 -40.0000000000
43668 -39.0000000000
43737 -38.0000000000
43801 -37.0000000000
43857 -36.0000000000
44145 -35.0000000000
44236 -34.0000000000
44767 -33.0000000000
44796 -32.0000000000
44988 -31.0000000000
45228 -30.0000000000
45343 -29.0000000000
45381 -28.0000000000
45462 -27.0000000000
45481 -25.0000000000
45672 -24.0000000000
45752 -22.0000000000
45839 -21.0000000000
45990 -20.0000000000
46108 -19.0000000000
46226 -18.0000000000
46382 -17.0000000000
46625 -16.0000000000
46668 -15.0000000000
46971 -14.0000000000
47032 -13.0000000000
47208 -12.0000000000
47369 -11.0000000000
47470 -10.0000000000
47590 -9.0000000000
47696 -8.0000000000
47743 -7.0000000000
47847 -6.0000000000
48007 -5.0000000000
48190 -4.0000000000
48446 -3.0000000000
48598 -2.0000000000
48695 -1.0000000000
48755 298.5400000000
48785 326.2500000000
48872 333.6200000000
48992 338.1000000000
49013 341.6800000000
49238 341.7800000000
49290 344.2700000000
49325 344.5700000000
49329 356.8800000000
49644 360.3900000000
49804 364.8800000000
49943 369.2600000000
50035 371.7500000000
50140 372.8400000000
50172 375.8200000000
50713 377.8900000000
50984 381.7100000000
51605 383.9400000000
52112 386.1200000000
54115 401.4500000000
57742 405.7200000000
64282 414.3800000000
78576 453.7000000000
78759 458.3200000000
78945 460.9900000000
78968 466.7500000000
79025 476.3700000000
79121 484.7700000000
79219 485.3500000000
80842 486.1700000000
81842 491.3800000000
82359 494.0200000000
83080 494.5600000000
83247 498.9800000000
83281 513.5700000000
83392 514.7000000000
83455 524.1900000000
83477 526.4900000000
83580 527.8300000000
83665 536.2300000000
84018 536.8800000000
84247 537.4500000000
84701 537.5900000000
84790 554.8600000000
87739 624.1500000000
87858 631.1300000000
87867 644.2900000000
88089 651.8900000000
88250 654.5200000000
89017 655.5600000000
89056 656.5700000000
89159 664.2500000000
91560 664.3000000000
92693 668.2400000000
93483 670.6100000000
93955 678.1200000000
95009 688.3700000000
97479 694.6700000000
100000 -2.0000000000
evaluations raw_y
1 -1977.0000000000
3 -1957.0000000000
6 -1940.0000000000
7 -1910.0000000000
68 -1825.0000000000
120 -1817.0000000000
154 -1812.0000000000
160 -1804.0000000000
177 -1799.0000000000
221 -1789.0000000000
226 -1788.0000000000
228 -1784.0000000000
261 -1767.0000000000
285 -1763.0000000000
298 -1759.0000000000
307 -1756.0000000000
311 -1752.0000000000
318 -1751.0000000000
326 -1744.0000000000
332 -1743.0000000000
334 -1739.0000000000
362 -1737.0000000000
377 -1730.0000000000
380 -1729.0000000000
392 -1728.0000000000
394 -1724.0000000000
395 -1717.0000000000
421 -1706.0000000000
448 -1700.0000000000
454 -1690.0000000000
465 -1685.0000000000
485 -1682.0000000000
487 -1678.0000000000
501 -1671.0000000000
507 -1670.0000000000
522 -1664.0000000000
526 -1651.0000000000
575 -1649.0000000000
585 -1645.0000000000
590 -1636.0000000000
640 -1634.0000000000
655 -1631.0000000000
662 -1624.0000000000
707 -1621.0000000000
733 -1608.0000000000
749 -1604.0000000000
805 -1595.0000000000
832 -1594.0000000000
834 -1587.0000000000
864 -1586.0000000000
889 -1584.0000000000
901 -1581.0000000000
925 -1580.0000000000
935 -1579.0000000000
943 -1576.0000000000
947 -1573.0000000000
973 -1571.0000000000
989 -1569.0000000000
1009 -1563.0000000000
1021 -1562.0000000000
1041 -1558.0000000000
1091 -1555.0000000000
1104 -1554.0000000000
1122 -1550.0000000000
1157 -1547.0000000000
1165 -1545.0000000000
1183 -1544.0000000000
1186 -1543.0000000000
1198 -1538.0000000000
1217 -1532.0000000000
1248 -1531.0000000000
1255 -1529.0000000000
1268 -1526.0000000000
1289 -1522.0000000000
1322 -1520.0000000000
1324 -1517.0000000000
1342 -1510.0000000000
1381 -1506.0000000000
1413 -1505.0000000000
1429 -1500.0000000000
1484 -1498.0000000000
1498 -1497.0000000000
1505 -1496.0000000000
1534 -1495.0000000000
1542 -1494.0000000000
1556 -1492.0000000000
1573 -1489.0000000000
1595 -1486.0000000000
1608 -1485.0000000000
1645 -1482.0000000000
1690 -1479.0000000000
1730 -1477.0000000000
1735 -1474.0000000000
1769 -1472.0000000000
1798 -1471.0000000000
1805 -1468.0000000000
1822 -1467.0000000000
1867 -1465.0000000000
1906 -1464.0000000000
1921 -1460.0000000000
1967 -1459.0000000000
1984 -1457.0000000000
2007 -1456.0000000000
2014 -1454.0000000000
2044 -1453.0000000000
2052 -1452.0000000000
2068 -1451.0000000000
2082 -1450.0000000000
2091 -1449.0000000000
2117 -1448.0000000000
2120 -1447.0000000000
2149 -1446.0000000000
2168 -1445.0000000000
2174 -1442.0000000000
2201 -1441.0000000000
2225 -1440.0000000000
2234 -1438.0000000000
2255 -1437.0000000000
2305 -1436.0000000000
2318 -1435.0000000000
2350 -1431.0000000000
2410 -1430.0000000000
2416 -1429.0000000000
2446 -1427.0000000000
2468 -1423.0000000000
2512 -1422.0000000000
2557 -1420.0000000000
2589 -1419.0000000000
2604 -1417.0000000000
2641 -1416.0000000000
2670 -1415.0000000000
2690 -1413.0000000000
2722 -1411.0000000000
2723 -1410.0000000000
2778 -1408.0000000000
2796 -1406.0000000000
2809 -1404.0000000000
2843 -1403.0000000000
2885 -1402.0000000000
2903 -1401.0000000000
2913 -1400.0000000000
2925 -1399.0000000000
2927 -1397.0000000000
2983 -1396.0000000000
3003 -1395.0000000000
3034 -1393.0000000000
3065 -1390.0000000000
3082 -1389.0000000000
3103 -1387.0000000000
3128 -1386.0000000000
3150 -1385.0000000000
3163 -1384.0000000000
3165 -1381.0000000000
3203 -1379.0000000000
3227 -1378.0000000000
3258 -1377.0000000000
3266 -1372.0000000000
3323 -1371.0000000000
3345 -1370.0000000000
3352 -1369.0000000000
3354 -1368.0000000000
3384 -1366.0000000000
3407 -1364.0000000000
3450 -1363.0000000000
3458 -1362.0000000000
3461 -1359.0000000000
3493 -1354.0000000000
3529 -1353.0000000000
3567 -1352.0000000000
3575 -1351.0000000000
3588 -1349.0000000000
3604 -1348.0000000000
3613 -1347.0000000000
3632 -1346.0000000000
3641 -1345.0000000000
3656 -1343.0000000000
3684 -1340.0000000000
3705 -1337.0000000000
3742 -1335.0000000000
3767 -1332.0000000000
3770 -1331.0000000000
3811 -1330.0000000000
3825 -1329.0000000000
3848 -1327.0000000000
3862 -1326.0000000000
3902 -1324.0000000000
3928 -1322.0000000000
3956 -1321.0000000000
3963 -1318.0000000000
3975 -1317.0000000000
4014 -1314.0000000000
4026 -1312.0000000000
4062 -1311.0000000000
4086 -1309.0000000000
4105 -1306.0000000000
4141 -1305.0000000000
4171 -1303.0000000000
4207 -1302.0000000000
4214 -1300.0000000000
4228 -1296.0000000000
4297 -1294.0000000000
4316 -1288.0000000000
4342 -1286.0000000000
4406 -1285.0000000000
4410 -1284.0000000000
4428 -1283.0000000000
4442 -1281.0000000000
4476 -1280.0000000000
4482 -1279.0000000000
4500 -1277.0000000000
4511 -1276.0000000000
4565 -1274.0000000000
4581 -1272.0000000000
4618 -1268.0000000000
4663 -1265.0000000000
4684 -1264.0000000000
4704 -1262.0000000000
4731 -1261.0000000000
4734 -1258.0000000000
4768 -1255.0000000000
4774 -1254.0000000000
4783 -1252.0000000000
4826 -1251.0000000000
4840 -1249.0000000000
4878 -1245.0000000000
4911 -1244.0000000000
4921 -1241.0000000000
4941 -1239.0000000000
5004 -1237.0000000000
5044 -1236.0000000000
5047 -1233.0000000000
5080 -1232.0000000000
5090 -1231.0000000000
5096 -1230.0000000000
5127 -1229.0000000000
5154 -1224.0000000000
5204 -1222.0000000000
5227 -1221.0000000000
5248 -1219.0000000000
5328 -1217.0000000000
5351 -1216.0000000000
5369 -1212.0000000000
5438 -1210.0000000000
5479 -1207.0000000000
5513 -1205.0000000000
5531 -1202.0000000000
5580 -1201.0000000000
5581 -1197.0000000000
5657 -1196.0000000000
5662 -1195.0000000000
5665 -1194.0000000000
5691 -1193.0000000000
5734 -1191.0000000000
5737 -1190.0000000000
5753 -1187.0000000000
5789 -1186.0000000000
5795 -1185.0000000000
5807 -1184.0000000000
5822 -1183.0000000000
5853 -1182.0000000000
5856 -1181.0000000000
5862 -1180.0000000000
5905 -1179.0000000000
5919 -1177.0000000000
5943 -1175.0000000000
5951 -1174.0000000000
5995 -1170.0000000000
6017 -1168.0000000000
6084 -1166.0000000000
6106 -1165.0000000000
6132 -1164.0000000000
6176 -1162.0000000000
6208 -1161.0000000000
6233 -1158.0000000000
6245 -1156.0000000000
6310 -1153.0000000000
6380 -1151.0000000000
6425 -1150.0000000000
6442 -1148.0000000000
6479 -1146.0000000000
6495 -1142.0000000000
6524 -1141.0000000000
6566 -1139.0000000000
6582 -1137.0000000000
6622 -1136.0000000000
6662 -1134.0000000000
6692 -1133.0000000000
6693 -1131.0000000000
6725 -1128.0000000000
6749 -1126.0000000000
6767 -1125.0000000000
6821 -1124.0000000000
6828 -1123.0000000000
6837 -1122.0000000000
6841 -1120.0000000000
6864 -1119.0000000000
6913 -1118.0000000000
6920 -1117.0000000000
6941 -1116.0000000000
6944 -1114.0000000000
6968 -1111.0000000000
6982 -1108.0000000000
7055 -1106.0000000000
7102 -1105.0000000000
7117 -1103.0000000000
7144 -1102.0000000000
7168 -1101.0000000000
7172 -1100.0000000000
7203 -1097.0000000000
7254 -1095.0000000000
7271 -1094.0000000000
7335 -1093.0000000000
7342 -1092.0000000000
7352 -1091.0000000000
7361 -1090.0000000000
7383 -1088.0000000000
7387 -1086.0000000000
7449 -1085.0000000000
7484 -1084.0000000000
7502 -1083.0000000000
7511 -1082.0000000000
7528 -1080.0000000000
7547 -1079.0000000000
7583 -1078.0000000000
7628 -1077.0000000000
7642 -1073.0000000000
7703 -1072.0000000000
7706 -1071.0000000000
7715 -1069.0000000000
7743 -1066.0000000000
7766 -1065.0000000000
7811 -1062.0000000000
7826 -1061.0000000000
7877 -1060.0000000000
7893 -1059.0000000000
7905 -1055.0000000000
7944 -1053.0000000000
8001 -1052.0000000000
8022 -1049.0000000000
8070 -1047.0000000000
8088 -1046.0000000000
8111 -1045.0000000000
8123 -1044.0000000000
8134 -1043.0000000000
8143 -1040.0000000000
8197 -1039.0000000000
8243 -1037.0000000000
8273 -1036.0000000000
8275 -1034.0000000000
8293 -1030.0000000000
8323 -1029.0000000000
8370 -1028.0000000000
8391 -1027.0000000000
8403 -1025.0000000000
8448 -1024.0000000000
8483 -1021.0000000000
8499 -1020.0000000000
8514 -1019.0000000000
8539 -1018.0000000000
8552 -1014.0000000000
8615 -1012.0000000000
8618 -1011.0000000000
8671 -1009.0000000000
8726 -1008.0000000000
8748 -1006.0000000000
8751 -1005.0000000000
8775 -1002.0000000000
8783 -1001.0000000000
8837 -1000.0000000000
8843 -999.0000000000
8881 -998.0000000000
8886 -997.0000000000
8907 -996.0000000000
8914 -995.0000000000
8941 -994.0000000000
8963 -991.0000000000
9022 -990.0000000000
9023 -988.0000000000
9045 -987.0000000000
9061 -986.0000000000
9113 -985.0000000000
9149 -983.0000000000
9165 -982.0000000000
9183 -979.0000000000
9267 -978.0000000000
9282 -977.0000000000
9310 -975.0000000000
9312 -974.0000000000
9364 -973.0000000000
9376 -968.0000000000
9432 -967.0000000000
9474 -966.0000000000
9495 -965.0000000000
9529 -963.0000000000
9567 -962.0000000000
9586 -961.0000000000
9592 -960.0000000000
9599 -958.0000000000
9622 -957.0000000000
9633 -956.0000000000
9641 -955.0000000000
9665 -954.0000000000
9703 -952.0000000000
9730 -951.0000000000
9752 -949.0000000000
9769 -948.0000000000
9803 -947.0000000000
9832 -946.0000000000
9875 -945.0000000000
9890 -943.0000000000
9928 -942.0000000000
9937 -941.0000000000
9973 -940.0000000000
9989 -939.0000000000
10003 -936.0000000000
10025 -935.0000000000
10079 -934.0000000000
10092 -933.0000000000
10113 -931.0000000000
10144 -930.0000000000
10165 -929.0000000000
10194 -926.0000000000
10202 -925.0000000000
10247 -924.0000000000
10273 -923.0000000000
10297 -920.0000000000
10354 -918.0000000000
10387 -917.0000000000
10423 -916.0000000000
10440 -914.0000000000
10468 -913.0000000000
10502 -912.0000000000
10514 -911.0000000000
10536 -909.0000000000
10600 -908.0000000000
10623 -907.0000000000
10641 -906.0000000000
10652 -905.0000000000
10669 -904.0000000000
10684 -903.0000000000
10715 -901.0000000000
10727 -899.0000000000
10755 -898.0000000000
10778 -897.0000000000
10815 -896.0000000000
10845 -895.0000000000
10862 -894.0000000000
10893 -893.0000000000
10904 -892.0000000000
10912 -890.0000000000
10944 -888.0000000000
10994 -887.0000000000
11002 -886.0000000000
11021 -885.0000000000
11112 -883.0000000000
11138 -881.0000000000
11163 -880.0000000000
11209 -879.0000000000
11243 -878.0000000000
11278 -875.0000000000
11325 -874.0000000000
11363 -873.0000000000
11382 -871.0000000000
11431 -870.0000000000
11450 -869.0000000000
11461 -868.0000000000
11486 -867.0000000000
11530 -866.0000000000
11551 -865.0000000000
11564 -864.0000000000
11579 -862.0000000000
11592 -861.0000000000
11651 -856.0000000000
11736 -854.0000000000
11744 -852.0000000000
11782 -851.0000000000
11825 -850.0000000000
11854 -849.0000000000
11868 -848.0000000000
11903 -846.0000000000
11950 -845.0000000000
12003 -844.0000000000
12023 -842.0000000000
12067 -841.0000000000
12082 -840.0000000000
12111 -838.0000000000
12140 -835.0000000000
12201 -832.0000000000
12223 -831.0000000000
12246 -829.0000000000
12263 -828.0000000000
12286 -827.0000000000
12331 -826.0000000000
12362 -825.0000000000
12373 -824.0000000000
12390 -822.0000000000
12406 -821.0000000000
12453 -820.0000000000
12471 -819.0000000000
12483 -817.0000000000
12494 -816.0000000000
12519 -815.0000000000
12537 -813.0000000000
12565 -811.0000000000
12625 -809.0000000000
12650 -808.0000000000
12676 -807.0000000000
12682 -806.0000000000
12688 -805.0000000000
12706 -804.0000000000
12735 -803.0000000000
12775 -802.0000000000
12807 -801.0000000000
12828 -797.0000000000
12884 -796.0000000000
12890 -794.0000000000
12917 -793.0000000000
12930 -792.0000000000
12964 -791.0000000000
12971 -789.0000000000
12994 -788.0000000000
13040 -786.0000000000
13054 -784.0000000000
13071 -783.0000000000
13107 -782.0000000000
13121 -780.0000000000
13166 -779.0000000000
13214 -777.0000000000
13225 -776.0000000000
13238 -775.0000000000
13289 -774.0000000000
13293 -773.0000000000
13320 -772.0000000000
13342 -769.0000000000
13371 -768.0000000000
13433 -766.0000000000
13492 -765.0000000000
13506 -764.0000000000
13507 -763.0000000000
13524 -762.0000000000
13543 -761.0000000000
13547 -760.0000000000
13595 -759.0000000000
13620 -758.0000000000
13660 -757.0000000000
13676 -753.0000000000
13727 -750.0000000000
13806 -747.0000000000
13838 -745.0000000000
13887 -744.0000000000
13898 -743.0000000000
13924 -742.0000000000
13943 -741.0000000000
13963 -740.0000000000
14008 -738.0000000000
14025 -737.0000000000
14064 -735.0000000000
14144 -734.0000000000
14162 -733.0000000000
14181 -732.0000000000
14204 -730.0000000000
14277 -729.0000000000
14305 -728.0000000000
14307 -727.0000000000
14338 -726.0000000000
14360 -725.0000000000
14386 -724.0000000000
14398 -723.0000000000
14412 -721.0000000000
14482 -719.0000000000
14508 -717.0000000000
14570 -716.0000000000
14612 -714.0000000000
14644 -712.0000000000
14691 -710.0000000000
14739 -706.0000000000
14825 -705.0000000000
14844 -701.0000000000
14922 -700.0000000000
14955 -699.0000000000
14963 -697.0000000000
15043 -695.0000000000
15070 -693.0000000000
15113 -691.0000000000
15141 -690.0000000000
15162 -689.0000000000
15175 -688.0000000000
15207 -687.0000000000
15214 -686.0000000000
15263 -683.0000000000
15325 -682.0000000000
15347 -681.0000000000
15362 -679.0000000000
15366 -678.0000000000
15424 -677.0000000000
15442 -676.0000000000
15465 -675.0000000000
15497 -674.0000000000
15528 -673.0000000000
15557 -671.0000000000
15561 -670.0000000000
15618 -669.0000000000
15627 -668.0000000000
15668 -666.0000000000
15688 -665.0000000000
15741 -664.0000000000
15766 -663.0000000000
15784 -661.0000000000
15805 -660.0000000000
15851 -658.0000000000
15923 -656.0000000000
15924 -654.0000000000
15975 -653.0000000000
15987 -651.0000000000
16024 -649.0000000000
16042 -648.0000000000
16083 -646.0000000000
16105 -645.0000000000
16161 -644.0000000000
16197 -643.0000000000
16201 -642.0000000000
16216 -640.0000000000
16285 -639.0000000000
16288 -637.0000000000
16343 -636.0000000000
16360 -635.0000000000
16393 -633.0000000000
16414 -631.0000000000
16456 -627.0000000000
16501 -626.0000000000
16526 -624.0000000000
16588 -622.0000000000
16625 -621.0000000000
16683 -620.0000000000
16697 -619.0000000000
16710 -618.0000000000
16724 -617.0000000000
16730 -616.0000000000
16750 -615.0000000000
16790 -614.0000000000
16814 -613.0000000000
16840 -612.0000000000
16861 -611.0000000000
16883 -607.0000000000
16943 -603.0000000000
17023 -601.0000000000
17074 -600.0000000000
17094 -599.0000000000
17131 -598.0000000000
17149 -597.0000000000
17194 -595.0000000000
17268 -594.0000000000
17277 -592.0000000000
17291 -591.0000000000
17359 -590.0000000000
17416 -589.0000000000
17423 -588.0000000000
17472 -586.0000000000
17484 -585.0000000000
17528 -584.0000000000
17542 -582.0000000000
17602 -581.0000000000
17618 -580.0000000000
17647 -577.0000000000
17706 -576.0000000000
17734 -575.0000000000
17764 -573.0000000000
17857 -571.0000000000
17868 -570.0000000000
17950 -569.0000000000
18001 -568.0000000000
18059 -567.0000000000
18070 -566.0000000000
18113 -565.0000000000
18139 -563.0000000000
18184 -562.0000000000
18263 -561.0000000000
18267 -560.0000000000
18302 -559.0000000000
18353 -557.0000000000
18415 -556.0000000000
18442 -555.0000000000
18485 -554.0000000000
18503 -553.0000000000
18558 -551.0000000000
18604 -550.0000000000
18608 -549.0000000000
18637 -548.0000000000
18683 -547.0000000000
18702 -545.0000000000
18714 -543.0000000000
18784 -541.0000000000
18826 -539.0000000000
18910 -538.0000000000
18929 -537.0000000000
18941 -536.0000000000
18948 -535.0000000000
18954 -534.0000000000
19003 -533.0000000000
19023 -532.0000000000
19044 -531.0000000000
19083 -530.0000000000
19103 -529.0000000000
19148 -528.0000000000
19166 -527.0000000000
19190 -526.0000000000
19213 -525.0000000000
19223 -523.0000000000
19259 -522.0000000000
19261 -520.0000000000
19332 -517.0000000000
19369 -516.0000000000
19401 -515.0000000000
19434 -514.0000000000
19451 -513.0000000000
19495 -511.0000000000
19523 -508.0000000000
19572 -506.0000000000
19668 -505.0000000000
19711 -504.0000000000
19714 -502.0000000000
19741 -501.0000000000
19775 -500.0000000000
19815 -499.0000000000
19862 -498.0000000000
19864 -497.0000000000
19916 -496.0000000000
19952 -495.0000000000
20030 -494.0000000000
20067 -492.0000000000
20105 -491.0000000000
20130 -490.0000000000
20160 -489.0000000000
20164 -487.0000000000
20249 -485.0000000000
20267 -484.0000000000
20305 -483.0000000000
20343 -482.0000000000
20377 -481.0000000000
20381 -480.0000000000
20427 -479.0000000000
20443 -478.0000000000
20448 -477.0000000000
20487 -475.0000000000
20509 -474.0000000000
20559 -473.0000000000
20587 -471.0000000000
20640 -468.0000000000
20742 -466.0000000000
20803 -464.0000000000
20851 -463.0000000000
20857 -462.0000000000
20934 -461.0000000000
20971 -460.0000000000
20984 -457.0000000000
21084 -455.0000000000
21131 -454.0000000000
21157 -453.0000000000
21180 -452.0000000000
21203 -450.0000000000
21248 -449.0000000000
21290 -448.0000000000
21317 -447.0000000000
21339 -446.0000000000
21344 -444.0000000000
21392 -443.0000000000
21421 -441.0000000000
21456 -439.0000000000
21533 -437.0000000000
21582 -436.0000000000
21638 -434.0000000000
21696 -433.0000000000
21701 -432.0000000000
21726 -430.0000000000
21768 -429.0000000000
21803 -428.0000000000
21833 -427.0000000000
21876 -425.0000000000
21934 -424.0000000000
21954 -423.0000000000
22052 -422.0000000000
22088 -421.0000000000
22103 -419.0000000000
22194 -417.0000000000
22235 -416.0000000000
22269 -415.0000000000
22331 -414.0000000000
22338 -413.0000000000
22390 -412.0000000000
22419 -411.0000000000
22421 -410.0000000000
22513 -409.0000000000
22543 -408.0000000000
22558 -407.0000000000
22589 -406.0000000000
22604 -405.0000000000
22662 -404.0000000000
22684 -403.0000000000
22716 -402.0000000000
22769 -401.0000000000
22783 -399.0000000000
22850 -398.0000000000
22897 -396.0000000000
22915 -395.0000000000
22975 -394.0000000000
22979 -393.0000000000
22982 -392.0000000000
23011 -390.0000000000
23023 -389.0000000000
23101 -388.0000000000
23145 -387.0000000000
23161 -385.0000000000
23188 -384.0000000000
23278 -383.0000000000
23280 -381.0000000000
23340 -380.0000000000
23365 -379.0000000000
23388 -378.0000000000
23406 -377.0000000000
23475 -376.0000000000
23503 -375.0000000000
23560 -374.0000000000
23571 -372.0000000000
23669 -371.0000000000
23690 -369.0000000000
23738 -368.0000000000
23812 -367.0000000000
23818 -366.0000000000
23863 -365.0000000000
23924 -364.0000000000
23981 -363.0000000000
24019 -362.0000000000
24108 -361.0000000000
24149 -360.0000000000
24175 -359.0000000000
24203 -358.0000000000
24270 -357.0000000000
24296 -356.0000000000
24314 -355.0000000000
24398 -354.0000000000
24428 -353.0000000000
24476 -352.0000000000
24496 -351.0000000000
24570 -350.0000000000
24584 -348.0000000000
24645 -347.0000000000
24664 -346.0000000000
24665 -345.0000000000
24722 -344.0000000000
24769 -342.0000000000
24801 -341.0000000000
24813 -340.0000000000
24885 -339.0000000000
24910 -338.0000000000
24949 -337.0000000000
25031 -336.0000000000
25081 -335.0000000000
25121 -334.0000000000
25128 -331.0000000000
25180 -330.0000000000
25213 -327.0000000000
25275 -326.0000000000
25334 -325.0000000000
25463 -324.0000000000
25465 -323.0000000000
25514 -322.0000000000
25545 -321.0000000000
25611 -320.0000000000
25677 -319.0000000000
25723 -318.0000000000
25744 -317.0000000000
25770 -316.0000000000
25805 -315.0000000000
25881 -314.0000000000
25916 -313.0000000000
25950 -312.0000000000
25979 -311.0000000000
25990 -310.0000000000
26083 -309.0000000000
26129 -308.0000000000
26157 -307.0000000000
26175 -306.0000000000
26192 -305.0000000000
26215 -304.0000000000
26253 -303.0000000000
26291 -302.0000000000
26306 -301.0000000000
26338 -300.0000000000
26341 -299.0000000000
26389 -298.0000000000
26443 -297.0000000000
26473 -295.0000000000
26516 -293.0000000000
26589 -292.0000000000
26600 -290.0000000000
26645 -289.0000000000
26695 -288.0000000000
26707 -287.0000000000
26771 -286.0000000000
26774 -285.0000000000
26841 -284.0000000000
26877 -282.0000000000
26933 -281.0000000000
26967 -280.0000000000
26982 -279.0000000000
27001 -278.0000000000
27037 -276.0000000000
27113 -275.0000000000
27190 -274.0000000000
27197 -273.0000000000
27241 -272.0000000000
27295 -271.0000000000
27383 -269.0000000000
27463 -266.0000000000
27548 -265.0000000000
27581 -263.0000000000
27642 -262.0000000000
27672 -261.0000000000
27677 -260.0000000000
27764 -257.0000000000
27904 -256.0000000000
27942 -255.0000000000
27971 -254.0000000000
28004 -253.0000000000
28041 -252.0000000000
28043 -251.0000000000
28092 -249.0000000000
28137 -248.0000000000
28150 -246.0000000000
28237 -245.0000000000
28263 -244.0000000000
28313 -242.0000000000
28327 -241.0000000000
28443 -240.0000000000
28464 -239.0000000000
28553 -238.0000000000
28578 -237.0000000000
28604 -236.0000000000
28685 -235.0000000000
28722 -233.0000000000
28809 -232.0000000000
28836 -231.0000000000
28861 -230.0000000000
28889 -228.0000000000
29004 -227.0000000000
29024 -226.0000000000
29055 -225.0000000000
29122 -223.0000000000
29151 -222.0000000000
29184 -221.0000000000
29234 -220.0000000000
29295 -219.0000000000
29319 -218.0000000000
29401 -217.0000000000
29447 -216.0000000000
29464 -214.0000000000
29494 -213.0000000000
29513 -212.0000000000
29541 -211.0000000000
29626 -209.0000000000
29686 -208.0000000000
29750 -207.0000000000
29796 -206.0000000000
29848 -204.0000000000
29903 -202.0000000000
29995 -201.0000000000
30018 -200.0000000000
30023 -199.0000000000
30124 -198.0000000000
30180 -197.0000000000
30205 -196.0000000000
30306 -195.0000000000
30327 -194.0000000000
30415 -193.0000000000
30451 -192.0000000000
30477 -191.0000000000
30502 -190.0000000000
30565 -189.0000000000
30587 -188.0000000000
30640 -187.0000000000
30678 -186.0000000000
30747 -185.0000000000
30789 -184.0000000000
30803 -182.0000000000
30886 -181.0000000000
30926 -180.0000000000
31026 -179.0000000000
31095 -178.0000000000
31167 -177.0000000000
31205 -176.0000000000
31232 -175.0000000000
31262 -174.0000000000
31313 -173.0000000000
31333 -172.0000000000
31406 -171.0000000000
31418 -169.0000000000
31499 -168.0000000000
31578 -166.0000000000
31708 -165.0000000000
31805 -164.0000000000
31883 -163.0000000000
31988 -162.0000000000
32077 -161.0000000000
32147 -160.0000000000
32310 -159.0000000000
32374 -158.0000000000
32420 -157.0000000000
32493 -156.0000000000
32553 -155.0000000000
32582 -154.0000000000
32645 -153.0000000000
32692 -152.0000000000
32732 -151.0000000000
32809 -150.0000000000
32943 -149.0000000000
32965 -148.0000000000
33045 -147.0000000000
33084 -146.0000000000
33184 -145.0000000000
33263 -143.0000000000
33351 -142.0000000000
33409 -141.0000000000
33445 -140.0000000000
33467 -139.0000000000
33673 -138.0000000000
33811 -137.0000000000
33872 -136.0000000000
33944 -135.0000000000
34022 -134.0000000000
34084 -133.0000000000
34143 -132.0000000000
34166 -131.0000000000
34267 -130.0000000000
34377 -128.0000000000
34476 -127.0000000000
34532 -126.0000000000
34570 -125.0000000000
34752 -123.0000000000
34881 -122.0000000000
35000 -121.0000000000
35106 -120.0000000000
35115 -119.0000000000
35182 -118.0000000000
35241 -117.0000000000
35334 -116.0000000000
35383 -115.0000000000
35434 -114.0000000000
35528 -113.0000000000
35620 -112.0000000000
35654 -111.0000000000
35737 -110.0000000000
35774 -108.0000000000
35810 -107.0000000000
35859 -106.0000000000
35891 -105.0000000000
35977 -104.0000000000
36019 -103.0000000000
36093 -102.0000000000
36166 -101.0000000000
36209 -99.0000000000
36330 -98.0000000000
36469 -97.0000000000
36525 -96.0000000000
36602 -95.0000000000
36742 -94.0000000000
36868 -93.0000000000
36903 -91.0000000000
37052 -90.0000000000
37170 -89.0000000000
37282 -88.0000000000
37443 -87.0000000000
37489 -86.0000000000
37582 -85.0000000000
37731 -84.0000000000
37839 -83.0000000000
37852 -82.0000000000
37911 -81.0000000000
38032 -80.0000000000
38063 -79.0000000000
38154 -78.0000000000
38280 -76.0000000000
38427 -75.0000000000
38542 -73.0000000000
38649 -72.0000000000
38729 -71.0000000000
38804 -70.0000000000
38859 -69.0000000000
38950 -68.0000000000
38988 -66.0000000000
39168 -65.0000000000
39236 -64.0000000000
39248 -63.0000000000
39330 -62.0000000000
39334 -61.0000000000
39452 -60.0000000000
39471 -59.0000000000
39548 -58.0000000000
39623 -57.0000000000
39840 -56.0000000000
40005 -55.0000000000
40157 -54.0000000000
40205 -53.0000000000
40262 -52.0000000000
40377 -51.0000000000
40481 -50.0000000000
40553 -49.0000000000
40657 -48.0000000000
40746 -47.0000000000
40776 -46.0000000000
40818 -45.0000000000
40889 -44.0000000000
41042 -43.0000000000
41101 -41.0000000000
41224 -40.0000000000
41241 -39.0000000000
41327 -38.0000000000
41398 -37.0000000000
41432 -36.0000000000
41618 -35.0000000000
42089 -34.0000000000
42282 -33.0000000000
42342 -32.0000000000
42390 -31.0000000000
42546 -30.0000000000
42704 -29.0000000000
42728 -28.0000000000
42760 -27.0000000000
42932 -26.0000000000
42940 -25.0000000000
43028 -24.0000000000
43146 -23.0000000000
43244 -22.0000000000
43362 -21.0000000000
43649 -20.0000000000
43871 -19.0000000000
43964 -18.0000000000
44018 -17.0000000000
44121 -16.0000000000
44245 -15.0000000000
44301 -14.0000000000
44684 -13.0000000000
44839 -12.0000000000
45009 -11.0000000000
45213 -10.0000000000
45985 -9.0000000000
46215 -8.0000000000
46367 -7.0000000000
46371 -6.0000000000
46938 -5.0000000000
47137 -4.0000000000
47255 -3.0000000000
47401 -2.0000000000
47620 -1.0000000000
47768 308.4900000000
47774 316.2400000000
47798 320.5800000000
47894 336.4600000000
48135 342.5500000000
48949 343.2700000000
51184 350.1300000000
51188 369.5800000000
51805 370.6200000000
52337 373.4700000000
54069 376.5300000000
54848 379.0400000000
54989 379.7600000000
55101 389.1900000000
55201 402.0600000000
100000 -1.0000000000
evaluations raw_y
1 -1961.0000000000
2 -1937.0000000000
8 -1910.0000000000
33 -1890.0000000000
46 -1880.0000000000
61 -1871.0000000000
74 -1866.0000000000
83 -1839.0000000000
102 -1823.0000000000
135 -1821.0000000000
155 -1815.0000000000
170 -1808.0000000000
188 -1786.0000000000
201 -1779.0000000000
213 -1777.0000000000
223 -1776.0000000000
226 -1757.0000000000
244 -1752.0000000000
303 -1749.0000000000
321 -1743.0000000000
324 -1738.0000000000
325 -1720.0000000000
360 -1716.0000000000
372 -1695.0000000000
411 -1691.0000000000
421 -1682.0000000000
428 -1666.0000000000
490 -1647.0000000000
523 -1643.0000000000
547 -1639.0000000000
551 -1638.0000000000
563 -1628.0000000000
573 -1625.0000000000
604 -1617.0000000000
621 -1615.0000000000
624 -1611.0000000000
626 -1601.0000000000
670 -1596.0000000000
688 -1593.0000000000
698 -1590.0000000000
702 -1582.0000000000
724 -1579.0000000000
730 -1576.0000000000
734 -1573.0000000000
742 -1569.0000000000
762 -1566.0000000000
783 -1553.0000000000
802 -1550.0000000000
803 -1546.0000000000
808 -1545.0000000000
832 -1541.0000000000
851 -1537.0000000000
871 -1527.0000000000
901 -1523.0000000000
927 -1521.0000000000
938 -1516.0000000000
944 -1507.0000000000
987 -1504.0000000000
997 -1499.0000000000
1036 -1490.0000000000
1082 -1488.0000000000
1118 -1483.0000000000
1143 -1477.0000000000
1185 -1475.0000000000
1187 -1474.0000000000
1189 -1472.0000000000
1203 -1470.0000000000
1224 -1469.0000000000
1235 -1465.0000000000
1247 -1461.0000000000
1286 -1460.0000000000
1305 -1457.0000000000
1309 -1456.0000000000
1341 -1454.0000000000
1359 -1453.0000000000
1380 -1451.0000000000
1407 -1449.0000000000
1424 -1447.0000000000
1468 -1443.0000000000
1510 -1442.0000000000
1514 -1441.0000000000
1531 -1440.0000000000
1543 -1438.0000000000
1545 -1437.0000000000
1581 -1436.0000000000
1587 -1434.0000000000
1608 -1433.0000000000
1639 -1431.0000000000
1666 -1429.0000000000
1672 -1428.0000000000
1681 -1427.0000000000
1709 -1424.0000000000
1729 -1423.0000000000
1743 -1421.0000000000
1780 -1420.0000000000
1788 -1419.0000000000
1795 -1418.0000000000
1811 -1417.0000000000
1821 -1414.0000000000
1838 -1413.0000000000
1864 -1412.0000000000
1895 -1409.0000000000
1940 -1407.0000000000
1946 -1406.0000000000
1967 -1405.0000000000
2003 -1404.0000000000
2027 -1402.0000000000
2046 -1401.0000000000
2092 -1399.0000000000
2107 -1398.0000000000
2112 -1396.0000000000
2115 -1395.0000000000
2122 -1394.0000000000
2159 -1393.0000000000
2173 -1391.0000000000
2216 -1390.0000000000
2221 -1388.0000000000
2265 -1384.0000000000
2271 -1382.0000000000
2356 -1379.0000000000
2377 -1377.0000000000
2410 -1375.0000000000
2419 -1373.0000000000
2431 -1372.0000000000
2453 -1371.0000000000
2462 -1370.0000000000
2477 -1365.0000000000
2535 -1364.0000000000
2561 -1362.0000000000
2562 -1360.0000000000
2590 -1359.0000000000
2609 -1358.0000000000
2649 -1357.0000000000
2651 -1356.0000000000
2663 -1353.0000000000
2705 -1352.0000000000
2706 -1351.0000000000
2740 -1350.0000000000
2743 -1348.0000000000
2769 -1346.0000000000
2798 -1345.0000000000
2821 -1341.0000000000
2881 -1339.0000000000
2886 -1338.0000000000
2936 -1337.0000000000
2944 -1332.0000000000
3030 -1331.0000000000
3041 -1330.0000000000
3088 -1329.0000000000
3090 -1328.0000000000
3097 -1327.0000000000
3125 -1325.0000000000
3137 -1324.0000000000
3150 -1322.0000000000
3163 -1319.0000000000
3199 -1318.0000000000
3239 -1317.0000000000
3261 -1315.0000000000
3305 -1314.0000000000
3306 -1312.0000000000
3343 -1309.0000000000
3364 -1308.0000000000
3403 -1307.0000000000
3425 -1306.0000000000
3434 -1304.0000000000
3478 -1303.0000000000
3486 -1302.0000000000
3510 -1298.0000000000
3569 -1291.0000000000
3604 -1290.0000000000
3633 -1289.0000000000
3665 -1288.0000000000
3687 -1286.0000000000
3731 -1284.0000000000
3737 -1283.0000000000
3787 -1282.0000000000
3806 -1281.0000000000
3815 -1279.0000000000
3863 -1278.0000000000
3884 -1277.0000000000
3906 -1276.0000000000
3923 -1275.0000000000
3933 -1272.0000000000
4005 -1271.0000000000
4027 -1270.0000000000
4065 -1269.0000000000
4087 -1268.0000000000
4095 -1267.0000000000
4129 -1266.0000000000
4146 -1265.0000000000
4162 -1263.0000000000
4210 -1261.0000000000
4233 -1260.0000000000
4234 -1259.0000000000
4238 -1258.0000000000
4255 -1255.0000000000
4288 -1254.0000000000
4316 -1253.0000000000
4324 -1252.0000000000
4341 -1246.0000000000
4418 -1245.0000000000
4433 -1244.0000000000
4455 -1243.0000000000
4481 -1242.0000000000
4493 -1240.0000000000
4509 -1237.0000000000
4570 -1235.0000000000
4612 -1234.0000000000
4617 -1233.0000000000
4619 -1232.0000000000
4666 -1231.0000000000
4685 -1230.0000000000
4701 -1229.0000000000
4721 -1228.0000000000
4750 -1227.0000000000
4761 -1224.0000000000
4809 -1223.0000000000
4814 -1220.0000000000
4868 -1219.0000000000
4883 -1215.0000000000
4903 -1214.0000000000
4951 -1213.0000000000
4963 -1212.0000000000
4964 -1211.0000000000
4983 -1209.0000000000
4987 -1207.0000000000
5005 -1206.0000000000
5043 -1205.0000000000
5046 -1202.0000000000
5069 -1201.0000000000
5076 -1200.0000000000
5107 -1198.0000000000
5133 -1197.0000000000
5142 -1196.0000000000
5165 -1195.0000000000
5171 -1194.0000000000
5207 -1192.0000000000
5239 -1190.0000000000
5269 -1188.0000000000
5293 -1186.0000000000
5312 -1180.0000000000
5377 -1178.0000000000
5389 -1176.0000000000
5418 -1175.0000000000
5451 -1174.0000000000
5463 -1169.0000000000
5525 -1164.0000000000
5575 -1163.0000000000
5622 -1162.0000000000
5642 -1155.0000000000
5724 -1154.0000000000
5743 -1153.0000000000
5769 -1151.0000000000
5790 -1150.0000000000
5810 -1149.0000000000
5840 -1147.0000000000
5862 -1146.0000000000
5881 -1145.0000000000
5894 -1144.0000000000
5897 -1143.0000000000
5940 -1142.0000000000
5944 -1141.0000000000
5961 -1140.0000000000
5995 -1139.0000000000
5999 -1138.0000000000
6043 -1134.0000000000
6113 -1133.0000000000
6114 -1131.0000000000
6146 -1128.0000000000
6226 -1127.0000000000
6246 -1126.0000000000
6258 -1124.0000000000
6271 -1123.0000000000
6303 -1122.0000000000
6310 -1121.0000000000
6367 -1120.0000000000
6383 -1119.0000000000
6384 -1118.0000000000
6427 -1117.0000000000
6452 -1114.0000000000
6481 -1111.0000000000
6546 -1109.0000000000
6579 -1108.0000000000
6584 -1107.0000000000
6622 -1102.0000000000
6643 -1101.0000000000
6751 -1100.0000000000
6765 -1099.0000000000
6775 -1098.0000000000
6782 -1097.0000000000
6849 -1096.0000000000
6872 -1095.0000000000
6892 -1094.0000000000
6905 -1093.0000000000
6928 -1092.0000000000
6996 -1091.0000000000
7006 -1090.0000000000
7010 -1089.0000000000
7073 -1088.0000000000
7076 -1086.0000000000
7096 -1085.0000000000
7131 -1084.0000000000
7147 -1082.0000000000
7170 -1081.0000000000
7188 -1080.0000000000
7204 -1079.0000000000
7241 -1078.0000000000
7259 -1076.0000000000
7270 -1075.0000000000
7323 -1072.0000000000
7355 -1070.0000000000
7387 -1069.0000000000
7397 -1067.0000000000
7429 -1062.0000000000
7530 -1061.0000000000
7555 -1060.0000000000
7566 -1059.0000000000
7572 -1056.0000000000
7621 -1054.0000000000
7672 -1053.0000000000
7701 -1051.0000000000
7761 -1050.0000000000
7776 -1048.0000000000
7783 -1047.0000000000
7821 -1044.0000000000
7877 -1041.0000000000
7891 -1040.0000000000
7933 -1039.0000000000
7951 -1038.0000000000
7968 -1037.0000000000
8020 -1034.0000000000
8062 -1033.0000000000
8087 -1032.0000000000
8107 -1031.0000000000
8121 -1026.0000000000
8181 -1025.0000000000
8188 -1024.0000000000
8253 -1021.0000000000
8270 -1019.0000000000
8290 -1018.0000000000
8324 -1017.0000000000
8326 -1015.0000000000
8344 -1013.0000000000
8382 -1009.0000000000
8448 -1008.0000000000
8461 -1007.0000000000
8463 -1005.0000000000
8490 -1004.0000000000
8503 -1003.0000000000
8526 -1002.0000000000
8574 -1001.0000000000
8603 -999.0000000000
8605 -998.0000000000
8610 -997.0000000000
8659 -994.0000000000
8715 -992.0000000000
8726 -990.0000000000
8736 -988.0000000000
8821 -986.0000000000
8827 -983.0000000000
8871 -981.0000000000
8911 -980.0000000000
8920 -979.0000000000
8947 -978.0000000000
8963 -976.0000000000
9032 -975.0000000000
9042 -974.0000000000
9067 -973.0000000000
9072 -971.0000000000
9133 -969.0000000000
9164 -968.0000000000
9185 -965.0000000000
9217 -963.0000000000
9229 -962.0000000000
9266 -960.0000000000
9285 -959.0000000000
9313 -956.0000000000
9343 -955.0000000000
9382 -954.0000000000
9392 -953.0000000000
9418 -948.0000000000
9485 -945.0000000000
9579 -943.0000000000
9597 -942.0000000000
9604 -941.0000000000
9607 -940.0000000000
9634 -938.0000000000
9641 -937.0000000000
9697 -932.0000000000
9787 -931.0000000000
9818 -929.0000000000
9844 -927.0000000000
9866 -926.0000000000
9878 -925.0000000000
9909 -923.0000000000
9929 -922.0000000000
9991 -921.0000000000
9992 -920.0000000000
10021 -919.0000000000
10040 -916.0000000000
10085 -915.0000000000
10108 -912.0000000000
10161 -911.0000000000
10201 -910.0000000000
10204 -908.0000000000
10220 -907.0000000000
10256 -906.0000000000
10279 -905.0000000000
10305 -904.0000000000
10317 -902.0000000000
10344 -901.0000000000
10362 -900.0000000000
10372 -899.0000000000
10414 -897.0000000000
10463 -896.0000000000
10473 -894.0000000000
10488 -892.0000000000
10537 -890.0000000000
10563 -888.0000000000
10619 -887.0000000000
10623 -885.0000000000
10655 -884.0000000000
10697 -882.0000000000
10722 -879.0000000000
10783 -878.0000000000
10784 -877.0000000000
10795 -876.0000000000
10860 -875.0000000000
10870 -873.0000000000
10898 -872.0000000000
10913 -871.0000000000
10931 -868.0000000000
11002 -867.0000000000
11006 -866.0000000000
11010 -865.0000000000
11043 -864.0000000000
11045 -863.0000000000
11079 -862.0000000000
11082 -860.0000000000
11102 -858.0000000000
11131 -855.0000000000
11208 -854.0000000000
11238 -853.0000000000
11264 -852.0000000000
11277 -851.0000000000
11313 -850.0000000000
11316 -849.0000000000
11324 -848.0000000000
11363 -847.0000000000
11370 -846.0000000000
11393 -845.0000000000
11442 -843.0000000000
11461 -841.0000000000
11548 -840.0000000000
11553 -839.0000000000
11596 -836.0000000000
11624 -833.0000000000
11676 -831.0000000000
11725 -830.0000000000
11758 -829.0000000000
11772 -828.0000000000
11802 -826.0000000000
11840 -825.0000000000
11862 -822.0000000000
11881 -820.0000000000
11897 -819.0000000000
11909 -818.0000000000
11962 -817.0000000000
11966 -815.0000000000
12016 -814.0000000000
12043 -813.0000000000
12047 -812.0000000000
12071 -810.0000000000
12150 -807.0000000000
12233 -806.0000000000
12248 -805.0000000000
12289 -803.0000000000
12301 -802.0000000000
12344 -801.0000000000
12374 -800.0000000000
12403 -799.0000000000
12424 -798.0000000000
12438 -797.0000000000
12453 -796.0000000000
12505 -794.0000000000
12529 -793.0000000000
12567 -792.0000000000
12584 -791.0000000000
12586 -790.0000000000
12656 -789.0000000000
12663 -788.0000000000
12687 -787.0000000000
12702 -785.0000000000
12720 -784.0000000000
12789 -783.0000000000
12793 -781.0000000000
12839 -780.0000000000
12870 -778.0000000000
12882 -777.0000000000
12902 -776.0000000000
12961 -774.0000000000
12975 -773.0000000000
13024 -771.0000000000
13061 -770.0000000000
13119 -768.0000000000
13120 -767.0000000000
13188 -765.0000000000
13223 -761.0000000000
13274 -760.0000000000
13313 -758.0000000000
13334 -756.0000000000
13395 -753.0000000000
13428 -752.0000000000
13443 -750.0000000000
13460 -749.0000000000
13545 -746.0000000000
13582 -745.0000000000
13608 -744.0000000000
13614 -743.0000000000
13685 -741.0000000000
13742 -740.0000000000
13767 -739.0000000000
13794 -738.0000000000
13822 -737.0000000000
13845 -736.0000000000
13849 -735.0000000000
13889 -734.0000000000
13918 -733.0000000000
13970 -732.0000000000
13975 -731.0000000000
14006 -730.0000000000
14021 -729.0000000000
14054 -728.0000000000
14055 -726.0000000000
14098 -724.0000000000
14138 -723.0000000000
14167 -722.0000000000
14190 -719.0000000000
14230 -717.0000000000
14242 -716.0000000000
14301 -713.0000000000
14303 -712.0000000000
14343 -711.0000000000
14347 -709.0000000000
14407 -708.0000000000
14429 -706.0000000000
14471 -705.0000000000
14472 -704.0000000000
14524 -703.0000000000
14526 -702.0000000000
14551 -701.0000000000
14561 -698.0000000000
14643 -696.0000000000
14648 -694.0000000000
14675 -691.0000000000
14744 -690.0000000000
14757 -688.0000000000
14849 -686.0000000000
14892 -685.0000000000
14907 -683.0000000000
14931 -681.0000000000
14975 -679.0000000000
15033 -677.0000000000
15061 -676.0000000000
15127 -675.0000000000
15144 -674.0000000000
15158 -673.0000000000
15188 -672.0000000000
15229 -671.0000000000
15242 -669.0000000000
15303 -668.0000000000
15325 -665.0000000000
15361 -664.0000000000
15423 -663.0000000000
15452 -662.0000000000
15488 -661.0000000000
15522 -659.0000000000
15549 -658.0000000000
15564 -657.0000000000
15595 -655.0000000000
15658 -654.0000000000
15697 -653.0000000000
15719 -652.0000000000
15726 -649.0000000000
15753 -647.0000000000
15831 -645.0000000000
15888 -644.0000000000
15903 -643.0000000000
15924 -642.0000000000
15969 -640.0000000000
16011 -638.0000000000
16029 -636.0000000000
16090 -635.0000000000
16123 -634.0000000000
16126 -633.0000000000
16162 -632.0000000000
16193 -629.0000000000
16241 -628.0000000000
16253 -627.0000000000
16289 -624.0000000000
16385 -623.0000000000
16420 -622.0000000000
16428 -621.0000000000
16446 -619.0000000000
16517 -618.0000000000
16530 -617.0000000000
16541 -616.0000000000
16591 -614.0000000000
16626 -613.0000000000
16653 -611.0000000000
16681 -609.0000000000
16758 -608.0000000000
16773 -607.0000000000
16788 -604.0000000000
16829 -603.0000000000
16849 -601.0000000000
16884 -599.0000000000
16913 -596.0000000000
17007 -594.0000000000
17027 -592.0000000000
17042 -591.0000000000
17107 -590.0000000000
17124 -589.0000000000
17164 -588.0000000000
17206 -587.0000000000
17219 -585.0000000000
17305 -583.0000000000
17337 -582.0000000000
17389 -581.0000000000
17402 -578.0000000000
17431 -576.0000000000
17486 -575.0000000000
17500 -574.0000000000
17545 -573.0000000000
17547 -572.0000000000
17583 -571.0000000000
17621 -570.0000000000
17650 -569.0000000000
17705 -567.0000000000
17717 -566.0000000000
17742 -564.0000000000
17807 -563.0000000000
17836 -560.0000000000
17911 -558.0000000000
17965 -557.0000000000
17976 -556.0000000000
18009 -555.0000000000
18030 -554.0000000000
18041 -553.0000000000
18069 -551.0000000000
18132 -550.0000000000
18163 -549.0000000000
18182 -546.0000000000
18255 -545.0000000000
18272 -544.0000000000
18306 -542.0000000000
18366 -541.0000000000
18379 -540.0000000000
18393 -539.0000000000
18409 -538.0000000000
18415 -537.0000000000
18484 -536.0000000000
18501 -535.0000000000
18536 -533.0000000000
18585 -532.0000000000
18600 -531.0000000000
18642 -527.0000000000
18718 -526.0000000000
18735 -525.0000000000
18776 -524.0000000000
18783 -522.0000000000
18805 -521.0000000000
18847 -520.0000000000
18889 -517.0000000000
18917 -515.0000000000
18967 -514.0000000000
19014 -513.0000000000
19020 -512.0000000000
19055 -510.0000000000
19122 -508.0000000000
19209 -506.0000000000
19232 -505.0000000000
19278 -503.0000000000
19305 -501.0000000000
19382 -498.0000000000
19434 -497.0000000000
19439 -496.0000000000
19488 -495.0000000000
19529 -493.0000000000
19592 -492.0000000000
19612 -490.0000000000
19641 -489.0000000000
19686 -488.0000000000
19705 -487.0000000000
19715 -485.0000000000
19761 -483.0000000000
19816 -481.0000000000
19845 -480.0000000000
19875 -479.0000000000
19922 -478.0000000000
19961 -477.0000000000
19967 -476.0000000000
20001 -475.0000000000
20048 -474.0000000000
20066 -473.0000000000
20078 -472.0000000000
20101 -468.0000000000
20230 -465.0000000000
20310 -464.0000000000
20341 -463.0000000000
20365 -461.0000000000
20387 -460.0000000000
20415 -459.0000000000
20482 -456.0000000000
20509 -455.0000000000
20578 -454.0000000000
20609 -453.0000000000
20648 -452.0000000000
20698 -451.0000000000
20726 -449.0000000000
20788 -448.0000000000
20817 -447.0000000000
20863 -446.0000000000
20870 -445.0000000000
20917 -444.0000000000
20969 -443.0000000000
20984 -442.0000000000
21053 -441.0000000000
21074 -440.0000000000
21081 -439.0000000000
21085 -438.0000000000
21144 -437.0000000000
21158 -436.0000000000
21187 -435.0000000000
21239 -434.0000000000
21241 -433.0000000000
21302 -432.0000000000
21323 -430.0000000000
21390 -429.0000000000
21429 -428.0000000000
21438 -427.0000000000
21476 -425.0000000000
21535 -424.0000000000
21557 -423.0000000000
21603 -421.0000000000
21636 -420.0000000000
21644 -419.0000000000
21682 -418.0000000000
21719 -417.0000000000
21720 -416.0000000000
21770 -415.0000000000
21804 -414.0000000000
21822 -413.0000000000
21834 -412.0000000000
21859 -411.0000000000
21887 -410.0000000000
21897 -409.0000000000
21941 -407.0000000000
21968 -406.0000000000
22002 -404.0000000000
22085 -403.0000000000
22108 -400.0000000000
22170 -398.0000000000
22262 -397.0000000000
22281 -395.0000000000
22313 -394.0000000000
22369 -393.0000000000
22422 -391.0000000000
22496 -390.0000000000
22516 -389.0000000000
22566 -388.0000000000
22607 -386.0000000000
22697 -385.0000000000
22718 -384.0000000000
22735 -382.0000000000
22771 -380.0000000000
22823 -379.0000000000
22867 -377.0000000000
22921 -376.0000000000
22992 -375.0000000000
23001 -373.0000000000
23070 -372.0000000000
23132 -371.0000000000
23182 -370.0000000000
23252 -369.0000000000
23262 -368.0000000000
23295 -367.0000000000
23319 -366.0000000000
23405 -365.0000000000
23446 -364.0000000000
23520 -363.0000000000
23525 -362.0000000000
23540 -361.0000000000
23610 -360.0000000000
23648 -359.0000000000
23650 -358.0000000000
23684 -357.0000000000
23753 -356.0000000000
23761 -355.0000000000
23805 -354.0000000000
23847 -352.0000000000
23897 -351.0000000000
23921 -350.0000000000
23973 -348.0000000000
24028 -347.0000000000
24069 -345.0000000000
24153 -344.0000000000
24210 -342.0000000000
24266 -341.0000000000
24287 -340.0000000000
24291 -339.0000000000
24347 -338.0000000000
24394 -337.0000000000
24415 -336.0000000000
24427 -333.0000000000
24533 -332.0000000000
24552 -330.0000000000
24612 -329.0000000000
24662 -328.0000000000
24708 -327.0000000000
24770 -326.0000000000
24841 -325.0000000000
24862 -322.0000000000
24969 -321.0000000000
25023 -320.0000000000
25041 -319.0000000000
25102 -318.0000000000
25126 -316.0000000000
25170 -315.0000000000
25172 -314.0000000000
25232 -313.0000000000
25270 -311.0000000000
25278 -310.0000000000
25321 -309.0000000000
25333 -308.0000000000
25397 -307.0000000000
25424 -306.0000000000
25454 -305.0000000000
25514 -304.0000000000
25550 -303.0000000000
25567 -302.0000000000
25601 -301.0000000000
25631 -300.0000000000
25711 -299.0000000000
25725 -298.0000000000
25757 -297.0000000000
25823 -296.0000000000
25851 -295.0000000000
25883 -294.0000000000
25978 -293.0000000000
26003 -291.0000000000
26054 -290.0000000000
26116 -289.0000000000
26182 -287.0000000000
26217 -286.0000000000
26258 -285.0000000000
26338 -284.0000000000
26399 -283.0000000000
26436 -282.0000000000
26444 -281.0000000000
26482 -279.0000000000
26622 -278.0000000000
26670 -277.0000000000
26718 -276.0000000000
26729 -275.0000000000
26743 -274.0000000000
26772 -273.0000000000
26814 -271.0000000000
26910 -270.0000000000
26980 -269.0000000000
27004 -267.0000000000
27044 -266.0000000000
27105 -265.0000000000
27109 -264.0000000000
27174 -263.0000000000
27186 -262.0000000000
27266 -261.0000000000
27286 -260.0000000000
27336 -259.0000000000
27366 -258.0000000000
27380 -257.0000000000
27445 -256.0000000000
27516 -255.0000000000
27527 -254.0000000000
27623 -252.0000000000
27735 -251.0000000000
27768 -250.0000000000
27826 -249.0000000000
27898 -248.0000000000
27915 -246.0000000000
28008 -245.0000000000
28050 -244.0000000000
28072 -242.0000000000
28176 -241.0000000000
28242 -240.0000000000
28274 -239.0000000000
28283 -237.0000000000
28370 -236.0000000000
28381 -235.0000000000
28408 -234.0000000000
28446 -233.0000000000
28534 -231.0000000000
28596 -230.0000000000
28671 -229.0000000000
28686 -228.0000000000
28701 -227.0000000000
28725 -226.0000000000
28748 -224.0000000000
28808 -223.0000000000
28842 -222.0000000000
28980 -221.0000000000
29070 -220.0000000000
29131 -219.0000000000
29182 -218.0000000000
29261 -217.0000000000
29353 -215.0000000000
29391 -214.0000000000
29414 -213.0000000000
29428 -212.0000000000
29442 -211.0000000000
29536 -208.0000000000
29669 -206.0000000000
29761 -205.0000000000
29828 -203.0000000000
29894 -202.0000000000
29961 -200.0000000000
30084 -199.0000000000
30090 -198.0000000000
30129 -197.0000000000
30232 -196.0000000000
30263 -195.0000000000
30299 -194.0000000000
30349 -193.0000000000
30413 -192.0000000000
30431 -191.0000000000
30432 -190.0000000000
30530 -189.0000000000
30533 -188.0000000000
30607 -187.0000000000
30658 -185.0000000000
30746 -184.0000000000
30797 -181.0000000000
30930 -180.0000000000
30986 -179.0000000000
31061 -178.0000000000
31081 -176.0000000000
31211 -175.0000000000
31227 -174.0000000000
31293 -173.0000000000
31336 -172.0000000000
31370 -171.0000000000
31442 -170.0000000000
31488 -169.0000000000
31503 -168.0000000000
31553 -167.0000000000
31622 -165.0000000000
31653 -164.0000000000
31746 -163.0000000000
31768 -162.0000000000
31827 -161.0000000000
31916 -159.0000000000
32068 -158.0000000000
32121 -156.0000000000
32209 -155.0000000000
32242 -154.0000000000
32340 -153.0000000000
32441 -152.0000000000
32508 -151.0000000000
32548 -150.0000000000
32621 -149.0000000000
32655 -148.0000000000
32722 -147.0000000000
32748 -146.0000000000
32819 -145.0000000000
32832 -144.0000000000
32886 -143.0000000000
32989 -142.0000000000
33021 -141.0000000000
33069 -140.0000000000
33082 -139.0000000000
33109 -138.0000000000
33155 -137.0000000000
33191 -136.0000000000
33300 -135.0000000000
33388 -134.0000000000
33461 -133.0000000000
33576 -132.0000000000
33683 -131.0000000000
33738 -130.0000000000
33754 -129.0000000000
33840 -128.0000000000
33920 -127.0000000000
34007 -126.0000000000
34061 -125.0000000000
34081 -124.0000000000
34162 -123.0000000000
34206 -121.0000000000
34351 -120.0000000000
34429 -119.0000000000
34452 -118.0000000000
34549 -117.0000000000
34616 -116.0000000000
34673 -115.0000000000
34746 -114.0000000000
34849 -113.0000000000
34927 -112.0000000000
34958 -111.0000000000
34999 -110.0000000000
35026 -109.0000000000
35065 -108.0000000000
35191 -107.0000000000
35216 -106.0000000000
35334 -105.0000000000
35361 -104.0000000000
35379 -103.0000000000
35436 -101.0000000000
35491 -100.0000000000
35602 -98.0000000000
35688 -97.0000000000
35741 -95.0000000000
35869 -94.0000000000
35944 -93.0000000000
36008 -92.0000000000
36161 -91.0000000000
36239 -90.0000000000
36240 -89.0000000000
36311 -88.0000000000
36370 -87.0000000000
36438 -86.0000000000
36459 -85.0000000000
36508 -84.0000000000
36578 -83.0000000000
36651 -82.0000000000
36756 -81.0000000000
36791 -80.0000000000
36925 -79.0000000000
37059 -78.0000000000
37197 -77.0000000000
37279 -76.0000000000
37281 -75.0000000000
37480 -74.0000000000
37548 -73.0000000000
37628 -72.0000000000
37754 -71.0000000000
37822 -70.0000000000
37944 -69.0000000000
38057 -68.0000000000
38146 -67.0000000000
38313 -66.0000000000
38378 -65.0000000000
38461 -64.0000000000
38555 -63.0000000000
38785 -62.0000000000
38937 -61.0000000000
38996 -59.0000000000
39149 -58.0000000000
39241 -57.0000000000
39256 -56.0000000000
39390 -55.0000000000
39467 -54.0000000000
39540 -53.0000000000
39627 -52.0000000000
39709 -51.0000000000
39817 -50.0000000000
39910 -49.0000000000
40099 -48.0000000000
40317 -47.0000000000
40462 -46.0000000000
40624 -45.0000000000
40653 -44.0000000000
40695 -43.0000000000
40829 -42.0000000000
40870 -41.0000000000
41014 -40.0000000000
41073 -39.0000000000
41085 -38.0000000000
41152 -37.0000000000
41203 -36.0000000000
41265 -35.0000000000
41307 -34.0000000000
41361 -33.0000000000
41422 -32.0000000000
41731 -31.0000000000
41852 -29.0000000000
41942 -28.0000000000
41965 -27.0000000000
42048 -26.0000000000
42197 -25.0000000000
42427 -24.0000000000
42605 -23.0000000000
42707 -22.0000000000
43043 -21.0000000000
43234 -20.0000000000
43402 -19.0000000000
43462 -18.0000000000
43596 -17.0000000000
43690 -16.0000000000
43787 -15.0000000000
43828 -14.0000000000
44066 -13.0000000000
44153 -12.0000000000
44267 -11.0000000000
44373 -10.0000000000
44536 -9.0000000000
44647 -8.0000000000
44710 -7.0000000000
44843 -6.0000000000
44961 -5.0000000000
45024 -4.0000000000
45153 -3.0000000000
45214 -2.0000000000
45246 -1.0000000000
45398 372.0800000000
45489 375.2000000000
45492 380.7700000000
45589 383.5100000000
45602 398.4300000000
45676 400.1600000000
45737 403.1200000000
45772 405.9900000000
45827 416.8700000000
45905 417.3800000000
45943 418.7000000000
46041 421.9100000000
46093 422.0300000000
46094 446.3700000000
46131 449.4100000000
46178 454.2700000000
46183 469.4600000000
46336 469.5700000000
46817 471.1300000000
47180 471.3800000000
49131 476.4400000000
51329 484.5100000000
100000 439.4500000000
evaluations raw_y
1 -1945.0000000000
8 -1942.0000000000
13 -1893.0000000000
45 -1877.0000000000
70 -1864.0000000000
85 -1848.0000000000
153 -1847.0000000000
155 -1839.0000000000
157 -1838.0000000000
161 -1826.0000000000
181 -1819.0000000000
189 -1817.0000000000
199 -1815.0000000000
201 -1809.0000000000
214 -1807.0000000000
217 -1804.0000000000
220 -1788.0000000000
239 -1771.0000000000
243 -1755.0000000000
281 -1750.0000000000
283 -1742.0000000000
289 -1735.0000000000
301 -1710.0000000000
303 -1700.0000000000
361 -1698.0000000000
367 -1682.0000000000
422 -1670.0000000000
441 -1661.0000000000
463 -1650.0000000000
473 -1647.0000000000
498 -1642.0000000000
522 -1623.0000000000
580 -1617.0000000000
599 -1615.0000000000
606 -1613.0000000000
628 -1612.0000000000
631 -1611.0000000000
638 -1595.0000000000
655 -1590.0000000000
670 -1588.0000000000
679 -1582.0000000000
707 -1574.0000000000
714 -1572.0000000000
765 -1568.0000000000
770 -1559.0000000000
810 -1558.0000000000
824 -1555.0000000000
825 -1549.0000000000
844 -1545.0000000000
879 -1544.0000000000
885 -1539.0000000000
918 -1535.0000000000
930 -1534.0000000000
940 -1530.0000000000
951 -1528.0000000000
970 -1522.0000000000
985 -1520.0000000000
1007 -1517.0000000000
1009 -1513.0000000000
1031 -1511.0000000000
1047 -1507.0000000000
1074 -1503.0000000000
1107 -1499.0000000000
1161 -1493.0000000000
1182 -1491.0000000000
1202 -1490.0000000000
1222 -1489.0000000000
1229 -1487.0000000000
1243 -1486.0000000000
1268 -1485.0000000000
1282 -1483.0000000000
1298 -1481.0000000000
1315 -1478.0000000000
1351 -1475.0000000000
1357 -1474.0000000000
1375 -1473.0000000000
1413 -1472.0000000000
1414 -1471.0000000000
1415 -1469.0000000000
1435 -1468.0000000000
1450 -1466.0000000000
1502 -1465.0000000000
1503 -1464.0000000000
1506 -1461.0000000000
1560 -1460.0000000000
1570 -1456.0000000000
1594 -1453.0000000000
1621 -1450.0000000000
1628 -1449.0000000000
1683 -1448.0000000000
1699 -1446.0000000000
1708 -1444.0000000000
1721 -1440.0000000000
1821 -1439.0000000000
1824 -1438.0000000000
1825 -1437.0000000000
1841 -1436.0000000000
1844 -1435.0000000000
1878 -1434.0000000000
1884 -1433.0000000000
1918 -1432.0000000000
1923 -1430.0000000000
1950 -1428.0000000000
1970 -1427.0000000000
1982 -1426.0000000000
1999 -1423.0000000000
2043 -1421.0000000000
2063 -1419.0000000000
2093 -1416.0000000000
2102 -1414.0000000000
2115 -1412.0000000000
2122 -1411.0000000000
2169 -1410.0000000000
2184 -1409.0000000000
2187 -1407.0000000000
2188 -1404.0000000000
2209 -1400.0000000000
2299 -1398.0000000000
2305 -1394.0000000000
2348 -1393.0000000000
2367 -1392.0000000000
2370 -1391.0000000000
2389 -1389.0000000000
2407 -1388.0000000000
2418 -1385.0000000000
2431 -1384.0000000000
2433 -1383.0000000000
2458 -1381.0000000000
2485 -1380.0000000000
2507 -1378.0000000000
2521 -1377.0000000000
2547 -1376.0000000000
2561 -1372.0000000000
2589 -1371.0000000000
2621 -1369.0000000000
2646 -1368.0000000000
2656 -1366.0000000000
2681 -1361.0000000000
2720 -1359.0000000000
2779 -1358.0000000000
2780 -1357.0000000000
2799 -1353.0000000000
2823 -1352.0000000000
2824 -1349.0000000000
2872 -1348.0000000000
2887 -1346.0000000000
2912 -1345.0000000000
2929 -1344.0000000000
2951 -1343.0000000000
2972 -1339.0000000000
3023 -1338.0000000000
3034 -1337.0000000000
3045 -1336.0000000000
3047 -1335.0000000000
3050 -1332.0000000000
3071 -1331.0000000000
3085 -1329.0000000000
3110 -1328.0000000000
3131 -1327.0000000000
3143 -1324.0000000000
3178 -1322.0000000000
3190 -1321.0000000000
3205 -1320.0000000000
3249 -1317.0000000000
3282 -1314.0000000000
3297 -1313.0000000000
3340 -1310.0000000000
3407 -1308.0000000000
3421 -1305.0000000000
3462 -1304.0000000000
3488 -1303.0000000000
3501 -1302.0000000000
3512 -1301.0000000000
3516 -1300.0000000000
3517 -1299.0000000000
3548 -1298.0000000000
3561 -1296.0000000000
3584 -1293.0000000000
3602 -1292.0000000000
3649 -1291.0000000000
3663 -1290.0000000000
3669 -1289.0000000000
3719 -1288.0000000000
3745 -1286.0000000000
3763 -1285.0000000000
3771 -1284.0000000000
3805 -1283.0000000000
3821 -1282.0000000000
3845 -1281.0000000000
3866 -1278.0000000000
3891 -1276.0000000000
3945 -1272.0000000000
3978 -1271.0000000000
4001 -1269.0000000000
4004 -1268.0000000000
4043 -1267.0000000000
4064 -1264.0000000000
4105 -1263.0000000000
4107 -1261.0000000000
4143 -1257.0000000000
4187 -1255.0000000000
4227 -1251.0000000000
4279 -1250.0000000000
4298 -1249.0000000000
4331 -1248.0000000000
4355 -1247.0000000000
4396 -1244.0000000000
4425 -1242.0000000000
4465 -1240.0000000000
4487 -1239.0000000000
4501 -1235.0000000000
4521 -1234.0000000000
4565 -1233.0000000000
4581 -1232.0000000000
4582 -1228.0000000000
4605 -1224.0000000000
4666 -1223.0000000000
4697 -1222.0000000000
4721 -1221.0000000000
4724 -1219.0000000000
4732 -1217.0000000000
4763 -1215.0000000000
4819 -1213.0000000000
4824 -1212.0000000000
4851 -1210.0000000000
4903 -1208.0000000000
4925 -1206.0000000000
4966 -1205.0000000000
4967 -1203.0000000000
5009 -1202.0000000000
5028 -1201.0000000000
5047 -1200.0000000000
5048 -1199.0000000000
5127 -1197.0000000000
5134 -1196.0000000000
5183 -1195.0000000000
5221 -1194.0000000000
5231 -1193.0000000000
5274 -1191.0000000000
5293 -1190.0000000000
5327 -1186.0000000000
5397 -1185.0000000000
5406 -1183.0000000000
5416 -1182.0000000000
5441 -1179.0000000000
5488 -1175.0000000000
5541 -1172.0000000000
5552 -1171.0000000000
5599 -1169.0000000000
5641 -1167.0000000000
5657 -1166.0000000000
5659 -1165.0000000000
5688 -1164.0000000000
5706 -1161.0000000000
5752 -1160.0000000000
5782 -1159.0000000000
5805 -1158.0000000000
5821 -1153.0000000000
5865 -1152.0000000000
5907 -1151.0000000000
5925 -1149.0000000000
5954 -1148.0000000000
5959 -1147.0000000000
6007 -1146.0000000000
6012 -1145.0000000000
6015 -1144.0000000000
6041 -1141.0000000000
6069 -1140.0000000000
6098 -1139.0000000000
6123 -1135.0000000000
6147 -1134.0000000000
6170 -1133.0000000000
6186 -1132.0000000000
6243 -1131.0000000000
6250 -1129.0000000000
6273 -1126.0000000000
6317 -1125.0000000000
6338 -1124.0000000000
6362 -1122.0000000000
6405 -1121.0000000000
6421 -1120.0000000000
6445 -1118.0000000000
6448 -1116.0000000000
6514 -1115.0000000000
6529 -1114.0000000000
6557 -1112.0000000000
6569 -1109.0000000000
6610 -1107.0000000000
6644 -1105.0000000000
6695 -1104.0000000000
6708 -1103.0000000000
6738 -1100.0000000000
6794 -1099.0000000000
6807 -1098.0000000000
6821 -1097.0000000000
6854 -1095.0000000000
6883 -1094.0000000000
6893 -1093.0000000000
6929 -1092.0000000000
6947 -1091.0000000000
6948 -1090.0000000000
6964 -1089.0000000000
6983 -1087.0000000000
7018 -1086.0000000000
7063 -1085.0000000000
7078 -1084.0000000000
7084 -1083.0000000000
7087 -1081.0000000000
7106 -1080.0000000000
7118 -1079.0000000000
7127 -1077.0000000000
7163 -1076.0000000000
7196 -1074.0000000000
7212 -1072.0000000000
7230 -1071.0000000000
7262 -1068.0000000000
7324 -1064.0000000000
7384 -1062.0000000000
7419 -1061.0000000000
7423 -1060.0000000000
7471 -1059.0000000000
7474 -1057.0000000000
7501 -1054.0000000000
7553 -1053.0000000000
7568 -1052.0000000000
7634 -1051.0000000000
7642 -1050.0000000000
7654 -1049.0000000000
7715 -1048.0000000000
7716 -1046.0000000000
7744 -1045.0000000000
7760 -1044.0000000000
7769 -1043.0000000000
7801 -1042.0000000000
7809 -1041.0000000000
7822 -1040.0000000000
7849 -1039.0000000000
7851 -1038.0000000000
7884 -1037.0000000000
7910 -1035.0000000000
7963 -1034.0000000000
7986 -1032.0000000000
8001 -1031.0000000000
8002 -1030.0000000000
8021 -1029.0000000000
8031 -1027.0000000000
8035 -1026.0000000000
8082 -1025.0000000000
8088 -1023.0000000000
8129 -1021.0000000000
8142 -1019.0000000000
8206 -1018.0000000000
8216 -1017.0000000000
8225 -1016.0000000000
8249 -1014.0000000000
8294 -1012.0000000000
8302 -1011.0000000000
8328 -1010.0000000000
8361 -1009.0000000000
8371 -1007.0000000000
8402 -1006.0000000000
8436 -1005.0000000000
8466 -1004.0000000000
8488 -1003.0000000000
8510 -1002.0000000000
8523 -1000.0000000000
8566 -998.0000000000
8611 -997.0000000000
8644 -995.0000000000
8662 -994.0000000000
8701 -992.0000000000
8744 -991.0000000000
8771 -989.0000000000
8785 -988.0000000000
8814 -987.0000000000
8820 -986.0000000000
8860 -984.0000000000
8876 -981.0000000000
8927 -980.0000000000
8933 -979.0000000000
8943 -978.0000000000
8955 -977.0000000000
8982 -976.0000000000
8989 -975.0000000000
9002 -974.0000000000
9021 -973.0000000000
9043 -972.0000000000
9050 -971.0000000000
9067 -969.0000000000
9124 -967.0000000000
9167 -965.0000000000
9180 -963.0000000000
9254 -962.0000000000
9273 -960.0000000000
9310 -959.0000000000
9327 -958.0000000000
9334 -957.0000000000
9351 -956.0000000000
9381 -953.0000000000
9409 -952.0000000000
9485 -951.0000000000
9500 -950.0000000000
9507 -948.0000000000
9523 -947.0000000000
9567 -946.0000000000
9570 -945.0000000000
9588 -943.0000000000
9602 -942.0000000000
9629 -941.0000000000
9637 -940.0000000000
9693 -938.0000000000
9701 -935.0000000000
9729 -934.0000000000
9735 -932.0000000000
9795 -931.0000000000
9816 -929.0000000000
9853 -927.0000000000
9879 -924.0000000000
9938 -923.0000000000
9981 -922.0000000000
9984 -921.0000000000
9997 -917.0000000000
10067 -915.0000000000
10104 -913.0000000000
10154 -912.0000000000
10157 -911.0000000000
10164 -908.0000000000
10253 -907.0000000000
10257 -906.0000000000
10269 -905.0000000000
10294 -904.0000000000
10301 -902.0000000000
10335 -901.0000000000
10368 -899.0000000000
10389 -898.0000000000
10423 -897.0000000000
10447 -895.0000000000
10466 -894.0000000000
10504 -892.0000000000
10521 -891.0000000000
10523 -890.0000000000
10543 -888.0000000000
10621 -887.0000000000
10641 -885.0000000000
10677 -884.0000000000
10693 -883.0000000000
10709 -882.0000000000
10736 -881.0000000000
10741 -880.0000000000
10753 -878.0000000000
10791 -876.0000000000
10813 -875.0000000000
10820 -874.0000000000
10845 -873.0000000000
10869 -872.0000000000
10882 -871.0000000000
10917 -868.0000000000
10986 -865.0000000000
11034 -864.0000000000
11083 -863.0000000000
11090 -862.0000000000
11124 -861.0000000000
11144 -860.0000000000
11165 -859.0000000000
11195 -858.0000000000
11239 -857.0000000000
11264 -856.0000000000
11312 -855.0000000000
11323 -853.0000000000
11341 -852.0000000000
11345 -851.0000000000
11394 -849.0000000000
11458 -848.0000000000
11463 -847.0000000000
11476 -844.0000000000
11536 -843.0000000000
11543 -842.0000000000
11583 -841.0000000000
11615 -840.0000000000
11637 -838.0000000000
11660 -836.0000000000
11715 -834.0000000000
11719 -833.0000000000
11772 -832.0000000000
11815 -831.0000000000
11820 -830.0000000000
11833 -828.0000000000
11904 -827.0000000000
11916 -826.0000000000
11930 -824.0000000000
11999 -823.0000000000
12026 -821.0000000000
12045 -820.0000000000
12061 -819.0000000000
12087 -817.0000000000
12200 -816.0000000000
12206 -814.0000000000
12265 -813.0000000000
12283 -809.0000000000
12342 -808.0000000000
12384 -807.0000000000
12408 -806.0000000000
12437 -805.0000000000
12444 -804.0000000000
12447 -803.0000000000
12468 -802.0000000000
12479 -801.0000000000
12493 -798.0000000000
12552 -797.0000000000
12587 -795.0000000000
12603 -794.0000000000
12656 -793.0000000000
12671 -792.0000000000
12704 -791.0000000000
12715 -790.0000000000
12720 -789.0000000000
12772 -788.0000000000
12812 -787.0000000000
12835 -786.0000000000
12849 -785.0000000000
12876 -784.0000000000
12905 -782.0000000000
12923 -780.0000000000
12986 -779.0000000000
13002 -778.0000000000
13042 -776.0000000000
13081 -774.0000000000
13083 -772.0000000000
13156 -771.0000000000
13163 -769.0000000000
13167 -767.0000000000
13223 -765.0000000000
13281 -763.0000000000
13326 -761.0000000000
13328 -760.0000000000
13375 -758.0000000000
13400 -756.0000000000
13438 -755.0000000000
13494 -754.0000000000
13504 -752.0000000000
13538 -751.0000000000
13561 -750.0000000000
13564 -749.0000000000
13608 -748.0000000000
13623 -747.0000000000
13648 -746.0000000000
13673 -745.0000000000
13725 -744.0000000000
13756 -743.0000000000
13769 -742.0000000000
13775 -741.0000000000
13779 -739.0000000000
13867 -738.0000000000
13881 -735.0000000000
13924 -734.0000000000
13950 -733.0000000000
13982 -731.0000000000
14024 -730.0000000000
14039 -729.0000000000
14049 -728.0000000000
14092 -726.0000000000
14128 -723.0000000000
14141 -721.0000000000
14191 -720.0000000000
14257 -719.0000000000
14267 -716.0000000000
14334 -714.0000000000
14342 -713.0000000000
14376 -711.0000000000
14386 -709.0000000000
14462 -707.0000000000
14495 -706.0000000000
14519 -705.0000000000
14526 -704.0000000000
14562 -703.0000000000
14590 -702.0000000000
14592 -701.0000000000
14630 -700.0000000000
14663 -699.0000000000
14689 -698.0000000000
14697 -697.0000000000
14701 -696.0000000000
14748 -694.0000000000
14784 -692.0000000000
14826 -691.0000000000
14865 -690.0000000000
14890 -689.0000000000
14906 -688.0000000000
14929 -687.0000000000
14952 -683.0000000000
15056 -682.0000000000
15075 -680.0000000000
15123 -679.0000000000
15136 -678.0000000000
15167 -676.0000000000
15192 -674.0000000000
15226 -673.0000000000
15250 -672.0000000000
15297 -671.0000000000
15320 -669.0000000000
15346 -668.0000000000
15380 -667.0000000000
15414 -666.0000000000
15427 -664.0000000000
15492 -660.0000000000
15560 -658.0000000000
15591 -656.0000000000
15636 -655.0000000000
15674 -653.0000000000
15724 -652.0000000000
15735 -651.0000000000
15741 -650.0000000000
15787 -648.0000000000
15810 -647.0000000000
15856 -646.0000000000
15898 -645.0000000000
15906 -642.0000000000
16000 -641.0000000000
16004 -640.0000000000
16043 -638.0000000000
16092 -637.0000000000
16143 -636.0000000000
16186 -634.0000000000
16208 -633.0000000000
16261 -632.0000000000
16273 -631.0000000000
16308 -629.0000000000
16367 -627.0000000000
16393 -626.0000000000
16460 -622.0000000000
16513 -621.0000000000
16522 -620.0000000000
16591 -619.0000000000
16624 -618.0000000000
16628 -616.0000000000
16718 -615.0000000000
16728 -614.0000000000
16752 -612.0000000000
16804 -610.0000000000
16827 -609.0000000000
16867 -607.0000000000
16903 -606.0000000000
16919 -605.0000000000
16976 -604.0000000000
16990 -603.0000000000
17022 -601.0000000000
17078 -600.0000000000
17121 -599.0000000000
17152 -598.0000000000
17161 -597.0000000000
17198 -596.0000000000
17227 -595.0000000000
17228 -594.0000000000
17300 -592.0000000000
17362 -590.0000000000
17448 -588.0000000000
17455 -587.0000000000
17511 -585.0000000000
17528 -583.0000000000
17631 -582.0000000000
17694 -581.0000000000
17725 -580.0000000000
17773 -578.0000000000
17822 -576.0000000000
17893 -574.0000000000
17927 -573.0000000000
17954 -572.0000000000
18033 -571.0000000000
18071 -569.0000000000
18143 -567.0000000000
18219 -566.0000000000
18241 -565.0000000000
18288 -563.0000000000
18307 -562.0000000000
18323 -560.0000000000
18382 -558.0000000000
18442 -557.0000000000
18465 -556.0000000000
18518 -554.0000000000
18542 -553.0000000000
18593 -552.0000000000
18605 -551.0000000000
18647 -549.0000000000
18703 -546.0000000000
18799 -545.0000000000
18813 -544.0000000000
18882 -543.0000000000
18894 -541.0000000000
18964 -540.0000000000
18967 -539.0000000000
19045 -537.0000000000
19078 -536.0000000000
19154 -534.0000000000
19229 -533.0000000000
19255 -531.0000000000
19262 -530.0000000000
19397 -529.0000000000
19403 -528.0000000000
19425 -525.0000000000
19510 -524.0000000000
19534 -523.0000000000
19551 -520.0000000000
19571 -519.0000000000
19601 -518.0000000000
19636 -517.0000000000
19681 -515.0000000000
19744 -513.0000000000
19747 -512.0000000000
19764 -511.0000000000
19782 -510.0000000000
19819 -509.0000000000
19853 -505.0000000000
19985 -504.0000000000
20022 -503.0000000000
20070 -502.0000000000
20114 -501.0000000000
20122 -498.0000000000
20203 -497.0000000000
20231 -496.0000000000
20233 -495.0000000000
20281 -494.0000000000
20337 -492.0000000000
20351 -491.0000000000
20407 -490.0000000000
20415 -488.0000000000
20424 -487.0000000000
20527 -486.0000000000
20566 -485.0000000000
20587 -484.0000000000
20605 -482.0000000000
20698 -481.0000000000
20752 -479.0000000000
20789 -478.0000000000
20799 -477.0000000000
20823 -475.0000000000
20872 -473.0000000000
20961 -472.0000000000
20965 -471.0000000000
21041 -469.0000000000
21085 -468.0000000000
21113 -467.0000000000
21123 -466.0000000000
21189 -465.0000000000
21214 -464.0000000000
21264 -463.0000000000
21335 -462.0000000000
21344 -461.0000000000
21361 -459.0000000000
21421 -458.0000000000
21472 -457.0000000000
21476 -456.0000000000
21529 -454.0000000000
21561 -453.0000000000
21582 -452.0000000000
21615 -451.0000000000
21655 -450.0000000000
21696 -449.0000000000
21707 -448.0000000000
21732 -447.0000000000
21762 -446.0000000000
21802 -445.0000000000
21824 -444.0000000000
21914 -443.0000000000
21943 -442.0000000000
21953 -440.0000000000
22022 -439.0000000000
22074 -438.0000000000
22084 -436.0000000000
22159 -435.0000000000
22182 -434.0000000000
22183 -433.0000000000
22242 -432.0000000000
22294 -431.0000000000
22304 -430.0000000000
22325 -428.0000000000
22411 -427.0000000000
22427 -424.0000000000
22456 -423.0000000000
22468 -422.0000000000
22605 -421.0000000000
22612 -420.0000000000
22640 -418.0000000000
22726 -417.0000000000
22747 -414.0000000000
22867 -413.0000000000
22905 -410.0000000000
22973 -409.0000000000
23003 -408.0000000000
23024 -407.0000000000
23069 -406.0000000000
23105 -405.0000000000
23123 -403.0000000000
23213 -402.0000000000
23229 -401.0000000000
23276 -400.0000000000
23284 -399.0000000000
23305 -398.0000000000
23355 -397.0000000000
23389 -396.0000000000
23401 -395.0000000000
23432 -394.0000000000
23444 -392.0000000000
23504 -391.0000000000
23510 -390.0000000000
23558 -389.0000000000
23576 -388.0000000000
23605 -387.0000000000
23614 -386.0000000000
23676 -385.0000000000
23682 -384.0000000000
23698 -383.0000000000
23724 -382.0000000000
23731 -381.0000000000
23806 -380.0000000000
23813 -379.0000000000
23830 -378.0000000000
23863 -377.0000000000
23931 -375.0000000000
23968 -374.0000000000
24009 -373.0000000000
24034 -372.0000000000
24076 -370.0000000000
24195 -368.0000000000
24240 -367.0000000000
24276 -366.0000000000
24304 -365.0000000000
24346 -364.0000000000
24364 -363.0000000000
24387 -362.0000000000
24417 -360.0000000000
24449 -359.0000000000
24488 -358.0000000000
24503 -357.0000000000
24575 -356.0000000000
24603 -353.0000000000
24689 -352.0000000000
24700 -351.0000000000
24713 -350.0000000000
24739 -349.0000000000
24744 -348.0000000000
24786 -347.0000000000
24871 -346.0000000000
24902 -344.0000000000
24969 -343.0000000000
24996 -342.0000000000
25012 -341.0000000000
25121 -339.0000000000
25183 -338.0000000000
25224 -337.0000000000
25225 -336.0000000000
25298 -335.0000000000
25305 -334.0000000000
25328 -332.0000000000
25421 -329.0000000000
25559 -328.0000000000
25609 -327.0000000000
25686 -326.0000000000
25699 -325.0000000000
25779 -324.0000000000
25810 -323.0000000000
25847 -322.0000000000
25888 -321.0000000000
25913 -320.0000000000
26007 -317.0000000000
26056 -316.0000000000
26109 -315.0000000000
26124 -313.0000000000
26145 -312.0000000000
26213 -311.0000000000
26227 -310.0000000000
26261 -309.0000000000
26262 -307.0000000000
26314 -306.0000000000
26355 -305.0000000000
26365 -303.0000000000
26404 -302.0000000000
26422 -300.0000000000
26480 -299.0000000000
26526 -298.0000000000
26602 -297.0000000000
26610 -296.0000000000
26657 -295.0000000000
26661 -294.0000000000
26739 -293.0000000000
26759 -292.0000000000
26824 -291.0000000000
26866 -290.0000000000
26877 -288.0000000000
26928 -287.0000000000
26954 -286.0000000000
27002 -285.0000000000
27084 -284.0000000000
27107 -282.0000000000
27151 -281.0000000000
27166 -280.0000000000
27224 -279.0000000000
27257 -278.0000000000
27345 -277.0000000000
27371 -276.0000000000
27401 -275.0000000000
27464 -274.0000000000
27490 -273.0000000000
27533 -272.0000000000
27545 -270.0000000000
27603 -268.0000000000
27708 -267.0000000000
27727 -266.0000000000
27742 -265.0000000000
27788 -264.0000000000
27818 -263.0000000000
27862 -262.0000000000
27957 -261.0000000000
28025 -260.0000000000
28057 -259.0000000000
28088 -258.0000000000
28195 -257.0000000000
28221 -256.0000000000
28292 -255.0000000000
28354 -254.0000000000
28420 -253.0000000000
28462 -252.0000000000
28464 -251.0000000000
28538 -250.0000000000
28616 -249.0000000000
28652 -248.0000000000
28684 -247.0000000000
28729 -246.0000000000
28762 -245.0000000000
28783 -244.0000000000
28827 -243.0000000000
28852 -242.0000000000
28863 -241.0000000000
28975 -240.0000000000
29028 -239.0000000000
29101 -238.0000000000
29141 -237.0000000000
29162 -235.0000000000
29254 -233.0000000000
29385 -231.0000000000
29459 -230.0000000000
29529 -228.0000000000
29556 -227.0000000000
29641 -226.0000000000
29668 -225.0000000000
29707 -224.0000000000
29804 -223.0000000000
29851 -222.0000000000
29882 -221.0000000000
29901 -220.0000000000
29969 -219.0000000000
29984 -218.0000000000
30022 -217.0000000000
30104 -216.0000000000
30143 -215.0000000000
30208 -214.0000000000
30229 -213.0000000000
30307 -212.0000000000
30311 -211.0000000000
30345 -210.0000000000
30430 -209.0000000000
30468 -208.0000000000
30603 -207.0000000000
30638 -206.0000000000
30674 -205.0000000000
30697 -204.0000000000
30775 -203.0000000000
30863 -202.0000000000
30950 -201.0000000000
30981 -200.0000000000
31034 -198.0000000000
31140 -197.0000000000
31265 -196.0000000000
31315 -195.0000000000
31323 -194.0000000000
31435 -192.0000000000
31482 -191.0000000000
31571 -190.0000000000
31607 -189.0000000000
31638 -188.0000000000
31641 -187.0000000000
31681 -186.0000000000
31761 -185.0000000000
31789 -183.0000000000
31870 -182.0000000000
31981 -181.0000000000
32013 -180.0000000000
32093 -178.0000000000
32182 -177.0000000000
32184 -176.0000000000
32261 -175.0000000000
32294 -173.0000000000
32362 -172.0000000000
32369 -171.0000000000
32406 -170.0000000000
32510 -168.0000000000
32536 -167.0000000000
32608 -166.0000000000
32640 -165.0000000000
32712 -164.0000000000
32778 -163.0000000000
32872 -162.0000000000
32942 -161.0000000000
32966 -160.0000000000
33038 -159.0000000000
33104 -158.0000000000
33208 -157.0000000000
33214 -156.0000000000
33265 -155.0000000000
33289 -153.0000000000
33423 -151.0000000000
33509 -150.0000000000
33548 -149.0000000000
33577 -148.0000000000
33758 -147.0000000000
33919 -146.0000000000
33952 -145.0000000000
34107 -144.0000000000
34146 -143.0000000000
34162 -142.0000000000
34259 -141.0000000000
34306 -140.0000000000
34358 -139.0000000000
34444 -137.0000000000
34579 -136.0000000000
34587 -135.0000000000
34649 -134.0000000000
34722 -133.0000000000
34776 -132.0000000000
34833 -131.0000000000
34900 -130.0000000000
34956 -129.0000000000
35035 -128.0000000000
35059 -127.0000000000
35065 -126.0000000000
35159 -125.0000000000
35218 -124.0000000000
35230 -123.0000000000
35346 -122.0000000000
35411 -121.0000000000
35457 -120.0000000000
35510 -119.0000000000
35560 -118.0000000000
35673 -117.0000000000
35721 -116.0000000000
35794 -115.0000000000
35845 -114.0000000000
35945 -113.0000000000
36004 -112.0000000000
36059 -111.0000000000
36068 -110.0000000000
36166 -109.0000000000
36187 -107.0000000000
36304 -106.0000000000
36331 -105.0000000000
36342 -104.0000000000
36368 -103.0000000000
36441 -102.0000000000
36490 -101.0000000000
36504 -100.0000000000
36580 -99.0000000000
36623 -98.0000000000
36746 -97.0000000000
36767 -96.0000000000
36806 -95.0000000000
36944 -94.0000000000
37068 -93.0000000000
37074 -92.0000000000
37143 -91.0000000000
37195 -90.0000000000
37237 -89.0000000000
37252 -88.0000000000
37332 -87.0000000000
37369 -86.0000000000
37413 -85.0000000000
37549 -84.0000000000
37631 -83.0000000000
37810 -82.0000000000
37974 -81.0000000000
37987 -80.0000000000
38108 -79.0000000000
38159 -78.0000000000
38215 -77.0000000000
38280 -76.0000000000
38451 -75.0000000000
38589 -74.0000000000
38654 -73.0000000000
38726 -72.0000000000
38738 -71.0000000000
38810 -70.0000000000
38885 -69.0000000000
38998 -68.0000000000
39113 -67.0000000000
39208 -66.0000000000
39242 -65.0000000000
39382 -64.0000000000
39521 -63.0000000000
39586 -62.0000000000
39628 -61.0000000000
39766 -60.0000000000
39833 -59.0000000000
40012 -58.0000000000
40143 -57.0000000000
40193 -56.0000000000
40252 -55.0000000000
40342 -54.0000000000
40457 -53.0000000000
40620 -52.0000000000
40707 -51.0000000000
40845 -50.0000000000
41001 -49.0000000000
41136 -48.0000000000
41185 -47.0000000000
41269 -46.0000000000
42038 -45.0000000000
42218 -44.0000000000
42391 -43.0000000000
42401 -42.0000000000
42495 -41.0000000000
42561 -40.0000000000
42629 -39.0000000000
42824 -38.0000000000
43124 -37.0000000000
43311 -36.0000000000
43445 -35.0000000000
43515 -33.0000000000
43628 -32.0000000000
43731 -31.0000000000
43846 -30.0000000000
44021 -29.0000000000
44132 -28.0000000000
44495 -27.0000000000
44631 -26.0000000000
44675 -25.0000000000
44844 -24.0000000000
44932 -23.0000000000
45039 -22.0000000000
45190 -21.0000000000
45258 -20.0000000000
45290 -19.0000000000
45349 -18.0000000000
45401 -17.0000000000
45452 -16.0000000000
45463 -15.0000000000
45593 -14.0000000000
45640 -13.0000000000
45696 -12.0000000000
45875 -11.0000000000
45887 -10.0000000000
46054 -9.0000000000
46141 -8.0000000000
46248 -7.0000000000
46345 -6.0000000000
46413 -5.0000000000
46510 -4.0000000000
46561 -3.0000000000
46673 -2.0000000000
46710 -1.0000000000
46742 347.7600000000
46779 359.8700000000
46814 367.0500000000
46830 374.9000000000
46888 375.0600000000
46903 375.5600000000
46913 386.9400000000
46932 387.6200000000
46985 394.4400000000
47332 403.8200000000
48919 412.0700000000
50713 497.4000000000
50761 498.7400000000
50906 499.6800000000
50919 511.0600000000
51414 514.7000000000
52308 516.8700000000
52975 517.1600000000
53771 520.6300000000
53975 526.2300000000
54080 532.1000000000
54113 533.5600000000
54115 540.5000000000
54178 542.6700000000
54244 543.5600000000
54389 543.8100000000
54486 544.1100000000
54697 554.6500000000
55389 559.6000000000
58058 561.7300000000
59538 663.3600000000
59931 676.6100000000
60041 681.6700000000
60210 686.1300000000
60306 697.2200000000
61720 701.2700000000
62568 710.8400000000
62681 719.2400000000
63610 727.9500000000
67014 778.6700000000
67401 795.1400000000
67423 795.7800000000
67466 796.8500000000
67472 798.7600000000
67531 801.7900000000
67585 802.7400000000
67730 810.8000000000
67962 811.3100000000
69107 817.2000000000
69963 817.5100000000
71129 817.9900000000
71185 821.0200000000
74939 871.1800000000
75210 871.3000000000
75324 872.2900000000
75351 872.6900000000
75514 879.8600000000
75899 881.5100000000
76653 890.7000000000
79991 891.6000000000
82589 893.4900000000
100000 -1.0000000000
evaluations raw_y
1 -1954.0000000000
2 -1926.0000000000
5 -1874.0000000000
53 -1867.0000000000
56 -1856.0000000000
82 -1843.0000000000
129 -1829.0000000000
139 -1822.0000000000
156 -1819.0000000000
170 -1783.0000000000
193 -1778.0000000000
204 -1766.0000000000
256 -1761.0000000000
258 -1759.0000000000
262 -1753.0000000000
296 -1747.0000000000
302 -1742.0000000000
308 -1721.0000000000
365 -1694.0000000000
393 -1684.0000000000
408 -1676.0000000000
466 -1674.0000000000
484 -1671.0000000000
485 -1667.0000000000
497 -1663.0000000000
522 -1660.0000000000
526 -1651.0000000000
557 -1647.0000000000
591 -1637.0000000000
613 -1636.0000000000
624 -1631.0000000000
625 -1628.0000000000
674 -1627.0000000000
688 -1618.0000000000
702 -1615.0000000000
719 -1606.0000000000
765 -1604.0000000000
774 -1600.0000000000
788 -1591.0000000000
808 -1583.0000000000
862 -1582.0000000000
877 -1572.0000000000
910 -1564.0000000000
944 -1563.0000000000
946 -1558.0000000000
952 -1554.0000000000
989 -1553.0000000000
992 -1548.0000000000
1006 -1536.0000000000
1053 -1534.0000000000
1068 -1533.0000000000
1080 -1530.0000000000
1084 -1526.0000000000
1105 -1523.0000000000
1110 -1517.0000000000
1169 -1516.0000000000
1182 -1509.0000000000
1219 -1504.0000000000
1241 -1498.0000000000
1266 -1495.0000000000
1287 -1494.0000000000
1297 -1493.0000000000
1302 -1492.0000000000
1334 -1491.0000000000
1342 -1490.0000000000
1362 -1489.0000000000
1365 -1487.0000000000
1395 -1486.0000000000
1405 -1485.0000000000
1409 -1484.0000000000
1413 -1482.0000000000
1432 -1480.0000000000
1448 -1478.0000000000
1477 -1477.0000000000
1485 -1476.0000000000
1486 -1470.0000000000
1550 -1469.0000000000
1558 -1468.0000000000
1571 -1465.0000000000
1582 -1463.0000000000
1589 -1462.0000000000
1602 -1459.0000000000
1651 -1458.0000000000
1663 -1457.0000000000
1670 -1456.0000000000
1681 -1454.0000000000
1685 -1453.0000000000
1702 -1450.0000000000
1735 -1449.0000000000
1765 -1448.0000000000
1780 -1447.0000000000
1786 -1446.0000000000
1796 -1443.0000000000
1835 -1437.0000000000
1843 -1436.0000000000
1907 -1435.0000000000
1935 -1426.0000000000
2019 -1425.0000000000
2047 -1423.0000000000
2069 -1422.0000000000
2082 -1418.0000000000
2104 -1414.0000000000
2180 -1413.0000000000
2193 -1412.0000000000
2201 -1411.0000000000
2219 -1410.0000000000
2240 -1409.0000000000
2241 -1408.0000000000
2264 -1405.0000000000
2293 -1404.0000000000
2324 -1402.0000000000
2353 -1401.0000000000
2354 -1400.0000000000
2374 -1396.0000000000
2390 -1394.0000000000
2412 -1393.0000000000
2469 -1392.0000000000
2485 -1388.0000000000
2513 -1387.0000000000
2522 -1386.0000000000
2534 -1385.0000000000
2548 -1383.0000000000
2581 -1381.0000000000
2603 -1380.0000000000
2623 -1377.0000000000
2645 -1376.0000000000
2702 -1371.0000000000
2765 -1368.0000000000
2796 -1367.0000000000
2833 -1366.0000000000
2847 -1363.0000000000
2862 -1362.0000000000
2894 -1361.0000000000
2904 -1360.0000000000
2921 -1356.0000000000
2993 -1353.0000000000
3034 -1352.0000000000
3058 -1351.0000000000
3065 -1350.0000000000
3085 -1349.0000000000
3094 -1348.0000000000
3111 -1345.0000000000
3154 -1343.0000000000
3182 -1342.0000000000
3184 -1339.0000000000
3200 -1338.0000000000
3240 -1337.0000000000
3272 -1336.0000000000
3289 -1335.0000000000
3308 -1333.0000000000
3354 -1332.0000000000
3358 -1328.0000000000
3434 -1326.0000000000
3453 -1325.0000000000
3464 -1323.0000000000
3505 -1321.0000000000
3542 -1320.0000000000
3576 -1318.0000000000
3600 -1316.0000000000
3623 -1314.0000000000
3625 -1313.0000000000
3665 -1312.0000000000
3669 -1311.0000000000
3693 -1308.0000000000
3718 -1307.0000000000
3748 -1303.0000000000
3786 -1302.0000000000
3809 -1301.0000000000
3811 -1300.0000000000
3867 -1298.0000000000
3881 -1297.0000000000
3891 -1296.0000000000
3914 -1293.0000000000
3933 -1292.0000000000
3967 -1289.0000000000
3982 -1287.0000000000
4044 -1286.0000000000
4056 -1283.0000000000
4070 -1282.0000000000
4113 -1281.0000000000
4121 -1280.0000000000
4148 -1278.0000000000
4172 -1276.0000000000
4182 -1271.0000000000
4240 -1269.0000000000
4244 -1267.0000000000
4322 -1266.0000000000
4327 -1265.0000000000
4332 -1263.0000000000
4377 -1262.0000000000
4383 -1261.0000000000
4394 -1257.0000000000
4402 -1256.0000000000
4444 -1255.0000000000
4462 -1254.0000000000
4484 -1253.0000000000
4529 -1252.0000000000
4536 -1250.0000000000
4541 -1248.0000000000
4580 -1247.0000000000
4607 -1246.0000000000
4639 -1245.0000000000
4649 -1244.0000000000
4673 -1241.0000000000
4712 -1238.0000000000
4722 -1237.0000000000
4758 -1235.0000000000
4764 -1234.0000000000
4807 -1232.0000000000
4810 -1230.0000000000
4813 -1229.0000000000
4831 -1228.0000000000
4845 -1226.0000000000
4873 -1223.0000000000
4925 -1219.0000000000
4981 -1216.0000000000
5009 -1214.0000000000
5062 -1213.0000000000
5089 -1212.0000000000
5101 -1211.0000000000
5123 -1210.0000000000
5153 -1209.0000000000
5172 -1208.0000000000
5181 -1206.0000000000
5206 -1205.0000000000
5207 -1204.0000000000
5265 -1203.0000000000
5267 -1201.0000000000
5302 -1198.0000000000
5360 -1197.0000000000
5367 -1196.0000000000
5386 -1195.0000000000
5404 -1194.0000000000
5430 -1191.0000000000
5475 -1190.0000000000
5501 -1189.0000000000
5530 -1188.0000000000
5534 -1187.0000000000
5566 -1182.0000000000
5624 -1181.0000000000
5655 -1179.0000000000
5676 -1178.0000000000
5688 -1177.0000000000
5690 -1176.0000000000
5711 -1175.0000000000
5729 -1173.0000000000
5743 -1170.0000000000
5827 -1169.0000000000
5829 -1168.0000000000
5847 -1167.0000000000
5851 -1165.0000000000
5904 -1163.0000000000
5913 -1161.0000000000
5928 -1160.0000000000
5948 -1159.0000000000
5981 -1158.0000000000
6002 -1156.0000000000
6067 -1155.0000000000
6071 -1152.0000000000
6105 -1149.0000000000
6134 -1148.0000000000
6170 -1147.0000000000
6184 -1143.0000000000
6241 -1142.0000000000
6247 -1140.0000000000
6292 -1139.0000000000
6309 -1137.0000000000
6345 -1135.0000000000
6371 -1134.0000000000
6376 -1133.0000000000
6393 -1132.0000000000
6396 -1130.0000000000
6417 -1127.0000000000
6492 -1126.0000000000
6509 -1124.0000000000
6518 -1123.0000000000
6546 -1121.0000000000
6559 -1119.0000000000
6591 -1118.0000000000
6596 -1117.0000000000
6637 -1116.0000000000
6688 -1115.0000000000
6705 -1114.0000000000
6719 -1113.0000000000
6722 -1112.0000000000
6731 -1109.0000000000
6761 -1108.0000000000
6764 -1107.0000000000
6825 -1106.0000000000
6832 -1105.0000000000
6845 -1103.0000000000
6862 -1100.0000000000
6933 -1097.0000000000
6952 -1096.0000000000
6964 -1095.0000000000
6966 -1093.0000000000
7028 -1092.0000000000
7037 -1090.0000000000
7097 -1089.0000000000
7124 -1088.0000000000
7127 -1087.0000000000
7172 -1085.0000000000
7185 -1082.0000000000
7227 -1080.0000000000
7246 -1079.0000000000
7283 -1076.0000000000
7316 -1075.0000000000
7336 -1073.0000000000
7380 -1072.0000000000
7382 -1071.0000000000
7412 -1067.0000000000
7443 -1066.0000000000
7453 -1065.0000000000
7457 -1064.0000000000
7464 -1061.0000000000
7498 -1059.0000000000
7526 -1057.0000000000
7581 -1054.0000000000
7610 -1052.0000000000
7681 -1047.0000000000
7725 -1046.0000000000
7741 -1045.0000000000
7782 -1043.0000000000
7821 -1041.0000000000
7849 -1040.0000000000
7856 -1039.0000000000
7864 -1038.0000000000
7870 -1037.0000000000
7902 -1036.0000000000
7948 -1035.0000000000
7952 -1034.0000000000
7978 -1032.0000000000
8010 -1031.0000000000
8037 -1030.0000000000
8065 -1027.0000000000
8098 -1025.0000000000
8158 -1023.0000000000
8207 -1022.0000000000
8208 -1021.0000000000
8226 -1020.0000000000
8258 -1019.0000000000
8294 -1018.0000000000
8321 -1017.0000000000
8369 -1016.0000000000
8372 -1015.0000000000
8381 -1013.0000000000
8443 -1012.0000000000
8462 -1011.0000000000
8494 -1009.0000000000
8534 -1008.0000000000
8543 -1003.0000000000
8576 -1002.0000000000
8594 -999.0000000000
8666 -998.0000000000
8667 -997.0000000000
8711 -996.0000000000
8732 -993.0000000000
8769 -991.0000000000
8782 -990.0000000000
8846 -989.0000000000
8849 -987.0000000000
8905 -986.0000000000
8930 -985.0000000000
8955 -984.0000000000
8969 -982.0000000000
8981 -980.0000000000
9002 -977.0000000000
9041 -976.0000000000
9086 -975.0000000000
9106 -972.0000000000
9199 -971.0000000000
9224 -970.0000000000
9282 -969.0000000000
9289 -967.0000000000
9343 -964.0000000000
9403 -963.0000000000
9419 -961.0000000000
9452 -960.0000000000
9457 -959.0000000000
9465 -957.0000000000
9491 -956.0000000000
9527 -955.0000000000
9541 -950.0000000000
9576 -948.0000000000
9606 -945.0000000000
9666 -944.0000000000
9682 -943.0000000000
9705 -942.0000000000
9745 -936.0000000000
9788 -934.0000000000
9875 -933.0000000000
9886 -932.0000000000
9903 -931.0000000000
9923 -930.0000000000
9928 -928.0000000000
9961 -927.0000000000
9967 -925.0000000000
10005 -924.0000000000
10021 -921.0000000000
10094 -917.0000000000
10165 -915.0000000000
10192 -913.0000000000
10199 -912.0000000000
10223 -910.0000000000
10298 -909.0000000000
10302 -908.0000000000
10355 -907.0000000000
10368 -906.0000000000
10384 -904.0000000000
10429 -901.0000000000
10533 -900.0000000000
10560 -899.0000000000
10573 -898.0000000000
10584 -897.0000000000
10624 -895.0000000000
10671 -894.0000000000
10685 -893.0000000000
10710 -891.0000000000
10748 -890.0000000000
10764 -889.0000000000
10778 -886.0000000000
10794 -885.0000000000
10825 -884.0000000000
10844 -882.0000000000
10876 -881.0000000000
10884 -880.0000000000
10918 -879.0000000000
10929 -877.0000000000
10941 -876.0000000000
10964 -874.0000000000
11010 -873.0000000000
11019 -871.0000000000
11054 -867.0000000000
11154 -865.0000000000
11157 -864.0000000000
11181 -863.0000000000
11216 -862.0000000000
11224 -861.0000000000
11240 -859.0000000000
11247 -856.0000000000
11337 -854.0000000000
11352 -853.0000000000
11400 -852.0000000000
11415 -850.0000000000
11467 -849.0000000000
11468 -848.0000000000
11501 -846.0000000000
11535 -845.0000000000
11549 -844.0000000000
11551 -843.0000000000
11582 -842.0000000000
11597 -841.0000000000
11634 -839.0000000000
11648 -837.0000000000
11664 -836.0000000000
11665 -835.0000000000
11698 -833.0000000000
11796 -832.0000000000
11809 -831.0000000000
11837 -830.0000000000
11854 -829.0000000000
11873 -828.0000000000
11901 -827.0000000000
11921 -826.0000000000
11981 -824.0000000000
12011 -822.0000000000
12090 -820.0000000000
12109 -818.0000000000
12130 -817.0000000000
12143 -816.0000000000
12197 -814.0000000000
12224 -812.0000000000
12234 -811.0000000000
12262 -809.0000000000
12267 -807.0000000000
12349 -806.0000000000
12384 -804.0000000000
12405 -802.0000000000
12442 -801.0000000000
12491 -800.0000000000
12517 -799.0000000000
12540 -797.0000000000
12585 -796.0000000000
12624 -795.0000000000
12626 -794.0000000000
12652 -792.0000000000
12662 -791.0000000000
12769 -790.0000000000
12789 -789.0000000000
12803 -788.0000000000
12840 -787.0000000000
12848 -786.0000000000
12895 -785.0000000000
12909 -784.0000000000
12929 -783.0000000000
12958 -781.0000000000
13013 -779.0000000000
13061 -778.0000000000
13093 -777.0000000000
13112 -774.0000000000
13128 -772.0000000000
13206 -771.0000000000
13225 -770.0000000000
13238 -769.0000000000
13285 -767.0000000000
13302 -766.0000000000
13321 -764.0000000000
13377 -763.0000000000
13385 -762.0000000000
13386 -761.0000000000
13443 -760.0000000000
13444 -759.0000000000
13495 -757.0000000000
13511 -756.0000000000
13539 -755.0000000000
13571 -754.0000000000
13598 -753.0000000000
13634 -752.0000000000
13647 -750.0000000000
13700 -749.0000000000
13721 -747.0000000000
13750 -746.0000000000
13755 -745.0000000000
13832 -744.0000000000
13837 -743.0000000000
13870 -741.0000000000
13925 -740.0000000000
13984 -739.0000000000
14009 -738.0000000000
14012 -737.0000000000
14041 -736.0000000000
14080 -734.0000000000
14101 -733.0000000000
14151 -731.0000000000
14201 -729.0000000000
14250 -727.0000000000
14275 -725.0000000000
14320 -723.0000000000
14357 -722.0000000000
14378 -721.0000000000
14412 -719.0000000000
14432 -718.0000000000
14461 -717.0000000000
14484 -714.0000000000
14540 -712.0000000000
14581 -711.0000000000
14609 -708.0000000000
14710 -705.0000000000
14712 -704.0000000000
14718 -703.0000000000
14771 -702.0000000000
14779 -700.0000000000
14825 -699.0000000000
14841 -698.0000000000
14845 -697.0000000000
14863 -695.0000000000
14875 -693.0000000000
14903 -691.0000000000
14962 -690.0000000000
14967 -689.0000000000
14986 -688.0000000000
15020 -686.0000000000
15023 -685.0000000000
15062 -682.0000000000
15173 -678.0000000000
15190 -677.0000000000
15247 -676.0000000000
15251 -675.0000000000
15263 -673.0000000000
15338 -672.0000000000
15362 -671.0000000000
15401 -668.0000000000
15460 -667.0000000000
15481 -666.0000000000
15505 -665.0000000000
15538 -664.0000000000
15553 -662.0000000000
15566 -661.0000000000
15576 -660.0000000000
15609 -659.0000000000
15624 -658.0000000000
15702 -657.0000000000
15706 -656.0000000000
15727 -655.0000000000
15730 -654.0000000000
15739 -653.0000000000
15764 -651.0000000000
15831 -649.0000000000
15870 -647.0000000000
15910 -646.0000000000
15956 -645.0000000000
15965 -641.0000000000
16043 -638.0000000000
16084 -637.0000000000
16127 -635.0000000000
16129 -634.0000000000
16161 -632.0000000000
16163 -631.0000000000
16225 -630.0000000000
16246 -629.0000000000
16296 -628.0000000000
16303 -627.0000000000
16320 -626.0000000000
16324 -624.0000000000
16386 -623.0000000000
16431 -622.0000000000
16458 -620.0000000000
16505 -619.0000000000
16574 -618.0000000000
16597 -616.0000000000
16611 -615.0000000000
16635 -614.0000000000
16646 -612.0000000000
16728 -611.0000000000
16776 -610.0000000000
16782 -609.0000000000
16803 -607.0000000000
16841 -606.0000000000
16894 -605.0000000000
16906 -604.0000000000
16925 -603.0000000000
16940 -602.0000000000
16982 -601.0000000000
17002 -600.0000000000
17037 -599.0000000000
17055 -598.0000000000
17070 -597.0000000000
17071 -595.0000000000
17111 -594.0000000000
17151 -592.0000000000
17239 -591.0000000000
17283 -589.0000000000
17342 -588.0000000000
17384 -586.0000000000
17457 -585.0000000000
17482 -584.0000000000
17497 -583.0000000000
17501 -581.0000000000
17552 -580.0000000000
17591 -579.0000000000
17613 -578.0000000000
17659 -577.0000000000
17668 -575.0000000000
17684 -573.0000000000
17760 -572.0000000000
17791 -571.0000000000
17820 -570.0000000000
17821 -569.0000000000
17871 -568.0000000000
17907 -567.0000000000
17924 -565.0000000000
17950 -564.0000000000
18040 -562.0000000000
18085 -560.0000000000
18145 -557.0000000000
18166 -556.0000000000
18215 -555.0000000000
18282 -553.0000000000
18325 -552.0000000000
18332 -551.0000000000
18348 -550.0000000000
18390 -549.0000000000
18443 -548.0000000000
18460 -547.0000000000
18486 -546.0000000000
18490 -543.0000000000
18582 -542.0000000000
18614 -541.0000000000
18695 -540.0000000000
18717 -539.0000000000
18772 -537.0000000000
18776 -536.0000000000
18810 -535.0000000000
18850 -534.0000000000
18897 -532.0000000000
18922 -531.0000000000
18941 -530.0000000000
19002 -529.0000000000
19028 -528.0000000000
19035 -527.0000000000
19095 -526.0000000000
19118 -525.0000000000
19151 -524.0000000000
19199 -523.0000000000
19230 -522.0000000000
19241 -520.0000000000
19282 -519.0000000000
19308 -518.0000000000
19332 -515.0000000000
19417 -513.0000000000
19446 -511.0000000000
19515 -510.0000000000
19522 -506.0000000000
19631 -505.0000000000
19665 -504.0000000000
19724 -502.0000000000
19780 -501.0000000000
19783 -500.0000000000
19812 -499.0000000000
19837 -498.0000000000
19883 -494.0000000000
19944 -493.0000000000
20015 -492.0000000000
20042 -491.0000000000
20045 -490.0000000000
20071 -489.0000000000
20113 -488.0000000000
20151 -486.0000000000
20236 -485.0000000000
20278 -484.0000000000
20294 -483.0000000000
20309 -480.0000000000
20402 -479.0000000000
20422 -478.0000000000
20523 -476.0000000000
20591 -475.0000000000
20607 -474.0000000000
20658 -472.0000000000
20695 -469.0000000000
20802 -468.0000000000
20882 -467.0000000000
20903 -466.0000000000
20911 -465.0000000000
20953 -464.0000000000
20967 -463.0000000000
21028 -462.0000000000
21045 -461.0000000000
21085 -459.0000000000
21102 -458.0000000000
21130 -457.0000000000
21193 -456.0000000000
21200 -455.0000000000
21274 -454.0000000000
21284 -453.0000000000
21289 -452.0000000000
21305 -449.0000000000
21382 -448.0000000000
21412 -446.0000000000
21423 -445.0000000000
21504 -444.0000000000
21553 -443.0000000000
21595 -442.0000000000
21603 -441.0000000000
21638 -440.0000000000
21693 -439.0000000000
21741 -435.0000000000
21818 -433.0000000000
21865 -431.0000000000
21945 -429.0000000000
21962 -428.0000000000
22010 -427.0000000000
22020 -425.0000000000
22075 -424.0000000000
22110 -421.0000000000
22189 -420.0000000000
22250 -419.0000000000
22277 -418.0000000000
22279 -417.0000000000
22364 -416.0000000000
22397 -415.0000000000
22421 -414.0000000000
22463 -413.0000000000
22512 -412.0000000000
22523 -411.0000000000
22528 -410.0000000000
22597 -409.0000000000
22606 -407.0000000000
22665 -406.0000000000
22736 -405.0000000000
22819 -404.0000000000
22831 -403.0000000000
22878 -399.0000000000
22984 -398.0000000000
23023 -397.0000000000
23041 -396.0000000000
23071 -394.0000000000
23171 -393.0000000000
23202 -392.0000000000
23214 -391.0000000000
23275 -389.0000000000
23381 -387.0000000000
23421 -386.0000000000
23444 -385.0000000000
23452 -384.0000000000
23522 -382.0000000000
23528 -381.0000000000
23558 -379.0000000000
23611 -378.0000000000
23627 -377.0000000000
23696 -376.0000000000
23725 -375.0000000000
23743 -373.0000000000
23783 -371.0000000000
23805 -370.0000000000
23862 -369.0000000000
23913 -368.0000000000
23928 -367.0000000000
23969 -365.0000000000
24019 -364.0000000000
24047 -363.0000000000
24083 -362.0000000000
24149 -361.0000000000
24163 -359.0000000000
24192 -358.0000000000
24278 -357.0000000000
24308 -356.0000000000
24323 -355.0000000000
24341 -352.0000000000
24403 -351.0000000000
24481 -350.0000000000
24505 -349.0000000000
24580 -348.0000000000
24603 -347.0000000000
24636 -346.0000000000
24672 -345.0000000000
24709 -344.0000000000
24729 -343.0000000000
24750 -341.0000000000
24848 -340.0000000000
24865 -338.0000000000
24922 -336.0000000000
25009 -335.0000000000
25024 -334.0000000000
25057 -333.0000000000
25062 -331.0000000000
25158 -330.0000000000
25214 -327.0000000000
25290 -326.0000000000
25313 -325.0000000000
25345 -324.0000000000
25394 -323.0000000000
25403 -322.0000000000
25441 -321.0000000000
25504 -320.0000000000
25536 -319.0000000000
25589 -318.0000000000
25662 -316.0000000000
25707 -315.0000000000
25783 -314.0000000000
25806 -313.0000000000
25847 -311.0000000000
25864 -310.0000000000
25938 -308.0000000000
26064 -307.0000000000
26089 -306.0000000000
26166 -305.0000000000
26181 -304.0000000000
26202 -303.0000000000
26215 -302.0000000000
26270 -301.0000000000
26296 -300.0000000000
26303 -299.0000000000
26352 -298.0000000000
26387 -297.0000000000
26463 -296.0000000000
26524 -294.0000000000
26539 -293.0000000000
26579 -292.0000000000
26630 -291.0000000000
26684 -290.0000000000
26721 -289.0000000000
26733 -288.0000000000
26762 -287.0000000000
26825 -286.0000000000
26842 -285.0000000000
26886 -283.0000000000
26934 -282.0000000000
26979 -280.0000000000
27005 -279.0000000000
27090 -277.0000000000
27174 -276.0000000000
27194 -275.0000000000
27222 -273.0000000000
27289 -272.0000000000
27351 -271.0000000000
27388 -270.0000000000
27410 -269.0000000000
27473 -268.0000000000
27504 -267.0000000000
27530 -266.0000000000
27653 -265.0000000000
27664 -264.0000000000
27740 -262.0000000000
27785 -260.0000000000
27848 -258.0000000000
27961 -257.0000000000
28018 -256.0000000000
28044 -253.0000000000
28107 -252.0000000000
28148 -251.0000000000
28173 -250.0000000000
28183 -248.0000000000
28199 -247.0000000000
28272 -245.0000000000
28351 -244.0000000000
28419 -243.0000000000
28455 -242.0000000000
28482 -241.0000000000
28517 -240.0000000000
28572 -239.0000000000
28592 -238.0000000000
28673 -236.0000000000
28749 -235.0000000000
28844 -234.0000000000
28929 -233.0000000000
28958 -232.0000000000
29091 -231.0000000000
29114 -230.0000000000
29168 -229.0000000000
29236 -228.0000000000
29269 -227.0000000000
29305 -226.0000000000
29424 -225.0000000000
29457 -224.0000000000
29515 -222.0000000000
29600 -221.0000000000
29618 -220.0000000000
29629 -219.0000000000
29645 -218.0000000000
29738 -217.0000000000
29747 -215.0000000000
29808 -214.0000000000
29826 -213.0000000000
29830 -212.0000000000
29968 -211.0000000000
29982 -209.0000000000
30058 -206.0000000000
30147 -204.0000000000
30234 -202.0000000000
30283 -201.0000000000
30350 -200.0000000000
30362 -199.0000000000
30389 -198.0000000000
30405 -197.0000000000
30564 -196.0000000000
30606 -195.0000000000
30642 -194.0000000000
30732 -193.0000000000
30800 -192.0000000000
30817 -191.0000000000
30881 -190.0000000000
30937 -188.0000000000
30953 -187.0000000000
31062 -186.0000000000
31078 -185.0000000000
31165 -184.0000000000
31215 -183.0000000000
31282 -182.0000000000
31302 -180.0000000000
31366 -179.0000000000
31382 -178.0000000000
31436 -177.0000000000
31536 -176.0000000000
31693 -174.0000000000
31759 -173.0000000000
31796 -172.0000000000
31805 -171.0000000000
31977 -169.0000000000
32053 -168.0000000000
32164 -167.0000000000
32205 -166.0000000000
32209 -165.0000000000
32304 -164.0000000000
32355 -162.0000000000
32478 -161.0000000000
32505 -160.0000000000
32558 -159.0000000000
32584 -158.0000000000
32606 -157.0000000000
32726 -156.0000000000
32751 -155.0000000000
32814 -154.0000000000
32856 -153.0000000000
32869 -152.0000000000
32934 -151.0000000000
32963 -150.0000000000
33063 -147.0000000000
33103 -146.0000000000
33156 -145.0000000000
33194 -144.0000000000
33220 -143.0000000000
33308 -142.0000000000
33352 -141.0000000000
33493 -140.0000000000
33593 -139.0000000000
33615 -138.0000000000
33791 -137.0000000000
33871 -135.0000000000
33961 -134.0000000000
33987 -133.0000000000
34072 -132.0000000000
34162 -131.0000000000
34190 -130.0000000000
34282 -129.0000000000
34365 -128.0000000000
34382 -127.0000000000
34440 -126.0000000000
34467 -125.0000000000
34527 -124.0000000000
34581 -123.0000000000
34593 -122.0000000000
34658 -121.0000000000
34682 -120.0000000000
34850 -119.0000000000
34928 -118.0000000000
35023 -117.0000000000
35116 -116.0000000000
35228 -115.0000000000
35252 -114.0000000000
35292 -113.0000000000
35327 -112.0000000000
35349 -111.0000000000
35375 -110.0000000000
35402 -109.0000000000
35480 -108.0000000000
35501 -106.0000000000
35579 -105.0000000000
35611 -104.0000000000
35684 -103.0000000000
35723 -102.0000000000
35778 -101.0000000000
35819 -100.0000000000
35882 -99.0000000000
35935 -98.0000000000
35952 -97.0000000000
36076 -95.0000000000
36131 -94.0000000000
36167 -93.0000000000
36221 -92.0000000000
36264 -90.0000000000
36379 -89.0000000000
36472 -88.0000000000
36558 -87.0000000000
36599 -86.0000000000
36622 -85.0000000000
36655 -84.0000000000
36767 -83.0000000000
36849 -82.0000000000
36916 -81.0000000000
37023 -80.0000000000
37081 -77.0000000000
37114 -76.0000000000
37209 -75.0000000000
37292 -74.0000000000
37343 -73.0000000000
37446 -72.0000000000
37507 -70.0000000000
37641 -69.0000000000
37722 -68.0000000000
37744 -67.0000000000
37929 -66.0000000000
38082 -65.0000000000
38156 -64.0000000000
38271 -63.0000000000
38369 -62.0000000000
38559 -61.0000000000
38695 -60.0000000000
38748 -59.0000000000
38803 -58.0000000000
38865 -57.0000000000
38921 -56.0000000000
39028 -55.0000000000
39196 -54.0000000000
39292 -53.0000000000
39344 -52.0000000000
39359 -51.0000000000
39438 -49.0000000000
39561 -48.0000000000
39678 -47.0000000000
39784 -46.0000000000
40071 -45.0000000000
40185 -44.0000000000
40387 -43.0000000000
40515 -42.0000000000
40659 -41.0000000000
40744 -40.0000000000
40863 -39.0000000000
40865 -38.0000000000
40978 -37.0000000000
41095 -36.0000000000
41183 -35.0000000000
41252 -34.0000000000
41306 -33.0000000000
41594 -32.0000000000
41844 -31.0000000000
41983 -30.0000000000
42017 -29.0000000000
42084 -28.0000000000
42183 -26.0000000000
42377 -25.0000000000
42500 -24.0000000000
42646 -23.0000000000
42721 -22.0000000000
42750 -21.0000000000
42887 -20.0000000000
43129 -19.0000000000
43171 -18.0000000000
43259 -17.0000000000
43344 -16.0000000000
43460 -15.0000000000
43636 -14.0000000000
43889 -13.0000000000
44054 -12.0000000000
44369 -11.0000000000
44455 -10.0000000000
44534 -9.0000000000
44547 -8.0000000000
44848 -7.0000000000
44947 -6.0000000000
45234 -5.0000000000
45424 -4.0000000000
45569 -3.0000000000
45642 -2.0000000000
45704 -1.0000000000
45893 404.2600000000
46084 406.9300000000
46111 411.1000000000
46541 475.2800000000
46603 476.8700000000
46671 497.1200000000
46868 500.7300000000
46954 512.3800000000
47742 517.1800000000
48693 519.8600000000
49247 520.3500000000
54471 535.6500000000
100000 -3.0000000000
evaluations raw_y
1 -1941.0000000000
27 -1926.0000000000
56 -1917.0000000000
58 -1908.0000000000
68 -1901.0000000000
82 -1874.0000000000
117 -1839.0000000000
118 -1836.0000000000
176 -1827.0000000000
197 -1826.0000000000
203 -1824.0000000000
213 -1815.0000000000
217 -1812.0000000000
243 -1794.0000000000
288 -1787.0000000000
295 -1786.0000000000
297 -1784.0000000000
303 -1781.0000000000
311 -1774.0000000000
314 -1753.0000000000
342 -1744.0000000000
362 -1743.0000000000
371 -1742.0000000000
386 -1735.0000000000
401 -1718.0000000000
430 -1717.0000000000
435 -1710.0000000000
456 -1701.0000000000
471 -1691.0000000000
492 -1690.0000000000
505 -1681.0000000000
555 -1673.0000000000
561 -1670.0000000000
566 -1668.0000000000
602 -1663.0000000000
613 -1660.0000000000
632 -1649.0000000000
634 -1646.0000000000
654 -1636.0000000000
698 -1634.0000000000
722 -1632.0000000000
724 -1630.0000000000
738 -1627.0000000000
750 -1624.0000000000
759 -1623.0000000000
784 -1620.0000000000
796 -1605.0000000000
829 -1601.0000000000
852 -1597.0000000000
872 -1590.0000000000
894 -1584.0000000000
907 -1581.0000000000
916 -1580.0000000000
934 -1576.0000000000
942 -1569.0000000000
981 -1559.0000000000
1012 -1558.0000000000
1025 -1556.0000000000
1044 -1552.0000000000
1052 -1550.0000000000
1062 -1548.0000000000
1068 -1545.0000000000
1084 -1543.0000000000
1088 -1541.0000000000
1131 -1539.0000000000
1148 -1533.0000000000
1171 -1529.0000000000
1190 -1523.0000000000
1211 -1518.0000000000
1214 -1516.0000000000
1270 -1515.0000000000
1280 -1514.0000000000
1282 -1512.0000000000
1294 -1510.0000000000
1302 -1506.0000000000
1343 -1501.0000000000
1367 -1500.0000000000
1394 -1499.0000000000
1405 -1493.0000000000
1435 -1492.0000000000
1441 -1491.0000000000
1476 -1490.0000000000
1482 -1489.0000000000
1484 -1485.0000000000
1520 -1484.0000000000
1545 -1483.0000000000
1562 -1480.0000000000
1596 -1479.0000000000
1625 -1474.0000000000
1662 -1472.0000000000
1667 -1471.0000000000
1692 -1470.0000000000
1696 -1467.0000000000
1740 -1465.0000000000
1745 -1463.0000000000
1763 -1461.0000000000
1783 -1459.0000000000
1805 -1458.0000000000
1827 -1455.0000000000
1853 -1454.0000000000
1865 -1453.0000000000
1887 -1452.0000000000
1905 -1447.0000000000
1942 -1446.0000000000
1982 -1444.0000000000
2003 -1442.0000000000
2015 -1441.0000000000
2045 -1439.0000000000
2096 -1437.0000000000
2110 -1435.0000000000
2151 -1433.0000000000
2189 -1432.0000000000
2220 -1431.0000000000
2246 -1427.0000000000
2274 -1425.0000000000
2310 -1423.0000000000
2325 -1422.0000000000
2329 -1421.0000000000
2346 -1420.0000000000
2369 -1417.0000000000
2414 -1415.0000000000
2444 -1413.0000000000
2449 -1412.0000000000
2450 -1411.0000000000
2484 -1408.0000000000
2510 -1407.0000000000
2523 -1406.0000000000
2546 -1405.0000000000
2574 -1402.0000000000
2621 -1401.0000000000
2630 -1398.0000000000
2631 -1396.0000000000
2712 -1395.0000000000
2722 -1394.0000000000
2749 -1393.0000000000
2757 -1391.0000000000
2761 -1390.0000000000
2810 -1389.0000000000
2828 -1384.0000000000
2850 -1380.0000000000
2867 -1378.0000000000
2931 -1377.0000000000
2967 -1376.0000000000
2992 -1375.0000000000
3014 -1372.0000000000
3062 -1371.0000000000
3064 -1369.0000000000
3076 -1368.0000000000
3106 -1367.0000000000
3124 -1365.0000000000
3142 -1363.0000000000
3149 -1361.0000000000
3191 -1360.0000000000
3222 -1359.0000000000
3225 -1357.0000000000
3245 -1355.0000000000
3284 -1352.0000000000
3325 -1350.0000000000
3343 -1349.0000000000
3392 -1347.0000000000
3393 -1346.0000000000
3438 -1345.0000000000
3455 -1344.0000000000
3475 -1343.0000000000
3483 -1342.0000000000
3507 -1341.0000000000
3521 -1340.0000000000
3524 -1339.0000000000
3541 -1338.0000000000
3556 -1337.0000000000
3587 -1336.0000000000
3595 -1335.0000000000
3597 -1333.0000000000
3650 -1330.0000000000
3668 -1329.0000000000
3674 -1328.0000000000
3689 -1325.0000000000
3756 -1322.0000000000
3771 -1320.0000000000
3788 -1319.0000000000
3823 -1317.0000000000
3851 -1313.0000000000
3869 -1312.0000000000
3917 -1309.0000000000
3959 -1308.0000000000
3961 -1307.0000000000
3966 -1306.0000000000
3987 -1305.0000000000
4018 -1304.0000000000
4021 -1303.0000000000
4040 -1302.0000000000
4065 -1301.0000000000
4081 -1298.0000000000
4109 -1295.0000000000
4154 -1291.0000000000
4203 -1289.0000000000
4218 -1287.0000000000
4221 -1286.0000000000
4236 -1285.0000000000
4247 -1284.0000000000
4286 -1283.0000000000
4308 -1282.0000000000
4325 -1280.0000000000
4332 -1273.0000000000
4424 -1272.0000000000
4452 -1271.0000000000
4459 -1269.0000000000
4483 -1268.0000000000
4501 -1267.0000000000
4508 -1264.0000000000
4534 -1262.0000000000
4571 -1260.0000000000
4604 -1259.0000000000
4646 -1258.0000000000
4656 -1257.0000000000
4658 -1256.0000000000
4682 -1255.0000000000
4708 -1253.0000000000
4733 -1252.0000000000
4735 -1251.0000000000
4742 -1250.0000000000
4764 -1248.0000000000
4794 -1247.0000000000
4796 -1246.0000000000
4814 -1245.0000000000
4823 -1243.0000000000
4847 -1242.0000000000
4880 -1240.0000000000
4889 -1239.0000000000
4900 -1237.0000000000
4937 -1236.0000000000
4941 -1233.0000000000
4998 -1232.0000000000
5050 -1229.0000000000
5100 -1228.0000000000
5127 -1227.0000000000
5143 -1226.0000000000
5159 -1225.0000000000
5175 -1224.0000000000
5211 -1223.0000000000
5244 -1222.0000000000
5254 -1220.0000000000
5288 -1219.0000000000
5292 -1218.0000000000
5301 -1217.0000000000
5302 -1215.0000000000
5323 -1213.0000000000
5341 -1212.0000000000
5368 -1211.0000000000
5394 -1210.0000000000
5396 -1208.0000000000
5401 -1206.0000000000
5430 -1205.0000000000
5472 -1203.0000000000
5479 -1196.0000000000
5564 -1192.0000000000
5601 -1191.0000000000
5621 -1189.0000000000
5641 -1188.0000000000
5687 -1187.0000000000
5704 -1185.0000000000
5734 -1184.0000000000
5739 -1183.0000000000
5753 -1179.0000000000
5825 -1176.0000000000
5854 -1175.0000000000
5866 -1174.0000000000
5902 -1173.0000000000
5913 -1171.0000000000
5951 -1168.0000000000
6058 -1167.0000000000
6070 -1166.0000000000
6077 -1164.0000000000
6098 -1162.0000000000
6140 -1160.0000000000
6142 -1159.0000000000
6174 -1158.0000000000
6198 -1157.0000000000
6202 -1155.0000000000
6225 -1153.0000000000
6244 -1152.0000000000
6262 -1151.0000000000
6286 -1150.0000000000
6327 -1148.0000000000
6376 -1146.0000000000
6377 -1145.0000000000
6428 -1144.0000000000
6432 -1143.0000000000
6444 -1142.0000000000
6459 -1141.0000000000
6481 -1140.0000000000
6531 -1139.0000000000
6534 -1138.0000000000
6537 -1137.0000000000
6558 -1136.0000000000
6593 -1135.0000000000
6606 -1134.0000000000
6641 -1133.0000000000
6658 -1130.0000000000
6666 -1129.0000000000
6690 -1128.0000000000
6712 -1127.0000000000
6713 -1126.0000000000
6722 -1125.0000000000
6766 -1124.0000000000
6804 -1120.0000000000
6881 -1119.0000000000
6911 -1117.0000000000
6931 -1116.0000000000
6957 -1115.0000000000
6962 -1114.0000000000
6992 -1113.0000000000
7008 -1112.0000000000
7031 -1111.0000000000
7050 -1110.0000000000
7084 -1108.0000000000
7089 -1106.0000000000
7124 -1105.0000000000
7155 -1104.0000000000
7167 -1102.0000000000
7202 -1101.0000000000
7225 -1100.0000000000
7235 -1099.0000000000
7245 -1097.0000000000
7289 -1096.0000000000
7314 -1095.0000000000
7333 -1093.0000000000
7375 -1092.0000000000
7380 -1089.0000000000
7417 -1088.0000000000
7430 -1086.0000000000
7469 -1083.0000000000
7527 -1082.0000000000
7537 -1081.0000000000
7546 -1079.0000000000
7567 -1077.0000000000
7581 -1076.0000000000
7630 -1075.0000000000
7643 -1074.0000000000
7681 -1071.0000000000
7697 -1070.0000000000
7725 -1069.0000000000
7753 -1066.0000000000
7804 -1064.0000000000
7844 -1063.0000000000
7864 -1059.0000000000
7931 -1057.0000000000
7981 -1056.0000000000
7985 -1055.0000000000
8022 -1051.0000000000
8103 -1050.0000000000
8116 -1048.0000000000
8147 -1047.0000000000
8174 -1046.0000000000
8205 -1044.0000000000
8220 -1043.0000000000
8232 -1042.0000000000
8261 -1040.0000000000
8286 -1037.0000000000
8314 -1035.0000000000
8365 -1034.0000000000
8385 -1032.0000000000
8400 -1029.0000000000
8444 -1028.0000000000
8454 -1026.0000000000
8488 -1025.0000000000
8517 -1024.0000000000
8528 -1022.0000000000
8557 -1020.0000000000
8581 -1017.0000000000
8652 -1016.0000000000
8671 -1015.0000000000
8705 -1014.0000000000
8743 -1012.0000000000
8803 -1011.0000000000
8805 -1009.0000000000
8840 -1008.0000000000
8846 -1005.0000000000
8882 -1004.0000000000
8930 -1003.0000000000
8948 -1002.0000000000
8974 -1001.0000000000
9030 -1000.0000000000
9037 -997.0000000000
9054 -996.0000000000
9090 -995.0000000000
9125 -994.0000000000
9146 -993.0000000000
9150 -991.0000000000
9163 -990.0000000000
9204 -988.0000000000
9237 -987.0000000000
9253 -985.0000000000
9309 -983.0000000000
9325 -982.0000000000
9372 -981.0000000000
9384 -980.0000000000
9401 -978.0000000000
9447 -976.0000000000
9503 -975.0000000000
9510 -974.0000000000
9538 -973.0000000000
9541 -972.0000000000
9579 -970.0000000000
9582 -969.0000000000
9621 -966.0000000000
9632 -964.0000000000
9676 -963.0000000000
9688 -961.0000000000
9701 -960.0000000000
9728 -958.0000000000
9762 -955.0000000000
9825 -954.0000000000
9843 -952.0000000000
9902 -951.0000000000
9906 -950.0000000000
9942 -949.0000000000
9943 -947.0000000000
9974 -946.0000000000
10011 -945.0000000000
10032 -943.0000000000
10059 -942.0000000000
10062 -941.0000000000
10096 -939.0000000000
10115 -937.0000000000
10132 -935.0000000000
10182 -934.0000000000
10192 -933.0000000000
10205 -932.0000000000
10225 -930.0000000000
10271 -929.0000000000
10277 -928.0000000000
10300 -926.0000000000
10344 -925.0000000000
10376 -923.0000000000
10377 -922.0000000000
10392 -920.0000000000
10429 -919.0000000000
10445 -917.0000000000
10502 -915.0000000000
10547 -913.0000000000
10600 -912.0000000000
10623 -911.0000000000
10642 -909.0000000000
10656 -907.0000000000
10677 -905.0000000000
10730 -904.0000000000
10744 -903.0000000000
10762 -902.0000000000
10783 -901.0000000000
10814 -899.0000000000
10851 -898.0000000000
10865 -897.0000000000
10881 -894.0000000000
10952 -893.0000000000
10964 -889.0000000000
11038 -888.0000000000
11068 -887.0000000000
11126 -886.0000000000
11151 -884.0000000000
11180 -883.0000000000
11195 -882.0000000000
11202 -881.0000000000
11224 -880.0000000000
11241 -879.0000000000
11259 -876.0000000000
11342 -875.0000000000
11361 -874.0000000000
11384 -873.0000000000
11393 -872.0000000000
11423 -871.0000000000
11446 -870.0000000000
11461 -869.0000000000
11476 -868.0000000000
11508 -866.0000000000
11522 -865.0000000000
11573 -863.0000000000
11620 -862.0000000000
11641 -861.0000000000
11678 -860.0000000000
11690 -859.0000000000
11692 -858.0000000000
11717 -857.0000000000
11735 -856.0000000000
11799 -853.0000000000
11812 -852.0000000000
11832 -850.0000000000
11872 -848.0000000000
11937 -847.0000000000
11942 -846.0000000000
12001 -845.0000000000
12021 -844.0000000000
12045 -843.0000000000
12070 -842.0000000000
12105 -840.0000000000
12154 -838.0000000000
12192 -835.0000000000
12212 -834.0000000000
12283 -833.0000000000
12313 -829.0000000000
12382 -828.0000000000
12418 -824.0000000000
12463 -823.0000000000
12502 -820.0000000000
12525 -819.0000000000
12601 -818.0000000000
12630 -816.0000000000
12681 -815.0000000000
12696 -813.0000000000
12742 -812.0000000000
12759 -811.0000000000
12765 -809.0000000000
12788 -807.0000000000
12831 -805.0000000000
12890 -803.0000000000
12924 -802.0000000000
12967 -801.0000000000
12972 -800.0000000000
13016 -797.0000000000
13070 -796.0000000000
13081 -795.0000000000
13087 -793.0000000000
13158 -792.0000000000
13173 -790.0000000000
13232 -789.0000000000
13249 -787.0000000000
13278 -785.0000000000
13321 -784.0000000000
13340 -783.0000000000
13379 -780.0000000000
13402 -778.0000000000
13441 -777.0000000000
13458 -776.0000000000
13484 -775.0000000000
13485 -774.0000000000
13500 -773.0000000000
13505 -772.0000000000
13509 -771.0000000000
13547 -770.0000000000
13583 -767.0000000000
13630 -766.0000000000
13646 -765.0000000000
13662 -764.0000000000
13687 -763.0000000000
13696 -762.0000000000
13726 -757.0000000000
13821 -754.0000000000
13874 -753.0000000000
13896 -752.0000000000
13924 -750.0000000000
13956 -749.0000000000
13977 -747.0000000000
14056 -745.0000000000
14067 -744.0000000000
14085 -743.0000000000
14098 -742.0000000000
14144 -741.0000000000
14163 -738.0000000000
14208 -737.0000000000
14221 -736.0000000000
14263 -733.0000000000
14311 -730.0000000000
14346 -729.0000000000
14350 -728.0000000000
14384 -727.0000000000
14415 -725.0000000000
14421 -723.0000000000
14460 -721.0000000000
14526 -720.0000000000
14528 -718.0000000000
14563 -715.0000000000
14603 -714.0000000000
14642 -711.0000000000
14670 -710.0000000000
14704 -709.0000000000
14726 -707.0000000000
14784 -705.0000000000
14832 -704.0000000000
14835 -703.0000000000
14865 -702.0000000000
14907 -701.0000000000
14917 -700.0000000000
14963 -698.0000000000
15001 -697.0000000000
15006 -696.0000000000
15013 -693.0000000000
15085 -692.0000000000
15087 -691.0000000000
15142 -690.0000000000
15145 -686.0000000000
15235 -685.0000000000
15268 -684.0000000000
15270 -683.0000000000
15317 -680.0000000000
15331 -679.0000000000
15351 -678.0000000000
15411 -677.0000000000
15435 -676.0000000000
15465 -674.0000000000
15512 -673.0000000000
15539 -672.0000000000
15577 -669.0000000000
15664 -668.0000000000
15696 -666.0000000000
15697 -665.0000000000
15739 -664.0000000000
15779 -662.0000000000
15822 -661.0000000000
15861 -659.0000000000
15891 -658.0000000000
15931 -657.0000000000
15953 -655.0000000000
16016 -654.0000000000
16022 -653.0000000000
16053 -652.0000000000
16080 -651.0000000000
16092 -650.0000000000
16109 -648.0000000000
16128 -647.0000000000
16169 -646.0000000000
16192 -645.0000000000
16198 -644.0000000000
16217 -642.0000000000
16230 -640.0000000000
16313 -638.0000000000
16346 -637.0000000000
16348 -635.0000000000
16392 -634.0000000000
16403 -633.0000000000
16468 -632.0000000000
16473 -631.0000000000
16492 -630.0000000000
16536 -629.0000000000
16549 -627.0000000000
16586 -625.0000000000
16608 -623.0000000000
16652 -620.0000000000
16713 -617.0000000000
16776 -616.0000000000
16793 -615.0000000000
16846 -614.0000000000
16847 -612.0000000000
16877 -611.0000000000
16902 -610.0000000000
16904 -609.0000000000
16940 -606.0000000000
17002 -605.0000000000
17012 -602.0000000000
17079 -600.0000000000
17106 -599.0000000000
17122 -598.0000000000
17147 -596.0000000000
17177 -593.0000000000
17235 -592.0000000000
17302 -591.0000000000
17306 -590.0000000000
17333 -589.0000000000
17346 -588.0000000000
17424 -587.0000000000
17441 -585.0000000000
17480 -584.0000000000
17508 -583.0000000000
17527 -582.0000000000
17547 -580.0000000000
17572 -579.0000000000
17622 -578.0000000000
17643 -577.0000000000
17680 -575.0000000000
17692 -574.0000000000
17738 -573.0000000000
17766 -572.0000000000
17808 -571.0000000000
17821 -568.0000000000
17826 -566.0000000000
17923 -564.0000000000
17970 -563.0000000000
18018 -562.0000000000
18058 -561.0000000000
18102 -560.0000000000
18133 -559.0000000000
18148 -558.0000000000
18168 -557.0000000000
18193 -555.0000000000
18265 -554.0000000000
18325 -553.0000000000
18341 -552.0000000000
18391 -551.0000000000
18396 -550.0000000000
18414 -548.0000000000
18443 -547.0000000000
18515 -544.0000000000
18583 -542.0000000000
18654 -541.0000000000
18703 -540.0000000000
18707 -539.0000000000
18771 -538.0000000000
18806 -537.0000000000
18822 -535.0000000000
18906 -533.0000000000
18930 -532.0000000000
18957 -531.0000000000
19009 -530.0000000000
19068 -529.0000000000
19114 -528.0000000000
19190 -526.0000000000
19210 -524.0000000000
19282 -522.0000000000
19361 -520.0000000000
19373 -519.0000000000
19385 -518.0000000000
19443 -517.0000000000
19445 -516.0000000000
19472 -514.0000000000
19517 -512.0000000000
19566 -510.0000000000
19625 -509.0000000000
19650 -508.0000000000
19715 -507.0000000000
19730 -506.0000000000
19737 -505.0000000000
19773 -503.0000000000
19824 -502.0000000000
19869 -501.0000000000
19873 -499.0000000000
19948 -498.0000000000
19978 -497.0000000000
20032 -496.0000000000
20056 -495.0000000000
20059 -494.0000000000
20081 -491.0000000000
20155 -490.0000000000
20184 -489.0000000000
20196 -488.0000000000
20224 -487.0000000000
20259 -485.0000000000
20287 -483.0000000000
20344 -482.0000000000
20374 -480.0000000000
20389 -478.0000000000
20429 -477.0000000000
20445 -476.0000000000
20487 -475.0000000000
20504 -473.0000000000
20563 -472.0000000000
20570 -471.0000000000
20583 -470.0000000000
20630 -468.0000000000
20676 -467.0000000000
20708 -466.0000000000
20715 -465.0000000000
20733 -464.0000000000
20761 -463.0000000000
20807 -461.0000000000
20837 -460.0000000000
20897 -459.0000000000
20936 -458.0000000000
20941 -457.0000000000
20971 -456.0000000000
21034 -455.0000000000
21057 -454.0000000000
21070 -453.0000000000
21095 -452.0000000000
21134 -451.0000000000
21145 -447.0000000000
21230 -445.0000000000
21283 -444.0000000000
21326 -443.0000000000
21365 -441.0000000000
21371 -440.0000000000
21411 -436.0000000000
21449 -435.0000000000
21475 -434.0000000000
21516 -433.0000000000
21549 -432.0000000000
21593 -429.0000000000
21682 -428.0000000000
21703 -427.0000000000
21775 -425.0000000000
21850 -424.0000000000
21870 -423.0000000000
21907 -420.0000000000
22007 -419.0000000000
22048 -417.0000000000
22166 -415.0000000000
22190 -414.0000000000
22271 -413.0000000000
22301 -412.0000000000
22321 -411.0000000000
22328 -410.0000000000
22431 -407.0000000000
22475 -406.0000000000
22526 -404.0000000000
22621 -403.0000000000
22632 -402.0000000000
22671 -401.0000000000
22725 -400.0000000000
22743 -398.0000000000
22781 -397.0000000000
22853 -396.0000000000
22866 -395.0000000000
22881 -393.0000000000
22922 -392.0000000000
22988 -391.0000000000
23039 -390.0000000000
23054 -388.0000000000
23070 -387.0000000000
23124 -385.0000000000
23201 -384.0000000000
23247 -383.0000000000
23264 -381.0000000000
23325 -380.0000000000
23354 -379.0000000000
23371 -378.0000000000
23373 -375.0000000000
23450 -374.0000000000
23474 -373.0000000000
23523 -372.0000000000
23592 -370.0000000000
23626 -369.0000000000
23688 -366.0000000000
23783 -365.0000000000
23833 -364.0000000000
23869 -362.0000000000
23903 -361.0000000000
23947 -359.0000000000
24078 -358.0000000000
24104 -357.0000000000
24108 -356.0000000000
24140 -353.0000000000
24205 -352.0000000000
24242 -351.0000000000
24334 -350.0000000000
24364 -348.0000000000
24414 -347.0000000000
24459 -346.0000000000
24483 -345.0000000000
24511 -344.0000000000
24538 -343.0000000000
24542 -342.0000000000
24571 -341.0000000000
24578 -340.0000000000
24638 -339.0000000000
24641 -338.0000000000
24684 -336.0000000000
24722 -335.0000000000
24776 -334.0000000000
24792 -332.0000000000
24841 -331.0000000000
24882 -330.0000000000
24903 -329.0000000000
25013 -328.0000000000
25034 -327.0000000000
25075 -326.0000000000
25102 -324.0000000000
25169 -322.0000000000
25195 -321.0000000000
25255 -319.0000000000
25266 -318.0000000000
25331 -316.0000000000
25386 -315.0000000000
25422 -313.0000000000
25494 -312.0000000000
25501 -311.0000000000
25533 -310.0000000000
25604 -309.0000000000
25631 -308.0000000000
25709 -306.0000000000
25805 -305.0000000000
25807 -304.0000000000
25868 -303.0000000000
25873 -302.0000000000
25928 -300.0000000000
26002 -299.0000000000
26017 -298.0000000000
26029 -297.0000000000
26053 -296.0000000000
26149 -295.0000000000
26154 -294.0000000000
26229 -293.0000000000
26255 -292.0000000000
26298 -291.0000000000
26353 -290.0000000000
26391 -287.0000000000
26499 -286.0000000000
26603 -285.0000000000
26629 -284.0000000000
26677 -283.0000000000
26687 -282.0000000000
26766 -281.0000000000
26847 -280.0000000000
26867 -279.0000000000
26887 -278.0000000000
27002 -277.0000000000
27011 -276.0000000000
27033 -275.0000000000
27100 -274.0000000000
27138 -273.0000000000
27195 -272.0000000000
27228 -271.0000000000
27271 -270.0000000000
27280 -269.0000000000
27294 -268.0000000000
27322 -267.0000000000
27370 -265.0000000000
27408 -264.0000000000
27455 -263.0000000000
27542 -262.0000000000
27551 -261.0000000000
27630 -260.0000000000
27651 -259.0000000000
27705 -257.0000000000
27721 -256.0000000000
27792 -255.0000000000
27806 -254.0000000000
27816 -253.0000000000
27868 -251.0000000000
27997 -250.0000000000
28024 -249.0000000000
28092 -247.0000000000
28185 -246.0000000000
28209 -244.0000000000
28302 -243.0000000000
28352 -242.0000000000
28358 -241.0000000000
28459 -240.0000000000
28472 -239.0000000000
28523 -238.0000000000
28572 -236.0000000000
28688 -235.0000000000
28731 -234.0000000000
28769 -233.0000000000
28895 -232.0000000000
28913 -231.0000000000
29011 -230.0000000000
29126 -229.0000000000
29141 -228.0000000000
29183 -227.0000000000
29297 -226.0000000000
29363 -225.0000000000
29398 -223.0000000000
29567 -222.0000000000
29616 -221.0000000000
29667 -220.0000000000
29691 -219.0000000000
29722 -217.0000000000
29840 -216.0000000000
29881 -215.0000000000
29907 -214.0000000000
29995 -213.0000000000
30027 -212.0000000000
30062 -211.0000000000
30077 -210.0000000000
30114 -209.0000000000
30117 -208.0000000000
30148 -207.0000000000
30221 -206.0000000000
30267 -204.0000000000
30303 -203.0000000000
30372 -201.0000000000
30407 -199.0000000000
30517 -198.0000000000
30534 -197.0000000000
30615 -196.0000000000
30647 -195.0000000000
30702 -192.0000000000
30767 -190.0000000000
30854 -189.0000000000
30870 -188.0000000000
30931 -187.0000000000
30956 -186.0000000000
31045 -184.0000000000
31111 -183.0000000000
31157 -182.0000000000
31203 -181.0000000000
31250 -180.0000000000
31307 -179.0000000000
31363 -178.0000000000
31439 -177.0000000000
31449 -176.0000000000
31516 -175.0000000000
31553 -174.0000000000
31602 -173.0000000000
31661 -172.0000000000
31695 -171.0000000000
31749 -170.0000000000
31808 -168.0000000000
31859 -167.0000000000
31923 -166.0000000000
32050 -165.0000000000
32097 -164.0000000000
32205 -163.0000000000
32309 -162.0000000000
32387 -161.0000000000
32409 -158.0000000000
32499 -156.0000000000
32610 -155.0000000000
32652 -154.0000000000
32690 -153.0000000000
32731 -151.0000000000
32790 -150.0000000000
32834 -149.0000000000
32978 -148.0000000000
33056 -147.0000000000
33141 -146.0000000000
33230 -145.0000000000
33339 -144.0000000000
33439 -143.0000000000
33459 -142.0000000000
33478 -141.0000000000
33561 -140.0000000000
33614 -139.0000000000
33700 -138.0000000000
33842 -137.0000000000
33945 -136.0000000000
34068 -135.0000000000
34132 -134.0000000000
34180 -133.0000000000
34235 -132.0000000000
34313 -131.0000000000
34366 -130.0000000000
34442 -129.0000000000
34477 -128.0000000000
34493 -127.0000000000
34569 -126.0000000000
34602 -125.0000000000
34618 -124.0000000000
34664 -123.0000000000
34683 -122.0000000000
34712 -121.0000000000
34787 -120.0000000000
34795 -119.0000000000
34899 -118.0000000000
34954 -117.0000000000
35023 -116.0000000000
35059 -115.0000000000
35151 -114.0000000000
35215 -113.0000000000
35248 -112.0000000000
35350 -111.0000000000
35441 -110.0000000000
35554 -109.0000000000
35728 -108.0000000000
35750 -107.0000000000
35821 -106.0000000000
35931 -105.0000000000
35998 -104.0000000000
36041 -103.0000000000
36109 -102.0000000000
36182 -100.0000000000
36266 -99.0000000000
36291 -98.0000000000
36337 -97.0000000000
36465 -96.0000000000
36527 -95.0000000000
36651 -93.0000000000
36756 -92.0000000000
36818 -91.0000000000
36850 -90.0000000000
36959 -89.0000000000
37067 -88.0000000000
37097 -87.0000000000
37143 -86.0000000000
37208 -85.0000000000
37309 -84.0000000000
37354 -83.0000000000
37389 -82.0000000000
37506 -81.0000000000
37556 -79.0000000000
37626 -78.0000000000
37691 -77.0000000000
37768 -76.0000000000
37957 -75.0000000000
38028 -74.0000000000
38059 -73.0000000000
38118 -72.0000000000
38145 -71.0000000000
38202 -69.0000000000
38362 -68.0000000000
38389 -67.0000000000
38444 -66.0000000000
38563 -65.0000000000
38677 -64.0000000000
38774 -63.0000000000
38891 -62.0000000000
38937 -61.0000000000
39065 -60.0000000000
39157 -59.0000000000
39312 -58.0000000000
39395 -57.0000000000
39519 -56.0000000000
39615 -55.0000000000
39681 -54.0000000000
39749 -53.0000000000
39855 -52.0000000000
40032 -51.0000000000
40096 -50.0000000000
40103 -47.0000000000
40411 -46.0000000000
40509 -45.0000000000
40624 -43.0000000000
40839 -42.0000000000
41043 -41.0000000000
41240 -40.0000000000
41443 -38.0000000000
41575 -37.0000000000
41776 -36.0000000000
41843 -35.0000000000
41888 -34.0000000000
41915 -33.0000000000
42019 -32.0000000000
42176 -31.0000000000
42306 -30.0000000000
42427 -29.0000000000
42617 -28.0000000000
42704 -27.0000000000
42881 -26.0000000000
43034 -25.0000000000
43147 -24.0000000000
43333 -23.0000000000
43459 -22.0000000000
43603 -21.0000000000
43655 -20.0000000000
43733 -19.0000000000
43753 -18.0000000000
43817 -17.0000000000
43886 -16.0000000000
43953 -15.0000000000
44113 -14.0000000000
44187 -13.0000000000
44304 -12.0000000000
44418 -11.0000000000
44492 -10.0000000000
44642 -9.0000000000
44843 -8.0000000000
44996 -7.0000000000
45209 -6.0000000000
45416 -5.0000000000
45505 -4.0000000000
45660 -3.0000000000
45868 -2.0000000000
46035 -1.0000000000
46565 374.0000000000
46782 374.2900000000
46784 381.1600000000
46787 385.2800000000
46876 392.9200000000
46886 396.8200000000
47236 403.0800000000
52666 403.2100000000
55784 406.4400000000
64090 491.9400000000
64337 506.2700000000
64450 509.7600000000
64645 512.0700000000
64732 513.8800000000
65670 516.5600000000
67692 524.5400000000
77535 526.9500000000
83403 530.0000000000
96673 530.0400000000
96715 530.7500000000
97007 600.4200000000
97021 635.7600000000
97209 636.7300000000
97294 646.3600000000
97303 648.0300000000
97531 649.0900000000
97698 657.1400000000
98569 661.9400000000
99438 662.2900000000
99682 663.0900000000
100000 638.7400000000
evaluations raw_y
1 -1956.0000000000
3 -1919.0000000000
12 -1916.0000000000
41 -1911.0000000000
52 -1902.0000000000
58 -1894.0000000000
78 -1893.0000000000
80 -1883.0000000000
81 -1870.0000000000
86 -1859.0000000000
116 -1857.0000000000
125 -1850.0000000000
142 -1836.0000000000
167 -1835.0000000000
168 -1822.0000000000
170 -1814.0000000000
189 -1792.0000000000
227 -1791.0000000000
229 -1779.0000000000
231 -1777.0000000000
250 -1753.0000000000
270 -1747.0000000000
312 -1722.0000000000
352 -1716.0000000000
364 -1715.0000000000
372 -1713.0000000000
397 -1709.0000000000
405 -1708.0000000000
415 -1694.0000000000
424 -1693.0000000000
454 -1687.0000000000
462 -1686.0000000000
474 -1683.0000000000
476 -1678.0000000000
477 -1670.0000000000
497 -1665.0000000000
516 -1662.0000000000
529 -1651.0000000000
565 -1646.0000000000
582 -1639.0000000000
607 -1630.0000000000
629 -1629.0000000000
647 -1618.0000000000
655 -1615.0000000000
672 -1614.0000000000
684 -1607.0000000000
704 -1600.0000000000
712 -1598.0000000000
721 -1596.0000000000
762 -1591.0000000000
766 -1585.0000000000
789 -1584.0000000000
790 -1583.0000000000
792 -1572.0000000000
841 -1567.0000000000
866 -1562.0000000000
886 -1561.0000000000
891 -1560.0000000000
905 -1559.0000000000
920 -1552.0000000000
929 -1542.0000000000
953 -1535.0000000000
1015 -1526.0000000000
1029 -1523.0000000000
1056 -1522.0000000000
1061 -1520.0000000000
1069 -1515.0000000000
1120 -1514.0000000000
1124 -1509.0000000000
1166 -1505.0000000000
1183 -1496.0000000000
1238 -1494.0000000000
1247 -1493.0000000000
1257 -1492.0000000000
1270 -1491.0000000000
1271 -1488.0000000000
1280 -1487.0000000000
1284 -1486.0000000000
1304 -1481.0000000000
1311 -1480.0000000000
1325 -1474.0000000000
1383 -1472.0000000000
1389 -1466.0000000000
1444 -1463.0000000000
1454 -1460.0000000000
1482 -1458.0000000000
1487 -1456.0000000000
1504 -1454.0000000000
1528 -1451.0000000000
1563 -1449.0000000000
1573 -1445.0000000000
1604 -1444.0000000000
1641 -1442.0000000000
1657 -1441.0000000000
1665 -1438.0000000000
1687 -1437.0000000000
1693 -1435.0000000000
1725 -1434.0000000000
1728 -1433.0000000000
1741 -1431.0000000000
1750 -1428.0000000000
1761 -1427.0000000000
1792 -1426.0000000000
1794 -1425.0000000000
1829 -1423.0000000000
1844 -1421.0000000000
1861 -1419.0000000000
1899 -1418.0000000000
1909 -1417.0000000000
1911 -1416.0000000000
1926 -1415.0000000000
1942 -1412.0000000000
1981 -1410.0000000000
1983 -1409.0000000000
2002 -1407.0000000000
2021 -1406.0000000000
2043 -1404.0000000000
2052 -1403.0000000000
2065 -1397.0000000000
2110 -1396.0000000000
2125 -1393.0000000000
2163 -1392.0000000000
2210 -1390.0000000000
2230 -1389.0000000000
2249 -1388.0000000000
2267 -1387.0000000000
2270 -1384.0000000000
2317 -1383.0000000000
2319 -1381.0000000000
2356 -1378.0000000000
2376 -1375.0000000000
2417 -1374.0000000000
2429 -1372.0000000000
2462 -1370.0000000000
2486 -1368.0000000000
2529 -1365.0000000000
2544 -1363.0000000000
2566 -1361.0000000000
2584 -1357.0000000000
2641 -1355.0000000000
2663 -1353.0000000000
2697 -1352.0000000000
2720 -1351.0000000000
2724 -1349.0000000000
2762 -1348.0000000000
2770 -1347.0000000000
2787 -1346.0000000000
2819 -1345.0000000000
2824 -1341.0000000000
2865 -1340.0000000000
2877 -1338.0000000000
2918 -1336.0000000000
2964 -1335.0000000000
2968 -1332.0000000000
3017 -1331.0000000000
3019 -1330.0000000000
3025 -1328.0000000000
3043 -1326.0000000000
3099 -1324.0000000000
3133 -1323.0000000000
3138 -1320.0000000000
3189 -1319.0000000000
3190 -1316.0000000000
3255 -1315.0000000000
3275 -1314.0000000000
3282 -1312.0000000000
3325 -1308.0000000000
3367 -1307.0000000000
3373 -1305.0000000000
3387 -1304.0000000000
3422 -1302.0000000000
3476 -1301.0000000000
3480 -1299.0000000000
3486 -1298.0000000000
3504 -1297.0000000000
3528 -1295.0000000000
3565 -1294.0000000000
3597 -1293.0000000000
3607 -1292.0000000000
3622 -1291.0000000000
3631 -1290.0000000000
3645 -1288.0000000000
3665 -1285.0000000000
3678 -1284.0000000000
3701 -1282.0000000000
3724 -1281.0000000000
3762 -1278.0000000000
3785 -1277.0000000000
3808 -1275.0000000000
3823 -1274.0000000000
3849 -1272.0000000000
3862 -1271.0000000000
3875 -1268.0000000000
3914 -1264.0000000000
3974 -1263.0000000000
3988 -1260.0000000000
4017 -1259.0000000000
4035 -1258.0000000000
4044 -1257.0000000000
4046 -1256.0000000000
4062 -1253.0000000000
4086 -1252.0000000000
4117 -1251.0000000000
4141 -1250.0000000000
4164 -1247.0000000000
4195 -1246.0000000000
4199 -1245.0000000000
4207 -1244.0000000000
4236 -1240.0000000000
4293 -1238.0000000000
4309 -1237.0000000000
4342 -1235.0000000000
4351 -1234.0000000000
4375 -1233.0000000000
4400 -1232.0000000000
4413 -1231.0000000000
4423 -1229.0000000000
4478 -1228.0000000000
4515 -1227.0000000000
4522 -1224.0000000000
4565 -1223.0000000000
4607 -1222.0000000000
4614 -1219.0000000000
4634 -1218.0000000000
4678 -1217.0000000000
4681 -1215.0000000000
4715 -1214.0000000000
4759 -1212.0000000000
4766 -1210.0000000000
4806 -1209.0000000000
4815 -1208.0000000000
4841 -1203.0000000000
4921 -1202.0000000000
4990 -1200.0000000000
4997 -1199.0000000000
5011 -1197.0000000000
5045 -1196.0000000000
5073 -1195.0000000000
5087 -1194.0000000000
5101 -1192.0000000000
5105 -1191.0000000000
5149 -1190.0000000000
5186 -1188.0000000000
5188 -1187.0000000000
5210 -1186.0000000000
5254 -1185.0000000000
5258 -1184.0000000000
5269 -1183.0000000000
5298 -1181.0000000000
5323 -1180.0000000000
5346 -1178.0000000000
5371 -1177.0000000000
5391 -1175.0000000000
5449 -1173.0000000000
5450 -1172.0000000000
5463 -1171.0000000000
5499 -1170.0000000000
5505 -1167.0000000000
5558 -1166.0000000000
5590 -1164.0000000000
5601 -1163.0000000000
5626 -1161.0000000000
5642 -1160.0000000000
5658 -1159.0000000000
5667 -1158.0000000000
5705 -1157.0000000000
5727 -1155.0000000000
5776 -1153.0000000000
5782 -1152.0000000000
5816 -1147.0000000000
5858 -1146.0000000000
5901 -1145.0000000000
5921 -1144.0000000000
5932 -1142.0000000000
5979 -1141.0000000000
5996 -1137.0000000000
6029 -1134.0000000000
6075 -1132.0000000000
6129 -1131.0000000000
6132 -1129.0000000000
6187 -1127.0000000000
6204 -1126.0000000000
6256 -1125.0000000000
6286 -1123.0000000000
6319 -1121.0000000000
6321 -1120.0000000000
6323 -1119.0000000000
6333 -1118.0000000000
6381 -1116.0000000000
6402 -1115.0000000000
6421 -1111.0000000000
6486 -1107.0000000000
6544 -1105.0000000000
6550 -1104.0000000000
6573 -1103.0000000000
6584 -1102.0000000000
6606 -1100.0000000000
6620 -1099.0000000000
6644 -1097.0000000000
6665 -1095.0000000000
6689 -1092.0000000000
6759 -1091.0000000000
6783 -1090.0000000000
6787 -1089.0000000000
6805 -1088.0000000000
6838 -1086.0000000000
6846 -1083.0000000000
6875 -1080.0000000000
6908 -1077.0000000000
6914 -1076.0000000000
6972 -1074.0000000000
7008 -1073.0000000000
7037 -1071.0000000000
7050 -1070.0000000000
7082 -1069.0000000000
7132 -1067.0000000000
7161 -1065.0000000000
7214 -1063.0000000000
7251 -1060.0000000000
7307 -1058.0000000000
7342 -1054.0000000000
7380 -1051.0000000000
7421 -1047.0000000000
7466 -1046.0000000000
7483 -1045.0000000000
7493 -1044.0000000000
7505 -1043.0000000000
7518 -1041.0000000000
7536 -1039.0000000000
7595 -1037.0000000000
7624 -1036.0000000000
7662 -1035.0000000000
7685 -1032.0000000000
7725 -1031.0000000000
7745 -1029.0000000000
7784 -1028.0000000000
7798 -1026.0000000000
7823 -1025.0000000000
7865 -1022.0000000000
7917 -1021.0000000000
7943 -1020.0000000000
7963 -1019.0000000000
7982 -1016.0000000000
8030 -1014.0000000000
8084 -1013.0000000000
8085 -1012.0000000000
8131 -1011.0000000000
8150 -1010.0000000000
8154 -1009.0000000000
8174 -1008.0000000000
8183 -1007.0000000000
8214 -1005.0000000000
8256 -1003.0000000000
8263 -1002.0000000000
8293 -1000.0000000000
8298 -998.0000000000
8322 -996.0000000000
8336 -995.0000000000
8364 -993.0000000000
8403 -989.0000000000
8450 -988.0000000000
8469 -986.0000000000
8483 -984.0000000000
8525 -981.0000000000
8562 -977.0000000000
8585 -976.0000000000
8610 -974.0000000000
8646 -972.0000000000
8668 -971.0000000000
8701 -969.0000000000
8711 -968.0000000000
8725 -966.0000000000
8768 -965.0000000000
8809 -964.0000000000
8834 -963.0000000000
8873 -962.0000000000
8880 -961.0000000000
8891 -960.0000000000
8919 -959.0000000000
8923 -958.0000000000
8926 -957.0000000000
8941 -956.0000000000
8951 -955.0000000000
8973 -953.0000000000
9025 -952.0000000000
9027 -951.0000000000
9074 -950.0000000000
9096 -948.0000000000
9098 -947.0000000000
9186 -946.0000000000
9202 -945.0000000000
9204 -943.0000000000
9230 -942.0000000000
9246 -941.0000000000
9261 -940.0000000000
9280 -939.0000000000
9288 -938.0000000000
9311 -937.0000000000
9327 -936.0000000000
9353 -935.0000000000
9365 -934.0000000000
9382 -933.0000000000
9401 -931.0000000000
9470 -930.0000000000
9476 -928.0000000000
9503 -927.0000000000
9536 -925.0000000000
9597 -924.0000000000
9617 -923.0000000000
9625 -921.0000000000
9678 -920.0000000000
9698 -917.0000000000
9764 -916.0000000000
9803 -915.0000000000
9817 -914.0000000000
9833 -913.0000000000
9868 -912.0000000000
9886 -911.0000000000
9906 -910.0000000000
9917 -906.0000000000
9953 -903.0000000000
10016 -902.0000000000
10042 -901.0000000000
10054 -899.0000000000
10071 -897.0000000000
10081 -896.0000000000
10125 -895.0000000000
10152 -894.0000000000
10199 -893.0000000000
10201 -890.0000000000
10252 -888.0000000000
10327 -885.0000000000
10392 -884.0000000000
10403 -881.0000000000
10408 -880.0000000000
10461 -879.0000000000
10506 -877.0000000000
10507 -875.0000000000
10585 -873.0000000000
10603 -872.0000000000
10646 -871.0000000000
10667 -870.0000000000
10681 -869.0000000000
10706 -868.0000000000
10725 -865.0000000000
10785 -864.0000000000
10792 -863.0000000000
10835 -862.0000000000
10867 -861.0000000000
10871 -860.0000000000
10895 -858.0000000000
10900 -857.0000000000
10929 -856.0000000000
10962 -855.0000000000
10983 -850.0000000000
11044 -849.0000000000
11046 -848.0000000000
11065 -846.0000000000
11128 -845.0000000000
11158 -844.0000000000
11167 -843.0000000000
11193 -842.0000000000
11201 -841.0000000000
11213 -840.0000000000
11259 -839.0000000000
11266 -838.0000000000
11283 -836.0000000000
11302 -835.0000000000
11325 -834.0000000000
11331 -833.0000000000
11357 -832.0000000000
11374 -830.0000000000
11394 -829.0000000000
11412 -828.0000000000
11485 -827.0000000000
11495 -826.0000000000
11523 -824.0000000000
11575 -823.0000000000
11580 -822.0000000000
11586 -821.0000000000
11609 -820.0000000000
11648 -818.0000000000
11667 -817.0000000000
11708 -814.0000000000
11737 -813.0000000000
11771 -812.0000000000
11786 -811.0000000000
11797 -809.0000000000
11832 -808.0000000000
11857 -807.0000000000
11862 -806.0000000000
11870 -805.0000000000
11888 -801.0000000000
11972 -800.0000000000
12015 -799.0000000000
12023 -797.0000000000
12062 -794.0000000000
12112 -793.0000000000
12157 -792.0000000000
12161 -789.0000000000
12225 -788.0000000000
12252 -787.0000000000
12257 -786.0000000000
12273 -784.0000000000
12351 -783.0000000000
12364 -781.0000000000
12389 -780.0000000000
12411 -779.0000000000
12441 -778.0000000000
12490 -777.0000000000
12493 -776.0000000000
12519 -775.0000000000
12538 -772.0000000000
12547 -771.0000000000
12607 -770.0000000000
12624 -769.0000000000
12670 -768.0000000000
12688 -767.0000000000
12732 -766.0000000000
12759 -765.0000000000
12768 -764.0000000000
12798 -763.0000000000
12840 -762.0000000000
12841 -761.0000000000
12874 -759.0000000000
12910 -756.0000000000
12947 -754.0000000000
12992 -753.0000000000
13041 -750.0000000000
13077 -749.0000000000
13106 -747.0000000000
13138 -746.0000000000
13153 -745.0000000000
13198 -744.0000000000
13220 -743.0000000000
13234 -741.0000000000
13298 -740.0000000000
13324 -738.0000000000
13353 -737.0000000000
13405 -736.0000000000
13406 -735.0000000000
13458 -734.0000000000
13490 -733.0000000000
13506 -731.0000000000
13587 -730.0000000000
13596 -729.0000000000
13618 -728.0000000000
13644 -727.0000000000
13664 -726.0000000000
13739 -725.0000000000
13742 -723.0000000000
13776 -722.0000000000
13783 -720.0000000000
13808 -719.0000000000
13823 -717.0000000000
13902 -714.0000000000
13968 -713.0000000000
14004 -709.0000000000
14127 -708.0000000000
14161 -706.0000000000
14186 -703.0000000000
14242 -700.0000000000
14362 -699.0000000000
14363 -698.0000000000
14392 -697.0000000000
14409 -696.0000000000
14445 -695.0000000000
14456 -694.0000000000
14477 -691.0000000000
14534 -689.0000000000
14562 -688.0000000000
14602 -687.0000000000
14648 -686.0000000000
14654 -685.0000000000
14680 -683.0000000000
14714 -682.0000000000
14769 -679.0000000000
14782 -677.0000000000
14863 -676.0000000000
14865 -675.0000000000
14876 -674.0000000000
14889 -673.0000000000
14918 -671.0000000000
14971 -670.0000000000
14973 -669.0000000000
15024 -668.0000000000
15042 -667.0000000000
15064 -666.0000000000
15101 -665.0000000000
15102 -664.0000000000
15107 -663.0000000000
15131 -662.0000000000
15178 -661.0000000000
15194 -660.0000000000
15248 -658.0000000000
15282 -657.0000000000
15325 -656.0000000000
15332 -655.0000000000
15344 -654.0000000000
15371 -653.0000000000
15393 -652.0000000000
15399 -651.0000000000
15457 -650.0000000000
15475 -648.0000000000
15525 -647.0000000000
15563 -645.0000000000
15579 -644.0000000000
15592 -643.0000000000
15644 -641.0000000000
15649 -640.0000000000
15667 -639.0000000000
15700 -638.0000000000
15720 -636.0000000000
15753 -635.0000000000
15778 -632.0000000000
15821 -631.0000000000
15850 -630.0000000000
15861 -628.0000000000
15910 -627.0000000000
15939 -626.0000000000
15984 -625.0000000000
16006 -622.0000000000
16069 -620.0000000000
16139 -619.0000000000
16164 -618.0000000000
16167 -617.0000000000
16229 -616.0000000000
16230 -615.0000000000
16257 -614.0000000000
16268 -612.0000000000
16331 -611.0000000000
16361 -610.0000000000
16366 -607.0000000000
16427 -606.0000000000
16441 -605.0000000000
16472 -604.0000000000
16513 -602.0000000000
16568 -599.0000000000
16581 -598.0000000000
16615 -597.0000000000
16664 -595.0000000000
16718 -594.0000000000
16723 -592.0000000000
16796 -591.0000000000
16824 -590.0000000000
16835 -587.0000000000
16885 -586.0000000000
16897 -584.0000000000
16928 -582.0000000000
16952 -581.0000000000
16985 -580.0000000000
16996 -579.0000000000
17010 -576.0000000000
17078 -575.0000000000
17107 -573.0000000000
17141 -571.0000000000
17154 -570.0000000000
17201 -569.0000000000
17242 -568.0000000000
17254 -566.0000000000
17288 -564.0000000000
17344 -563.0000000000
17363 -562.0000000000
17417 -561.0000000000
17434 -560.0000000000
17471 -559.0000000000
17499 -558.0000000000
17541 -555.0000000000
17604 -554.0000000000
17635 -553.0000000000
17675 -552.0000000000
17692 -551.0000000000
17708 -549.0000000000
17741 -547.0000000000
17808 -546.0000000000
17846 -545.0000000000
17871 -544.0000000000
17903 -543.0000000000
17925 -542.0000000000
17957 -541.0000000000
17985 -540.0000000000
17986 -539.0000000000
18081 -538.0000000000
18129 -537.0000000000
18137 -534.0000000000
18205 -533.0000000000
18297 -532.0000000000
18318 -529.0000000000
18376 -528.0000000000
18384 -526.0000000000
18426 -525.0000000000
18466 -524.0000000000
18475 -523.0000000000
18493 -522.0000000000
18506 -519.0000000000
18559 -518.0000000000
18562 -515.0000000000
18643 -514.0000000000
18675 -513.0000000000
18685 -512.0000000000
18711 -511.0000000000
18745 -510.0000000000
18748 -509.0000000000
18803 -507.0000000000
18845 -506.0000000000
18860 -505.0000000000
18906 -504.0000000000
18933 -503.0000000000
18945 -501.0000000000
19011 -499.0000000000
19040 -497.0000000000
19103 -496.0000000000
19108 -495.0000000000
19129 -494.0000000000
19161 -493.0000000000
19205 -490.0000000000
19263 -488.0000000000
19349 -487.0000000000
19376 -484.0000000000
19414 -483.0000000000
19507 -481.0000000000
19520 -479.0000000000
19582 -478.0000000000
19602 -477.0000000000
19662 -476.0000000000
19682 -474.0000000000
19748 -473.0000000000
19776 -472.0000000000
19794 -471.0000000000
19826 -470.0000000000
19862 -469.0000000000
19884 -468.0000000000
19920 -466.0000000000
19947 -465.0000000000
19970 -464.0000000000
20030 -462.0000000000
20062 -461.0000000000
20101 -460.0000000000
20132 -459.0000000000
20204 -457.0000000000
20245 -456.0000000000
20286 -455.0000000000
20320 -454.0000000000
20342 -453.0000000000
20357 -452.0000000000
20362 -451.0000000000
20460 -450.0000000000
20481 -449.0000000000
20488 -448.0000000000
20524 -447.0000000000
20558 -445.0000000000
20605 -444.0000000000
20641 -443.0000000000
20643 -442.0000000000
20666 -440.0000000000
20762 -439.0000000000
20782 -437.0000000000
20822 -436.0000000000
20891 -434.0000000000
20918 -433.0000000000
20942 -432.0000000000
20948 -430.0000000000
20996 -429.0000000000
21001 -426.0000000000
21103 -425.0000000000
21170 -424.0000000000
21221 -422.0000000000
21301 -421.0000000000
21344 -420.0000000000
21391 -419.0000000000
21410 -418.0000000000
21497 -417.0000000000
21523 -415.0000000000
21591 -414.0000000000
21616 -413.0000000000
21627 -411.0000000000
21681 -409.0000000000
21762 -407.0000000000
21811 -406.0000000000
21877 -405.0000000000
21934 -404.0000000000
21999 -403.0000000000
22082 -401.0000000000
22171 -399.0000000000
22318 -398.0000000000
22362 -397.0000000000
22370 -396.0000000000
22379 -395.0000000000
22457 -394.0000000000
22466 -393.0000000000
22517 -392.0000000000
22528 -391.0000000000
22536 -390.0000000000
22581 -389.0000000000
22664 -388.0000000000
22674 -387.0000000000
22760 -386.0000000000
22785 -384.0000000000
22848 -383.0000000000
22872 -382.0000000000
22906 -381.0000000000
22908 -379.0000000000
22923 -378.0000000000
22980 -376.0000000000
23034 -375.0000000000
23080 -374.0000000000
23104 -373.0000000000
23117 -372.0000000000
23151 -370.0000000000
23249 -368.0000000000
23266 -367.0000000000
23285 -366.0000000000
23396 -365.0000000000
23408 -364.0000000000
23458 -363.0000000000
23510 -360.0000000000
23580 -358.0000000000
23649 -357.0000000000
23690 -356.0000000000
23740 -355.0000000000
23784 -354.0000000000
23806 -353.0000000000
23866 -352.0000000000
23885 -351.0000000000
23949 -349.0000000000
23987 -347.0000000000
24038 -346.0000000000
24069 -344.0000000000
24140 -343.0000000000
24170 -341.0000000000
24254 -339.0000000000
24281 -337.0000000000
24410 -336.0000000000
24418 -335.0000000000
24464 -333.0000000000
24536 -332.0000000000
24558 -331.0000000000
24633 -329.0000000000
24728 -328.0000000000
24802 -327.0000000000
24817 -326.0000000000
24886 -325.0000000000
24924 -324.0000000000
24949 -323.0000000000
25014 -322.0000000000
25135 -321.0000000000
25173 -320.0000000000
25226 -319.0000000000
25247 -318.0000000000
25295 -317.0000000000
25330 -316.0000000000
25423 -315.0000000000
25472 -314.0000000000
25544 -313.0000000000
25611 -312.0000000000
25649 -311.0000000000
25714 -310.0000000000
25750 -309.0000000000
25784 -308.0000000000
25895 -307.0000000000
25950 -306.0000000000
26002 -305.0000000000
26062 -304.0000000000
26137 -303.0000000000
26164 -302.0000000000
26179 -301.0000000000
26262 -299.0000000000
26329 -297.0000000000
26350 -296.0000000000
26459 -295.0000000000
26461 -294.0000000000
26578 -293.0000000000
26631 -292.0000000000
26669 -291.0000000000
26710 -290.0000000000
26823 -289.0000000000
26852 -288.0000000000
26874 -287.0000000000
26954 -286.0000000000
27082 -285.0000000000
27126 -284.0000000000
27152 -283.0000000000
27165 -282.0000000000
27183 -281.0000000000
27262 -280.0000000000
27305 -279.0000000000
27376 -277.0000000000
27424 -276.0000000000
27445 -275.0000000000
27468 -274.0000000000
27522 -273.0000000000
27569 -272.0000000000
27583 -271.0000000000
27682 -270.0000000000
27698 -269.0000000000
27721 -268.0000000000
27794 -267.0000000000
27851 -265.0000000000
27891 -264.0000000000
27902 -263.0000000000
27927 -261.0000000000
28011 -260.0000000000
28022 -259.0000000000
28100 -257.0000000000
28210 -256.0000000000
28231 -255.0000000000
28300 -254.0000000000
28318 -253.0000000000
28399 -252.0000000000
28420 -251.0000000000
28497 -250.0000000000
28573 -249.0000000000
28630 -248.0000000000
28642 -247.0000000000
28665 -246.0000000000
28754 -245.0000000000
28821 -244.0000000000
28860 -243.0000000000
28896 -242.0000000000
28941 -240.0000000000
28975 -239.0000000000
29030 -238.0000000000
29062 -237.0000000000
29123 -236.0000000000
29144 -235.0000000000
29205 -234.0000000000
29211 -233.0000000000
29227 -232.0000000000
29306 -231.0000000000
29308 -230.0000000000
29315 -229.0000000000
29392 -228.0000000000
29418 -227.0000000000
29427 -225.0000000000
29466 -224.0000000000
29518 -223.0000000000
29585 -222.0000000000
29631 -221.0000000000
29691 -220.0000000000
29763 -219.0000000000
29810 -218.0000000000
29877 -217.0000000000
29908 -215.0000000000
29998 -213.0000000000
30066 -212.0000000000
30114 -211.0000000000
30165 -209.0000000000
30228 -208.0000000000
30268 -207.0000000000
30292 -206.0000000000
30329 -205.0000000000
30399 -204.0000000000
30439 -203.0000000000
30447 -202.0000000000
30522 -201.0000000000
30671 -200.0000000000
30724 -198.0000000000
30756 -197.0000000000
30784 -196.0000000000
30815 -195.0000000000
30863 -194.0000000000
30950 -193.0000000000
31028 -192.0000000000
31066 -190.0000000000
31123 -189.0000000000
31167 -188.0000000000
31195 -187.0000000000
31268 -186.0000000000
31338 -185.0000000000
31357 -184.0000000000
31418 -183.0000000000
31447 -182.0000000000
31450 -181.0000000000
31469 -180.0000000000
31538 -179.0000000000
31580 -178.0000000000
31628 -177.0000000000
31650 -176.0000000000
31685 -175.0000000000
31793 -174.0000000000
31800 -173.0000000000
31862 -172.0000000000
31909 -171.0000000000
31978 -169.0000000000
32052 -167.0000000000
32128 -166.0000000000
32143 -165.0000000000
32164 -164.0000000000
32255 -163.0000000000
32366 -162.0000000000
32408 -161.0000000000
32485 -160.0000000000
32544 -159.0000000000
32557 -158.0000000000
32574 -156.0000000000
32667 -155.0000000000
32787 -154.0000000000
32841 -153.0000000000
32930 -152.0000000000
33013 -150.0000000000
33127 -149.0000000000
33181 -148.0000000000
33266 -147.0000000000
33350 -146.0000000000
33396 -145.0000000000
33437 -144.0000000000
33603 -143.0000000000
33658 -142.0000000000
33736 -141.0000000000
33815 -140.0000000000
33864 -139.0000000000
33960 -138.0000000000
33976 -136.0000000000
34099 -135.0000000000
34107 -134.0000000000
34232 -132.0000000000
34354 -131.0000000000
34471 -129.0000000000
34585 -128.0000000000
34660 -127.0000000000
34689 -126.0000000000
34857 -125.0000000000
35012 -124.0000000000
35426 -123.0000000000
35564 -122.0000000000
35602 -121.0000000000
35720 -120.0000000000
35771 -119.0000000000
35805 -118.0000000000
35836 -117.0000000000
35882 -116.0000000000
35934 -115.0000000000
35982 -114.0000000000
36140 -113.0000000000
36173 -112.0000000000
36271 -111.0000000000
36280 -110.0000000000
36367 -109.0000000000
36444 -108.0000000000
36501 -107.0000000000
36682 -106.0000000000
36863 -104.0000000000
36970 -103.0000000000
36995 -102.0000000000
37074 -101.0000000000
37131 -100.0000000000
37187 -99.0000000000
37332 -98.0000000000
37400 -97.0000000000
37483 -96.0000000000
37512 -95.0000000000
37603 -94.0000000000
37665 -93.0000000000
37693 -92.0000000000
37761 -91.0000000000
37873 -90.0000000000
37960 -89.0000000000
37967 -88.0000000000
38007 -87.0000000000
38052 -86.0000000000
38136 -85.0000000000
38169 -84.0000000000
38291 -83.0000000000
38381 -82.0000000000
38467 -81.0000000000
38506 -79.0000000000
38559 -78.0000000000
38711 -77.0000000000
38855 -76.0000000000
38900 -75.0000000000
39017 -74.0000000000
39237 -73.0000000000
39247 -72.0000000000
39344 -71.0000000000
39421 -70.0000000000
39608 -69.0000000000
39671 -68.0000000000
39796 -67.0000000000
39978 -66.0000000000
40120 -65.0000000000
40137 -64.0000000000
40258 -63.0000000000
40347 -62.0000000000
40391 -61.0000000000
40794 -60.0000000000
40866 -59.0000000000
40953 -58.0000000000
41043 -57.0000000000
41084 -56.0000000000
41136 -55.0000000000
41186 -54.0000000000
41367 -53.0000000000
41542 -52.0000000000
41688 -51.0000000000
41825 -50.0000000000
41892 -49.0000000000
41992 -48.0000000000
42040 -47.0000000000
42098 -46.0000000000
42221 -45.0000000000
42297 -44.0000000000
42394 -43.0000000000
42456 -42.0000000000
42489 -41.0000000000
42574 -40.0000000000
42685 -39.0000000000
42849 -38.0000000000
43165 -37.0000000000
43327 -36.0000000000
43467 -35.0000000000
43604 -33.0000000000
43664 -32.0000000000
43712 -31.0000000000
43782 -30.0000000000
43953 -29.0000000000
44138 -28.0000000000
44373 -27.0000000000
44505 -26.0000000000
44615 -25.0000000000
44663 -24.0000000000
44760 -23.0000000000
44944 -22.0000000000
45009 -21.0000000000
45101 -20.0000000000
45279 -19.0000000000
45563 -18.0000000000
45684 -17.0000000000
46533 -16.0000000000
46667 -15.0000000000
46766 -14.0000000000
46888 -13.0000000000
46994 -12.0000000000
47272 -11.0000000000
47406 -10.0000000000
47554 -9.0000000000
47667 -8.0000000000
47789 -7.0000000000
47844 -6.0000000000
47926 -5.0000000000
47994 -4.0000000000
48141 -3.0000000000
48287 -2.0000000000
48448 -1.0000000000
48637 355.2400000000
48646 370.3600000000
48709 372.0500000000
48779 379.2600000000
48788 387.9000000000
48807 388.5700000000
48875 388.9000000000
48878 405.5300000000
49510 494.1700000000
49533 500.9500000000
49572 512.4300000000
49601 520.1900000000
49657 529.4900000000
49814 530.6200000000
50188 537.8300000000
50823 546.4400000000
51378 548.0900000000
51534 548.8100000000
52177 554.2600000000
53294 556.0200000000
54383 559.1500000000
55148 564.1400000000
55702 567.6600000000
56452 617.8400000000
56656 620.5300000000
56726 621.1200000000
56811 623.3000000000
56812 637.9500000000
58724 639.0700000000
62528 648.5600000000
63357 652.6500000000
63847 658.1600000000
64499 659.4100000000
65591 660.8300000000
69852 675.6600000000
70951 726.5500000000
71025 759.1700000000
71181 759.6100000000
71285 761.2100000000
71402 763.4000000000
71524 764.8800000000
72327 765.9800000000
72350 767.1100000000
73339 769.9800000000
73772 771.2200000000
77437 773.8300000000
81366 774.3000000000
81786 774.9600000000
82199 776.1800000000
100000 -2.0000000000
evaluations raw_y
1 -1946.0000000000
9 -1936.0000000000
12 -1911.0000000000
27 -1895.0000000000
34 -1891.0000000000
53 -1864.0000000000
114 -1859.0000000000
116 -1831.0000000000
164 -1824.0000000000
175 -1814.0000000000
187 -1799.0000000000
205 -1794.0000000000
212 -1785.0000000000
229 -1767.0000000000
285 -1750.0000000000
327 -1747.0000000000
329 -1741.0000000000
330 -1737.0000000000
347 -1717.0000000000
405 -1714.0000000000
410 -1713.0000000000
442 -1712.0000000000
443 -1700.0000000000
467 -1699.0000000000
469 -1686.0000000000
516 -1682.0000000000
517 -1680.0000000000
522 -1668.0000000000
545 -1651.0000000000
598 -1644.0000000000
644 -1638.0000000000
646 -1635.0000000000
651 -1634.0000000000
677 -1628.0000000000
685 -1613.0000000000
732 -1612.0000000000
735 -1604.0000000000
756 -1593.0000000000
790 -1580.0000000000
806 -1579.0000000000
865 -1574.0000000000
892 -1573.0000000000
899 -1568.0000000000
913 -1567.0000000000
923 -1561.0000000000
959 -1559.0000000000
961 -1554.0000000000
1001 -1546.0000000000
1056 -1541.0000000000
1060 -1539.0000000000
1073 -1537.0000000000
1081 -1535.0000000000
1083 -1526.0000000000
1104 -1523.0000000000
1122 -1520.0000000000
1182 -1519.0000000000
1195 -1518.0000000000
1196 -1516.0000000000
1204 -1513.0000000000
1211 -1512.0000000000
1224 -1510.0000000000
1247 -1504.0000000000
1264 -1498.0000000000
1320 -1495.0000000000
1326 -1494.0000000000
1365 -1493.0000000000
1389 -1491.0000000000
1401 -1490.0000000000
1410 -1489.0000000000
1415 -1486.0000000000
1417 -1480.0000000000
1482 -1479.0000000000
1484 -1477.0000000000
1503 -1476.0000000000
1520 -1473.0000000000
1532 -1471.0000000000
1541 -1470.0000000000
1564 -1465.0000000000
1605 -1464.0000000000
1635 -1463.0000000000
1639 -1462.0000000000
1663 -1461.0000000000
1691 -1460.0000000000
1692 -1459.0000000000
1702 -1456.0000000000
1737 -1455.0000000000
1768 -1448.0000000000
1831 -1447.0000000000
1855 -1444.0000000000
1898 -1443.0000000000
1904 -1439.0000000000
1940 -1438.0000000000
1947 -1437.0000000000
1964 -1436.0000000000
1972 -1434.0000000000
2001 -1433.0000000000
2002 -1432.0000000000
2034 -1431.0000000000
2054 -1430.0000000000
2066 -1429.0000000000
2092 -1428.0000000000
2119 -1425.0000000000
2149 -1423.0000000000
2167 -1422.0000000000
2179 -1419.0000000000
2211 -1418.0000000000
2251 -1414.0000000000
2289 -1413.0000000000
2302 -1410.0000000000
2379 -1407.0000000000
2419 -1404.0000000000
2422 -1402.0000000000
2442 -1401.0000000000
2501 -1399.0000000000
2506 -1398.0000000000
2524 -1397.0000000000
2527 -1396.0000000000
2565 -1395.0000000000
2576 -1387.0000000000
2677 -1383.0000000000
2705 -1380.0000000000
2762 -1377.0000000000
2799 -1375.0000000000
2805 -1373.0000000000
2861 -1372.0000000000
2862 -1369.0000000000
2894 -1365.0000000000
2936 -1362.0000000000
2961 -1361.0000000000
2973 -1360.0000000000
2989 -1359.0000000000
3005 -1358.0000000000
3026 -1355.0000000000
3028 -1354.0000000000
3062 -1352.0000000000
3105 -1351.0000000000
3124 -1349.0000000000
3147 -1348.0000000000
3192 -1347.0000000000
3202 -1346.0000000000
3231 -1344.0000000000
3270 -1343.0000000000
3286 -1342.0000000000
3288 -1338.0000000000
3345 -1335.0000000000
3361 -1333.0000000000
3404 -1328.0000000000
3455 -1326.0000000000
3492 -1325.0000000000
3511 -1323.0000000000
3529 -1322.0000000000
3562 -1319.0000000000
3569 -1318.0000000000
3602 -1316.0000000000
3609 -1315.0000000000
3636 -1313.0000000000
3652 -1312.0000000000
3686 -1310.0000000000
3688 -1309.0000000000
3743 -1308.0000000000
3755 -1306.0000000000
3821 -1305.0000000000
3827 -1303.0000000000
3832 -1302.0000000000
3851 -1300.0000000000
3903 -1298.0000000000
3931 -1297.0000000000
3961 -1296.0000000000
3971 -1295.0000000000
3994 -1294.0000000000
3997 -1293.0000000000
4009 -1291.0000000000
4042 -1290.0000000000
4054 -1289.0000000000
4057 -1288.0000000000
4073 -1286.0000000000
4076 -1283.0000000000
4084 -1281.0000000000
4165 -1280.0000000000
4182 -1279.0000000000
4228 -1276.0000000000
4248 -1275.0000000000
4253 -1274.0000000000
4281 -1272.0000000000
4290 -1269.0000000000
4324 -1268.0000000000
4342 -1267.0000000000
4346 -1266.0000000000
4362 -1264.0000000000
4363 -1262.0000000000
4420 -1261.0000000000
4422 -1259.0000000000
4442 -1258.0000000000
4481 -1257.0000000000
4492 -1256.0000000000
4512 -1253.0000000000
4551 -1250.0000000000
4586 -1249.0000000000
4623 -1246.0000000000
4648 -1245.0000000000
4665 -1243.0000000000
4689 -1240.0000000000
4742 -1238.0000000000
4795 -1235.0000000000
4827 -1234.0000000000
4841 -1233.0000000000
4863 -1231.0000000000
4898 -1230.0000000000
4903 -1229.0000000000
4931 -1226.0000000000
4941 -1225.0000000000
4949 -1224.0000000000
4989 -1221.0000000000
5001 -1219.0000000000
5060 -1217.0000000000
5086 -1216.0000000000
5103 -1213.0000000000
5121 -1206.0000000000
5182 -1205.0000000000
5188 -1204.0000000000
5206 -1203.0000000000
5223 -1200.0000000000
5244 -1199.0000000000
5294 -1198.0000000000
5317 -1194.0000000000
5342 -1191.0000000000
5412 -1190.0000000000
5431 -1188.0000000000
5460 -1187.0000000000
5471 -1183.0000000000
5542 -1181.0000000000
5544 -1180.0000000000
5553 -1179.0000000000
5564 -1178.0000000000
5603 -1176.0000000000
5606 -1175.0000000000
5632 -1174.0000000000
5649 -1170.0000000000
5663 -1168.0000000000
5703 -1167.0000000000
5711 -1164.0000000000
5734 -1161.0000000000
5781 -1159.0000000000
5803 -1158.0000000000
5823 -1155.0000000000
5857 -1154.0000000000
5861 -1153.0000000000
5866 -1152.0000000000
5890 -1151.0000000000
5901 -1150.0000000000
5914 -1149.0000000000
5921 -1148.0000000000
5955 -1144.0000000000
6004 -1142.0000000000
6064 -1140.0000000000
6100 -1139.0000000000
6104 -1138.0000000000
6108 -1137.0000000000
6131 -1135.0000000000
6195 -1134.0000000000
6207 -1133.0000000000
6208 -1132.0000000000
6222 -1131.0000000000
6227 -1129.0000000000
6265 -1126.0000000000
6309 -1124.0000000000
6353 -1122.0000000000
6372 -1120.0000000000
6382 -1119.0000000000
6426 -1118.0000000000
6430 -1117.0000000000
6458 -1116.0000000000
6473 -1115.0000000000
6485 -1114.0000000000
6495 -1112.0000000000
6528 -1108.0000000000
6574 -1104.0000000000
6638 -1101.0000000000
6682 -1100.0000000000
6703 -1099.0000000000
6756 -1097.0000000000
6775 -1096.0000000000
6785 -1093.0000000000
6823 -1090.0000000000
6896 -1089.0000000000
6907 -1086.0000000000
6997 -1085.0000000000
7012 -1084.0000000000
7032 -1083.0000000000
7052 -1082.0000000000
7063 -1081.0000000000
7098 -1077.0000000000
7154 -1076.0000000000
7181 -1075.0000000000
7199 -1074.0000000000
7202 -1073.0000000000
7224 -1072.0000000000
7245 -1071.0000000000
7253 -1069.0000000000
7287 -1068.0000000000
7324 -1066.0000000000
7345 -1062.0000000000
7403 -1061.0000000000
7424 -1059.0000000000
7461 -1057.0000000000
7504 -1054.0000000000
7522 -1051.0000000000
7564 -1048.0000000000
7619 -1047.0000000000
7622 -1043.0000000000
7701 -1042.0000000000
7753 -1041.0000000000
7767 -1038.0000000000
7792 -1037.0000000000
7806 -1036.0000000000
7812 -1034.0000000000
7831 -1032.0000000000
7865 -1031.0000000000
7906 -1029.0000000000
7911 -1028.0000000000
7958 -1027.0000000000
7968 -1026.0000000000
7983 -1025.0000000000
8011 -1022.0000000000
8023 -1021.0000000000
8071 -1019.0000000000
8075 -1018.0000000000
8127 -1016.0000000000
8141 -1011.0000000000
8174 -1010.0000000000
8244 -1005.0000000000
8313 -1000.0000000000
8327 -999.0000000000
8392 -997.0000000000
8442 -996.0000000000
8454 -995.0000000000
8466 -994.0000000000
8512 -992.0000000000
8541 -991.0000000000
8543 -988.0000000000
8577 -987.0000000000
8588 -985.0000000000
8617 -983.0000000000
8649 -979.0000000000
8703 -977.0000000000
8722 -975.0000000000
8750 -973.0000000000
8810 -972.0000000000
8825 -970.0000000000
8855 -969.0000000000
8868 -967.0000000000
8902 -966.0000000000
8939 -964.0000000000
8965 -963.0000000000
9006 -961.0000000000
9039 -957.0000000000
9127 -955.0000000000
9158 -952.0000000000
9203 -951.0000000000
9212 -949.0000000000
9252 -948.0000000000
9271 -946.0000000000
9298 -945.0000000000
9343 -943.0000000000
9356 -942.0000000000
9385 -939.0000000000
9469 -936.0000000000
9511 -935.0000000000
9546 -934.0000000000
9566 -932.0000000000
9620 -931.0000000000
9631 -928.0000000000
9698 -927.0000000000
9700 -924.0000000000
9732 -923.0000000000
9748 -922.0000000000
9796 -921.0000000000
9832 -918.0000000000
9898 -917.0000000000
9899 -915.0000000000
9923 -913.0000000000
9980 -911.0000000000
10002 -910.0000000000
10039 -908.0000000000
10060 -907.0000000000
10071 -906.0000000000
10101 -905.0000000000
10137 -904.0000000000
10150 -903.0000000000
10163 -897.0000000000
10281 -896.0000000000
10286 -895.0000000000
10293 -893.0000000000
10326 -892.0000000000
10335 -891.0000000000
10365 -890.0000000000
10401 -888.0000000000
10421 -887.0000000000
10444 -886.0000000000
10461 -883.0000000000
10504 -882.0000000000
10523 -880.0000000000
10551 -878.0000000000
10619 -877.0000000000
10629 -876.0000000000
10677 -874.0000000000
10705 -872.0000000000
10733 -871.0000000000
10734 -870.0000000000
10761 -869.0000000000
10818 -868.0000000000
10824 -867.0000000000
10840 -866.0000000000
10882 -865.0000000000
10910 -863.0000000000
10929 -861.0000000000
10962 -860.0000000000
10996 -858.0000000000
11031 -855.0000000000
11066 -851.0000000000
11110 -850.0000000000
11131 -849.0000000000
11170 -846.0000000000
11231 -843.0000000000
11255 -842.0000000000
11285 -841.0000000000
11319 -839.0000000000
11341 -837.0000000000
11387 -836.0000000000
11408 -835.0000000000
11417 -834.0000000000
11421 -832.0000000000
11464 -831.0000000000
11484 -830.0000000000
11506 -828.0000000000
11547 -827.0000000000
11552 -825.0000000000
11583 -822.0000000000
11625 -821.0000000000
11661 -820.0000000000
11667 -818.0000000000
11685 -817.0000000000
11724 -816.0000000000
11732 -813.0000000000
11814 -811.0000000000
11824 -810.0000000000
11825 -809.0000000000
11888 -807.0000000000
11963 -805.0000000000
11988 -804.0000000000
12011 -801.0000000000
12057 -800.0000000000
12086 -799.0000000000
12102 -797.0000000000
12119 -796.0000000000
12165 -794.0000000000
12172 -793.0000000000
12182 -791.0000000000
12229 -790.0000000000
12246 -789.0000000000
12281 -785.0000000000
12329 -782.0000000000
12406 -781.0000000000
12420 -779.0000000000
12421 -776.0000000000
12460 -775.0000000000
12502 -772.0000000000
12544 -770.0000000000
12599 -769.0000000000
12606 -768.0000000000
12638 -765.0000000000
12685 -763.0000000000
12731 -762.0000000000
12740 -761.0000000000
12754 -760.0000000000
12785 -758.0000000000
12832 -755.0000000000
12861 -753.0000000000
12923 -752.0000000000
12941 -751.0000000000
12992 -750.0000000000
13007 -749.0000000000
13054 -746.0000000000
13099 -745.0000000000
13101 -744.0000000000
13129 -743.0000000000
13147 -742.0000000000
13158 -741.0000000000
13193 -740.0000000000
13217 -738.0000000000
13259 -737.0000000000
13292 -736.0000000000
13306 -735.0000000000
13314 -734.0000000000
13332 -733.0000000000
13371 -731.0000000000
13381 -728.0000000000
13427 -726.0000000000
13487 -725.0000000000
13523 -724.0000000000
13543 -723.0000000000
13584 -722.0000000000
13585 -721.0000000000
13603 -720.0000000000
13652 -719.0000000000
13658 -717.0000000000
13703 -716.0000000000
13726 -715.0000000000
13779 -714.0000000000
13804 -712.0000000000
13839 -711.0000000000
13870 -709.0000000000
13895 -707.0000000000
13937 -706.0000000000
13961 -705.0000000000
14023 -704.0000000000
14034 -703.0000000000
14048 -702.0000000000
14079 -701.0000000000
14129 -700.0000000000
14142 -699.0000000000
14155 -698.0000000000
14168 -697.0000000000
14240 -696.0000000000
14243 -694.0000000000
14287 -690.0000000000
14417 -689.0000000000
14435 -688.0000000000
14475 -687.0000000000
14507 -686.0000000000
14535 -683.0000000000
14553 -682.0000000000
14627 -681.0000000000
14656 -680.0000000000
14662 -679.0000000000
14704 -678.0000000000
14767 -677.0000000000
14791 -676.0000000000
14799 -671.0000000000
14889 -670.0000000000
14916 -669.0000000000
14952 -668.0000000000
14965 -667.0000000000
15024 -665.0000000000
15063 -664.0000000000
15109 -663.0000000000
15135 -662.0000000000
15144 -661.0000000000
15183 -658.0000000000
15208 -657.0000000000
15257 -655.0000000000
15274 -653.0000000000
15298 -652.0000000000
15318 -651.0000000000
15344 -649.0000000000
15357 -648.0000000000
15382 -647.0000000000
15409 -645.0000000000
15448 -644.0000000000
15487 -643.0000000000
15508 -641.0000000000
15521 -640.0000000000
15546 -639.0000000000
15561 -638.0000000000
15624 -637.0000000000
15659 -636.0000000000
15669 -635.0000000000
15682 -634.0000000000
15696 -631.0000000000
15727 -630.0000000000
15754 -629.0000000000
15787 -628.0000000000
15846 -627.0000000000
15853 -625.0000000000
15854 -623.0000000000
15974 -620.0000000000
16020 -618.0000000000
16070 -616.0000000000
16144 -614.0000000000
16196 -613.0000000000
16241 -612.0000000000
16284 -610.0000000000
16355 -609.0000000000
16359 -608.0000000000
16421 -607.0000000000
16442 -606.0000000000
16455 -603.0000000000
16502 -601.0000000000
16563 -599.0000000000
16568 -598.0000000000
16603 -596.0000000000
16630 -595.0000000000
16682 -593.0000000000
16735 -592.0000000000
16737 -591.0000000000
16801 -590.0000000000
16832 -589.0000000000
16854 -588.0000000000
16865 -586.0000000000
16931 -585.0000000000
16940 -584.0000000000
16980 -583.0000000000
17005 -582.0000000000
17023 -579.0000000000
17073 -576.0000000000
17166 -575.0000000000
17172 -574.0000000000
17214 -573.0000000000
17235 -572.0000000000
17244 -571.0000000000
17273 -569.0000000000
17341 -567.0000000000
17369 -564.0000000000
17419 -563.0000000000
17461 -562.0000000000
17501 -561.0000000000
17541 -560.0000000000
17550 -559.0000000000
17561 -558.0000000000
17584 -557.0000000000
17669 -556.0000000000
17712 -555.0000000000
17741 -554.0000000000
17788 -553.0000000000
17821 -552.0000000000
17824 -550.0000000000
17924 -549.0000000000
17932 -548.0000000000
17970 -547.0000000000
17991 -546.0000000000
18024 -545.0000000000
18089 -543.0000000000
18194 -542.0000000000
18223 -541.0000000000
18245 -540.0000000000
18250 -539.0000000000
18291 -538.0000000000
18322 -537.0000000000
18353 -536.0000000000
18386 -535.0000000000
18414 -533.0000000000
18422 -531.0000000000
18508 -529.0000000000
18516 -528.0000000000
18575 -527.0000000000
18614 -526.0000000000
18633 -525.0000000000
18673 -521.0000000000
18746 -520.0000000000
18784 -519.0000000000
18808 -518.0000000000
18823 -517.0000000000
18865 -513.0000000000
18938 -512.0000000000
18983 -511.0000000000
19001 -509.0000000000
19040 -508.0000000000
19066 -507.0000000000
19087 -506.0000000000
19135 -505.0000000000
19155 -504.0000000000
19169 -503.0000000000
19191 -502.0000000000
19261 -501.0000000000
19274 -500.0000000000
19303 -497.0000000000
19371 -495.0000000000
19413 -494.0000000000
19430 -493.0000000000
19457 -492.0000000000
19501 -491.0000000000
19509 -486.0000000000
19572 -485.0000000000
19612 -484.0000000000
19641 -483.0000000000
19661 -482.0000000000
19711 -481.0000000000
19743 -480.0000000000
19762 -478.0000000000
19784 -476.0000000000
19827 -475.0000000000
19863 -473.0000000000
19952 -472.0000000000
20009 -471.0000000000
20038 -470.0000000000
20057 -469.0000000000
20081 -468.0000000000
20106 -467.0000000000
20162 -466.0000000000
20200 -464.0000000000
20235 -463.0000000000
20278 -462.0000000000
20334 -460.0000000000
20370 -459.0000000000
20434 -458.0000000000
20450 -457.0000000000
20477 -456.0000000000
20511 -455.0000000000
20521 -452.0000000000
20614 -451.0000000000
20653 -450.0000000000
20683 -449.0000000000
20690 -448.0000000000
20779 -446.0000000000
20803 -445.0000000000
20856 -444.0000000000
20889 -443.0000000000
20944 -441.0000000000
20991 -440.0000000000
21002 -439.0000000000
21018 -438.0000000000
21071 -436.0000000000
21122 -434.0000000000
21133 -433.0000000000
21146 -432.0000000000
21216 -431.0000000000
21230 -430.0000000000
21252 -429.0000000000
21305 -428.0000000000
21325 -427.0000000000
21326 -426.0000000000
21374 -423.0000000000
21433 -421.0000000000
21502 -420.0000000000
21530 -418.0000000000
21608 -417.0000000000
21628 -416.0000000000
21663 -415.0000000000
21690 -414.0000000000
21749 -413.0000000000
21781 -412.0000000000
21801 -411.0000000000
21846 -410.0000000000
21898 -409.0000000000
21932 -407.0000000000
22029 -406.0000000000
22030 -405.0000000000
22086 -404.0000000000
22145 -403.0000000000
22174 -401.0000000000
22225 -400.0000000000
22262 -399.0000000000
22298 -398.0000000000
22310 -397.0000000000
22356 -396.0000000000
22407 -395.0000000000
22429 -393.0000000000
22527 -392.0000000000
22567 -391.0000000000
22583 -389.0000000000
22612 -388.0000000000
22629 -387.0000000000
22652 -386.0000000000
22712 -385.0000000000
22788 -383.0000000000
22910 -382.0000000000
22969 -381.0000000000
23030 -380.0000000000
23125 -379.0000000000
23129 -378.0000000000
23151 -377.0000000000
23202 -376.0000000000
23231 -375.0000000000
23265 -373.0000000000
23321 -372.0000000000
23389 -370.0000000000
23410 -368.0000000000
23500 -367.0000000000
23522 -366.0000000000
23531 -365.0000000000
23584 -364.0000000000
23586 -363.0000000000
23633 -361.0000000000
23713 -360.0000000000
23737 -359.0000000000
23805 -358.0000000000
23875 -356.0000000000
23917 -355.0000000000
23966 -354.0000000000
24010 -353.0000000000
24059 -351.0000000000
24122 -350.0000000000
24178 -348.0000000000
24245 -347.0000000000
24259 -346.0000000000
24289 -345.0000000000
24311 -343.0000000000
24432 -342.0000000000
24441 -341.0000000000
24481 -340.0000000000
24506 -339.0000000000
24519 -338.0000000000
24581 -336.0000000000
24718 -335.0000000000
24779 -333.0000000000
24885 -332.0000000000
24889 -331.0000000000
24949 -330.0000000000
24984 -329.0000000000
25044 -328.0000000000
25089 -326.0000000000
25144 -324.0000000000
25161 -323.0000000000
25210 -322.0000000000
25213 -321.0000000000
25230 -320.0000000000
25253 -319.0000000000
25311 -318.0000000000
25321 -317.0000000000
25384 -316.0000000000
25387 -315.0000000000
25462 -313.0000000000
25498 -312.0000000000
25524 -311.0000000000
25591 -310.0000000000
25642 -308.0000000000
25683 -307.0000000000
25701 -306.0000000000
25769 -305.0000000000
25772 -304.0000000000
25794 -303.0000000000
25852 -302.0000000000
25879 -301.0000000000
25942 -298.0000000000
26072 -297.0000000000
26084 -296.0000000000
26186 -295.0000000000
26214 -294.0000000000
26266 -292.0000000000
26338 -291.0000000000
26356 -290.0000000000
26416 -289.0000000000
26443 -288.0000000000
26527 -287.0000000000
26575 -286.0000000000
26631 -284.0000000000
26671 -283.0000000000
26702 -281.0000000000
26746 -280.0000000000
26818 -279.0000000000
26823 -275.0000000000
26874 -274.0000000000
26946 -273.0000000000
27087 -272.0000000000
27140 -271.0000000000
27184 -270.0000000000
27224 -269.0000000000
27274 -266.0000000000
27379 -265.0000000000
27434 -264.0000000000
27480 -262.0000000000
27530 -260.0000000000
27608 -259.0000000000
27645 -258.0000000000
27725 -257.0000000000
27757 -256.0000000000
27763 -255.0000000000
27810 -254.0000000000
27837 -253.0000000000
27904 -250.0000000000
28076 -249.0000000000
28104 -248.0000000000
28135 -247.0000000000
28229 -246.0000000000
28275 -245.0000000000
28377 -244.0000000000
28443 -243.0000000000
28485 -242.0000000000
28507 -241.0000000000
28550 -240.0000000000
28612 -239.0000000000
28663 -238.0000000000
28722 -237.0000000000
28764 -236.0000000000
28823 -235.0000000000
28840 -234.0000000000
28883 -232.0000000000
28936 -231.0000000000
29001 -230.0000000000
29062 -229.0000000000
29097 -228.0000000000
29203 -227.0000000000
29239 -225.0000000000
29312 -224.0000000000
29321 -223.0000000000
29327 -222.0000000000
29426 -221.0000000000
29464 -220.0000000000
29515 -219.0000000000
29562 -218.0000000000
29619 -217.0000000000
29660 -215.0000000000
29695 -213.0000000000
29841 -212.0000000000
29961 -211.0000000000
30056 -210.0000000000
30137 -209.0000000000
30223 -208.0000000000
30273 -207.0000000000
30309 -206.0000000000
30351 -205.0000000000
30459 -204.0000000000
30469 -203.0000000000
30504 -202.0000000000
30551 -201.0000000000
30647 -200.0000000000
30651 -199.0000000000
30711 -198.0000000000
30755 -197.0000000000
30772 -196.0000000000
30863 -195.0000000000
30960 -194.0000000000
30972 -193.0000000000
31002 -192.0000000000
31046 -191.0000000000
31086 -190.0000000000
31127 -189.0000000000
31132 -188.0000000000
31215 -187.0000000000
31316 -185.0000000000
31392 -184.0000000000
31393 -182.0000000000
31412 -181.0000000000
31522 -179.0000000000
31611 -177.0000000000
31649 -176.0000000000
31688 -175.0000000000
31763 -174.0000000000
31806 -172.0000000000
31968 -171.0000000000
31986 -170.0000000000
32040 -169.0000000000
32062 -168.0000000000
32067 -167.0000000000
32103 -166.0000000000
32163 -165.0000000000
32268 -164.0000000000
32303 -163.0000000000
32432 -162.0000000000
32539 -161.0000000000
32673 -160.0000000000
32733 -159.0000000000
32787 -157.0000000000
32842 -156.0000000000
32927 -155.0000000000
32942 -154.0000000000
32952 -153.0000000000
32963 -151.0000000000
33145 -150.0000000000
33274 -149.0000000000
33381 -148.0000000000
33426 -147.0000000000
33511 -146.0000000000
33531 -145.0000000000
33676 -144.0000000000
33697 -143.0000000000
33739 -142.0000000000
33753 -141.0000000000
33799 -140.0000000000
33802 -138.0000000000
33991 -137.0000000000
34086 -135.0000000000
34148 -134.0000000000
34217 -133.0000000000
34291 -132.0000000000
34361 -131.0000000000
34482 -130.0000000000
34565 -128.0000000000
34686 -127.0000000000
34796 -126.0000000000
34863 -125.0000000000
34922 -124.0000000000
34964 -123.0000000000
35029 -122.0000000000
35104 -121.0000000000
35175 -120.0000000000
35233 -119.0000000000
35262 -118.0000000000
35380 -117.0000000000
35421 -116.0000000000
35517 -115.0000000000
35617 -114.0000000000
35661 -113.0000000000
35733 -112.0000000000
35869 -111.0000000000
35915 -110.0000000000
35946 -109.0000000000
36062 -108.0000000000
36091 -107.0000000000
36127 -106.0000000000
36222 -105.0000000000
36301 -104.0000000000
36327 -103.0000000000
36442 -102.0000000000
36524 -101.0000000000
36604 -100.0000000000
36687 -99.0000000000
36774 -98.0000000000
36834 -97.0000000000
36980 -96.0000000000
37144 -95.0000000000
37161 -94.0000000000
37333 -93.0000000000
37488 -92.0000000000
37523 -91.0000000000
37666 -90.0000000000
37751 -89.0000000000
37787 -88.0000000000
37826 -86.0000000000
37890 -85.0000000000
37914 -84.0000000000
37959 -83.0000000000
37986 -82.0000000000
38063 -81.0000000000
38121 -80.0000000000
38166 -79.0000000000
38261 -78.0000000000
38298 -77.0000000000
38361 -76.0000000000
38383 -75.0000000000
38446 -73.0000000000
38563 -72.0000000000
38659 -71.0000000000
38770 -70.0000000000
38943 -69.0000000000
39102 -68.0000000000
39171 -67.0000000000
39390 -66.0000000000
39438 -65.0000000000
39534 -64.0000000000
39622 -63.0000000000
39752 -62.0000000000
39841 -61.0000000000
39867 -60.0000000000
40075 -59.0000000000
40224 -58.0000000000
40429 -57.0000000000
40477 -56.0000000000
40572 -55.0000000000
40674 -54.0000000000
40761 -53.0000000000
40846 -52.0000000000
41013 -51.0000000000
41096 -50.0000000000
41214 -49.0000000000
41293 -48.0000000000
41400 -47.0000000000
41422 -46.0000000000
41492 -45.0000000000
41651 -44.0000000000
41814 -43.0000000000
41987 -42.0000000000
42184 -41.0000000000
42285 -40.0000000000
42385 -39.0000000000
42478 -38.0000000000
42513 -37.0000000000
42635 -36.0000000000
42681 -35.0000000000
42730 -34.0000000000
42755 -33.0000000000
42850 -32.0000000000
42927 -31.0000000000
43456 -30.0000000000
43524 -29.0000000000
43591 -28.0000000000
43744 -27.0000000000
43986 -26.0000000000
44217 -25.0000000000
44250 -24.0000000000
44571 -23.0000000000
44856 -22.0000000000
44958 -21.0000000000
45135 -20.0000000000
45202 -19.0000000000
45263 -18.0000000000
45305 -17.0000000000
45433 -16.0000000000
45642 -15.0000000000
45879 -14.0000000000
46062 -13.0000000000
46510 -12.0000000000
47839 -11.0000000000
47913 -10.0000000000
48097 -9.0000000000
48221 -8.0000000000
48292 -7.0000000000
48423 -5.0000000000
48665 -4.0000000000
48743 -3.0000000000
48895 -2.0000000000
48994 -1.0000000000
49045 360.8500000000
49057 361.4900000000
49092 376.8000000000
49141 377.2000000000
49162 377.9600000000
49183 378.4100000000
49220 379.5300000000
49341 380.6400000000
49398 397.4900000000
50854 399.2300000000
51101 404.1600000000
51251 407.2500000000
51634 411.6800000000
51807 413.5100000000
52057 420.9000000000
55556 427.8900000000
60975 428.1600000000
61000 428.3500000000
61181 439.6000000000
61264 446.4400000000
61635 447.1400000000
61767 526.9800000000
61927 528.1200000000
62044 540.8200000000
62208 558.7800000000
100000 -2.0000000000
evaluations raw_y
1 -1930.0000000000
43 -1916.0000000000
44 -1913.0000000000
69 -1869.0000000000
111 -1858.0000000000
134 -1850.0000000000
143 -1824.0000000000
157 -1812.0000000000
162 -1793.0000000000
221 -1791.0000000000
233 -1789.0000000000
243 -1778.0000000000
250 -1775.0000000000
259 -1768.0000000000
271 -1754.0000000000
273 -1753.0000000000
288 -1750.0000000000
290 -1748.0000000000
319 -1737.0000000000
322 -1733.0000000000
327 -1731.0000000000
342 -1729.0000000000
354 -1724.0000000000
368 -1710.0000000000
393 -1704.0000000000
430 -1690.0000000000
470 -1678.0000000000
514 -1676.0000000000
528 -1675.0000000000
548 -1655.0000000000
576 -1638.0000000000
622 -1634.0000000000
646 -1632.0000000000
658 -1630.0000000000
674 -1625.0000000000
682 -1619.0000000000
718 -1616.0000000000
719 -1610.0000000000
738 -1598.0000000000
782 -1592.0000000000
819 -1586.0000000000
825 -1585.0000000000
826 -1583.0000000000
843 -1574.0000000000
908 -1572.0000000000
933 -1571.0000000000
944 -1570.0000000000
951 -1567.0000000000
975 -1565.0000000000
992 -1564.0000000000
1001 -1562.0000000000
1010 -1560.0000000000
1011 -1556.0000000000
1029 -1551.0000000000
1064 -1543.0000000000
1122 -1541.0000000000
1140 -1539.0000000000
1147 -1535.0000000000
1163 -1530.0000000000
1192 -1527.0000000000
1194 -1523.0000000000
1226 -1516.0000000000
1297 -1515.0000000000
1298 -1514.0000000000
1301 -1512.0000000000
1325 -1507.0000000000
1378 -1506.0000000000
1381 -1505.0000000000
1384 -1503.0000000000
1401 -1501.0000000000
1424 -1498.0000000000
1465 -1494.0000000000
1497 -1492.0000000000
1505 -1489.0000000000
1506 -1487.0000000000
1539 -1484.0000000000
1610 -1481.0000000000
1629 -1480.0000000000
1644 -1478.0000000000
1691 -1476.0000000000
1696 -1473.0000000000
1714 -1472.0000000000
1742 -1470.0000000000
1746 -1469.0000000000
1782 -1468.0000000000
1807 -1467.0000000000
1824 -1466.0000000000
1828 -1464.0000000000
1831 -1460.0000000000
1886 -1457.0000000000
1921 -1456.0000000000
1925 -1453.0000000000
1950 -1452.0000000000
1969 -1449.0000000000
1981 -1448.0000000000
2001 -1446.0000000000
2028 -1445.0000000000
2063 -1443.0000000000
2084 -1442.0000000000
2087 -1441.0000000000
2130 -1438.0000000000
2161 -1435.0000000000
2193 -1434.0000000000
2219 -1433.0000000000
2224 -1432.0000000000
2259 -1431.0000000000
2266 -1428.0000000000
2282 -1427.0000000000
2308 -1426.0000000000
2311 -1423.0000000000
2360 -1421.0000000000
2364 -1420.0000000000
2374 -1419.0000000000
2402 -1415.0000000000
2469 -1414.0000000000
2515 -1413.0000000000
2518 -1411.0000000000
2550 -1409.0000000000
2576 -1408.0000000000
2582 -1407.0000000000
2616 -1405.0000000000
2645 -1403.0000000000
2682 -1402.0000000000
2701 -1401.0000000000
2711 -1400.0000000000
2724 -1398.0000000000
2745 -1396.0000000000
2764 -1395.0000000000
2818 -1393.0000000000
2846 -1390.0000000000
2849 -1389.0000000000
2869 -1388.0000000000
2902 -1387.0000000000
2933 -1386.0000000000
2943 -1381.0000000000
3021 -1378.0000000000
3065 -1377.0000000000
3086 -1375.0000000000
3109 -1373.0000000000
3129 -1372.0000000000
3142 -1370.0000000000
3185 -1369.0000000000
3188 -1368.0000000000
3253 -1366.0000000000
3264 -1365.0000000000
3279 -1364.0000000000
3293 -1363.0000000000
3307 -1362.0000000000
3332 -1361.0000000000
3341 -1359.0000000000
3362 -1357.0000000000
3393 -1356.0000000000
3441 -1354.0000000000
3471 -1352.0000000000
3484 -1350.0000000000
3514 -1349.0000000000
3542 -1345.0000000000
3582 -1344.0000000000
3631 -1341.0000000000
3676 -1340.0000000000
3721 -1339.0000000000
3724 -1338.0000000000
3727 -1337.0000000000
3750 -1335.0000000000
3780 -1334.0000000000
3783 -1333.0000000000
3791 -1329.0000000000
3854 -1328.0000000000
3862 -1327.0000000000
3864 -1325.0000000000
3901 -1323.0000000000
3926 -1322.0000000000
3942 -1321.0000000000
3966 -1319.0000000000
3967 -1318.0000000000
3982 -1317.0000000000
4004 -1315.0000000000
4030 -1314.0000000000
4043 -1312.0000000000
4088 -1309.0000000000
4108 -1308.0000000000
4144 -1307.0000000000
4165 -1304.0000000000
4188 -1303.0000000000
4202 -1302.0000000000
4225 -1299.0000000000
4285 -1298.0000000000
4302 -1295.0000000000
4324 -1292.0000000000
4384 -1290.0000000000
4425 -1287.0000000000
4477 -1285.0000000000
4501 -1283.0000000000
4505 -1281.0000000000
4531 -1280.0000000000
4541 -1277.0000000000
4591 -1275.0000000000
4602 -1274.0000000000
4635 -1273.0000000000
4650 -1272.0000000000
4661 -1271.0000000000
4671 -1269.0000000000
4692 -1268.0000000000
4721 -1265.0000000000
4741 -1263.0000000000
4780 -1259.0000000000
4836 -1258.0000000000
4873 -1255.0000000000
4914 -1254.0000000000
4925 -1250.0000000000
4980 -1249.0000000000
4986 -1246.0000000000
5031 -1243.0000000000
5091 -1242.0000000000
5122 -1241.0000000000
5141 -1240.0000000000
5165 -1238.0000000000
5177 -1235.0000000000
5220 -1232.0000000000
5275 -1231.0000000000
5276 -1228.0000000000
5344 -1227.0000000000
5362 -1225.0000000000
5365 -1224.0000000000
5401 -1222.0000000000
5433 -1220.0000000000
5478 -1219.0000000000
5482 -1218.0000000000
5493 -1215.0000000000
5538 -1213.0000000000
5566 -1211.0000000000
5619 -1207.0000000000
5643 -1206.0000000000
5645 -1205.0000000000
5669 -1203.0000000000
5723 -1202.0000000000
5730 -1201.0000000000
5732 -1200.0000000000
5751 -1199.0000000000
5762 -1198.0000000000
5790 -1196.0000000000
5793 -1195.0000000000
5818 -1193.0000000000
5861 -1191.0000000000
5882 -1190.0000000000
5891 -1189.0000000000
5931 -1188.0000000000
5937 -1187.0000000000
5961 -1186.0000000000
5977 -1185.0000000000
5997 -1183.0000000000
6034 -1182.0000000000
6046 -1180.0000000000
6057 -1179.0000000000
6101 -1177.0000000000
6105 -1175.0000000000
6131 -1173.0000000000
6182 -1172.0000000000
6196 -1171.0000000000
6208 -1170.0000000000
6247 -1169.0000000000
6249 -1168.0000000000
6266 -1167.0000000000
6282 -1166.0000000000
6327 -1164.0000000000
6362 -1161.0000000000
6366 -1159.0000000000
6411 -1158.0000000000
6425 -1157.0000000000
6446 -1156.0000000000
6485 -1154.0000000000
6516 -1153.0000000000
6526 -1152.0000000000
6549 -1151.0000000000
6557 -1149.0000000000
6599 -1147.0000000000
6645 -1145.0000000000
6684 -1144.0000000000
6702 -1142.0000000000
6736 -1141.0000000000
6746 -1139.0000000000
6758 -1136.0000000000
6775 -1135.0000000000
6824 -1134.0000000000
6827 -1133.0000000000
6847 -1132.0000000000
6874 -1131.0000000000
6894 -1130.0000000000
6895 -1129.0000000000
6905 -1128.0000000000
6922 -1127.0000000000
6932 -1126.0000000000
6949 -1125.0000000000
6988 -1122.0000000000
7001 -1118.0000000000
7021 -1116.0000000000
7102 -1114.0000000000
7156 -1113.0000000000
7167 -1112.0000000000
7202 -1111.0000000000
7204 -1110.0000000000
7216 -1108.0000000000
7235 -1107.0000000000
7270 -1106.0000000000
7277 -1105.0000000000
7281 -1104.0000000000
7303 -1102.0000000000
7346 -1100.0000000000
7360 -1099.0000000000
7390 -1098.0000000000
7409 -1097.0000000000
7440 -1095.0000000000
7479 -1094.0000000000
7513 -1093.0000000000
7528 -1092.0000000000
7533 -1090.0000000000
7547 -1089.0000000000
7581 -1087.0000000000
7595 -1086.0000000000
7625 -1084.0000000000
7642 -1083.0000000000
7661 -1082.0000000000
7701 -1081.0000000000
7703 -1080.0000000000
7714 -1079.0000000000
7743 -1075.0000000000
7818 -1074.0000000000
7838 -1073.0000000000
7884 -1072.0000000000
7888 -1071.0000000000
7921 -1070.0000000000
7941 -1069.0000000000
7942 -1066.0000000000
7981 -1064.0000000000
8012 -1062.0000000000
8094 -1061.0000000000
8098 -1059.0000000000
8101 -1058.0000000000
8169 -1057.0000000000
8185 -1056.0000000000
8211 -1054.0000000000
8241 -1053.0000000000
8274 -1051.0000000000
8309 -1049.0000000000
8345 -1048.0000000000
8352 -1044.0000000000
8377 -1042.0000000000
8450 -1041.0000000000
8470 -1039.0000000000
8503 -1037.0000000000
8521 -1035.0000000000
8583 -1034.0000000000
8584 -1033.0000000000
8606 -1032.0000000000
8623 -1029.0000000000
8658 -1028.0000000000
8676 -1027.0000000000
8701 -1025.0000000000
8709 -1024.0000000000
8766 -1022.0000000000
8803 -1021.0000000000
8845 -1020.0000000000
8861 -1019.0000000000
8894 -1018.0000000000
8901 -1017.0000000000
8926 -1015.0000000000
8977 -1014.0000000000
8994 -1013.0000000000
9016 -1012.0000000000
9021 -1011.0000000000
9033 -1009.0000000000
9063 -1008.0000000000
9095 -1006.0000000000
9101 -1002.0000000000
9160 -1001.0000000000
9182 -1000.0000000000
9195 -998.0000000000
9251 -997.0000000000
9263 -996.0000000000
9280 -995.0000000000
9283 -993.0000000000
9307 -992.0000000000
9317 -991.0000000000
9338 -990.0000000000
9347 -989.0000000000
9364 -986.0000000000
9440 -985.0000000000
9441 -983.0000000000
9464 -981.0000000000
9496 -978.0000000000
9562 -975.0000000000
9629 -974.0000000000
9657 -973.0000000000
9659 -972.0000000000
9671 -971.0000000000
9679 -970.0000000000
9704 -969.0000000000
9728 -968.0000000000
9732 -967.0000000000
9759 -966.0000000000
9787 -964.0000000000
9822 -960.0000000000
9863 -959.0000000000
9882 -958.0000000000
9902 -957.0000000000
9906 -956.0000000000
9927 -952.0000000000
9951 -951.0000000000
10001 -948.0000000000
10059 -947.0000000000
10081 -946.0000000000
10107 -944.0000000000
10109 -943.0000000000
10164 -942.0000000000
10170 -941.0000000000
10172 -938.0000000000
10210 -936.0000000000
10269 -931.0000000000
10351 -930.0000000000
10356 -929.0000000000
10385 -927.0000000000
10391 -926.0000000000
10469 -924.0000000000
10515 -923.0000000000
10518 -922.0000000000
10564 -921.0000000000
10568 -920.0000000000
10573 -917.0000000000
10636 -916.0000000000
10660 -913.0000000000
10686 -912.0000000000
10718 -911.0000000000
10747 -909.0000000000
10804 -908.0000000000
10823 -907.0000000000
10826 -906.0000000000
10858 -904.0000000000
10891 -903.0000000000
10904 -901.0000000000
10932 -898.0000000000
10964 -897.0000000000
10975 -896.0000000000
11001 -895.0000000000
11026 -894.0000000000
11043 -893.0000000000
11066 -892.0000000000
11073 -889.0000000000
11087 -888.0000000000
11102 -885.0000000000
11162 -882.0000000000
11195 -881.0000000000
11225 -880.0000000000
11269 -877.0000000000
11309 -874.0000000000
11359 -873.0000000000
11404 -872.0000000000
11406 -871.0000000000
11440 -870.0000000000
11477 -868.0000000000
11522 -867.0000000000
11530 -866.0000000000
11543 -865.0000000000
11601 -864.0000000000
11616 -861.0000000000
11672 -858.0000000000
11727 -857.0000000000
11755 -856.0000000000
11781 -855.0000000000
11821 -853.0000000000
11835 -852.0000000000
11846 -851.0000000000
11848 -850.0000000000
11878 -848.0000000000
11902 -847.0000000000
11914 -846.0000000000
11931 -844.0000000000
11984 -843.0000000000
11992 -841.0000000000
12047 -840.0000000000
12068 -837.0000000000
12094 -836.0000000000
12138 -834.0000000000
12162 -833.0000000000
12184 -832.0000000000
12222 -831.0000000000
12231 -829.0000000000
12293 -828.0000000000
12324 -827.0000000000
12343 -826.0000000000
12366 -824.0000000000
12404 -821.0000000000
12462 -820.0000000000
12468 -818.0000000000
12494 -816.0000000000
12504 -815.0000000000
12526 -814.0000000000
12593 -813.0000000000
12602 -812.0000000000
12622 -811.0000000000
12639 -810.0000000000
12666 -808.0000000000
12703 -807.0000000000
12749 -806.0000000000
12766 -805.0000000000
12777 -804.0000000000
12783 -803.0000000000
12808 -802.0000000000
12824 -801.0000000000
12862 -800.0000000000
12892 -799.0000000000
12902 -797.0000000000
12934 -793.0000000000
12958 -792.0000000000
13050 -791.0000000000
13071 -789.0000000000
13094 -787.0000000000
13165 -786.0000000000
13177 -785.0000000000
13179 -784.0000000000
13217 -782.0000000000
13254 -780.0000000000
13315 -777.0000000000
13328 -776.0000000000
13355 -775.0000000000
13366 -774.0000000000
13388 -773.0000000000
13409 -772.0000000000
13423 -771.0000000000
13460 -770.0000000000
13467 -769.0000000000
13468 -765.0000000000
13539 -764.0000000000
13549 -763.0000000000
13554 -762.0000000000
13587 -761.0000000000
13600 -759.0000000000
13641 -757.0000000000
13662 -756.0000000000
13692 -755.0000000000
13741 -752.0000000000
13802 -751.0000000000
13811 -749.0000000000
13846 -746.0000000000
13893 -744.0000000000
13952 -741.0000000000
13967 -739.0000000000
14043 -736.0000000000
14071 -735.0000000000
14084 -734.0000000000
14106 -733.0000000000
14122 -732.0000000000
14160 -731.0000000000
14181 -730.0000000000
14223 -728.0000000000
14224 -727.0000000000
14241 -725.0000000000
14297 -721.0000000000
14332 -719.0000000000
14363 -718.0000000000
14365 -715.0000000000
14408 -714.0000000000
14419 -713.0000000000
14430 -710.0000000000
14482 -709.0000000000
14516 -708.0000000000
14521 -707.0000000000
14544 -705.0000000000
14580 -702.0000000000
14643 -701.0000000000
14649 -700.0000000000
14709 -699.0000000000
14731 -697.0000000000
14763 -696.0000000000
14829 -695.0000000000
14831 -694.0000000000
14868 -692.0000000000
14915 -690.0000000000
14942 -688.0000000000
15003 -687.0000000000
15019 -686.0000000000
15052 -685.0000000000
15091 -683.0000000000
15154 -682.0000000000
15200 -681.0000000000
15228 -680.0000000000
15246 -679.0000000000
15301 -678.0000000000
15306 -677.0000000000
15338 -675.0000000000
15383 -673.0000000000
15425 -672.0000000000
15462 -671.0000000000
15467 -670.0000000000
15501 -668.0000000000
15506 -667.0000000000
15555 -665.0000000000
15610 -664.0000000000
15623 -663.0000000000
15708 -660.0000000000
15759 -659.0000000000
15762 -657.0000000000
15783 -656.0000000000
15826 -655.0000000000
15861 -654.0000000000
15901 -652.0000000000
15943 -650.0000000000
15946 -649.0000000000
15982 -648.0000000000
16030 -646.0000000000
16061 -645.0000000000
16114 -644.0000000000
16122 -642.0000000000
16164 -641.0000000000
16166 -640.0000000000
16203 -638.0000000000
16234 -637.0000000000
16256 -636.0000000000
16306 -635.0000000000
16313 -634.0000000000
16387 -632.0000000000
16408 -631.0000000000
16437 -627.0000000000
16550 -626.0000000000
16561 -625.0000000000
16596 -623.0000000000
16646 -621.0000000000
16688 -620.0000000000
16707 -619.0000000000
16721 -618.0000000000
16775 -616.0000000000
16841 -615.0000000000
16850 -614.0000000000
16868 -612.0000000000
16902 -611.0000000000
16916 -610.0000000000
16928 -609.0000000000
16961 -608.0000000000
17025 -607.0000000000
17042 -606.0000000000
17072 -604.0000000000
17075 -601.0000000000
17196 -599.0000000000
17203 -598.0000000000
17255 -597.0000000000
17257 -595.0000000000
17298 -593.0000000000
17323 -592.0000000000
17377 -591.0000000000
17389 -590.0000000000
17401 -589.0000000000
17404 -588.0000000000
17427 -587.0000000000
17462 -586.0000000000
17476 -583.0000000000
17481 -582.0000000000
17567 -581.0000000000
17587 -580.0000000000
17588 -579.0000000000
17623 -578.0000000000
17642 -574.0000000000
17682 -573.0000000000
17696 -571.0000000000
17718 -570.0000000000
17747 -569.0000000000
17762 -568.0000000000
17768 -567.0000000000
17823 -565.0000000000
17865 -563.0000000000
17888 -562.0000000000
17902 -561.0000000000
17941 -558.0000000000
18010 -556.0000000000
18026 -554.0000000000
18102 -553.0000000000
18116 -552.0000000000
18140 -551.0000000000
18171 -549.0000000000
18241 -547.0000000000
18253 -546.0000000000
18306 -544.0000000000
18341 -543.0000000000
18353 -542.0000000000
18382 -541.0000000000
18386 -540.0000000000
18401 -539.0000000000
18416 -538.0000000000
18441 -537.0000000000
18463 -536.0000000000
18494 -535.0000000000
18529 -534.0000000000
18557 -532.0000000000
18596 -531.0000000000
18607 -530.0000000000
18625 -529.0000000000
18649 -528.0000000000
18670 -527.0000000000
18709 -526.0000000000
18734 -525.0000000000
18780 -523.0000000000
18887 -522.0000000000
18901 -521.0000000000
18925 -520.0000000000
18966 -519.0000000000
19000 -518.0000000000
19033 -515.0000000000
19117 -513.0000000000
19148 -512.0000000000
19183 -510.0000000000
19261 -509.0000000000
19265 -508.0000000000
19301 -506.0000000000
19325 -505.0000000000
19373 -503.0000000000
19409 -502.0000000000
19442 -501.0000000000
19502 -500.0000000000
19526 -499.0000000000
19584 -498.0000000000
19616 -497.0000000000
19648 -496.0000000000
19687 -495.0000000000
19710 -494.0000000000
19747 -493.0000000000
19794 -492.0000000000
19825 -491.0000000000
19826 -489.0000000000
19897 -488.0000000000
19920 -487.0000000000
19953 -485.0000000000
20016 -484.0000000000
20045 -483.0000000000
20057 -482.0000000000
20071 -481.0000000000
20111 -479.0000000000
20200 -478.0000000000
20240 -475.0000000000
20318 -474.0000000000
20322 -472.0000000000
20406 -470.0000000000
20460 -469.0000000000
20505 -468.0000000000
20532 -467.0000000000
20603 -466.0000000000
20634 -464.0000000000
20699 -463.0000000000
20756 -460.0000000000
20861 -458.0000000000
20943 -456.0000000000
20959 -455.0000000000
21018 -454.0000000000
21027 -453.0000000000
21065 -452.0000000000
21081 -451.0000000000
21108 -450.0000000000
21161 -449.0000000000
21185 -448.0000000000
21230 -446.0000000000
21258 -445.0000000000
21274 -444.0000000000
21338 -442.0000000000
21362 -440.0000000000
21404 -439.0000000000
21446 -438.0000000000
21526 -437.0000000000
21538 -436.0000000000
21565 -434.0000000000
21597 -433.0000000000
21709 -432.0000000000
21736 -431.0000000000
21744 -428.0000000000
21802 -427.0000000000
21854 -426.0000000000
21871 -425.0000000000
21900 -424.0000000000
21907 -423.0000000000
21910 -422.0000000000
21962 -421.0000000000
22013 -419.0000000000
22035 -418.0000000000
22095 -416.0000000000
22115 -415.0000000000
22175 -414.0000000000
22203 -413.0000000000
22237 -412.0000000000
22243 -410.0000000000
22296 -409.0000000000
22339 -408.0000000000
22347 -407.0000000000
22389 -405.0000000000
22427 -404.0000000000
22454 -403.0000000000
22497 -402.0000000000
22524 -400.0000000000
22567 -399.0000000000
22588 -398.0000000000
22623 -396.0000000000
22662 -395.0000000000
22685 -394.0000000000
22715 -390.0000000000
22805 -389.0000000000
22824 -388.0000000000
22866 -387.0000000000
22870 -386.0000000000
22899 -385.0000000000
22907 -383.0000000000
22983 -381.0000000000
23054 -379.0000000000
23086 -378.0000000000
23139 -377.0000000000
23140 -375.0000000000
23225 -374.0000000000
23255 -372.0000000000
23313 -371.0000000000
23319 -370.0000000000
23343 -369.0000000000
23456 -368.0000000000
23462 -366.0000000000
23533 -364.0000000000
23569 -363.0000000000
23629 -362.0000000000
23726 -361.0000000000
23771 -360.0000000000
23794 -358.0000000000
23820 -357.0000000000
23879 -355.0000000000
23907 -354.0000000000
23944 -353.0000000000
24008 -352.0000000000
24034 -351.0000000000
24063 -350.0000000000
24101 -349.0000000000
24151 -348.0000000000
24173 -347.0000000000
24211 -344.0000000000
24310 -342.0000000000
24319 -341.0000000000
24333 -339.0000000000
24423 -338.0000000000
24449 -337.0000000000
24501 -335.0000000000
24555 -334.0000000000
24605 -333.0000000000
24637 -331.0000000000
24695 -330.0000000000
24718 -329.0000000000
24724 -328.0000000000
24747 -327.0000000000
24814 -326.0000000000
24826 -324.0000000000
24942 -322.0000000000
25038 -321.0000000000
25049 -320.0000000000
25108 -319.0000000000
25128 -318.0000000000
25148 -317.0000000000
25224 -316.0000000000
25244 -315.0000000000
25303 -314.0000000000
25343 -313.0000000000
25368 -312.0000000000
25448 -310.0000000000
25494 -309.0000000000
25607 -308.0000000000
25653 -307.0000000000
25679 -305.0000000000
25808 -304.0000000000
25821 -303.0000000000
25871 -302.0000000000
25884 -301.0000000000
25933 -299.0000000000
25968 -298.0000000000
26004 -297.0000000000
26022 -296.0000000000
26077 -295.0000000000
26116 -292.0000000000
26255 -290.0000000000
26308 -287.0000000000
26432 -286.0000000000
26461 -285.0000000000
26521 -282.0000000000
26569 -281.0000000000
26669 -279.0000000000
26718 -278.0000000000
26789 -276.0000000000
26871 -275.0000000000
26873 -274.0000000000
26953 -273.0000000000
27024 -272.0000000000
27095 -271.0000000000
27149 -270.0000000000
27195 -269.0000000000
27222 -268.0000000000
27244 -267.0000000000
27329 -266.0000000000
27330 -265.0000000000
27461 -264.0000000000
27514 -263.0000000000
27579 -261.0000000000
27620 -260.0000000000
27686 -259.0000000000
27792 -257.0000000000
27884 -256.0000000000
27954 -255.0000000000
27995 -254.0000000000
28075 -253.0000000000
28125 -252.0000000000
28169 -251.0000000000
28171 -250.0000000000
28224 -249.0000000000
28299 -248.0000000000
28354 -247.0000000000
28381 -245.0000000000
28495 -244.0000000000
28546 -243.0000000000
28561 -241.0000000000
28691 -239.0000000000
28763 -237.0000000000
28854 -235.0000000000
28926 -234.0000000000
28940 -233.0000000000
28994 -232.0000000000
29040 -230.0000000000
29131 -229.0000000000
29169 -228.0000000000
29233 -226.0000000000
29311 -225.0000000000
29336 -224.0000000000
29364 -223.0000000000
29441 -222.0000000000
29473 -221.0000000000
29506 -220.0000000000
29597 -219.0000000000
29651 -218.0000000000
29722 -217.0000000000
29773 -216.0000000000
29788 -215.0000000000
29856 -214.0000000000
29864 -213.0000000000
29927 -212.0000000000
29952 -211.0000000000
29976 -210.0000000000
29983 -208.0000000000
30084 -207.0000000000
30161 -206.0000000000
30194 -205.0000000000
30270 -204.0000000000
30361 -202.0000000000
30381 -201.0000000000
30533 -200.0000000000
30616 -199.0000000000
30649 -198.0000000000
30688 -197.0000000000
30727 -196.0000000000
30752 -195.0000000000
30827 -194.0000000000
30842 -193.0000000000
30869 -192.0000000000
30921 -191.0000000000
30978 -189.0000000000
31015 -188.0000000000
31081 -186.0000000000
31150 -184.0000000000
31230 -182.0000000000
31301 -181.0000000000
31350 -180.0000000000
31397 -179.0000000000
31410 -178.0000000000
31474 -176.0000000000
31545 -174.0000000000
31612 -173.0000000000
31631 -172.0000000000
31703 -171.0000000000
31719 -170.0000000000
31814 -169.0000000000
31841 -168.0000000000
31883 -167.0000000000
31901 -166.0000000000
31943 -165.0000000000
32041 -164.0000000000
32117 -163.0000000000
32157 -161.0000000000
32206 -160.0000000000
32272 -159.0000000000
32323 -158.0000000000
32375 -157.0000000000
32387 -156.0000000000
32471 -155.0000000000
32563 -154.0000000000
32647 -153.0000000000
32698 -152.0000000000
32764 -151.0000000000
32782 -150.0000000000
32881 -149.0000000000
32946 -148.0000000000
33016 -147.0000000000
33115 -146.0000000000
33129 -145.0000000000
33144 -144.0000000000
33317 -143.0000000000
33350 -141.0000000000
33406 -140.0000000000
33510 -139.0000000000
33543 -138.0000000000
33607 -137.0000000000
33678 -135.0000000000
33776 -134.0000000000
33797 -133.0000000000
33900 -132.0000000000
33902 -131.0000000000
34019 -130.0000000000
34109 -128.0000000000
34213 -127.0000000000
34222 -126.0000000000
34429 -125.0000000000
34543 -124.0000000000
34650 -123.0000000000
34707 -122.0000000000
34744 -121.0000000000
34818 -120.0000000000
34846 -119.0000000000
34902 -118.0000000000
34962 -117.0000000000
35011 -116.0000000000
35024 -115.0000000000
35059 -113.0000000000
35279 -112.0000000000
35288 -111.0000000000
35357 -110.0000000000
35384 -109.0000000000
35504 -108.0000000000
35557 -107.0000000000
35609 -106.0000000000
35631 -105.0000000000
35714 -104.0000000000
35755 -103.0000000000
35850 -101.0000000000
35916 -100.0000000000
35954 -99.0000000000
36018 -98.0000000000
36071 -96.0000000000
36087 -95.0000000000
36147 -94.0000000000
36195 -93.0000000000
36252 -92.0000000000
36292 -91.0000000000
36342 -90.0000000000
36398 -89.0000000000
36465 -88.0000000000
36580 -87.0000000000
36601 -86.0000000000
36624 -85.0000000000
36627 -84.0000000000
36697 -83.0000000000
36726 -82.0000000000
36837 -81.0000000000
36960 -80.0000000000
36988 -78.0000000000
37169 -77.0000000000
37256 -76.0000000000
37324 -75.0000000000
37486 -74.0000000000
37652 -73.0000000000
37852 -72.0000000000
37950 -71.0000000000
38124 -70.0000000000
38204 -69.0000000000
38272 -68.0000000000
38354 -67.0000000000
38403 -66.0000000000
38495 -65.0000000000
38546 -64.0000000000
38863 -63.0000000000
38904 -62.0000000000
38964 -61.0000000000
39050 -60.0000000000
39167 -59.0000000000
39316 -57.0000000000
39427 -56.0000000000
39464 -55.0000000000
39500 -54.0000000000
39554 -53.0000000000
39653 -52.0000000000
39782 -51.0000000000
39870 -50.0000000000
39924 -49.0000000000
39950 -48.0000000000
40105 -47.0000000000
40142 -46.0000000000
40218 -45.0000000000
40314 -44.0000000000
40453 -43.0000000000
40629 -42.0000000000
40731 -41.0000000000
40851 -40.0000000000
40973 -39.0000000000
41069 -38.0000000000
41295 -37.0000000000
41467 -36.0000000000
41582 -35.0000000000
41644 -34.0000000000
41795 -33.0000000000
41979 -32.0000000000
42087 -31.0000000000
42401 -30.0000000000
42488 -29.0000000000
42663 -28.0000000000
42824 -27.0000000000
42899 -26.0000000000
43001 -25.0000000000
43105 -24.0000000000
43133 -23.0000000000
43229 -22.0000000000
43315 -21.0000000000
43374 -20.0000000000
43487 -19.0000000000
43682 -18.0000000000
43926 -17.0000000000
44080 -16.0000000000
44691 -15.0000000000
44894 -14.0000000000
45139 -13.0000000000
45590 -12.0000000000
45806 -11.0000000000
45907 -10.0000000000
46204 -9.0000000000
46522 -8.0000000000
46849 -7.0000000000
46985 -6.0000000000
47251 -5.0000000000
47285 -4.0000000000
47371 -3.0000000000
47510 -2.0000000000
47563 -1.0000000000
47648 340.8600000000
47741 344.2800000000
47847 344.3400000000
47950 348.9000000000
48050 355.5900000000
49067 366.2200000000
50503 369.9800000000
52485 373.6400000000
53430 390.1500000000
55714 422.4300000000
55748 424.7800000000
55967 426.2600000000
56000 428.9400000000
56101 429.5000000000
56140 445.5900000000
56405 448.5200000000
58349 528.0300000000
58379 531.8200000000
58396 534.2500000000
58549 537.3800000000
58562 566.8900000000
58823 568.8700000000
58914 570.8600000000
59148 571.3800000000
59172 578.1100000000
60380 578.5800000000
62778 581.2600000000
66277 582.4400000000
69697 587.4700000000
81757 588.2300000000
82552 590.3800000000
83534 607.5200000000
83565 611.6300000000
100000 556.7700000000
evaluations raw_y
1 -2011.0000000000
3 -1962.0000000000
4 -1899.0000000000
36 -1885.0000000000
62 -1878.0000000000
74 -1871.0000000000
110 -1838.0000000000
132 -1828.0000000000
144 -1821.0000000000
186 -1817.0000000000
204 -1816.0000000000
207 -1809.0000000000
213 -1808.0000000000
215 -1805.0000000000
222 -1798.0000000000
229 -1794.0000000000
254 -1788.0000000000
256 -1779.0000000000
265 -1778.0000000000
269 -1764.0000000000
308 -1759.0000000000
313 -1755.0000000000
328 -1743.0000000000
364 -1740.0000000000
365 -1737.0000000000
376 -1729.0000000000
382 -1725.0000000000
404 -1722.0000000000
422 -1720.0000000000
431 -1710.0000000000
441 -1697.0000000000
483 -1679.0000000000
525 -1668.0000000000
530 -1666.0000000000
550 -1661.0000000000
556 -1660.0000000000
573 -1657.0000000000
575 -1654.0000000000
585 -1652.0000000000
595 -1645.0000000000
624 -1641.0000000000
647 -1640.0000000000
648 -1630.0000000000
688 -1629.0000000000
716 -1624.0000000000
721 -1622.0000000000
742 -1613.0000000000
779 -1609.0000000000
817 -1605.0000000000
826 -1604.0000000000
835 -1602.0000000000
851 -1601.0000000000
861 -1598.0000000000
887 -1593.0000000000
893 -1591.0000000000
901 -1589.0000000000
909 -1586.0000000000
964 -1585.0000000000
966 -1584.0000000000
972 -1582.0000000000
979 -1581.0000000000
983 -1575.0000000000
1017 -1572.0000000000
1021 -1563.0000000000
1081 -1559.0000000000
1104 -1556.0000000000
1109 -1555.0000000000
1144 -1554.0000000000
1148 -1551.0000000000
1163 -1549.0000000000
1205 -1544.0000000000
1229 -1541.0000000000
1292 -1540.0000000000
1341 -1539.0000000000
1346 -1538.0000000000
1349 -1537.0000000000
1355 -1536.0000000000
1358 -1535.0000000000
1365 -1534.0000000000
1395 -1533.0000000000
1402 -1530.0000000000
1447 -1528.0000000000
1472 -1527.0000000000
1493 -1526.0000000000
1510 -1525.0000000000
1526 -1523.0000000000
1529 -1521.0000000000
1553 -1520.0000000000
1561 -1518.0000000000
1577 -1516.0000000000
1626 -1515.0000000000
1641 -1514.0000000000
1660 -1511.0000000000
1700 -1510.0000000000
1718 -1509.0000000000
1723 -1508.0000000000
1738 -1507.0000000000
1765 -1504.0000000000
1787 -1503.0000000000
1805 -1502.0000000000
1836 -1501.0000000000
1855 -1500.0000000000
1866 -1498.0000000000
1872 -1497.0000000000
1881 -1496.0000000000
1903 -1493.0000000000
1915 -1490.0000000000
1972 -1488.0000000000
1989 -1487.0000000000
2005 -1485.0000000000
2030 -1482.0000000000
2069 -1477.0000000000
2123 -1475.0000000000
2171 -1470.0000000000
2199 -1468.0000000000
2261 -1467.0000000000
2267 -1464.0000000000
2284 -1462.0000000000
2317 -1461.0000000000
2321 -1460.0000000000
2323 -1459.0000000000
2390 -1458.0000000000
2394 -1457.0000000000
2396 -1456.0000000000
2402 -1454.0000000000
2424 -1453.0000000000
2447 -1452.0000000000
2462 -1450.0000000000
2508 -1448.0000000000
2533 -1447.0000000000
2544 -1446.0000000000
2557 -1445.0000000000
2574 -1444.0000000000
2600 -1442.0000000000
2622 -1438.0000000000
2692 -1437.0000000000
2712 -1435.0000000000
2721 -1434.0000000000
2743 -1431.0000000000
2803 -1430.0000000000
2816 -1429.0000000000
2823 -1427.0000000000
2836 -1423.0000000000
2851 -1422.0000000000
2911 -1419.0000000000
2931 -1416.0000000000
2981 -1415.0000000000
2998 -1413.0000000000
3030 -1411.0000000000
3063 -1410.0000000000
3076 -1409.0000000000
3082 -1408.0000000000
3098 -1407.0000000000
3101 -1406.0000000000
3115 -1404.0000000000
3141 -1402.0000000000
3173 -1401.0000000000
3206 -1399.0000000000
3223 -1398.0000000000
3253 -1397.0000000000
3272 -1396.0000000000
3302 -1394.0000000000
3324 -1393.0000000000
3339 -1392.0000000000
3341 -1391.0000000000
3367 -1390.0000000000
3375 -1389.0000000000
3403 -1388.0000000000
3410 -1387.0000000000
3420 -1385.0000000000
3451 -1382.0000000000
3497 -1381.0000000000
3517 -1379.0000000000
3524 -1377.0000000000
3563 -1376.0000000000
3572 -1372.0000000000
3647 -1370.0000000000
3653 -1367.0000000000
3687 -1366.0000000000
3724 -1365.0000000000
3730 -1363.0000000000
3743 -1361.0000000000
3775 -1359.0000000000
3786 -1358.0000000000
3839 -1356.0000000000
3854 -1355.0000000000
3861 -1353.0000000000
3883 -1350.0000000000
3951 -1349.0000000000
3956 -1348.0000000000
4002 -1347.0000000000
4010 -1346.0000000000
4021 -1344.0000000000
4047 -1343.0000000000
4058 -1342.0000000000
4093 -1338.0000000000
4148 -1337.0000000000
4157 -1333.0000000000
4186 -1332.0000000000
4214 -1328.0000000000
4248 -1327.0000000000
4268 -1326.0000000000
4310 -1323.0000000000
4315 -1322.0000000000
4350 -1320.0000000000
4385 -1317.0000000000
4438 -1316.0000000000
4443 -1314.0000000000
4489 -1313.0000000000
4511 -1312.0000000000
4530 -1311.0000000000
4537 -1308.0000000000
4555 -1307.0000000000
4575 -1306.0000000000
4582 -1304.0000000000
4623 -1303.0000000000
4641 -1302.0000000000
4663 -1301.0000000000
4668 -1300.0000000000
4692 -1299.0000000000
4734 -1298.0000000000
4735 -1294.0000000000
4790 -1293.0000000000
4826 -1291.0000000000
4834 -1290.0000000000
4871 -1288.0000000000
4895 -1287.0000000000
4910 -1286.0000000000
4946 -1285.0000000000
4965 -1282.0000000000
4987 -1280.0000000000
5025 -1279.0000000000
5062 -1276.0000000000
5103 -1275.0000000000
5109 -1274.0000000000
5127 -1271.0000000000
5179 -1269.0000000000
5206 -1268.0000000000
5213 -1266.0000000000
5243 -1263.0000000000
5286 -1260.0000000000
5324 -1257.0000000000
5352 -1255.0000000000
5368 -1254.0000000000
5373 -1253.0000000000
5402 -1252.0000000000
5409 -1251.0000000000
5449 -1249.0000000000
5487 -1248.0000000000
5525 -1245.0000000000
5546 -1243.0000000000
5581 -1236.0000000000
5699 -1230.0000000000
5755 -1228.0000000000
5777 -1227.0000000000
5801 -1224.0000000000
5852 -1223.0000000000
5863 -1221.0000000000
5892 -1220.0000000000
5905 -1218.0000000000
5924 -1215.0000000000
5990 -1214.0000000000
6014 -1213.0000000000
6026 -1212.0000000000
6061 -1211.0000000000
6100 -1208.0000000000
6141 -1207.0000000000
6176 -1205.0000000000
6181 -1204.0000000000
6191 -1200.0000000000
6250 -1199.0000000000
6267 -1196.0000000000
6290 -1195.0000000000
6314 -1194.0000000000
6371 -1193.0000000000
6383 -1192.0000000000
6422 -1189.0000000000
6427 -1188.0000000000
6474 -1186.0000000000
6490 -1182.0000000000
6526 -1181.0000000000
6535 -1180.0000000000
6562 -1179.0000000000
6571 -1177.0000000000
6614 -1175.0000000000
6621 -1173.0000000000
6656 -1171.0000000000
6729 -1169.0000000000
6770 -1166.0000000000
6810 -1165.0000000000
6812 -1164.0000000000
6848 -1163.0000000000
6860 -1162.0000000000
6883 -1161.0000000000
6902 -1160.0000000000
6934 -1159.0000000000
6950 -1158.0000000000
6970 -1157.0000000000
6990 -1154.0000000000
7049 -1153.0000000000
7072 -1152.0000000000
7086 -1150.0000000000
7123 -1149.0000000000
7150 -1148.0000000000
7163 -1147.0000000000
7206 -1146.0000000000
7221 -1145.0000000000
7246 -1142.0000000000
7285 -1141.0000000000
7333 -1139.0000000000
7349 -1138.0000000000
7390 -1137.0000000000
7395 -1134.0000000000
7412 -1133.0000000000
7455 -1131.0000000000
7461 -1130.0000000000
7486 -1129.0000000000
7508 -1127.0000000000
7526 -1126.0000000000
7580 -1125.0000000000
7597 -1123.0000000000
7605 -1121.0000000000
7619 -1120.0000000000
7629 -1119.0000000000
7644 -1118.0000000000
7692 -1117.0000000000
7720 -1115.0000000000
7753 -1114.0000000000
7757 -1113.0000000000
7769 -1112.0000000000
7804 -1110.0000000000
7828 -1109.0000000000
7835 -1108.0000000000
7857 -1106.0000000000
7900 -1104.0000000000
7915 -1103.0000000000
7936 -1100.0000000000
7973 -1098.0000000000
7998 -1096.0000000000
8023 -1095.0000000000
8063 -1091.0000000000
8101 -1090.0000000000
8133 -1088.0000000000
8173 -1084.0000000000
8212 -1081.0000000000
8262 -1080.0000000000
8274 -1079.0000000000
8293 -1075.0000000000
8310 -1074.0000000000
8393 -1073.0000000000
8425 -1071.0000000000
8449 -1070.0000000000
8468 -1067.0000000000
8502 -1066.0000000000
8547 -1064.0000000000
8568 -1063.0000000000
8593 -1060.0000000000
8626 -1059.0000000000
8671 -1057.0000000000
8691 -1056.0000000000
8725 -1055.0000000000
8730 -1053.0000000000
8782 -1051.0000000000
8802 -1050.0000000000
8828 -1046.0000000000
8872 -1045.0000000000
8882 -1044.0000000000
8911 -1042.0000000000
8941 -1041.0000000000
8944 -1040.0000000000
8987 -1036.0000000000
9040 -1032.0000000000
9115 -1029.0000000000
9164 -1026.0000000000
9187 -1025.0000000000
9201 -1024.0000000000
9256 -1023.0000000000
9282 -1020.0000000000
9331 -1019.0000000000
9347 -1016.0000000000
9387 -1015.0000000000
9417 -1014.0000000000
9452 -1013.0000000000
9468 -1011.0000000000
9505 -1010.0000000000
9523 -1008.0000000000
9574 -1006.0000000000
9582 -1005.0000000000
9601 -1004.0000000000
9625 -1002.0000000000
9669 -1001.0000000000
9716 -1000.0000000000
9723 -999.0000000000
9730 -997.0000000000
9781 -996.0000000000
9786 -994.0000000000
9805 -991.0000000000
9876 -990.0000000000
9880 -989.0000000000
9890 -986.0000000000
9930 -985.0000000000
9975 -984.0000000000
9984 -982.0000000000
10018 -981.0000000000
10044 -979.0000000000
10083 -978.0000000000
10133 -977.0000000000
10140 -975.0000000000
10154 -974.0000000000
10170 -972.0000000000
10209 -971.0000000000
10246 -970.0000000000
10311 -967.0000000000
10324 -965.0000000000
10363 -963.0000000000
10383 -960.0000000000
10437 -959.0000000000
10479 -958.0000000000
10484 -957.0000000000
10507 -955.0000000000
10525 -954.0000000000
10541 -953.0000000000
10570 -952.0000000000
10583 -951.0000000000
10605 -949.0000000000
10613 -947.0000000000
10645 -945.0000000000
10667 -944.0000000000
10706 -943.0000000000
10741 -942.0000000000
10780 -941.0000000000
10804 -940.0000000000
10824 -939.0000000000
10857 -937.0000000000
10911 -936.0000000000
10920 -933.0000000000
10964 -932.0000000000
10991 -931.0000000000
11017 -930.0000000000
11025 -929.0000000000
11059 -927.0000000000
11104 -926.0000000000
11161 -925.0000000000
11184 -924.0000000000
11203 -922.0000000000
11223 -920.0000000000
11266 -919.0000000000
11280 -918.0000000000
11288 -915.0000000000
11343 -914.0000000000
11364 -911.0000000000
11393 -910.0000000000
11427 -909.0000000000
11442 -908.0000000000
11468 -907.0000000000
11491 -906.0000000000
11521 -903.0000000000
11543 -900.0000000000
11668 -899.0000000000
11673 -897.0000000000
11681 -896.0000000000
11727 -895.0000000000
11747 -892.0000000000
11788 -891.0000000000
11809 -890.0000000000
11832 -887.0000000000
11896 -886.0000000000
11901 -885.0000000000
11959 -884.0000000000
11962 -883.0000000000
11997 -882.0000000000
12029 -881.0000000000
12082 -880.0000000000
12102 -879.0000000000
12115 -878.0000000000
12131 -877.0000000000
12141 -875.0000000000
12222 -874.0000000000
12242 -873.0000000000
12261 -872.0000000000
12275 -869.0000000000
12331 -866.0000000000
12334 -865.0000000000
12342 -864.0000000000
12402 -863.0000000000
12447 -861.0000000000
12485 -860.0000000000
12490 -859.0000000000
12511 -858.0000000000
12566 -857.0000000000
12570 -856.0000000000
12574 -855.0000000000
12601 -852.0000000000
12666 -850.0000000000
12700 -849.0000000000
12753 -848.0000000000
12764 -847.0000000000
12781 -846.0000000000
12789 -845.0000000000
12810 -843.0000000000
12825 -840.0000000000
12921 -837.0000000000
12963 -836.0000000000
12964 -835.0000000000
13018 -834.0000000000
13031 -833.0000000000
13081 -832.0000000000
13108 -831.0000000000
13136 -828.0000000000
13176 -826.0000000000
13200 -825.0000000000
13205 -823.0000000000
13277 -820.0000000000
13331 -818.0000000000
13394 -814.0000000000
13457 -813.0000000000
13466 -812.0000000000
13479 -811.0000000000
13501 -809.0000000000
13521 -807.0000000000
13605 -806.0000000000
13622 -803.0000000000
13668 -801.0000000000
13689 -799.0000000000
13750 -798.0000000000
13756 -797.0000000000
13778 -796.0000000000
13809 -795.0000000000
13827 -794.0000000000
13852 -793.0000000000
13865 -791.0000000000
13924 -790.0000000000
13943 -787.0000000000
13982 -785.0000000000
14022 -783.0000000000
14044 -782.0000000000
14092 -780.0000000000
14142 -778.0000000000
14163 -777.0000000000
14214 -776.0000000000
14224 -775.0000000000
14250 -773.0000000000
14331 -772.0000000000
14345 -771.0000000000
14353 -769.0000000000
14393 -768.0000000000
14448 -767.0000000000
14463 -765.0000000000
14482 -764.0000000000
14502 -763.0000000000
14508 -761.0000000000
14604 -760.0000000000
14615 -759.0000000000
14677 -758.0000000000
14682 -755.0000000000
14753 -754.0000000000
14770 -753.0000000000
14806 -751.0000000000
14854 -750.0000000000
14885 -746.0000000000
14932 -745.0000000000
14966 -744.0000000000
14996 -743.0000000000
15003 -742.0000000000
15065 -741.0000000000
15066 -739.0000000000
15101 -737.0000000000
15102 -736.0000000000
15113 -735.0000000000
15187 -734.0000000000
15210 -732.0000000000
15217 -730.0000000000
15271 -728.0000000000
15300 -723.0000000000
15393 -721.0000000000
15420 -720.0000000000
15445 -719.0000000000
15455 -718.0000000000
15495 -717.0000000000
15509 -716.0000000000
15547 -715.0000000000
15568 -714.0000000000
15585 -712.0000000000
15629 -709.0000000000
15660 -708.0000000000
15683 -707.0000000000
15730 -706.0000000000
15734 -704.0000000000
15756 -703.0000000000
15808 -701.0000000000
15911 -698.0000000000
15989 -697.0000000000
16005 -696.0000000000
16026 -695.0000000000
16066 -694.0000000000
16074 -693.0000000000
16084 -692.0000000000
16159 -690.0000000000
16218 -689.0000000000
16224 -687.0000000000
16297 -686.0000000000
16314 -685.0000000000
16347 -684.0000000000
16350 -682.0000000000
16384 -680.0000000000
16445 -679.0000000000
16475 -677.0000000000
16501 -676.0000000000
16535 -675.0000000000
16549 -674.0000000000
16606 -672.0000000000
16617 -670.0000000000
16624 -669.0000000000
16666 -668.0000000000
16701 -666.0000000000
16702 -665.0000000000
16726 -662.0000000000
16804 -661.0000000000
16835 -660.0000000000
16853 -658.0000000000
16881 -656.0000000000
16936 -654.0000000000
17017 -652.0000000000
17055 -651.0000000000
17058 -650.0000000000
17124 -649.0000000000
17149 -648.0000000000
17174 -643.0000000000
17244 -642.0000000000
17253 -641.0000000000
17265 -640.0000000000
17311 -638.0000000000
17325 -637.0000000000
17367 -635.0000000000
17418 -634.0000000000
17427 -631.0000000000
17492 -630.0000000000
17508 -629.0000000000
17524 -626.0000000000
17587 -625.0000000000
17618 -624.0000000000
17637 -621.0000000000
17717 -620.0000000000
17729 -619.0000000000
17781 -618.0000000000
17783 -617.0000000000
17819 -616.0000000000
17837 -615.0000000000
17850 -614.0000000000
17882 -612.0000000000
17944 -611.0000000000
17965 -608.0000000000
18017 -607.0000000000
18104 -606.0000000000
18106 -605.0000000000
18141 -603.0000000000
18181 -600.0000000000
18266 -598.0000000000
18307 -597.0000000000
18334 -596.0000000000
18347 -595.0000000000
18387 -594.0000000000
18393 -593.0000000000
18403 -592.0000000000
18461 -590.0000000000
18508 -588.0000000000
18547 -586.0000000000
18623 -583.0000000000
18674 -582.0000000000
18699 -581.0000000000
18718 -579.0000000000
18772 -575.0000000000
18852 -574.0000000000
18855 -573.0000000000
18881 -572.0000000000
18883 -568.0000000000
18945 -566.0000000000
19021 -562.0000000000
19132 -561.0000000000
19183 -560.0000000000
19214 -559.0000000000
19251 -558.0000000000
19289 -556.0000000000
19343 -555.0000000000
19357 -554.0000000000
19365 -552.0000000000
19423 -551.0000000000
19472 -550.0000000000
19476 -549.0000000000
19547 -548.0000000000
19555 -547.0000000000
19582 -543.0000000000
19693 -541.0000000000
19766 -540.0000000000
19782 -539.0000000000
19795 -538.0000000000
19826 -537.0000000000
19873 -536.0000000000
19893 -535.0000000000
19921 -533.0000000000
19983 -532.0000000000
20002 -531.0000000000
20022 -530.0000000000
20061 -529.0000000000
20097 -528.0000000000
20136 -527.0000000000
20155 -526.0000000000
20174 -524.0000000000
20230 -522.0000000000
20305 -521.0000000000
20355 -520.0000000000
20368 -519.0000000000
20408 -518.0000000000
20422 -516.0000000000
20476 -514.0000000000
20568 -511.0000000000
20586 -510.0000000000
20627 -509.0000000000
20638 -508.0000000000
20644 -507.0000000000
20688 -505.0000000000
20714 -503.0000000000
20771 -501.0000000000
20852 -500.0000000000
20896 -499.0000000000
20925 -497.0000000000
20969 -495.0000000000
21014 -493.0000000000
21084 -492.0000000000
21085 -491.0000000000
21105 -490.0000000000
21161 -489.0000000000
21181 -488.0000000000
21267 -486.0000000000
21296 -485.0000000000
21339 -483.0000000000
21365 -482.0000000000
21418 -481.0000000000
21446 -480.0000000000
21468 -479.0000000000
21492 -478.0000000000
21550 -477.0000000000
21556 -474.0000000000
21643 -473.0000000000
21648 -471.0000000000
21702 -470.0000000000
21744 -469.0000000000
21781 -468.0000000000
21815 -466.0000000000
21865 -465.0000000000
21914 -464.0000000000
21988 -463.0000000000
22053 -462.0000000000
22088 -461.0000000000
22108 -458.0000000000
22171 -457.0000000000
22216 -456.0000000000
22289 -453.0000000000
22364 -452.0000000000
22370 -451.0000000000
22395 -450.0000000000
22409 -449.0000000000
22449 -448.0000000000
22463 -447.0000000000
22482 -446.0000000000
22510 -445.0000000000
22557 -444.0000000000
22600 -442.0000000000
22633 -441.0000000000
22661 -440.0000000000
22698 -438.0000000000
22752 -437.0000000000
22794 -434.0000000000
22865 -433.0000000000
22883 -432.0000000000
22941 -431.0000000000
22997 -430.0000000000
23033 -429.0000000000
23035 -428.0000000000
23078 -427.0000000000
23134 -425.0000000000
23179 -424.0000000000
23244 -423.0000000000
23297 -422.0000000000
23309 -420.0000000000
23375 -419.0000000000
23379 -417.0000000000
23446 -416.0000000000
23481 -415.0000000000
23515 -414.0000000000
23538 -411.0000000000
23606 -410.0000000000
23627 -409.0000000000
23693 -408.0000000000
23708 -405.0000000000
23801 -404.0000000000
23830 -403.0000000000
23882 -402.0000000000
23908 -401.0000000000
23943 -400.0000000000
24000 -399.0000000000
24017 -397.0000000000
24022 -396.0000000000
24115 -395.0000000000
24146 -393.0000000000
24223 -392.0000000000
24253 -391.0000000000
24293 -390.0000000000
24328 -389.0000000000
24361 -387.0000000000
24461 -386.0000000000
24462 -384.0000000000
24571 -383.0000000000
24587 -382.0000000000
24629 -381.0000000000
24656 -380.0000000000
24727 -379.0000000000
24744 -378.0000000000
24788 -376.0000000000
24836 -375.0000000000
24923 -373.0000000000
24987 -372.0000000000
25014 -371.0000000000
25022 -370.0000000000
25051 -369.0000000000
25124 -368.0000000000
25199 -367.0000000000
25223 -366.0000000000
25279 -365.0000000000
25309 -363.0000000000
25389 -362.0000000000
25458 -361.0000000000
25497 -359.0000000000
25602 -358.0000000000
25623 -357.0000000000
25681 -356.0000000000
25692 -355.0000000000
25718 -354.0000000000
25763 -353.0000000000
25789 -352.0000000000
25825 -351.0000000000
25874 -349.0000000000
25919 -348.0000000000
25993 -347.0000000000
26043 -345.0000000000
26135 -344.0000000000
26203 -343.0000000000
26253 -342.0000000000
26291 -340.0000000000
26336 -339.0000000000
26414 -338.0000000000
26416 -337.0000000000
26483 -336.0000000000
26485 -334.0000000000
26546 -332.0000000000
26602 -331.0000000000
26696 -330.0000000000
26704 -329.0000000000
26776 -328.0000000000
26785 -327.0000000000
26835 -326.0000000000
26912 -325.0000000000
26938 -324.0000000000
26960 -323.0000000000
27009 -321.0000000000
27092 -320.0000000000
27096 -319.0000000000
27151 -318.0000000000
27209 -317.0000000000
27248 -316.0000000000
27319 -315.0000000000
27374 -313.0000000000
27443 -312.0000000000
27481 -311.0000000000
27513 -310.0000000000
27541 -307.0000000000
27610 -305.0000000000
27643 -304.0000000000
27687 -303.0000000000
27735 -302.0000000000
27822 -300.0000000000
27882 -299.0000000000
28002 -297.0000000000
28076 -296.0000000000
28125 -295.0000000000
28176 -293.0000000000
28277 -291.0000000000
28346 -289.0000000000
28409 -288.0000000000
28424 -287.0000000000
28491 -286.0000000000
28554 -285.0000000000
28557 -284.0000000000
28581 -283.0000000000
28603 -282.0000000000
28724 -280.0000000000
28739 -279.0000000000
28776 -278.0000000000
28821 -277.0000000000
28858 -276.0000000000
28920 -275.0000000000
28969 -273.0000000000
28996 -272.0000000000
29064 -271.0000000000
29067 -270.0000000000
29149 -269.0000000000
29158 -268.0000000000
29189 -267.0000000000
29244 -266.0000000000
29275 -265.0000000000
29317 -264.0000000000
29361 -263.0000000000
29386 -261.0000000000
29501 -260.0000000000
29506 -259.0000000000
29533 -258.0000000000
29586 -257.0000000000
29646 -256.0000000000
29694 -255.0000000000
29769 -253.0000000000
29792 -252.0000000000
29867 -251.0000000000
29911 -250.0000000000
29998 -249.0000000000
30043 -248.0000000000
30078 -247.0000000000
30089 -246.0000000000
30184 -245.0000000000
30223 -244.0000000000
30288 -243.0000000000
30346 -242.0000000000
30382 -241.0000000000
30425 -240.0000000000
30436 -239.0000000000
30531 -238.0000000000
30541 -236.0000000000
30618 -235.0000000000
30655 -234.0000000000
30729 -233.0000000000
30820 -232.0000000000
30844 -231.0000000000
30900 -230.0000000000
30954 -229.0000000000
31001 -228.0000000000
31035 -227.0000000000
31071 -226.0000000000
31131 -225.0000000000
31141 -224.0000000000
31169 -223.0000000000
31173 -221.0000000000
31242 -220.0000000000
31294 -218.0000000000
31385 -217.0000000000
31407 -216.0000000000
31461 -215.0000000000
31478 -214.0000000000
31497 -213.0000000000
31575 -212.0000000000
31582 -210.0000000000
31710 -209.0000000000
31770 -208.0000000000
31819 -207.0000000000
31924 -205.0000000000
32019 -204.0000000000
32089 -203.0000000000
32125 -202.0000000000
32225 -201.0000000000
32273 -200.0000000000
32307 -199.0000000000
32414 -198.0000000000
32429 -197.0000000000
32514 -196.0000000000
32542 -195.0000000000
32603 -194.0000000000
32664 -193.0000000000
32731 -192.0000000000
32863 -191.0000000000
32902 -190.0000000000
32948 -189.0000000000
33004 -188.0000000000
33146 -187.0000000000
33246 -186.0000000000
33285 -185.0000000000
33362 -184.0000000000
33437 -183.0000000000
33453 -182.0000000000
33458 -181.0000000000
33507 -180.0000000000
33609 -179.0000000000
33642 -178.0000000000
33718 -177.0000000000
33766 -176.0000000000
33784 -175.0000000000
33816 -174.0000000000
33850 -173.0000000000
33888 -172.0000000000
33938 -171.0000000000
33974 -170.0000000000
34017 -169.0000000000
34040 -168.0000000000
34115 -167.0000000000
34155 -166.0000000000
34192 -165.0000000000
34288 -164.0000000000
34319 -163.0000000000
34398 -162.0000000000
34446 -161.0000000000
34516 -160.0000000000
34604 -159.0000000000
34683 -157.0000000000
34810 -156.0000000000
34877 -155.0000000000
34940 -154.0000000000
35009 -153.0000000000
35143 -152.0000000000
35222 -151.0000000000
35331 -150.0000000000
35368 -149.0000000000
35447 -148.0000000000
35461 -147.0000000000
35560 -146.0000000000
35598 -145.0000000000
35667 -144.0000000000
35725 -143.0000000000
35772 -142.0000000000
35828 -141.0000000000
35895 -140.0000000000
35900 -139.0000000000
36031 -138.0000000000
36087 -137.0000000000
36163 -136.0000000000
36222 -135.0000000000
36255 -134.0000000000
36332 -133.0000000000
36370 -132.0000000000
36442 -131.0000000000
36467 -130.0000000000
36562 -129.0000000000
36696 -128.0000000000
36726 -127.0000000000
36766 -125.0000000000
36873 -124.0000000000
36896 -122.0000000000
36967 -121.0000000000
36972 -119.0000000000
37033 -117.0000000000
37154 -115.0000000000
37188 -114.0000000000
37227 -113.0000000000
37297 -112.0000000000
37374 -111.0000000000
37434 -110.0000000000
37448 -109.0000000000
37499 -107.0000000000
37514 -106.0000000000
37615 -105.0000000000
37653 -104.0000000000
37661 -103.0000000000
37734 -102.0000000000
37833 -101.0000000000
37965 -100.0000000000
37975 -99.0000000000
38009 -97.0000000000
38163 -96.0000000000
38272 -95.0000000000
38340 -94.0000000000
38363 -93.0000000000
38410 -92.0000000000
38460 -91.0000000000
38467 -90.0000000000
38521 -89.0000000000
38589 -88.0000000000
38612 -87.0000000000
38681 -86.0000000000
38802 -85.0000000000
38842 -84.0000000000
38925 -83.0000000000
39003 -82.0000000000
39031 -81.0000000000
39264 -80.0000000000
39406 -79.0000000000
39439 -78.0000000000
39444 -77.0000000000
39571 -75.0000000000
39676 -74.0000000000
39734 -73.0000000000
39825 -72.0000000000
39942 -71.0000000000
39952 -70.0000000000
40069 -69.0000000000
40117 -68.0000000000
40286 -67.0000000000
40448 -66.0000000000
40481 -65.0000000000
40563 -64.0000000000
40689 -63.0000000000
40794 -62.0000000000
40947 -61.0000000000
41084 -60.0000000000
41175 -59.0000000000
41215 -58.0000000000
41254 -57.0000000000
41383 -56.0000000000
41474 -55.0000000000
41508 -53.0000000000
41596 -52.0000000000
41633 -51.0000000000
41732 -50.0000000000
41788 -49.0000000000
41907 -48.0000000000
41974 -47.0000000000
42099 -46.0000000000
42180 -45.0000000000
42258 -44.0000000000
42281 -43.0000000000
42389 -42.0000000000
42588 -41.0000000000
42644 -40.0000000000
42782 -39.0000000000
42922 -38.0000000000
43002 -37.0000000000
43135 -36.0000000000
43143 -35.0000000000
43202 -34.0000000000
43262 -33.0000000000
43316 -32.0000000000
43370 -31.0000000000
43443 -30.0000000000
43503 -29.0000000000
43680 -28.0000000000
43802 -27.0000000000
43835 -26.0000000000
43919 -25.0000000000
44047 -24.0000000000
44095 -23.0000000000
44136 -22.0000000000
44211 -20.0000000000
44311 -19.0000000000
44521 -18.0000000000
44633 -17.0000000000
44762 -16.0000000000
44841 -15.0000000000
45236 -14.0000000000
45341 -13.0000000000
45648 -12.0000000000
45812 -11.0000000000
45888 -10.0000000000
46007 -9.0000000000
46162 -8.0000000000
46294 -7.0000000000
46818 -6.0000000000
46941 -5.0000000000
47050 -4.0000000000
47172 -3.0000000000
47307 -2.0000000000
47412 -1.0000000000
47552 374.3400000000
47558 391.8000000000
47679 391.9400000000
47813 400.4000000000
47960 407.3500000000
48091 408.0300000000
48357 410.0100000000
49094 410.7000000000
49098 419.0300000000
49272 422.3200000000
49848 503.4200000000
49889 503.4400000000
49945 512.2600000000
50046 513.4800000000
50119 522.6200000000
50142 523.9100000000
50188 529.5300000000
52036 530.5800000000
52362 538.8400000000
53296 546.8900000000
55128 548.2500000000
64922 552.1100000000
65436 648.9200000000
66322 653.7300000000
67277 659.6800000000
69838 665.5500000000
70072 667.4500000000
73996 667.6500000000
74181 667.9700000000
76097 671.8400000000
80180 672.9200000000
82585 679.7400000000
83535 680.1800000000
83662 680.6700000000
83738 683.7800000000
84146 684.4000000000
84187 687.4600000000
84519 690.9400000000
85281 694.7200000000
94590 695.2800000000
99006 698.2600000000
100000 -1.0000000000
evaluations raw_y
1 -1921.0000000000
8 -1903.0000000000
9 -1873.0000000000
76 -1866.0000000000
88 -1860.0000000000
107 -1854.0000000000
112 -1851.0000000000
124 -1825.0000000000
143 -1805.0000000000
191 -1804.0000000000
201 -1797.0000000000
207 -1790.0000000000
218 -1781.0000000000
225 -1775.0000000000
233 -1763.0000000000
262 -1749.0000000000
285 -1747.0000000000
290 -1744.0000000000
294 -1743.0000000000
303 -1718.0000000000
319 -1717.0000000000
340 -1716.0000000000
347 -1711.0000000000
363 -1706.0000000000
390 -1699.0000000000
395 -1691.0000000000
407 -1681.0000000000
437 -1670.0000000000
439 -1663.0000000000
456 -1662.0000000000
476 -1653.0000000000
515 -1645.0000000000
518 -1638.0000000000
530 -1631.0000000000
573 -1627.0000000000
595 -1622.0000000000
599 -1617.0000000000
619 -1616.0000000000
622 -1612.0000000000
627 -1611.0000000000
639 -1601.0000000000
672 -1599.0000000000
683 -1587.0000000000
699 -1586.0000000000
722 -1581.0000000000
723 -1577.0000000000
728 -1571.0000000000
751 -1569.0000000000
759 -1557.0000000000
768 -1550.0000000000
795 -1549.0000000000
808 -1544.0000000000
827 -1538.0000000000
859 -1534.0000000000
862 -1524.0000000000
878 -1522.0000000000
895 -1520.0000000000
901 -1519.0000000000
919 -1517.0000000000
925 -1515.0000000000
934 -1514.0000000000
938 -1508.0000000000
955 -1507.0000000000
971 -1498.0000000000
1025 -1496.0000000000
1030 -1495.0000000000
1037 -1494.0000000000
1046 -1492.0000000000
1077 -1491.0000000000
1089 -1490.0000000000
1101 -1489.0000000000
1103 -1488.0000000000
1108 -1481.0000000000
1118 -1480.0000000000
1154 -1479.0000000000
1174 -1475.0000000000
1184 -1470.0000000000
1248 -1467.0000000000
1278 -1466.0000000000
1285 -1460.0000000000
1315 -1454.0000000000
1341 -1449.0000000000
1370 -1448.0000000000
1388 -1443.0000000000
1404 -1438.0000000000
1445 -1437.0000000000
1470 -1433.0000000000
1491 -1430.0000000000
1512 -1428.0000000000
1541 -1426.0000000000
1557 -1424.0000000000
1577 -1415.0000000000
1614 -1413.0000000000
1648 -1410.0000000000
1683 -1406.0000000000
1698 -1405.0000000000
1717 -1402.0000000000
1728 -1401.0000000000
1780 -1398.0000000000
1816 -1393.0000000000
1855 -1390.0000000000
1870 -1388.0000000000
1922 -1387.0000000000
1935 -1381.0000000000
2007 -1380.0000000000
2026 -1379.0000000000
2031 -1378.0000000000
2059 -1375.0000000000
2082 -1373.0000000000
2135 -1372.0000000000
2136 -1370.0000000000
2153 -1369.0000000000
2183 -1368.0000000000
2191 -1367.0000000000
2204 -1366.0000000000
2234 -1365.0000000000
2246 -1363.0000000000
2295 -1362.0000000000
2338 -1361.0000000000
2348 -1360.0000000000
2352 -1359.0000000000
2373 -1358.0000000000
2403 -1355.0000000000
2434 -1353.0000000000
2449 -1352.0000000000
2498 -1349.0000000000
2518 -1347.0000000000
2519 -1346.0000000000
2543 -1345.0000000000
2563 -1344.0000000000
2573 -1342.0000000000
2604 -1341.0000000000
2628 -1338.0000000000
2667 -1336.0000000000
2677 -1335.0000000000
2679 -1333.0000000000
2715 -1332.0000000000
2728 -1330.0000000000
2748 -1329.0000000000
2774 -1327.0000000000
2781 -1323.0000000000
2843 -1322.0000000000
2858 -1320.0000000000
2872 -1319.0000000000
2900 -1318.0000000000
2930 -1317.0000000000
2935 -1316.0000000000
2951 -1315.0000000000
2971 -1314.0000000000
2989 -1313.0000000000
2997 -1312.0000000000
3010 -1311.0000000000
3035 -1310.0000000000
3047 -1308.0000000000
3049 -1305.0000000000
3112 -1304.0000000000
3115 -1303.0000000000
3135 -1302.0000000000
3146 -1301.0000000000
3185 -1300.0000000000
3187 -1299.0000000000
3197 -1296.0000000000
3245 -1295.0000000000
3280 -1294.0000000000
3283 -1293.0000000000
3293 -1292.0000000000
3316 -1290.0000000000
3325 -1289.0000000000
3327 -1288.0000000000
3363 -1286.0000000000
3401 -1285.0000000000
3422 -1283.0000000000
3430 -1282.0000000000
3442 -1281.0000000000
3482 -1280.0000000000
3485 -1277.0000000000
3536 -1276.0000000000
3546 -1275.0000000000
3573 -1270.0000000000
3635 -1269.0000000000
3655 -1268.0000000000
3682 -1267.0000000000
3694 -1265.0000000000
3770 -1263.0000000000
3811 -1262.0000000000
3815 -1259.0000000000
3832 -1257.0000000000
3884 -1256.0000000000
3927 -1254.0000000000
3964 -1253.0000000000
3976 -1250.0000000000
4050 -1248.0000000000
4074 -1247.0000000000
4088 -1246.0000000000
4109 -1245.0000000000
4118 -1244.0000000000
4130 -1242.0000000000
4165 -1241.0000000000
4206 -1239.0000000000
4241 -1237.0000000000
4273 -1236.0000000000
4282 -1235.0000000000
4295 -1234.0000000000
4334 -1232.0000000000
4349 -1229.0000000000
4414 -1227.0000000000
4436 -1226.0000000000
4451 -1224.0000000000
4480 -1223.0000000000
4483 -1216.0000000000
4575 -1214.0000000000
4601 -1213.0000000000
4640 -1212.0000000000
4657 -1211.0000000000
4664 -1209.0000000000
4665 -1207.0000000000
4681 -1206.0000000000
4706 -1205.0000000000
4730 -1204.0000000000
4755 -1202.0000000000
4789 -1199.0000000000
4820 -1196.0000000000
4866 -1195.0000000000
4887 -1193.0000000000
4890 -1191.0000000000
4918 -1189.0000000000
4944 -1187.0000000000
5023 -1186.0000000000
5026 -1184.0000000000
5070 -1183.0000000000
5108 -1182.0000000000
5127 -1180.0000000000
5149 -1179.0000000000
5173 -1178.0000000000
5195 -1177.0000000000
5211 -1175.0000000000
5249 -1174.0000000000
5256 -1173.0000000000
5286 -1172.0000000000
5300 -1170.0000000000
5331 -1169.0000000000
5345 -1167.0000000000
5360 -1166.0000000000
5385 -1164.0000000000
5411 -1163.0000000000
5420 -1162.0000000000
5431 -1160.0000000000
5465 -1159.0000000000
5480 -1158.0000000000
5482 -1156.0000000000
5525 -1155.0000000000
5560 -1154.0000000000
5581 -1153.0000000000
5582 -1152.0000000000
5624 -1151.0000000000
5629 -1149.0000000000
5681 -1146.0000000000
5711 -1145.0000000000
5731 -1141.0000000000
5767 -1139.0000000000
5825 -1138.0000000000
5844 -1137.0000000000
5863 -1135.0000000000
5875 -1134.0000000000
5905 -1133.0000000000
5913 -1132.0000000000
5925 -1131.0000000000
5926 -1130.0000000000
5943 -1129.0000000000
5969 -1128.0000000000
5996 -1125.0000000000
6027 -1124.0000000000
6041 -1123.0000000000
6044 -1122.0000000000
6066 -1121.0000000000
6085 -1118.0000000000
6135 -1117.0000000000
6144 -1115.0000000000
6155 -1113.0000000000
6169 -1112.0000000000
6208 -1110.0000000000
6234 -1109.0000000000
6269 -1108.0000000000
6301 -1107.0000000000
6325 -1105.0000000000
6349 -1104.0000000000
6366 -1103.0000000000
6369 -1102.0000000000
6385 -1101.0000000000
6392 -1100.0000000000
6447 -1099.0000000000
6457 -1098.0000000000
6459 -1096.0000000000
6476 -1095.0000000000
6484 -1093.0000000000
6519 -1092.0000000000
6542 -1090.0000000000
6579 -1089.0000000000
6604 -1087.0000000000
6622 -1086.0000000000
6636 -1085.0000000000
6663 -1084.0000000000
6729 -1083.0000000000
6730 -1081.0000000000
6749 -1080.0000000000
6771 -1078.0000000000
6809 -1077.0000000000
6832 -1076.0000000000
6839 -1074.0000000000
6840 -1072.0000000000
6884 -1071.0000000000
6888 -1070.0000000000
6917 -1068.0000000000
6954 -1067.0000000000
6964 -1065.0000000000
6973 -1064.0000000000
7017 -1062.0000000000
7022 -1061.0000000000
7035 -1060.0000000000
7066 -1059.0000000000
7072 -1058.0000000000
7094 -1055.0000000000
7155 -1054.0000000000
7158 -1051.0000000000
7194 -1050.0000000000
7232 -1049.0000000000
7250 -1048.0000000000
7268 -1047.0000000000
7331 -1046.0000000000
7347 -1043.0000000000
7355 -1041.0000000000
7374 -1040.0000000000
7392 -1036.0000000000
7467 -1033.0000000000
7521 -1032.0000000000
7529 -1031.0000000000
7549 -1030.0000000000
7559 -1028.0000000000
7591 -1025.0000000000
7604 -1024.0000000000
7625 -1023.0000000000
7667 -1019.0000000000
7684 -1018.0000000000
7706 -1013.0000000000
7786 -1012.0000000000
7817 -1011.0000000000
7822 -1010.0000000000
7824 -1009.0000000000
7845 -1007.0000000000
7885 -1006.0000000000
7905 -1003.0000000000
7970 -1002.0000000000
7974 -1001.0000000000
8011 -1000.0000000000
8029 -999.0000000000
8053 -996.0000000000
8081 -994.0000000000
8117 -993.0000000000
8146 -992.0000000000
8163 -991.0000000000
8188 -989.0000000000
8234 -986.0000000000
8274 -983.0000000000
8319 -982.0000000000
8333 -981.0000000000
8357 -980.0000000000
8358 -978.0000000000
8399 -976.0000000000
8432 -974.0000000000
8449 -972.0000000000
8489 -971.0000000000
8538 -966.0000000000
8583 -964.0000000000
8598 -962.0000000000
8651 -961.0000000000
8655 -960.0000000000
8671 -959.0000000000
8693 -957.0000000000
8707 -955.0000000000
8773 -952.0000000000
8818 -951.0000000000
8841 -950.0000000000
8891 -949.0000000000
8892 -947.0000000000
8905 -944.0000000000
8933 -943.0000000000
8966 -942.0000000000
9001 -941.0000000000
9042 -940.0000000000
9065 -939.0000000000
9086 -938.0000000000
9110 -937.0000000000
9139 -936.0000000000
9171 -935.0000000000
9173 -933.0000000000
9187 -932.0000000000
9213 -931.0000000000
9261 -930.0000000000
9290 -927.0000000000
9313 -926.0000000000
9343 -925.0000000000
9372 -924.0000000000
9409 -921.0000000000
9447 -920.0000000000
9464 -919.0000000000
9506 -918.0000000000
9543 -917.0000000000
9562 -916.0000000000
9589 -915.0000000000
9632 -914.0000000000
9634 -913.0000000000
9683 -912.0000000000
9689 -910.0000000000
9696 -909.0000000000
9708 -908.0000000000
9774 -906.0000000000
9778 -903.0000000000
9859 -900.0000000000
9928 -898.0000000000
9969 -897.0000000000
9982 -895.0000000000
10006 -894.0000000000
10063 -892.0000000000
10080 -891.0000000000
10103 -889.0000000000
10118 -888.0000000000
10171 -887.0000000000
10193 -886.0000000000
10201 -885.0000000000
10243 -884.0000000000
10256 -883.0000000000
10281 -882.0000000000
10287 -881.0000000000
10302 -878.0000000000
10385 -877.0000000000
10386 -876.0000000000
10402 -875.0000000000
10435 -873.0000000000
10470 -871.0000000000
10504 -870.0000000000
10542 -869.0000000000
10543 -868.0000000000
10574 -867.0000000000
10594 -866.0000000000
10603 -865.0000000000
10620 -864.0000000000
10630 -861.0000000000
10674 -860.0000000000
10691 -859.0000000000
10693 -858.0000000000
10702 -857.0000000000
10728 -856.0000000000
10758 -855.0000000000
10781 -854.0000000000
10798 -851.0000000000
10837 -850.0000000000
10847 -848.0000000000
10889 -845.0000000000
10946 -844.0000000000
10959 -842.0000000000
11008 -841.0000000000
11042 -837.0000000000
11067 -836.0000000000
11108 -835.0000000000
11121 -834.0000000000
11123 -832.0000000000
11205 -831.0000000000
11225 -829.0000000000
11265 -826.0000000000
11295 -825.0000000000
11324 -822.0000000000
11398 -821.0000000000
11431 -816.0000000000
11503 -815.0000000000
11547 -814.0000000000
11561 -812.0000000000
11576 -811.0000000000
11584 -810.0000000000
11628 -809.0000000000
11644 -808.0000000000
11663 -807.0000000000
11673 -806.0000000000
11701 -805.0000000000
11711 -803.0000000000
11761 -801.0000000000
11836 -800.0000000000
11844 -798.0000000000
11873 -797.0000000000
11901 -795.0000000000
11943 -794.0000000000
11951 -793.0000000000
11963 -792.0000000000
11989 -791.0000000000
12048 -787.0000000000
12125 -786.0000000000
12186 -785.0000000000
12230 -784.0000000000
12276 -782.0000000000
12327 -781.0000000000
12383 -780.0000000000
12387 -778.0000000000
12456 -775.0000000000
12503 -774.0000000000
12508 -773.0000000000
12525 -772.0000000000
12560 -771.0000000000
12575 -770.0000000000
12605 -769.0000000000
12634 -767.0000000000
12676 -766.0000000000
12706 -765.0000000000
12728 -763.0000000000
12748 -760.0000000000
12809 -758.0000000000
12823 -755.0000000000
12842 -754.0000000000
12869 -752.0000000000
12923 -749.0000000000
12955 -748.0000000000
13010 -744.0000000000
13063 -742.0000000000
13104 -741.0000000000
13123 -740.0000000000
13181 -739.0000000000
13188 -737.0000000000
13221 -732.0000000000
13334 -731.0000000000
13337 -730.0000000000
13344 -729.0000000000
13372 -728.0000000000
13386 -727.0000000000
13400 -726.0000000000
13416 -725.0000000000
13434 -724.0000000000
13505 -723.0000000000
13516 -721.0000000000
13533 -720.0000000000
13549 -718.0000000000
13593 -717.0000000000
13601 -714.0000000000
13662 -713.0000000000
13667 -712.0000000000
13695 -711.0000000000
13711 -710.0000000000
13715 -709.0000000000
13724 -708.0000000000
13755 -706.0000000000
13802 -705.0000000000
13808 -704.0000000000
13826 -700.0000000000
13884 -699.0000000000
13892 -698.0000000000
13937 -697.0000000000
13980 -696.0000000000
13990 -694.0000000000
14020 -693.0000000000
14067 -692.0000000000
14081 -690.0000000000
14098 -687.0000000000
14148 -685.0000000000
14207 -683.0000000000
14226 -682.0000000000
14307 -681.0000000000
14348 -680.0000000000
14351 -679.0000000000
14368 -678.0000000000
14448 -676.0000000000
14467 -675.0000000000
14477 -674.0000000000
14483 -672.0000000000
14541 -670.0000000000
14559 -669.0000000000
14577 -668.0000000000
14634 -667.0000000000
14636 -666.0000000000
14692 -665.0000000000
14703 -664.0000000000
14752 -663.0000000000
14770 -661.0000000000
14814 -660.0000000000
14825 -659.0000000000
14866 -658.0000000000
14898 -657.0000000000
14929 -655.0000000000
14973 -654.0000000000
15005 -652.0000000000
15033 -651.0000000000
15079 -650.0000000000
15082 -649.0000000000
15089 -648.0000000000
15152 -647.0000000000
15162 -645.0000000000
15189 -644.0000000000
15236 -642.0000000000
15261 -640.0000000000
15334 -639.0000000000
15336 -638.0000000000
15347 -637.0000000000
15365 -636.0000000000
15428 -635.0000000000
15434 -634.0000000000
15494 -633.0000000000
15506 -632.0000000000
15522 -631.0000000000
15581 -629.0000000000
15652 -628.0000000000
15676 -626.0000000000
15724 -625.0000000000
15745 -622.0000000000
15859 -621.0000000000
15861 -620.0000000000
15889 -617.0000000000
15962 -616.0000000000
16001 -614.0000000000
16077 -613.0000000000
16083 -611.0000000000
16148 -608.0000000000
16227 -606.0000000000
16264 -605.0000000000
16323 -603.0000000000
16362 -602.0000000000
16391 -601.0000000000
16411 -600.0000000000
16443 -598.0000000000
16452 -597.0000000000
16484 -596.0000000000
16568 -594.0000000000
16582 -593.0000000000
16614 -592.0000000000
16654 -591.0000000000
16680 -590.0000000000
16702 -589.0000000000
16706 -588.0000000000
16728 -587.0000000000
16775 -586.0000000000
16781 -584.0000000000
16841 -582.0000000000
16894 -581.0000000000
16914 -580.0000000000
16973 -578.0000000000
16981 -577.0000000000
17014 -576.0000000000
17022 -571.0000000000
17100 -570.0000000000
17158 -569.0000000000
17159 -567.0000000000
17185 -564.0000000000
17253 -563.0000000000
17264 -562.0000000000
17293 -560.0000000000
17327 -559.0000000000
17350 -558.0000000000
17382 -557.0000000000
17384 -556.0000000000
17410 -555.0000000000
17426 -554.0000000000
17456 -553.0000000000
17492 -552.0000000000
17541 -551.0000000000
17571 -550.0000000000
17611 -548.0000000000
17635 -547.0000000000
17672 -545.0000000000
17689 -544.0000000000
17694 -543.0000000000
17780 -541.0000000000
17822 -539.0000000000
17858 -537.0000000000
17922 -536.0000000000
17942 -534.0000000000
17943 -533.0000000000
17990 -532.0000000000
18036 -530.0000000000
18070 -529.0000000000
18106 -528.0000000000
18134 -527.0000000000
18155 -526.0000000000
18181 -523.0000000000
18248 -522.0000000000
18304 -520.0000000000
18306 -519.0000000000
18322 -517.0000000000
18342 -515.0000000000
18409 -514.0000000000
18447 -513.0000000000
18467 -512.0000000000
18488 -510.0000000000
18523 -509.0000000000
18592 -508.0000000000
18602 -507.0000000000
18607 -506.0000000000
18688 -505.0000000000
18726 -504.0000000000
18745 -503.0000000000
18782 -502.0000000000
18804 -501.0000000000
18836 -499.0000000000
18886 -498.0000000000
18906 -497.0000000000
18924 -496.0000000000
18946 -495.0000000000
18982 -493.0000000000
19027 -492.0000000000
19078 -491.0000000000
19096 -490.0000000000
19104 -489.0000000000
19151 -488.0000000000
19175 -487.0000000000
19206 -486.0000000000
19224 -485.0000000000
19282 -483.0000000000
19323 -482.0000000000
19372 -481.0000000000
19393 -480.0000000000
19394 -479.0000000000
19415 -478.0000000000
19458 -477.0000000000
19460 -476.0000000000
19546 -475.0000000000
19567 -473.0000000000
19618 -472.0000000000
19682 -471.0000000000
19702 -470.0000000000
19726 -467.0000000000
19759 -465.0000000000
19778 -464.0000000000
19860 -462.0000000000
19903 -461.0000000000
19924 -459.0000000000
19935 -458.0000000000
19944 -456.0000000000
20039 -455.0000000000
20085 -454.0000000000
20111 -453.0000000000
20136 -452.0000000000
20142 -451.0000000000
20187 -450.0000000000
20201 -449.0000000000
20233 -446.0000000000
20355 -445.0000000000
20381 -444.0000000000
20418 -443.0000000000
20424 -442.0000000000
20429 -441.0000000000
20466 -440.0000000000
20489 -439.0000000000
20545 -438.0000000000
20553 -437.0000000000
20578 -436.0000000000
20633 -435.0000000000
20674 -433.0000000000
20704 -431.0000000000
20800 -430.0000000000
20807 -428.0000000000
20900 -425.0000000000
20950 -424.0000000000
21039 -423.0000000000
21102 -422.0000000000
21120 -421.0000000000
21169 -420.0000000000
21205 -419.0000000000
21272 -418.0000000000
21307 -417.0000000000
21376 -416.0000000000
21400 -415.0000000000
21422 -414.0000000000
21477 -413.0000000000
21511 -412.0000000000
21528 -410.0000000000
21616 -409.0000000000
21669 -408.0000000000
21703 -407.0000000000
21755 -406.0000000000
21767 -405.0000000000
21806 -404.0000000000
21856 -403.0000000000
21885 -402.0000000000
21924 -401.0000000000
21973 -400.0000000000
22000 -398.0000000000
22061 -396.0000000000
22126 -395.0000000000
22143 -394.0000000000
22210 -393.0000000000
22213 -392.0000000000
22308 -391.0000000000
22326 -390.0000000000
22370 -389.0000000000
22410 -388.0000000000
22456 -387.0000000000
22489 -386.0000000000
22570 -385.0000000000
22662 -384.0000000000
22672 -383.0000000000
22703 -382.0000000000
22766 -381.0000000000
22806 -380.0000000000
22833 -379.0000000000
22909 -378.0000000000
22941 -377.0000000000
22974 -376.0000000000
22982 -374.0000000000
23036 -373.0000000000
23095 -372.0000000000
23119 -371.0000000000
23166 -370.0000000000
23220 -368.0000000000
23229 -367.0000000000
23282 -366.0000000000
23316 -363.0000000000
23385 -361.0000000000
23425 -360.0000000000
23484 -358.0000000000
23546 -357.0000000000
23579 -356.0000000000
23586 -354.0000000000
23664 -353.0000000000
23685 -352.0000000000
23695 -351.0000000000
23748 -350.0000000000
23776 -348.0000000000
23844 -347.0000000000
23876 -346.0000000000
23882 -345.0000000000
23947 -344.0000000000
24010 -343.0000000000
24043 -342.0000000000
24105 -341.0000000000
24163 -340.0000000000
24204 -339.0000000000
24224 -338.0000000000
24272 -337.0000000000
24400 -336.0000000000
24412 -334.0000000000
24487 -333.0000000000
24529 -332.0000000000
24574 -331.0000000000
24638 -330.0000000000
24657 -329.0000000000
24689 -327.0000000000
24735 -326.0000000000
24742 -325.0000000000
24804 -323.0000000000
24862 -322.0000000000
24922 -321.0000000000
25014 -320.0000000000
25020 -319.0000000000
25082 -317.0000000000
25127 -316.0000000000
25181 -315.0000000000
25253 -313.0000000000
25264 -312.0000000000
25280 -311.0000000000
25323 -309.0000000000
25432 -308.0000000000
25452 -307.0000000000
25482 -305.0000000000
25568 -304.0000000000
25634 -303.0000000000
25695 -302.0000000000
25769 -300.0000000000
25806 -299.0000000000
25842 -297.0000000000
25892 -295.0000000000
26016 -294.0000000000
26045 -293.0000000000
26064 -292.0000000000
26108 -291.0000000000
26150 -290.0000000000
26163 -289.0000000000
26210 -287.0000000000
26393 -286.0000000000
26425 -285.0000000000
26469 -284.0000000000
26511 -282.0000000000
26540 -281.0000000000
26604 -280.0000000000
26636 -279.0000000000
26642 -278.0000000000
26683 -277.0000000000
26713 -276.0000000000
26735 -274.0000000000
26797 -273.0000000000
26833 -272.0000000000
26896 -271.0000000000
26900 -270.0000000000
26929 -269.0000000000
27069 -268.0000000000
27218 -267.0000000000
27224 -266.0000000000
27280 -265.0000000000
27333 -264.0000000000
27390 -263.0000000000
27401 -262.0000000000
27440 -261.0000000000
27464 -260.0000000000
27512 -258.0000000000
27554 -257.0000000000
27570 -256.0000000000
27604 -255.0000000000
27631 -254.0000000000
27678 -253.0000000000
27696 -252.0000000000
27710 -251.0000000000
27735 -250.0000000000
27773 -249.0000000000
27803 -248.0000000000
27850 -246.0000000000
27866 -245.0000000000
27912 -244.0000000000
27946 -243.0000000000
27988 -242.0000000000
28010 -241.0000000000
28027 -240.0000000000
28046 -239.0000000000
28054 -238.0000000000
28086 -234.0000000000
28252 -232.0000000000
28329 -231.0000000000
28363 -230.0000000000
28374 -227.0000000000
28484 -225.0000000000
28538 -224.0000000000
28590 -223.0000000000
28669 -222.0000000000
28681 -221.0000000000
28760 -220.0000000000
28801 -219.0000000000
28864 -218.0000000000
28914 -217.0000000000
28959 -215.0000000000
29006 -214.0000000000
29049 -213.0000000000
29138 -212.0000000000
29170 -211.0000000000
29181 -210.0000000000
29258 -209.0000000000
29316 -208.0000000000
29348 -207.0000000000
29412 -206.0000000000
29481 -204.0000000000
29541 -203.0000000000
29632 -201.0000000000
29701 -200.0000000000
29764 -199.0000000000
29773 -198.0000000000
29790 -197.0000000000
29882 -196.0000000000
29925 -195.0000000000
30004 -194.0000000000
30110 -193.0000000000
30167 -192.0000000000
30205 -191.0000000000
30282 -189.0000000000
30411 -188.0000000000
30418 -187.0000000000
30494 -186.0000000000
30505 -185.0000000000
30679 -184.0000000000
30840 -183.0000000000
30941 -182.0000000000
31068 -180.0000000000
31148 -179.0000000000
31163 -178.0000000000
31263 -176.0000000000
31341 -175.0000000000
31422 -174.0000000000
31453 -172.0000000000
31533 -171.0000000000
31547 -170.0000000000
31566 -169.0000000000
31623 -168.0000000000
31648 -167.0000000000
31689 -166.0000000000
31774 -165.0000000000
31827 -164.0000000000
31844 -163.0000000000
31922 -162.0000000000
31952 -161.0000000000
32027 -160.0000000000
32105 -159.0000000000
32140 -158.0000000000
32174 -156.0000000000
32267 -155.0000000000
32333 -154.0000000000
32421 -153.0000000000
32460 -152.0000000000
32554 -151.0000000000
32557 -150.0000000000
32644 -149.0000000000
32696 -148.0000000000
32702 -147.0000000000
32758 -146.0000000000
32864 -145.0000000000
32921 -143.0000000000
33071 -142.0000000000
33142 -141.0000000000
33231 -140.0000000000
33264 -139.0000000000
33341 -138.0000000000
33357 -137.0000000000
33423 -136.0000000000
33518 -135.0000000000
33612 -134.0000000000
33635 -133.0000000000
33741 -132.0000000000
33789 -131.0000000000
33922 -130.0000000000
33926 -129.0000000000
34045 -127.0000000000
34145 -126.0000000000
34169 -125.0000000000
34244 -124.0000000000
34292 -123.0000000000
34329 -122.0000000000
34445 -120.0000000000
34519 -119.0000000000
34594 -118.0000000000
34647 -117.0000000000
34721 -116.0000000000
34748 -115.0000000000
34757 -114.0000000000
34767 -113.0000000000
34803 -112.0000000000
34849 -111.0000000000
34951 -110.0000000000
34959 -109.0000000000
34982 -108.0000000000
35086 -107.0000000000
35138 -105.0000000000
35223 -104.0000000000
35339 -103.0000000000
35421 -102.0000000000
35453 -101.0000000000
35489 -100.0000000000
35565 -98.0000000000
35695 -96.0000000000
35809 -95.0000000000
35821 -94.0000000000
35873 -93.0000000000
35923 -92.0000000000
35970 -91.0000000000
35997 -89.0000000000
36162 -88.0000000000
36182 -87.0000000000
36286 -86.0000000000
36377 -84.0000000000
36481 -82.0000000000
36542 -81.0000000000
36660 -80.0000000000
36730 -79.0000000000
36775 -78.0000000000
36839 -77.0000000000
36910 -76.0000000000
36946 -75.0000000000
37046 -74.0000000000
37162 -73.0000000000
37228 -72.0000000000
37389 -71.0000000000
37462 -70.0000000000
37514 -69.0000000000
37529 -68.0000000000
37552 -67.0000000000
37603 -66.0000000000
37735 -65.0000000000
37777 -64.0000000000
38013 -63.0000000000
38107 -62.0000000000
38128 -61.0000000000
38318 -60.0000000000
38338 -59.0000000000
38420 -58.0000000000
38464 -57.0000000000
38522 -56.0000000000
38696 -55.0000000000
38783 -54.0000000000
38828 -53.0000000000
39041 -52.0000000000
39044 -51.0000000000
39093 -50.0000000000
39222 -48.0000000000
39370 -46.0000000000
39511 -44.0000000000
39630 -43.0000000000
39682 -41.0000000000
39810 -40.0000000000
39873 -39.0000000000
40040 -38.0000000000
40236 -37.0000000000
40476 -36.0000000000
40565 -35.0000000000
40674 -34.0000000000
40732 -33.0000000000
40899 -32.0000000000
41013 -31.0000000000
41266 -30.0000000000
41466 -29.0000000000
41501 -27.0000000000
41600 -26.0000000000
41720 -25.0000000000
41898 -24.0000000000
42067 -23.0000000000
42264 -22.0000000000
42403 -21.0000000000
42488 -20.0000000000
42656 -19.0000000000
42759 -18.0000000000
42890 -17.0000000000
43023 -16.0000000000
43045 -15.0000000000
43148 -14.0000000000
43235 -12.0000000000
43372 -11.0000000000
43879 -10.0000000000
44080 -9.0000000000
44142 -8.0000000000
44257 -7.0000000000
44388 -6.0000000000
44558 -5.0000000000
44678 -4.0000000000
44959 -3.0000000000
45636 -2.0000000000
45847 -1.0000000000
45953 336.5600000000
45963 357.3100000000
45968 371.1900000000
46043 377.5400000000
46044 382.5900000000
46062 390.8000000000
46289 391.6000000000
46975 396.6100000000
47103 397.7300000000
47228 399.3700000000
47342 406.9300000000
47353 416.2400000000
47524 432.1200000000
48517 439.0500000000
53252 464.3000000000
53362 484.5300000000
53653 490.7500000000
53788 496.4600000000
54051 501.1200000000
54173 504.4800000000
55624 507.3800000000
56123 508.3500000000
56858 523.0800000000
57889 525.0100000000
59223 530.9500000000
61259 542.9000000000
67320 595.6300000000
67444 616.1800000000
67466 635.1500000000
67738 637.8900000000
67901 641.4100000000
69531 641.6500000000
70665 646.7500000000
72534 648.7300000000
100000 -2.0000000000
evaluations raw_y
1 -1987.0000000000
2 -1960.0000000000
6 -1950.0000000000
7 -1949.0000000000
10 -1930.0000000000
13 -1926.0000000000
48 -1917.0000000000
71 -1913.0000000000
86 -1895.0000000000
107 -1866.0000000000
125 -1865.0000000000
139 -1850.0000000000
151 -1848.0000000000
162 -1844.0000000000
172 -1832.0000000000
175 -1810.0000000000
216 -1807.0000000000
245 -1802.0000000000
247 -1793.0000000000
279 -1791.0000000000
282 -1779.0000000000
317 -1777.0000000000
318 -1776.0000000000
320 -1763.0000000000
328 -1747.0000000000
354 -1738.0000000000
371 -1735.0000000000
381 -1734.0000000000
410 -1726.0000000000
420 -1714.0000000000
481 -1708.0000000000
482 -1698.0000000000
507 -1696.0000000000
528 -1686.0000000000
546 -1678.0000000000
565 -1671.0000000000
578 -1667.0000000000
599 -1662.0000000000
601 -1660.0000000000
622 -1655.0000000000
636 -1652.0000000000
671 -1637.0000000000
673 -1630.0000000000
706 -1627.0000000000
718 -1626.0000000000
725 -1621.0000000000
732 -1619.0000000000
751 -1613.0000000000
756 -1610.0000000000
785 -1604.0000000000
794 -1601.0000000000
814 -1598.0000000000
847 -1595.0000000000
850 -1589.0000000000
865 -1585.0000000000
890 -1577.0000000000
907 -1570.0000000000
910 -1569.0000000000
943 -1565.0000000000
956 -1564.0000000000
992 -1562.0000000000
995 -1560.0000000000
1004 -1553.0000000000
1021 -1544.0000000000
1042 -1540.0000000000
1108 -1534.0000000000
1151 -1533.0000000000
1163 -1529.0000000000
1196 -1528.0000000000
1208 -1525.0000000000
1212 -1516.0000000000
1221 -1514.0000000000
1254 -1512.0000000000
1287 -1510.0000000000
1304 -1509.0000000000
1311 -1505.0000000000
1321 -1504.0000000000
1339 -1503.0000000000
1348 -1501.0000000000
1369 -1498.0000000000
1389 -1494.0000000000
1419 -1490.0000000000
1479 -1488.0000000000
1501 -1487.0000000000
1502 -1486.0000000000
1533 -1485.0000000000
1544 -1482.0000000000
1567 -1481.0000000000
1599 -1479.0000000000
1600 -1476.0000000000
1627 -1475.0000000000
1660 -1474.0000000000
1671 -1470.0000000000
1743 -1469.0000000000
1774 -1467.0000000000
1801 -1466.0000000000
1802 -1464.0000000000
1834 -1463.0000000000
1843 -1462.0000000000
1866 -1461.0000000000
1873 -1458.0000000000
1921 -1457.0000000000
1940 -1456.0000000000
1962 -1454.0000000000
1988 -1453.0000000000
2014 -1451.0000000000
2054 -1450.0000000000
2069 -1448.0000000000
2071 -1446.0000000000
2145 -1445.0000000000
2150 -1444.0000000000
2161 -1442.0000000000
2164 -1441.0000000000
2178 -1440.0000000000
2206 -1438.0000000000
2229 -1435.0000000000
2269 -1434.0000000000
2305 -1433.0000000000
2320 -1432.0000000000
2336 -1429.0000000000
2387 -1428.0000000000
2403 -1427.0000000000
2423 -1426.0000000000
2437 -1425.0000000000
2443 -1423.0000000000
2483 -1421.0000000000
2535 -1420.0000000000
2563 -1418.0000000000
2592 -1415.0000000000
2652 -1413.0000000000
2662 -1412.0000000000
2669 -1410.0000000000
2736 -1409.0000000000
2754 -1408.0000000000
2764 -1406.0000000000
2811 -1405.0000000000
2826 -1402.0000000000
2884 -1401.0000000000
2889 -1400.0000000000
2901 -1396.0000000000
3005 -1394.0000000000
3009 -1392.0000000000
3017 -1391.0000000000
3064 -1390.0000000000
3084 -1388.0000000000
3109 -1386.0000000000
3121 -1385.0000000000
3141 -1383.0000000000
3147 -1380.0000000000
3176 -1379.0000000000
3190 -1377.0000000000
3235 -1376.0000000000
3244 -1373.0000000000
3263 -1371.0000000000
3294 -1370.0000000000
3325 -1367.0000000000
3344 -1363.0000000000
3443 -1362.0000000000
3459 -1361.0000000000
3492 -1360.0000000000
3517 -1358.0000000000
3522 -1355.0000000000
3578 -1353.0000000000
3591 -1352.0000000000
3619 -1350.0000000000
3646 -1348.0000000000
3676 -1346.0000000000
3698 -1343.0000000000
3705 -1341.0000000000
3767 -1340.0000000000
3773 -1338.0000000000
3785 -1337.0000000000
3825 -1336.0000000000
3858 -1334.0000000000
3881 -1333.0000000000
3907 -1332.0000000000
3928 -1331.0000000000
3949 -1329.0000000000
3985 -1328.0000000000
3993 -1327.0000000000
4017 -1326.0000000000
4031 -1323.0000000000
4062 -1322.0000000000
4063 -1321.0000000000
4096 -1319.0000000000
4139 -1317.0000000000
4171 -1315.0000000000
4194 -1314.0000000000
4203 -1312.0000000000
4207 -1310.0000000000
4244 -1308.0000000000
4283 -1305.0000000000
4320 -1304.0000000000
4342 -1303.0000000000
4373 -1300.0000000000
4383 -1298.0000000000
4425 -1296.0000000000
4447 -1294.0000000000
4471 -1293.0000000000
4490 -1292.0000000000
4503 -1290.0000000000
4539 -1289.0000000000
4542 -1288.0000000000
4558 -1287.0000000000
4606 -1284.0000000000
4662 -1283.0000000000
4675 -1282.0000000000
4687 -1281.0000000000
4707 -1280.0000000000
4719 -1277.0000000000
4768 -1275.0000000000
4810 -1273.0000000000
4835 -1272.0000000000
4859 -1270.0000000000
4876 -1269.0000000000
4922 -1267.0000000000
4935 -1266.0000000000
4952 -1264.0000000000
4964 -1263.0000000000
5005 -1262.0000000000
5050 -1259.0000000000
5113 -1256.0000000000
5179 -1250.0000000000
5231 -1249.0000000000
5277 -1248.0000000000
5282 -1246.0000000000
5321 -1245.0000000000
5324 -1244.0000000000
5342 -1242.0000000000
5358 -1239.0000000000
5364 -1237.0000000000
5446 -1236.0000000000
5472 -1235.0000000000
5506 -1234.0000000000
5522 -1229.0000000000
5621 -1227.0000000000
5629 -1226.0000000000
5646 -1224.0000000000
5689 -1223.0000000000
5696 -1222.0000000000
5709 -1220.0000000000
5736 -1218.0000000000
5756 -1217.0000000000
5763 -1214.0000000000
5802 -1211.0000000000
5844 -1210.0000000000
5917 -1209.0000000000
5926 -1208.0000000000
5937 -1205.0000000000
5964 -1204.0000000000
6023 -1201.0000000000
6047 -1199.0000000000
6097 -1198.0000000000
6114 -1196.0000000000
6145 -1194.0000000000
6193 -1193.0000000000
6203 -1192.0000000000
6231 -1191.0000000000
6240 -1190.0000000000
6264 -1189.0000000000
6281 -1187.0000000000
6306 -1186.0000000000
6319 -1185.0000000000
6343 -1183.0000000000
6371 -1182.0000000000
6391 -1181.0000000000
6428 -1180.0000000000
6431 -1179.0000000000
6464 -1178.0000000000
6475 -1176.0000000000
6483 -1173.0000000000
6507 -1172.0000000000
6530 -1170.0000000000
6549 -1169.0000000000
6566 -1167.0000000000
6586 -1166.0000000000
6608 -1165.0000000000
6623 -1163.0000000000
6645 -1162.0000000000
6663 -1161.0000000000
6702 -1159.0000000000
6727 -1157.0000000000
6755 -1156.0000000000
6766 -1153.0000000000
6817 -1150.0000000000
6882 -1149.0000000000
6903 -1146.0000000000
6945 -1143.0000000000
7014 -1142.0000000000
7038 -1138.0000000000
7061 -1137.0000000000
7066 -1136.0000000000
7095 -1135.0000000000
7121 -1134.0000000000
7130 -1133.0000000000
7137 -1132.0000000000
7147 -1131.0000000000
7155 -1130.0000000000
7208 -1127.0000000000
7246 -1126.0000000000
7250 -1125.0000000000
7262 -1124.0000000000
7282 -1123.0000000000
7283 -1121.0000000000
7340 -1120.0000000000
7355 -1119.0000000000
7367 -1117.0000000000
7407 -1116.0000000000
7410 -1115.0000000000
7422 -1114.0000000000
7440 -1113.0000000000
7473 -1111.0000000000
7511 -1110.0000000000
7540 -1108.0000000000
7582 -1107.0000000000
7592 -1105.0000000000
7609 -1102.0000000000
7644 -1099.0000000000
7691 -1098.0000000000
7718 -1096.0000000000
7731 -1094.0000000000
7773 -1092.0000000000
7824 -1090.0000000000
7857 -1088.0000000000
7870 -1087.0000000000
7917 -1086.0000000000
7940 -1085.0000000000
7956 -1084.0000000000
7965 -1083.0000000000
7975 -1082.0000000000
7997 -1081.0000000000
8032 -1076.0000000000
8127 -1075.0000000000
8150 -1074.0000000000
8155 -1073.0000000000
8180 -1072.0000000000
8182 -1071.0000000000
8245 -1070.0000000000
8255 -1068.0000000000
8313 -1067.0000000000
8321 -1065.0000000000
8342 -1060.0000000000
8421 -1058.0000000000
8462 -1057.0000000000
8463 -1055.0000000000
8504 -1053.0000000000
8533 -1052.0000000000
8547 -1051.0000000000
8582 -1050.0000000000
8591 -1048.0000000000
8602 -1046.0000000000
8604 -1044.0000000000
8664 -1043.0000000000
8689 -1041.0000000000
8714 -1038.0000000000
8732 -1036.0000000000
8773 -1035.0000000000
8796 -1034.0000000000
8833 -1032.0000000000
8845 -1031.0000000000
8863 -1029.0000000000
8910 -1028.0000000000
8928 -1027.0000000000
8958 -1025.0000000000
9004 -1024.0000000000
9026 -1021.0000000000
9086 -1017.0000000000
9152 -1016.0000000000
9165 -1015.0000000000
9183 -1013.0000000000
9205 -1012.0000000000
9226 -1009.0000000000
9249 -1008.0000000000
9287 -1002.0000000000
9361 -998.0000000000
9442 -996.0000000000
9453 -994.0000000000
9478 -993.0000000000
9484 -991.0000000000
9514 -989.0000000000
9567 -986.0000000000
9584 -985.0000000000
9621 -984.0000000000
9649 -982.0000000000
9661 -979.0000000000
9688 -978.0000000000
9715 -977.0000000000
9765 -976.0000000000
9768 -975.0000000000
9783 -973.0000000000
9822 -972.0000000000
9839 -971.0000000000
9854 -969.0000000000
9869 -968.0000000000
9902 -967.0000000000
9911 -965.0000000000
9937 -964.0000000000
9961 -962.0000000000
9985 -961.0000000000
9992 -960.0000000000
10004 -959.0000000000
10021 -958.0000000000
10077 -957.0000000000
10092 -956.0000000000
10107 -954.0000000000
10124 -952.0000000000
10173 -951.0000000000
10179 -950.0000000000
10186 -948.0000000000
10208 -947.0000000000
10245 -946.0000000000
10258 -943.0000000000
10318 -941.0000000000
10343 -940.0000000000
10355 -939.0000000000
10381 -937.0000000000
10393 -935.0000000000
10451 -932.0000000000
10481 -931.0000000000
10489 -928.0000000000
10500 -927.0000000000
10502 -926.0000000000
10543 -922.0000000000
10584 -919.0000000000
10627 -918.0000000000
10649 -917.0000000000
10713 -916.0000000000
10728 -915.0000000000
10749 -914.0000000000
10762 -911.0000000000
10811 -909.0000000000
10853 -907.0000000000
10864 -906.0000000000
10919 -904.0000000000
10941 -903.0000000000
10950 -902.0000000000
11021 -901.0000000000
11080 -900.0000000000
11088 -898.0000000000
11135 -897.0000000000
11150 -896.0000000000
11174 -895.0000000000
11200 -894.0000000000
11207 -893.0000000000
11228 -892.0000000000
11267 -890.0000000000
11322 -889.0000000000
11326 -887.0000000000
11382 -885.0000000000
11422 -882.0000000000
11512 -881.0000000000
11544 -879.0000000000
11590 -877.0000000000
11623 -876.0000000000
11654 -872.0000000000
11705 -870.0000000000
11763 -869.0000000000
11787 -868.0000000000
11804 -867.0000000000
11824 -866.0000000000
11865 -865.0000000000
11887 -864.0000000000
11922 -863.0000000000
11992 -862.0000000000
11996 -861.0000000000
12017 -860.0000000000
12033 -858.0000000000
12102 -857.0000000000
12112 -856.0000000000
12134 -855.0000000000
12169 -853.0000000000
12244 -849.0000000000
12337 -848.0000000000
12356 -846.0000000000
12383 -845.0000000000
12427 -844.0000000000
12441 -841.0000000000
12498 -836.0000000000
12576 -833.0000000000
12629 -832.0000000000
12635 -831.0000000000
12674 -830.0000000000
12731 -827.0000000000
12788 -826.0000000000
12810 -825.0000000000
12846 -822.0000000000
12875 -821.0000000000
12926 -820.0000000000
12935 -818.0000000000
12993 -816.0000000000
13008 -815.0000000000
13052 -813.0000000000
13082 -810.0000000000
13147 -809.0000000000
13203 -807.0000000000
13248 -806.0000000000
13257 -805.0000000000
13272 -803.0000000000
13317 -802.0000000000
13368 -801.0000000000
13412 -798.0000000000
13459 -797.0000000000
13487 -796.0000000000
13529 -795.0000000000
13548 -793.0000000000
13561 -792.0000000000
13602 -790.0000000000
13648 -789.0000000000
13684 -788.0000000000
13723 -786.0000000000
13782 -785.0000000000
13787 -784.0000000000
13803 -780.0000000000
13855 -779.0000000000
13942 -777.0000000000
13987 -775.0000000000
14015 -773.0000000000
14046 -772.0000000000
14076 -769.0000000000
14141 -767.0000000000
14169 -766.0000000000
14220 -765.0000000000
14231 -764.0000000000
14269 -763.0000000000
14288 -762.0000000000
14309 -761.0000000000
14324 -760.0000000000
14378 -759.0000000000
14381 -757.0000000000
14418 -755.0000000000
14432 -754.0000000000
14436 -753.0000000000
14500 -751.0000000000
14538 -750.0000000000
14544 -747.0000000000
14605 -745.0000000000
14617 -744.0000000000
14631 -743.0000000000
14646 -742.0000000000
14683 -741.0000000000
14709 -738.0000000000
14761 -737.0000000000
14770 -736.0000000000
14772 -734.0000000000
14801 -733.0000000000
14829 -731.0000000000
14869 -730.0000000000
14888 -729.0000000000
14900 -728.0000000000
14923 -727.0000000000
14959 -725.0000000000
15012 -722.0000000000
15033 -720.0000000000
15077 -719.0000000000
15091 -715.0000000000
15164 -714.0000000000
15201 -713.0000000000
15207 -712.0000000000
15238 -710.0000000000
15305 -709.0000000000
15352 -706.0000000000
15363 -705.0000000000
15450 -704.0000000000
15451 -702.0000000000
15528 -701.0000000000
15548 -700.0000000000
15564 -699.0000000000
15617 -698.0000000000
15625 -697.0000000000
15656 -696.0000000000
15687 -695.0000000000
15709 -692.0000000000
15750 -691.0000000000
15779 -688.0000000000
15812 -687.0000000000
15824 -685.0000000000
15889 -684.0000000000
15907 -682.0000000000
15938 -681.0000000000
15974 -679.0000000000
16005 -676.0000000000
16042 -675.0000000000
16093 -670.0000000000
16154 -669.0000000000
16176 -668.0000000000
16204 -666.0000000000
16243 -664.0000000000
16270 -663.0000000000
16296 -662.0000000000
16343 -661.0000000000
16388 -660.0000000000
16409 -659.0000000000
16433 -658.0000000000
16465 -656.0000000000
16504 -655.0000000000
16510 -654.0000000000
16522 -653.0000000000
16573 -652.0000000000
16603 -649.0000000000
16643 -648.0000000000
16697 -644.0000000000
16772 -643.0000000000
16782 -640.0000000000
16832 -639.0000000000
16844 -638.0000000000
16921 -637.0000000000
16942 -636.0000000000
16953 -635.0000000000
16972 -633.0000000000
17017 -632.0000000000
17041 -631.0000000000
17094 -630.0000000000
17110 -629.0000000000
17158 -628.0000000000
17178 -627.0000000000
17201 -626.0000000000
17264 -625.0000000000
17286 -623.0000000000
17347 -622.0000000000
17358 -621.0000000000
17419 -620.0000000000
17446 -619.0000000000
17494 -617.0000000000
17525 -616.0000000000
17573 -615.0000000000
17584 -614.0000000000
17604 -613.0000000000
17632 -612.0000000000
17693 -611.0000000000
17703 -610.0000000000
17736 -609.0000000000
17741 -608.0000000000
17783 -606.0000000000
17810 -605.0000000000
17824 -604.0000000000
17912 -603.0000000000
17930 -602.0000000000
17951 -601.0000000000
17956 -599.0000000000
18024 -598.0000000000
18104 -597.0000000000
18106 -595.0000000000
18173 -594.0000000000
18186 -593.0000000000
18205 -592.0000000000
18249 -590.0000000000
18299 -589.0000000000
18330 -586.0000000000
18362 -585.0000000000
18396 -584.0000000000
18428 -583.0000000000
18441 -582.0000000000
18461 -581.0000000000
18530 -580.0000000000
18544 -579.0000000000
18545 -578.0000000000
18589 -576.0000000000
18615 -575.0000000000
18631 -574.0000000000
18644 -573.0000000000
18692 -572.0000000000
18698 -571.0000000000
18727 -570.0000000000
18735 -569.0000000000
18782 -568.0000000000
18836 -567.0000000000
18848 -564.0000000000
18912 -562.0000000000
18947 -560.0000000000
18972 -558.0000000000
19042 -557.0000000000
19076 -556.0000000000
19084 -555.0000000000
19111 -554.0000000000
19135 -553.0000000000
19138 -552.0000000000
19144 -551.0000000000
19171 -550.0000000000
19207 -549.0000000000
19291 -548.0000000000
19317 -546.0000000000
19385 -544.0000000000
19414 -542.0000000000
19469 -541.0000000000
19542 -539.0000000000
19564 -537.0000000000
19678 -535.0000000000
19680 -534.0000000000
19713 -533.0000000000
19767 -531.0000000000
19820 -530.0000000000
19837 -529.0000000000
19860 -527.0000000000
19937 -524.0000000000
19989 -523.0000000000
19994 -522.0000000000
20041 -520.0000000000
20127 -518.0000000000
20177 -516.0000000000
20258 -515.0000000000
20267 -514.0000000000
20286 -513.0000000000
20287 -512.0000000000
20328 -511.0000000000
20341 -510.0000000000
20382 -509.0000000000
20401 -508.0000000000
20434 -507.0000000000
20463 -505.0000000000
20521 -504.0000000000
20531 -503.0000000000
20544 -502.0000000000
20572 -498.0000000000
20621 -497.0000000000
20663 -496.0000000000
20664 -495.0000000000
20692 -493.0000000000
20736 -492.0000000000
20769 -491.0000000000
20838 -488.0000000000
20883 -487.0000000000
20926 -486.0000000000
20965 -485.0000000000
21015 -484.0000000000
21074 -482.0000000000
21109 -481.0000000000
21180 -480.0000000000
21202 -479.0000000000
21206 -478.0000000000
21221 -476.0000000000
21317 -475.0000000000
21336 -474.0000000000
21375 -472.0000000000
21413 -471.0000000000
21430 -470.0000000000
21449 -469.0000000000
21454 -467.0000000000
21512 -466.0000000000
21514 -465.0000000000
21561 -463.0000000000
21581 -461.0000000000
21682 -460.0000000000
21689 -458.0000000000
21776 -457.0000000000
21785 -456.0000000000
21835 -455.0000000000
21867 -454.0000000000
21915 -453.0000000000
21975 -452.0000000000
22005 -451.0000000000
22041 -449.0000000000
22103 -448.0000000000
22139 -447.0000000000
22185 -445.0000000000
22225 -444.0000000000
22249 -443.0000000000
22268 -442.0000000000
22308 -440.0000000000
22315 -439.0000000000
22347 -438.0000000000
22360 -437.0000000000
22444 -436.0000000000
22509 -435.0000000000
22514 -434.0000000000
22526 -433.0000000000
22571 -430.0000000000
22630 -429.0000000000
22680 -428.0000000000
22690 -427.0000000000
22712 -425.0000000000
22734 -424.0000000000
22766 -423.0000000000
22807 -421.0000000000
22870 -420.0000000000
22893 -417.0000000000
22970 -416.0000000000
22998 -415.0000000000
23047 -414.0000000000
23075 -413.0000000000
23129 -412.0000000000
23156 -411.0000000000
23172 -410.0000000000
23187 -408.0000000000
23236 -407.0000000000
23272 -406.0000000000
23308 -405.0000000000
23339 -404.0000000000
23390 -402.0000000000
23456 -401.0000000000
23489 -400.0000000000
23534 -399.0000000000
23600 -397.0000000000
23649 -396.0000000000
23666 -394.0000000000
23763 -393.0000000000
23807 -392.0000000000
23843 -391.0000000000
23873 -390.0000000000
23927 -389.0000000000
23989 -388.0000000000
24005 -387.0000000000
24025 -386.0000000000
24074 -385.0000000000
24099 -384.0000000000
24112 -383.0000000000
24168 -382.0000000000
24188 -381.0000000000
24194 -380.0000000000
24242 -378.0000000000
24286 -376.0000000000
24368 -375.0000000000
24402 -374.0000000000
24417 -373.0000000000
24458 -372.0000000000
24483 -371.0000000000
24521 -370.0000000000
24562 -369.0000000000
24584 -368.0000000000
24643 -366.0000000000
24657 -365.0000000000
24681 -364.0000000000
24732 -363.0000000000
24762 -362.0000000000
24852 -361.0000000000
24870 -360.0000000000
24889 -359.0000000000
24945 -358.0000000000
25009 -357.0000000000
25046 -356.0000000000
25097 -355.0000000000
25136 -354.0000000000
25158 -353.0000000000
25208 -352.0000000000
25241 -351.0000000000
25250 -350.0000000000
25306 -349.0000000000
25333 -348.0000000000
25402 -346.0000000000
25432 -345.0000000000
25483 -343.0000000000
25551 -342.0000000000
25572 -341.0000000000
25625 -340.0000000000
25664 -339.0000000000
25727 -336.0000000000
25763 -335.0000000000
25820 -334.0000000000
25907 -332.0000000000
25965 -331.0000000000
26005 -330.0000000000
26041 -329.0000000000
26086 -328.0000000000
26104 -327.0000000000
26142 -326.0000000000
26172 -325.0000000000
26254 -324.0000000000
26274 -323.0000000000
26310 -322.0000000000
26384 -321.0000000000
26446 -320.0000000000
26496 -318.0000000000
26545 -315.0000000000
26686 -314.0000000000
26743 -313.0000000000
26761 -311.0000000000
26837 -309.0000000000
26856 -308.0000000000
26929 -307.0000000000
26963 -305.0000000000
27028 -304.0000000000
27048 -303.0000000000
27089 -302.0000000000
27151 -300.0000000000
27245 -299.0000000000
27286 -298.0000000000
27342 -296.0000000000
27434 -295.0000000000
27554 -294.0000000000
27565 -293.0000000000
27656 -292.0000000000
27711 -291.0000000000
27742 -290.0000000000
27832 -289.0000000000
27838 -288.0000000000
27885 -286.0000000000
27951 -284.0000000000
28054 -282.0000000000
28078 -281.0000000000
28115 -280.0000000000
28193 -279.0000000000
28207 -278.0000000000
28257 -277.0000000000
28353 -276.0000000000
28360 -275.0000000000
28388 -274.0000000000
28410 -273.0000000000
28432 -270.0000000000
28532 -269.0000000000
28563 -268.0000000000
28605 -267.0000000000
28635 -266.0000000000
28669 -265.0000000000
28740 -264.0000000000
28779 -263.0000000000
28807 -262.0000000000
28850 -260.0000000000
28868 -259.0000000000
28890 -258.0000000000
28962 -257.0000000000
28983 -256.0000000000
29054 -255.0000000000
29086 -254.0000000000
29112 -253.0000000000
29126 -252.0000000000
29166 -251.0000000000
29209 -250.0000000000
29245 -249.0000000000
29259 -248.0000000000
29323 -247.0000000000
29370 -246.0000000000
29372 -245.0000000000
29459 -244.0000000000
29496 -243.0000000000
29525 -242.0000000000
29560 -241.0000000000
29584 -239.0000000000
29645 -238.0000000000
29674 -236.0000000000
29713 -235.0000000000
29784 -234.0000000000
29857 -233.0000000000
29879 -232.0000000000
29917 -231.0000000000
29960 -230.0000000000
30011 -229.0000000000
30041 -228.0000000000
30062 -227.0000000000
30081 -226.0000000000
30122 -225.0000000000
30173 -224.0000000000
30285 -223.0000000000
30306 -222.0000000000
30337 -221.0000000000
30386 -219.0000000000
30535 -218.0000000000
30573 -217.0000000000
30651 -216.0000000000
30726 -215.0000000000
30743 -214.0000000000
30769 -213.0000000000
30840 -212.0000000000
30855 -211.0000000000
30947 -210.0000000000
30997 -209.0000000000
31027 -208.0000000000
31085 -207.0000000000
31116 -206.0000000000
31163 -205.0000000000
31183 -204.0000000000
31232 -203.0000000000
31260 -202.0000000000
31300 -201.0000000000
31336 -200.0000000000
31381 -199.0000000000
31425 -198.0000000000
31462 -197.0000000000
31537 -196.0000000000
31601 -195.0000000000
31704 -194.0000000000
31817 -193.0000000000
31835 -192.0000000000
31881 -191.0000000000
31925 -190.0000000000
31964 -189.0000000000
32037 -188.0000000000
32040 -187.0000000000
32130 -186.0000000000
32158 -185.0000000000
32236 -184.0000000000
32261 -183.0000000000
32269 -182.0000000000
32370 -181.0000000000
32397 -179.0000000000
32474 -178.0000000000
32499 -176.0000000000
32544 -175.0000000000
32584 -174.0000000000
32630 -173.0000000000
32713 -172.0000000000
32774 -171.0000000000
32847 -169.0000000000
32884 -168.0000000000
32961 -166.0000000000
33040 -165.0000000000
33126 -164.0000000000
33212 -163.0000000000
33279 -162.0000000000
33293 -161.0000000000
33327 -160.0000000000
33386 -159.0000000000
33435 -158.0000000000
33516 -157.0000000000
33577 -156.0000000000
33586 -155.0000000000
33654 -154.0000000000
33727 -153.0000000000
33829 -152.0000000000
33861 -151.0000000000
33946 -150.0000000000
33994 -149.0000000000
34022 -147.0000000000
34109 -146.0000000000
34124 -145.0000000000
34279 -144.0000000000
34299 -143.0000000000
34352 -141.0000000000
34411 -140.0000000000
34442 -139.0000000000
34465 -138.0000000000
34548 -137.0000000000
34599 -136.0000000000
34671 -135.0000000000
34769 -134.0000000000
34812 -133.0000000000
34975 -132.0000000000
35010 -130.0000000000
35104 -129.0000000000
35257 -128.0000000000
35272 -127.0000000000
35318 -126.0000000000
35401 -125.0000000000
35449 -124.0000000000
35504 -123.0000000000
35553 -122.0000000000
35559 -121.0000000000
35563 -120.0000000000
35679 -118.0000000000
35768 -117.0000000000
35856 -116.0000000000
35907 -114.0000000000
35923 -113.0000000000
36034 -112.0000000000
36131 -111.0000000000
36196 -110.0000000000
36237 -109.0000000000
36292 -108.0000000000
36460 -107.0000000000
36508 -106.0000000000
36585 -105.0000000000
36664 -104.0000000000
36760 -103.0000000000
36783 -102.0000000000
36865 -101.0000000000
36937 -100.0000000000
37004 -99.0000000000
37042 -98.0000000000
37170 -97.0000000000
37204 -96.0000000000
37310 -95.0000000000
37323 -94.0000000000
37425 -93.0000000000
37462 -92.0000000000
37514 -91.0000000000
37632 -90.0000000000
37636 -89.0000000000
37732 -88.0000000000
37848 -87.0000000000
37853 -86.0000000000
38003 -85.0000000000
38199 -84.0000000000
38294 -83.0000000000
38411 -82.0000000000
38475 -81.0000000000
38536 -80.0000000000
38638 -79.0000000000
38666 -77.0000000000
38709 -76.0000000000
38782 -75.0000000000
38801 -74.0000000000
38890 -73.0000000000
38950 -72.0000000000
39098 -71.0000000000
39222 -70.0000000000
39335 -69.0000000000
39522 -68.0000000000
39581 -67.0000000000
39691 -66.0000000000
39820 -65.0000000000
40036 -64.0000000000
40126 -63.0000000000
40209 -62.0000000000
40325 -61.0000000000
40421 -60.0000000000
40431 -59.0000000000
40624 -58.0000000000
40728 -57.0000000000
40785 -56.0000000000
40828 -55.0000000000
41057 -54.0000000000
41121 -53.0000000000
41368 -52.0000000000
41474 -51.0000000000
41548 -50.0000000000
41610 -49.0000000000
41735 -48.0000000000
41837 -47.0000000000
41882 -45.0000000000
41989 -44.0000000000
42097 -43.0000000000
42100 -42.0000000000
42111 -41.0000000000
42210 -40.0000000000
42266 -39.0000000000
42345 -38.0000000000
42582 -37.0000000000
42771 -36.0000000000
42818 -35.0000000000
42853 -34.0000000000
42897 -33.0000000000
43006 -32.0000000000
43129 -31.0000000000
43210 -30.0000000000
43348 -29.0000000000
43739 -28.0000000000
43782 -27.0000000000
43986 -26.0000000000
44046 -25.0000000000
44079 -24.0000000000
44217 -23.0000000000
44396 -22.0000000000
44405 -21.0000000000
44517 -20.0000000000
44574 -18.0000000000
44661 -16.0000000000
44737 -15.0000000000
44873 -14.0000000000
44897 -13.0000000000
45017 -12.0000000000
45096 -11.0000000000
45201 -10.0000000000
45404 -9.0000000000
45504 -8.0000000000
45610 -7.0000000000
45761 -6.0000000000
45798 -5.0000000000
45992 -4.0000000000
46125 -3.0000000000
46342 -2.0000000000
46428 -1.0000000000
46537 368.6700000000
46597 387.9100000000
46818 397.2600000000
46839 399.9000000000
47581 402.4900000000
48794 402.5900000000
49028 407.1800000000
54891 408.1300000000
57187 408.3900000000
68564 418.4300000000
69935 432.9700000000
70272 437.6700000000
88767 441.4600000000
100000 384.1100000000
evaluations raw_y
1 -2021.0000000000
2 -1983.0000000000
6 -1928.0000000000
7 -1889.0000000000
103 -1869.0000000000
124 -1868.0000000000
133 -1864.0000000000
143 -1863.0000000000
155 -1841.0000000000
158 -1818.0000000000
184 -1817.0000000000
221 -1811.0000000000
223 -1807.0000000000
224 -1801.0000000000
225 -1793.0000000000
244 -1779.0000000000
258 -1774.0000000000
282 -1767.0000000000
310 -1749.0000000000
354 -1745.0000000000
364 -1734.0000000000
380 -1725.0000000000
409 -1721.0000000000
425 -1714.0000000000
428 -1690.0000000000
522 -1683.0000000000
544 -1679.0000000000
555 -1667.0000000000
569 -1664.0000000000
585 -1658.0000000000
617 -1648.0000000000
627 -1643.0000000000
643 -1640.0000000000
648 -1639.0000000000
659 -1631.0000000000
661 -1624.0000000000
664 -1620.0000000000
688 -1619.0000000000
708 -1614.0000000000
727 -1612.0000000000
733 -1611.0000000000
747 -1609.0000000000
774 -1596.0000000000
781 -1593.0000000000
806 -1590.0000000000
821 -1580.0000000000
841 -1578.0000000000
861 -1568.0000000000
891 -1564.0000000000
904 -1545.0000000000
1003 -1532.0000000000
1062 -1527.0000000000
1093 -1521.0000000000
1129 -1520.0000000000
1148 -1518.0000000000
1161 -1516.0000000000
1169 -1515.0000000000
1172 -1513.0000000000
1192 -1511.0000000000
1213 -1504.0000000000
1258 -1503.0000000000
1262 -1501.0000000000
1284 -1499.0000000000
1312 -1495.0000000000
1341 -1493.0000000000
1345 -1491.0000000000
1401 -1489.0000000000
1424 -1487.0000000000
1434 -1486.0000000000
1436 -1484.0000000000
1477 -1481.0000000000
1503 -1478.0000000000
1539 -1477.0000000000
1561 -1473.0000000000
1589 -1471.0000000000
1596 -1470.0000000000
1630 -1469.0000000000
1648 -1466.0000000000
1653 -1465.0000000000
1695 -1462.0000000000
1708 -1461.0000000000
1724 -1460.0000000000
1765 -1458.0000000000
1806 -1454.0000000000
1841 -1453.0000000000
1870 -1451.0000000000
1875 -1450.0000000000
1897 -1449.0000000000
1925 -1446.0000000000
1947 -1445.0000000000
1996 -1443.0000000000
2005 -1442.0000000000
2038 -1440.0000000000
2056 -1439.0000000000
2063 -1438.0000000000
2078 -1436.0000000000
2118 -1435.0000000000
2141 -1434.0000000000
2171 -1432.0000000000
2187 -1430.0000000000
2243 -1428.0000000000
2257 -1426.0000000000
2301 -1424.0000000000
2337 -1423.0000000000
2355 -1422.0000000000
2360 -1419.0000000000
2387 -1414.0000000000
2482 -1413.0000000000
2508 -1412.0000000000
2525 -1410.0000000000
2572 -1409.0000000000
2602 -1408.0000000000
2623 -1406.0000000000
2626 -1404.0000000000
2650 -1403.0000000000
2676 -1402.0000000000
2702 -1397.0000000000
2784 -1395.0000000000
2831 -1394.0000000000
2836 -1393.0000000000
2845 -1390.0000000000
2891 -1387.0000000000
2903 -1386.0000000000
2924 -1385.0000000000
2956 -1384.0000000000
2977 -1383.0000000000
2991 -1382.0000000000
3016 -1380.0000000000
3033 -1374.0000000000
3050 -1373.0000000000
3098 -1370.0000000000
3127 -1369.0000000000
3142 -1367.0000000000
3172 -1366.0000000000
3178 -1365.0000000000
3196 -1364.0000000000
3254 -1363.0000000000
3261 -1361.0000000000
3300 -1360.0000000000
3313 -1357.0000000000
3346 -1356.0000000000
3371 -1355.0000000000
3382 -1354.0000000000
3406 -1352.0000000000
3472 -1350.0000000000
3480 -1349.0000000000
3505 -1348.0000000000
3506 -1346.0000000000
3527 -1345.0000000000
3542 -1344.0000000000
3563 -1343.0000000000
3564 -1341.0000000000
3573 -1338.0000000000
3637 -1337.0000000000
3660 -1336.0000000000
3671 -1335.0000000000
3700 -1334.0000000000
3724 -1329.0000000000
3745 -1328.0000000000
3758 -1327.0000000000
3802 -1326.0000000000
3818 -1325.0000000000
3819 -1323.0000000000
3843 -1321.0000000000
3894 -1320.0000000000
3900 -1319.0000000000
3919 -1318.0000000000
3920 -1317.0000000000
3956 -1314.0000000000
4006 -1313.0000000000
4021 -1312.0000000000
4025 -1310.0000000000
4044 -1309.0000000000
4106 -1308.0000000000
4121 -1307.0000000000
4133 -1306.0000000000
4151 -1305.0000000000
4152 -1304.0000000000
4179 -1303.0000000000
4183 -1302.0000000000
4218 -1297.0000000000
4242 -1295.0000000000
4265 -1294.0000000000
4331 -1293.0000000000
4339 -1291.0000000000
4365 -1290.0000000000
4391 -1289.0000000000
4413 -1288.0000000000
4419 -1287.0000000000
4423 -1286.0000000000
4469 -1284.0000000000
4471 -1283.0000000000
4535 -1282.0000000000
4538 -1281.0000000000
4584 -1280.0000000000
4591 -1279.0000000000
4603 -1278.0000000000
4612 -1276.0000000000
4645 -1275.0000000000
4650 -1273.0000000000
4660 -1271.0000000000
4722 -1270.0000000000
4729 -1269.0000000000
4750 -1266.0000000000
4795 -1265.0000000000
4821 -1263.0000000000
4848 -1262.0000000000
4866 -1261.0000000000
4901 -1259.0000000000
4915 -1258.0000000000
4928 -1257.0000000000
4954 -1255.0000000000
4973 -1254.0000000000
4980 -1253.0000000000
5023 -1252.0000000000
5027 -1249.0000000000
5066 -1246.0000000000
5107 -1245.0000000000
5117 -1243.0000000000
5125 -1241.0000000000
5126 -1239.0000000000
5161 -1238.0000000000
5173 -1235.0000000000
5213 -1231.0000000000
5282 -1230.0000000000
5323 -1229.0000000000
5324 -1228.0000000000
5359 -1226.0000000000
5360 -1224.0000000000
5406 -1221.0000000000
5435 -1219.0000000000
5459 -1217.0000000000
5461 -1216.0000000000
5474 -1214.0000000000
5524 -1213.0000000000
5539 -1211.0000000000
5572 -1209.0000000000
5598 -1208.0000000000
5605 -1207.0000000000
5621 -1206.0000000000
5643 -1205.0000000000
5661 -1201.0000000000
5714 -1199.0000000000
5720 -1198.0000000000
5721 -1197.0000000000
5732 -1196.0000000000
5781 -1195.0000000000
5789 -1193.0000000000
5821 -1190.0000000000
5869 -1189.0000000000
5910 -1187.0000000000
5937 -1185.0000000000
5951 -1184.0000000000
5963 -1182.0000000000
6000 -1181.0000000000
6031 -1180.0000000000
6063 -1179.0000000000
6085 -1177.0000000000
6102 -1173.0000000000
6174 -1172.0000000000
6193 -1169.0000000000
6218 -1168.0000000000
6234 -1167.0000000000
6270 -1166.0000000000
6288 -1165.0000000000
6290 -1164.0000000000
6306 -1163.0000000000
6322 -1159.0000000000
6402 -1158.0000000000
6421 -1157.0000000000
6423 -1155.0000000000
6476 -1152.0000000000
6518 -1149.0000000000
6522 -1148.0000000000
6580 -1147.0000000000
6593 -1146.0000000000
6598 -1145.0000000000
6601 -1144.0000000000
6628 -1141.0000000000
6687 -1139.0000000000
6701 -1138.0000000000
6713 -1137.0000000000
6721 -1135.0000000000
6784 -1133.0000000000
6796 -1132.0000000000
6841 -1131.0000000000
6862 -1130.0000000000
6885 -1128.0000000000
6917 -1127.0000000000
6965 -1125.0000000000
6979 -1124.0000000000
7008 -1121.0000000000
7043 -1119.0000000000
7106 -1117.0000000000
7109 -1111.0000000000
7204 -1108.0000000000
7254 -1107.0000000000
7268 -1106.0000000000
7310 -1104.0000000000
7330 -1102.0000000000
7374 -1100.0000000000
7381 -1099.0000000000
7451 -1098.0000000000
7464 -1096.0000000000
7504 -1094.0000000000
7529 -1093.0000000000
7541 -1092.0000000000
7542 -1091.0000000000
7567 -1090.0000000000
7588 -1088.0000000000
7621 -1086.0000000000
7648 -1081.0000000000
7706 -1080.0000000000
7747 -1077.0000000000
7756 -1076.0000000000
7772 -1072.0000000000
7803 -1071.0000000000
7865 -1068.0000000000
7901 -1067.0000000000
7922 -1066.0000000000
7932 -1063.0000000000
7981 -1061.0000000000
8018 -1059.0000000000
8029 -1058.0000000000
8066 -1057.0000000000
8085 -1056.0000000000
8094 -1055.0000000000
8101 -1052.0000000000
8138 -1051.0000000000
8153 -1049.0000000000
8206 -1048.0000000000
8218 -1047.0000000000
8241 -1045.0000000000
8244 -1043.0000000000
8297 -1042.0000000000
8307 -1041.0000000000
8311 -1040.0000000000
8358 -1037.0000000000
8411 -1035.0000000000
8425 -1034.0000000000
8463 -1033.0000000000
8472 -1032.0000000000
8507 -1029.0000000000
8561 -1028.0000000000
8567 -1027.0000000000
8582 -1026.0000000000
8600 -1023.0000000000
8659 -1022.0000000000
8691 -1021.0000000000
8699 -1020.0000000000
8712 -1018.0000000000
8742 -1017.0000000000
8764 -1016.0000000000
8780 -1015.0000000000
8784 -1014.0000000000
8830 -1013.0000000000
8846 -1009.0000000000
8917 -1008.0000000000
8920 -1007.0000000000
8939 -1004.0000000000
8987 -1002.0000000000
8999 -1001.0000000000
9053 -1000.0000000000
9077 -999.0000000000
9079 -998.0000000000
9081 -997.0000000000
9091 -996.0000000000
9119 -995.0000000000
9172 -994.0000000000
9180 -993.0000000000
9215 -986.0000000000
9285 -984.0000000000
9328 -983.0000000000
9341 -981.0000000000
9360 -980.0000000000
9377 -979.0000000000
9389 -977.0000000000
9432 -973.0000000000
9492 -968.0000000000
9555 -967.0000000000
9562 -965.0000000000
9578 -964.0000000000
9603 -963.0000000000
9618 -961.0000000000
9674 -960.0000000000
9677 -957.0000000000
9724 -956.0000000000
9731 -955.0000000000
9769 -954.0000000000
9791 -953.0000000000
9797 -949.0000000000
9849 -946.0000000000
9871 -944.0000000000
9905 -943.0000000000
9938 -941.0000000000
9953 -940.0000000000
9983 -939.0000000000
9985 -937.0000000000
10044 -936.0000000000
10058 -933.0000000000
10106 -930.0000000000
10153 -928.0000000000
10200 -926.0000000000
10244 -925.0000000000
10273 -924.0000000000
10307 -921.0000000000
10327 -920.0000000000
10344 -919.0000000000
10347 -918.0000000000
10381 -914.0000000000
10456 -913.0000000000
10478 -912.0000000000
10503 -910.0000000000
10530 -909.0000000000
10532 -908.0000000000
10569 -907.0000000000
10584 -905.0000000000
10606 -904.0000000000
10632 -903.0000000000
10675 -901.0000000000
10713 -897.0000000000
10741 -896.0000000000
10768 -895.0000000000
10814 -894.0000000000
10836 -893.0000000000
10840 -892.0000000000
10847 -891.0000000000
10891 -889.0000000000
10896 -887.0000000000
10941 -884.0000000000
10987 -883.0000000000
11031 -880.0000000000
11063 -879.0000000000
11094 -877.0000000000
11108 -876.0000000000
11121 -875.0000000000
11158 -874.0000000000
11183 -873.0000000000
11214 -872.0000000000
11217 -871.0000000000
11232 -870.0000000000
11258 -868.0000000000
11307 -867.0000000000
11308 -865.0000000000
11345 -861.0000000000
11385 -859.0000000000
11416 -857.0000000000
11419 -855.0000000000
11445 -854.0000000000
11522 -853.0000000000
11537 -852.0000000000
11571 -851.0000000000
11607 -849.0000000000
11685 -848.0000000000
11689 -847.0000000000
11707 -846.0000000000
11715 -844.0000000000
11746 -843.0000000000
11761 -842.0000000000
11777 -841.0000000000
11791 -839.0000000000
11847 -838.0000000000
11855 -837.0000000000
11866 -836.0000000000
11898 -835.0000000000
11927 -834.0000000000
11941 -833.0000000000
11961 -831.0000000000
12018 -830.0000000000
12028 -827.0000000000
12053 -826.0000000000
12105 -825.0000000000
12120 -823.0000000000
12129 -822.0000000000
12181 -821.0000000000
12207 -820.0000000000
12221 -819.0000000000
12290 -813.0000000000
12361 -811.0000000000
12394 -809.0000000000
12435 -808.0000000000
12456 -807.0000000000
12465 -804.0000000000
12563 -803.0000000000
12604 -802.0000000000
12630 -801.0000000000
12636 -800.0000000000
12661 -798.0000000000
12718 -797.0000000000
12724 -793.0000000000
12781 -791.0000000000
12845 -788.0000000000
12901 -787.0000000000
12902 -785.0000000000
12907 -784.0000000000
12943 -783.0000000000
12966 -782.0000000000
12998 -779.0000000000
13026 -777.0000000000
13071 -775.0000000000
13113 -774.0000000000
13126 -773.0000000000
13167 -771.0000000000
13168 -770.0000000000
13208 -768.0000000000
13240 -767.0000000000
13243 -766.0000000000
13250 -764.0000000000
13253 -762.0000000000
13284 -761.0000000000
13322 -760.0000000000
13356 -757.0000000000
13406 -755.0000000000
13430 -754.0000000000
13483 -752.0000000000
13528 -751.0000000000
13557 -750.0000000000
13564 -749.0000000000
13640 -748.0000000000
13662 -747.0000000000
13695 -746.0000000000
13707 -743.0000000000
13746 -741.0000000000
13793 -740.0000000000
13828 -736.0000000000
13923 -735.0000000000
13945 -733.0000000000
14010 -731.0000000000
14044 -729.0000000000
14088 -728.0000000000
14142 -727.0000000000
14148 -726.0000000000
14194 -725.0000000000
14250 -724.0000000000
14257 -722.0000000000
14313 -720.0000000000
14361 -718.0000000000
14421 -717.0000000000
14445 -716.0000000000
14458 -715.0000000000
14478 -714.0000000000
14510 -711.0000000000
14568 -709.0000000000
14607 -707.0000000000
14647 -705.0000000000
14669 -703.0000000000
14727 -701.0000000000
14742 -699.0000000000
14824 -697.0000000000
14866 -696.0000000000
14869 -695.0000000000
14881 -694.0000000000
14921 -693.0000000000
14923 -692.0000000000
15004 -691.0000000000
15031 -690.0000000000
15064 -689.0000000000
15092 -686.0000000000
15174 -685.0000000000
15192 -682.0000000000
15227 -681.0000000000
15273 -680.0000000000
15303 -679.0000000000
15322 -677.0000000000
15350 -676.0000000000
15381 -675.0000000000
15402 -673.0000000000
15495 -672.0000000000
15522 -671.0000000000
15527 -670.0000000000
15545 -668.0000000000
15612 -667.0000000000
15625 -666.0000000000
15649 -665.0000000000
15666 -664.0000000000
15681 -663.0000000000
15714 -661.0000000000
15726 -659.0000000000
15751 -658.0000000000
15807 -657.0000000000
15822 -656.0000000000
15860 -653.0000000000
15950 -650.0000000000
15996 -648.0000000000
16058 -647.0000000000
16069 -646.0000000000
16123 -645.0000000000
16126 -644.0000000000
16158 -642.0000000000
16183 -641.0000000000
16197 -639.0000000000
16308 -637.0000000000
16342 -636.0000000000
16385 -635.0000000000
16406 -634.0000000000
16434 -633.0000000000
16495 -632.0000000000
16498 -631.0000000000
16521 -628.0000000000
16635 -626.0000000000
16679 -625.0000000000
16702 -624.0000000000
16719 -622.0000000000
16751 -621.0000000000
16782 -620.0000000000
16798 -619.0000000000
16832 -618.0000000000
16847 -617.0000000000
16907 -616.0000000000
16947 -614.0000000000
16964 -613.0000000000
16985 -612.0000000000
17002 -610.0000000000
17016 -609.0000000000
17067 -607.0000000000
17123 -606.0000000000
17142 -605.0000000000
17179 -603.0000000000
17207 -602.0000000000
17210 -601.0000000000
17249 -600.0000000000
17276 -598.0000000000
17327 -596.0000000000
17377 -594.0000000000
17381 -593.0000000000
17420 -592.0000000000
17468 -591.0000000000
17484 -589.0000000000
17564 -588.0000000000
17591 -585.0000000000
17648 -584.0000000000
17692 -583.0000000000
17726 -582.0000000000
17778 -579.0000000000
17811 -578.0000000000
17867 -577.0000000000
17907 -576.0000000000
17919 -575.0000000000
17983 -574.0000000000
18000 -572.0000000000
18035 -571.0000000000
18073 -569.0000000000
18107 -568.0000000000
18131 -567.0000000000
18186 -566.0000000000
18209 -565.0000000000
18243 -563.0000000000
18286 -562.0000000000
18326 -561.0000000000
18358 -560.0000000000
18405 -559.0000000000
18422 -558.0000000000
18423 -557.0000000000
18501 -556.0000000000
18539 -554.0000000000
18567 -553.0000000000
18601 -552.0000000000
18647 -550.0000000000
18670 -549.0000000000
18710 -546.0000000000
18788 -544.0000000000
18824 -543.0000000000
18830 -542.0000000000
18874 -541.0000000000
18908 -538.0000000000
18965 -537.0000000000
18985 -536.0000000000
19013 -535.0000000000
19041 -534.0000000000
19063 -532.0000000000
19081 -530.0000000000
19136 -528.0000000000
19137 -527.0000000000
19177 -526.0000000000
19206 -525.0000000000
19243 -524.0000000000
19265 -523.0000000000
19279 -522.0000000000
19306 -521.0000000000
19346 -520.0000000000
19392 -519.0000000000
19426 -518.0000000000
19448 -517.0000000000
19477 -516.0000000000
19521 -515.0000000000
19538 -514.0000000000
19545 -513.0000000000
19562 -511.0000000000
19628 -510.0000000000
19638 -509.0000000000
19652 -508.0000000000
19669 -507.0000000000
19703 -505.0000000000
19767 -504.0000000000
19801 -501.0000000000
19900 -499.0000000000
19935 -498.0000000000
19994 -497.0000000000
19998 -496.0000000000
20026 -493.0000000000
20063 -492.0000000000
20104 -491.0000000000
20127 -490.0000000000
20177 -489.0000000000
20183 -486.0000000000
20291 -483.0000000000
20406 -482.0000000000
20431 -481.0000000000
20461 -480.0000000000
20467 -479.0000000000
20471 -478.0000000000
20549 -477.0000000000
20553 -476.0000000000
20596 -475.0000000000
20599 -473.0000000000
20625 -471.0000000000
20702 -470.0000000000
20766 -469.0000000000
20774 -468.0000000000
20804 -467.0000000000
20825 -466.0000000000
20840 -463.0000000000
20906 -462.0000000000
20970 -461.0000000000
21005 -460.0000000000
21038 -459.0000000000
21082 -458.0000000000
21117 -455.0000000000
21200 -454.0000000000
21206 -452.0000000000
21274 -451.0000000000
21299 -450.0000000000
21327 -449.0000000000
21363 -448.0000000000
21393 -447.0000000000
21423 -446.0000000000
21432 -445.0000000000
21456 -443.0000000000
21519 -442.0000000000
21539 -441.0000000000
21545 -440.0000000000
21578 -437.0000000000
21645 -436.0000000000
21681 -433.0000000000
21771 -432.0000000000
21816 -430.0000000000
21835 -429.0000000000
21864 -427.0000000000
21923 -425.0000000000
21977 -423.0000000000
21994 -422.0000000000
21999 -421.0000000000
22007 -420.0000000000
22111 -419.0000000000
22149 -418.0000000000
22195 -417.0000000000
22252 -416.0000000000
22262 -415.0000000000
22298 -413.0000000000
22307 -412.0000000000
22374 -410.0000000000
22466 -408.0000000000
22506 -406.0000000000
22588 -405.0000000000
22603 -404.0000000000
22659 -403.0000000000
22721 -402.0000000000
22726 -400.0000000000
22802 -399.0000000000
22820 -398.0000000000
22822 -397.0000000000
22848 -396.0000000000
22864 -395.0000000000
22940 -393.0000000000
22970 -392.0000000000
22992 -391.0000000000
23024 -389.0000000000
23105 -388.0000000000
23144 -387.0000000000
23162 -386.0000000000
23212 -385.0000000000
23228 -384.0000000000
23233 -383.0000000000
23270 -382.0000000000
23286 -381.0000000000
23325 -379.0000000000
23390 -377.0000000000
23434 -376.0000000000
23480 -375.0000000000
23492 -374.0000000000
23500 -373.0000000000
23549 -372.0000000000
23574 -370.0000000000
23626 -368.0000000000
23701 -367.0000000000
23725 -366.0000000000
23813 -364.0000000000
23821 -362.0000000000
23943 -361.0000000000
23951 -360.0000000000
23970 -359.0000000000
24003 -356.0000000000
24092 -355.0000000000
24161 -353.0000000000
24190 -352.0000000000
24242 -350.0000000000
24263 -349.0000000000
24278 -348.0000000000
24325 -347.0000000000
24343 -346.0000000000
24437 -345.0000000000
24440 -344.0000000000
24464 -343.0000000000
24484 -342.0000000000
24534 -340.0000000000
24590 -338.0000000000
24642 -337.0000000000
24670 -335.0000000000
24769 -334.0000000000
24818 -333.0000000000
24831 -332.0000000000
24890 -331.0000000000
24921 -330.0000000000
24935 -329.0000000000
24940 -328.0000000000
25002 -327.0000000000
25052 -326.0000000000
25063 -325.0000000000
25123 -324.0000000000
25199 -322.0000000000
25252 -320.0000000000
25292 -319.0000000000
25344 -317.0000000000
25382 -316.0000000000
25412 -315.0000000000
25425 -314.0000000000
25463 -313.0000000000
25546 -311.0000000000
25581 -309.0000000000
25658 -308.0000000000
25669 -307.0000000000
25678 -306.0000000000
25706 -304.0000000000
25748 -303.0000000000
25810 -302.0000000000
25839 -301.0000000000
25874 -300.0000000000
25903 -299.0000000000
25944 -296.0000000000
26032 -295.0000000000
26047 -294.0000000000
26111 -293.0000000000
26141 -292.0000000000
26211 -291.0000000000
26222 -289.0000000000
26278 -288.0000000000
26302 -287.0000000000
26352 -286.0000000000
26407 -285.0000000000
26467 -284.0000000000
26481 -283.0000000000
26511 -282.0000000000
26577 -280.0000000000
26615 -279.0000000000
26659 -278.0000000000
26703 -277.0000000000
26743 -275.0000000000
26808 -274.0000000000
26833 -273.0000000000
26848 -272.0000000000
26866 -270.0000000000
26885 -269.0000000000
26965 -268.0000000000
27002 -267.0000000000
27033 -266.0000000000
27099 -264.0000000000
27142 -263.0000000000
27195 -262.0000000000
27212 -261.0000000000
27244 -260.0000000000
27355 -259.0000000000
27363 -258.0000000000
27404 -256.0000000000
27481 -255.0000000000
27541 -254.0000000000
27544 -253.0000000000
27641 -252.0000000000
27710 -251.0000000000
27773 -250.0000000000
27805 -249.0000000000
27851 -248.0000000000
27908 -245.0000000000
27992 -244.0000000000
28043 -243.0000000000
28072 -242.0000000000
28111 -241.0000000000
28120 -239.0000000000
28156 -238.0000000000
28197 -237.0000000000
28258 -233.0000000000
28366 -230.0000000000
28426 -229.0000000000
28461 -227.0000000000
28496 -226.0000000000
28497 -225.0000000000
28555 -224.0000000000
28585 -222.0000000000
28643 -221.0000000000
28679 -220.0000000000
28686 -219.0000000000
28760 -218.0000000000
28822 -217.0000000000
28830 -216.0000000000
28903 -215.0000000000
28969 -214.0000000000
29001 -213.0000000000
29112 -211.0000000000
29143 -210.0000000000
29195 -209.0000000000
29280 -208.0000000000
29330 -207.0000000000
29439 -206.0000000000
29462 -205.0000000000
29524 -204.0000000000
29587 -203.0000000000
29624 -202.0000000000
29678 -201.0000000000
29697 -200.0000000000
29733 -197.0000000000
29901 -196.0000000000
29921 -195.0000000000
29940 -194.0000000000
29966 -193.0000000000
30013 -192.0000000000
30053 -191.0000000000
30150 -190.0000000000
30200 -189.0000000000
30310 -188.0000000000
30358 -187.0000000000
30412 -186.0000000000
30484 -185.0000000000
30526 -184.0000000000
30626 -183.0000000000
30676 -181.0000000000
30712 -180.0000000000
30762 -179.0000000000
30773 -178.0000000000
30847 -176.0000000000
30941 -175.0000000000
30946 -174.0000000000
31009 -173.0000000000
31061 -172.0000000000
31163 -171.0000000000
31184 -169.0000000000
31284 -167.0000000000
31320 -166.0000000000
31343 -165.0000000000
31379 -164.0000000000
31402 -162.0000000000
31507 -160.0000000000
31606 -159.0000000000
31642 -158.0000000000
31667 -157.0000000000
31736 -156.0000000000
31801 -155.0000000000
31866 -154.0000000000
31941 -153.0000000000
32050 -152.0000000000
32088 -151.0000000000
32136 -150.0000000000
32222 -149.0000000000
32251 -148.0000000000
32282 -147.0000000000
32353 -146.0000000000
32402 -145.0000000000
32470 -144.0000000000
32479 -143.0000000000
32497 -141.0000000000
32613 -140.0000000000
32645 -139.0000000000
32716 -138.0000000000
32821 -137.0000000000
32850 -136.0000000000
32903 -135.0000000000
32966 -134.0000000000
33000 -133.0000000000
33086 -132.0000000000
33179 -131.0000000000
33186 -130.0000000000
33240 -129.0000000000
33443 -128.0000000000
33538 -127.0000000000
33650 -126.0000000000
33784 -125.0000000000
33851 -123.0000000000
33968 -122.0000000000
34035 -121.0000000000
34053 -120.0000000000
34227 -119.0000000000
34242 -118.0000000000
34391 -117.0000000000
34463 -116.0000000000
34588 -115.0000000000
34627 -114.0000000000
34777 -113.0000000000
34887 -112.0000000000
35065 -111.0000000000
35094 -110.0000000000
35171 -109.0000000000
35187 -108.0000000000
35258 -107.0000000000
35309 -106.0000000000
35353 -105.0000000000
35422 -104.0000000000
35540 -103.0000000000
35544 -102.0000000000
35602 -101.0000000000
35713 -100.0000000000
35919 -99.0000000000
36148 -98.0000000000
36240 -97.0000000000
36364 -96.0000000000
36448 -95.0000000000
36518 -94.0000000000
36568 -93.0000000000
36596 -92.0000000000
36623 -91.0000000000
36660 -90.0000000000
36704 -89.0000000000
36762 -88.0000000000
36809 -87.0000000000
36846 -86.0000000000
36966 -85.0000000000
37007 -84.0000000000
37144 -83.0000000000
37193 -82.0000000000
37418 -81.0000000000
37492 -80.0000000000
37541 -78.0000000000
37703 -77.0000000000
37795 -76.0000000000
37870 -75.0000000000
38015 -74.0000000000
38097 -73.0000000000
38110 -72.0000000000
38232 -71.0000000000
38344 -70.0000000000
38363 -69.0000000000
38442 -68.0000000000
38640 -67.0000000000
38805 -65.0000000000
38925 -64.0000000000
38957 -63.0000000000
39038 -62.0000000000
39115 -61.0000000000
39150 -60.0000000000
39234 -59.0000000000
39295 -58.0000000000
39366 -57.0000000000
39446 -55.0000000000
39610 -54.0000000000
39698 -53.0000000000
39759 -52.0000000000
39849 -51.0000000000
39878 -50.0000000000
40008 -49.0000000000
40074 -47.0000000000
40214 -46.0000000000
40302 -45.0000000000
40390 -44.0000000000
40519 -43.0000000000
40686 -42.0000000000
40870 -41.0000000000
40971 -40.0000000000
41024 -39.0000000000
41356 -38.0000000000
41642 -37.0000000000
41792 -36.0000000000
41980 -35.0000000000
42113 -34.0000000000
42175 -33.0000000000
42333 -32.0000000000
42469 -31.0000000000
42607 -30.0000000000
42738 -29.0000000000
43027 -28.0000000000
43111 -27.0000000000
43126 -26.0000000000
43295 -25.0000000000
43310 -24.0000000000
43379 -23.0000000000
43452 -22.0000000000
43582 -21.0000000000
43671 -20.0000000000
44330 -19.0000000000
44391 -18.0000000000
44504 -17.0000000000
44567 -16.0000000000
44683 -15.0000000000
44879 -14.0000000000
44980 -13.0000000000
45104 -12.0000000000
45164 -11.0000000000
45285 -10.0000000000
45516 -9.0000000000
45714 -8.0000000000
45753 -7.0000000000
45882 -5.0000000000
46065 -4.0000000000
46393 -3.0000000000
46440 -2.0000000000
46859 -1.0000000000
47064 359.5300000000
47090 365.6200000000
47105 372.7400000000
47168 396.9900000000
47233 402.0500000000
47288 410.2500000000
48421 417.3300000000
50329 425.3200000000
51504 426.8100000000
51968 428.4800000000
52121 440.4300000000
54502 446.3000000000
55548 448.9700000000
55729 449.1500000000
55774 450.3000000000
55808 454.6300000000
56252 457.0200000000
56410 461.2100000000
56704 461.2400000000
57298 467.3500000000
58888 470.9600000000
61752 474.3900000000
75388 479.5500000000
100000 -2.0000000000
evaluations raw_y
1 -1960.0000000000
4 -1945.0000000000
5 -1935.0000000000
6 -1932.0000000000
14 -1923.0000000000
39 -1901.0000000000
61 -1898.0000000000
63 -1880.0000000000
83 -1869.0000000000
84 -1863.0000000000
87 -1860.0000000000
123 -1850.0000000000
139 -1848.0000000000
143 -1830.0000000000
161 -1811.0000000000
200 -1808.0000000000
201 -1794.0000000000
261 -1791.0000000000
262 -1782.0000000000
284 -1781.0000000000
293 -1775.0000000000
301 -1770.0000000000
302 -1766.0000000000
304 -1760.0000000000
349 -1758.0000000000
360 -1751.0000000000
362 -1743.0000000000
398 -1720.0000000000
442 -1709.0000000000
491 -1696.0000000000
515 -1694.0000000000
522 -1681.0000000000
541 -1680.0000000000
559 -1679.0000000000
570 -1678.0000000000
578 -1677.0000000000
583 -1671.0000000000
586 -1665.0000000000
601 -1663.0000000000
637 -1656.0000000000
652 -1654.0000000000
658 -1652.0000000000
664 -1642.0000000000
676 -1637.0000000000
722 -1636.0000000000
729 -1626.0000000000
754 -1618.0000000000
802 -1617.0000000000
820 -1609.0000000000
850 -1606.0000000000
862 -1603.0000000000
865 -1598.0000000000
910 -1594.0000000000
913 -1591.0000000000
946 -1590.0000000000
958 -1588.0000000000
959 -1584.0000000000
962 -1580.0000000000
1013 -1579.0000000000
1017 -1566.0000000000
1056 -1563.0000000000
1086 -1559.0000000000
1127 -1556.0000000000
1139 -1554.0000000000
1178 -1553.0000000000
1195 -1552.0000000000
1202 -1550.0000000000
1207 -1547.0000000000
1243 -1545.0000000000
1275 -1543.0000000000
1281 -1541.0000000000
1287 -1540.0000000000
1298 -1539.0000000000
1306 -1538.0000000000
1336 -1537.0000000000
1352 -1535.0000000000
1357 -1533.0000000000
1398 -1532.0000000000
1413 -1531.0000000000
1419 -1526.0000000000
1472 -1524.0000000000
1488 -1522.0000000000
1516 -1521.0000000000
1529 -1520.0000000000
1532 -1517.0000000000
1562 -1514.0000000000
1604 -1513.0000000000
1619 -1511.0000000000
1662 -1510.0000000000
1676 -1505.0000000000
1729 -1502.0000000000
1784 -1500.0000000000
1821 -1499.0000000000
1824 -1497.0000000000
1842 -1495.0000000000
1845 -1494.0000000000
1873 -1493.0000000000
1887 -1489.0000000000
1921 -1487.0000000000
1948 -1486.0000000000
1964 -1482.0000000000
2012 -1481.0000000000
2045 -1480.0000000000
2055 -1476.0000000000
2082 -1475.0000000000
2103 -1473.0000000000
2133 -1472.0000000000
2150 -1471.0000000000
2157 -1470.0000000000
2163 -1469.0000000000
2168 -1468.0000000000
2219 -1467.0000000000
2225 -1466.0000000000
2262 -1464.0000000000
2272 -1463.0000000000
2316 -1462.0000000000
2324 -1461.0000000000
2358 -1459.0000000000
2380 -1457.0000000000
2395 -1455.0000000000
2433 -1454.0000000000
2461 -1453.0000000000
2462 -1452.0000000000
2469 -1451.0000000000
2494 -1450.0000000000
2519 -1449.0000000000
2527 -1447.0000000000
2581 -1444.0000000000
2605 -1443.0000000000
2609 -1440.0000000000
2644 -1438.0000000000
2672 -1437.0000000000
2715 -1436.0000000000
2726 -1435.0000000000
2746 -1432.0000000000
2782 -1430.0000000000
2821 -1426.0000000000
2858 -1425.0000000000
2879 -1422.0000000000
2898 -1421.0000000000
2924 -1419.0000000000
2968 -1416.0000000000
3029 -1414.0000000000
3061 -1411.0000000000
3074 -1410.0000000000
3105 -1409.0000000000
3139 -1408.0000000000
3170 -1407.0000000000
3184 -1406.0000000000
3185 -1404.0000000000
3207 -1403.0000000000
3214 -1401.0000000000
3235 -1397.0000000000
3291 -1396.0000000000
3322 -1394.0000000000
3355 -1389.0000000000
3424 -1388.0000000000
3452 -1387.0000000000
3454 -1384.0000000000
3463 -1381.0000000000
3483 -1380.0000000000
3491 -1378.0000000000
3552 -1376.0000000000
3584 -1375.0000000000
3585 -1374.0000000000
3587 -1373.0000000000
3607 -1372.0000000000
3623 -1371.0000000000
3630 -1370.0000000000
3667 -1366.0000000000
3725 -1365.0000000000
3741 -1364.0000000000
3742 -1363.0000000000
3762 -1362.0000000000
3767 -1360.0000000000
3785 -1357.0000000000
3814 -1356.0000000000
3821 -1353.0000000000
3870 -1352.0000000000
3885 -1351.0000000000
3922 -1348.0000000000
3952 -1346.0000000000
3968 -1345.0000000000
4004 -1344.0000000000
4022 -1339.0000000000
4047 -1338.0000000000
4096 -1337.0000000000
4097 -1336.0000000000
4135 -1334.0000000000
4163 -1331.0000000000
4184 -1330.0000000000
4233 -1329.0000000000
4253 -1328.0000000000
4266 -1327.0000000000
4285 -1326.0000000000
4302 -1323.0000000000
4348 -1322.0000000000
4360 -1320.0000000000
4382 -1319.0000000000
4421 -1317.0000000000
4460 -1316.0000000000
4486 -1313.0000000000
4513 -1310.0000000000
4536 -1309.0000000000
4558 -1308.0000000000
4570 -1305.0000000000
4627 -1303.0000000000
4650 -1302.0000000000
4667 -1301.0000000000
4691 -1299.0000000000
4701 -1297.0000000000
4735 -1295.0000000000
4770 -1294.0000000000
4785 -1290.0000000000
4856 -1287.0000000000
4889 -1285.0000000000
4945 -1283.0000000000
4975 -1279.0000000000
5022 -1278.0000000000
5072 -1277.0000000000
5092 -1275.0000000000
5099 -1274.0000000000
5147 -1273.0000000000
5163 -1271.0000000000
5165 -1268.0000000000
5231 -1267.0000000000
5233 -1266.0000000000
5258 -1262.0000000000
5271 -1261.0000000000
5314 -1260.0000000000
5321 -1258.0000000000
5375 -1257.0000000000
5380 -1256.0000000000
5383 -1254.0000000000
5417 -1253.0000000000
5436 -1251.0000000000
5481 -1250.0000000000
5486 -1249.0000000000
5526 -1244.0000000000
5569 -1243.0000000000
5582 -1241.0000000000
5624 -1240.0000000000
5649 -1239.0000000000
5666 -1236.0000000000
5707 -1234.0000000000
5725 -1232.0000000000
5774 -1230.0000000000
5824 -1228.0000000000
5829 -1227.0000000000
5856 -1226.0000000000
5886 -1224.0000000000
5889 -1223.0000000000
5913 -1222.0000000000
5918 -1219.0000000000
5930 -1218.0000000000
5934 -1216.0000000000
5947 -1212.0000000000
6030 -1209.0000000000
6045 -1208.0000000000
6056 -1206.0000000000
6094 -1202.0000000000
6132 -1201.0000000000
6146 -1200.0000000000
6150 -1197.0000000000
6205 -1196.0000000000
6238 -1195.0000000000
6247 -1193.0000000000
6276 -1192.0000000000
6283 -1191.0000000000
6311 -1190.0000000000
6316 -1188.0000000000
6360 -1186.0000000000
6394 -1185.0000000000
6417 -1184.0000000000
6426 -1183.0000000000
6443 -1181.0000000000
6454 -1180.0000000000
6484 -1179.0000000000
6504 -1177.0000000000
6545 -1175.0000000000
6568 -1174.0000000000
6590 -1172.0000000000
6621 -1171.0000000000
6645 -1169.0000000000
6690 -1168.0000000000
6714 -1166.0000000000
6720 -1164.0000000000
6746 -1161.0000000000
6765 -1160.0000000000
6788 -1159.0000000000
6840 -1157.0000000000
6861 -1156.0000000000
6878 -1154.0000000000
6941 -1153.0000000000
6950 -1152.0000000000
6958 -1151.0000000000
6971 -1150.0000000000
7036 -1149.0000000000
7054 -1148.0000000000
7056 -1145.0000000000
7113 -1144.0000000000
7127 -1143.0000000000
7142 -1142.0000000000
7171 -1140.0000000000
7184 -1138.0000000000
7214 -1137.0000000000
7217 -1136.0000000000
7233 -1135.0000000000
7256 -1133.0000000000
7265 -1131.0000000000
7322 -1130.0000000000
7323 -1129.0000000000
7351 -1128.0000000000
7357 -1126.0000000000
7374 -1124.0000000000
7409 -1122.0000000000
7486 -1121.0000000000
7489 -1120.0000000000
7512 -1119.0000000000
7529 -1118.0000000000
7535 -1117.0000000000
7567 -1114.0000000000
7637 -1113.0000000000
7639 -1112.0000000000
7644 -1111.0000000000
7673 -1110.0000000000
7719 -1109.0000000000
7723 -1108.0000000000
7731 -1106.0000000000
7748 -1104.0000000000
7783 -1103.0000000000
7800 -1102.0000000000
7825 -1101.0000000000
7853 -1100.0000000000
7878 -1099.0000000000
7886 -1098.0000000000
7902 -1096.0000000000
7939 -1092.0000000000
7985 -1091.0000000000
8016 -1089.0000000000
8049 -1088.0000000000
8067 -1087.0000000000
8091 -1086.0000000000
8095 -1084.0000000000
8113 -1082.0000000000
8142 -1081.0000000000
8173 -1079.0000000000
8202 -1076.0000000000
8262 -1075.0000000000
8303 -1073.0000000000
8331 -1072.0000000000
8349 -1071.0000000000
8368 -1070.0000000000
8382 -1069.0000000000
8401 -1068.0000000000
8424 -1067.0000000000
8450 -1064.0000000000
8501 -1062.0000000000
8525 -1061.0000000000
8603 -1060.0000000000
8612 -1058.0000000000
8621 -1056.0000000000
8690 -1055.0000000000
8704 -1054.0000000000
8748 -1052.0000000000
8764 -1050.0000000000
8824 -1049.0000000000
8832 -1047.0000000000
8854 -1045.0000000000
8863 -1044.0000000000
8931 -1043.0000000000
8961 -1041.0000000000
8982 -1040.0000000000
9005 -1039.0000000000
9029 -1038.0000000000
9061 -1037.0000000000
9067 -1036.0000000000
9100 -1034.0000000000
9124 -1033.0000000000
9142 -1031.0000000000
9218 -1029.0000000000
9244 -1028.0000000000
9276 -1027.0000000000
9287 -1026.0000000000
9312 -1024.0000000000
9364 -1023.0000000000
9386 -1020.0000000000
9421 -1019.0000000000
9430 -1017.0000000000
9482 -1016.0000000000
9529 -1015.0000000000
9538 -1014.0000000000
9571 -1013.0000000000
9574 -1011.0000000000
9626 -1007.0000000000
9661 -1006.0000000000
9703 -1005.0000000000
9717 -1004.0000000000
9743 -1001.0000000000
9784 -998.0000000000
9859 -996.0000000000
9870 -994.0000000000
9908 -993.0000000000
9918 -992.0000000000
9954 -991.0000000000
9974 -990.0000000000
9981 -989.0000000000
9988 -988.0000000000
10023 -986.0000000000
10061 -985.0000000000
10097 -984.0000000000
10101 -980.0000000000
10142 -979.0000000000
10177 -978.0000000000
10231 -976.0000000000
10272 -971.0000000000
10304 -970.0000000000
10351 -969.0000000000
10378 -968.0000000000
10382 -967.0000000000
10432 -966.0000000000
10443 -965.0000000000
10462 -962.0000000000
10498 -961.0000000000
10500 -960.0000000000
10527 -959.0000000000
10559 -958.0000000000
10581 -955.0000000000
10608 -954.0000000000
10626 -953.0000000000
10646 -951.0000000000
10664 -949.0000000000
10720 -946.0000000000
10742 -945.0000000000
10782 -944.0000000000
10796 -943.0000000000
10806 -941.0000000000
10841 -940.0000000000
10876 -939.0000000000
10907 -938.0000000000
10942 -937.0000000000
10951 -936.0000000000
10993 -935.0000000000
11012 -934.0000000000
11041 -930.0000000000
11114 -929.0000000000
11142 -927.0000000000
11145 -926.0000000000
11201 -924.0000000000
11255 -920.0000000000
11314 -919.0000000000
11361 -916.0000000000
11419 -914.0000000000
11427 -913.0000000000
11465 -912.0000000000
11478 -911.0000000000
11486 -910.0000000000
11515 -908.0000000000
11547 -907.0000000000
11570 -905.0000000000
11576 -904.0000000000
11613 -903.0000000000
11622 -901.0000000000
11655 -899.0000000000
11669 -898.0000000000
11694 -897.0000000000
11726 -895.0000000000
11749 -894.0000000000
11761 -893.0000000000
11764 -892.0000000000
11801 -891.0000000000
11802 -890.0000000000
11827 -886.0000000000
11860 -885.0000000000
11872 -884.0000000000
11943 -883.0000000000
11948 -881.0000000000
11963 -880.0000000000
11972 -879.0000000000
12016 -878.0000000000
12023 -877.0000000000
12039 -876.0000000000
12044 -875.0000000000
12064 -873.0000000000
12085 -872.0000000000
12121 -870.0000000000
12148 -869.0000000000
12150 -868.0000000000
12166 -867.0000000000
12198 -866.0000000000
12231 -865.0000000000
12251 -864.0000000000
12260 -863.0000000000
12321 -862.0000000000
12331 -861.0000000000
12386 -860.0000000000
12424 -859.0000000000
12440 -858.0000000000
12471 -856.0000000000
12501 -854.0000000000
12532 -852.0000000000
12559 -851.0000000000
12575 -849.0000000000
12612 -848.0000000000
12628 -847.0000000000
12698 -846.0000000000
12727 -845.0000000000
12739 -844.0000000000
12763 -843.0000000000
12782 -842.0000000000
12823 -840.0000000000
12847 -839.0000000000
12870 -838.0000000000
12896 -837.0000000000
12902 -836.0000000000
12955 -835.0000000000
12982 -832.0000000000
13031 -830.0000000000
13068 -827.0000000000
13103 -826.0000000000
13146 -825.0000000000
13168 -824.0000000000
13199 -823.0000000000
13209 -821.0000000000
13299 -820.0000000000
13330 -818.0000000000
13346 -817.0000000000
13364 -813.0000000000
13444 -809.0000000000
13482 -808.0000000000
13506 -807.0000000000
13536 -806.0000000000
13592 -804.0000000000
13628 -803.0000000000
13650 -798.0000000000
13733 -796.0000000000
13746 -795.0000000000
13787 -794.0000000000
13827 -793.0000000000
13873 -792.0000000000
13892 -791.0000000000
13902 -790.0000000000
13921 -789.0000000000
13923 -788.0000000000
13952 -787.0000000000
13972 -786.0000000000
13989 -785.0000000000
14022 -784.0000000000
14048 -783.0000000000
14072 -782.0000000000
14122 -781.0000000000
14133 -780.0000000000
14169 -779.0000000000
14202 -775.0000000000
14243 -774.0000000000
14245 -773.0000000000
14262 -772.0000000000
14292 -770.0000000000
14305 -769.0000000000
14320 -768.0000000000
14357 -767.0000000000
14365 -766.0000000000
14400 -763.0000000000
14422 -762.0000000000
14474 -761.0000000000
14485 -760.0000000000
14490 -759.0000000000
14554 -758.0000000000
14564 -757.0000000000
14574 -756.0000000000
14607 -754.0000000000
14665 -753.0000000000
14670 -752.0000000000
14671 -751.0000000000
14699 -750.0000000000
14733 -749.0000000000
14772 -748.0000000000
14782 -747.0000000000
14799 -746.0000000000
14801 -745.0000000000
14826 -744.0000000000
14857 -743.0000000000
14889 -742.0000000000
14904 -741.0000000000
14930 -740.0000000000
14932 -737.0000000000
14978 -736.0000000000
15034 -735.0000000000
15045 -734.0000000000
15091 -733.0000000000
15095 -731.0000000000
15161 -729.0000000000
15182 -727.0000000000
15188 -726.0000000000
15225 -724.0000000000
15263 -723.0000000000
15294 -722.0000000000
15313 -718.0000000000
15349 -717.0000000000
15398 -715.0000000000
15422 -714.0000000000
15441 -713.0000000000
15483 -709.0000000000
15586 -708.0000000000
15617 -706.0000000000
15620 -705.0000000000
15665 -704.0000000000
15691 -703.0000000000
15722 -701.0000000000
15783 -698.0000000000
15807 -697.0000000000
15843 -696.0000000000
15909 -695.0000000000
15913 -694.0000000000
15935 -693.0000000000
15968 -692.0000000000
16016 -691.0000000000
16045 -690.0000000000
16083 -689.0000000000
16110 -687.0000000000
16136 -686.0000000000
16172 -685.0000000000
16199 -683.0000000000
16201 -682.0000000000
16278 -680.0000000000
16326 -678.0000000000
16369 -677.0000000000
16401 -675.0000000000
16422 -673.0000000000
16483 -672.0000000000
16516 -671.0000000000
16531 -670.0000000000
16534 -669.0000000000
16547 -668.0000000000
16568 -667.0000000000
16598 -666.0000000000
16642 -664.0000000000
16683 -662.0000000000
16720 -660.0000000000
16780 -659.0000000000
16793 -657.0000000000
16807 -655.0000000000
16867 -653.0000000000
16919 -652.0000000000
16931 -648.0000000000
17013 -646.0000000000
17061 -644.0000000000
17101 -643.0000000000
17151 -641.0000000000
17198 -639.0000000000
17247 -638.0000000000
17270 -637.0000000000
17274 -636.0000000000
17307 -634.0000000000
17357 -633.0000000000
17401 -632.0000000000
17406 -630.0000000000
17454 -629.0000000000
17535 -628.0000000000
17568 -626.0000000000
17599 -625.0000000000
17604 -624.0000000000
17671 -623.0000000000
17704 -622.0000000000
17741 -621.0000000000
17744 -620.0000000000
17769 -619.0000000000
17846 -617.0000000000
17847 -616.0000000000
17880 -613.0000000000
17941 -612.0000000000
18024 -611.0000000000
18065 -610.0000000000
18071 -609.0000000000
18088 -608.0000000000
18163 -606.0000000000
18181 -603.0000000000
18287 -602.0000000000
18303 -601.0000000000
18324 -599.0000000000
18346 -598.0000000000
18370 -597.0000000000
18401 -596.0000000000
18408 -595.0000000000
18453 -594.0000000000
18509 -592.0000000000
18536 -591.0000000000
18566 -590.0000000000
18581 -588.0000000000
18641 -587.0000000000
18652 -586.0000000000
18693 -583.0000000000
18751 -582.0000000000
18763 -581.0000000000
18806 -580.0000000000
18813 -579.0000000000
18873 -577.0000000000
18883 -575.0000000000
18961 -574.0000000000
19001 -573.0000000000
19040 -572.0000000000
19077 -571.0000000000
19103 -569.0000000000
19172 -568.0000000000
19175 -567.0000000000
19228 -566.0000000000
19239 -565.0000000000
19265 -564.0000000000
19294 -563.0000000000
19310 -562.0000000000
19375 -561.0000000000
19386 -560.0000000000
19421 -558.0000000000
19494 -557.0000000000
19505 -556.0000000000
19558 -555.0000000000
19589 -553.0000000000
19621 -552.0000000000
19647 -551.0000000000
19663 -550.0000000000
19671 -549.0000000000
19710 -547.0000000000
19768 -546.0000000000
19836 -545.0000000000
19839 -544.0000000000
19897 -542.0000000000
19926 -541.0000000000
19946 -540.0000000000
19962 -537.0000000000
20084 -535.0000000000
20122 -533.0000000000
20192 -532.0000000000
20201 -531.0000000000
20224 -530.0000000000
20273 -528.0000000000
20282 -527.0000000000
20395 -525.0000000000
20401 -524.0000000000
20406 -523.0000000000
20449 -522.0000000000
20469 -521.0000000000
20494 -520.0000000000
20528 -518.0000000000
20616 -517.0000000000
20626 -516.0000000000
20648 -515.0000000000
20677 -514.0000000000
20752 -513.0000000000
20798 -512.0000000000
20810 -511.0000000000
20837 -510.0000000000
20875 -509.0000000000
20933 -508.0000000000
20948 -507.0000000000
21033 -504.0000000000
21112 -502.0000000000
21163 -501.0000000000
21165 -500.0000000000
21279 -497.0000000000
21322 -496.0000000000
21358 -495.0000000000
21372 -494.0000000000
21407 -493.0000000000
21447 -492.0000000000
21448 -491.0000000000
21546 -490.0000000000
21573 -489.0000000000
21618 -488.0000000000
21623 -487.0000000000
21652 -486.0000000000
21694 -484.0000000000
21728 -483.0000000000
21774 -482.0000000000
21821 -480.0000000000
21855 -478.0000000000
21924 -477.0000000000
21956 -476.0000000000
22004 -475.0000000000
22048 -474.0000000000
22090 -473.0000000000
22103 -472.0000000000
22179 -471.0000000000
22198 -470.0000000000
22228 -469.0000000000
22307 -468.0000000000
22321 -467.0000000000
22333 -465.0000000000
22401 -464.0000000000
22402 -463.0000000000
22424 -462.0000000000
22483 -460.0000000000
22490 -459.0000000000
22548 -457.0000000000
22621 -456.0000000000
22644 -454.0000000000
22704 -453.0000000000
22753 -450.0000000000
22790 -448.0000000000
22869 -447.0000000000
22895 -446.0000000000
22933 -442.0000000000
23038 -441.0000000000
23058 -440.0000000000
23075 -439.0000000000
23152 -438.0000000000
23201 -437.0000000000
23225 -436.0000000000
23254 -435.0000000000
23283 -434.0000000000
23302 -432.0000000000
23328 -431.0000000000
23417 -429.0000000000
23460 -428.0000000000
23465 -427.0000000000
23516 -426.0000000000
23546 -425.0000000000
23563 -424.0000000000
23602 -423.0000000000
23614 -422.0000000000
23648 -420.0000000000
23670 -419.0000000000
23707 -418.0000000000
23764 -414.0000000000
23844 -412.0000000000
23898 -410.0000000000
23937 -408.0000000000
23994 -406.0000000000
24068 -404.0000000000
24122 -402.0000000000
24175 -401.0000000000
24202 -400.0000000000
24220 -399.0000000000
24251 -397.0000000000
24261 -396.0000000000
24324 -394.0000000000
24383 -393.0000000000
24411 -391.0000000000
24454 -389.0000000000
24500 -388.0000000000
24507 -387.0000000000
24510 -386.0000000000
24553 -385.0000000000
24583 -383.0000000000
24641 -382.0000000000
24661 -381.0000000000
24689 -380.0000000000
24709 -379.0000000000
24746 -378.0000000000
24776 -377.0000000000
24785 -375.0000000000
24823 -373.0000000000
24871 -372.0000000000
24896 -371.0000000000
24934 -370.0000000000
24964 -368.0000000000
25023 -367.0000000000
25034 -366.0000000000
25051 -365.0000000000
25128 -364.0000000000
25165 -363.0000000000
25177 -362.0000000000
25196 -361.0000000000
25264 -360.0000000000
25332 -359.0000000000
25376 -358.0000000000
25397 -357.0000000000
25406 -356.0000000000
25429 -355.0000000000
25472 -354.0000000000
25493 -352.0000000000
25559 -350.0000000000
25562 -349.0000000000
25592 -348.0000000000
25632 -347.0000000000
25671 -346.0000000000
25717 -344.0000000000
25723 -343.0000000000
25791 -342.0000000000
25828 -340.0000000000
25867 -339.0000000000
25881 -337.0000000000
25988 -336.0000000000
26003 -335.0000000000
26025 -334.0000000000
26055 -333.0000000000
26130 -331.0000000000
26135 -330.0000000000
26168 -329.0000000000
26195 -328.0000000000
26207 -327.0000000000
26221 -326.0000000000
26303 -325.0000000000
26342 -324.0000000000
26378 -323.0000000000
26401 -322.0000000000
26453 -320.0000000000
26463 -319.0000000000
26491 -318.0000000000
26506 -316.0000000000
26595 -315.0000000000
26606 -313.0000000000
26680 -312.0000000000
26701 -310.0000000000
26753 -308.0000000000
26798 -307.0000000000
26846 -306.0000000000
26852 -305.0000000000
26866 -304.0000000000
26943 -303.0000000000
26963 -302.0000000000
26980 -301.0000000000
27012 -300.0000000000
27061 -299.0000000000
27106 -298.0000000000
27123 -297.0000000000
27184 -296.0000000000
27191 -295.0000000000
27241 -294.0000000000
27244 -293.0000000000
27256 -292.0000000000
27302 -291.0000000000
27337 -290.0000000000
27410 -289.0000000000
27429 -286.0000000000
27455 -285.0000000000
27541 -284.0000000000
27604 -283.0000000000
27647 -282.0000000000
27680 -280.0000000000
27812 -279.0000000000
27827 -278.0000000000
27857 -277.0000000000
27875 -275.0000000000
27978 -274.0000000000
28001 -273.0000000000
28047 -272.0000000000
28090 -271.0000000000
28101 -270.0000000000
28171 -269.0000000000
28197 -268.0000000000
28301 -266.0000000000
28347 -265.0000000000
28409 -264.0000000000
28438 -263.0000000000
28506 -261.0000000000
28565 -260.0000000000
28610 -259.0000000000
28616 -258.0000000000
28662 -256.0000000000
28756 -255.0000000000
28805 -254.0000000000
28824 -253.0000000000
28883 -252.0000000000
28885 -251.0000000000
28932 -250.0000000000
28988 -249.0000000000
29027 -248.0000000000
29058 -247.0000000000
29072 -246.0000000000
29090 -245.0000000000
29150 -244.0000000000
29155 -243.0000000000
29197 -242.0000000000
29245 -241.0000000000
29262 -240.0000000000
29339 -239.0000000000
29382 -238.0000000000
29416 -236.0000000000
29508 -235.0000000000
29544 -234.0000000000
29591 -233.0000000000
29620 -232.0000000000
29623 -231.0000000000
29701 -230.0000000000
29721 -228.0000000000
29805 -226.0000000000
29869 -225.0000000000
29951 -224.0000000000
30029 -223.0000000000
30079 -222.0000000000
30081 -221.0000000000
30160 -220.0000000000
30202 -218.0000000000
30268 -216.0000000000
30376 -215.0000000000
30448 -214.0000000000
30479 -212.0000000000
30535 -211.0000000000
30611 -210.0000000000
30627 -209.0000000000
30724 -208.0000000000
30776 -206.0000000000
30829 -205.0000000000
30858 -204.0000000000
30955 -203.0000000000
31006 -201.0000000000
31101 -200.0000000000
31148 -199.0000000000
31181 -198.0000000000
31267 -197.0000000000
31352 -196.0000000000
31366 -195.0000000000
31409 -194.0000000000
31463 -193.0000000000
31526 -192.0000000000
31563 -191.0000000000
31672 -190.0000000000
31706 -188.0000000000
31834 -187.0000000000
31869 -185.0000000000
31994 -184.0000000000
32026 -183.0000000000
32090 -182.0000000000
32187 -181.0000000000
32256 -180.0000000000
32314 -177.0000000000
32381 -176.0000000000
32438 -175.0000000000
32457 -174.0000000000
32489 -173.0000000000
32535 -171.0000000000
32613 -170.0000000000
32683 -169.0000000000
32709 -168.0000000000
32810 -167.0000000000
32870 -165.0000000000
32942 -164.0000000000
33040 -163.0000000000
33042 -162.0000000000
33109 -161.0000000000
33148 -160.0000000000
33186 -159.0000000000
33254 -157.0000000000
33337 -156.0000000000
33410 -155.0000000000
33464 -154.0000000000
33522 -153.0000000000
33624 -152.0000000000
33650 -151.0000000000
33685 -150.0000000000
33763 -149.0000000000
33841 -148.0000000000
33856 -147.0000000000
33904 -146.0000000000
33941 -145.0000000000
34025 -144.0000000000
34144 -142.0000000000
34305 -141.0000000000
34398 -140.0000000000
34453 -139.0000000000
34581 -138.0000000000
34660 -137.0000000000
34756 -136.0000000000
34833 -135.0000000000
34896 -134.0000000000
34927 -133.0000000000
34955 -132.0000000000
35031 -131.0000000000
35056 -129.0000000000
35154 -128.0000000000
35223 -127.0000000000
35349 -126.0000000000
35448 -125.0000000000
35498 -124.0000000000
35504 -123.0000000000
35522 -122.0000000000
35575 -121.0000000000
35661 -120.0000000000
35704 -119.0000000000
35714 -118.0000000000
35835 -117.0000000000
35866 -116.0000000000
35882 -115.0000000000
35976 -113.0000000000
36032 -112.0000000000
36167 -110.0000000000
36227 -109.0000000000
36331 -108.0000000000
36342 -107.0000000000
36410 -106.0000000000
36421 -105.0000000000
36479 -104.0000000000
36512 -103.0000000000
36556 -102.0000000000
36625 -101.0000000000
36666 -100.0000000000
36742 -99.0000000000
36761 -98.0000000000
36765 -97.0000000000
36884 -96.0000000000
36913 -95.0000000000
36996 -94.0000000000
37111 -93.0000000000
37194 -92.0000000000
37272 -91.0000000000
37303 -90.0000000000
37436 -89.0000000000
37470 -88.0000000000
37603 -87.0000000000
37675 -86.0000000000
37821 -85.0000000000
37863 -84.0000000000
37944 -83.0000000000
38037 -82.0000000000
38129 -81.0000000000
38183 -80.0000000000
38221 -79.0000000000
38267 -78.0000000000
38364 -77.0000000000
38428 -76.0000000000
38455 -75.0000000000
38509 -74.0000000000
38603 -73.0000000000
38668 -72.0000000000
38795 -71.0000000000
38871 -70.0000000000
39096 -69.0000000000
39236 -68.0000000000
39370 -67.0000000000
39581 -66.0000000000
39622 -65.0000000000
39691 -64.0000000000
39759 -63.0000000000
40044 -62.0000000000
40047 -61.0000000000
40263 -60.0000000000
40294 -59.0000000000
40314 -58.0000000000
40419 -57.0000000000
40420 -56.0000000000
40501 -55.0000000000
40546 -54.0000000000
40684 -53.0000000000
40730 -52.0000000000
40824 -51.0000000000
41018 -50.0000000000
41387 -49.0000000000
41417 -48.0000000000
41726 -47.0000000000
41860 -46.0000000000
41963 -45.0000000000
42068 -44.0000000000
42147 -43.0000000000
42262 -42.0000000000
42377 -41.0000000000
42422 -40.0000000000
42449 -39.0000000000
42603 -38.0000000000
42722 -37.0000000000
42824 -36.0000000000
42855 -35.0000000000
42975 -34.0000000000
43161 -33.0000000000
43388 -32.0000000000
43593 -31.0000000000
43827 -30.0000000000
43907 -29.0000000000
44071 -28.0000000000
44839 -27.0000000000
45049 -26.0000000000
45223 -25.0000000000
45404 -23.0000000000
45530 -22.0000000000
45624 -21.0000000000
45713 -20.0000000000
45793 -19.0000000000
46008 -18.0000000000
46089 -17.0000000000
46232 -16.0000000000
46429 -15.0000000000
46594 -14.0000000000
46625 -13.0000000000
47010 -12.0000000000
47161 -11.0000000000
47285 -10.0000000000
47325 -9.0000000000
47453 -8.0000000000
47467 -7.0000000000
47562 -5.0000000000
47694 -4.0000000000
47793 -3.0000000000
47888 -2.0000000000
47983 -1.0000000000
48022 328.8900000000
48103 335.8900000000
48119 342.8500000000
48162 353.6100000000
48220 357.4900000000
48322 358.3500000000
48357 368.2400000000
49073 372.4900000000
49145 372.8200000000
49393 419.1000000000
49441 436.4200000000
49675 450.2300000000
49719 453.5900000000
49749 459.7600000000
49764 481.8100000000
50089 483.5900000000
50347 485.4100000000
50454 490.0900000000
51096 495.1700000000
53676 497.6400000000
100000 -1.0000000000
evaluations raw_y
1 -1922.0000000000
11 -1908.0000000000
41 -1889.0000000000
64 -1888.0000000000
79 -1881.0000000000
82 -1879.0000000000
92 -1873.0000000000
112 -1866.0000000000
122 -1862.0000000000
136 -1848.0000000000
137 -1839.0000000000
148 -1827.0000000000
149 -1808.0000000000
180 -1798.0000000000
201 -1795.0000000000
206 -1793.0000000000
208 -1791.0000000000
228 -1773.0000000000
246 -1770.0000000000
261 -1759.0000000000
266 -1731.0000000000
306 -1710.0000000000
336 -1679.0000000000
368 -1666.0000000000
462 -1660.0000000000
472 -1659.0000000000
475 -1656.0000000000
478 -1647.0000000000
501 -1625.0000000000
538 -1618.0000000000
546 -1610.0000000000
581 -1600.0000000000
608 -1593.0000000000
616 -1590.0000000000
643 -1578.0000000000
670 -1576.0000000000
678 -1575.0000000000
689 -1574.0000000000
706 -1571.0000000000
710 -1566.0000000000
711 -1563.0000000000
714 -1560.0000000000
746 -1554.0000000000
784 -1552.0000000000
786 -1548.0000000000
804 -1544.0000000000
808 -1538.0000000000
827 -1530.0000000000
833 -1527.0000000000
875 -1524.0000000000
881 -1523.0000000000
890 -1522.0000000000
901 -1519.0000000000
908 -1517.0000000000
931 -1515.0000000000
945 -1514.0000000000
956 -1513.0000000000
960 -1510.0000000000
967 -1507.0000000000
977 -1504.0000000000
1003 -1499.0000000000
1050 -1496.0000000000
1065 -1492.0000000000
1070 -1486.0000000000
1103 -1484.0000000000
1104 -1481.0000000000
1128 -1479.0000000000
1148 -1478.0000000000
1155 -1470.0000000000
1186 -1465.0000000000
1219 -1463.0000000000
1225 -1459.0000000000
1231 -1458.0000000000
1244 -1457.0000000000
1289 -1447.0000000000
1318 -1441.0000000000
1343 -1440.0000000000
1361 -1433.0000000000
1416 -1429.0000000000
1441 -1426.0000000000
1461 -1425.0000000000
1484 -1424.0000000000
1491 -1422.0000000000
1494 -1421.0000000000
1544 -1420.0000000000
1545 -1419.0000000000
1562 -1415.0000000000
1605 -1414.0000000000
1620 -1413.0000000000
1628 -1412.0000000000
1649 -1411.0000000000
1654 -1410.0000000000
1660 -1408.0000000000
1693 -1407.0000000000
1701 -1404.0000000000
1729 -1403.0000000000
1769 -1399.0000000000
1822 -1397.0000000000
1860 -1395.0000000000
1890 -1392.0000000000
1926 -1391.0000000000
1937 -1388.0000000000
1985 -1387.0000000000
2002 -1385.0000000000
2028 -1384.0000000000
2039 -1383.0000000000
2044 -1382.0000000000
2065 -1381.0000000000
2103 -1380.0000000000
2109 -1378.0000000000
2141 -1377.0000000000
2145 -1376.0000000000
2150 -1374.0000000000
2179 -1373.0000000000
2211 -1372.0000000000
2213 -1370.0000000000
2235 -1369.0000000000
2251 -1365.0000000000
2265 -1362.0000000000
2324 -1360.0000000000
2344 -1358.0000000000
2364 -1356.0000000000
2393 -1353.0000000000
2433 -1352.0000000000
2460 -1349.0000000000
2488 -1346.0000000000
2522 -1343.0000000000
2567 -1342.0000000000
2593 -1339.0000000000
2621 -1338.0000000000
2622 -1336.0000000000
2667 -1334.0000000000
2682 -1333.0000000000
2724 -1332.0000000000
2726 -1330.0000000000
2761 -1327.0000000000
2786 -1325.0000000000
2826 -1324.0000000000
2861 -1322.0000000000
2883 -1321.0000000000
2907 -1319.0000000000
2927 -1318.0000000000
2959 -1317.0000000000
2984 -1314.0000000000
2988 -1313.0000000000
3030 -1311.0000000000
3047 -1310.0000000000
3052 -1309.0000000000
3060 -1308.0000000000
3076 -1307.0000000000
3081 -1304.0000000000
3117 -1303.0000000000
3123 -1302.0000000000
3157 -1301.0000000000
3159 -1298.0000000000
3189 -1296.0000000000
3226 -1295.0000000000
3240 -1294.0000000000
3250 -1293.0000000000
3264 -1292.0000000000
3277 -1291.0000000000
3307 -1290.0000000000
3321 -1289.0000000000
3350 -1288.0000000000
3356 -1285.0000000000
3386 -1284.0000000000
3392 -1283.0000000000
3425 -1282.0000000000
3433 -1279.0000000000
3478 -1278.0000000000
3483 -1277.0000000000
3518 -1275.0000000000
3527 -1274.0000000000
3566 -1272.0000000000
3584 -1271.0000000000
3592 -1270.0000000000
3644 -1269.0000000000
3674 -1267.0000000000
3695 -1266.0000000000
3708 -1265.0000000000
3729 -1262.0000000000
3766 -1261.0000000000
3799 -1260.0000000000
3805 -1259.0000000000
3823 -1256.0000000000
3887 -1254.0000000000
3903 -1253.0000000000
3918 -1252.0000000000
3928 -1251.0000000000
3952 -1250.0000000000
3958 -1248.0000000000
4002 -1247.0000000000
4025 -1246.0000000000
4040 -1245.0000000000
4041 -1243.0000000000
4051 -1241.0000000000
4064 -1240.0000000000
4112 -1237.0000000000
4142 -1236.0000000000
4156 -1235.0000000000
4163 -1233.0000000000
4176 -1230.0000000000
4241 -1229.0000000000
4281 -1228.0000000000
4294 -1227.0000000000
4296 -1226.0000000000
4356 -1221.0000000000
4409 -1216.0000000000
4482 -1215.0000000000
4514 -1214.0000000000
4526 -1213.0000000000
4541 -1212.0000000000
4556 -1209.0000000000
4567 -1208.0000000000
4592 -1206.0000000000
4622 -1205.0000000000
4633 -1204.0000000000
4645 -1203.0000000000
4649 -1202.0000000000
4688 -1200.0000000000
4710 -1199.0000000000
4761 -1198.0000000000
4770 -1194.0000000000
4848 -1192.0000000000
4853 -1191.0000000000
4863 -1190.0000000000
4872 -1189.0000000000
4873 -1187.0000000000
4911 -1186.0000000000
4942 -1185.0000000000
4965 -1182.0000000000
4987 -1181.0000000000
5005 -1180.0000000000
5014 -1179.0000000000
5048 -1178.0000000000
5058 -1177.0000000000
5065 -1175.0000000000
5078 -1173.0000000000
5102 -1172.0000000000
5122 -1170.0000000000
5155 -1169.0000000000
5185 -1168.0000000000
5202 -1167.0000000000
5204 -1166.0000000000
5206 -1165.0000000000
5221 -1164.0000000000
5224 -1163.0000000000
5276 -1162.0000000000
5282 -1159.0000000000
5301 -1158.0000000000
5346 -1155.0000000000
5362 -1154.0000000000
5404 -1152.0000000000
5425 -1151.0000000000
5456 -1150.0000000000
5470 -1149.0000000000
5491 -1147.0000000000
5506 -1146.0000000000
5561 -1144.0000000000
5596 -1143.0000000000
5603 -1142.0000000000
5628 -1141.0000000000
5636 -1140.0000000000
5643 -1139.0000000000
5647 -1138.0000000000
5686 -1137.0000000000
5711 -1133.0000000000
5728 -1132.0000000000
5774 -1129.0000000000
5826 -1128.0000000000
5846 -1125.0000000000
5865 -1121.0000000000
5939 -1120.0000000000
5956 -1118.0000000000
5968 -1117.0000000000
5984 -1116.0000000000
6043 -1115.0000000000
6047 -1114.0000000000
6059 -1111.0000000000
6100 -1110.0000000000
6124 -1109.0000000000
6167 -1108.0000000000
6197 -1107.0000000000
6203 -1104.0000000000
6264 -1103.0000000000
6274 -1101.0000000000
6276 -1100.0000000000
6318 -1098.0000000000
6332 -1096.0000000000
6343 -1095.0000000000
6382 -1093.0000000000
6421 -1091.0000000000
6450 -1090.0000000000
6502 -1089.0000000000
6510 -1087.0000000000
6525 -1086.0000000000
6543 -1084.0000000000
6589 -1083.0000000000
6608 -1082.0000000000
6619 -1080.0000000000
6642 -1078.0000000000
6650 -1076.0000000000
6700 -1075.0000000000
6707 -1074.0000000000
6763 -1072.0000000000
6803 -1070.0000000000
6827 -1068.0000000000
6862 -1067.0000000000
6888 -1066.0000000000
6898 -1064.0000000000
6907 -1063.0000000000
6927 -1062.0000000000
6946 -1059.0000000000
6965 -1058.0000000000
7021 -1057.0000000000
7071 -1055.0000000000
7087 -1054.0000000000
7122 -1053.0000000000
7144 -1052.0000000000
7186 -1051.0000000000
7196 -1050.0000000000
7201 -1049.0000000000
7211 -1048.0000000000
7221 -1047.0000000000
7266 -1046.0000000000
7268 -1044.0000000000
7307 -1043.0000000000
7363 -1041.0000000000
7397 -1039.0000000000
7434 -1037.0000000000
7447 -1035.0000000000
7470 -1034.0000000000
7480 -1032.0000000000
7501 -1031.0000000000
7551 -1030.0000000000
7562 -1029.0000000000
7586 -1026.0000000000
7614 -1023.0000000000
7652 -1022.0000000000
7668 -1019.0000000000
7723 -1018.0000000000
7778 -1017.0000000000
7787 -1013.0000000000
7821 -1011.0000000000
7845 -1010.0000000000
7904 -1009.0000000000
7936 -1008.0000000000
7955 -1007.0000000000
7988 -1005.0000000000
8013 -1002.0000000000
8048 -1001.0000000000
8081 -1000.0000000000
8103 -998.0000000000
8109 -997.0000000000
8129 -994.0000000000
8202 -993.0000000000
8230 -992.0000000000
8244 -991.0000000000
8245 -990.0000000000
8286 -989.0000000000
8310 -988.0000000000
8323 -987.0000000000
8341 -985.0000000000
8384 -984.0000000000
8404 -983.0000000000
8408 -981.0000000000
8446 -980.0000000000
8451 -976.0000000000
8465 -974.0000000000
8505 -972.0000000000
8527 -970.0000000000
8553 -967.0000000000
8625 -964.0000000000
8638 -962.0000000000
8664 -959.0000000000
8725 -958.0000000000
8752 -955.0000000000
8821 -954.0000000000
8824 -953.0000000000
8869 -952.0000000000
8882 -950.0000000000
8925 -948.0000000000
8955 -947.0000000000
8975 -945.0000000000
9021 -942.0000000000
9067 -941.0000000000
9118 -940.0000000000
9153 -939.0000000000
9173 -938.0000000000
9211 -936.0000000000
9239 -935.0000000000
9243 -934.0000000000
9288 -930.0000000000
9347 -929.0000000000
9383 -927.0000000000
9402 -926.0000000000
9421 -924.0000000000
9441 -922.0000000000
9468 -921.0000000000
9488 -920.0000000000
9523 -919.0000000000
9527 -917.0000000000
9543 -916.0000000000
9569 -913.0000000000
9664 -911.0000000000
9728 -909.0000000000
9733 -908.0000000000
9736 -907.0000000000
9739 -905.0000000000
9764 -904.0000000000
9787 -901.0000000000
9892 -900.0000000000
9908 -899.0000000000
9910 -897.0000000000
9963 -896.0000000000
10002 -895.0000000000
10007 -893.0000000000
10026 -891.0000000000
10049 -890.0000000000
10101 -888.0000000000
10120 -887.0000000000
10142 -886.0000000000
10162 -882.0000000000
10203 -881.0000000000
10273 -880.0000000000
10298 -878.0000000000
10324 -876.0000000000
10387 -875.0000000000
10433 -874.0000000000
10442 -873.0000000000
10463 -872.0000000000
10471 -871.0000000000
10495 -870.0000000000
10508 -867.0000000000
10567 -866.0000000000
10604 -865.0000000000
10615 -864.0000000000
10655 -863.0000000000
10658 -862.0000000000
10714 -861.0000000000
10718 -860.0000000000
10722 -859.0000000000
10741 -857.0000000000
10822 -856.0000000000
10842 -852.0000000000
10888 -850.0000000000
10903 -849.0000000000
10948 -848.0000000000
10983 -846.0000000000
11004 -845.0000000000
11007 -844.0000000000
11024 -843.0000000000
11038 -842.0000000000
11046 -840.0000000000
11104 -838.0000000000
11170 -837.0000000000
11178 -834.0000000000
11210 -833.0000000000
11257 -832.0000000000
11283 -831.0000000000
11302 -830.0000000000
11334 -827.0000000000
11379 -826.0000000000
11436 -825.0000000000
11444 -824.0000000000
11464 -822.0000000000
11472 -820.0000000000
11495 -819.0000000000
11521 -816.0000000000
11524 -815.0000000000
11590 -814.0000000000
11605 -813.0000000000
11613 -811.0000000000
11661 -809.0000000000
11736 -808.0000000000
11745 -805.0000000000
11808 -804.0000000000
11856 -803.0000000000
11857 -802.0000000000
11887 -801.0000000000
11905 -799.0000000000
11953 -798.0000000000
11985 -797.0000000000
12029 -796.0000000000
12046 -795.0000000000
12091 -794.0000000000
12101 -792.0000000000
12122 -791.0000000000
12165 -790.0000000000
12169 -789.0000000000
12221 -788.0000000000
12243 -787.0000000000
12285 -785.0000000000
12365 -784.0000000000
12377 -783.0000000000
12390 -781.0000000000
12408 -780.0000000000
12450 -779.0000000000
12464 -775.0000000000
12526 -774.0000000000
12529 -773.0000000000
12546 -771.0000000000
12591 -770.0000000000
12604 -769.0000000000
12622 -767.0000000000
12653 -766.0000000000
12685 -764.0000000000
12690 -763.0000000000
12754 -762.0000000000
12763 -760.0000000000
12787 -758.0000000000
12796 -756.0000000000
12861 -752.0000000000
12941 -749.0000000000
12986 -748.0000000000
12987 -745.0000000000
13055 -743.0000000000
13092 -742.0000000000
13101 -741.0000000000
13112 -739.0000000000
13113 -738.0000000000
13122 -736.0000000000
13200 -734.0000000000
13216 -731.0000000000
13228 -730.0000000000
13299 -729.0000000000
13302 -728.0000000000
13333 -727.0000000000
13351 -726.0000000000
13369 -724.0000000000
13397 -723.0000000000
13417 -722.0000000000
13482 -719.0000000000
13529 -718.0000000000
13546 -716.0000000000
13590 -715.0000000000
13604 -714.0000000000
13621 -713.0000000000
13625 -712.0000000000
13652 -711.0000000000
13693 -710.0000000000
13704 -709.0000000000
13757 -708.0000000000
13789 -705.0000000000
13876 -703.0000000000
13877 -700.0000000000
13972 -699.0000000000
13988 -698.0000000000
14003 -695.0000000000
14096 -694.0000000000
14097 -692.0000000000
14117 -691.0000000000
14130 -690.0000000000
14161 -689.0000000000
14189 -687.0000000000
14198 -686.0000000000
14253 -684.0000000000
14301 -683.0000000000
14344 -681.0000000000
14373 -679.0000000000
14397 -678.0000000000
14403 -677.0000000000
14442 -676.0000000000
14475 -674.0000000000
14494 -673.0000000000
14526 -672.0000000000
14543 -669.0000000000
14676 -668.0000000000
14692 -667.0000000000
14712 -666.0000000000
14739 -665.0000000000
14752 -664.0000000000
14818 -663.0000000000
14827 -662.0000000000
14898 -661.0000000000
14908 -660.0000000000
14951 -659.0000000000
14992 -656.0000000000
15060 -655.0000000000
15066 -654.0000000000
15082 -651.0000000000
15182 -650.0000000000
15183 -649.0000000000
15211 -647.0000000000
15242 -645.0000000000
15284 -644.0000000000
15304 -643.0000000000
15336 -641.0000000000
15382 -640.0000000000
15385 -639.0000000000
15413 -638.0000000000
15454 -635.0000000000
15463 -633.0000000000
15502 -631.0000000000
15569 -630.0000000000
15572 -629.0000000000
15617 -628.0000000000
15632 -627.0000000000
15665 -626.0000000000
15681 -625.0000000000
15721 -624.0000000000
15735 -623.0000000000
15751 -622.0000000000
15771 -621.0000000000
15781 -620.0000000000
15862 -619.0000000000
15863 -618.0000000000
15868 -617.0000000000
15885 -616.0000000000
15887 -615.0000000000
15929 -614.0000000000
15968 -611.0000000000
16045 -610.0000000000
16058 -609.0000000000
16076 -608.0000000000
16142 -606.0000000000
16179 -605.0000000000
16192 -602.0000000000
16213 -600.0000000000
16285 -599.0000000000
16346 -598.0000000000
16351 -597.0000000000
16425 -596.0000000000
16488 -595.0000000000
16496 -593.0000000000
16524 -592.0000000000
16531 -591.0000000000
16570 -590.0000000000
16603 -589.0000000000
16643 -588.0000000000
16687 -587.0000000000
16703 -585.0000000000
16755 -584.0000000000
16793 -583.0000000000
16827 -582.0000000000
16864 -581.0000000000
16889 -579.0000000000
16913 -578.0000000000
16962 -577.0000000000
16986 -576.0000000000
16991 -575.0000000000
17025 -574.0000000000
17037 -573.0000000000
17082 -572.0000000000
17086 -571.0000000000
17100 -570.0000000000
17113 -569.0000000000
17161 -568.0000000000
17163 -566.0000000000
17195 -563.0000000000
17250 -561.0000000000
17267 -560.0000000000
17283 -559.0000000000
17343 -558.0000000000
17367 -557.0000000000
17422 -556.0000000000
17440 -555.0000000000
17457 -554.0000000000
17484 -553.0000000000
17530 -552.0000000000
17573 -551.0000000000
17605 -548.0000000000
17683 -546.0000000000
17686 -543.0000000000
17793 -541.0000000000
17831 -540.0000000000
17862 -539.0000000000
17897 -538.0000000000
17943 -536.0000000000
17956 -535.0000000000
18022 -534.0000000000
18046 -533.0000000000
18058 -532.0000000000
18072 -531.0000000000
18098 -527.0000000000
18183 -526.0000000000
18210 -525.0000000000
18250 -524.0000000000
18292 -523.0000000000
18315 -522.0000000000
18323 -520.0000000000
18443 -518.0000000000
18506 -517.0000000000
18523 -516.0000000000
18535 -515.0000000000
18589 -514.0000000000
18609 -512.0000000000
18646 -511.0000000000
18683 -510.0000000000
18686 -509.0000000000
18707 -507.0000000000
18776 -506.0000000000
18782 -505.0000000000
18837 -504.0000000000
18841 -502.0000000000
18891 -500.0000000000
18943 -499.0000000000
18968 -498.0000000000
18985 -497.0000000000
19017 -496.0000000000
19048 -494.0000000000
19067 -492.0000000000
19085 -490.0000000000
19166 -488.0000000000
19189 -487.0000000000
19246 -486.0000000000
19265 -485.0000000000
19266 -484.0000000000
19331 -482.0000000000
19369 -481.0000000000
19393 -479.0000000000
19423 -476.0000000000
19462 -475.0000000000
19512 -474.0000000000
19571 -473.0000000000
19613 -472.0000000000
19625 -471.0000000000
19682 -469.0000000000
19731 -468.0000000000
19813 -467.0000000000
19838 -466.0000000000
19872 -465.0000000000
19901 -464.0000000000
19935 -463.0000000000
19965 -462.0000000000
20006 -461.0000000000
20017 -460.0000000000
20053 -459.0000000000
20087 -458.0000000000
20130 -457.0000000000
20144 -456.0000000000
20166 -455.0000000000
20201 -454.0000000000
20243 -453.0000000000
20245 -452.0000000000
20314 -451.0000000000
20339 -450.0000000000
20361 -449.0000000000
20407 -448.0000000000
20411 -447.0000000000
20467 -446.0000000000
20503 -445.0000000000
20525 -444.0000000000
20550 -443.0000000000
20580 -442.0000000000
20591 -441.0000000000
20628 -440.0000000000
20687 -438.0000000000
20724 -437.0000000000
20746 -436.0000000000
20781 -434.0000000000
20842 -433.0000000000
20854 -432.0000000000
20889 -431.0000000000
20906 -430.0000000000
20913 -429.0000000000
20992 -428.0000000000
21030 -427.0000000000
21036 -425.0000000000
21086 -424.0000000000
21108 -423.0000000000
21135 -422.0000000000
21196 -420.0000000000
21203 -419.0000000000
21259 -418.0000000000
21271 -416.0000000000
21328 -415.0000000000
21335 -414.0000000000
21354 -412.0000000000
21466 -411.0000000000
21497 -410.0000000000
21517 -409.0000000000
21603 -408.0000000000
21634 -407.0000000000
21643 -405.0000000000
21723 -403.0000000000
21834 -402.0000000000
21846 -401.0000000000
21855 -400.0000000000
21898 -398.0000000000
21946 -397.0000000000
22002 -395.0000000000
22021 -394.0000000000
22082 -393.0000000000
22144 -392.0000000000
22161 -391.0000000000
22190 -390.0000000000
22249 -389.0000000000
22292 -388.0000000000
22304 -387.0000000000
22358 -386.0000000000
22387 -385.0000000000
22416 -383.0000000000
22472 -382.0000000000
22502 -380.0000000000
22584 -379.0000000000
22586 -378.0000000000
22602 -377.0000000000
22648 -376.0000000000
22706 -374.0000000000
22750 -373.0000000000
22782 -372.0000000000
22854 -371.0000000000
22889 -370.0000000000
22904 -369.0000000000
22960 -368.0000000000
22993 -366.0000000000
23027 -365.0000000000
23099 -364.0000000000
23131 -363.0000000000
23208 -362.0000000000
23220 -360.0000000000
23286 -359.0000000000
23301 -358.0000000000
23382 -356.0000000000
23453 -355.0000000000
23486 -353.0000000000
23530 -352.0000000000
23569 -351.0000000000
23622 -350.0000000000
23661 -349.0000000000
23678 -348.0000000000
23703 -347.0000000000
23704 -346.0000000000
23744 -345.0000000000
23762 -343.0000000000
23814 -342.0000000000
23838 -341.0000000000
23898 -339.0000000000
23931 -338.0000000000
23941 -337.0000000000
24022 -336.0000000000
24047 -335.0000000000
24075 -334.0000000000
24104 -333.0000000000
24141 -332.0000000000
24177 -331.0000000000
24224 -330.0000000000
24270 -329.0000000000
24315 -328.0000000000
24396 -326.0000000000
24411 -325.0000000000
24424 -324.0000000000
24509 -321.0000000000
24558 -320.0000000000
24648 -319.0000000000
24711 -318.0000000000
24760 -317.0000000000
24805 -316.0000000000
24837 -315.0000000000
24885 -314.0000000000
24906 -312.0000000000
25019 -311.0000000000
25060 -310.0000000000
25096 -309.0000000000
25113 -308.0000000000
25167 -307.0000000000
25206 -306.0000000000
25270 -305.0000000000
25299 -303.0000000000
25322 -302.0000000000
25445 -301.0000000000
25459 -300.0000000000
25537 -298.0000000000
25605 -297.0000000000
25626 -296.0000000000
25737 -295.0000000000
25781 -294.0000000000
25836 -293.0000000000
25877 -292.0000000000
25886 -291.0000000000
25979 -290.0000000000
26001 -289.0000000000
26015 -288.0000000000
26097 -286.0000000000
26105 -282.0000000000
26237 -280.0000000000
26270 -279.0000000000
26304 -278.0000000000
26343 -276.0000000000
26397 -273.0000000000
26495 -272.0000000000
26539 -271.0000000000
26571 -270.0000000000
26630 -269.0000000000
26671 -268.0000000000
26744 -267.0000000000
26776 -266.0000000000
26791 -265.0000000000
26843 -264.0000000000
26916 -263.0000000000
26918 -262.0000000000
26988 -261.0000000000
27026 -260.0000000000
27063 -259.0000000000
27116 -258.0000000000
27154 -257.0000000000
27198 -256.0000000000
27219 -255.0000000000
27243 -254.0000000000
27345 -252.0000000000
27432 -251.0000000000
27442 -250.0000000000
27542 -249.0000000000
27562 -247.0000000000
27700 -246.0000000000
27761 -245.0000000000
27829 -244.0000000000
27874 -243.0000000000
27951 -241.0000000000
28034 -240.0000000000
28070 -239.0000000000
28093 -238.0000000000
28164 -237.0000000000
28211 -235.0000000000
28236 -234.0000000000
28300 -233.0000000000
28344 -232.0000000000
28370 -231.0000000000
28406 -229.0000000000
28428 -228.0000000000
28467 -227.0000000000
28543 -226.0000000000
28562 -225.0000000000
28629 -224.0000000000
28659 -223.0000000000
28670 -222.0000000000
28735 -221.0000000000
28761 -220.0000000000
28768 -219.0000000000
28873 -218.0000000000
28911 -217.0000000000
28930 -216.0000000000
28932 -215.0000000000
29021 -213.0000000000
29060 -212.0000000000
29148 -211.0000000000
29247 -209.0000000000
29304 -208.0000000000
29366 -207.0000000000
29472 -206.0000000000
29536 -205.0000000000
29592 -204.0000000000
29626 -202.0000000000
29694 -201.0000000000
29791 -200.0000000000
29803 -199.0000000000
29881 -198.0000000000
29907 -197.0000000000
29964 -196.0000000000
30020 -195.0000000000
30046 -194.0000000000
30070 -192.0000000000
30095 -191.0000000000
30180 -190.0000000000
30210 -189.0000000000
30226 -186.0000000000
30344 -185.0000000000
30392 -184.0000000000
30443 -183.0000000000
30464 -182.0000000000
30482 -181.0000000000
30564 -180.0000000000
30609 -179.0000000000
30644 -178.0000000000
30702 -177.0000000000
30762 -176.0000000000
30784 -175.0000000000
30885 -174.0000000000
30921 -173.0000000000
31039 -172.0000000000
31047 -171.0000000000
31078 -169.0000000000
31189 -167.0000000000
31227 -166.0000000000
31312 -165.0000000000
31354 -164.0000000000
31366 -163.0000000000
31459 -162.0000000000
31515 -161.0000000000
31546 -160.0000000000
31709 -159.0000000000
31710 -158.0000000000
31839 -157.0000000000
31935 -156.0000000000
31976 -155.0000000000
32132 -154.0000000000
32143 -153.0000000000
32155 -152.0000000000
32307 -151.0000000000
32407 -150.0000000000
32463 -149.0000000000
32638 -148.0000000000
32712 -147.0000000000
32863 -144.0000000000
33066 -143.0000000000
33117 -142.0000000000
33162 -141.0000000000
33231 -140.0000000000
33314 -139.0000000000
33341 -138.0000000000
33376 -137.0000000000
33390 -136.0000000000
33456 -134.0000000000
33463 -133.0000000000
33556 -132.0000000000
33565 -131.0000000000
33621 -130.0000000000
33652 -129.0000000000
33732 -128.0000000000
33788 -127.0000000000
33888 -126.0000000000
33901 -125.0000000000
33937 -124.0000000000
34002 -123.0000000000
34086 -122.0000000000
34117 -120.0000000000
34218 -119.0000000000
34226 -118.0000000000
34320 -117.0000000000
34355 -116.0000000000
34398 -115.0000000000
34519 -114.0000000000
34554 -113.0000000000
34673 -112.0000000000
34726 -111.0000000000
34778 -110.0000000000
34846 -108.0000000000
34926 -107.0000000000
34937 -106.0000000000
34992 -105.0000000000
35015 -104.0000000000
35197 -103.0000000000
35212 -102.0000000000
35338 -101.0000000000
35346 -100.0000000000
35444 -99.0000000000
35528 -98.0000000000
35601 -97.0000000000
35614 -96.0000000000
35768 -95.0000000000
35836 -94.0000000000
35990 -93.0000000000
36162 -92.0000000000
36171 -91.0000000000
36237 -90.0000000000
36313 -89.0000000000
36365 -88.0000000000
36390 -87.0000000000
36459 -86.0000000000
36524 -85.0000000000
36637 -84.0000000000
36825 -83.0000000000
36993 -82.0000000000
37105 -81.0000000000
37396 -80.0000000000
37545 -79.0000000000
37611 -78.0000000000
37687 -77.0000000000
37766 -76.0000000000
37821 -75.0000000000
37864 -74.0000000000
37995 -73.0000000000
38083 -72.0000000000
38504 -71.0000000000
38687 -70.0000000000
38704 -69.0000000000
38875 -68.0000000000
38987 -67.0000000000
39066 -66.0000000000
39215 -65.0000000000
39286 -64.0000000000
39436 -63.0000000000
39516 -62.0000000000
39647 -61.0000000000
39745 -60.0000000000
39802 -59.0000000000
39820 -58.0000000000
39858 -57.0000000000
39922 -56.0000000000
39943 -55.0000000000
40021 -54.0000000000
40074 -53.0000000000
40109 -52.0000000000
40167 -51.0000000000
40223 -50.0000000000
40330 -49.0000000000
40497 -48.0000000000
40642 -47.0000000000
40787 -46.0000000000
40843 -45.0000000000
40898 -44.0000000000
41026 -43.0000000000
41185 -42.0000000000
41295 -41.0000000000
41482 -40.0000000000
41568 -39.0000000000
41719 -38.0000000000
41756 -37.0000000000
41965 -36.0000000000
42083 -35.0000000000
42123 -34.0000000000
42284 -33.0000000000
42325 -32.0000000000
42510 -31.0000000000
42568 -30.0000000000
42913 -29.0000000000
43060 -28.0000000000
43115 -26.0000000000
43302 -25.0000000000
43501 -24.0000000000
43771 -23.0000000000
43954 -22.0000000000
44232 -21.0000000000
44378 -20.0000000000
44540 -19.0000000000
44780 -18.0000000000
44870 -17.0000000000
45064 -16.0000000000
45163 -15.0000000000
45326 -14.0000000000
45466 -13.0000000000
45545 -12.0000000000
45604 -11.0000000000
45746 -10.0000000000
45818 -9.0000000000
45946 -8.0000000000
46130 -7.0000000000
46352 -6.0000000000
46545 -5.0000000000
46702 -4.0000000000
46757 -3.0000000000
46839 -2.0000000000
47027 -1.0000000000
47118 337.8000000000
47156 362.7000000000
47291 364.9200000000
47342 367.3100000000
47506 374.3500000000
48016 375.6500000000
48412 376.5000000000
48443 381.8100000000
48754 382.8200000000
49028 383.3400000000
49385 388.0500000000
50082 388.2500000000
50756 392.7500000000
51210 397.3500000000
53504 408.3700000000
54286 485.7300000000
54552 498.0300000000
54577 515.2400000000
54725 521.3900000000
54840 525.1000000000
54903 525.7800000000
54944 527.3800000000
55178 539.7600000000
56151 543.7900000000
60109 545.8100000000
61929 549.1100000000
62203 550.8100000000
62243 551.0400000000
62508 554.0300000000
62752 556.7700000000
62773 559.7800000000
62795 560.0900000000
62835 560.4300000000
62984 561.1400000000
63000 573.6500000000
63095 573.7300000000
63659 574.5700000000
63842 579.8100000000
73762 581.8600000000
77338 582.0300000000
100000 -2.0000000000
evaluations raw_y
1 -1928.0000000000
16 -1909.0000000000
41 -1903.0000000000
73 -1891.0000000000
94 -1888.0000000000
104 -1877.0000000000
135 -1871.0000000000
144 -1858.0000000000
145 -1851.0000000000
147 -1845.0000000000
165 -1840.0000000000
170 -1836.0000000000
171 -1830.0000000000
179 -1812.0000000000
181 -1808.0000000000
185 -1800.0000000000
209 -1794.0000000000
229 -1776.0000000000
260 -1775.0000000000
264 -1762.0000000000
269 -1760.0000000000
281 -1754.0000000000
284 -1741.0000000000
306 -1734.0000000000
311 -1719.0000000000
335 -1717.0000000000
341 -1714.0000000000
358 -1707.0000000000
384 -1700.0000000000
421 -1690.0000000000
430 -1685.0000000000
451 -1678.0000000000
462 -1673.0000000000
502 -1667.0000000000
520 -1664.0000000000
532 -1654.0000000000
561 -1649.0000000000
569 -1648.0000000000
572 -1645.0000000000
577 -1635.0000000000
592 -1631.0000000000
619 -1625.0000000000
626 -1624.0000000000
642 -1622.0000000000
661 -1617.0000000000
669 -1614.0000000000
687 -1613.0000000000
694 -1612.0000000000
701 -1608.0000000000
706 -1606.0000000000
716 -1605.0000000000
719 -1604.0000000000
727 -1602.0000000000
736 -1598.0000000000
739 -1590.0000000000
780 -1587.0000000000
785 -1584.0000000000
820 -1576.0000000000
847 -1575.0000000000
848 -1572.0000000000
867 -1570.0000000000
868 -1568.0000000000
894 -1564.0000000000
905 -1560.0000000000
925 -1554.0000000000
954 -1551.0000000000
978 -1547.0000000000
994 -1543.0000000000
1050 -1535.0000000000
1056 -1533.0000000000
1085 -1532.0000000000
1106 -1528.0000000000
1129 -1525.0000000000
1141 -1520.0000000000
1142 -1519.0000000000
1167 -1516.0000000000
1199 -1515.0000000000
1200 -1514.0000000000
1202 -1513.0000000000
1204 -1510.0000000000
1225 -1509.0000000000
1244 -1507.0000000000
1280 -1506.0000000000
1287 -1502.0000000000
1298 -1501.0000000000
1303 -1498.0000000000
1336 -1497.0000000000
1346 -1491.0000000000
1379 -1489.0000000000
1387 -1488.0000000000
1418 -1483.0000000000
1440 -1482.0000000000
1497 -1479.0000000000
1532 -1477.0000000000
1566 -1475.0000000000
1602 -1473.0000000000
1622 -1472.0000000000
1658 -1468.0000000000
1697 -1467.0000000000
1699 -1465.0000000000
1711 -1464.0000000000
1726 -1461.0000000000
1744 -1460.0000000000
1779 -1459.0000000000
1799 -1456.0000000000
1825 -1455.0000000000
1851 -1450.0000000000
1923 -1447.0000000000
1943 -1446.0000000000
1984 -1440.0000000000
2029 -1439.0000000000
2049 -1437.0000000000
2082 -1436.0000000000
2118 -1435.0000000000
2120 -1434.0000000000
2132 -1433.0000000000
2147 -1430.0000000000
2187 -1429.0000000000
2207 -1428.0000000000
2208 -1426.0000000000
2254 -1423.0000000000
2296 -1422.0000000000
2299 -1419.0000000000
2310 -1417.0000000000
2364 -1414.0000000000
2389 -1413.0000000000
2430 -1412.0000000000
2439 -1411.0000000000
2445 -1410.0000000000
2463 -1409.0000000000
2466 -1406.0000000000
2531 -1405.0000000000
2558 -1403.0000000000
2580 -1400.0000000000
2613 -1399.0000000000
2642 -1396.0000000000
2695 -1395.0000000000
2698 -1394.0000000000
2706 -1392.0000000000
2728 -1391.0000000000
2746 -1390.0000000000
2789 -1389.0000000000
2805 -1388.0000000000
2825 -1387.0000000000
2830 -1385.0000000000
2831 -1384.0000000000
2865 -1382.0000000000
2879 -1380.0000000000
2941 -1378.0000000000
2944 -1377.0000000000
2950 -1376.0000000000
2988 -1374.0000000000
3020 -1373.0000000000
3024 -1372.0000000000
3033 -1371.0000000000
3044 -1368.0000000000
3115 -1367.0000000000
3125 -1364.0000000000
3138 -1363.0000000000
3172 -1361.0000000000
3182 -1359.0000000000
3222 -1355.0000000000
3288 -1352.0000000000
3315 -1351.0000000000
3349 -1350.0000000000
3362 -1346.0000000000
3421 -1345.0000000000
3429 -1344.0000000000
3444 -1342.0000000000
3490 -1340.0000000000
3502 -1339.0000000000
3506 -1338.0000000000
3560 -1337.0000000000
3570 -1336.0000000000
3601 -1334.0000000000
3607 -1330.0000000000
3664 -1329.0000000000
3707 -1328.0000000000
3712 -1327.0000000000
3722 -1325.0000000000
3745 -1324.0000000000
3753 -1323.0000000000
3760 -1322.0000000000
3773 -1321.0000000000
3790 -1318.0000000000
3803 -1315.0000000000
3862 -1311.0000000000
3881 -1308.0000000000
3903 -1307.0000000000
3989 -1306.0000000000
4006 -1305.0000000000
4029 -1304.0000000000
4047 -1303.0000000000
4049 -1302.0000000000
4053 -1300.0000000000
4070 -1299.0000000000
4077 -1297.0000000000
4121 -1296.0000000000
4125 -1294.0000000000
4130 -1293.0000000000
4165 -1292.0000000000
4181 -1291.0000000000
4233 -1289.0000000000
4242 -1288.0000000000
4247 -1287.0000000000
4281 -1285.0000000000
4302 -1284.0000000000
4319 -1283.0000000000
4323 -1282.0000000000
4350 -1279.0000000000
4395 -1278.0000000000
4408 -1277.0000000000
4430 -1276.0000000000
4454 -1274.0000000000
4508 -1272.0000000000
4510 -1271.0000000000
4511 -1270.0000000000
4569 -1267.0000000000
4625 -1266.0000000000
4629 -1264.0000000000
4678 -1263.0000000000
4713 -1261.0000000000
4728 -1259.0000000000
4746 -1258.0000000000
4779 -1257.0000000000
4795 -1256.0000000000
4837 -1255.0000000000
4843 -1254.0000000000
4851 -1253.0000000000
4874 -1251.0000000000
4908 -1250.0000000000
4925 -1248.0000000000
4948 -1247.0000000000
4965 -1246.0000000000
4988 -1245.0000000000
5016 -1243.0000000000
5036 -1241.0000000000
5075 -1239.0000000000
5095 -1235.0000000000
5147 -1232.0000000000
5217 -1230.0000000000
5221 -1228.0000000000
5283 -1227.0000000000
5288 -1223.0000000000
5319 -1221.0000000000
5379 -1220.0000000000
5389 -1219.0000000000
5391 -1217.0000000000
5404 -1216.0000000000
5427 -1215.0000000000
5449 -1214.0000000000
5454 -1213.0000000000
5471 -1210.0000000000
5528 -1209.0000000000
5546 -1206.0000000000
5585 -1205.0000000000
5599 -1204.0000000000
5603 -1202.0000000000
5643 -1201.0000000000
5644 -1200.0000000000
5646 -1197.0000000000
5682 -1196.0000000000
5722 -1194.0000000000
5736 -1193.0000000000
5777 -1190.0000000000
5783 -1189.0000000000
5838 -1188.0000000000
5844 -1185.0000000000
5878 -1183.0000000000
5886 -1182.0000000000
5926 -1180.0000000000
5972 -1179.0000000000
5984 -1178.0000000000
5992 -1177.0000000000
6018 -1175.0000000000
6021 -1172.0000000000
6064 -1168.0000000000
6112 -1167.0000000000
6128 -1166.0000000000
6136 -1163.0000000000
6186 -1162.0000000000
6212 -1161.0000000000
6219 -1159.0000000000
6244 -1156.0000000000
6284 -1153.0000000000
6324 -1152.0000000000
6349 -1150.0000000000
6385 -1149.0000000000
6390 -1148.0000000000
6444 -1145.0000000000
6484 -1144.0000000000
6497 -1142.0000000000
6527 -1138.0000000000
6581 -1137.0000000000
6600 -1134.0000000000
6628 -1132.0000000000
6682 -1130.0000000000
6696 -1128.0000000000
6709 -1125.0000000000
6778 -1124.0000000000
6797 -1123.0000000000
6800 -1122.0000000000
6820 -1120.0000000000
6849 -1119.0000000000
6883 -1118.0000000000
6909 -1115.0000000000
6929 -1112.0000000000
6967 -1111.0000000000
6989 -1110.0000000000
7005 -1109.0000000000
7066 -1108.0000000000
7069 -1106.0000000000
7111 -1105.0000000000
7123 -1104.0000000000
7165 -1103.0000000000
7180 -1099.0000000000
7242 -1095.0000000000
7289 -1093.0000000000
7335 -1092.0000000000
7354 -1091.0000000000
7370 -1090.0000000000
7391 -1089.0000000000
7408 -1087.0000000000
7423 -1085.0000000000
7466 -1083.0000000000
7505 -1082.0000000000
7512 -1080.0000000000
7542 -1079.0000000000
7562 -1078.0000000000
7599 -1077.0000000000
7608 -1076.0000000000
7652 -1075.0000000000
7692 -1073.0000000000
7698 -1072.0000000000
7721 -1071.0000000000
7740 -1069.0000000000
7755 -1068.0000000000
7797 -1065.0000000000
7847 -1063.0000000000
7893 -1059.0000000000
7922 -1058.0000000000
7923 -1056.0000000000
7945 -1053.0000000000
8027 -1051.0000000000
8044 -1049.0000000000
8090 -1047.0000000000
8121 -1046.0000000000
8142 -1045.0000000000
8167 -1044.0000000000
8173 -1043.0000000000
8174 -1042.0000000000
8198 -1040.0000000000
8223 -1038.0000000000
8232 -1037.0000000000
8241 -1036.0000000000
8286 -1034.0000000000
8322 -1031.0000000000
8391 -1029.0000000000
8422 -1028.0000000000
8445 -1026.0000000000
8450 -1025.0000000000
8465 -1024.0000000000
8507 -1022.0000000000
8519 -1019.0000000000
8584 -1018.0000000000
8626 -1017.0000000000
8641 -1016.0000000000
8661 -1015.0000000000
8679 -1013.0000000000
8716 -1012.0000000000
8745 -1011.0000000000
8753 -1009.0000000000
8782 -1008.0000000000
8814 -1007.0000000000
8830 -1004.0000000000
8863 -1002.0000000000
8907 -1000.0000000000
8955 -998.0000000000
8990 -997.0000000000
8995 -995.0000000000
8997 -994.0000000000
9022 -993.0000000000
9041 -992.0000000000
9062 -991.0000000000
9082 -990.0000000000
9093 -987.0000000000
9147 -984.0000000000
9193 -983.0000000000
9209 -982.0000000000
9233 -981.0000000000
9256 -980.0000000000
9272 -977.0000000000
9288 -976.0000000000
9335 -973.0000000000
9355 -972.0000000000
9379 -970.0000000000
9403 -968.0000000000
9430 -967.0000000000
9472 -966.0000000000
9484 -965.0000000000
9511 -963.0000000000
9529 -961.0000000000
9585 -960.0000000000
9624 -959.0000000000
9640 -956.0000000000
9665 -954.0000000000
9667 -953.0000000000
9730 -952.0000000000
9771 -950.0000000000
9785 -949.0000000000
9810 -948.0000000000
9826 -947.0000000000
9832 -946.0000000000
9860 -945.0000000000
9876 -944.0000000000
9919 -942.0000000000
9964 -941.0000000000
9987 -940.0000000000
10004 -939.0000000000
10005 -938.0000000000
10038 -937.0000000000
10042 -936.0000000000
10088 -935.0000000000
10107 -934.0000000000
10130 -933.0000000000
10158 -932.0000000000
10163 -931.0000000000
10213 -928.0000000000
10226 -927.0000000000
10237 -926.0000000000
10253 -924.0000000000
10271 -923.0000000000
10312 -922.0000000000
10321 -921.0000000000
10343 -920.0000000000
10356 -917.0000000000
10388 -915.0000000000
10428 -914.0000000000
10434 -913.0000000000
10446 -912.0000000000
10447 -911.0000000000
10503 -910.0000000000
10520 -908.0000000000
10522 -907.0000000000
10568 -906.0000000000
10572 -905.0000000000
10597 -904.0000000000
10599 -903.0000000000
10602 -900.0000000000
10650 -899.0000000000
10659 -897.0000000000
10716 -896.0000000000
10741 -894.0000000000
10765 -893.0000000000
10777 -891.0000000000
10811 -889.0000000000
10828 -888.0000000000
10861 -887.0000000000
10876 -886.0000000000
10889 -885.0000000000
10903 -884.0000000000
10925 -882.0000000000
10953 -881.0000000000
10969 -880.0000000000
10989 -878.0000000000
11023 -877.0000000000
11044 -875.0000000000
11108 -874.0000000000
11120 -873.0000000000
11141 -872.0000000000
11185 -871.0000000000
11206 -870.0000000000
11227 -869.0000000000
11274 -866.0000000000
11325 -865.0000000000
11337 -861.0000000000
11423 -860.0000000000
11461 -857.0000000000
11511 -856.0000000000
11542 -854.0000000000
11575 -853.0000000000
11588 -852.0000000000
11603 -851.0000000000
11621 -850.0000000000
11632 -849.0000000000
11682 -848.0000000000
11724 -845.0000000000
11762 -844.0000000000
11792 -843.0000000000
11832 -841.0000000000
11853 -840.0000000000
11888 -838.0000000000
11962 -835.0000000000
12021 -833.0000000000
12032 -831.0000000000
12071 -830.0000000000
12077 -828.0000000000
12089 -827.0000000000
12115 -826.0000000000
12128 -824.0000000000
12155 -821.0000000000
12173 -819.0000000000
12240 -816.0000000000
12323 -813.0000000000
12375 -811.0000000000
12450 -810.0000000000
12453 -809.0000000000
12468 -807.0000000000
12489 -805.0000000000
12529 -804.0000000000
12552 -803.0000000000
12555 -801.0000000000
12605 -800.0000000000
12667 -797.0000000000
12734 -796.0000000000
12736 -795.0000000000
12780 -793.0000000000
12804 -792.0000000000
12837 -791.0000000000
12853 -790.0000000000
12883 -787.0000000000
12922 -786.0000000000
12965 -784.0000000000
13008 -783.0000000000
13048 -782.0000000000
13055 -781.0000000000
13079 -780.0000000000
13084 -779.0000000000
13123 -778.0000000000
13130 -777.0000000000
13190 -775.0000000000
13243 -774.0000000000
13245 -773.0000000000
13249 -772.0000000000
13282 -771.0000000000
13299 -770.0000000000
13316 -769.0000000000
13322 -768.0000000000
13323 -767.0000000000
13348 -766.0000000000
13377 -765.0000000000
13413 -764.0000000000
13423 -763.0000000000
13434 -762.0000000000
13435 -758.0000000000
13553 -756.0000000000
13593 -755.0000000000
13603 -753.0000000000
13649 -751.0000000000
13673 -750.0000000000
13740 -749.0000000000
13747 -748.0000000000
13786 -747.0000000000
13787 -746.0000000000
13823 -744.0000000000
13829 -743.0000000000
13869 -742.0000000000
13890 -741.0000000000
13927 -739.0000000000
13941 -736.0000000000
13966 -735.0000000000
13989 -732.0000000000
14088 -731.0000000000
14090 -730.0000000000
14131 -728.0000000000
14154 -726.0000000000
14214 -723.0000000000
14319 -722.0000000000
14343 -721.0000000000
14350 -720.0000000000
14367 -719.0000000000
14404 -717.0000000000
14442 -716.0000000000
14458 -714.0000000000
14535 -712.0000000000
14542 -711.0000000000
14570 -709.0000000000
14611 -707.0000000000
14658 -705.0000000000
14676 -704.0000000000
14720 -703.0000000000
14740 -702.0000000000
14764 -701.0000000000
14777 -700.0000000000
14778 -699.0000000000
14855 -698.0000000000
14891 -697.0000000000
14898 -696.0000000000
14909 -693.0000000000
14951 -692.0000000000
15009 -691.0000000000
15021 -690.0000000000
15073 -689.0000000000
15085 -685.0000000000
15171 -684.0000000000
15184 -681.0000000000
15238 -678.0000000000
15298 -676.0000000000
15378 -675.0000000000
15387 -673.0000000000
15428 -672.0000000000
15470 -671.0000000000
15482 -670.0000000000
15508 -669.0000000000
15530 -667.0000000000
15551 -666.0000000000
15572 -665.0000000000
15581 -664.0000000000
15582 -661.0000000000
15599 -660.0000000000
15639 -658.0000000000
15721 -657.0000000000
15739 -656.0000000000
15759 -655.0000000000
15786 -653.0000000000
15800 -652.0000000000
15846 -650.0000000000
15883 -649.0000000000
15905 -647.0000000000
15985 -646.0000000000
15989 -645.0000000000
16041 -644.0000000000
16054 -643.0000000000
16101 -640.0000000000
16157 -638.0000000000
16201 -637.0000000000
16276 -636.0000000000
16307 -635.0000000000
16325 -634.0000000000
16366 -633.0000000000
16429 -632.0000000000
16451 -631.0000000000
16472 -630.0000000000
16509 -629.0000000000
16533 -628.0000000000
16608 -627.0000000000
16624 -626.0000000000
16641 -625.0000000000
16642 -624.0000000000
16731 -622.0000000000
16753 -621.0000000000
16763 -619.0000000000
16823 -618.0000000000
16872 -616.0000000000
16927 -615.0000000000
16958 -614.0000000000
16997 -612.0000000000
17014 -611.0000000000
17056 -610.0000000000
17064 -609.0000000000
17084 -608.0000000000
17145 -606.0000000000
17165 -605.0000000000
17223 -604.0000000000
17224 -603.0000000000
17250 -602.0000000000
17262 -601.0000000000
17283 -599.0000000000
17303 -598.0000000000
17351 -597.0000000000
17370 -595.0000000000
17432 -593.0000000000
17453 -590.0000000000
17509 -589.0000000000
17561 -586.0000000000
17610 -585.0000000000
17644 -584.0000000000
17666 -582.0000000000
17701 -581.0000000000
17734 -579.0000000000
17738 -578.0000000000
17764 -577.0000000000
17765 -576.0000000000
17867 -575.0000000000
17882 -574.0000000000
17906 -573.0000000000
17928 -572.0000000000
17939 -571.0000000000
17964 -570.0000000000
18031 -569.0000000000
18033 -568.0000000000
18037 -567.0000000000
18061 -566.0000000000
18086 -565.0000000000
18109 -564.0000000000
18122 -563.0000000000
18128 -562.0000000000
18169 -561.0000000000
18185 -560.0000000000
18215 -559.0000000000
18258 -557.0000000000
18296 -555.0000000000
18335 -554.0000000000
18365 -552.0000000000
18385 -551.0000000000
18406 -550.0000000000
18471 -548.0000000000
18509 -545.0000000000
18523 -544.0000000000
18568 -541.0000000000
18593 -540.0000000000
18629 -539.0000000000
18630 -538.0000000000
18646 -536.0000000000
18694 -534.0000000000
18806 -533.0000000000
18835 -531.0000000000
18882 -530.0000000000
18883 -529.0000000000
18914 -528.0000000000
18986 -527.0000000000
19006 -526.0000000000
19046 -525.0000000000
19083 -524.0000000000
19106 -523.0000000000
19165 -522.0000000000
19170 -520.0000000000
19273 -518.0000000000
19342 -517.0000000000
19419 -516.0000000000
19434 -515.0000000000
19443 -514.0000000000
19467 -513.0000000000
19538 -512.0000000000
19570 -511.0000000000
19571 -510.0000000000
19660 -509.0000000000
19684 -508.0000000000
19771 -507.0000000000
19785 -506.0000000000
19818 -504.0000000000
19892 -503.0000000000
19981 -502.0000000000
19982 -501.0000000000
20005 -500.0000000000
20054 -499.0000000000
20091 -498.0000000000
20121 -497.0000000000
20146 -496.0000000000
20153 -495.0000000000
20217 -493.0000000000
20227 -492.0000000000
20286 -490.0000000000
20392 -489.0000000000
20455 -488.0000000000
20464 -486.0000000000
20569 -485.0000000000
20590 -484.0000000000
20628 -482.0000000000
20686 -481.0000000000
20715 -480.0000000000
20774 -479.0000000000
20815 -478.0000000000
20825 -477.0000000000
20858 -476.0000000000
20877 -475.0000000000
20881 -474.0000000000
20962 -473.0000000000
20965 -472.0000000000
20987 -471.0000000000
20993 -468.0000000000
21079 -467.0000000000
21107 -464.0000000000
21160 -462.0000000000
21185 -461.0000000000
21230 -460.0000000000
21258 -459.0000000000
21326 -458.0000000000
21343 -457.0000000000
21369 -456.0000000000
21399 -455.0000000000
21457 -453.0000000000
21588 -451.0000000000
21646 -450.0000000000
21702 -448.0000000000
21749 -447.0000000000
21751 -445.0000000000
21776 -444.0000000000
21865 -443.0000000000
21901 -442.0000000000
21905 -440.0000000000
21956 -439.0000000000
21972 -438.0000000000
22001 -437.0000000000
22021 -436.0000000000
22041 -435.0000000000
22070 -434.0000000000
22082 -433.0000000000
22120 -431.0000000000
22143 -429.0000000000
22165 -428.0000000000
22219 -427.0000000000
22282 -426.0000000000
22307 -424.0000000000
22371 -423.0000000000
22383 -422.0000000000
22422 -421.0000000000
22445 -420.0000000000
22484 -419.0000000000
22487 -418.0000000000
22490 -416.0000000000
22618 -415.0000000000
22635 -414.0000000000
22662 -413.0000000000
22664 -412.0000000000
22747 -411.0000000000
22766 -410.0000000000
22820 -409.0000000000
22856 -408.0000000000
22889 -407.0000000000
22895 -406.0000000000
22910 -405.0000000000
22954 -404.0000000000
23042 -403.0000000000
23051 -402.0000000000
23089 -401.0000000000
23105 -400.0000000000
23170 -399.0000000000
23203 -398.0000000000
23247 -397.0000000000
23248 -396.0000000000
23293 -395.0000000000
23305 -394.0000000000
23338 -392.0000000000
23388 -390.0000000000
23410 -388.0000000000
23487 -387.0000000000
23565 -385.0000000000
23609 -384.0000000000
23636 -383.0000000000
23664 -380.0000000000
23749 -379.0000000000
23789 -378.0000000000
23843 -377.0000000000
23885 -376.0000000000
23923 -375.0000000000
23927 -374.0000000000
23937 -373.0000000000
24046 -372.0000000000
24051 -370.0000000000
24084 -369.0000000000
24160 -368.0000000000
24174 -367.0000000000
24245 -366.0000000000
24302 -365.0000000000
24339 -364.0000000000
24346 -363.0000000000
24371 -362.0000000000
24439 -361.0000000000
24509 -360.0000000000
24552 -359.0000000000
24602 -358.0000000000
24617 -357.0000000000
24663 -356.0000000000
24735 -355.0000000000
24756 -354.0000000000
24783 -353.0000000000
24831 -352.0000000000
24888 -351.0000000000
24905 -349.0000000000
24976 -348.0000000000
25012 -347.0000000000
25066 -346.0000000000
25084 -345.0000000000
25089 -344.0000000000
25141 -343.0000000000
25182 -342.0000000000
25185 -341.0000000000
25242 -340.0000000000
25269 -339.0000000000
25324 -338.0000000000
25343 -337.0000000000
25374 -336.0000000000
25395 -334.0000000000
25426 -333.0000000000
25480 -332.0000000000
25485 -330.0000000000
25513 -328.0000000000
25586 -327.0000000000
25593 -325.0000000000
25633 -324.0000000000
25686 -323.0000000000
25732 -321.0000000000
25779 -320.0000000000
25814 -319.0000000000
25852 -317.0000000000
25869 -316.0000000000
25959 -315.0000000000
25974 -314.0000000000
26053 -313.0000000000
26103 -312.0000000000
26139 -310.0000000000
26255 -309.0000000000
26290 -308.0000000000
26324 -307.0000000000
26370 -305.0000000000
26473 -304.0000000000
26486 -303.0000000000
26503 -302.0000000000
26549 -300.0000000000
26582 -299.0000000000
26602 -298.0000000000
26668 -297.0000000000
26748 -296.0000000000
26760 -295.0000000000
26800 -291.0000000000
26890 -290.0000000000
26894 -288.0000000000
26951 -287.0000000000
26978 -286.0000000000
27028 -285.0000000000
27049 -284.0000000000
27062 -283.0000000000
27105 -282.0000000000
27193 -280.0000000000
27281 -279.0000000000
27334 -278.0000000000
27364 -277.0000000000
27387 -276.0000000000
27441 -275.0000000000
27474 -274.0000000000
27525 -273.0000000000
27560 -271.0000000000
27601 -270.0000000000
27629 -269.0000000000
27678 -268.0000000000
27723 -267.0000000000
27783 -266.0000000000
27819 -265.0000000000
27820 -264.0000000000
27872 -263.0000000000
27931 -262.0000000000
27969 -261.0000000000
27986 -260.0000000000
28102 -258.0000000000
28145 -257.0000000000
28166 -256.0000000000
28199 -255.0000000000
28244 -254.0000000000
28299 -253.0000000000
28311 -252.0000000000
28365 -250.0000000000
28432 -249.0000000000
28454 -248.0000000000
28471 -247.0000000000
28540 -246.0000000000
28543 -245.0000000000
28629 -244.0000000000
28630 -243.0000000000
28644 -242.0000000000
28666 -241.0000000000
28708 -240.0000000000
28751 -239.0000000000
28754 -238.0000000000
28775 -236.0000000000
28797 -235.0000000000
28900 -234.0000000000
28968 -233.0000000000
28977 -232.0000000000
29053 -230.0000000000
29164 -229.0000000000
29201 -228.0000000000
29232 -227.0000000000
29241 -226.0000000000
29290 -225.0000000000
29333 -222.0000000000
29499 -221.0000000000
29536 -220.0000000000
29603 -219.0000000000
29635 -218.0000000000
29789 -217.0000000000
29792 -216.0000000000
29878 -214.0000000000
29889 -213.0000000000
29922 -212.0000000000
29961 -211.0000000000
30043 -210.0000000000
30068 -209.0000000000
30087 -208.0000000000
30148 -207.0000000000
30159 -206.0000000000
30180 -205.0000000000
30181 -204.0000000000
30269 -203.0000000000
30272 -202.0000000000
30346 -201.0000000000
30415 -200.0000000000
30443 -198.0000000000
30525 -197.0000000000
30596 -195.0000000000
30661 -194.0000000000
30704 -193.0000000000
30733 -192.0000000000
30760 -191.0000000000
30806 -190.0000000000
30880 -189.0000000000
30947 -188.0000000000
30990 -187.0000000000
31015 -186.0000000000
31051 -185.0000000000
31094 -184.0000000000
31180 -183.0000000000
31202 -181.0000000000
31265 -179.0000000000
31345 -176.0000000000
31454 -175.0000000000
31537 -174.0000000000
31607 -173.0000000000
31693 -172.0000000000
31728 -171.0000000000
31764 -170.0000000000
31872 -168.0000000000
31977 -167.0000000000
31986 -166.0000000000
31995 -165.0000000000
32034 -164.0000000000
32062 -163.0000000000
32149 -162.0000000000
32219 -161.0000000000
32322 -160.0000000000
32365 -159.0000000000
32391 -158.0000000000
32404 -157.0000000000
32502 -156.0000000000
32525 -155.0000000000
32608 -154.0000000000
32611 -153.0000000000
32640 -152.0000000000
32695 -151.0000000000
32740 -150.0000000000
32771 -149.0000000000
32792 -148.0000000000
32826 -147.0000000000
33001 -146.0000000000
33011 -145.0000000000
33139 -144.0000000000
33182 -143.0000000000
33339 -142.0000000000
33400 -141.0000000000
33424 -140.0000000000
33486 -139.0000000000
33590 -138.0000000000
33634 -137.0000000000
33662 -136.0000000000
33700 -135.0000000000
33741 -134.0000000000
33841 -133.0000000000
33870 -132.0000000000
34006 -131.0000000000
34096 -129.0000000000
34137 -128.0000000000
34259 -126.0000000000
34291 -125.0000000000
34349 -124.0000000000
34426 -123.0000000000
34513 -122.0000000000
34601 -121.0000000000
34711 -119.0000000000
34894 -118.0000000000
34958 -117.0000000000
35022 -116.0000000000
35102 -115.0000000000
35163 -114.0000000000
35223 -113.0000000000
35361 -112.0000000000
35404 -111.0000000000
35463 -110.0000000000
35603 -109.0000000000
35667 -108.0000000000
35682 -107.0000000000
35757 -106.0000000000
35774 -105.0000000000
35827 -104.0000000000
35866 -103.0000000000
35921 -102.0000000000
35929 -101.0000000000
35973 -100.0000000000
36106 -99.0000000000
36108 -98.0000000000
36352 -97.0000000000
36376 -96.0000000000
36466 -94.0000000000
36597 -92.0000000000
36642 -91.0000000000
36706 -89.0000000000
36754 -88.0000000000
36771 -85.0000000000
36917 -84.0000000000
36945 -83.0000000000
36964 -82.0000000000
37025 -81.0000000000
37100 -80.0000000000
37176 -79.0000000000
37287 -78.0000000000
37335 -77.0000000000
37422 -76.0000000000
37426 -75.0000000000
37510 -74.0000000000
37549 -72.0000000000
37634 -71.0000000000
37712 -70.0000000000
37877 -68.0000000000
37937 -67.0000000000
38002 -65.0000000000
38099 -64.0000000000
38220 -63.0000000000
38285 -62.0000000000
38351 -61.0000000000
38430 -60.0000000000
38446 -59.0000000000
38536 -58.0000000000
38579 -57.0000000000
38637 -56.0000000000
38680 -55.0000000000
38761 -54.0000000000
38828 -53.0000000000
38874 -52.0000000000
38984 -51.0000000000
39130 -50.0000000000
39230 -49.0000000000
39287 -48.0000000000
39350 -47.0000000000
39454 -46.0000000000
39531 -45.0000000000
39608 -44.0000000000
39619 -43.0000000000
39743 -42.0000000000
39783 -41.0000000000
39867 -40.0000000000
39910 -39.0000000000
40102 -38.0000000000
40413 -37.0000000000
40682 -36.0000000000
40744 -35.0000000000
40825 -34.0000000000
41014 -33.0000000000
41108 -32.0000000000
41125 -31.0000000000
41275 -30.0000000000
41471 -29.0000000000
41544 -28.0000000000
41576 -27.0000000000
41779 -26.0000000000
41926 -25.0000000000
42135 -24.0000000000
42363 -23.0000000000
42446 -22.0000000000
42754 -21.0000000000
42979 -20.0000000000
43025 -19.0000000000
43207 -17.0000000000
43383 -16.0000000000
43441 -15.0000000000
43472 -14.0000000000
43981 -12.0000000000
44182 -10.0000000000
44494 -9.0000000000
44886 -8.0000000000
44981 -7.0000000000
45165 -6.0000000000
45275 -5.0000000000
45497 -4.0000000000
45555 -3.0000000000
45647 -2.0000000000
45804 -1.0000000000
45916 291.0500000000
45976 300.7600000000
46006 314.5700000000
46035 315.0600000000
46063 317.9000000000
46148 325.0400000000
46187 325.2100000000
46573 335.1500000000
47578 339.7100000000
48554 342.9000000000
49602 343.6600000000
49747 350.0800000000
50145 353.6400000000
50806 354.0800000000
50833 359.0800000000
51529 363.2200000000
52069 369.7500000000
57131 373.1000000000
59171 374.7200000000
59283 375.7700000000
60169 376.5500000000
61259 376.6500000000
61506 380.5900000000
62238 380.8900000000
62521 381.0000000000
63125 385.8400000000
63320 389.6600000000
64320 453.7800000000
64341 470.2900000000
64355 473.5100000000
64405 479.6000000000
64486 486.4200000000
64495 489.0300000000
64512 489.6500000000
64566 489.8500000000
64606 509.4200000000
65235 513.9200000000
65278 515.3200000000
65360 517.1700000000
65758 521.4700000000
66044 523.4300000000
66194 529.5200000000
67216 531.2500000000
67217 535.4300000000
68022 538.6600000000
69202 539.6600000000
70405 540.4300000000
70710 546.5600000000
71750 552.8100000000
74794 607.5900000000
74952 609.0900000000
75108 609.7300000000
75117 610.7700000000
75139 611.4900000000
75185 612.6100000000
75193 619.6300000000
75638 623.2400000000
75716 720.6700000000
75726 738.9600000000
75989 740.5900000000
76848 742.6300000000
77087 750.6100000000
79934 760.3600000000
100000 713.2200000000
evaluations raw_y
1 -1970.0000000000
2 -1949.0000000000
7 -1918.0000000000
29 -1893.0000000000
66 -1891.0000000000
75 -1884.0000000000
90 -1877.0000000000
112 -1862.0000000000
125 -1856.0000000000
141 -1855.0000000000
143 -1844.0000000000
154 -1839.0000000000
159 -1835.0000000000
186 -1832.0000000000
195 -1818.0000000000
211 -1817.0000000000
212 -1816.0000000000
221 -1806.0000000000
228 -1794.0000000000
242 -1792.0000000000
262 -1786.0000000000
278 -1773.0000000000
305 -1743.0000000000
364 -1740.0000000000
367 -1738.0000000000
385 -1736.0000000000
416 -1730.0000000000
419 -1724.0000000000
429 -1705.0000000000
455 -1698.0000000000
464 -1683.0000000000
517 -1677.0000000000
531 -1673.0000000000
541 -1670.0000000000
559 -1666.0000000000
561 -1665.0000000000
588 -1644.0000000000
621 -1643.0000000000
639 -1641.0000000000
641 -1632.0000000000
681 -1629.0000000000
693 -1626.0000000000
705 -1625.0000000000
724 -1624.0000000000
725 -1617.0000000000
748 -1615.0000000000
750 -1614.0000000000
759 -1613.0000000000
766 -1605.0000000000
795 -1601.0000000000
819 -1594.0000000000
853 -1587.0000000000
882 -1574.0000000000
922 -1570.0000000000
941 -1566.0000000000
986 -1564.0000000000
992 -1559.0000000000
1012 -1554.0000000000
1021 -1552.0000000000
1033 -1548.0000000000
1063 -1544.0000000000
1071 -1537.0000000000
1110 -1535.0000000000
1142 -1533.0000000000
1145 -1528.0000000000
1211 -1523.0000000000
1266 -1522.0000000000
1267 -1516.0000000000
1316 -1515.0000000000
1341 -1512.0000000000
1387 -1510.0000000000
1392 -1508.0000000000
1406 -1506.0000000000
1437 -1504.0000000000
1449 -1497.0000000000
1499 -1494.0000000000
1564 -1493.0000000000
1582 -1491.0000000000
1617 -1490.0000000000
1632 -1489.0000000000
1643 -1487.0000000000
1693 -1486.0000000000
1697 -1485.0000000000
1702 -1483.0000000000
1743 -1481.0000000000
1747 -1479.0000000000
1787 -1478.0000000000
1813 -1477.0000000000
1818 -1475.0000000000
1828 -1474.0000000000
1862 -1473.0000000000
1864 -1471.0000000000
1879 -1470.0000000000
1899 -1467.0000000000
1953 -1466.0000000000
1967 -1465.0000000000
1996 -1464.0000000000
2001 -1462.0000000000
2026 -1461.0000000000
2056 -1459.0000000000
2060 -1457.0000000000
2087 -1455.0000000000
2103 -1454.0000000000
2132 -1453.0000000000
2147 -1451.0000000000
2157 -1450.0000000000
2183 -1446.0000000000
2263 -1445.0000000000
2266 -1441.0000000000
2271 -1440.0000000000
2322 -1439.0000000000
2326 -1436.0000000000
2376 -1434.0000000000
2414 -1431.0000000000
2415 -1430.0000000000
2455 -1427.0000000000
2495 -1426.0000000000
2496 -1424.0000000000
2504 -1422.0000000000
2546 -1421.0000000000
2556 -1420.0000000000
2587 -1419.0000000000
2601 -1418.0000000000
2610 -1417.0000000000
2612 -1416.0000000000
2623 -1415.0000000000
2624 -1410.0000000000
2645 -1409.0000000000
2713 -1408.0000000000
2732 -1406.0000000000
2749 -1405.0000000000
2754 -1403.0000000000
2779 -1401.0000000000
2801 -1398.0000000000
2838 -1397.0000000000
2845 -1396.0000000000
2865 -1392.0000000000
2888 -1390.0000000000
2947 -1388.0000000000
2972 -1387.0000000000
2998 -1386.0000000000
3007 -1385.0000000000
3017 -1383.0000000000
3061 -1381.0000000000
3089 -1379.0000000000
3110 -1378.0000000000
3113 -1376.0000000000
3135 -1375.0000000000
3144 -1374.0000000000
3151 -1373.0000000000
3178 -1370.0000000000
3210 -1368.0000000000
3221 -1367.0000000000
3250 -1365.0000000000
3267 -1364.0000000000
3298 -1362.0000000000
3302 -1361.0000000000
3306 -1360.0000000000
3326 -1359.0000000000
3342 -1358.0000000000
3343 -1357.0000000000
3372 -1355.0000000000
3386 -1354.0000000000
3448 -1351.0000000000
3477 -1350.0000000000
3488 -1348.0000000000
3516 -1347.0000000000
3517 -1345.0000000000
3569 -1342.0000000000
3605 -1341.0000000000
3623 -1340.0000000000
3642 -1337.0000000000
3683 -1336.0000000000
3712 -1334.0000000000
3727 -1333.0000000000
3763 -1332.0000000000
3780 -1331.0000000000
3806 -1330.0000000000
3832 -1328.0000000000
3841 -1327.0000000000
3863 -1326.0000000000
3881 -1322.0000000000
3927 -1321.0000000000
3957 -1319.0000000000
3986 -1318.0000000000
4006 -1316.0000000000
4018 -1315.0000000000
4023 -1312.0000000000
4058 -1311.0000000000
4077 -1309.0000000000
4107 -1304.0000000000
4163 -1302.0000000000
4183 -1301.0000000000
4198 -1300.0000000000
4211 -1298.0000000000
4251 -1297.0000000000
4264 -1296.0000000000
4272 -1295.0000000000
4302 -1294.0000000000
4317 -1290.0000000000
4344 -1289.0000000000
4396 -1288.0000000000
4403 -1287.0000000000
4446 -1286.0000000000
4462 -1283.0000000000
4475 -1282.0000000000
4497 -1281.0000000000
4523 -1280.0000000000
4565 -1278.0000000000
4566 -1275.0000000000
4584 -1273.0000000000
4659 -1272.0000000000
4665 -1270.0000000000
4714 -1267.0000000000
4738 -1265.0000000000
4764 -1263.0000000000
4829 -1262.0000000000
4835 -1259.0000000000
4885 -1258.0000000000
4896 -1257.0000000000
4921 -1256.0000000000
4922 -1255.0000000000
4948 -1254.0000000000
4949 -1253.0000000000
4958 -1251.0000000000
5013 -1249.0000000000
5022 -1248.0000000000
5073 -1247.0000000000
5081 -1245.0000000000
5091 -1243.0000000000
5141 -1242.0000000000
5167 -1241.0000000000
5171 -1239.0000000000
5195 -1238.0000000000
5217 -1235.0000000000
5222 -1234.0000000000
5238 -1233.0000000000
5290 -1228.0000000000
5331 -1227.0000000000
5357 -1224.0000000000
5367 -1223.0000000000
5382 -1221.0000000000
5431 -1220.0000000000
5455 -1219.0000000000
5463 -1218.0000000000
5496 -1216.0000000000
5512 -1214.0000000000
5577 -1212.0000000000
5589 -1210.0000000000
5626 -1209.0000000000
5638 -1206.0000000000
5677 -1205.0000000000
5688 -1204.0000000000
5737 -1201.0000000000
5750 -1200.0000000000
5752 -1199.0000000000
5782 -1196.0000000000
5822 -1193.0000000000
5864 -1191.0000000000
5895 -1190.0000000000
5941 -1189.0000000000
5946 -1187.0000000000
5968 -1186.0000000000
6013 -1185.0000000000
6035 -1184.0000000000
6042 -1182.0000000000
6084 -1181.0000000000
6095 -1178.0000000000
6141 -1176.0000000000
6168 -1174.0000000000
6197 -1173.0000000000
6211 -1172.0000000000
6254 -1171.0000000000
6281 -1170.0000000000
6309 -1169.0000000000
6317 -1168.0000000000
6325 -1166.0000000000
6365 -1164.0000000000
6427 -1162.0000000000
6446 -1160.0000000000
6481 -1159.0000000000
6506 -1158.0000000000
6525 -1156.0000000000
6564 -1155.0000000000
6616 -1154.0000000000
6639 -1152.0000000000
6654 -1151.0000000000
6668 -1150.0000000000
6675 -1149.0000000000
6706 -1147.0000000000
6724 -1146.0000000000
6760 -1145.0000000000
6787 -1141.0000000000
6837 -1140.0000000000
6878 -1138.0000000000
6886 -1136.0000000000
6933 -1135.0000000000
6964 -1134.0000000000
6986 -1132.0000000000
7028 -1131.0000000000
7033 -1129.0000000000
7089 -1127.0000000000
7113 -1125.0000000000
7142 -1124.0000000000
7152 -1123.0000000000
7163 -1122.0000000000
7191 -1120.0000000000
7204 -1118.0000000000
7225 -1117.0000000000
7279 -1116.0000000000
7325 -1115.0000000000
7330 -1111.0000000000
7416 -1110.0000000000
7429 -1108.0000000000
7490 -1107.0000000000
7501 -1106.0000000000
7504 -1104.0000000000
7521 -1103.0000000000
7560 -1102.0000000000
7561 -1101.0000000000
7568 -1100.0000000000
7576 -1099.0000000000
7591 -1098.0000000000
7625 -1097.0000000000
7652 -1096.0000000000
7662 -1095.0000000000
7668 -1094.0000000000
7697 -1092.0000000000
7750 -1091.0000000000
7757 -1090.0000000000
7761 -1089.0000000000
7788 -1088.0000000000
7805 -1087.0000000000
7846 -1084.0000000000
7878 -1083.0000000000
7898 -1082.0000000000
7901 -1081.0000000000
7920 -1080.0000000000
7924 -1076.0000000000
7982 -1075.0000000000
8038 -1074.0000000000
8047 -1069.0000000000
8083 -1066.0000000000
8178 -1065.0000000000
8188 -1064.0000000000
8231 -1062.0000000000
8243 -1060.0000000000
8263 -1059.0000000000
8315 -1058.0000000000
8323 -1057.0000000000
8348 -1055.0000000000
8370 -1054.0000000000
8384 -1051.0000000000
8410 -1049.0000000000
8461 -1046.0000000000
8495 -1045.0000000000
8543 -1044.0000000000
8565 -1041.0000000000
8601 -1040.0000000000
8623 -1039.0000000000
8649 -1038.0000000000
8666 -1034.0000000000
8714 -1033.0000000000
8739 -1032.0000000000
8747 -1030.0000000000
8761 -1029.0000000000
8818 -1026.0000000000
8880 -1025.0000000000
8914 -1024.0000000000
8915 -1023.0000000000
8961 -1022.0000000000
8976 -1021.0000000000
9013 -1018.0000000000
9035 -1017.0000000000
9044 -1016.0000000000
9056 -1014.0000000000
9092 -1013.0000000000
9127 -1011.0000000000
9145 -1007.0000000000
9233 -1006.0000000000
9282 -1005.0000000000
9283 -1004.0000000000
9330 -1003.0000000000
9368 -1002.0000000000
9387 -1001.0000000000
9390 -999.0000000000
9401 -997.0000000000
9458 -996.0000000000
9464 -995.0000000000
9481 -992.0000000000
9521 -990.0000000000
9572 -988.0000000000
9586 -986.0000000000
9597 -985.0000000000
9627 -982.0000000000
9667 -981.0000000000
9683 -979.0000000000
9721 -976.0000000000
9764 -974.0000000000
9781 -972.0000000000
9819 -971.0000000000
9829 -969.0000000000
9846 -967.0000000000
9848 -966.0000000000
9897 -965.0000000000
9903 -964.0000000000
9909 -962.0000000000
9936 -959.0000000000
9997 -957.0000000000
10031 -955.0000000000
10067 -954.0000000000
10099 -953.0000000000
10115 -952.0000000000
10125 -951.0000000000
10139 -950.0000000000
10158 -949.0000000000
10196 -948.0000000000
10215 -947.0000000000
10252 -946.0000000000
10257 -945.0000000000
10269 -944.0000000000
10313 -941.0000000000
10346 -940.0000000000
10356 -938.0000000000
10364 -935.0000000000
10446 -932.0000000000
10499 -931.0000000000
10506 -929.0000000000
10549 -928.0000000000
10567 -927.0000000000
10594 -926.0000000000
10599 -925.0000000000
10631 -923.0000000000
10683 -920.0000000000
10730 -918.0000000000
10768 -917.0000000000
10784 -915.0000000000
10812 -914.0000000000
10855 -913.0000000000
10876 -911.0000000000
10911 -909.0000000000
10945 -907.0000000000
10971 -903.0000000000
11034 -902.0000000000
11055 -900.0000000000
11102 -898.0000000000
11123 -897.0000000000
11141 -895.0000000000
11181 -893.0000000000
11186 -892.0000000000
11201 -891.0000000000
11222 -886.0000000000
11283 -885.0000000000
11299 -883.0000000000
11314 -881.0000000000
11331 -880.0000000000
11381 -878.0000000000
11446 -877.0000000000
11475 -876.0000000000
11479 -874.0000000000
11512 -873.0000000000
11541 -872.0000000000
11567 -870.0000000000
11623 -869.0000000000
11668 -868.0000000000
11684 -867.0000000000
11706 -866.0000000000
11716 -865.0000000000
11723 -863.0000000000
11736 -862.0000000000
11790 -860.0000000000
11796 -856.0000000000
11868 -855.0000000000
11901 -853.0000000000
11947 -851.0000000000
11987 -850.0000000000
12008 -847.0000000000
12053 -846.0000000000
12076 -844.0000000000
12111 -843.0000000000
12160 -841.0000000000
12195 -840.0000000000
12201 -839.0000000000
12227 -837.0000000000
12307 -836.0000000000
12325 -835.0000000000
12346 -834.0000000000
12365 -833.0000000000
12383 -832.0000000000
12444 -830.0000000000
12449 -829.0000000000
12521 -828.0000000000
12561 -827.0000000000
12589 -826.0000000000
12607 -824.0000000000
12646 -823.0000000000
12660 -822.0000000000
12682 -819.0000000000
12734 -817.0000000000
12762 -816.0000000000
12838 -815.0000000000
12847 -814.0000000000
12888 -813.0000000000
12901 -812.0000000000
12928 -811.0000000000
12954 -810.0000000000
12968 -809.0000000000
12997 -808.0000000000
13037 -807.0000000000
13052 -804.0000000000
13118 -800.0000000000
13154 -799.0000000000
13207 -797.0000000000
13237 -795.0000000000
13269 -793.0000000000
13319 -790.0000000000
13331 -786.0000000000
13383 -784.0000000000
13409 -783.0000000000
13442 -782.0000000000
13449 -781.0000000000
13465 -780.0000000000
13483 -778.0000000000
13539 -776.0000000000
13561 -774.0000000000
13597 -773.0000000000
13622 -772.0000000000
13668 -771.0000000000
13711 -770.0000000000
13718 -769.0000000000
13739 -768.0000000000
13766 -767.0000000000
13789 -766.0000000000
13803 -763.0000000000
13862 -760.0000000000
13923 -759.0000000000
13948 -758.0000000000
13986 -757.0000000000
14006 -755.0000000000
14064 -754.0000000000
14101 -753.0000000000
14102 -752.0000000000
14107 -751.0000000000
14167 -750.0000000000
14182 -748.0000000000
14213 -747.0000000000
14220 -746.0000000000
14262 -744.0000000000
14312 -743.0000000000
14336 -741.0000000000
14377 -739.0000000000
14405 -738.0000000000
14444 -736.0000000000
14479 -735.0000000000
14546 -734.0000000000
14561 -732.0000000000
14586 -731.0000000000
14619 -730.0000000000
14640 -729.0000000000
14662 -728.0000000000
14674 -727.0000000000
14713 -725.0000000000
14766 -723.0000000000
14798 -722.0000000000
14811 -721.0000000000
14857 -719.0000000000
14893 -718.0000000000
14933 -717.0000000000
14945 -715.0000000000
14986 -714.0000000000
14993 -713.0000000000
15006 -712.0000000000
15031 -710.0000000000
15092 -708.0000000000
15145 -707.0000000000
15186 -705.0000000000
15211 -704.0000000000
15246 -702.0000000000
15329 -700.0000000000
15382 -699.0000000000
15385 -697.0000000000
15403 -694.0000000000
15470 -693.0000000000
15503 -692.0000000000
15541 -690.0000000000
15585 -689.0000000000
15615 -688.0000000000
15656 -687.0000000000
15684 -686.0000000000
15738 -685.0000000000
15768 -684.0000000000
15777 -683.0000000000
15794 -681.0000000000
15851 -680.0000000000
15862 -676.0000000000
15921 -674.0000000000
15990 -673.0000000000
16008 -672.0000000000
16026 -671.0000000000
16028 -670.0000000000
16050 -668.0000000000
16089 -666.0000000000
16168 -665.0000000000
16208 -664.0000000000
16227 -662.0000000000
16289 -661.0000000000
16308 -660.0000000000
16329 -659.0000000000
16356 -658.0000000000
16362 -657.0000000000
16390 -656.0000000000
16444 -654.0000000000
16487 -653.0000000000
16516 -652.0000000000
16544 -651.0000000000
16560 -650.0000000000
16564 -649.0000000000
16575 -648.0000000000
16612 -647.0000000000
16690 -645.0000000000
16726 -644.0000000000
16771 -643.0000000000
16806 -642.0000000000
16822 -639.0000000000
16862 -638.0000000000
16910 -636.0000000000
16984 -635.0000000000
17037 -633.0000000000
17077 -632.0000000000
17105 -630.0000000000
17125 -629.0000000000
17129 -628.0000000000
17157 -624.0000000000
17269 -623.0000000000
17291 -622.0000000000
17312 -621.0000000000
17340 -620.0000000000
17352 -619.0000000000
17383 -617.0000000000
17405 -616.0000000000
17464 -615.0000000000
17479 -614.0000000000
17509 -613.0000000000
17519 -611.0000000000
17612 -610.0000000000
17629 -609.0000000000
17679 -608.0000000000
17683 -607.0000000000
17711 -606.0000000000
17743 -605.0000000000
17792 -604.0000000000
17842 -602.0000000000
17873 -601.0000000000
17876 -600.0000000000
17960 -599.0000000000
17966 -598.0000000000
18007 -597.0000000000
18045 -595.0000000000
18082 -594.0000000000
18108 -593.0000000000
18125 -592.0000000000
18156 -591.0000000000
18170 -588.0000000000
18276 -587.0000000000
18322 -586.0000000000
18342 -585.0000000000
18384 -584.0000000000
18414 -583.0000000000
18449 -580.0000000000
18563 -579.0000000000
18566 -578.0000000000
18585 -576.0000000000
18594 -575.0000000000
18671 -574.0000000000
18705 -573.0000000000
18723 -572.0000000000
18733 -571.0000000000
18815 -570.0000000000
18832 -569.0000000000
18833 -568.0000000000
18872 -564.0000000000
18975 -563.0000000000
18986 -562.0000000000
19008 -561.0000000000
19035 -560.0000000000
19036 -559.0000000000
19092 -558.0000000000
19104 -557.0000000000
19124 -556.0000000000
19149 -553.0000000000
19204 -551.0000000000
19256 -550.0000000000
19264 -549.0000000000
19285 -548.0000000000
19303 -546.0000000000
19321 -543.0000000000
19440 -540.0000000000
19475 -539.0000000000
19558 -537.0000000000
19621 -535.0000000000
19622 -533.0000000000
19721 -532.0000000000
19743 -531.0000000000
19766 -530.0000000000
19768 -529.0000000000
19844 -528.0000000000
19850 -527.0000000000
19854 -526.0000000000
19873 -525.0000000000
19907 -524.0000000000
19924 -523.0000000000
19979 -522.0000000000
20004 -521.0000000000
20035 -520.0000000000
20086 -519.0000000000
20087 -518.0000000000
20151 -515.0000000000
20257 -514.0000000000
20267 -513.0000000000
20322 -512.0000000000
20329 -510.0000000000
20382 -508.0000000000
20469 -507.0000000000
20504 -506.0000000000
20542 -505.0000000000
20581 -504.0000000000
20613 -503.0000000000
20637 -502.0000000000
20647 -501.0000000000
20685 -500.0000000000
20690 -499.0000000000
20723 -498.0000000000
20764 -497.0000000000
20804 -496.0000000000
20822 -495.0000000000
20832 -494.0000000000
20897 -493.0000000000
20922 -492.0000000000
20926 -491.0000000000
20937 -490.0000000000
20949 -489.0000000000
20998 -487.0000000000
21053 -486.0000000000
21081 -484.0000000000
21153 -483.0000000000
21171 -482.0000000000
21242 -481.0000000000
21259 -479.0000000000
21311 -478.0000000000
21313 -477.0000000000
21364 -476.0000000000
21387 -475.0000000000
21412 -474.0000000000
21436 -473.0000000000
21447 -471.0000000000
21546 -469.0000000000
21580 -467.0000000000
21615 -466.0000000000
21655 -465.0000000000
21687 -464.0000000000
21705 -463.0000000000
21722 -462.0000000000
21818 -461.0000000000
21830 -460.0000000000
21914 -458.0000000000
21938 -457.0000000000
21993 -456.0000000000
22011 -455.0000000000
22050 -454.0000000000
22104 -453.0000000000
22126 -452.0000000000
22148 -451.0000000000
22195 -450.0000000000
22219 -448.0000000000
22256 -447.0000000000
22292 -446.0000000000
22303 -445.0000000000
22323 -444.0000000000
22412 -443.0000000000
22449 -442.0000000000
22488 -441.0000000000
22507 -440.0000000000
22543 -437.0000000000
22643 -436.0000000000
22694 -435.0000000000
22727 -434.0000000000
22762 -432.0000000000
22781 -431.0000000000
22822 -430.0000000000
22862 -427.0000000000
22981 -426.0000000000
22992 -425.0000000000
23004 -424.0000000000
23068 -421.0000000000
23128 -420.0000000000
23135 -419.0000000000
23179 -418.0000000000
23211 -417.0000000000
23313 -416.0000000000
23315 -415.0000000000
23341 -414.0000000000
23388 -413.0000000000
23439 -412.0000000000
23459 -410.0000000000
23495 -409.0000000000
23505 -408.0000000000
23548 -406.0000000000
23603 -404.0000000000
23634 -403.0000000000
23707 -402.0000000000
23722 -401.0000000000
23756 -400.0000000000
23757 -398.0000000000
23787 -396.0000000000
23935 -395.0000000000
23960 -394.0000000000
24021 -392.0000000000
24093 -391.0000000000
24118 -390.0000000000
24141 -389.0000000000
24182 -388.0000000000
24222 -386.0000000000
24284 -385.0000000000
24333 -383.0000000000
24409 -382.0000000000
24462 -381.0000000000
24484 -380.0000000000
24508 -377.0000000000
24541 -376.0000000000
24629 -374.0000000000
24697 -373.0000000000
24703 -372.0000000000
24752 -371.0000000000
24755 -370.0000000000
24769 -366.0000000000
24821 -365.0000000000
24847 -363.0000000000
24912 -362.0000000000
24934 -361.0000000000
24947 -359.0000000000
25020 -358.0000000000
25093 -357.0000000000
25122 -356.0000000000
25125 -355.0000000000
25170 -353.0000000000
25266 -351.0000000000
25373 -350.0000000000
25390 -349.0000000000
25406 -348.0000000000
25499 -347.0000000000
25537 -346.0000000000
25594 -345.0000000000
25658 -344.0000000000
25687 -343.0000000000
25753 -342.0000000000
25784 -341.0000000000
25855 -340.0000000000
25874 -339.0000000000
25907 -338.0000000000
25947 -336.0000000000
26005 -335.0000000000
26018 -334.0000000000
26092 -333.0000000000
26164 -331.0000000000
26203 -330.0000000000
26330 -329.0000000000
26385 -327.0000000000
26462 -326.0000000000
26465 -325.0000000000
26540 -324.0000000000
26543 -322.0000000000
26616 -321.0000000000
26635 -320.0000000000
26656 -319.0000000000
26673 -318.0000000000
26704 -315.0000000000
26785 -314.0000000000
26865 -313.0000000000
26882 -312.0000000000
26905 -310.0000000000
27006 -309.0000000000
27013 -308.0000000000
27038 -307.0000000000
27084 -306.0000000000
27173 -305.0000000000
27188 -304.0000000000
27201 -302.0000000000
27223 -301.0000000000
27309 -300.0000000000
27354 -299.0000000000
27359 -298.0000000000
27414 -297.0000000000
27430 -296.0000000000
27504 -295.0000000000
27541 -294.0000000000
27550 -293.0000000000
27565 -292.0000000000
27612 -291.0000000000
27684 -288.0000000000
27764 -287.0000000000
27802 -286.0000000000
27823 -285.0000000000
27830 -284.0000000000
27872 -282.0000000000
27933 -279.0000000000
27984 -278.0000000000
28003 -277.0000000000
28101 -276.0000000000
28162 -274.0000000000
28220 -273.0000000000
28276 -272.0000000000
28302 -271.0000000000
28370 -269.0000000000
28413 -268.0000000000
28473 -267.0000000000
28483 -266.0000000000
28485 -265.0000000000
28518 -263.0000000000
28615 -262.0000000000
28644 -260.0000000000
28691 -259.0000000000
28778 -258.0000000000
28784 -257.0000000000
28816 -256.0000000000
28854 -255.0000000000
28956 -254.0000000000
29004 -253.0000000000
29105 -252.0000000000
29154 -251.0000000000
29246 -250.0000000000
29280 -249.0000000000
29322 -248.0000000000
29349 -247.0000000000
29377 -246.0000000000
29445 -245.0000000000
29482 -244.0000000000
29556 -243.0000000000
29608 -242.0000000000
29643 -241.0000000000
29710 -240.0000000000
29732 -239.0000000000
29760 -238.0000000000
29856 -237.0000000000
29871 -235.0000000000
29958 -234.0000000000
29991 -233.0000000000
30028 -232.0000000000
30094 -231.0000000000
30198 -230.0000000000
30222 -229.0000000000
30304 -228.0000000000
30433 -227.0000000000
30498 -226.0000000000
30540 -225.0000000000
30595 -224.0000000000
30618 -223.0000000000
30664 -222.0000000000
30707 -220.0000000000
30756 -219.0000000000
30830 -218.0000000000
30845 -217.0000000000
30918 -216.0000000000
30977 -215.0000000000
31016 -212.0000000000
31082 -211.0000000000
31176 -210.0000000000
31202 -209.0000000000
31209 -208.0000000000
31306 -207.0000000000
31341 -206.0000000000
31414 -205.0000000000
31446 -204.0000000000
31505 -203.0000000000
31544 -202.0000000000
31620 -201.0000000000
31710 -200.0000000000
31716 -199.0000000000
31727 -198.0000000000
31824 -196.0000000000
31863 -195.0000000000
31930 -194.0000000000
32023 -193.0000000000
32074 -192.0000000000
32094 -191.0000000000
32182 -190.0000000000
32288 -188.0000000000
32419 -187.0000000000
32422 -186.0000000000
32446 -185.0000000000
32468 -184.0000000000
32544 -183.0000000000
32586 -182.0000000000
32614 -181.0000000000
32710 -180.0000000000
32773 -179.0000000000
32807 -178.0000000000
32894 -177.0000000000
32906 -176.0000000000
33039 -175.0000000000
33042 -174.0000000000
33092 -173.0000000000
33143 -172.0000000000
33209 -171.0000000000
33249 -169.0000000000
33401 -168.0000000000
33446 -167.0000000000
33489 -166.0000000000
33525 -165.0000000000
33615 -164.0000000000
33677 -163.0000000000
33726 -161.0000000000
33852 -160.0000000000
33954 -159.0000000000
34018 -158.0000000000
34042 -157.0000000000
34164 -156.0000000000
34249 -155.0000000000
34272 -154.0000000000
34409 -153.0000000000
34460 -152.0000000000
34469 -150.0000000000
34498 -149.0000000000
34603 -148.0000000000
34785 -147.0000000000
34920 -146.0000000000
34958 -145.0000000000
35056 -144.0000000000
35128 -143.0000000000
35210 -142.0000000000
35295 -141.0000000000
35431 -140.0000000000
35498 -139.0000000000
35629 -137.0000000000
35709 -136.0000000000
35740 -135.0000000000
35848 -134.0000000000
35936 -133.0000000000
35996 -132.0000000000
36092 -131.0000000000
36239 -130.0000000000
36436 -128.0000000000
36534 -127.0000000000
36550 -125.0000000000
36643 -124.0000000000
36657 -123.0000000000
36790 -122.0000000000
36826 -121.0000000000
36889 -120.0000000000
36916 -119.0000000000
36997 -118.0000000000
37052 -117.0000000000
37203 -116.0000000000
37278 -115.0000000000
37284 -113.0000000000
37484 -112.0000000000
37590 -111.0000000000
37631 -110.0000000000
37662 -109.0000000000
37804 -108.0000000000
37883 -107.0000000000
38010 -106.0000000000
38123 -105.0000000000
38176 -104.0000000000
38249 -103.0000000000
38324 -101.0000000000
38491 -100.0000000000
38633 -99.0000000000
38716 -98.0000000000
38759 -97.0000000000
38868 -96.0000000000
38873 -95.0000000000
38930 -94.0000000000
38989 -93.0000000000
39081 -92.0000000000
39143 -91.0000000000
39224 -89.0000000000
39322 -88.0000000000
39348 -87.0000000000
39429 -86.0000000000
39462 -85.0000000000
39502 -84.0000000000
39668 -82.0000000000
39761 -81.0000000000
39806 -80.0000000000
39854 -79.0000000000
39897 -78.0000000000
39997 -77.0000000000
40002 -76.0000000000
40079 -75.0000000000
40131 -74.0000000000
40198 -73.0000000000
40410 -72.0000000000
40483 -71.0000000000
40663 -69.0000000000
40716 -68.0000000000
40833 -67.0000000000
40952 -66.0000000000
40987 -65.0000000000
41014 -64.0000000000
41114 -63.0000000000
41130 -62.0000000000
41243 -61.0000000000
41328 -60.0000000000
41371 -59.0000000000
41446 -58.0000000000
41619 -57.0000000000
41662 -56.0000000000
41765 -55.0000000000
41901 -54.0000000000
41995 -53.0000000000
42076 -52.0000000000
42186 -51.0000000000
42292 -49.0000000000
42376 -48.0000000000
42495 -47.0000000000
42567 -45.0000000000
42608 -44.0000000000
42663 -43.0000000000
42693 -42.0000000000
42848 -41.0000000000
42985 -40.0000000000
43084 -39.0000000000
43145 -38.0000000000
43232 -37.0000000000
43275 -36.0000000000
43361 -35.0000000000
43480 -34.0000000000
43573 -33.0000000000
43630 -32.0000000000
43780 -31.0000000000
43917 -30.0000000000
43962 -29.0000000000
44038 -28.0000000000
44178 -27.0000000000
44309 -26.0000000000
44531 -25.0000000000
44671 -24.0000000000
44723 -23.0000000000
44801 -22.0000000000
44996 -21.0000000000
45232 -20.0000000000
45362 -19.0000000000
45520 -18.0000000000
45622 -17.0000000000
45734 -16.0000000000
45838 -15.0000000000
46184 -14.0000000000
46294 -13.0000000000
46483 -12.0000000000
46893 -11.0000000000
47088 -10.0000000000
47143 -9.0000000000
47311 -8.0000000000
47589 -7.0000000000
47707 -6.0000000000
47874 -5.0000000000
47973 -4.0000000000
48129 -3.0000000000
48341 -2.0000000000
48610 -1.0000000000
48763 346.8100000000
48779 352.5900000000
48853 366.9000000000
48963 368.5500000000
49156 373.2100000000
49430 374.1300000000
49689 374.5900000000
49716 374.6100000000
49890 383.5100000000
50683 420.7900000000
50832 449.3900000000
51160 449.7900000000
51205 450.5800000000
51268 450.8400000000
51269 453.3200000000
51324 458.6600000000
51336 479.8800000000
51611 497.1000000000
51700 506.6300000000
51743 507.2400000000
51917 517.2100000000
51983 520.3300000000
52186 523.5200000000
52561 527.5300000000
93140 529.0500000000
95041 532.1000000000
95478 603.2000000000
95722 608.7200000000
95817 611.0000000000
95824 639.4000000000
96826 640.3600000000
100000 582.7000000000
evaluations raw_y
1 -1953.0000000000
6 -1926.0000000000
48 -1906.0000000000
83 -1891.0000000000
87 -1889.0000000000
111 -1876.0000000000
144 -1866.0000000000
165 -1825.0000000000
218 -1817.0000000000
234 -1811.0000000000
260 -1804.0000000000
266 -1786.0000000000
277 -1785.0000000000
283 -1777.0000000000
314 -1772.0000000000
341 -1761.0000000000
353 -1756.0000000000
373 -1747.0000000000
380 -1736.0000000000
386 -1733.0000000000
419 -1724.0000000000
456 -1704.0000000000
488 -1693.0000000000
530 -1692.0000000000
533 -1680.0000000000
567 -1670.0000000000
578 -1664.0000000000
604 -1662.0000000000
624 -1642.0000000000
651 -1638.0000000000
663 -1621.0000000000
665 -1614.0000000000
741 -1609.0000000000
742 -1602.0000000000
769 -1600.0000000000
774 -1596.0000000000
785 -1586.0000000000
842 -1583.0000000000
843 -1580.0000000000
844 -1576.0000000000
878 -1573.0000000000
890 -1572.0000000000
902 -1568.0000000000
907 -1567.0000000000
950 -1563.0000000000
954 -1562.0000000000
955 -1557.0000000000
985 -1555.0000000000
993 -1551.0000000000
1001 -1550.0000000000
1005 -1549.0000000000
1014 -1548.0000000000
1036 -1546.0000000000
1055 -1545.0000000000
1062 -1544.0000000000
1065 -1537.0000000000
1069 -1536.0000000000
1099 -1534.0000000000
1111 -1530.0000000000
1118 -1526.0000000000
1155 -1522.0000000000
1173 -1520.0000000000
1175 -1519.0000000000
1185 -1516.0000000000
1228 -1513.0000000000
1245 -1511.0000000000
1278 -1509.0000000000
1283 -1505.0000000000
1306 -1503.0000000000
1348 -1501.0000000000
1362 -1500.0000000000
1367 -1499.0000000000
1390 -1498.0000000000
1395 -1497.0000000000
1408 -1496.0000000000
1409 -1494.0000000000
1446 -1493.0000000000
1461 -1492.0000000000
1488 -1490.0000000000
1525 -1488.0000000000
1541 -1484.0000000000
1600 -1483.0000000000
1611 -1482.0000000000
1623 -1479.0000000000
1641 -1478.0000000000
1648 -1475.0000000000
1688 -1474.0000000000
1704 -1473.0000000000
1727 -1472.0000000000
1735 -1470.0000000000
1741 -1469.0000000000
1764 -1468.0000000000
1789 -1465.0000000000
1809 -1463.0000000000
1844 -1462.0000000000
1862 -1461.0000000000
1871 -1460.0000000000
1873 -1459.0000000000
1896 -1458.0000000000
1924 -1456.0000000000
1931 -1454.0000000000
1939 -1451.0000000000
1972 -1448.0000000000
1993 -1447.0000000000
2027 -1445.0000000000
2039 -1444.0000000000
2041 -1442.0000000000
2070 -1440.0000000000
2107 -1438.0000000000
2129 -1437.0000000000
2144 -1435.0000000000
2199 -1434.0000000000
2204 -1432.0000000000
2223 -1430.0000000000
2241 -1429.0000000000
2262 -1427.0000000000
2288 -1425.0000000000
2312 -1421.0000000000
2370 -1419.0000000000
2405 -1418.0000000000
2420 -1417.0000000000
2431 -1416.0000000000
2436 -1415.0000000000
2445 -1413.0000000000
2486 -1409.0000000000
2505 -1408.0000000000
2536 -1406.0000000000
2545 -1404.0000000000
2567 -1402.0000000000
2616 -1400.0000000000
2621 -1399.0000000000
2629 -1397.0000000000
2668 -1395.0000000000
2688 -1393.0000000000
2729 -1392.0000000000
2748 -1391.0000000000
2756 -1389.0000000000
2780 -1388.0000000000
2841 -1385.0000000000
2852 -1382.0000000000
2900 -1381.0000000000
2905 -1380.0000000000
2934 -1379.0000000000
2962 -1377.0000000000
2985 -1376.0000000000
3006 -1375.0000000000
3009 -1374.0000000000
3036 -1370.0000000000
3091 -1369.0000000000
3128 -1368.0000000000
3142 -1366.0000000000
3183 -1365.0000000000
3189 -1364.0000000000
3227 -1362.0000000000
3236 -1359.0000000000
3324 -1358.0000000000
3348 -1357.0000000000
3357 -1356.0000000000
3382 -1355.0000000000
3390 -1354.0000000000
3426 -1353.0000000000
3428 -1352.0000000000
3435 -1351.0000000000
3451 -1349.0000000000
3474 -1347.0000000000
3481 -1344.0000000000
3533 -1343.0000000000
3555 -1342.0000000000
3564 -1341.0000000000
3581 -1337.0000000000
3656 -1336.0000000000
3686 -1334.0000000000
3735 -1333.0000000000
3757 -1332.0000000000
3781 -1330.0000000000
3820 -1329.0000000000
3845 -1328.0000000000
3857 -1327.0000000000
3865 -1326.0000000000
3903 -1325.0000000000
3912 -1324.0000000000
3921 -1323.0000000000
3948 -1320.0000000000
3991 -1317.0000000000
4048 -1316.0000000000
4052 -1314.0000000000
4063 -1312.0000000000
4090 -1308.0000000000
4144 -1306.0000000000
4189 -1303.0000000000
4208 -1301.0000000000
4243 -1300.0000000000
4264 -1299.0000000000
4299 -1298.0000000000
4323 -1297.0000000000
4346 -1296.0000000000
4359 -1295.0000000000
4361 -1294.0000000000
4395 -1293.0000000000
4411 -1292.0000000000
4413 -1290.0000000000
4449 -1288.0000000000
4464 -1287.0000000000
4498 -1286.0000000000
4505 -1285.0000000000
4531 -1282.0000000000
4550 -1281.0000000000
4571 -1276.0000000000
4626 -1273.0000000000
4673 -1269.0000000000
4730 -1268.0000000000
4761 -1267.0000000000
4770 -1265.0000000000
4776 -1264.0000000000
4781 -1261.0000000000
4808 -1259.0000000000
4845 -1258.0000000000
4869 -1257.0000000000
4870 -1256.0000000000
4879 -1255.0000000000
4889 -1253.0000000000
4934 -1252.0000000000
4939 -1251.0000000000
4966 -1250.0000000000
4983 -1247.0000000000
5043 -1246.0000000000
5053 -1245.0000000000
5057 -1244.0000000000
5072 -1243.0000000000
5110 -1242.0000000000
5126 -1240.0000000000
5128 -1238.0000000000
5193 -1237.0000000000
5212 -1236.0000000000
5220 -1233.0000000000
5290 -1232.0000000000
5303 -1231.0000000000
5305 -1229.0000000000
5347 -1227.0000000000
5404 -1226.0000000000
5432 -1222.0000000000
5457 -1221.0000000000
5488 -1220.0000000000
5499 -1219.0000000000
5510 -1218.0000000000
5528 -1215.0000000000
5562 -1213.0000000000
5597 -1212.0000000000
5599 -1211.0000000000
5615 -1210.0000000000
5616 -1209.0000000000
5658 -1208.0000000000
5659 -1207.0000000000
5664 -1206.0000000000
5673 -1204.0000000000
5708 -1203.0000000000
5764 -1201.0000000000
5789 -1200.0000000000
5797 -1198.0000000000
5828 -1196.0000000000
5885 -1195.0000000000
5906 -1193.0000000000
5921 -1192.0000000000
5947 -1191.0000000000
5975 -1186.0000000000
6023 -1182.0000000000
6078 -1181.0000000000
6090 -1180.0000000000
6132 -1179.0000000000
6141 -1178.0000000000
6143 -1176.0000000000
6155 -1175.0000000000
6166 -1173.0000000000
6205 -1172.0000000000
6211 -1170.0000000000
6267 -1169.0000000000
6271 -1167.0000000000
6311 -1166.0000000000
6344 -1164.0000000000
6346 -1163.0000000000
6378 -1162.0000000000
6427 -1160.0000000000
6479 -1159.0000000000
6487 -1156.0000000000
6512 -1155.0000000000
6523 -1154.0000000000
6524 -1153.0000000000
6549 -1152.0000000000
6583 -1151.0000000000
6626 -1150.0000000000
6644 -1149.0000000000
6660 -1147.0000000000
6699 -1146.0000000000
6720 -1145.0000000000
6721 -1144.0000000000
6737 -1143.0000000000
6781 -1142.0000000000
6813 -1140.0000000000
6816 -1139.0000000000
6864 -1134.0000000000
6951 -1133.0000000000
6961 -1131.0000000000
6995 -1130.0000000000
7008 -1128.0000000000
7031 -1127.0000000000
7073 -1126.0000000000
7079 -1125.0000000000
7114 -1122.0000000000
7161 -1119.0000000000
7210 -1118.0000000000
7258 -1116.0000000000
7266 -1112.0000000000
7344 -1110.0000000000
7373 -1109.0000000000
7386 -1106.0000000000
7431 -1105.0000000000
7473 -1103.0000000000
7496 -1102.0000000000
7501 -1101.0000000000
7527 -1099.0000000000
7575 -1098.0000000000
7584 -1095.0000000000
7608 -1093.0000000000
7625 -1092.0000000000
7661 -1091.0000000000
7680 -1088.0000000000
7703 -1087.0000000000
7709 -1085.0000000000
7762 -1083.0000000000
7779 -1082.0000000000
7807 -1080.0000000000
7855 -1078.0000000000
7893 -1077.0000000000
7923 -1076.0000000000
7963 -1074.0000000000
7979 -1073.0000000000
7986 -1072.0000000000
8022 -1071.0000000000
8055 -1070.0000000000
8056 -1065.0000000000
8141 -1064.0000000000
8166 -1063.0000000000
8207 -1062.0000000000
8210 -1061.0000000000
8246 -1060.0000000000
8256 -1059.0000000000
8284 -1058.0000000000
8291 -1057.0000000000
8306 -1055.0000000000
8343 -1054.0000000000
8347 -1050.0000000000
8446 -1049.0000000000
8455 -1047.0000000000
8489 -1045.0000000000
8532 -1044.0000000000
8562 -1043.0000000000
8571 -1042.0000000000
8621 -1041.0000000000
8623 -1039.0000000000
8641 -1038.0000000000
8687 -1036.0000000000
8702 -1035.0000000000
8727 -1033.0000000000
8731 -1032.0000000000
8789 -1029.0000000000
8836 -1028.0000000000
8844 -1027.0000000000
8861 -1026.0000000000
8878 -1024.0000000000
8925 -1023.0000000000
8947 -1022.0000000000
8961 -1021.0000000000
8963 -1020.0000000000
9012 -1018.0000000000
9020 -1017.0000000000
9030 -1016.0000000000
9061 -1015.0000000000
9095 -1013.0000000000
9101 -1011.0000000000
9145 -1009.0000000000
9201 -1008.0000000000
9212 -1006.0000000000
9225 -1004.0000000000
9300 -1003.0000000000
9308 -1002.0000000000
9313 -1001.0000000000
9360 -999.0000000000
9378 -998.0000000000
9386 -996.0000000000
9471 -995.0000000000
9486 -994.0000000000
9522 -993.0000000000
9525 -992.0000000000
9526 -990.0000000000
9556 -988.0000000000
9627 -986.0000000000
9645 -983.0000000000
9659 -982.0000000000
9730 -981.0000000000
9743 -979.0000000000
9781 -978.0000000000
9793 -977.0000000000
9803 -975.0000000000
9844 -974.0000000000
9896 -972.0000000000
9917 -971.0000000000
9928 -970.0000000000
9969 -969.0000000000
9971 -968.0000000000
9987 -967.0000000000
10021 -965.0000000000
10052 -963.0000000000
10103 -961.0000000000
10148 -960.0000000000
10162 -959.0000000000
10195 -958.0000000000
10206 -957.0000000000
10207 -955.0000000000
10249 -954.0000000000
10289 -952.0000000000
10294 -951.0000000000
10316 -949.0000000000
10321 -948.0000000000
10346 -947.0000000000
10369 -946.0000000000
10382 -945.0000000000
10405 -944.0000000000
10446 -943.0000000000
10460 -942.0000000000
10480 -941.0000000000
10496 -940.0000000000
10508 -939.0000000000
10514 -938.0000000000
10548 -937.0000000000
10580 -936.0000000000
10585 -935.0000000000
10638 -932.0000000000
10652 -929.0000000000
10684 -928.0000000000
10717 -924.0000000000
10787 -923.0000000000
10801 -922.0000000000
10821 -921.0000000000
10845 -920.0000000000
10860 -919.0000000000
10881 -917.0000000000
10885 -916.0000000000
10918 -915.0000000000
10957 -914.0000000000
10966 -913.0000000000
10976 -912.0000000000
11028 -911.0000000000
11034 -909.0000000000
11072 -908.0000000000
11082 -907.0000000000
11122 -906.0000000000
11143 -904.0000000000
11173 -903.0000000000
11208 -902.0000000000
11227 -900.0000000000
11243 -898.0000000000
11304 -896.0000000000
11351 -895.0000000000
11370 -894.0000000000
11381 -892.0000000000
11417 -890.0000000000
11438 -889.0000000000
11467 -888.0000000000
11501 -886.0000000000
11540 -883.0000000000
11581 -882.0000000000
11615 -881.0000000000
11621 -880.0000000000
11651 -879.0000000000
11667 -878.0000000000
11670 -876.0000000000
11728 -875.0000000000
11740 -874.0000000000
11755 -873.0000000000
11801 -872.0000000000
11830 -871.0000000000
11840 -870.0000000000
11861 -869.0000000000
11870 -867.0000000000
11910 -863.0000000000
11955 -862.0000000000
11965 -861.0000000000
12006 -859.0000000000
12009 -857.0000000000
12055 -855.0000000000
12121 -854.0000000000
12134 -853.0000000000
12143 -852.0000000000
12190 -848.0000000000
12209 -847.0000000000
12223 -846.0000000000
12245 -845.0000000000
12260 -843.0000000000
12310 -842.0000000000
12312 -841.0000000000
12344 -840.0000000000
12370 -836.0000000000
12422 -834.0000000000
12433 -833.0000000000
12485 -832.0000000000
12490 -831.0000000000
12502 -830.0000000000
12530 -829.0000000000
12562 -827.0000000000
12621 -826.0000000000
12627 -824.0000000000
12644 -822.0000000000
12721 -821.0000000000
12750 -819.0000000000
12787 -818.0000000000
12811 -817.0000000000
12836 -816.0000000000
12868 -815.0000000000
12903 -814.0000000000
12931 -813.0000000000
12933 -810.0000000000
12981 -809.0000000000
13007 -808.0000000000
13022 -807.0000000000
13046 -806.0000000000
13071 -803.0000000000
13104 -801.0000000000
13162 -800.0000000000
13179 -798.0000000000
13214 -797.0000000000
13221 -796.0000000000
13257 -795.0000000000
13283 -793.0000000000
13311 -792.0000000000
13328 -791.0000000000
13343 -790.0000000000
13355 -789.0000000000
13363 -788.0000000000
13409 -787.0000000000
13433 -786.0000000000
13440 -785.0000000000
13444 -784.0000000000
13514 -783.0000000000
13533 -781.0000000000
13582 -780.0000000000
13617 -778.0000000000
13621 -777.0000000000
13662 -776.0000000000
13715 -775.0000000000
13723 -774.0000000000
13771 -773.0000000000
13786 -771.0000000000
13815 -770.0000000000
13836 -768.0000000000
13886 -765.0000000000
13972 -763.0000000000
13984 -762.0000000000
14020 -761.0000000000
14021 -758.0000000000
14057 -757.0000000000
14128 -756.0000000000
14135 -755.0000000000
14136 -754.0000000000
14165 -752.0000000000
14182 -751.0000000000
14232 -750.0000000000
14253 -748.0000000000
14273 -747.0000000000
14331 -746.0000000000
14345 -745.0000000000
14393 -743.0000000000
14413 -741.0000000000
14492 -740.0000000000
14504 -738.0000000000
14567 -737.0000000000
14579 -736.0000000000
14597 -735.0000000000
14617 -734.0000000000
14640 -733.0000000000
14654 -731.0000000000
14701 -729.0000000000
14706 -728.0000000000
14741 -727.0000000000
14746 -726.0000000000
14758 -725.0000000000
14820 -724.0000000000
14838 -721.0000000000
14869 -720.0000000000
14876 -719.0000000000
14917 -718.0000000000
14930 -714.0000000000
15002 -713.0000000000
15049 -712.0000000000
15094 -711.0000000000
15128 -709.0000000000
15158 -708.0000000000
15196 -707.0000000000
15213 -706.0000000000
15229 -705.0000000000
15262 -703.0000000000
15294 -702.0000000000
15305 -699.0000000000
15365 -695.0000000000
15422 -694.0000000000
15443 -693.0000000000
15468 -690.0000000000
15507 -688.0000000000
15587 -687.0000000000
15608 -686.0000000000
15620 -685.0000000000
15673 -684.0000000000
15684 -683.0000000000
15715 -681.0000000000
15735 -680.0000000000
15756 -679.0000000000
15770 -677.0000000000
15785 -676.0000000000
15823 -675.0000000000
15885 -672.0000000000
15907 -669.0000000000
16003 -668.0000000000
16040 -666.0000000000
16042 -665.0000000000
16108 -663.0000000000
16148 -662.0000000000
16166 -661.0000000000
16183 -660.0000000000
16203 -658.0000000000
16244 -656.0000000000
16286 -653.0000000000
16332 -652.0000000000
16359 -651.0000000000
16405 -650.0000000000
16421 -649.0000000000
16423 -648.0000000000
16449 -647.0000000000
16511 -645.0000000000
16528 -643.0000000000
16574 -642.0000000000
16590 -641.0000000000
16642 -640.0000000000
16667 -638.0000000000
16711 -637.0000000000
16752 -636.0000000000
16782 -635.0000000000
16826 -633.0000000000
16859 -632.0000000000
16861 -631.0000000000
16906 -628.0000000000
16974 -626.0000000000
17024 -625.0000000000
17080 -623.0000000000
17105 -622.0000000000
17138 -621.0000000000
17155 -620.0000000000
17208 -619.0000000000
17229 -618.0000000000
17268 -617.0000000000
17318 -616.0000000000
17328 -615.0000000000
17352 -613.0000000000
17409 -611.0000000000
17423 -610.0000000000
17470 -609.0000000000
17490 -608.0000000000
17513 -607.0000000000
17545 -605.0000000000
17581 -603.0000000000
17624 -602.0000000000
17652 -601.0000000000
17673 -600.0000000000
17712 -599.0000000000
17739 -598.0000000000
17745 -595.0000000000
17803 -594.0000000000
17842 -593.0000000000
17903 -592.0000000000
17906 -590.0000000000
17925 -589.0000000000
17990 -587.0000000000
18015 -586.0000000000
18037 -585.0000000000
18133 -583.0000000000
18155 -581.0000000000
18206 -580.0000000000
18240 -578.0000000000
18249 -577.0000000000
18327 -575.0000000000
18342 -574.0000000000
18362 -572.0000000000
18379 -571.0000000000
18470 -570.0000000000
18514 -567.0000000000
18584 -566.0000000000
18593 -565.0000000000
18646 -564.0000000000
18655 -562.0000000000
18676 -560.0000000000
18741 -558.0000000000
18759 -557.0000000000
18784 -556.0000000000
18829 -555.0000000000
18836 -554.0000000000
18863 -553.0000000000
18917 -552.0000000000
18918 -551.0000000000
18924 -550.0000000000
18934 -549.0000000000
18950 -547.0000000000
19011 -546.0000000000
19023 -543.0000000000
19121 -542.0000000000
19169 -538.0000000000
19241 -537.0000000000
19247 -536.0000000000
19298 -534.0000000000
19341 -531.0000000000
19377 -530.0000000000
19469 -529.0000000000
19483 -528.0000000000
19503 -527.0000000000
19566 -525.0000000000
19605 -524.0000000000
19644 -523.0000000000
19657 -522.0000000000
19703 -521.0000000000
19709 -519.0000000000
19741 -517.0000000000
19770 -516.0000000000
19870 -515.0000000000
19909 -514.0000000000
19937 -513.0000000000
19957 -511.0000000000
20005 -510.0000000000
20026 -509.0000000000
20035 -508.0000000000
20043 -507.0000000000
20094 -505.0000000000
20135 -503.0000000000
20144 -502.0000000000
20182 -501.0000000000
20222 -499.0000000000
20268 -498.0000000000
20287 -497.0000000000
20313 -496.0000000000
20326 -495.0000000000
20340 -494.0000000000
20363 -491.0000000000
20447 -490.0000000000
20504 -488.0000000000
20529 -485.0000000000
20629 -484.0000000000
20648 -483.0000000000
20663 -482.0000000000
20684 -481.0000000000
20706 -480.0000000000
20728 -479.0000000000
20789 -478.0000000000
20803 -476.0000000000
20861 -474.0000000000
20897 -473.0000000000
20949 -472.0000000000
20961 -470.0000000000
21036 -469.0000000000
21065 -468.0000000000
21069 -467.0000000000
21121 -466.0000000000
21146 -465.0000000000
21193 -464.0000000000
21206 -462.0000000000
21302 -461.0000000000
21333 -460.0000000000
21344 -458.0000000000
21449 -456.0000000000
21482 -455.0000000000
21523 -453.0000000000
21554 -452.0000000000
21592 -451.0000000000
21608 -450.0000000000
21634 -449.0000000000
21649 -448.0000000000
21684 -447.0000000000
21711 -446.0000000000
21731 -445.0000000000
21775 -441.0000000000
21872 -439.0000000000
21899 -438.0000000000
21907 -436.0000000000
21931 -434.0000000000
21942 -432.0000000000
22061 -431.0000000000
22084 -430.0000000000
22103 -429.0000000000
22150 -427.0000000000
22186 -426.0000000000
22192 -425.0000000000
22247 -422.0000000000
22343 -421.0000000000
22369 -419.0000000000
22413 -418.0000000000
22417 -417.0000000000
22435 -416.0000000000
22496 -415.0000000000
22506 -414.0000000000
22547 -412.0000000000
22605 -410.0000000000
22640 -409.0000000000
22661 -408.0000000000
22730 -406.0000000000
22810 -405.0000000000
22825 -404.0000000000
22836 -403.0000000000
22846 -402.0000000000
22920 -401.0000000000
22928 -399.0000000000
23039 -398.0000000000
23077 -397.0000000000
23081 -396.0000000000
23129 -395.0000000000
23195 -394.0000000000
23239 -393.0000000000
23263 -390.0000000000
23289 -388.0000000000
23322 -387.0000000000
23391 -386.0000000000
23396 -385.0000000000
23461 -383.0000000000
23544 -382.0000000000
23560 -381.0000000000
23592 -380.0000000000
23627 -379.0000000000
23673 -378.0000000000
23692 -377.0000000000
23733 -376.0000000000
23813 -375.0000000000
23839 -374.0000000000
23926 -373.0000000000
24025 -371.0000000000
24113 -370.0000000000
24156 -369.0000000000
24174 -368.0000000000
24222 -367.0000000000
24247 -366.0000000000
24266 -365.0000000000
24303 -363.0000000000
24334 -362.0000000000
24399 -361.0000000000
24414 -360.0000000000
24427 -359.0000000000
24445 -358.0000000000
24501 -357.0000000000
24525 -355.0000000000
24557 -353.0000000000
24646 -352.0000000000
24702 -351.0000000000
24721 -350.0000000000
24773 -349.0000000000
24792 -348.0000000000
24847 -347.0000000000
24886 -345.0000000000
24914 -344.0000000000
24926 -343.0000000000
24976 -341.0000000000
25043 -340.0000000000
25078 -339.0000000000
25081 -338.0000000000
25157 -337.0000000000
25188 -336.0000000000
25208 -335.0000000000
25264 -333.0000000000
25281 -332.0000000000
25345 -331.0000000000
25378 -330.0000000000
25411 -329.0000000000
25429 -328.0000000000
25435 -327.0000000000
25522 -326.0000000000
25551 -325.0000000000
25596 -323.0000000000
25747 -322.0000000000
25808 -321.0000000000
25884 -320.0000000000
25947 -319.0000000000
25968 -318.0000000000
26026 -317.0000000000
26045 -316.0000000000
26131 -314.0000000000
26184 -313.0000000000
26241 -311.0000000000
26295 -310.0000000000
26302 -309.0000000000
26345 -307.0000000000
26389 -306.0000000000
26423 -304.0000000000
26500 -303.0000000000
26574 -302.0000000000
26606 -301.0000000000
26643 -300.0000000000
26680 -299.0000000000
26723 -298.0000000000
26738 -297.0000000000
26767 -296.0000000000
26775 -295.0000000000
26830 -294.0000000000
26868 -292.0000000000
26925 -290.0000000000
26985 -289.0000000000
27024 -288.0000000000
27053 -286.0000000000
27084 -285.0000000000
27118 -284.0000000000
27184 -283.0000000000
27210 -282.0000000000
27289 -281.0000000000
27321 -279.0000000000
27381 -278.0000000000
27408 -277.0000000000
27451 -276.0000000000
27481 -274.0000000000
27576 -273.0000000000
27622 -272.0000000000
27649 -271.0000000000
27687 -270.0000000000
27749 -269.0000000000
27778 -267.0000000000
27822 -266.0000000000
27888 -265.0000000000
27930 -264.0000000000
27965 -263.0000000000
27988 -262.0000000000
27992 -261.0000000000
28048 -259.0000000000
28113 -258.0000000000
28169 -257.0000000000
28192 -256.0000000000
28293 -255.0000000000
28353 -254.0000000000
28399 -253.0000000000
28430 -252.0000000000
28463 -251.0000000000
28528 -250.0000000000
28611 -249.0000000000
28625 -248.0000000000
28687 -247.0000000000
28709 -246.0000000000
28796 -245.0000000000
28804 -244.0000000000
28887 -243.0000000000
28940 -242.0000000000
29005 -241.0000000000
29064 -240.0000000000
29085 -239.0000000000
29143 -238.0000000000
29255 -236.0000000000
29327 -235.0000000000
29416 -234.0000000000
29467 -233.0000000000
29518 -232.0000000000
29532 -231.0000000000
29595 -230.0000000000
29601 -229.0000000000
29623 -228.0000000000
29659 -227.0000000000
29725 -226.0000000000
29767 -225.0000000000
29809 -224.0000000000
29856 -223.0000000000
29888 -222.0000000000
29911 -221.0000000000
29927 -220.0000000000
30007 -219.0000000000
30050 -218.0000000000
30100 -217.0000000000
30164 -216.0000000000
30198 -215.0000000000
30226 -214.0000000000
30245 -212.0000000000
30396 -211.0000000000
30405 -210.0000000000
30475 -209.0000000000
30520 -207.0000000000
30587 -206.0000000000
30646 -205.0000000000
30682 -204.0000000000
30706 -201.0000000000
30770 -199.0000000000
30849 -198.0000000000
30887 -196.0000000000
30979 -195.0000000000
31100 -194.0000000000
31148 -193.0000000000
31244 -192.0000000000
31293 -191.0000000000
31346 -190.0000000000
31401 -188.0000000000
31468 -187.0000000000
31504 -186.0000000000
31554 -185.0000000000
31581 -184.0000000000
31634 -183.0000000000
31645 -182.0000000000
31703 -181.0000000000
31779 -180.0000000000
31868 -179.0000000000
31894 -178.0000000000
31925 -177.0000000000
31971 -176.0000000000
32102 -175.0000000000
32124 -174.0000000000
32144 -173.0000000000
32201 -171.0000000000
32298 -170.0000000000
32310 -168.0000000000
32373 -167.0000000000
32404 -166.0000000000
32496 -165.0000000000
32520 -164.0000000000
32546 -163.0000000000
32678 -162.0000000000
32713 -161.0000000000
32743 -160.0000000000
32777 -159.0000000000
32800 -158.0000000000
32822 -157.0000000000
32854 -156.0000000000
32949 -155.0000000000
32993 -154.0000000000
33168 -153.0000000000
33246 -152.0000000000
33290 -151.0000000000
33335 -150.0000000000
33401 -149.0000000000
33449 -148.0000000000
33492 -147.0000000000
33628 -146.0000000000
33646 -145.0000000000
33712 -144.0000000000
33761 -143.0000000000
33829 -142.0000000000
33857 -141.0000000000
33886 -140.0000000000
33950 -139.0000000000
34079 -138.0000000000
34136 -137.0000000000
34182 -136.0000000000
34262 -135.0000000000
34317 -134.0000000000
34334 -133.0000000000
34436 -132.0000000000
34491 -131.0000000000
34576 -130.0000000000
34632 -129.0000000000
34652 -127.0000000000
34798 -126.0000000000
34801 -125.0000000000
34839 -124.0000000000
34866 -123.0000000000
34902 -122.0000000000
34946 -121.0000000000
35048 -120.0000000000
35125 -119.0000000000
35210 -118.0000000000
35243 -117.0000000000
35301 -116.0000000000
35341 -115.0000000000
35422 -114.0000000000
35487 -113.0000000000
35624 -112.0000000000
35744 -111.0000000000
35825 -110.0000000000
35864 -109.0000000000
35893 -108.0000000000
35961 -106.0000000000
36101 -104.0000000000
36181 -103.0000000000
36323 -102.0000000000
36416 -101.0000000000
36490 -100.0000000000
36529 -99.0000000000
36578 -98.0000000000
36586 -97.0000000000
36631 -96.0000000000
36664 -95.0000000000
36721 -94.0000000000
36760 -93.0000000000
36824 -91.0000000000
36961 -90.0000000000
37076 -89.0000000000
37093 -88.0000000000
37201 -87.0000000000
37344 -86.0000000000
37355 -85.0000000000
37525 -84.0000000000
37606 -83.0000000000
37689 -82.0000000000
37770 -81.0000000000
37971 -80.0000000000
38006 -79.0000000000
38115 -78.0000000000
38202 -77.0000000000
38258 -76.0000000000
38366 -75.0000000000
38428 -74.0000000000
38484 -73.0000000000
38686 -72.0000000000
38748 -71.0000000000
38783 -70.0000000000
38823 -69.0000000000
38863 -68.0000000000
38913 -67.0000000000
39048 -66.0000000000
39180 -65.0000000000
39267 -64.0000000000
39334 -63.0000000000
39418 -62.0000000000
39496 -61.0000000000
39596 -60.0000000000
39743 -59.0000000000
40053 -58.0000000000
40129 -57.0000000000
40229 -56.0000000000
40419 -55.0000000000
40527 -54.0000000000
40641 -52.0000000000
40755 -51.0000000000
40872 -50.0000000000
40946 -49.0000000000
41037 -48.0000000000
41058 -47.0000000000
41400 -46.0000000000
41607 -45.0000000000
41733 -44.0000000000
41989 -43.0000000000
42191 -42.0000000000
42237 -41.0000000000
42425 -40.0000000000
42625 -39.0000000000
42696 -38.0000000000
42772 -37.0000000000
42873 -36.0000000000
43202 -35.0000000000
43363 -34.0000000000
43523 -33.0000000000
43684 -32.0000000000
43784 -31.0000000000
43818 -30.0000000000
43994 -29.0000000000
44075 -28.0000000000
44345 -27.0000000000
44576 -26.0000000000
44650 -25.0000000000
44785 -24.0000000000
44887 -23.0000000000
44918 -22.0000000000
45003 -21.0000000000
45036 -20.0000000000
45141 -19.0000000000
45233 -18.0000000000
45339 -17.0000000000
45394 -16.0000000000
45510 -15.0000000000
45586 -14.0000000000
45683 -13.0000000000
45889 -12.0000000000
46079 -11.0000000000
46388 -10.0000000000
46542 -8.0000000000
46659 -7.0000000000
47303 -6.0000000000
47497 -5.0000000000
47913 -4.0000000000
48091 -3.0000000000
48161 -2.0000000000
48224 -1.0000000000
48342 377.8000000000
48370 401.7000000000
48429 401.9900000000
48565 414.7200000000
50562 423.7600000000
50716 426.6200000000
50745 435.5500000000
50884 437.1100000000
50886 441.6300000000
51248 449.2300000000
51365 452.9300000000
51729 464.7300000000
53489 465.4500000000
54006 486.6300000000
64543 496.2700000000
64805 496.7100000000
64817 497.3200000000
64823 508.4900000000
64903 510.0800000000
64986 512.4800000000
65210 530.2800000000
67170 548.3200000000
