evaluations raw_y
1 -387.0000000000
2 -376.0000000000
3 -349.0000000000
12 -344.0000000000
46 -334.0000000000
63 -324.0000000000
73 -322.0000000000
86 -321.0000000000
93 -309.0000000000
123 -308.0000000000
141 -307.0000000000
144 -303.0000000000
150 -301.0000000000
162 -291.0000000000
206 -285.0000000000
240 -283.0000000000
254 -277.0000000000
306 -275.0000000000
324 -274.0000000000
329 -273.0000000000
334 -272.0000000000
365 -270.0000000000
384 -268.0000000000
389 -265.0000000000
414 -259.0000000000
427 -256.0000000000
446 -255.0000000000
447 -253.0000000000
466 -252.0000000000
482 -251.0000000000
507 -250.0000000000
531 -249.0000000000
560 -247.0000000000
561 -242.0000000000
622 -240.0000000000
634 -239.0000000000
644 -238.0000000000
648 -236.0000000000
651 -235.0000000000
677 -233.0000000000
699 -230.0000000000
720 -228.0000000000
739 -227.0000000000
771 -226.0000000000
783 -225.0000000000
800 -224.0000000000
814 -223.0000000000
821 -222.0000000000
841 -221.0000000000
849 -220.0000000000
871 -218.0000000000
891 -217.0000000000
913 -216.0000000000
924 -212.0000000000
962 -211.0000000000
975 -210.0000000000
981 -209.0000000000
997 -208.0000000000
1004 -206.0000000000
1051 -205.0000000000
1061 -204.0000000000
1084 -203.0000000000
1099 -202.0000000000
1114 -200.0000000000
1151 -198.0000000000
1161 -197.0000000000
1181 -196.0000000000
1189 -195.0000000000
1202 -194.0000000000
1217 -193.0000000000
1250 -189.0000000000
1286 -186.0000000000
1326 -185.0000000000
1352 -184.0000000000
1370 -183.0000000000
1371 -182.0000000000
1402 -181.0000000000
1424 -179.0000000000
1471 -178.0000000000
1484 -177.0000000000
1502 -176.0000000000
1520 -174.0000000000
1532 -172.0000000000
1559 -170.0000000000
1597 -169.0000000000
1605 -168.0000000000
1631 -167.0000000000
1640 -164.0000000000
1658 -163.0000000000
1661 -158.0000000000
1706 -157.0000000000
1721 -155.0000000000
1746 -154.0000000000
1771 -152.0000000000
1781 -151.0000000000
1840 -149.0000000000
1860 -147.0000000000
1875 -146.0000000000
1898 -144.0000000000
1951 -142.0000000000
1980 -141.0000000000
2004 -140.0000000000
2008 -138.0000000000
2042 -137.0000000000
2044 -136.0000000000
2061 -135.0000000000
2081 -133.0000000000
2103 -132.0000000000
2104 -130.0000000000
2144 -129.0000000000
2160 -128.0000000000
2168 -127.0000000000
2170 -126.0000000000
2210 -125.0000000000
2227 -124.0000000000
2238 -123.0000000000
2267 -122.0000000000
2279 -120.0000000000
2311 -119.0000000000
2332 -118.0000000000
2359 -114.0000000000
2440 -113.0000000000
2482 -112.0000000000
2493 -110.0000000000
2514 -109.0000000000
2566 -106.0000000000
2574 -105.0000000000
2598 -103.0000000000
2641 -102.0000000000
2656 -100.0000000000
2681 -99.0000000000
2701 -98.0000000000
2706 -97.0000000000
2728 -95.0000000000
2773 -94.0000000000
2781 -93.0000000000
2794 -92.0000000000
2803 -91.0000000000
2841 -90.0000000000
2891 -89.0000000000
2893 -88.0000000000
2910 -85.0000000000
2963 -82.0000000000
3012 -81.0000000000
3025 -80.0000000000
3086 -79.0000000000
3103 -77.0000000000
3123 -76.0000000000
3151 -75.0000000000
3168 -74.0000000000
3177 -73.0000000000
3206 -72.0000000000
3220 -71.0000000000
3272 -69.0000000000
3301 -66.0000000000
3328 -65.0000000000
3361 -64.0000000000
3403 -63.0000000000
3450 -62.0000000000
3462 -61.0000000000
3469 -60.0000000000
3506 -59.0000000000
3516 -58.0000000000
3567 -57.0000000000
3589 -56.0000000000
3657 -54.0000000000
3683 -52.0000000000
3735 -51.0000000000
3779 -49.0000000000
3835 -48.0000000000
3839 -47.0000000000
3903 -46.0000000000
3908 -45.0000000000
3940 -44.0000000000
3981 -43.0000000000
4018 -42.0000000000
4039 -41.0000000000
4082 -40.0000000000
4114 -39.0000000000
4197 -36.0000000000
4263 -35.0000000000
4366 -32.0000000000
4415 -31.0000000000
4468 -30.0000000000
4489 -29.0000000000
4511 -28.0000000000
4533 -27.0000000000
4593 -26.0000000000
4648 -25.0000000000
4680 -23.0000000000
4733 -22.0000000000
4777 -21.0000000000
4783 -20.0000000000
4882 -19.0000000000
4897 -16.0000000000
4927 -15.0000000000
4987 -14.0000000000
5056 -13.0000000000
5089 -12.0000000000
5101 -10.0000000000
5191 -9.0000000000
5243 -8.0000000000
5295 -7.0000000000
5329 -6.0000000000
5371 -5.0000000000
5505 -4.0000000000
5555 -2.0000000000
5675 -1.0000000000
5852 565.0000000000
5857 587.0000000000
5888 592.0000000000
5989 601.0000000000
6051 614.0000000000
6634 621.0000000000
6686 622.0000000000
6707 631.0000000000
6892 633.0000000000
7208 635.0000000000
7419 651.0000000000
8622 657.0000000000
8676 658.0000000000
8856 659.0000000000
9507 660.0000000000
9521 661.0000000000
9653 662.0000000000
9817 666.0000000000
9883 668.0000000000
10763 675.0000000000
10991 677.0000000000
11198 680.0000000000
12405 681.0000000000
12513 686.0000000000
14254 697.0000000000
14703 701.0000000000
19189 706.0000000000
19638 709.0000000000
19908 711.0000000000
22880 712.0000000000
27072 713.0000000000
51013 714.0000000000
evaluations raw_y
1 -387.0000000000
2 -376.0000000000
3 -349.0000000000
12 -344.0000000000
46 -334.0000000000
63 -324.0000000000
73 -322.0000000000
86 -321.0000000000
93 -309.0000000000
123 -308.0000000000
141 -307.0000000000
144 -303.0000000000
150 -301.0000000000
162 -291.0000000000
206 -285.0000000000
240 -283.0000000000
254 -277.0000000000
306 -275.0000000000
324 -274.0000000000
329 -273.0000000000
334 -272.0000000000
365 -270.0000000000
384 -268.0000000000
389 -265.0000000000
414 -259.0000000000
427 -256.0000000000
446 -255.0000000000
447 -253.0000000000
466 -252.0000000000
482 -251.0000000000
507 -250.0000000000
531 -249.0000000000
560 -247.0000000000
561 -242.0000000000
622 -240.0000000000
634 -239.0000000000
644 -238.0000000000
648 -236.0000000000
651 -235.0000000000
677 -233.0000000000
699 -230.0000000000
720 -228.0000000000
739 -227.0000000000
771 -226.0000000000
783 -225.0000000000
800 -224.0000000000
814 -223.0000000000
821 -222.0000000000
841 -221.0000000000
849 -220.0000000000
871 -218.0000000000
891 -217.0000000000
913 -216.0000000000
924 -212.0000000000
962 -211.0000000000
975 -210.0000000000
981 -209.0000000000
997 -208.0000000000
1004 -206.0000000000
1051 -205.0000000000
1061 -204.0000000000
1084 -203.0000000000
1099 -202.0000000000
1114 -200.0000000000
1151 -198.0000000000
1161 -197.0000000000
1181 -196.0000000000
1189 -195.0000000000
1202 -194.0000000000
1217 -193.0000000000
1250 -189.0000000000
1286 -186.0000000000
1326 -185.0000000000
1352 -184.0000000000
1370 -183.0000000000
1371 -182.0000000000
1402 -181.0000000000
1424 -179.0000000000
1471 -178.0000000000
1484 -177.0000000000
1502 -176.0000000000
1520 -174.0000000000
1532 -172.0000000000
1559 -170.0000000000
1597 -169.0000000000
1605 -168.0000000000
1631 -167.0000000000
1640 -164.0000000000
1658 -163.0000000000
1661 -158.0000000000
1706 -157.0000000000
1721 -155.0000000000
1746 -154.0000000000
1771 -152.0000000000
1781 -151.0000000000
1840 -149.0000000000
1860 -147.0000000000
1875 -146.0000000000
1898 -144.0000000000
1951 -142.0000000000
1980 -141.0000000000
2004 -140.0000000000
2008 -138.0000000000
2042 -137.0000000000
2044 -136.0000000000
2061 -135.0000000000
2081 -133.0000000000
2103 -132.0000000000
2104 -130.0000000000
2144 -129.0000000000
2160 -128.0000000000
2168 -127.0000000000
2170 -126.0000000000
2210 -125.0000000000
2227 -124.0000000000
2238 -123.0000000000
2267 -122.0000000000
2279 -120.0000000000
2311 -119.0000000000
2332 -118.0000000000
2359 -114.0000000000
2440 -113.0000000000
2482 -112.0000000000
2493 -110.0000000000
2514 -109.0000000000
2566 -106.0000000000
2574 -105.0000000000
2598 -103.0000000000
2641 -102.0000000000
2656 -100.0000000000
2681 -99.0000000000
2701 -98.0000000000
2706 -97.0000000000
2728 -95.0000000000
2773 -94.0000000000
2781 -93.0000000000
2794 -92.0000000000
2803 -91.0000000000
2841 -90.0000000000
2891 -89.0000000000
2893 -88.0000000000
2910 -85.0000000000
2963 -82.0000000000
3012 -81.0000000000
3025 -80.0000000000
3086 -79.0000000000
3103 -77.0000000000
3123 -76.0000000000
3151 -75.0000000000
3168 -74.0000000000
3177 -73.0000000000
3206 -72.0000000000
3220 -71.0000000000
3272 -69.0000000000
3301 -66.0000000000
3328 -65.0000000000
3361 -64.0000000000
3403 -63.0000000000
3450 -62.0000000000
3462 -61.0000000000
3469 -60.0000000000
3506 -59.0000000000
3516 -58.0000000000
3567 -57.0000000000
3589 -56.0000000000
3657 -54.0000000000
3683 -52.0000000000
3735 -51.0000000000
3779 -49.0000000000
3835 -48.0000000000
3839 -47.0000000000
3903 -46.0000000000
3908 -45.0000000000
3940 -44.0000000000
3981 -43.0000000000
4018 -42.0000000000
4039 -41.0000000000
4082 -40.0000000000
4114 -39.0000000000
4197 -36.0000000000
4263 -35.0000000000
4366 -32.0000000000
4415 -31.0000000000
4468 -30.0000000000
4489 -29.0000000000
4511 -28.0000000000
4533 -27.0000000000
4593 -26.0000000000
4648 -25.0000000000
4680 -23.0000000000
4733 -22.0000000000
4777 -21.0000000000
4783 -20.0000000000
4882 -19.0000000000
4897 -16.0000000000
4927 -15.0000000000
4987 -14.0000000000
5056 -13.0000000000
5089 -12.0000000000
5101 -10.0000000000
5191 -9.0000000000
5243 -8.0000000000
5295 -7.0000000000
5329 -6.0000000000
5371 -5.0000000000
5505 -4.0000000000
5555 -2.0000000000
5675 -1.0000000000
5852 565.0000000000
5857 587.0000000000
5888 592.0000000000
5989 601.0000000000
6051 614.0000000000
6634 621.0000000000
6686 622.0000000000
6707 631.0000000000
6892 633.0000000000
7208 635.0000000000
7419 651.0000000000
8622 657.0000000000
8676 658.0000000000
8856 659.0000000000
9507 660.0000000000
9521 661.0000000000
9653 662.0000000000
9817 666.0000000000
9883 668.0000000000
10763 675.0000000000
10991 677.0000000000
11198 680.0000000000
12405 681.0000000000
12513 686.0000000000
14254 697.0000000000
14703 701.0000000000
19189 706.0000000000
19638 709.0000000000
19908 711.0000000000
22880 712.0000000000
27072 713.0000000000
82100 719.0000000000
90580 720.0000000000
91854 722.0000000000
100000 -1.0000000000
evaluations raw_y
1 -387.0000000000
2 -363.0000000000
3 -361.0000000000
11 -357.0000000000
13 -355.0000000000
19 -343.0000000000
36 -342.0000000000
47 -335.0000000000
63 -326.0000000000
99 -323.0000000000
105 -316.0000000000
114 -309.0000000000
135 -307.0000000000
145 -306.0000000000
161 -304.0000000000
162 -303.0000000000
176 -301.0000000000
177 -300.0000000000
191 -298.0000000000
202 -297.0000000000
203 -296.0000000000
212 -295.0000000000
226 -293.0000000000
241 -292.0000000000
242 -290.0000000000
247 -286.0000000000
262 -283.0000000000
278 -281.0000000000
291 -280.0000000000
295 -279.0000000000
308 -273.0000000000
331 -272.0000000000
353 -270.0000000000
375 -269.0000000000
396 -268.0000000000
402 -264.0000000000
422 -262.0000000000
432 -261.0000000000
466 -259.0000000000
482 -258.0000000000
511 -256.0000000000
531 -254.0000000000
541 -253.0000000000
545 -252.0000000000
569 -248.0000000000
608 -247.0000000000
618 -246.0000000000
640 -245.0000000000
642 -244.0000000000
659 -243.0000000000
676 -242.0000000000
688 -238.0000000000
701 -237.0000000000
747 -236.0000000000
771 -234.0000000000
793 -231.0000000000
811 -230.0000000000
813 -226.0000000000
823 -225.0000000000
837 -223.0000000000
859 -221.0000000000
881 -219.0000000000
901 -216.0000000000
961 -215.0000000000
966 -214.0000000000
980 -213.0000000000
983 -212.0000000000
996 -211.0000000000
1013 -210.0000000000
1050 -208.0000000000
1066 -207.0000000000
1082 -205.0000000000
1094 -204.0000000000
1105 -202.0000000000
1129 -201.0000000000
1136 -199.0000000000
1168 -198.0000000000
1179 -197.0000000000
1192 -196.0000000000
1212 -192.0000000000
1295 -191.0000000000
1314 -189.0000000000
1329 -188.0000000000
1351 -187.0000000000
1362 -185.0000000000
1379 -184.0000000000
1391 -183.0000000000
1421 -181.0000000000
1456 -180.0000000000
1461 -178.0000000000
1489 -177.0000000000
1496 -176.0000000000
1500 -174.0000000000
1501 -171.0000000000
1531 -170.0000000000
1544 -169.0000000000
1545 -168.0000000000
1592 -167.0000000000
1603 -166.0000000000
1617 -165.0000000000
1643 -163.0000000000
1656 -162.0000000000
1665 -161.0000000000
1669 -159.0000000000
1699 -157.0000000000
1710 -154.0000000000
1719 -153.0000000000
1741 -152.0000000000
1759 -150.0000000000
1794 -148.0000000000
1812 -147.0000000000
1837 -146.0000000000
1848 -144.0000000000
1862 -143.0000000000
1880 -141.0000000000
1926 -140.0000000000
1927 -139.0000000000
1938 -138.0000000000
1962 -137.0000000000
1981 -135.0000000000
1996 -134.0000000000
2006 -133.0000000000
2032 -132.0000000000
2033 -131.0000000000
2042 -129.0000000000
2070 -128.0000000000
2087 -127.0000000000
2118 -126.0000000000
2138 -125.0000000000
2143 -124.0000000000
2154 -123.0000000000
2170 -120.0000000000
2176 -119.0000000000
2235 -118.0000000000
2248 -117.0000000000
2270 -116.0000000000
2281 -114.0000000000
2314 -113.0000000000
2331 -112.0000000000
2344 -109.0000000000
2352 -108.0000000000
2422 -107.0000000000
2437 -106.0000000000
2463 -104.0000000000
2515 -103.0000000000
2545 -102.0000000000
2594 -101.0000000000
2596 -100.0000000000
2634 -99.0000000000
2646 -98.0000000000
2659 -97.0000000000
2679 -96.0000000000
2696 -95.0000000000
2718 -94.0000000000
2729 -93.0000000000
2755 -92.0000000000
2766 -91.0000000000
2804 -89.0000000000
2829 -88.0000000000
2888 -87.0000000000
2924 -86.0000000000
2949 -85.0000000000
2978 -84.0000000000
3013 -83.0000000000
3074 -82.0000000000
3084 -81.0000000000
3104 -80.0000000000
3128 -79.0000000000
3160 -78.0000000000
3179 -76.0000000000
3185 -75.0000000000
3237 -74.0000000000
3275 -73.0000000000
3288 -72.0000000000
3336 -70.0000000000
3382 -69.0000000000
3400 -68.0000000000
3406 -67.0000000000
3419 -66.0000000000
3451 -65.0000000000
3518 -64.0000000000
3531 -63.0000000000
3552 -61.0000000000
3576 -60.0000000000
3595 -59.0000000000
3659 -58.0000000000
3701 -57.0000000000
3706 -56.0000000000
3751 -55.0000000000
3791 -54.0000000000
3808 -53.0000000000
3822 -52.0000000000
3837 -51.0000000000
3867 -50.0000000000
3898 -49.0000000000
3945 -48.0000000000
3948 -47.0000000000
3958 -46.0000000000
3984 -44.0000000000
3991 -43.0000000000
4018 -42.0000000000
51013 714.0000000000
4052 -41.0000000000
4075 -40.0000000000
4107 -38.0000000000
4155 -37.0000000000
4175 -36.0000000000
4195 -35.0000000000
4228 -34.0000000000
4240 -33.0000000000
4257 -31.0000000000
4301 -30.0000000000
4384 -29.0000000000
4416 -27.0000000000
4437 -26.0000000000
4472 -25.0000000000
4488 -24.0000000000
4502 -23.0000000000
4516 -22.0000000000
4556 -21.0000000000
4585 -18.0000000000
4610 -17.0000000000
4692 -16.0000000000
4708 -15.0000000000
4755 -14.0000000000
4787 -13.0000000000
4812 -12.0000000000
4849 -11.0000000000
4876 -10.0000000000
4917 -9.0000000000
4986 -8.0000000000
5033 -7.0000000000
5121 -6.0000000000
5134 -5.0000000000
5159 -4.0000000000
5388 -3.0000000000
5603 -2.0000000000
5712 -1.0000000000
5817 593.0000000000
5831 600.0000000000
5834 610.0000000000
5909 618.0000000000
5922 630.0000000000
6008 634.0000000000
6098 637.0000000000
6117 648.0000000000
6260 650.0000000000
6439 652.0000000000
7118 655.0000000000
7247 663.0000000000
7345 671.0000000000
7540 673.0000000000
7581 675.0000000000
7660 677.0000000000
9196 680.0000000000
9425 685.0000000000
11047 688.0000000000
13511 689.0000000000
14851 691.0000000000
15405 692.0000000000
15546 693.0000000000
16483 695.0000000000
21284 699.0000000000
82100 719.0000000000
90580 720.0000000000
91854 722.0000000000
48921 700.0000000000
50202 701.0000000000
50963 702.0000000000
100000 -1.0000000000
evaluations raw_y
1 -387.0000000000
2 -363.0000000000
3 -361.0000000000
11 -357.0000000000
13 -355.0000000000
19 -343.0000000000
36 -342.0000000000
47 -335.0000000000
63 -326.0000000000
99 -323.0000000000
105 -316.0000000000
114 -309.0000000000
135 -307.0000000000
145 -306.0000000000
161 -304.0000000000
162 -303.0000000000
176 -301.0000000000
177 -300.0000000000
191 -298.0000000000
202 -297.0000000000
203 -296.0000000000
212 -295.0000000000
226 -293.0000000000
241 -292.0000000000
242 -290.0000000000
247 -286.0000000000
262 -283.0000000000
278 -281.0000000000
291 -280.0000000000
295 -279.0000000000
308 -273.0000000000
331 -272.0000000000
353 -270.0000000000
375 -269.0000000000
396 -268.0000000000
402 -264.0000000000
422 -262.0000000000
432 -261.0000000000
466 -259.0000000000
482 -258.0000000000
511 -256.0000000000
531 -254.0000000000
541 -253.0000000000
545 -252.0000000000
569 -248.0000000000
608 -247.0000000000
618 -246.0000000000
640 -245.0000000000
642 -244.0000000000
659 -243.0000000000
676 -242.0000000000
688 -238.0000000000
701 -237.0000000000
747 -236.0000000000
771 -234.0000000000
793 -231.0000000000
811 -230.0000000000
813 -226.0000000000
823 -225.0000000000
837 -223.0000000000
859 -221.0000000000
881 -219.0000000000
901 -216.0000000000
961 -215.0000000000
966 -214.0000000000
980 -213.0000000000
983 -212.0000000000
996 -211.0000000000
1013 -210.0000000000
1050 -208.0000000000
1066 -207.0000000000
1082 -205.0000000000
1094 -204.0000000000
1105 -202.0000000000
1129 -201.0000000000
1136 -199.0000000000
1168 -198.0000000000
1179 -197.0000000000
1192 -196.0000000000
1212 -192.0000000000
1295 -191.0000000000
1314 -189.0000000000
1329 -188.0000000000
1351 -187.0000000000
1362 -185.0000000000
1379 -184.0000000000
1391 -183.0000000000
1421 -181.0000000000
1456 -180.0000000000
1461 -178.0000000000
1489 -177.0000000000
1496 -176.0000000000
1500 -174.0000000000
1501 -171.0000000000
1531 -170.0000000000
1544 -169.0000000000
1545 -168.0000000000
1592 -167.0000000000
1603 -166.0000000000
1617 -165.0000000000
1643 -163.0000000000
52480 703.0000000000
1656 -162.0000000000
1665 -161.0000000000
1669 -159.0000000000
1699 -157.0000000000
1710 -154.0000000000
1719 -153.0000000000
1741 -152.0000000000
1759 -150.0000000000
1794 -148.0000000000
1812 -147.0000000000
1837 -146.0000000000
1848 -144.0000000000
1862 -143.0000000000
1880 -141.0000000000
1926 -140.0000000000
1927 -139.0000000000
1938 -138.0000000000
1962 -137.0000000000
1981 -135.0000000000
1996 -134.0000000000
2006 -133.0000000000
2032 -132.0000000000
2033 -131.0000000000
2042 -129.0000000000
2070 -128.0000000000
2087 -127.0000000000
2118 -126.0000000000
2138 -125.0000000000
2143 -124.0000000000
2154 -123.0000000000
2170 -120.0000000000
2176 -119.0000000000
2235 -118.0000000000
2248 -117.0000000000
2270 -116.0000000000
2281 -114.0000000000
2314 -113.0000000000
2331 -112.0000000000
2344 -109.0000000000
2352 -108.0000000000
2422 -107.0000000000
2437 -106.0000000000
2463 -104.0000000000
2515 -103.0000000000
2545 -102.0000000000
2594 -101.0000000000
2596 -100.0000000000
2634 -99.0000000000
2646 -98.0000000000
2659 -97.0000000000
2679 -96.0000000000
2696 -95.0000000000
2718 -94.0000000000
2729 -93.0000000000
2755 -92.0000000000
2766 -91.0000000000
2804 -89.0000000000
2829 -88.0000000000
2888 -87.0000000000
2924 -86.0000000000
2949 -85.0000000000
2978 -84.0000000000
3013 -83.0000000000
3074 -82.0000000000
3084 -81.0000000000
3104 -80.0000000000
3128 -79.0000000000
3160 -78.0000000000
3179 -76.0000000000
3185 -75.0000000000
3237 -74.0000000000
3275 -73.0000000000
3288 -72.0000000000
3336 -70.0000000000
3382 -69.0000000000
3400 -68.0000000000
3406 -67.0000000000
3419 -66.0000000000
3451 -65.0000000000
3518 -64.0000000000
3531 -63.0000000000
3552 -61.0000000000
3576 -60.0000000000
3595 -59.0000000000
3659 -58.0000000000
3701 -57.0000000000
3706 -56.0000000000
3751 -55.0000000000
3791 -54.0000000000
3808 -53.0000000000
3822 -52.0000000000
3837 -51.0000000000
3867 -50.0000000000
3898 -49.0000000000
3945 -48.0000000000
3948 -47.0000000000
3958 -46.0000000000
3984 -44.0000000000
3991 -43.0000000000
4018 -42.0000000000
4052 -41.0000000000
4075 -40.0000000000
4107 -38.0000000000
4155 -37.0000000000
4175 -36.0000000000
4195 -35.0000000000
4228 -34.0000000000
4240 -33.0000000000
4257 -31.0000000000
4301 -30.0000000000
4384 -29.0000000000
4416 -27.0000000000
4437 -26.0000000000
4472 -25.0000000000
4488 -24.0000000000
4502 -23.0000000000
4516 -22.0000000000
4556 -21.0000000000
4585 -18.0000000000
4610 -17.0000000000
4692 -16.0000000000
4708 -15.0000000000
4755 -14.0000000000
4787 -13.0000000000
4812 -12.0000000000
56858 706.0000000000
4849 -11.0000000000
4876 -10.0000000000
4917 -9.0000000000
4986 -8.0000000000
5033 -7.0000000000
5121 -6.0000000000
5134 -5.0000000000
5159 -4.0000000000
5388 -3.0000000000
5603 -2.0000000000
5712 -1.0000000000
5817 593.0000000000
5831 600.0000000000
5834 610.0000000000
5909 618.0000000000
5922 630.0000000000
6008 634.0000000000
6098 637.0000000000
6117 648.0000000000
6260 650.0000000000
6439 652.0000000000
7118 655.0000000000
7247 663.0000000000
7345 671.0000000000
7540 673.0000000000
7581 675.0000000000
7660 677.0000000000
9196 680.0000000000
9425 685.0000000000
11047 688.0000000000
13511 689.0000000000
14851 691.0000000000
15405 692.0000000000
15546 693.0000000000
16483 695.0000000000
69114 707.0000000000
69395 709.0000000000
21284 699.0000000000
95897 710.0000000000
96106 711.0000000000
48921 700.0000000000
100000 -2.0000000000
evaluations raw_y
1 -379.0000000000
2 -329.0000000000
32 -319.0000000000
69 -307.0000000000
84 -296.0000000000
121 -295.0000000000
131 -292.0000000000
143 -291.0000000000
155 -285.0000000000
173 -284.0000000000
190 -283.0000000000
198 -275.0000000000
242 -271.0000000000
262 -265.0000000000
286 -264.0000000000
301 -263.0000000000
334 -262.0000000000
346 -261.0000000000
352 -259.0000000000
354 -258.0000000000
360 -256.0000000000
381 -253.0000000000
389 -250.0000000000
435 -249.0000000000
455 -248.0000000000
460 -246.0000000000
464 -245.0000000000
480 -241.0000000000
490 -240.0000000000
502 -238.0000000000
524 -237.0000000000
531 -236.0000000000
50202 701.0000000000
548 -234.0000000000
559 -232.0000000000
574 -231.0000000000
591 -230.0000000000
592 -229.0000000000
605 -226.0000000000
614 -225.0000000000
632 -223.0000000000
645 -215.0000000000
652 -213.0000000000
683 -209.0000000000
729 -208.0000000000
731 -206.0000000000
775 -205.0000000000
780 -204.0000000000
783 -203.0000000000
802 -202.0000000000
818 -200.0000000000
847 -198.0000000000
859 -197.0000000000
864 -196.0000000000
876 -195.0000000000
886 -194.0000000000
913 -193.0000000000
920 -192.0000000000
935 -191.0000000000
947 -190.0000000000
980 -187.0000000000
989 -184.0000000000
1016 -183.0000000000
1040 -182.0000000000
1058 -180.0000000000
1093 -179.0000000000
1101 -175.0000000000
1139 -174.0000000000
1154 -172.0000000000
1188 -171.0000000000
1194 -170.0000000000
1202 -169.0000000000
1212 -167.0000000000
1221 -166.0000000000
1234 -164.0000000000
1249 -162.0000000000
1296 -161.0000000000
1308 -159.0000000000
1338 -158.0000000000
1365 -157.0000000000
1403 -155.0000000000
1434 -154.0000000000
1438 -153.0000000000
1459 -151.0000000000
1485 -150.0000000000
1500 -149.0000000000
1512 -148.0000000000
1519 -147.0000000000
1545 -146.0000000000
1551 -141.0000000000
1606 -140.0000000000
1626 -139.0000000000
1629 -138.0000000000
1642 -137.0000000000
1655 -136.0000000000
1684 -135.0000000000
1691 -134.0000000000
1709 -133.0000000000
50963 702.0000000000
1736 -131.0000000000
1751 -129.0000000000
1772 -128.0000000000
1786 -127.0000000000
1803 -125.0000000000
1825 -124.0000000000
1903 -122.0000000000
1914 -121.0000000000
1938 -120.0000000000
1965 -118.0000000000
2005 -117.0000000000
2013 -116.0000000000
2031 -115.0000000000
2042 -113.0000000000
2054 -111.0000000000
2068 -109.0000000000
2123 -108.0000000000
2134 -107.0000000000
2169 -104.0000000000
2209 -101.0000000000
2278 -100.0000000000
2336 -99.0000000000
2350 -95.0000000000
2394 -94.0000000000
2419 -93.0000000000
2430 -91.0000000000
2465 -88.0000000000
2532 -85.0000000000
2601 -84.0000000000
2616 -83.0000000000
2642 -82.0000000000
2682 -81.0000000000
2698 -79.0000000000
2744 -78.0000000000
2766 -75.0000000000
2798 -74.0000000000
2844 -72.0000000000
2867 -71.0000000000
2920 -70.0000000000
2947 -69.0000000000
2953 -68.0000000000
3009 -67.0000000000
3014 -65.0000000000
3066 -64.0000000000
3069 -62.0000000000
3076 -61.0000000000
3122 -60.0000000000
3144 -59.0000000000
3183 -58.0000000000
3258 -57.0000000000
3260 -56.0000000000
3355 -54.0000000000
3385 -53.0000000000
3426 -52.0000000000
3434 -51.0000000000
3455 -49.0000000000
3483 -48.0000000000
3512 -47.0000000000
52480 703.0000000000
3602 -43.0000000000
3623 -42.0000000000
3702 -41.0000000000
3716 -40.0000000000
3767 -39.0000000000
3787 -38.0000000000
3812 -37.0000000000
3871 -36.0000000000
3928 -35.0000000000
3943 -34.0000000000
3973 -33.0000000000
4007 -32.0000000000
4036 -31.0000000000
4066 -30.0000000000
4078 -28.0000000000
4157 -26.0000000000
4218 -25.0000000000
4240 -24.0000000000
4315 -23.0000000000
4361 -22.0000000000
4385 -21.0000000000
4435 -20.0000000000
4466 -18.0000000000
4511 -17.0000000000
4582 -16.0000000000
4606 -15.0000000000
4685 -14.0000000000
4753 -13.0000000000
4805 -12.0000000000
4858 -11.0000000000
4903 -10.0000000000
4951 -9.0000000000
5074 -8.0000000000
5159 -7.0000000000
5215 -6.0000000000
5266 -5.0000000000
5344 -4.0000000000
5772 -3.0000000000
5785 -2.0000000000
5896 -1.0000000000
5992 572.0000000000
6001 600.0000000000
6171 607.0000000000
6172 619.0000000000
6206 622.0000000000
6370 637.0000000000
6393 647.0000000000
6578 649.0000000000
6606 653.0000000000
6615 654.0000000000
6661 660.0000000000
7469 661.0000000000
7481 664.0000000000
7553 672.0000000000
7741 676.0000000000
7853 677.0000000000
56858 706.0000000000
7946 685.0000000000
8252 686.0000000000
11189 687.0000000000
17101 688.0000000000
69114 707.0000000000
69395 709.0000000000
19569 689.0000000000
25526 690.0000000000
25616 693.0000000000
27428 695.0000000000
27709 700.0000000000
29653 701.0000000000
29864 706.0000000000
36710 709.0000000000
41241 710.0000000000
42035 711.0000000000
95897 710.0000000000
96106 711.0000000000
100000 -2.0000000000
evaluations raw_y
1 -379.0000000000
2 -329.0000000000
32 -319.0000000000
69 -307.0000000000
84 -296.0000000000
121 -295.0000000000
131 -292.0000000000
143 -291.0000000000
155 -285.0000000000
173 -284.0000000000
190 -283.0000000000
198 -275.0000000000
242 -271.0000000000
262 -265.0000000000
286 -264.0000000000
301 -263.0000000000
334 -262.0000000000
346 -261.0000000000
352 -259.0000000000
354 -258.0000000000
360 -256.0000000000
381 -253.0000000000
389 -250.0000000000
435 -249.0000000000
455 -248.0000000000
460 -246.0000000000
464 -245.0000000000
480 -241.0000000000
490 -240.0000000000
502 -238.0000000000
524 -237.0000000000
531 -236.0000000000
548 -234.0000000000
559 -232.0000000000
574 -231.0000000000
591 -230.0000000000
592 -229.0000000000
605 -226.0000000000
614 -225.0000000000
632 -223.0000000000
645 -215.0000000000
652 -213.0000000000
683 -209.0000000000
729 -208.0000000000
731 -206.0000000000
775 -205.0000000000
780 -204.0000000000
783 -203.0000000000
802 -202.0000000000
818 -200.0000000000
847 -198.0000000000
859 -197.0000000000
864 -196.0000000000
876 -195.0000000000
886 -194.0000000000
913 -193.0000000000
920 -192.0000000000
935 -191.0000000000
947 -190.0000000000
980 -187.0000000000
989 -184.0000000000
1016 -183.0000000000
1040 -182.0000000000
1058 -180.0000000000
1093 -179.0000000000
1101 -175.0000000000
1139 -174.0000000000
1154 -172.0000000000
1188 -171.0000000000
1194 -170.0000000000
1202 -169.0000000000
1212 -167.0000000000
1221 -166.0000000000
1234 -164.0000000000
1249 -162.0000000000
1296 -161.0000000000
1308 -159.0000000000
1338 -158.0000000000
1365 -157.0000000000
1403 -155.0000000000
1434 -154.0000000000
1438 -153.0000000000
1459 -151.0000000000
1485 -150.0000000000
1500 -149.0000000000
1512 -148.0000000000
1519 -147.0000000000
1545 -146.0000000000
1551 -141.0000000000
1606 -140.0000000000
1626 -139.0000000000
1629 -138.0000000000
1642 -137.0000000000
1655 -136.0000000000
1684 -135.0000000000
1691 -134.0000000000
1709 -133.0000000000
1736 -131.0000000000
1751 -129.0000000000
1772 -128.0000000000
1786 -127.0000000000
1803 -125.0000000000
1825 -124.0000000000
1903 -122.0000000000
1914 -121.0000000000
1938 -120.0000000000
1965 -118.0000000000
2005 -117.0000000000
2013 -116.0000000000
2031 -115.0000000000
2042 -113.0000000000
2054 -111.0000000000
2068 -109.0000000000
2123 -108.0000000000
2134 -107.0000000000
2169 -104.0000000000
2209 -101.0000000000
2278 -100.0000000000
2336 -99.0000000000
2350 -95.0000000000
2394 -94.0000000000
2419 -93.0000000000
2430 -91.0000000000
2465 -88.0000000000
2532 -85.0000000000
2601 -84.0000000000
2616 -83.0000000000
2642 -82.0000000000
2682 -81.0000000000
2698 -79.0000000000
2744 -78.0000000000
2766 -75.0000000000
2798 -74.0000000000
2844 -72.0000000000
2867 -71.0000000000
2920 -70.0000000000
2947 -69.0000000000
2953 -68.0000000000
3009 -67.0000000000
3014 -65.0000000000
49864 715.0000000000
3066 -64.0000000000
3069 -62.0000000000
3076 -61.0000000000
3122 -60.0000000000
3144 -59.0000000000
3183 -58.0000000000
3258 -57.0000000000
3260 -56.0000000000
3355 -54.0000000000
3385 -53.0000000000
3426 -52.0000000000
3434 -51.0000000000
3455 -49.0000000000
3483 -48.0000000000
3512 -47.0000000000
3602 -43.0000000000
3623 -42.0000000000
3702 -41.0000000000
3716 -40.0000000000
3767 -39.0000000000
3787 -38.0000000000
3812 -37.0000000000
3871 -36.0000000000
3928 -35.0000000000
3943 -34.0000000000
3973 -33.0000000000
4007 -32.0000000000
4036 -31.0000000000
4066 -30.0000000000
4078 -28.0000000000
4157 -26.0000000000
4218 -25.0000000000
4240 -24.0000000000
4315 -23.0000000000
4361 -22.0000000000
4385 -21.0000000000
4435 -20.0000000000
4466 -18.0000000000
4511 -17.0000000000
4582 -16.0000000000
4606 -15.0000000000
4685 -14.0000000000
4753 -13.0000000000
4805 -12.0000000000
4858 -11.0000000000
4903 -10.0000000000
4951 -9.0000000000
5074 -8.0000000000
5159 -7.0000000000
51802 718.0000000000
5215 -6.0000000000
5266 -5.0000000000
5344 -4.0000000000
5772 -3.0000000000
5785 -2.0000000000
5896 -1.0000000000
5992 572.0000000000
6001 600.0000000000
6171 607.0000000000
6172 619.0000000000
6206 622.0000000000
6370 637.0000000000
6393 647.0000000000
6578 649.0000000000
6606 653.0000000000
6615 654.0000000000
6661 660.0000000000
7469 661.0000000000
7481 664.0000000000
7553 672.0000000000
7741 676.0000000000
7853 677.0000000000
7946 685.0000000000
8252 686.0000000000
11189 687.0000000000
17101 688.0000000000
19569 689.0000000000
25526 690.0000000000
25616 693.0000000000
27428 695.0000000000
27709 700.0000000000
29653 701.0000000000
29864 706.0000000000
36710 709.0000000000
41241 710.0000000000
42035 711.0000000000
49864 715.0000000000
51802 718.0000000000
100000 -3.0000000000
evaluations raw_y
1 -372.0000000000
2 -359.0000000000
6 -357.0000000000
19 -354.0000000000
27 -344.0000000000
32 -343.0000000000
45 -331.0000000000
70 -326.0000000000
76 -324.0000000000
79 -322.0000000000
89 -320.0000000000
99 -319.0000000000
106 -312.0000000000
109 -311.0000000000
117 -308.0000000000
127 -302.0000000000
135 -301.0000000000
136 -299.0000000000
146 -298.0000000000
159 -294.0000000000
184 -292.0000000000
191 -289.0000000000
204 -285.0000000000
213 -284.0000000000
236 -280.0000000000
242 -279.0000000000
258 -278.0000000000
282 -272.0000000000
331 -271.0000000000
343 -270.0000000000
347 -263.0000000000
372 -262.0000000000
373 -259.0000000000
388 -258.0000000000
391 -255.0000000000
407 -253.0000000000
435 -252.0000000000
440 -251.0000000000
454 -249.0000000000
474 -246.0000000000
511 -244.0000000000
525 -243.0000000000
526 -241.0000000000
570 -240.0000000000
580 -239.0000000000
603 -238.0000000000
624 -236.0000000000
638 -235.0000000000
643 -234.0000000000
660 -233.0000000000
667 -231.0000000000
682 -230.0000000000
707 -229.0000000000
720 -228.0000000000
731 -227.0000000000
743 -225.0000000000
763 -224.0000000000
767 -223.0000000000
776 -221.0000000000
786 -220.0000000000
833 -218.0000000000
843 -217.0000000000
861 -216.0000000000
905 -215.0000000000
906 -214.0000000000
911 -213.0000000000
932 -212.0000000000
940 -211.0000000000
949 -210.0000000000
960 -209.0000000000
971 -207.0000000000
991 -206.0000000000
992 -205.0000000000
1035 -204.0000000000
1052 -203.0000000000
1066 -202.0000000000
1079 -200.0000000000
1100 -199.0000000000
1112 -198.0000000000
1131 -197.0000000000
1148 -196.0000000000
1173 -195.0000000000
1175 -194.0000000000
1183 -192.0000000000
1193 -191.0000000000
1202 -190.0000000000
1214 -189.0000000000
1220 -188.0000000000
1238 -187.0000000000
1248 -185.0000000000
1256 -184.0000000000
1259 -183.0000000000
1281 -182.0000000000
1296 -180.0000000000
1323 -179.0000000000
1340 -177.0000000000
1351 -176.0000000000
1365 -175.0000000000
1394 -174.0000000000
1427 -171.0000000000
1447 -169.0000000000
1485 -168.0000000000
1496 -167.0000000000
1501 -166.0000000000
1515 -165.0000000000
1519 -161.0000000000
1578 -160.0000000000
1611 -159.0000000000
1612 -158.0000000000
1646 -157.0000000000
1676 -156.0000000000
1684 -155.0000000000
1706 -153.0000000000
1724 -152.0000000000
1735 -150.0000000000
1779 -149.0000000000
1794 -147.0000000000
1812 -146.0000000000
1822 -145.0000000000
1857 -143.0000000000
1880 -142.0000000000
1883 -141.0000000000
1888 -140.0000000000
1910 -139.0000000000
1918 -137.0000000000
1950 -136.0000000000
1967 -135.0000000000
2000 -134.0000000000
2004 -132.0000000000
2034 -131.0000000000
2042 -130.0000000000
2065 -129.0000000000
2104 -127.0000000000
2125 -124.0000000000
2136 -123.0000000000
2166 -122.0000000000
2199 -120.0000000000
2235 -118.0000000000
2268 -117.0000000000
2278 -116.0000000000
2306 -115.0000000000
2314 -114.0000000000
2321 -113.0000000000
2340 -112.0000000000
2343 -111.0000000000
2360 -110.0000000000
2361 -108.0000000000
2427 -107.0000000000
2456 -106.0000000000
2488 -105.0000000000
2504 -104.0000000000
2537 -103.0000000000
2543 -101.0000000000
2589 -100.0000000000
2622 -99.0000000000
2639 -97.0000000000
2655 -96.0000000000
2688 -95.0000000000
2713 -94.0000000000
2724 -93.0000000000
2741 -92.0000000000
2775 -91.0000000000
2810 -90.0000000000
2813 -89.0000000000
2853 -87.0000000000
2886 -86.0000000000
2907 -84.0000000000
2956 -82.0000000000
2961 -81.0000000000
3042 -80.0000000000
3078 -79.0000000000
3100 -77.0000000000
3105 -75.0000000000
3155 -73.0000000000
3213 -72.0000000000
3233 -71.0000000000
3247 -69.0000000000
3263 -68.0000000000
3308 -67.0000000000
3325 -66.0000000000
3328 -65.0000000000
3356 -64.0000000000
3377 -63.0000000000
3388 -62.0000000000
3408 -61.0000000000
3443 -59.0000000000
3497 -58.0000000000
3513 -57.0000000000
3525 -56.0000000000
3545 -55.0000000000
3621 -53.0000000000
3643 -52.0000000000
3662 -50.0000000000
3692 -49.0000000000
3723 -48.0000000000
3773 -47.0000000000
3800 -46.0000000000
3887 -45.0000000000
3892 -44.0000000000
3928 -43.0000000000
3968 -42.0000000000
3974 -40.0000000000
4004 -39.0000000000
4017 -38.0000000000
4070 -37.0000000000
4087 -36.0000000000
4129 -35.0000000000
4157 -34.0000000000
4163 -33.0000000000
4194 -32.0000000000
4293 -31.0000000000
4320 -30.0000000000
4370 -29.0000000000
4406 -28.0000000000
4438 -27.0000000000
4476 -26.0000000000
4488 -25.0000000000
4564 -24.0000000000
4573 -23.0000000000
4613 -22.0000000000
4651 -21.0000000000
4681 -20.0000000000
4726 -19.0000000000
4744 -18.0000000000
4803 -17.0000000000
4835 -15.0000000000
4901 -14.0000000000
5025 -13.0000000000
5030 -12.0000000000
5047 -11.0000000000
5127 -10.0000000000
5141 -9.0000000000
5249 -8.0000000000
5347 -7.0000000000
5450 -6.0000000000
5469 -5.0000000000
5523 -4.0000000000
5574 -3.0000000000
5659 -2.0000000000
5667 -1.0000000000
5847 603.0000000000
6007 618.0000000000
6010 621.0000000000
6060 625.0000000000
6064 626.0000000000
6091 627.0000000000
6178 628.0000000000
6200 630.0000000000
6259 632.0000000000
6332 635.0000000000
6423 637.0000000000
6432 643.0000000000
6617 646.0000000000
6700 649.0000000000
6791 652.0000000000
6856 654.0000000000
7948 656.0000000000
8274 659.0000000000
8854 667.0000000000
10470 670.0000000000
12155 673.0000000000
12347 678.0000000000
12441 682.0000000000
12901 684.0000000000
13698 691.0000000000
17260 697.0000000000
17594 698.0000000000
17625 700.0000000000
17895 701.0000000000
17959 702.0000000000
18341 707.0000000000
28393 709.0000000000
29730 710.0000000000
31108 712.0000000000
100000 -3.0000000000
evaluations raw_y
1 -372.0000000000
2 -359.0000000000
6 -357.0000000000
19 -354.0000000000
27 -344.0000000000
32 -343.0000000000
45 -331.0000000000
70 -326.0000000000
76 -324.0000000000
79 -322.0000000000
89 -320.0000000000
99 -319.0000000000
106 -312.0000000000
109 -311.0000000000
117 -308.0000000000
127 -302.0000000000
135 -301.0000000000
136 -299.0000000000
146 -298.0000000000
159 -294.0000000000
184 -292.0000000000
191 -289.0000000000
204 -285.0000000000
213 -284.0000000000
236 -280.0000000000
242 -279.0000000000
258 -278.0000000000
282 -272.0000000000
331 -271.0000000000
343 -270.0000000000
347 -263.0000000000
372 -262.0000000000
373 -259.0000000000
388 -258.0000000000
391 -255.0000000000
407 -253.0000000000
435 -252.0000000000
440 -251.0000000000
454 -249.0000000000
474 -246.0000000000
511 -244.0000000000
525 -243.0000000000
526 -241.0000000000
570 -240.0000000000
580 -239.0000000000
603 -238.0000000000
624 -236.0000000000
638 -235.0000000000
643 -234.0000000000
660 -233.0000000000
667 -231.0000000000
682 -230.0000000000
707 -229.0000000000
720 -228.0000000000
731 -227.0000000000
743 -225.0000000000
763 -224.0000000000
767 -223.0000000000
776 -221.0000000000
786 -220.0000000000
833 -218.0000000000
843 -217.0000000000
861 -216.0000000000
905 -215.0000000000
906 -214.0000000000
911 -213.0000000000
932 -212.0000000000
940 -211.0000000000
949 -210.0000000000
960 -209.0000000000
971 -207.0000000000
991 -206.0000000000
992 -205.0000000000
1035 -204.0000000000
1052 -203.0000000000
1066 -202.0000000000
1079 -200.0000000000
1100 -199.0000000000
1112 -198.0000000000
1131 -197.0000000000
1148 -196.0000000000
1173 -195.0000000000
1175 -194.0000000000
1183 -192.0000000000
1193 -191.0000000000
1202 -190.0000000000
1214 -189.0000000000
1220 -188.0000000000
1238 -187.0000000000
1248 -185.0000000000
1256 -184.0000000000
1259 -183.0000000000
1281 -182.0000000000
1296 -180.0000000000
1323 -179.0000000000
1340 -177.0000000000
1351 -176.0000000000
1365 -175.0000000000
1394 -174.0000000000
1427 -171.0000000000
1447 -169.0000000000
1485 -168.0000000000
1496 -167.0000000000
1501 -166.0000000000
1515 -165.0000000000
1519 -161.0000000000
1578 -160.0000000000
1611 -159.0000000000
1612 -158.0000000000
1646 -157.0000000000
1676 -156.0000000000
1684 -155.0000000000
1706 -153.0000000000
1724 -152.0000000000
1735 -150.0000000000
1779 -149.0000000000
1794 -147.0000000000
1812 -146.0000000000
1822 -145.0000000000
1857 -143.0000000000
1880 -142.0000000000
1883 -141.0000000000
1888 -140.0000000000
1910 -139.0000000000
1918 -137.0000000000
1950 -136.0000000000
1967 -135.0000000000
2000 -134.0000000000
2004 -132.0000000000
2034 -131.0000000000
2042 -130.0000000000
2065 -129.0000000000
2104 -127.0000000000
2125 -124.0000000000
2136 -123.0000000000
2166 -122.0000000000
2199 -120.0000000000
2235 -118.0000000000
2268 -117.0000000000
2278 -116.0000000000
2306 -115.0000000000
2314 -114.0000000000
2321 -113.0000000000
2340 -112.0000000000
2343 -111.0000000000
2360 -110.0000000000
2361 -108.0000000000
2427 -107.0000000000
2456 -106.0000000000
2488 -105.0000000000
2504 -104.0000000000
2537 -103.0000000000
2543 -101.0000000000
2589 -100.0000000000
2622 -99.0000000000
2639 -97.0000000000
2655 -96.0000000000
2688 -95.0000000000
2713 -94.0000000000
2724 -93.0000000000
2741 -92.0000000000
2775 -91.0000000000
2810 -90.0000000000
2813 -89.0000000000
2853 -87.0000000000
2886 -86.0000000000
2907 -84.0000000000
2956 -82.0000000000
2961 -81.0000000000
3042 -80.0000000000
3078 -79.0000000000
3100 -77.0000000000
3105 -75.0000000000
3155 -73.0000000000
3213 -72.0000000000
3233 -71.0000000000
3247 -69.0000000000
3263 -68.0000000000
3308 -67.0000000000
3325 -66.0000000000
3328 -65.0000000000
3356 -64.0000000000
3377 -63.0000000000
3388 -62.0000000000
3408 -61.0000000000
3443 -59.0000000000
3497 -58.0000000000
3513 -57.0000000000
3525 -56.0000000000
3545 -55.0000000000
3621 -53.0000000000
3643 -52.0000000000
3662 -50.0000000000
3692 -49.0000000000
3723 -48.0000000000
3773 -47.0000000000
3800 -46.0000000000
3887 -45.0000000000
3892 -44.0000000000
3928 -43.0000000000
3968 -42.0000000000
3974 -40.0000000000
4004 -39.0000000000
4017 -38.0000000000
4070 -37.0000000000
4087 -36.0000000000
4129 -35.0000000000
4157 -34.0000000000
4163 -33.0000000000
4194 -32.0000000000
4293 -31.0000000000
4320 -30.0000000000
4370 -29.0000000000
4406 -28.0000000000
4438 -27.0000000000
4476 -26.0000000000
4488 -25.0000000000
4564 -24.0000000000
4573 -23.0000000000
4613 -22.0000000000
4651 -21.0000000000
4681 -20.0000000000
4726 -19.0000000000
4744 -18.0000000000
4803 -17.0000000000
4835 -15.0000000000
4901 -14.0000000000
5025 -13.0000000000
5030 -12.0000000000
5047 -11.0000000000
5127 -10.0000000000
5141 -9.0000000000
5249 -8.0000000000
5347 -7.0000000000
5450 -6.0000000000
5469 -5.0000000000
5523 -4.0000000000
5574 -3.0000000000
5659 -2.0000000000
5667 -1.0000000000
5847 603.0000000000
6007 618.0000000000
6010 621.0000000000
6060 625.0000000000
6064 626.0000000000
6091 627.0000000000
6178 628.0000000000
6200 630.0000000000
6259 632.0000000000
6332 635.0000000000
6423 637.0000000000
6432 643.0000000000
6617 646.0000000000
6700 649.0000000000
6791 652.0000000000
6856 654.0000000000
7948 656.0000000000
8274 659.0000000000
8854 667.0000000000
10470 670.0000000000
12155 673.0000000000
12347 678.0000000000
12441 682.0000000000
12901 684.0000000000
13698 691.0000000000
17260 697.0000000000
17594 698.0000000000
17625 700.0000000000
17895 701.0000000000
17959 702.0000000000
18341 707.0000000000
28393 709.0000000000
29730 710.0000000000
31108 712.0000000000
100000 -1.0000000000
evaluations raw_y
1 -392.0000000000
2 -349.0000000000
16 -344.0000000000
31 -338.0000000000
53 -332.0000000000
57 -327.0000000000
63 -326.0000000000
68 -324.0000000000
78 -322.0000000000
81 -315.0000000000
101 -309.0000000000
111 -306.0000000000
120 -305.0000000000
123 -296.0000000000
141 -293.0000000000
153 -292.0000000000
159 -289.0000000000
160 -285.0000000000
177 -282.0000000000
193 -281.0000000000
203 -270.0000000000
233 -268.0000000000
242 -267.0000000000
251 -261.0000000000
264 -260.0000000000
291 -257.0000000000
303 -251.0000000000
334 -245.0000000000
352 -239.0000000000
378 -238.0000000000
382 -234.0000000000
401 -232.0000000000
435 -228.0000000000
450 -227.0000000000
472 -226.0000000000
498 -225.0000000000
527 -224.0000000000
534 -222.0000000000
546 -219.0000000000
570 -214.0000000000
628 -213.0000000000
633 -211.0000000000
652 -210.0000000000
665 -209.0000000000
672 -208.0000000000
683 -207.0000000000
719 -206.0000000000
722 -205.0000000000
729 -203.0000000000
772 -201.0000000000
794 -200.0000000000
801 -197.0000000000
837 -196.0000000000
844 -195.0000000000
868 -194.0000000000
885 -193.0000000000
895 -192.0000000000
897 -191.0000000000
903 -190.0000000000
926 -189.0000000000
947 -186.0000000000
995 -184.0000000000
997 -183.0000000000
1005 -180.0000000000
1046 -179.0000000000
1053 -177.0000000000
1092 -176.0000000000
1102 -175.0000000000
1128 -174.0000000000
1142 -173.0000000000
1143 -172.0000000000
1163 -170.0000000000
1166 -168.0000000000
1197 -166.0000000000
1213 -165.0000000000
1246 -164.0000000000
1264 -162.0000000000
1271 -159.0000000000
1316 -157.0000000000
1324 -156.0000000000
1359 -155.0000000000
1375 -154.0000000000
1391 -152.0000000000
1401 -150.0000000000
1422 -149.0000000000
1448 -148.0000000000
1473 -147.0000000000
1515 -146.0000000000
1526 -144.0000000000
1541 -143.0000000000
1568 -141.0000000000
1633 -140.0000000000
1642 -138.0000000000
1685 -137.0000000000
1687 -135.0000000000
1693 -134.0000000000
1712 -133.0000000000
1741 -132.0000000000
1742 -131.0000000000
1760 -129.0000000000
1800 -128.0000000000
1805 -127.0000000000
1826 -126.0000000000
1848 -125.0000000000
1876 -124.0000000000
1894 -123.0000000000
1908 -121.0000000000
1933 -120.0000000000
1959 -117.0000000000
1968 -116.0000000000
2011 -115.0000000000
2014 -113.0000000000
2041 -111.0000000000
2094 -110.0000000000
2104 -109.0000000000
2116 -108.0000000000
2163 -106.0000000000
2165 -105.0000000000
2174 -103.0000000000
2229 -102.0000000000
2233 -100.0000000000
2246 -98.0000000000
2292 -96.0000000000
2343 -95.0000000000
2365 -94.0000000000
2409 -93.0000000000
2412 -92.0000000000
2432 -91.0000000000
2452 -90.0000000000
2453 -89.0000000000
2477 -87.0000000000
2513 -85.0000000000
2569 -84.0000000000
2577 -83.0000000000
2581 -82.0000000000
2626 -79.0000000000
2735 -77.0000000000
2764 -76.0000000000
2775 -75.0000000000
2823 -74.0000000000
2842 -73.0000000000
2874 -72.0000000000
2890 -71.0000000000
2904 -70.0000000000
2926 -69.0000000000
2928 -68.0000000000
2954 -67.0000000000
2976 -65.0000000000
3013 -64.0000000000
3028 -63.0000000000
3041 -62.0000000000
3056 -61.0000000000
3074 -60.0000000000
3092 -59.0000000000
3135 -58.0000000000
3159 -57.0000000000
3201 -56.0000000000
3238 -55.0000000000
3260 -54.0000000000
3293 -52.0000000000
3338 -51.0000000000
3353 -50.0000000000
3424 -49.0000000000
3430 -48.0000000000
3452 -47.0000000000
3485 -46.0000000000
3515 -45.0000000000
3562 -44.0000000000
3614 -43.0000000000
3642 -41.0000000000
3699 -40.0000000000
3733 -39.0000000000
3779 -38.0000000000
3853 -37.0000000000
3869 -36.0000000000
3894 -35.0000000000
3914 -34.0000000000
3944 -33.0000000000
3978 -32.0000000000
3999 -31.0000000000
4025 -30.0000000000
4031 -29.0000000000
4064 -28.0000000000
4132 -27.0000000000
4197 -26.0000000000
4232 -25.0000000000
4244 -24.0000000000
4303 -23.0000000000
4387 -22.0000000000
4391 -21.0000000000
4436 -20.0000000000
4451 -19.0000000000
4547 -18.0000000000
4562 -17.0000000000
4599 -16.0000000000
4645 -15.0000000000
4693 -14.0000000000
4744 -13.0000000000
4759 -12.0000000000
4787 -11.0000000000
4869 -10.0000000000
4911 -9.0000000000
4981 -8.0000000000
5018 -7.0000000000
5087 -6.0000000000
5182 -5.0000000000
5226 -4.0000000000
5269 -3.0000000000
5388 -2.0000000000
5473 -1.0000000000
5513 611.0000000000
5799 625.0000000000
5838 638.0000000000
5883 642.0000000000
5924 646.0000000000
6018 648.0000000000
6025 656.0000000000
6104 658.0000000000
6342 661.0000000000
6718 664.0000000000
6788 667.0000000000
7083 669.0000000000
8343 671.0000000000
8485 673.0000000000
8857 674.0000000000
10680 676.0000000000
12299 678.0000000000
12562 679.0000000000
12724 680.0000000000
13264 685.0000000000
13434 688.0000000000
13800 691.0000000000
17470 694.0000000000
17696 696.0000000000
19426 698.0000000000
21388 700.0000000000
21609 701.0000000000
21785 705.0000000000
21944 706.0000000000
22112 707.0000000000
25789 709.0000000000
39546 710.0000000000
40561 712.0000000000
100000 -1.0000000000
evaluations raw_y
1 -392.0000000000
2 -349.0000000000
16 -344.0000000000
31 -338.0000000000
53 -332.0000000000
57 -327.0000000000
63 -326.0000000000
68 -324.0000000000
78 -322.0000000000
81 -315.0000000000
101 -309.0000000000
111 -306.0000000000
120 -305.0000000000
123 -296.0000000000
141 -293.0000000000
153 -292.0000000000
159 -289.0000000000
160 -285.0000000000
177 -282.0000000000
193 -281.0000000000
203 -270.0000000000
233 -268.0000000000
242 -267.0000000000
251 -261.0000000000
264 -260.0000000000
291 -257.0000000000
303 -251.0000000000
334 -245.0000000000
352 -239.0000000000
378 -238.0000000000
382 -234.0000000000
401 -232.0000000000
435 -228.0000000000
450 -227.0000000000
472 -226.0000000000
498 -225.0000000000
527 -224.0000000000
534 -222.0000000000
546 -219.0000000000
570 -214.0000000000
628 -213.0000000000
633 -211.0000000000
652 -210.0000000000
665 -209.0000000000
672 -208.0000000000
683 -207.0000000000
719 -206.0000000000
722 -205.0000000000
729 -203.0000000000
772 -201.0000000000
794 -200.0000000000
801 -197.0000000000
837 -196.0000000000
844 -195.0000000000
868 -194.0000000000
885 -193.0000000000
895 -192.0000000000
897 -191.0000000000
903 -190.0000000000
926 -189.0000000000
947 -186.0000000000
995 -184.0000000000
997 -183.0000000000
1005 -180.0000000000
1046 -179.0000000000
1053 -177.0000000000
1092 -176.0000000000
1102 -175.0000000000
1128 -174.0000000000
1142 -173.0000000000
1143 -172.0000000000
1163 -170.0000000000
1166 -168.0000000000
1197 -166.0000000000
1213 -165.0000000000
1246 -164.0000000000
1264 -162.0000000000
1271 -159.0000000000
1316 -157.0000000000
1324 -156.0000000000
1359 -155.0000000000
1375 -154.0000000000
1391 -152.0000000000
1401 -150.0000000000
1422 -149.0000000000
1448 -148.0000000000
1473 -147.0000000000
1515 -146.0000000000
1526 -144.0000000000
1541 -143.0000000000
1568 -141.0000000000
1633 -140.0000000000
1642 -138.0000000000
1685 -137.0000000000
1687 -135.0000000000
1693 -134.0000000000
1712 -133.0000000000
1741 -132.0000000000
1742 -131.0000000000
1760 -129.0000000000
1800 -128.0000000000
1805 -127.0000000000
1826 -126.0000000000
1848 -125.0000000000
1876 -124.0000000000
1894 -123.0000000000
1908 -121.0000000000
1933 -120.0000000000
1959 -117.0000000000
1968 -116.0000000000
2011 -115.0000000000
2014 -113.0000000000
2041 -111.0000000000
2094 -110.0000000000
2104 -109.0000000000
2116 -108.0000000000
2163 -106.0000000000
2165 -105.0000000000
2174 -103.0000000000
2229 -102.0000000000
2233 -100.0000000000
2246 -98.0000000000
2292 -96.0000000000
2343 -95.0000000000
2365 -94.0000000000
2409 -93.0000000000
2412 -92.0000000000
2432 -91.0000000000
2452 -90.0000000000
2453 -89.0000000000
2477 -87.0000000000
2513 -85.0000000000
2569 -84.0000000000
2577 -83.0000000000
2581 -82.0000000000
2626 -79.0000000000
2735 -77.0000000000
2764 -76.0000000000
2775 -75.0000000000
2823 -74.0000000000
2842 -73.0000000000
2874 -72.0000000000
2890 -71.0000000000
2904 -70.0000000000
2926 -69.0000000000
2928 -68.0000000000
2954 -67.0000000000
2976 -65.0000000000
3013 -64.0000000000
3028 -63.0000000000
3041 -62.0000000000
3056 -61.0000000000
3074 -60.0000000000
3092 -59.0000000000
3135 -58.0000000000
3159 -57.0000000000
3201 -56.0000000000
3238 -55.0000000000
3260 -54.0000000000
3293 -52.0000000000
3338 -51.0000000000
3353 -50.0000000000
3424 -49.0000000000
3430 -48.0000000000
3452 -47.0000000000
3485 -46.0000000000
3515 -45.0000000000
3562 -44.0000000000
3614 -43.0000000000
3642 -41.0000000000
3699 -40.0000000000
3733 -39.0000000000
3779 -38.0000000000
3853 -37.0000000000
3869 -36.0000000000
3894 -35.0000000000
3914 -34.0000000000
3944 -33.0000000000
3978 -32.0000000000
3999 -31.0000000000
4025 -30.0000000000
4031 -29.0000000000
4064 -28.0000000000
4132 -27.0000000000
4197 -26.0000000000
4232 -25.0000000000
4244 -24.0000000000
4303 -23.0000000000
4387 -22.0000000000
4391 -21.0000000000
4436 -20.0000000000
4451 -19.0000000000
46686 714.0000000000
4547 -18.0000000000
4562 -17.0000000000
4599 -16.0000000000
4645 -15.0000000000
4693 -14.0000000000
4744 -13.0000000000
4759 -12.0000000000
4787 -11.0000000000
4869 -10.0000000000
4911 -9.0000000000
4981 -8.0000000000
5018 -7.0000000000
47276 715.0000000000
5087 -6.0000000000
5182 -5.0000000000
47404 717.0000000000
5226 -4.0000000000
5269 -3.0000000000
5388 -2.0000000000
47564 718.0000000000
5473 -1.0000000000
5513 611.0000000000
5799 625.0000000000
5838 638.0000000000
5883 642.0000000000
5924 646.0000000000
6018 648.0000000000
6025 656.0000000000
6104 658.0000000000
6342 661.0000000000
6718 664.0000000000
6788 667.0000000000
7083 669.0000000000
8343 671.0000000000
8485 673.0000000000
8857 674.0000000000
10680 676.0000000000
12299 678.0000000000
12562 679.0000000000
12724 680.0000000000
13264 685.0000000000
13434 688.0000000000
13800 691.0000000000
57207 719.0000000000
59153 721.0000000000
17470 694.0000000000
17696 696.0000000000
19426 698.0000000000
21388 700.0000000000
21609 701.0000000000
21785 705.0000000000
21944 706.0000000000
22112 707.0000000000
25789 709.0000000000
39546 710.0000000000
40561 712.0000000000
46686 714.0000000000
47276 715.0000000000
47404 717.0000000000
47564 718.0000000000
57207 719.0000000000
59153 721.0000000000
100000 -6.0000000000
evaluations raw_y
1 -362.0000000000
9 -359.0000000000
11 -358.0000000000
12 -355.0000000000
17 -351.0000000000
20 -347.0000000000
26 -334.0000000000
53 -333.0000000000
55 -331.0000000000
73 -327.0000000000
90 -317.0000000000
99 -315.0000000000
105 -308.0000000000
129 -305.0000000000
139 -299.0000000000
162 -298.0000000000
184 -295.0000000000
188 -293.0000000000
201 -290.0000000000
220 -289.0000000000
221 -287.0000000000
228 -286.0000000000
239 -283.0000000000
256 -281.0000000000
259 -280.0000000000
274 -277.0000000000
281 -276.0000000000
284 -275.0000000000
289 -274.0000000000
292 -269.0000000000
295 -268.0000000000
311 -264.0000000000
334 -258.0000000000
351 -257.0000000000
392 -256.0000000000
396 -255.0000000000
405 -253.0000000000
417 -251.0000000000
428 -250.0000000000
456 -249.0000000000
461 -248.0000000000
486 -246.0000000000
506 -245.0000000000
510 -244.0000000000
528 -241.0000000000
560 -240.0000000000
573 -239.0000000000
585 -237.0000000000
601 -235.0000000000
626 -234.0000000000
631 -233.0000000000
655 -232.0000000000
676 -231.0000000000
683 -230.0000000000
713 -229.0000000000
720 -228.0000000000
721 -227.0000000000
741 -226.0000000000
764 -225.0000000000
765 -224.0000000000
794 -222.0000000000
808 -221.0000000000
811 -220.0000000000
832 -219.0000000000
842 -218.0000000000
855 -217.0000000000
862 -216.0000000000
883 -215.0000000000
891 -214.0000000000
907 -213.0000000000
914 -212.0000000000
921 -211.0000000000
929 -209.0000000000
976 -207.0000000000
1006 -206.0000000000
1025 -205.0000000000
1039 -202.0000000000
1094 -201.0000000000
1107 -199.0000000000
1118 -198.0000000000
1123 -197.0000000000
1131 -196.0000000000
1145 -195.0000000000
1177 -193.0000000000
1196 -192.0000000000
1216 -191.0000000000
1223 -190.0000000000
1256 -189.0000000000
1274 -188.0000000000
1279 -186.0000000000
1291 -185.0000000000
1324 -182.0000000000
1338 -181.0000000000
1354 -180.0000000000
1391 -179.0000000000
1396 -178.0000000000
1414 -177.0000000000
1461 -176.0000000000
1475 -174.0000000000
1520 -172.0000000000
1534 -171.0000000000
1551 -169.0000000000
1583 -168.0000000000
1584 -167.0000000000
1609 -165.0000000000
1625 -164.0000000000
1636 -163.0000000000
1662 -162.0000000000
1670 -160.0000000000
1687 -159.0000000000
1700 -157.0000000000
1727 -154.0000000000
1751 -151.0000000000
1764 -150.0000000000
1801 -149.0000000000
1840 -148.0000000000
1845 -147.0000000000
1874 -145.0000000000
1876 -142.0000000000
1895 -141.0000000000
1936 -140.0000000000
1942 -139.0000000000
1958 -138.0000000000
1970 -137.0000000000
1978 -135.0000000000
2022 -134.0000000000
2063 -133.0000000000
2077 -128.0000000000
2133 -127.0000000000
2139 -126.0000000000
2150 -125.0000000000
2174 -124.0000000000
2196 -123.0000000000
2218 -122.0000000000
2245 -120.0000000000
2251 -119.0000000000
2276 -118.0000000000
2292 -117.0000000000
2313 -115.0000000000
2333 -114.0000000000
2379 -113.0000000000
2392 -112.0000000000
2402 -111.0000000000
2427 -109.0000000000
2448 -108.0000000000
2453 -106.0000000000
2515 -105.0000000000
2533 -104.0000000000
2554 -103.0000000000
2582 -102.0000000000
2601 -101.0000000000
2622 -100.0000000000
2641 -99.0000000000
2672 -98.0000000000
2683 -97.0000000000
2727 -95.0000000000
2736 -93.0000000000
2759 -92.0000000000
2801 -91.0000000000
2811 -90.0000000000
2826 -89.0000000000
2850 -88.0000000000
2861 -86.0000000000
2889 -85.0000000000
2913 -84.0000000000
2947 -83.0000000000
2971 -82.0000000000
2982 -81.0000000000
3006 -80.0000000000
3021 -79.0000000000
3043 -78.0000000000
3084 -77.0000000000
3094 -76.0000000000
3119 -75.0000000000
3143 -73.0000000000
3168 -72.0000000000
3183 -71.0000000000
3239 -70.0000000000
3245 -68.0000000000
3279 -67.0000000000
3339 -65.0000000000
3364 -64.0000000000
3405 -63.0000000000
3460 -62.0000000000
3509 -61.0000000000
3520 -60.0000000000
3565 -59.0000000000
3575 -58.0000000000
3597 -57.0000000000
3614 -56.0000000000
3624 -55.0000000000
3694 -53.0000000000
3741 -52.0000000000
3775 -51.0000000000
3802 -50.0000000000
3838 -49.0000000000
3851 -47.0000000000
3913 -46.0000000000
3942 -45.0000000000
3971 -44.0000000000
3999 -43.0000000000
4001 -41.0000000000
4066 -40.0000000000
4121 -39.0000000000
4133 -38.0000000000
4159 -37.0000000000
4178 -36.0000000000
4209 -35.0000000000
4246 -34.0000000000
4293 -33.0000000000
4365 -32.0000000000
4395 -30.0000000000
4467 -29.0000000000
4523 -28.0000000000
4554 -26.0000000000
4674 -25.0000000000
4679 -24.0000000000
4730 -23.0000000000
4770 -22.0000000000
4787 -21.0000000000
4828 -20.0000000000
4879 -19.0000000000
4928 -18.0000000000
5040 -17.0000000000
5065 -16.0000000000
5082 -15.0000000000
5148 -14.0000000000
5164 -13.0000000000
5208 -12.0000000000
5250 -11.0000000000
5300 -10.0000000000
5396 -9.0000000000
5494 -8.0000000000
5505 -7.0000000000
5582 -6.0000000000
5675 -5.0000000000
5721 -4.0000000000
5756 -3.0000000000
5838 -2.0000000000
5975 -1.0000000000
6074 595.0000000000
6335 596.0000000000
6374 602.0000000000
6499 604.0000000000
6504 613.0000000000
6615 620.0000000000
6693 622.0000000000
6730 635.0000000000
6907 637.0000000000
6909 647.0000000000
7047 653.0000000000
7118 654.0000000000
7148 658.0000000000
7253 661.0000000000
7730 662.0000000000
8261 670.0000000000
9387 671.0000000000
9518 672.0000000000
9522 673.0000000000
9653 674.0000000000
10442 676.0000000000
11555 680.0000000000
13046 682.0000000000
13552 685.0000000000
14967 686.0000000000
17072 687.0000000000
17091 690.0000000000
17151 695.0000000000
17658 697.0000000000
23702 698.0000000000
23728 700.0000000000
24157 703.0000000000
24644 705.0000000000
25768 707.0000000000
29632 708.0000000000
30207 709.0000000000
30785 711.0000000000
31362 713.0000000000
100000 -6.0000000000
evaluations raw_y
1 -362.0000000000
9 -359.0000000000
11 -358.0000000000
12 -355.0000000000
17 -351.0000000000
20 -347.0000000000
26 -334.0000000000
53 -333.0000000000
55 -331.0000000000
73 -327.0000000000
90 -317.0000000000
99 -315.0000000000
105 -308.0000000000
129 -305.0000000000
139 -299.0000000000
162 -298.0000000000
184 -295.0000000000
188 -293.0000000000
201 -290.0000000000
220 -289.0000000000
221 -287.0000000000
228 -286.0000000000
239 -283.0000000000
256 -281.0000000000
259 -280.0000000000
274 -277.0000000000
281 -276.0000000000
284 -275.0000000000
289 -274.0000000000
292 -269.0000000000
295 -268.0000000000
311 -264.0000000000
334 -258.0000000000
351 -257.0000000000
392 -256.0000000000
396 -255.0000000000
405 -253.0000000000
417 -251.0000000000
428 -250.0000000000
456 -249.0000000000
461 -248.0000000000
486 -246.0000000000
506 -245.0000000000
510 -244.0000000000
528 -241.0000000000
560 -240.0000000000
573 -239.0000000000
585 -237.0000000000
601 -235.0000000000
626 -234.0000000000
631 -233.0000000000
655 -232.0000000000
676 -231.0000000000
683 -230.0000000000
713 -229.0000000000
720 -228.0000000000
721 -227.0000000000
741 -226.0000000000
764 -225.0000000000
765 -224.0000000000
794 -222.0000000000
808 -221.0000000000
811 -220.0000000000
832 -219.0000000000
842 -218.0000000000
855 -217.0000000000
862 -216.0000000000
883 -215.0000000000
891 -214.0000000000
907 -213.0000000000
914 -212.0000000000
921 -211.0000000000
929 -209.0000000000
976 -207.0000000000
1006 -206.0000000000
1025 -205.0000000000
1039 -202.0000000000
1094 -201.0000000000
1107 -199.0000000000
1118 -198.0000000000
1123 -197.0000000000
1131 -196.0000000000
1145 -195.0000000000
1177 -193.0000000000
1196 -192.0000000000
1216 -191.0000000000
1223 -190.0000000000
1256 -189.0000000000
1274 -188.0000000000
1279 -186.0000000000
1291 -185.0000000000
1324 -182.0000000000
1338 -181.0000000000
1354 -180.0000000000
1391 -179.0000000000
1396 -178.0000000000
1414 -177.0000000000
1461 -176.0000000000
1475 -174.0000000000
1520 -172.0000000000
1534 -171.0000000000
1551 -169.0000000000
1583 -168.0000000000
1584 -167.0000000000
1609 -165.0000000000
1625 -164.0000000000
1636 -163.0000000000
1662 -162.0000000000
1670 -160.0000000000
1687 -159.0000000000
1700 -157.0000000000
1727 -154.0000000000
1751 -151.0000000000
1764 -150.0000000000
1801 -149.0000000000
1840 -148.0000000000
1845 -147.0000000000
1874 -145.0000000000
1876 -142.0000000000
1895 -141.0000000000
1936 -140.0000000000
1942 -139.0000000000
1958 -138.0000000000
1970 -137.0000000000
1978 -135.0000000000
2022 -134.0000000000
2063 -133.0000000000
2077 -128.0000000000
2133 -127.0000000000
2139 -126.0000000000
2150 -125.0000000000
2174 -124.0000000000
2196 -123.0000000000
2218 -122.0000000000
2245 -120.0000000000
2251 -119.0000000000
2276 -118.0000000000
2292 -117.0000000000
2313 -115.0000000000
2333 -114.0000000000
2379 -113.0000000000
2392 -112.0000000000
2402 -111.0000000000
2427 -109.0000000000
2448 -108.0000000000
2453 -106.0000000000
2515 -105.0000000000
2533 -104.0000000000
2554 -103.0000000000
2582 -102.0000000000
2601 -101.0000000000
2622 -100.0000000000
2641 -99.0000000000
2672 -98.0000000000
2683 -97.0000000000
2727 -95.0000000000
2736 -93.0000000000
2759 -92.0000000000
2801 -91.0000000000
2811 -90.0000000000
2826 -89.0000000000
2850 -88.0000000000
2861 -86.0000000000
2889 -85.0000000000
2913 -84.0000000000
2947 -83.0000000000
2971 -82.0000000000
2982 -81.0000000000
3006 -80.0000000000
3021 -79.0000000000
3043 -78.0000000000
3084 -77.0000000000
3094 -76.0000000000
3119 -75.0000000000
3143 -73.0000000000
3168 -72.0000000000
3183 -71.0000000000
3239 -70.0000000000
3245 -68.0000000000
3279 -67.0000000000
3339 -65.0000000000
3364 -64.0000000000
3405 -63.0000000000
3460 -62.0000000000
3509 -61.0000000000
3520 -60.0000000000
3565 -59.0000000000
3575 -58.0000000000
3597 -57.0000000000
3614 -56.0000000000
3624 -55.0000000000
3694 -53.0000000000
3741 -52.0000000000
3775 -51.0000000000
3802 -50.0000000000
3838 -49.0000000000
3851 -47.0000000000
3913 -46.0000000000
3942 -45.0000000000
3971 -44.0000000000
3999 -43.0000000000
4001 -41.0000000000
4066 -40.0000000000
4121 -39.0000000000
4133 -38.0000000000
4159 -37.0000000000
4178 -36.0000000000
4209 -35.0000000000
4246 -34.0000000000
4293 -33.0000000000
4365 -32.0000000000
4395 -30.0000000000
4467 -29.0000000000
4523 -28.0000000000
4554 -26.0000000000
4674 -25.0000000000
4679 -24.0000000000
4730 -23.0000000000
4770 -22.0000000000
4787 -21.0000000000
4828 -20.0000000000
4879 -19.0000000000
4928 -18.0000000000
5040 -17.0000000000
5065 -16.0000000000
5082 -15.0000000000
5148 -14.0000000000
5164 -13.0000000000
5208 -12.0000000000
5250 -11.0000000000
5300 -10.0000000000
5396 -9.0000000000
5494 -8.0000000000
5505 -7.0000000000
5582 -6.0000000000
5675 -5.0000000000
5721 -4.0000000000
5756 -3.0000000000
5838 -2.0000000000
5975 -1.0000000000
6074 595.0000000000
6335 596.0000000000
6374 602.0000000000
6499 604.0000000000
6504 613.0000000000
6615 620.0000000000
6693 622.0000000000
6730 635.0000000000
6907 637.0000000000
6909 647.0000000000
7047 653.0000000000
7118 654.0000000000
7148 658.0000000000
7253 661.0000000000
7730 662.0000000000
44846 714.0000000000
8261 670.0000000000
9387 671.0000000000
9518 672.0000000000
9522 673.0000000000
9653 674.0000000000
10442 676.0000000000
11555 680.0000000000
13046 682.0000000000
13552 685.0000000000
14967 686.0000000000
17072 687.0000000000
17091 690.0000000000
17151 695.0000000000
17658 697.0000000000
23702 698.0000000000
23728 700.0000000000
24157 703.0000000000
24644 705.0000000000
25768 707.0000000000
29632 708.0000000000
30207 709.0000000000
30785 711.0000000000
31362 713.0000000000
77080 720.0000000000
44846 714.0000000000
100000 -4.0000000000
evaluations raw_y
1 -357.0000000000
9 -331.0000000000
44 -327.0000000000
55 -325.0000000000
67 -324.0000000000
71 -323.0000000000
91 -321.0000000000
99 -314.0000000000
105 -313.0000000000
125 -312.0000000000
135 -304.0000000000
175 -300.0000000000
177 -298.0000000000
186 -297.0000000000
198 -292.0000000000
215 -290.0000000000
227 -288.0000000000
241 -286.0000000000
244 -283.0000000000
253 -282.0000000000
274 -278.0000000000
282 -277.0000000000
287 -275.0000000000
291 -270.0000000000
340 -269.0000000000
354 -268.0000000000
361 -267.0000000000
375 -265.0000000000
393 -263.0000000000
431 -261.0000000000
438 -260.0000000000
446 -259.0000000000
460 -257.0000000000
486 -255.0000000000
495 -254.0000000000
505 -250.0000000000
515 -249.0000000000
541 -248.0000000000
556 -247.0000000000
563 -245.0000000000
582 -244.0000000000
592 -243.0000000000
610 -242.0000000000
630 -239.0000000000
656 -238.0000000000
668 -235.0000000000
712 -234.0000000000
733 -233.0000000000
760 -231.0000000000
765 -229.0000000000
786 -228.0000000000
802 -227.0000000000
810 -225.0000000000
827 -224.0000000000
839 -223.0000000000
849 -221.0000000000
852 -219.0000000000
883 -218.0000000000
906 -217.0000000000
913 -215.0000000000
919 -214.0000000000
933 -213.0000000000
981 -212.0000000000
995 -211.0000000000
1011 -208.0000000000
1031 -206.0000000000
1063 -205.0000000000
1078 -204.0000000000
1094 -203.0000000000
1111 -202.0000000000
1114 -200.0000000000
1125 -199.0000000000
1144 -198.0000000000
1155 -195.0000000000
1206 -194.0000000000
1218 -192.0000000000
1227 -191.0000000000
1251 -190.0000000000
1261 -189.0000000000
1277 -188.0000000000
1283 -187.0000000000
1320 -185.0000000000
1325 -184.0000000000
1328 -183.0000000000
1354 -180.0000000000
1388 -179.0000000000
1392 -178.0000000000
1402 -177.0000000000
1410 -175.0000000000
1420 -174.0000000000
1426 -172.0000000000
1438 -171.0000000000
1459 -167.0000000000
1479 -166.0000000000
1485 -163.0000000000
1520 -162.0000000000
1534 -161.0000000000
1553 -159.0000000000
1562 -156.0000000000
1598 -155.0000000000
1634 -154.0000000000
1655 -153.0000000000
1668 -152.0000000000
1692 -150.0000000000
1699 -147.0000000000
1759 -146.0000000000
1767 -145.0000000000
1804 -144.0000000000
1819 -143.0000000000
1837 -142.0000000000
1841 -139.0000000000
1866 -138.0000000000
1884 -137.0000000000
1892 -136.0000000000
1929 -135.0000000000
1930 -134.0000000000
1955 -133.0000000000
1979 -132.0000000000
2009 -130.0000000000
2015 -127.0000000000
2054 -126.0000000000
2060 -125.0000000000
2061 -123.0000000000
2078 -122.0000000000
2133 -121.0000000000
2144 -120.0000000000
2163 -119.0000000000
2185 -118.0000000000
2239 -116.0000000000
2248 -115.0000000000
2254 -114.0000000000
2262 -113.0000000000
2323 -112.0000000000
2335 -111.0000000000
2341 -109.0000000000
2398 -106.0000000000
2434 -105.0000000000
2444 -104.0000000000
2477 -103.0000000000
2479 -102.0000000000
2490 -101.0000000000
2501 -99.0000000000
2587 -98.0000000000
2603 -97.0000000000
2616 -96.0000000000
2636 -95.0000000000
2650 -94.0000000000
2659 -93.0000000000
2690 -92.0000000000
2724 -89.0000000000
2750 -88.0000000000
2764 -87.0000000000
2774 -85.0000000000
2840 -84.0000000000
2874 -83.0000000000
2887 -82.0000000000
2907 -81.0000000000
2921 -80.0000000000
2957 -79.0000000000
2981 -78.0000000000
3023 -77.0000000000
3041 -76.0000000000
3054 -75.0000000000
3078 -73.0000000000
3102 -71.0000000000
3127 -70.0000000000
3244 -69.0000000000
3303 -68.0000000000
3309 -67.0000000000
3333 -65.0000000000
3373 -64.0000000000
3390 -63.0000000000
3396 -62.0000000000
3421 -60.0000000000
3460 -59.0000000000
3493 -58.0000000000
3514 -57.0000000000
3550 -55.0000000000
3606 -54.0000000000
3644 -53.0000000000
3661 -52.0000000000
3695 -51.0000000000
3735 -50.0000000000
3762 -49.0000000000
3800 -48.0000000000
3828 -47.0000000000
3858 -46.0000000000
3887 -45.0000000000
3926 -44.0000000000
3948 -43.0000000000
3956 -42.0000000000
3974 -41.0000000000
4012 -40.0000000000
4073 -39.0000000000
4077 -38.0000000000
4173 -37.0000000000
4194 -36.0000000000
4203 -35.0000000000
4269 -34.0000000000
4308 -33.0000000000
4364 -32.0000000000
4435 -31.0000000000
4449 -30.0000000000
4530 -29.0000000000
4549 -28.0000000000
4557 -27.0000000000
4599 -26.0000000000
4648 -25.0000000000
4671 -24.0000000000
4720 -23.0000000000
4756 -22.0000000000
4773 -21.0000000000
4790 -20.0000000000
4866 -19.0000000000
4918 -18.0000000000
4970 -17.0000000000
5008 -16.0000000000
5039 -15.0000000000
5077 -14.0000000000
5204 -13.0000000000
5242 -12.0000000000
5293 -11.0000000000
5385 -10.0000000000
5395 -8.0000000000
5443 -7.0000000000
5517 -6.0000000000
5591 -4.0000000000
5616 -3.0000000000
5740 -2.0000000000
5890 -1.0000000000
5976 576.0000000000
6096 580.0000000000
6163 587.0000000000
6169 601.0000000000
6186 605.0000000000
6228 609.0000000000
6368 610.0000000000
6375 613.0000000000
6382 621.0000000000
6452 625.0000000000
6533 637.0000000000
7381 640.0000000000
7615 645.0000000000
7932 647.0000000000
8048 652.0000000000
8070 658.0000000000
8109 660.0000000000
8253 661.0000000000
8330 664.0000000000
8392 673.0000000000
77080 720.0000000000
10459 678.0000000000
10561 682.0000000000
10677 683.0000000000
12464 686.0000000000
14428 689.0000000000
15763 691.0000000000
20281 693.0000000000
100000 -4.0000000000
evaluations raw_y
1 -357.0000000000
9 -331.0000000000
44 -327.0000000000
55 -325.0000000000
67 -324.0000000000
71 -323.0000000000
91 -321.0000000000
99 -314.0000000000
105 -313.0000000000
125 -312.0000000000
135 -304.0000000000
175 -300.0000000000
177 -298.0000000000
186 -297.0000000000
198 -292.0000000000
215 -290.0000000000
227 -288.0000000000
241 -286.0000000000
244 -283.0000000000
253 -282.0000000000
274 -278.0000000000
282 -277.0000000000
287 -275.0000000000
291 -270.0000000000
340 -269.0000000000
354 -268.0000000000
361 -267.0000000000
375 -265.0000000000
393 -263.0000000000
431 -261.0000000000
438 -260.0000000000
446 -259.0000000000
460 -257.0000000000
486 -255.0000000000
495 -254.0000000000
505 -250.0000000000
515 -249.0000000000
541 -248.0000000000
556 -247.0000000000
563 -245.0000000000
582 -244.0000000000
592 -243.0000000000
610 -242.0000000000
630 -239.0000000000
656 -238.0000000000
668 -235.0000000000
712 -234.0000000000
733 -233.0000000000
760 -231.0000000000
765 -229.0000000000
786 -228.0000000000
802 -227.0000000000
810 -225.0000000000
827 -224.0000000000
839 -223.0000000000
849 -221.0000000000
852 -219.0000000000
883 -218.0000000000
906 -217.0000000000
913 -215.0000000000
919 -214.0000000000
933 -213.0000000000
981 -212.0000000000
995 -211.0000000000
1011 -208.0000000000
1031 -206.0000000000
1063 -205.0000000000
1078 -204.0000000000
1094 -203.0000000000
1111 -202.0000000000
1114 -200.0000000000
1125 -199.0000000000
1144 -198.0000000000
1155 -195.0000000000
1206 -194.0000000000
1218 -192.0000000000
1227 -191.0000000000
1251 -190.0000000000
1261 -189.0000000000
1277 -188.0000000000
1283 -187.0000000000
1320 -185.0000000000
1325 -184.0000000000
1328 -183.0000000000
1354 -180.0000000000
1388 -179.0000000000
1392 -178.0000000000
1402 -177.0000000000
1410 -175.0000000000
1420 -174.0000000000
1426 -172.0000000000
1438 -171.0000000000
1459 -167.0000000000
1479 -166.0000000000
1485 -163.0000000000
1520 -162.0000000000
1534 -161.0000000000
1553 -159.0000000000
1562 -156.0000000000
1598 -155.0000000000
1634 -154.0000000000
1655 -153.0000000000
1668 -152.0000000000
1692 -150.0000000000
1699 -147.0000000000
1759 -146.0000000000
1767 -145.0000000000
1804 -144.0000000000
1819 -143.0000000000
1837 -142.0000000000
1841 -139.0000000000
1866 -138.0000000000
1884 -137.0000000000
1892 -136.0000000000
1929 -135.0000000000
1930 -134.0000000000
1955 -133.0000000000
1979 -132.0000000000
2009 -130.0000000000
2015 -127.0000000000
2054 -126.0000000000
2060 -125.0000000000
2061 -123.0000000000
2078 -122.0000000000
2133 -121.0000000000
2144 -120.0000000000
2163 -119.0000000000
2185 -118.0000000000
2239 -116.0000000000
2248 -115.0000000000
2254 -114.0000000000
2262 -113.0000000000
2323 -112.0000000000
2335 -111.0000000000
2341 -109.0000000000
2398 -106.0000000000
2434 -105.0000000000
2444 -104.0000000000
2477 -103.0000000000
2479 -102.0000000000
2490 -101.0000000000
2501 -99.0000000000
2587 -98.0000000000
2603 -97.0000000000
2616 -96.0000000000
2636 -95.0000000000
2650 -94.0000000000
2659 -93.0000000000
2690 -92.0000000000
2724 -89.0000000000
2750 -88.0000000000
2764 -87.0000000000
2774 -85.0000000000
2840 -84.0000000000
2874 -83.0000000000
2887 -82.0000000000
2907 -81.0000000000
2921 -80.0000000000
2957 -79.0000000000
2981 -78.0000000000
3023 -77.0000000000
3041 -76.0000000000
3054 -75.0000000000
3078 -73.0000000000
3102 -71.0000000000
3127 -70.0000000000
3244 -69.0000000000
3303 -68.0000000000
3309 -67.0000000000
3333 -65.0000000000
3373 -64.0000000000
3390 -63.0000000000
3396 -62.0000000000
3421 -60.0000000000
3460 -59.0000000000
3493 -58.0000000000
3514 -57.0000000000
3550 -55.0000000000
3606 -54.0000000000
3644 -53.0000000000
3661 -52.0000000000
3695 -51.0000000000
3735 -50.0000000000
3762 -49.0000000000
3800 -48.0000000000
3828 -47.0000000000
3858 -46.0000000000
3887 -45.0000000000
3926 -44.0000000000
3948 -43.0000000000
3956 -42.0000000000
3974 -41.0000000000
4012 -40.0000000000
4073 -39.0000000000
4077 -38.0000000000
4173 -37.0000000000
4194 -36.0000000000
4203 -35.0000000000
4269 -34.0000000000
4308 -33.0000000000
4364 -32.0000000000
4435 -31.0000000000
4449 -30.0000000000
4530 -29.0000000000
4549 -28.0000000000
4557 -27.0000000000
4599 -26.0000000000
4648 -25.0000000000
4671 -24.0000000000
4720 -23.0000000000
4756 -22.0000000000
4773 -21.0000000000
4790 -20.0000000000
4866 -19.0000000000
4918 -18.0000000000
4970 -17.0000000000
5008 -16.0000000000
5039 -15.0000000000
5077 -14.0000000000
5204 -13.0000000000
5242 -12.0000000000
5293 -11.0000000000
5385 -10.0000000000
5395 -8.0000000000
5443 -7.0000000000
5517 -6.0000000000
5591 -4.0000000000
5616 -3.0000000000
5740 -2.0000000000
5890 -1.0000000000
5976 576.0000000000
6096 580.0000000000
6163 587.0000000000
6169 601.0000000000
6186 605.0000000000
6228 609.0000000000
6368 610.0000000000
6375 613.0000000000
6382 621.0000000000
6452 625.0000000000
6533 637.0000000000
7381 640.0000000000
7615 645.0000000000
41910 694.0000000000
7932 647.0000000000
8048 652.0000000000
8070 658.0000000000
8109 660.0000000000
8253 661.0000000000
8330 664.0000000000
8392 673.0000000000
10459 678.0000000000
44021 695.0000000000
10561 682.0000000000
10677 683.0000000000
12464 686.0000000000
14428 689.0000000000
15763 691.0000000000
20281 693.0000000000
55780 699.0000000000
55794 702.0000000000
56530 708.0000000000
41910 694.0000000000
44021 695.0000000000
55780 699.0000000000
55794 702.0000000000
56530 708.0000000000
100000 -2.0000000000
evaluations raw_y
1 -362.0000000000
2 -350.0000000000
6 -349.0000000000
9 -346.0000000000
44 -340.0000000000
49 -339.0000000000
50 -332.0000000000
51 -326.0000000000
62 -323.0000000000
82 -312.0000000000
90 -309.0000000000
104 -308.0000000000
110 -307.0000000000
114 -295.0000000000
128 -294.0000000000
131 -291.0000000000
151 -290.0000000000
165 -288.0000000000
172 -283.0000000000
193 -269.0000000000
235 -268.0000000000
255 -264.0000000000
290 -257.0000000000
314 -255.0000000000
320 -254.0000000000
338 -253.0000000000
344 -252.0000000000
352 -251.0000000000
356 -250.0000000000
362 -249.0000000000
364 -247.0000000000
388 -245.0000000000
400 -243.0000000000
420 -242.0000000000
424 -241.0000000000
451 -240.0000000000
455 -237.0000000000
488 -236.0000000000
496 -234.0000000000
514 -233.0000000000
535 -232.0000000000
542 -231.0000000000
555 -230.0000000000
557 -227.0000000000
571 -226.0000000000
629 -223.0000000000
648 -222.0000000000
657 -218.0000000000
696 -217.0000000000
719 -216.0000000000
738 -214.0000000000
751 -213.0000000000
772 -210.0000000000
806 -209.0000000000
808 -206.0000000000
827 -205.0000000000
833 -204.0000000000
868 -203.0000000000
886 -201.0000000000
898 -200.0000000000
930 -199.0000000000
945 -198.0000000000
953 -197.0000000000
971 -196.0000000000
972 -193.0000000000
1025 -192.0000000000
1030 -191.0000000000
1034 -190.0000000000
1062 -189.0000000000
1075 -188.0000000000
1080 -187.0000000000
1101 -184.0000000000
1152 -183.0000000000
1161 -178.0000000000
1191 -177.0000000000
1243 -176.0000000000
1244 -175.0000000000
1261 -174.0000000000
1281 -171.0000000000
1301 -170.0000000000
1312 -169.0000000000
1328 -167.0000000000
1341 -166.0000000000
1367 -165.0000000000
1411 -164.0000000000
1427 -163.0000000000
1463 -162.0000000000
1471 -160.0000000000
1494 -158.0000000000
1511 -157.0000000000
1523 -156.0000000000
1544 -155.0000000000
1563 -153.0000000000
1625 -152.0000000000
1627 -151.0000000000
1655 -150.0000000000
1665 -149.0000000000
1673 -148.0000000000
1701 -147.0000000000
1703 -145.0000000000
1729 -144.0000000000
1747 -143.0000000000
1761 -142.0000000000
1763 -141.0000000000
1801 -140.0000000000
1810 -139.0000000000
1817 -138.0000000000
1821 -137.0000000000
1841 -136.0000000000
1866 -135.0000000000
1868 -134.0000000000
1908 -133.0000000000
1911 -132.0000000000
1926 -131.0000000000
1928 -129.0000000000
1967 -128.0000000000
1979 -127.0000000000
1995 -125.0000000000
2035 -124.0000000000
2041 -123.0000000000
2065 -122.0000000000
2070 -121.0000000000
2072 -119.0000000000
2098 -118.0000000000
2119 -117.0000000000
2138 -114.0000000000
2142 -113.0000000000
2158 -112.0000000000
2207 -111.0000000000
2238 -110.0000000000
2261 -108.0000000000
2283 -106.0000000000
2313 -105.0000000000
2347 -104.0000000000
2363 -103.0000000000
2375 -102.0000000000
2380 -100.0000000000
2426 -98.0000000000
2444 -97.0000000000
2476 -95.0000000000
2484 -94.0000000000
2506 -93.0000000000
2518 -89.0000000000
2570 -88.0000000000
2582 -87.0000000000
2592 -85.0000000000
2640 -84.0000000000
2653 -82.0000000000
2675 -81.0000000000
2712 -80.0000000000
2740 -78.0000000000
2745 -76.0000000000
2805 -75.0000000000
2818 -74.0000000000
2829 -73.0000000000
2836 -72.0000000000
2882 -70.0000000000
2902 -69.0000000000
2921 -67.0000000000
2943 -66.0000000000
2949 -64.0000000000
3009 -63.0000000000
3039 -62.0000000000
3057 -61.0000000000
3105 -59.0000000000
3177 -56.0000000000
3211 -55.0000000000
3251 -54.0000000000
3262 -53.0000000000
3329 -52.0000000000
3335 -51.0000000000
3349 -50.0000000000
3357 -49.0000000000
3398 -47.0000000000
3454 -46.0000000000
3481 -45.0000000000
3501 -43.0000000000
3568 -42.0000000000
3583 -40.0000000000
3685 -39.0000000000
3728 -37.0000000000
3813 -36.0000000000
3835 -35.0000000000
3881 -34.0000000000
3920 -33.0000000000
3972 -32.0000000000
3984 -31.0000000000
4007 -30.0000000000
4041 -29.0000000000
4110 -28.0000000000
4139 -27.0000000000
4190 -26.0000000000
4192 -25.0000000000
4288 -24.0000000000
4368 -22.0000000000
4402 -21.0000000000
4403 -20.0000000000
4456 -19.0000000000
4500 -18.0000000000
4558 -16.0000000000
4616 -14.0000000000
4724 -13.0000000000
4741 -12.0000000000
4771 -11.0000000000
4835 -10.0000000000
4896 -9.0000000000
4937 -8.0000000000
4950 -7.0000000000
5003 -6.0000000000
5136 -5.0000000000
5477 -4.0000000000
5511 -3.0000000000
5539 -2.0000000000
5598 -1.0000000000
5817 604.0000000000
6035 606.0000000000
6095 611.0000000000
6097 616.0000000000
6115 626.0000000000
6193 630.0000000000
6212 631.0000000000
6840 646.0000000000
7004 649.0000000000
7054 650.0000000000
7122 651.0000000000
7242 653.0000000000
7391 654.0000000000
7789 664.0000000000
8321 666.0000000000
8432 669.0000000000
8775 670.0000000000
8841 676.0000000000
9099 679.0000000000
10613 681.0000000000
13410 683.0000000000
14160 685.0000000000
15653 686.0000000000
15723 688.0000000000
19609 690.0000000000
20349 691.0000000000
20381 697.0000000000
24023 701.0000000000
100000 -2.0000000000
evaluations raw_y
1 -362.0000000000
2 -350.0000000000
6 -349.0000000000
9 -346.0000000000
44 -340.0000000000
49 -339.0000000000
50 -332.0000000000
51 -326.0000000000
62 -323.0000000000
82 -312.0000000000
90 -309.0000000000
104 -308.0000000000
110 -307.0000000000
114 -295.0000000000
128 -294.0000000000
131 -291.0000000000
151 -290.0000000000
165 -288.0000000000
172 -283.0000000000
193 -269.0000000000
235 -268.0000000000
255 -264.0000000000
290 -257.0000000000
314 -255.0000000000
320 -254.0000000000
338 -253.0000000000
344 -252.0000000000
352 -251.0000000000
356 -250.0000000000
362 -249.0000000000
364 -247.0000000000
388 -245.0000000000
400 -243.0000000000
420 -242.0000000000
424 -241.0000000000
451 -240.0000000000
455 -237.0000000000
488 -236.0000000000
496 -234.0000000000
514 -233.0000000000
535 -232.0000000000
542 -231.0000000000
555 -230.0000000000
557 -227.0000000000
571 -226.0000000000
629 -223.0000000000
648 -222.0000000000
657 -218.0000000000
696 -217.0000000000
719 -216.0000000000
738 -214.0000000000
751 -213.0000000000
772 -210.0000000000
806 -209.0000000000
808 -206.0000000000
827 -205.0000000000
833 -204.0000000000
868 -203.0000000000
886 -201.0000000000
898 -200.0000000000
930 -199.0000000000
945 -198.0000000000
953 -197.0000000000
971 -196.0000000000
972 -193.0000000000
1025 -192.0000000000
1030 -191.0000000000
1034 -190.0000000000
1062 -189.0000000000
1075 -188.0000000000
1080 -187.0000000000
1101 -184.0000000000
1152 -183.0000000000
1161 -178.0000000000
1191 -177.0000000000
1243 -176.0000000000
1244 -175.0000000000
1261 -174.0000000000
1281 -171.0000000000
1301 -170.0000000000
1312 -169.0000000000
1328 -167.0000000000
1341 -166.0000000000
1367 -165.0000000000
1411 -164.0000000000
1427 -163.0000000000
1463 -162.0000000000
1471 -160.0000000000
1494 -158.0000000000
1511 -157.0000000000
1523 -156.0000000000
1544 -155.0000000000
1563 -153.0000000000
1625 -152.0000000000
1627 -151.0000000000
1655 -150.0000000000
1665 -149.0000000000
1673 -148.0000000000
1701 -147.0000000000
1703 -145.0000000000
1729 -144.0000000000
1747 -143.0000000000
1761 -142.0000000000
1763 -141.0000000000
1801 -140.0000000000
1810 -139.0000000000
1817 -138.0000000000
1821 -137.0000000000
1841 -136.0000000000
1866 -135.0000000000
1868 -134.0000000000
1908 -133.0000000000
1911 -132.0000000000
1926 -131.0000000000
1928 -129.0000000000
1967 -128.0000000000
1979 -127.0000000000
1995 -125.0000000000
2035 -124.0000000000
2041 -123.0000000000
2065 -122.0000000000
2070 -121.0000000000
2072 -119.0000000000
2098 -118.0000000000
2119 -117.0000000000
2138 -114.0000000000
2142 -113.0000000000
2158 -112.0000000000
2207 -111.0000000000
2238 -110.0000000000
2261 -108.0000000000
2283 -106.0000000000
2313 -105.0000000000
2347 -104.0000000000
2363 -103.0000000000
2375 -102.0000000000
2380 -100.0000000000
2426 -98.0000000000
2444 -97.0000000000
2476 -95.0000000000
2484 -94.0000000000
2506 -93.0000000000
2518 -89.0000000000
2570 -88.0000000000
2582 -87.0000000000
2592 -85.0000000000
2640 -84.0000000000
2653 -82.0000000000
2675 -81.0000000000
2712 -80.0000000000
2740 -78.0000000000
2745 -76.0000000000
2805 -75.0000000000
2818 -74.0000000000
2829 -73.0000000000
2836 -72.0000000000
2882 -70.0000000000
2902 -69.0000000000
2921 -67.0000000000
2943 -66.0000000000
2949 -64.0000000000
3009 -63.0000000000
3039 -62.0000000000
3057 -61.0000000000
3105 -59.0000000000
3177 -56.0000000000
3211 -55.0000000000
3251 -54.0000000000
3262 -53.0000000000
3329 -52.0000000000
3335 -51.0000000000
3349 -50.0000000000
3357 -49.0000000000
3398 -47.0000000000
3454 -46.0000000000
3481 -45.0000000000
3501 -43.0000000000
3568 -42.0000000000
3583 -40.0000000000
3685 -39.0000000000
3728 -37.0000000000
3813 -36.0000000000
3835 -35.0000000000
3881 -34.0000000000
3920 -33.0000000000
3972 -32.0000000000
3984 -31.0000000000
4007 -30.0000000000
4041 -29.0000000000
4110 -28.0000000000
4139 -27.0000000000
4190 -26.0000000000
4192 -25.0000000000
4288 -24.0000000000
4368 -22.0000000000
4402 -21.0000000000
4403 -20.0000000000
4456 -19.0000000000
4500 -18.0000000000
4558 -16.0000000000
4616 -14.0000000000
4724 -13.0000000000
4741 -12.0000000000
4771 -11.0000000000
4835 -10.0000000000
4896 -9.0000000000
4937 -8.0000000000
4950 -7.0000000000
5003 -6.0000000000
5136 -5.0000000000
5477 -4.0000000000
5511 -3.0000000000
5539 -2.0000000000
5598 -1.0000000000
5817 604.0000000000
6035 606.0000000000
6095 611.0000000000
6097 616.0000000000
6115 626.0000000000
6193 630.0000000000
6212 631.0000000000
6840 646.0000000000
7004 649.0000000000
7054 650.0000000000
7122 651.0000000000
7242 653.0000000000
7391 654.0000000000
7789 664.0000000000
8321 666.0000000000
8432 669.0000000000
8775 670.0000000000
8841 676.0000000000
9099 679.0000000000
10613 681.0000000000
13410 683.0000000000
14160 685.0000000000
15653 686.0000000000
15723 688.0000000000
19609 690.0000000000
20349 691.0000000000
20381 697.0000000000
56004 702.0000000000
24023 701.0000000000
66749 703.0000000000
73586 705.0000000000
74078 706.0000000000
76207 707.0000000000
76254 708.0000000000
76984 710.0000000000
77360 711.0000000000
78259 715.0000000000
56004 702.0000000000
66749 703.0000000000
100000 -5.0000000000
evaluations raw_y
1 -371.0000000000
5 -352.0000000000
35 -349.0000000000
54 -348.0000000000
56 -340.0000000000
74 -332.0000000000
78 -328.0000000000
79 -324.0000000000
100 -315.0000000000
120 -309.0000000000
131 -305.0000000000
170 -301.0000000000
189 -292.0000000000
220 -287.0000000000
230 -286.0000000000
256 -283.0000000000
270 -282.0000000000
279 -280.0000000000
307 -279.0000000000
312 -276.0000000000
344 -275.0000000000
349 -274.0000000000
356 -273.0000000000
375 -272.0000000000
378 -270.0000000000
403 -269.0000000000
415 -267.0000000000
417 -266.0000000000
430 -264.0000000000
453 -263.0000000000
468 -262.0000000000
490 -261.0000000000
491 -260.0000000000
496 -259.0000000000
511 -258.0000000000
528 -257.0000000000
533 -255.0000000000
561 -254.0000000000
562 -253.0000000000
564 -252.0000000000
600 -250.0000000000
620 -249.0000000000
621 -248.0000000000
626 -247.0000000000
635 -245.0000000000
665 -240.0000000000
720 -239.0000000000
721 -238.0000000000
729 -237.0000000000
757 -236.0000000000
783 -232.0000000000
809 -231.0000000000
833 -230.0000000000
835 -229.0000000000
868 -225.0000000000
873 -224.0000000000
918 -223.0000000000
922 -221.0000000000
959 -220.0000000000
974 -217.0000000000
994 -215.0000000000
1013 -214.0000000000
1015 -213.0000000000
1059 -212.0000000000
1061 -210.0000000000
1066 -209.0000000000
1090 -208.0000000000
1099 -206.0000000000
1143 -205.0000000000
1165 -204.0000000000
1177 -203.0000000000
1182 -202.0000000000
1210 -201.0000000000
1230 -200.0000000000
1232 -199.0000000000
1242 -197.0000000000
1271 -195.0000000000
1287 -193.0000000000
1321 -192.0000000000
1353 -191.0000000000
1356 -190.0000000000
1393 -189.0000000000
1394 -188.0000000000
1398 -187.0000000000
1423 -185.0000000000
1445 -183.0000000000
1452 -182.0000000000
1461 -181.0000000000
1470 -180.0000000000
1508 -179.0000000000
1521 -176.0000000000
1567 -175.0000000000
1573 -174.0000000000
1602 -173.0000000000
1613 -170.0000000000
1631 -169.0000000000
1648 -168.0000000000
1666 -167.0000000000
1693 -165.0000000000
1706 -163.0000000000
1733 -162.0000000000
1746 -161.0000000000
1779 -160.0000000000
1801 -159.0000000000
1815 -157.0000000000
1852 -155.0000000000
1885 -154.0000000000
1901 -153.0000000000
1926 -152.0000000000
1933 -151.0000000000
1938 -150.0000000000
1945 -149.0000000000
1957 -147.0000000000
2031 -146.0000000000
2036 -144.0000000000
2044 -142.0000000000
2087 -141.0000000000
2097 -140.0000000000
2106 -139.0000000000
2129 -138.0000000000
2135 -137.0000000000
2144 -136.0000000000
2150 -135.0000000000
2172 -134.0000000000
2178 -130.0000000000
2254 -129.0000000000
2262 -128.0000000000
2274 -127.0000000000
2307 -125.0000000000
2315 -124.0000000000
2333 -123.0000000000
2355 -122.0000000000
2364 -121.0000000000
2374 -120.0000000000
2387 -119.0000000000
2391 -118.0000000000
2422 -115.0000000000
2451 -109.0000000000
2543 -108.0000000000
2552 -107.0000000000
2609 -106.0000000000
2628 -105.0000000000
2649 -104.0000000000
2674 -102.0000000000
2675 -101.0000000000
2682 -100.0000000000
2695 -99.0000000000
2711 -96.0000000000
2757 -95.0000000000
2760 -93.0000000000
2810 -90.0000000000
2837 -89.0000000000
2881 -88.0000000000
2897 -86.0000000000
2911 -85.0000000000
2991 -84.0000000000
3000 -82.0000000000
3020 -80.0000000000
3044 -77.0000000000
3069 -75.0000000000
3082 -74.0000000000
3141 -72.0000000000
3154 -71.0000000000
3186 -70.0000000000
3194 -69.0000000000
3258 -67.0000000000
3321 -66.0000000000
3371 -64.0000000000
3408 -63.0000000000
3451 -61.0000000000
3477 -59.0000000000
3533 -58.0000000000
3565 -57.0000000000
3572 -56.0000000000
3610 -54.0000000000
3639 -53.0000000000
3656 -52.0000000000
3717 -51.0000000000
3745 -50.0000000000
3802 -49.0000000000
3811 -48.0000000000
3906 -47.0000000000
3912 -46.0000000000
73586 705.0000000000
3958 -45.0000000000
3981 -44.0000000000
4025 -43.0000000000
4055 -41.0000000000
4074 -40.0000000000
4119 -38.0000000000
4136 -37.0000000000
4144 -36.0000000000
4207 -35.0000000000
4224 -33.0000000000
4291 -32.0000000000
4322 -31.0000000000
4345 -30.0000000000
4374 -28.0000000000
4438 -27.0000000000
4459 -26.0000000000
4495 -25.0000000000
4553 -24.0000000000
74078 706.0000000000
4611 -23.0000000000
4643 -22.0000000000
4659 -21.0000000000
4722 -20.0000000000
4738 -19.0000000000
4754 -18.0000000000
4772 -17.0000000000
4883 -16.0000000000
4921 -15.0000000000
4939 -14.0000000000
4951 -13.0000000000
5014 -12.0000000000
5016 -11.0000000000
5132 -10.0000000000
5158 -9.0000000000
5182 -8.0000000000
5211 -7.0000000000
5272 -6.0000000000
5378 -5.0000000000
5441 -4.0000000000
5570 -3.0000000000
5611 -2.0000000000
5649 -1.0000000000
5749 552.0000000000
5823 558.0000000000
5837 571.0000000000
5858 574.0000000000
5866 575.0000000000
5985 585.0000000000
76207 707.0000000000
6086 588.0000000000
76254 708.0000000000
6754 589.0000000000
76984 710.0000000000
77360 711.0000000000
7486 603.0000000000
7615 605.0000000000
7649 608.0000000000
7687 626.0000000000
7721 638.0000000000
8170 644.0000000000
8285 647.0000000000
8445 648.0000000000
8460 653.0000000000
78259 715.0000000000
8595 655.0000000000
9328 657.0000000000
10397 662.0000000000
11276 665.0000000000
11332 669.0000000000
11688 673.0000000000
12701 674.0000000000
12774 677.0000000000
12839 679.0000000000
13307 680.0000000000
13444 681.0000000000
13763 682.0000000000
15237 683.0000000000
15971 692.0000000000
19557 694.0000000000
19564 695.0000000000
19984 696.0000000000
20451 705.0000000000
100000 -5.0000000000
evaluations raw_y
1 -371.0000000000
5 -352.0000000000
35 -349.0000000000
54 -348.0000000000
56 -340.0000000000
74 -332.0000000000
78 -328.0000000000
79 -324.0000000000
100 -315.0000000000
120 -309.0000000000
131 -305.0000000000
170 -301.0000000000
189 -292.0000000000
220 -287.0000000000
230 -286.0000000000
256 -283.0000000000
270 -282.0000000000
279 -280.0000000000
307 -279.0000000000
312 -276.0000000000
344 -275.0000000000
349 -274.0000000000
356 -273.0000000000
375 -272.0000000000
378 -270.0000000000
403 -269.0000000000
415 -267.0000000000
417 -266.0000000000
430 -264.0000000000
453 -263.0000000000
468 -262.0000000000
490 -261.0000000000
491 -260.0000000000
496 -259.0000000000
511 -258.0000000000
528 -257.0000000000
533 -255.0000000000
561 -254.0000000000
562 -253.0000000000
564 -252.0000000000
600 -250.0000000000
620 -249.0000000000
621 -248.0000000000
626 -247.0000000000
635 -245.0000000000
665 -240.0000000000
720 -239.0000000000
721 -238.0000000000
729 -237.0000000000
757 -236.0000000000
783 -232.0000000000
809 -231.0000000000
833 -230.0000000000
835 -229.0000000000
868 -225.0000000000
873 -224.0000000000
918 -223.0000000000
922 -221.0000000000
959 -220.0000000000
974 -217.0000000000
994 -215.0000000000
1013 -214.0000000000
1015 -213.0000000000
1059 -212.0000000000
1061 -210.0000000000
1066 -209.0000000000
1090 -208.0000000000
1099 -206.0000000000
1143 -205.0000000000
1165 -204.0000000000
1177 -203.0000000000
1182 -202.0000000000
1210 -201.0000000000
1230 -200.0000000000
1232 -199.0000000000
1242 -197.0000000000
1271 -195.0000000000
1287 -193.0000000000
1321 -192.0000000000
1353 -191.0000000000
1356 -190.0000000000
1393 -189.0000000000
1394 -188.0000000000
1398 -187.0000000000
1423 -185.0000000000
1445 -183.0000000000
1452 -182.0000000000
1461 -181.0000000000
1470 -180.0000000000
1508 -179.0000000000
1521 -176.0000000000
1567 -175.0000000000
1573 -174.0000000000
1602 -173.0000000000
1613 -170.0000000000
1631 -169.0000000000
1648 -168.0000000000
1666 -167.0000000000
1693 -165.0000000000
1706 -163.0000000000
1733 -162.0000000000
1746 -161.0000000000
1779 -160.0000000000
1801 -159.0000000000
1815 -157.0000000000
1852 -155.0000000000
1885 -154.0000000000
1901 -153.0000000000
1926 -152.0000000000
1933 -151.0000000000
1938 -150.0000000000
1945 -149.0000000000
1957 -147.0000000000
2031 -146.0000000000
2036 -144.0000000000
2044 -142.0000000000
2087 -141.0000000000
2097 -140.0000000000
2106 -139.0000000000
2129 -138.0000000000
2135 -137.0000000000
2144 -136.0000000000
2150 -135.0000000000
2172 -134.0000000000
2178 -130.0000000000
2254 -129.0000000000
2262 -128.0000000000
2274 -127.0000000000
2307 -125.0000000000
2315 -124.0000000000
2333 -123.0000000000
2355 -122.0000000000
2364 -121.0000000000
2374 -120.0000000000
2387 -119.0000000000
2391 -118.0000000000
2422 -115.0000000000
2451 -109.0000000000
2543 -108.0000000000
2552 -107.0000000000
2609 -106.0000000000
2628 -105.0000000000
2649 -104.0000000000
2674 -102.0000000000
2675 -101.0000000000
2682 -100.0000000000
2695 -99.0000000000
2711 -96.0000000000
2757 -95.0000000000
2760 -93.0000000000
2810 -90.0000000000
2837 -89.0000000000
2881 -88.0000000000
2897 -86.0000000000
2911 -85.0000000000
2991 -84.0000000000
3000 -82.0000000000
3020 -80.0000000000
3044 -77.0000000000
3069 -75.0000000000
3082 -74.0000000000
3141 -72.0000000000
3154 -71.0000000000
3186 -70.0000000000
3194 -69.0000000000
3258 -67.0000000000
3321 -66.0000000000
3371 -64.0000000000
3408 -63.0000000000
3451 -61.0000000000
3477 -59.0000000000
3533 -58.0000000000
3565 -57.0000000000
3572 -56.0000000000
3610 -54.0000000000
3639 -53.0000000000
3656 -52.0000000000
3717 -51.0000000000
3745 -50.0000000000
3802 -49.0000000000
3811 -48.0000000000
3906 -47.0000000000
3912 -46.0000000000
3958 -45.0000000000
3981 -44.0000000000
4025 -43.0000000000
4055 -41.0000000000
4074 -40.0000000000
4119 -38.0000000000
4136 -37.0000000000
4144 -36.0000000000
4207 -35.0000000000
4224 -33.0000000000
4291 -32.0000000000
4322 -31.0000000000
4345 -30.0000000000
4374 -28.0000000000
4438 -27.0000000000
4459 -26.0000000000
4495 -25.0000000000
4553 -24.0000000000
4611 -23.0000000000
4643 -22.0000000000
4659 -21.0000000000
4722 -20.0000000000
4738 -19.0000000000
4754 -18.0000000000
4772 -17.0000000000
4883 -16.0000000000
4921 -15.0000000000
4939 -14.0000000000
4951 -13.0000000000
5014 -12.0000000000
5016 -11.0000000000
5132 -10.0000000000
5158 -9.0000000000
5182 -8.0000000000
5211 -7.0000000000
5272 -6.0000000000
5378 -5.0000000000
5441 -4.0000000000
5570 -3.0000000000
5611 -2.0000000000
5649 -1.0000000000
5749 552.0000000000
5823 558.0000000000
5837 571.0000000000
5858 574.0000000000
5866 575.0000000000
5985 585.0000000000
6086 588.0000000000
6754 589.0000000000
7486 603.0000000000
7615 605.0000000000
7649 608.0000000000
7687 626.0000000000
7721 638.0000000000
8170 644.0000000000
8285 647.0000000000
8445 648.0000000000
8460 653.0000000000
8595 655.0000000000
9328 657.0000000000
10397 662.0000000000
40026 706.0000000000
11276 665.0000000000
11332 669.0000000000
11688 673.0000000000
41222 709.0000000000
12701 674.0000000000
12774 677.0000000000
42028 710.0000000000
12839 679.0000000000
13307 680.0000000000
13444 681.0000000000
13763 682.0000000000
15237 683.0000000000
15971 692.0000000000
19557 694.0000000000
19564 695.0000000000
19984 696.0000000000
20451 705.0000000000
61804 711.0000000000
40026 706.0000000000
66687 713.0000000000
41222 709.0000000000
42028 710.0000000000
80250 716.0000000000
84037 718.0000000000
84412 721.0000000000
61804 711.0000000000
66687 713.0000000000
100000 -1.0000000000
evaluations raw_y
1 -379.0000000000
3 -374.0000000000
4 -359.0000000000
5 -354.0000000000
33 -353.0000000000
34 -344.0000000000
42 -336.0000000000
65 -333.0000000000
72 -325.0000000000
82 -322.0000000000
91 -321.0000000000
95 -320.0000000000
106 -317.0000000000
124 -313.0000000000
138 -306.0000000000
161 -303.0000000000
175 -294.0000000000
188 -292.0000000000
201 -288.0000000000
211 -286.0000000000
234 -285.0000000000
235 -284.0000000000
242 -283.0000000000
249 -282.0000000000
251 -281.0000000000
254 -277.0000000000
279 -276.0000000000
289 -272.0000000000
305 -271.0000000000
306 -265.0000000000
350 -263.0000000000
359 -262.0000000000
360 -260.0000000000
372 -259.0000000000
375 -254.0000000000
422 -252.0000000000
471 -249.0000000000
493 -248.0000000000
525 -247.0000000000
534 -246.0000000000
538 -245.0000000000
567 -244.0000000000
587 -241.0000000000
608 -240.0000000000
612 -238.0000000000
648 -237.0000000000
684 -236.0000000000
693 -235.0000000000
711 -234.0000000000
716 -233.0000000000
745 -232.0000000000
747 -231.0000000000
772 -230.0000000000
796 -229.0000000000
802 -227.0000000000
832 -224.0000000000
859 -223.0000000000
863 -221.0000000000
899 -220.0000000000
905 -219.0000000000
922 -218.0000000000
953 -216.0000000000
982 -214.0000000000
989 -213.0000000000
998 -211.0000000000
999 -210.0000000000
1012 -209.0000000000
1054 -208.0000000000
1064 -207.0000000000
1067 -206.0000000000
1069 -205.0000000000
1090 -203.0000000000
1124 -201.0000000000
1141 -200.0000000000
1152 -199.0000000000
1160 -198.0000000000
1161 -197.0000000000
1187 -195.0000000000
1206 -194.0000000000
1219 -193.0000000000
1257 -192.0000000000
1259 -191.0000000000
1299 -189.0000000000
1336 -187.0000000000
1339 -185.0000000000
1361 -184.0000000000
1377 -182.0000000000
1381 -181.0000000000
1405 -180.0000000000
1412 -179.0000000000
1451 -178.0000000000
1453 -177.0000000000
1455 -176.0000000000
1463 -173.0000000000
1478 -171.0000000000
1526 -170.0000000000
1536 -169.0000000000
1538 -167.0000000000
1546 -166.0000000000
1562 -165.0000000000
1580 -164.0000000000
1591 -163.0000000000
1608 -161.0000000000
1624 -160.0000000000
1632 -158.0000000000
1652 -157.0000000000
1687 -155.0000000000
1696 -153.0000000000
1731 -152.0000000000
1775 -151.0000000000
1796 -150.0000000000
1818 -149.0000000000
1849 -148.0000000000
1850 -147.0000000000
1881 -145.0000000000
1905 -144.0000000000
1937 -143.0000000000
1942 -141.0000000000
2009 -138.0000000000
2021 -137.0000000000
2042 -136.0000000000
2049 -135.0000000000
2069 -134.0000000000
2080 -133.0000000000
2117 -132.0000000000
2120 -131.0000000000
2126 -130.0000000000
2146 -129.0000000000
2170 -126.0000000000
2195 -124.0000000000
2217 -123.0000000000
2241 -122.0000000000
2270 -120.0000000000
2292 -119.0000000000
2301 -117.0000000000
2345 -115.0000000000
2372 -114.0000000000
2382 -112.0000000000
2412 -111.0000000000
2416 -109.0000000000
2438 -108.0000000000
2457 -107.0000000000
2462 -106.0000000000
2494 -104.0000000000
2513 -103.0000000000
2526 -101.0000000000
2565 -100.0000000000
2587 -99.0000000000
2591 -98.0000000000
2594 -97.0000000000
2622 -96.0000000000
2641 -95.0000000000
2656 -93.0000000000
2707 -92.0000000000
2721 -91.0000000000
2726 -90.0000000000
2745 -88.0000000000
2772 -87.0000000000
2861 -86.0000000000
2882 -85.0000000000
2919 -84.0000000000
2920 -83.0000000000
2964 -82.0000000000
3011 -81.0000000000
3029 -79.0000000000
3062 -78.0000000000
3092 -77.0000000000
3111 -76.0000000000
3126 -74.0000000000
3137 -73.0000000000
3147 -72.0000000000
3170 -71.0000000000
3192 -70.0000000000
3212 -69.0000000000
3253 -68.0000000000
3285 -67.0000000000
3318 -66.0000000000
3328 -65.0000000000
3341 -64.0000000000
3354 -63.0000000000
3366 -61.0000000000
3393 -60.0000000000
3451 -58.0000000000
3466 -57.0000000000
3516 -56.0000000000
3534 -54.0000000000
3600 -53.0000000000
3651 -52.0000000000
3713 -51.0000000000
3726 -50.0000000000
3792 -49.0000000000
3831 -48.0000000000
3883 -47.0000000000
3912 -46.0000000000
3931 -45.0000000000
4004 -44.0000000000
4027 -43.0000000000
4059 -42.0000000000
4061 -38.0000000000
4150 -37.0000000000
4152 -36.0000000000
4179 -35.0000000000
4206 -33.0000000000
4286 -32.0000000000
4294 -31.0000000000
4322 -30.0000000000
4398 -29.0000000000
4409 -28.0000000000
4411 -27.0000000000
4477 -26.0000000000
4516 -25.0000000000
4543 -24.0000000000
4571 -23.0000000000
4591 -22.0000000000
4661 -21.0000000000
4687 -20.0000000000
4708 -19.0000000000
4780 -18.0000000000
4836 -17.0000000000
4853 -15.0000000000
4900 -14.0000000000
4987 -13.0000000000
5039 -12.0000000000
80250 716.0000000000
5138 -11.0000000000
5161 -9.0000000000
5242 -8.0000000000
5253 -7.0000000000
5300 -6.0000000000
5306 -5.0000000000
5346 -3.0000000000
5431 -2.0000000000
5487 -1.0000000000
5493 607.0000000000
5539 620.0000000000
5603 622.0000000000
5612 637.0000000000
5740 641.0000000000
5875 644.0000000000
5911 651.0000000000
6369 653.0000000000
6460 659.0000000000
7202 661.0000000000
7235 665.0000000000
84037 718.0000000000
84412 721.0000000000
9802 667.0000000000
9875 669.0000000000
11196 672.0000000000
11398 677.0000000000
15633 678.0000000000
15839 680.0000000000
15916 681.0000000000
17391 683.0000000000
17559 686.0000000000
21301 689.0000000000
21399 691.0000000000
21548 695.0000000000
100000 -1.0000000000
evaluations raw_y
1 -379.0000000000
3 -374.0000000000
4 -359.0000000000
5 -354.0000000000
33 -353.0000000000
34 -344.0000000000
42 -336.0000000000
65 -333.0000000000
72 -325.0000000000
82 -322.0000000000
91 -321.0000000000
95 -320.0000000000
106 -317.0000000000
124 -313.0000000000
138 -306.0000000000
161 -303.0000000000
175 -294.0000000000
188 -292.0000000000
201 -288.0000000000
211 -286.0000000000
234 -285.0000000000
235 -284.0000000000
242 -283.0000000000
249 -282.0000000000
251 -281.0000000000
254 -277.0000000000
279 -276.0000000000
289 -272.0000000000
305 -271.0000000000
306 -265.0000000000
350 -263.0000000000
359 -262.0000000000
360 -260.0000000000
372 -259.0000000000
375 -254.0000000000
422 -252.0000000000
471 -249.0000000000
493 -248.0000000000
525 -247.0000000000
534 -246.0000000000
538 -245.0000000000
567 -244.0000000000
587 -241.0000000000
608 -240.0000000000
612 -238.0000000000
648 -237.0000000000
684 -236.0000000000
693 -235.0000000000
711 -234.0000000000
716 -233.0000000000
745 -232.0000000000
747 -231.0000000000
772 -230.0000000000
796 -229.0000000000
802 -227.0000000000
832 -224.0000000000
859 -223.0000000000
863 -221.0000000000
899 -220.0000000000
905 -219.0000000000
922 -218.0000000000
953 -216.0000000000
982 -214.0000000000
989 -213.0000000000
998 -211.0000000000
999 -210.0000000000
1012 -209.0000000000
1054 -208.0000000000
1064 -207.0000000000
1067 -206.0000000000
1069 -205.0000000000
1090 -203.0000000000
1124 -201.0000000000
1141 -200.0000000000
1152 -199.0000000000
1160 -198.0000000000
1161 -197.0000000000
1187 -195.0000000000
1206 -194.0000000000
1219 -193.0000000000
1257 -192.0000000000
1259 -191.0000000000
1299 -189.0000000000
1336 -187.0000000000
1339 -185.0000000000
1361 -184.0000000000
1377 -182.0000000000
1381 -181.0000000000
26513 698.0000000000
1405 -180.0000000000
1412 -179.0000000000
1451 -178.0000000000
1453 -177.0000000000
1455 -176.0000000000
1463 -173.0000000000
1478 -171.0000000000
1526 -170.0000000000
1536 -169.0000000000
1538 -167.0000000000
1546 -166.0000000000
1562 -165.0000000000
1580 -164.0000000000
1591 -163.0000000000
1608 -161.0000000000
1624 -160.0000000000
1632 -158.0000000000
1652 -157.0000000000
1687 -155.0000000000
1696 -153.0000000000
1731 -152.0000000000
1775 -151.0000000000
1796 -150.0000000000
1818 -149.0000000000
1849 -148.0000000000
1850 -147.0000000000
1881 -145.0000000000
1905 -144.0000000000
1937 -143.0000000000
1942 -141.0000000000
2009 -138.0000000000
2021 -137.0000000000
2042 -136.0000000000
2049 -135.0000000000
2069 -134.0000000000
2080 -133.0000000000
2117 -132.0000000000
2120 -131.0000000000
2126 -130.0000000000
2146 -129.0000000000
2170 -126.0000000000
2195 -124.0000000000
2217 -123.0000000000
2241 -122.0000000000
2270 -120.0000000000
2292 -119.0000000000
2301 -117.0000000000
2345 -115.0000000000
2372 -114.0000000000
2382 -112.0000000000
2412 -111.0000000000
2416 -109.0000000000
2438 -108.0000000000
27238 699.0000000000
2457 -107.0000000000
2462 -106.0000000000
2494 -104.0000000000
2513 -103.0000000000
2526 -101.0000000000
2565 -100.0000000000
2587 -99.0000000000
2591 -98.0000000000
2594 -97.0000000000
2622 -96.0000000000
2641 -95.0000000000
2656 -93.0000000000
2707 -92.0000000000
2721 -91.0000000000
2726 -90.0000000000
2745 -88.0000000000
2772 -87.0000000000
2861 -86.0000000000
2882 -85.0000000000
2919 -84.0000000000
2920 -83.0000000000
2964 -82.0000000000
3011 -81.0000000000
3029 -79.0000000000
3062 -78.0000000000
3092 -77.0000000000
3111 -76.0000000000
3126 -74.0000000000
3137 -73.0000000000
3147 -72.0000000000
3170 -71.0000000000
3192 -70.0000000000
3212 -69.0000000000
3253 -68.0000000000
3285 -67.0000000000
3318 -66.0000000000
3328 -65.0000000000
3341 -64.0000000000
3354 -63.0000000000
3366 -61.0000000000
3393 -60.0000000000
3451 -58.0000000000
3466 -57.0000000000
3516 -56.0000000000
3534 -54.0000000000
3600 -53.0000000000
3651 -52.0000000000
3713 -51.0000000000
3726 -50.0000000000
3792 -49.0000000000
3831 -48.0000000000
3883 -47.0000000000
3912 -46.0000000000
3931 -45.0000000000
4004 -44.0000000000
4027 -43.0000000000
4059 -42.0000000000
4061 -38.0000000000
4150 -37.0000000000
4152 -36.0000000000
4179 -35.0000000000
4206 -33.0000000000
4286 -32.0000000000
4294 -31.0000000000
4322 -30.0000000000
4398 -29.0000000000
4409 -28.0000000000
4411 -27.0000000000
4477 -26.0000000000
4516 -25.0000000000
4543 -24.0000000000
4571 -23.0000000000
4591 -22.0000000000
4661 -21.0000000000
4687 -20.0000000000
4708 -19.0000000000
4780 -18.0000000000
4836 -17.0000000000
4853 -15.0000000000
4900 -14.0000000000
29747 704.0000000000
4987 -13.0000000000
5039 -12.0000000000
30039 705.0000000000
5138 -11.0000000000
5161 -9.0000000000
5242 -8.0000000000
5253 -7.0000000000
5300 -6.0000000000
5306 -5.0000000000
5346 -3.0000000000
5431 -2.0000000000
5487 -1.0000000000
5493 607.0000000000
5539 620.0000000000
5603 622.0000000000
5612 637.0000000000
5740 641.0000000000
5875 644.0000000000
5911 651.0000000000
6369 653.0000000000
6460 659.0000000000
7202 661.0000000000
7235 665.0000000000
9802 667.0000000000
9875 669.0000000000
11196 672.0000000000
11398 677.0000000000
37392 706.0000000000
39285 710.0000000000
15633 678.0000000000
15839 680.0000000000
15916 681.0000000000
17391 683.0000000000
17559 686.0000000000
43650 715.0000000000
21301 689.0000000000
21399 691.0000000000
21548 695.0000000000
26513 698.0000000000
27238 699.0000000000
29747 704.0000000000
30039 705.0000000000
58945 717.0000000000
58949 718.0000000000
37392 706.0000000000
39285 710.0000000000
43650 715.0000000000
58945 717.0000000000
58949 718.0000000000
99585 720.0000000000
100000 -2.0000000000
evaluations raw_y
1 -365.0000000000
2 -362.0000000000
3 -328.0000000000
38 -326.0000000000
62 -325.0000000000
75 -323.0000000000
83 -322.0000000000
90 -316.0000000000
102 -315.0000000000
111 -311.0000000000
119 -307.0000000000
121 -306.0000000000
145 -297.0000000000
152 -294.0000000000
190 -293.0000000000
193 -290.0000000000
202 -287.0000000000
238 -285.0000000000
245 -284.0000000000
248 -275.0000000000
271 -273.0000000000
279 -272.0000000000
293 -268.0000000000
313 -267.0000000000
318 -266.0000000000
327 -262.0000000000
359 -261.0000000000
361 -259.0000000000
376 -258.0000000000
381 -256.0000000000
387 -254.0000000000
416 -253.0000000000
418 -251.0000000000
443 -250.0000000000
452 -247.0000000000
475 -243.0000000000
487 -242.0000000000
508 -240.0000000000
516 -238.0000000000
551 -237.0000000000
578 -235.0000000000
594 -233.0000000000
613 -232.0000000000
628 -230.0000000000
632 -229.0000000000
665 -228.0000000000
669 -226.0000000000
692 -225.0000000000
704 -222.0000000000
724 -220.0000000000
756 -218.0000000000
787 -217.0000000000
805 -215.0000000000
811 -214.0000000000
838 -213.0000000000
848 -212.0000000000
864 -211.0000000000
871 -210.0000000000
906 -209.0000000000
926 -208.0000000000
945 -207.0000000000
948 -206.0000000000
967 -204.0000000000
979 -202.0000000000
1003 -201.0000000000
1025 -200.0000000000
1033 -198.0000000000
1036 -197.0000000000
1068 -195.0000000000
1090 -193.0000000000
1107 -192.0000000000
1118 -190.0000000000
1131 -189.0000000000
1143 -185.0000000000
1164 -184.0000000000
1172 -183.0000000000
1203 -182.0000000000
1224 -181.0000000000
1227 -180.0000000000
1249 -179.0000000000
1252 -178.0000000000
1282 -177.0000000000
1292 -176.0000000000
1324 -175.0000000000
1337 -174.0000000000
1357 -173.0000000000
1359 -171.0000000000
1378 -170.0000000000
1390 -169.0000000000
1413 -168.0000000000
1430 -167.0000000000
1436 -166.0000000000
1453 -165.0000000000
1471 -164.0000000000
1512 -163.0000000000
1523 -162.0000000000
1548 -161.0000000000
1556 -160.0000000000
1572 -159.0000000000
1604 -157.0000000000
1632 -156.0000000000
1641 -155.0000000000
1652 -153.0000000000
1683 -151.0000000000
1732 -149.0000000000
1742 -148.0000000000
1774 -147.0000000000
1790 -146.0000000000
1818 -144.0000000000
1842 -142.0000000000
1861 -141.0000000000
1902 -140.0000000000
1921 -139.0000000000
1931 -138.0000000000
1950 -136.0000000000
1976 -135.0000000000
1981 -134.0000000000
1998 -132.0000000000
2022 -131.0000000000
2049 -129.0000000000
2109 -128.0000000000
2115 -127.0000000000
2128 -126.0000000000
2129 -125.0000000000
2157 -124.0000000000
2175 -123.0000000000
2196 -122.0000000000
2207 -121.0000000000
2211 -120.0000000000
2219 -119.0000000000
2243 -118.0000000000
2259 -117.0000000000
2274 -116.0000000000
2330 -115.0000000000
2350 -113.0000000000
2361 -112.0000000000
2387 -111.0000000000
2398 -110.0000000000
2433 -108.0000000000
2460 -107.0000000000
2469 -106.0000000000
2505 -105.0000000000
2528 -103.0000000000
2575 -102.0000000000
2581 -101.0000000000
2603 -100.0000000000
2611 -99.0000000000
2646 -98.0000000000
2682 -97.0000000000
2715 -94.0000000000
2727 -93.0000000000
2777 -92.0000000000
2815 -90.0000000000
2859 -89.0000000000
2879 -88.0000000000
2895 -86.0000000000
2933 -84.0000000000
2977 -81.0000000000
3011 -80.0000000000
3066 -79.0000000000
3068 -77.0000000000
3101 -76.0000000000
3135 -75.0000000000
3160 -73.0000000000
3215 -72.0000000000
3231 -71.0000000000
3258 -70.0000000000
3327 -69.0000000000
3343 -68.0000000000
3366 -66.0000000000
3399 -65.0000000000
3441 -64.0000000000
3457 -63.0000000000
3508 -62.0000000000
3515 -61.0000000000
3534 -59.0000000000
3596 -58.0000000000
3639 -56.0000000000
3659 -55.0000000000
3730 -54.0000000000
3747 -53.0000000000
3767 -52.0000000000
3800 -51.0000000000
3814 -50.0000000000
3829 -49.0000000000
3873 -48.0000000000
3893 -47.0000000000
3922 -46.0000000000
3937 -45.0000000000
3952 -44.0000000000
4005 -43.0000000000
4047 -41.0000000000
4074 -40.0000000000
4104 -39.0000000000
4124 -38.0000000000
4161 -37.0000000000
4220 -36.0000000000
4242 -35.0000000000
4262 -33.0000000000
4326 -31.0000000000
4360 -29.0000000000
4394 -28.0000000000
4425 -27.0000000000
4460 -26.0000000000
4462 -25.0000000000
4528 -24.0000000000
4565 -23.0000000000
4579 -22.0000000000
4658 -21.0000000000
4687 -20.0000000000
4719 -19.0000000000
4753 -18.0000000000
4800 -17.0000000000
4843 -15.0000000000
4947 -13.0000000000
5016 -12.0000000000
5110 -9.0000000000
5163 -8.0000000000
5198 -7.0000000000
5268 -6.0000000000
5316 -5.0000000000
5321 -4.0000000000
5371 -3.0000000000
5419 -2.0000000000
5454 -1.0000000000
5511 595.0000000000
5648 617.0000000000
5690 622.0000000000
5767 625.0000000000
5781 629.0000000000
5800 636.0000000000
5877 642.0000000000
5891 648.0000000000
5934 651.0000000000
5954 665.0000000000
5975 670.0000000000
6003 674.0000000000
6004 675.0000000000
6147 678.0000000000
6157 687.0000000000
6356 693.0000000000
7373 694.0000000000
8106 697.0000000000
8284 699.0000000000
8966 701.0000000000
9709 705.0000000000
10922 708.0000000000
13812 709.0000000000
16382 710.0000000000
99585 720.0000000000
100000 -2.0000000000
evaluations raw_y
1 -365.0000000000
2 -362.0000000000
3 -328.0000000000
38 -326.0000000000
62 -325.0000000000
75 -323.0000000000
83 -322.0000000000
90 -316.0000000000
102 -315.0000000000
111 -311.0000000000
119 -307.0000000000
121 -306.0000000000
145 -297.0000000000
152 -294.0000000000
190 -293.0000000000
193 -290.0000000000
202 -287.0000000000
238 -285.0000000000
245 -284.0000000000
248 -275.0000000000
271 -273.0000000000
279 -272.0000000000
293 -268.0000000000
313 -267.0000000000
318 -266.0000000000
327 -262.0000000000
359 -261.0000000000
361 -259.0000000000
376 -258.0000000000
381 -256.0000000000
387 -254.0000000000
416 -253.0000000000
418 -251.0000000000
443 -250.0000000000
452 -247.0000000000
475 -243.0000000000
487 -242.0000000000
508 -240.0000000000
516 -238.0000000000
551 -237.0000000000
578 -235.0000000000
594 -233.0000000000
613 -232.0000000000
628 -230.0000000000
632 -229.0000000000
665 -228.0000000000
669 -226.0000000000
692 -225.0000000000
704 -222.0000000000
724 -220.0000000000
756 -218.0000000000
787 -217.0000000000
805 -215.0000000000
811 -214.0000000000
838 -213.0000000000
848 -212.0000000000
864 -211.0000000000
871 -210.0000000000
906 -209.0000000000
926 -208.0000000000
945 -207.0000000000
948 -206.0000000000
967 -204.0000000000
979 -202.0000000000
1003 -201.0000000000
1025 -200.0000000000
1033 -198.0000000000
1036 -197.0000000000
1068 -195.0000000000
1090 -193.0000000000
1107 -192.0000000000
1118 -190.0000000000
1131 -189.0000000000
1143 -185.0000000000
1164 -184.0000000000
1172 -183.0000000000
1203 -182.0000000000
1224 -181.0000000000
1227 -180.0000000000
1249 -179.0000000000
1252 -178.0000000000
1282 -177.0000000000
1292 -176.0000000000
1324 -175.0000000000
1337 -174.0000000000
1357 -173.0000000000
1359 -171.0000000000
1378 -170.0000000000
1390 -169.0000000000
1413 -168.0000000000
1430 -167.0000000000
1436 -166.0000000000
1453 -165.0000000000
1471 -164.0000000000
1512 -163.0000000000
1523 -162.0000000000
1548 -161.0000000000
1556 -160.0000000000
1572 -159.0000000000
1604 -157.0000000000
1632 -156.0000000000
1641 -155.0000000000
1652 -153.0000000000
1683 -151.0000000000
1732 -149.0000000000
1742 -148.0000000000
1774 -147.0000000000
1790 -146.0000000000
1818 -144.0000000000
1842 -142.0000000000
1861 -141.0000000000
1902 -140.0000000000
1921 -139.0000000000
1931 -138.0000000000
1950 -136.0000000000
1976 -135.0000000000
1981 -134.0000000000
1998 -132.0000000000
2022 -131.0000000000
2049 -129.0000000000
2109 -128.0000000000
2115 -127.0000000000
2128 -126.0000000000
2129 -125.0000000000
2157 -124.0000000000
2175 -123.0000000000
2196 -122.0000000000
2207 -121.0000000000
2211 -120.0000000000
2219 -119.0000000000
23817 711.0000000000
2243 -118.0000000000
2259 -117.0000000000
2274 -116.0000000000
2330 -115.0000000000
2350 -113.0000000000
2361 -112.0000000000
2387 -111.0000000000
2398 -110.0000000000
2433 -108.0000000000
2460 -107.0000000000
2469 -106.0000000000
2505 -105.0000000000
2528 -103.0000000000
2575 -102.0000000000
2581 -101.0000000000
2603 -100.0000000000
2611 -99.0000000000
2646 -98.0000000000
2682 -97.0000000000
2715 -94.0000000000
2727 -93.0000000000
2777 -92.0000000000
2815 -90.0000000000
2859 -89.0000000000
2879 -88.0000000000
2895 -86.0000000000
2933 -84.0000000000
2977 -81.0000000000
3011 -80.0000000000
3066 -79.0000000000
3068 -77.0000000000
3101 -76.0000000000
3135 -75.0000000000
3160 -73.0000000000
3215 -72.0000000000
3231 -71.0000000000
3258 -70.0000000000
24902 714.0000000000
3327 -69.0000000000
3343 -68.0000000000
3366 -66.0000000000
3399 -65.0000000000
3441 -64.0000000000
3457 -63.0000000000
3508 -62.0000000000
3515 -61.0000000000
3534 -59.0000000000
3596 -58.0000000000
3639 -56.0000000000
3659 -55.0000000000
3730 -54.0000000000
3747 -53.0000000000
25345 716.0000000000
3767 -52.0000000000
3800 -51.0000000000
3814 -50.0000000000
3829 -49.0000000000
3873 -48.0000000000
3893 -47.0000000000
3922 -46.0000000000
3937 -45.0000000000
3952 -44.0000000000
4005 -43.0000000000
4047 -41.0000000000
4074 -40.0000000000
4104 -39.0000000000
4124 -38.0000000000
25962 717.0000000000
4161 -37.0000000000
4220 -36.0000000000
4242 -35.0000000000
4262 -33.0000000000
4326 -31.0000000000
4360 -29.0000000000
4394 -28.0000000000
4425 -27.0000000000
4460 -26.0000000000
4462 -25.0000000000
4528 -24.0000000000
4565 -23.0000000000
4579 -22.0000000000
4658 -21.0000000000
4687 -20.0000000000
4719 -19.0000000000
4753 -18.0000000000
4800 -17.0000000000
4843 -15.0000000000
4947 -13.0000000000
5016 -12.0000000000
5110 -9.0000000000
5163 -8.0000000000
5198 -7.0000000000
5268 -6.0000000000
5316 -5.0000000000
5321 -4.0000000000
5371 -3.0000000000
5419 -2.0000000000
5454 -1.0000000000
5511 595.0000000000
5648 617.0000000000
5690 622.0000000000
5767 625.0000000000
5781 629.0000000000
5800 636.0000000000
5877 642.0000000000
5891 648.0000000000
5934 651.0000000000
5954 665.0000000000
5975 670.0000000000
6003 674.0000000000
6004 675.0000000000
6147 678.0000000000
6157 687.0000000000
6356 693.0000000000
7373 694.0000000000
8106 697.0000000000
8284 699.0000000000
8966 701.0000000000
9709 705.0000000000
10922 708.0000000000
13812 709.0000000000
16382 710.0000000000
39475 718.0000000000
23817 711.0000000000
24902 714.0000000000
25345 716.0000000000
25962 717.0000000000
54391 719.0000000000
39475 718.0000000000
54391 719.0000000000
100000 700.0000000000
evaluations raw_y
1 -378.0000000000
3 -370.0000000000
4 -353.0000000000
18 -351.0000000000
21 -350.0000000000
31 -342.0000000000
52 -329.0000000000
62 -327.0000000000
63 -322.0000000000
70 -317.0000000000
86 -311.0000000000
91 -310.0000000000
110 -308.0000000000
114 -307.0000000000
130 -305.0000000000
140 -304.0000000000
145 -298.0000000000
155 -297.0000000000
170 -295.0000000000
172 -293.0000000000
181 -290.0000000000
206 -287.0000000000
213 -284.0000000000
233 -282.0000000000
253 -281.0000000000
259 -279.0000000000
280 -278.0000000000
289 -275.0000000000
318 -274.0000000000
325 -273.0000000000
346 -272.0000000000
360 -269.0000000000
373 -267.0000000000
400 -265.0000000000
408 -263.0000000000
444 -260.0000000000
473 -256.0000000000
493 -255.0000000000
506 -254.0000000000
532 -253.0000000000
554 -252.0000000000
557 -251.0000000000
562 -250.0000000000
582 -248.0000000000
599 -246.0000000000
622 -245.0000000000
631 -243.0000000000
642 -242.0000000000
651 -241.0000000000
674 -240.0000000000
676 -238.0000000000
687 -237.0000000000
697 -236.0000000000
700 -234.0000000000
711 -232.0000000000
740 -231.0000000000
745 -229.0000000000
761 -228.0000000000
775 -227.0000000000
796 -225.0000000000
860 -223.0000000000
869 -220.0000000000
894 -219.0000000000
895 -218.0000000000
901 -216.0000000000
921 -212.0000000000
938 -211.0000000000
952 -209.0000000000
971 -207.0000000000
990 -206.0000000000
1009 -204.0000000000
1032 -203.0000000000
1048 -202.0000000000
1065 -199.0000000000
1085 -197.0000000000
1092 -196.0000000000
1122 -195.0000000000
1123 -194.0000000000
1132 -193.0000000000
1162 -191.0000000000
1183 -190.0000000000
1211 -189.0000000000
1218 -188.0000000000
1236 -187.0000000000
1266 -186.0000000000
1269 -184.0000000000
1287 -183.0000000000
1323 -181.0000000000
1346 -178.0000000000
1357 -176.0000000000
1395 -175.0000000000
1429 -174.0000000000
1439 -173.0000000000
1445 -170.0000000000
1503 -169.0000000000
1513 -167.0000000000
1548 -166.0000000000
1561 -165.0000000000
1571 -162.0000000000
1603 -161.0000000000
1627 -158.0000000000
1639 -157.0000000000
1665 -156.0000000000
1707 -155.0000000000
1730 -153.0000000000
1764 -152.0000000000
1792 -150.0000000000
1836 -149.0000000000
1839 -147.0000000000
1851 -145.0000000000
1872 -142.0000000000
1936 -141.0000000000
1942 -140.0000000000
1970 -139.0000000000
2015 -138.0000000000
2030 -136.0000000000
2054 -135.0000000000
2096 -134.0000000000
2104 -133.0000000000
2106 -132.0000000000
2135 -130.0000000000
2161 -129.0000000000
2172 -128.0000000000
2239 -127.0000000000
2248 -126.0000000000
2266 -124.0000000000
2299 -122.0000000000
2314 -121.0000000000
2343 -120.0000000000
2364 -119.0000000000
2386 -118.0000000000
2412 -117.0000000000
2426 -116.0000000000
2446 -114.0000000000
2502 -112.0000000000
2581 -111.0000000000
2619 -109.0000000000
2620 -108.0000000000
2628 -107.0000000000
2670 -106.0000000000
2681 -103.0000000000
2768 -101.0000000000
2781 -100.0000000000
2821 -98.0000000000
2843 -97.0000000000
2857 -96.0000000000
2933 -95.0000000000
2969 -94.0000000000
3003 -93.0000000000
3014 -92.0000000000
3032 -90.0000000000
3071 -88.0000000000
3087 -87.0000000000
3125 -86.0000000000
3150 -85.0000000000
3207 -84.0000000000
3226 -83.0000000000
3239 -82.0000000000
3278 -81.0000000000
3319 -79.0000000000
3336 -78.0000000000
3366 -76.0000000000
3370 -75.0000000000
3397 -74.0000000000
3442 -73.0000000000
3447 -72.0000000000
3465 -71.0000000000
3500 -70.0000000000
3513 -69.0000000000
3533 -68.0000000000
3549 -67.0000000000
3592 -66.0000000000
3607 -65.0000000000
3655 -64.0000000000
3679 -62.0000000000
3727 -61.0000000000
3759 -60.0000000000
3761 -59.0000000000
3791 -57.0000000000
3818 -56.0000000000
3832 -55.0000000000
3861 -54.0000000000
3889 -53.0000000000
3891 -52.0000000000
3961 -50.0000000000
3984 -49.0000000000
4032 -48.0000000000
4075 -47.0000000000
4090 -45.0000000000
4115 -44.0000000000
4195 -43.0000000000
4234 -42.0000000000
4252 -41.0000000000
4277 -39.0000000000
4300 -38.0000000000
4302 -37.0000000000
4343 -35.0000000000
4404 -33.0000000000
4445 -32.0000000000
4537 -31.0000000000
4603 -30.0000000000
4661 -29.0000000000
4704 -28.0000000000
4759 -27.0000000000
4784 -26.0000000000
4785 -25.0000000000
4810 -24.0000000000
4834 -23.0000000000
4975 -22.0000000000
5030 -21.0000000000
5055 -20.0000000000
5096 -16.0000000000
5151 -15.0000000000
5212 -14.0000000000
5307 -13.0000000000
5367 -11.0000000000
5382 -10.0000000000
5450 -9.0000000000
5495 -8.0000000000
5513 -7.0000000000
5635 -6.0000000000
5674 -5.0000000000
5691 -4.0000000000
5764 -2.0000000000
5789 -1.0000000000
5854 571.0000000000
5855 573.0000000000
5868 578.0000000000
5873 581.0000000000
5877 591.0000000000
5903 593.0000000000
5942 594.0000000000
5984 599.0000000000
6010 600.0000000000
6030 619.0000000000
6101 631.0000000000
6278 641.0000000000
6292 644.0000000000
6817 661.0000000000
6917 662.0000000000
7013 670.0000000000
7430 674.0000000000
8645 675.0000000000
8678 678.0000000000
8867 679.0000000000
9036 681.0000000000
9206 685.0000000000
10601 686.0000000000
10621 688.0000000000
10987 690.0000000000
11006 694.0000000000
11648 695.0000000000
11951 696.0000000000
12015 700.0000000000
14908 703.0000000000
15589 705.0000000000
16179 708.0000000000
16839 709.0000000000
100000 700.0000000000
evaluations raw_y
1 -378.0000000000
3 -370.0000000000
4 -353.0000000000
18 -351.0000000000
21 -350.0000000000
31 -342.0000000000
52 -329.0000000000
62 -327.0000000000
63 -322.0000000000
70 -317.0000000000
86 -311.0000000000
91 -310.0000000000
110 -308.0000000000
114 -307.0000000000
130 -305.0000000000
140 -304.0000000000
145 -298.0000000000
155 -297.0000000000
170 -295.0000000000
172 -293.0000000000
181 -290.0000000000
206 -287.0000000000
213 -284.0000000000
233 -282.0000000000
253 -281.0000000000
259 -279.0000000000
280 -278.0000000000
289 -275.0000000000
318 -274.0000000000
325 -273.0000000000
346 -272.0000000000
360 -269.0000000000
373 -267.0000000000
400 -265.0000000000
408 -263.0000000000
444 -260.0000000000
473 -256.0000000000
493 -255.0000000000
506 -254.0000000000
532 -253.0000000000
554 -252.0000000000
557 -251.0000000000
562 -250.0000000000
582 -248.0000000000
599 -246.0000000000
622 -245.0000000000
631 -243.0000000000
642 -242.0000000000
651 -241.0000000000
674 -240.0000000000
676 -238.0000000000
687 -237.0000000000
697 -236.0000000000
700 -234.0000000000
711 -232.0000000000
740 -231.0000000000
745 -229.0000000000
761 -228.0000000000
775 -227.0000000000
796 -225.0000000000
860 -223.0000000000
869 -220.0000000000
894 -219.0000000000
895 -218.0000000000
901 -216.0000000000
921 -212.0000000000
938 -211.0000000000
952 -209.0000000000
971 -207.0000000000
990 -206.0000000000
1009 -204.0000000000
1032 -203.0000000000
1048 -202.0000000000
1065 -199.0000000000
1085 -197.0000000000
1092 -196.0000000000
1122 -195.0000000000
1123 -194.0000000000
1132 -193.0000000000
1162 -191.0000000000
1183 -190.0000000000
1211 -189.0000000000
1218 -188.0000000000
1236 -187.0000000000
1266 -186.0000000000
1269 -184.0000000000
1287 -183.0000000000
1323 -181.0000000000
1346 -178.0000000000
1357 -176.0000000000
1395 -175.0000000000
1429 -174.0000000000
1439 -173.0000000000
1445 -170.0000000000
1503 -169.0000000000
1513 -167.0000000000
1548 -166.0000000000
1561 -165.0000000000
1571 -162.0000000000
1603 -161.0000000000
1627 -158.0000000000
1639 -157.0000000000
1665 -156.0000000000
1707 -155.0000000000
1730 -153.0000000000
1764 -152.0000000000
1792 -150.0000000000
1836 -149.0000000000
1839 -147.0000000000
1851 -145.0000000000
1872 -142.0000000000
1936 -141.0000000000
1942 -140.0000000000
1970 -139.0000000000
2015 -138.0000000000
2030 -136.0000000000
2054 -135.0000000000
2096 -134.0000000000
2104 -133.0000000000
2106 -132.0000000000
2135 -130.0000000000
2161 -129.0000000000
2172 -128.0000000000
2239 -127.0000000000
2248 -126.0000000000
2266 -124.0000000000
2299 -122.0000000000
2314 -121.0000000000
2343 -120.0000000000
2364 -119.0000000000
2386 -118.0000000000
2412 -117.0000000000
2426 -116.0000000000
2446 -114.0000000000
2502 -112.0000000000
2581 -111.0000000000
2619 -109.0000000000
2620 -108.0000000000
2628 -107.0000000000
2670 -106.0000000000
2681 -103.0000000000
2768 -101.0000000000
2781 -100.0000000000
2821 -98.0000000000
2843 -97.0000000000
2857 -96.0000000000
2933 -95.0000000000
2969 -94.0000000000
3003 -93.0000000000
3014 -92.0000000000
3032 -90.0000000000
3071 -88.0000000000
3087 -87.0000000000
3125 -86.0000000000
3150 -85.0000000000
3207 -84.0000000000
3226 -83.0000000000
3239 -82.0000000000
3278 -81.0000000000
3319 -79.0000000000
3336 -78.0000000000
3366 -76.0000000000
3370 -75.0000000000
3397 -74.0000000000
3442 -73.0000000000
3447 -72.0000000000
3465 -71.0000000000
3500 -70.0000000000
3513 -69.0000000000
3533 -68.0000000000
3549 -67.0000000000
3592 -66.0000000000
3607 -65.0000000000
3655 -64.0000000000
3679 -62.0000000000
3727 -61.0000000000
3759 -60.0000000000
3761 -59.0000000000
3791 -57.0000000000
3818 -56.0000000000
3832 -55.0000000000
3861 -54.0000000000
3889 -53.0000000000
23409 710.0000000000
3891 -52.0000000000
3961 -50.0000000000
3984 -49.0000000000
4032 -48.0000000000
4075 -47.0000000000
4090 -45.0000000000
4115 -44.0000000000
4195 -43.0000000000
4234 -42.0000000000
4252 -41.0000000000
4277 -39.0000000000
4300 -38.0000000000
4302 -37.0000000000
4343 -35.0000000000
4404 -33.0000000000
4445 -32.0000000000
4537 -31.0000000000
4603 -30.0000000000
4661 -29.0000000000
4704 -28.0000000000
4759 -27.0000000000
4784 -26.0000000000
4785 -25.0000000000
4810 -24.0000000000
4834 -23.0000000000
4975 -22.0000000000
5030 -21.0000000000
5055 -20.0000000000
5096 -16.0000000000
5151 -15.0000000000
5212 -14.0000000000
5307 -13.0000000000
5367 -11.0000000000
24629 711.0000000000
5382 -10.0000000000
5450 -9.0000000000
5495 -8.0000000000
5513 -7.0000000000
5635 -6.0000000000
5674 -5.0000000000
5691 -4.0000000000
5764 -2.0000000000
5789 -1.0000000000
5854 571.0000000000
5855 573.0000000000
5868 578.0000000000
5873 581.0000000000
5877 591.0000000000
5903 593.0000000000
5942 594.0000000000
5984 599.0000000000
6010 600.0000000000
6030 619.0000000000
6101 631.0000000000
6278 641.0000000000
6292 644.0000000000
6817 661.0000000000
6917 662.0000000000
7013 670.0000000000
7430 674.0000000000
8645 675.0000000000
8678 678.0000000000
8867 679.0000000000
9036 681.0000000000
9206 685.0000000000
10601 686.0000000000
10621 688.0000000000
10987 690.0000000000
11006 694.0000000000
11648 695.0000000000
11951 696.0000000000
12015 700.0000000000
31381 714.0000000000
14908 703.0000000000
15589 705.0000000000
16179 708.0000000000
16839 709.0000000000
23409 710.0000000000
24629 711.0000000000
31381 714.0000000000
100000 694.0000000000
evaluations raw_y
1 -371.0000000000
2 -366.0000000000
9 -362.0000000000
16 -360.0000000000
25 -353.0000000000
44 -345.0000000000
52 -338.0000000000
58 -330.0000000000
77 -325.0000000000
86 -319.0000000000
106 -313.0000000000
124 -310.0000000000
142 -309.0000000000
145 -308.0000000000
148 -302.0000000000
161 -290.0000000000
221 -284.0000000000
245 -283.0000000000
250 -281.0000000000
258 -279.0000000000
265 -273.0000000000
301 -272.0000000000
314 -271.0000000000
320 -268.0000000000
321 -260.0000000000
367 -257.0000000000
406 -256.0000000000
408 -251.0000000000
428 -250.0000000000
432 -247.0000000000
476 -245.0000000000
482 -244.0000000000
502 -243.0000000000
515 -242.0000000000
531 -241.0000000000
545 -240.0000000000
558 -238.0000000000
591 -237.0000000000
596 -236.0000000000
611 -235.0000000000
618 -232.0000000000
638 -231.0000000000
665 -230.0000000000
668 -229.0000000000
686 -228.0000000000
705 -227.0000000000
730 -226.0000000000
731 -225.0000000000
751 -222.0000000000
773 -220.0000000000
792 -219.0000000000
807 -218.0000000000
812 -216.0000000000
822 -213.0000000000
834 -212.0000000000
875 -211.0000000000
879 -210.0000000000
887 -208.0000000000
895 -207.0000000000
912 -202.0000000000
986 -201.0000000000
988 -200.0000000000
1004 -199.0000000000
1042 -198.0000000000
1061 -197.0000000000
1091 -195.0000000000
1116 -193.0000000000
1161 -192.0000000000
1163 -191.0000000000
1182 -189.0000000000
1196 -187.0000000000
1222 -185.0000000000
1257 -184.0000000000
1261 -183.0000000000
1286 -182.0000000000
1292 -180.0000000000
1306 -178.0000000000
1325 -175.0000000000
1362 -174.0000000000
1379 -172.0000000000
1417 -171.0000000000
1428 -170.0000000000
1457 -166.0000000000
1483 -165.0000000000
1501 -164.0000000000
1531 -162.0000000000
1558 -161.0000000000
1596 -159.0000000000
1598 -158.0000000000
1620 -155.0000000000
1681 -153.0000000000
1722 -150.0000000000
1741 -149.0000000000
1763 -148.0000000000
1794 -146.0000000000
1820 -145.0000000000
1846 -144.0000000000
1894 -143.0000000000
1901 -142.0000000000
1911 -141.0000000000
1939 -140.0000000000
1961 -139.0000000000
1994 -138.0000000000
2005 -137.0000000000
2041 -135.0000000000
2049 -134.0000000000
2061 -133.0000000000
2082 -132.0000000000
2115 -131.0000000000
2146 -129.0000000000
2182 -128.0000000000
2185 -126.0000000000
2201 -124.0000000000
2223 -122.0000000000
2259 -121.0000000000
2271 -120.0000000000
2290 -119.0000000000
2307 -117.0000000000
2330 -116.0000000000
2331 -114.0000000000
2375 -113.0000000000
2424 -112.0000000000
2438 -111.0000000000
2452 -110.0000000000
2498 -108.0000000000
2540 -107.0000000000
2552 -106.0000000000
2587 -105.0000000000
2636 -104.0000000000
2638 -103.0000000000
2640 -100.0000000000
2674 -99.0000000000
2700 -98.0000000000
2740 -96.0000000000
2761 -95.0000000000
2810 -94.0000000000
2812 -92.0000000000
2824 -89.0000000000
2934 -88.0000000000
2961 -86.0000000000
2975 -85.0000000000
3008 -84.0000000000
3029 -83.0000000000
3044 -82.0000000000
3054 -80.0000000000
3093 -78.0000000000
3121 -77.0000000000
3135 -76.0000000000
3149 -75.0000000000
3189 -74.0000000000
3212 -72.0000000000
3230 -71.0000000000
3278 -70.0000000000
3289 -68.0000000000
3294 -67.0000000000
3330 -66.0000000000
3337 -64.0000000000
3359 -63.0000000000
3382 -62.0000000000
3398 -60.0000000000
3411 -59.0000000000
3431 -57.0000000000
3464 -56.0000000000
3503 -55.0000000000
3527 -54.0000000000
3547 -53.0000000000
3581 -52.0000000000
3600 -51.0000000000
3611 -50.0000000000
3658 -49.0000000000
3705 -48.0000000000
3716 -47.0000000000
3746 -46.0000000000
3752 -45.0000000000
3789 -44.0000000000
3841 -43.0000000000
3877 -41.0000000000
3931 -40.0000000000
3934 -39.0000000000
3971 -38.0000000000
4000 -37.0000000000
4062 -36.0000000000
4107 -35.0000000000
4163 -34.0000000000
4193 -33.0000000000
4213 -32.0000000000
4263 -31.0000000000
4303 -30.0000000000
4315 -29.0000000000
4359 -28.0000000000
4417 -27.0000000000
4425 -26.0000000000
4481 -25.0000000000
4515 -24.0000000000
4598 -22.0000000000
4655 -21.0000000000
4736 -20.0000000000
4742 -19.0000000000
4761 -18.0000000000
4797 -17.0000000000
4965 -16.0000000000
5068 -15.0000000000
5184 -14.0000000000
5204 -13.0000000000
5233 -12.0000000000
5271 -11.0000000000
5333 -10.0000000000
5374 -9.0000000000
5450 -8.0000000000
5535 -7.0000000000
5614 -6.0000000000
5648 -5.0000000000
5674 -3.0000000000
5813 -1.0000000000
5919 563.0000000000
6007 566.0000000000
6051 571.0000000000
6053 583.0000000000
6065 591.0000000000
6209 592.0000000000
6221 594.0000000000
7150 599.0000000000
7174 614.0000000000
7660 615.0000000000
7959 630.0000000000
8142 632.0000000000
8591 633.0000000000
8611 636.0000000000
8622 640.0000000000
8698 645.0000000000
8819 658.0000000000
9074 664.0000000000
9181 666.0000000000
9773 673.0000000000
11862 686.0000000000
100000 694.0000000000
evaluations raw_y
1 -371.0000000000
2 -366.0000000000
9 -362.0000000000
16 -360.0000000000
25 -353.0000000000
44 -345.0000000000
52 -338.0000000000
58 -330.0000000000
77 -325.0000000000
86 -319.0000000000
106 -313.0000000000
124 -310.0000000000
142 -309.0000000000
145 -308.0000000000
148 -302.0000000000
161 -290.0000000000
221 -284.0000000000
245 -283.0000000000
250 -281.0000000000
258 -279.0000000000
265 -273.0000000000
301 -272.0000000000
314 -271.0000000000
320 -268.0000000000
321 -260.0000000000
367 -257.0000000000
406 -256.0000000000
408 -251.0000000000
428 -250.0000000000
432 -247.0000000000
476 -245.0000000000
482 -244.0000000000
502 -243.0000000000
515 -242.0000000000
531 -241.0000000000
545 -240.0000000000
558 -238.0000000000
591 -237.0000000000
596 -236.0000000000
611 -235.0000000000
618 -232.0000000000
638 -231.0000000000
665 -230.0000000000
668 -229.0000000000
686 -228.0000000000
705 -227.0000000000
730 -226.0000000000
731 -225.0000000000
751 -222.0000000000
773 -220.0000000000
792 -219.0000000000
807 -218.0000000000
812 -216.0000000000
822 -213.0000000000
834 -212.0000000000
875 -211.0000000000
879 -210.0000000000
887 -208.0000000000
895 -207.0000000000
912 -202.0000000000
986 -201.0000000000
988 -200.0000000000
1004 -199.0000000000
1042 -198.0000000000
1061 -197.0000000000
1091 -195.0000000000
1116 -193.0000000000
1161 -192.0000000000
1163 -191.0000000000
1182 -189.0000000000
1196 -187.0000000000
1222 -185.0000000000
1257 -184.0000000000
1261 -183.0000000000
1286 -182.0000000000
1292 -180.0000000000
1306 -178.0000000000
1325 -175.0000000000
1362 -174.0000000000
1379 -172.0000000000
1417 -171.0000000000
1428 -170.0000000000
1457 -166.0000000000
1483 -165.0000000000
1501 -164.0000000000
1531 -162.0000000000
1558 -161.0000000000
1596 -159.0000000000
1598 -158.0000000000
1620 -155.0000000000
1681 -153.0000000000
1722 -150.0000000000
1741 -149.0000000000
1763 -148.0000000000
1794 -146.0000000000
1820 -145.0000000000
1846 -144.0000000000
1894 -143.0000000000
1901 -142.0000000000
1911 -141.0000000000
1939 -140.0000000000
1961 -139.0000000000
1994 -138.0000000000
2005 -137.0000000000
2041 -135.0000000000
2049 -134.0000000000
2061 -133.0000000000
2082 -132.0000000000
2115 -131.0000000000
2146 -129.0000000000
2182 -128.0000000000
2185 -126.0000000000
2201 -124.0000000000
2223 -122.0000000000
2259 -121.0000000000
2271 -120.0000000000
2290 -119.0000000000
2307 -117.0000000000
2330 -116.0000000000
2331 -114.0000000000
2375 -113.0000000000
2424 -112.0000000000
2438 -111.0000000000
2452 -110.0000000000
2498 -108.0000000000
2540 -107.0000000000
2552 -106.0000000000
2587 -105.0000000000
2636 -104.0000000000
2638 -103.0000000000
2640 -100.0000000000
2674 -99.0000000000
2700 -98.0000000000
2740 -96.0000000000
2761 -95.0000000000
2810 -94.0000000000
2812 -92.0000000000
2824 -89.0000000000
2934 -88.0000000000
2961 -86.0000000000
2975 -85.0000000000
3008 -84.0000000000
3029 -83.0000000000
3044 -82.0000000000
3054 -80.0000000000
3093 -78.0000000000
3121 -77.0000000000
3135 -76.0000000000
3149 -75.0000000000
3189 -74.0000000000
3212 -72.0000000000
3230 -71.0000000000
3278 -70.0000000000
3289 -68.0000000000
3294 -67.0000000000
3330 -66.0000000000
3337 -64.0000000000
3359 -63.0000000000
3382 -62.0000000000
3398 -60.0000000000
3411 -59.0000000000
3431 -57.0000000000
3464 -56.0000000000
3503 -55.0000000000
3527 -54.0000000000
3547 -53.0000000000
3581 -52.0000000000
3600 -51.0000000000
3611 -50.0000000000
3658 -49.0000000000
3705 -48.0000000000
3716 -47.0000000000
3746 -46.0000000000
3752 -45.0000000000
3789 -44.0000000000
3841 -43.0000000000
3877 -41.0000000000
3931 -40.0000000000
3934 -39.0000000000
3971 -38.0000000000
4000 -37.0000000000
4062 -36.0000000000
4107 -35.0000000000
4163 -34.0000000000
4193 -33.0000000000
4213 -32.0000000000
4263 -31.0000000000
4303 -30.0000000000
4315 -29.0000000000
4359 -28.0000000000
4417 -27.0000000000
4425 -26.0000000000
4481 -25.0000000000
4515 -24.0000000000
4598 -22.0000000000
4655 -21.0000000000
4736 -20.0000000000
4742 -19.0000000000
4761 -18.0000000000
4797 -17.0000000000
4965 -16.0000000000
5068 -15.0000000000
5184 -14.0000000000
5204 -13.0000000000
5233 -12.0000000000
5271 -11.0000000000
5333 -10.0000000000
5374 -9.0000000000
5450 -8.0000000000
5535 -7.0000000000
5614 -6.0000000000
5648 -5.0000000000
5674 -3.0000000000
5813 -1.0000000000
5919 563.0000000000
17127 688.0000000000
6007 566.0000000000
6051 571.0000000000
6053 583.0000000000
6065 591.0000000000
6209 592.0000000000
6221 594.0000000000
7150 599.0000000000
7174 614.0000000000
7660 615.0000000000
7959 630.0000000000
8142 632.0000000000
8591 633.0000000000
8611 636.0000000000
8622 640.0000000000
8698 645.0000000000
8819 658.0000000000
9074 664.0000000000
9181 666.0000000000
9773 673.0000000000
22543 690.0000000000
11862 686.0000000000
23258 691.0000000000
24953 692.0000000000
27386 693.0000000000
17127 688.0000000000
30302 694.0000000000
22543 690.0000000000
23258 691.0000000000
24953 692.0000000000
36765 698.0000000000
36895 699.0000000000
37018 701.0000000000
27386 693.0000000000
30302 694.0000000000
36765 698.0000000000
36895 699.0000000000
37018 701.0000000000
51538 702.0000000000
57059 705.0000000000
51538 702.0000000000
57059 705.0000000000
76369 707.0000000000
84297 708.0000000000
76369 707.0000000000
84297 708.0000000000
100000 -1.0000000000
evaluations raw_y
1 -363.0000000000
4 -362.0000000000
6 -361.0000000000
7 -354.0000000000
11 -350.0000000000
23 -348.0000000000
26 -337.0000000000
45 -336.0000000000
59 -335.0000000000
61 -326.0000000000
64 -322.0000000000
76 -319.0000000000
83 -313.0000000000
91 -307.0000000000
119 -304.0000000000
136 -302.0000000000
139 -293.0000000000
159 -290.0000000000
171 -289.0000000000
174 -288.0000000000
180 -285.0000000000
184 -280.0000000000
193 -279.0000000000
204 -278.0000000000
216 -276.0000000000
224 -275.0000000000
231 -262.0000000000
260 -260.0000000000
282 -259.0000000000
287 -256.0000000000
311 -254.0000000000
323 -253.0000000000
334 -250.0000000000
353 -248.0000000000
362 -247.0000000000
372 -245.0000000000
410 -242.0000000000
419 -241.0000000000
431 -240.0000000000
433 -238.0000000000
448 -234.0000000000
505 -232.0000000000
520 -230.0000000000
556 -229.0000000000
581 -228.0000000000
593 -226.0000000000
596 -225.0000000000
612 -224.0000000000
632 -223.0000000000
638 -222.0000000000
641 -221.0000000000
686 -220.0000000000
697 -219.0000000000
702 -218.0000000000
703 -216.0000000000
739 -214.0000000000
747 -213.0000000000
769 -212.0000000000
788 -210.0000000000
804 -209.0000000000
816 -208.0000000000
821 -207.0000000000
847 -206.0000000000
862 -205.0000000000
882 -204.0000000000
899 -203.0000000000
906 -202.0000000000
916 -201.0000000000
934 -199.0000000000
961 -198.0000000000
983 -196.0000000000
993 -195.0000000000
1008 -194.0000000000
1025 -193.0000000000
1037 -192.0000000000
1071 -191.0000000000
1077 -190.0000000000
1079 -189.0000000000
1081 -186.0000000000
1165 -185.0000000000
1166 -184.0000000000
1181 -183.0000000000
1200 -182.0000000000
1206 -180.0000000000
1232 -179.0000000000
1252 -177.0000000000
1276 -176.0000000000
1286 -175.0000000000
1318 -173.0000000000
1345 -172.0000000000
1370 -171.0000000000
1375 -170.0000000000
1385 -169.0000000000
1401 -168.0000000000
1424 -166.0000000000
1438 -165.0000000000
1453 -164.0000000000
1467 -163.0000000000
1474 -162.0000000000
1494 -161.0000000000
1502 -160.0000000000
1511 -159.0000000000
1536 -158.0000000000
1555 -156.0000000000
1573 -155.0000000000
1584 -152.0000000000
1621 -151.0000000000
1622 -150.0000000000
1631 -149.0000000000
1659 -147.0000000000
1662 -146.0000000000
1673 -145.0000000000
1696 -144.0000000000
1699 -143.0000000000
1722 -142.0000000000
1742 -141.0000000000
1763 -138.0000000000
1815 -136.0000000000
1823 -135.0000000000
1831 -134.0000000000
1837 -130.0000000000
1907 -126.0000000000
1972 -125.0000000000
2011 -123.0000000000
2061 -122.0000000000
2070 -121.0000000000
2094 -120.0000000000
2118 -119.0000000000
2135 -117.0000000000
2171 -116.0000000000
2184 -115.0000000000
2196 -114.0000000000
2217 -113.0000000000
2251 -112.0000000000
2285 -111.0000000000
2295 -110.0000000000
2327 -109.0000000000
2346 -108.0000000000
2384 -107.0000000000
2407 -106.0000000000
2422 -105.0000000000
2446 -104.0000000000
2468 -103.0000000000
2483 -102.0000000000
2512 -101.0000000000
2542 -100.0000000000
2584 -99.0000000000
2608 -98.0000000000
2633 -97.0000000000
2669 -96.0000000000
2673 -95.0000000000
2680 -94.0000000000
2706 -93.0000000000
2712 -92.0000000000
2781 -90.0000000000
2822 -89.0000000000
2846 -88.0000000000
2870 -87.0000000000
2872 -86.0000000000
2906 -84.0000000000
2937 -83.0000000000
2987 -82.0000000000
3012 -81.0000000000
3022 -80.0000000000
3028 -79.0000000000
3045 -78.0000000000
3061 -77.0000000000
3081 -76.0000000000
3121 -74.0000000000
3138 -72.0000000000
3167 -71.0000000000
3205 -69.0000000000
3260 -68.0000000000
3299 -66.0000000000
3351 -65.0000000000
3361 -64.0000000000
3408 -63.0000000000
3456 -62.0000000000
3471 -61.0000000000
3489 -59.0000000000
3521 -58.0000000000
3569 -56.0000000000
3596 -55.0000000000
3639 -54.0000000000
3686 -53.0000000000
3692 -52.0000000000
3715 -51.0000000000
3752 -49.0000000000
3770 -48.0000000000
3806 -47.0000000000
3858 -46.0000000000
3886 -45.0000000000
3913 -44.0000000000
3957 -43.0000000000
3982 -42.0000000000
3997 -41.0000000000
4049 -39.0000000000
4141 -38.0000000000
4159 -37.0000000000
4188 -36.0000000000
4201 -35.0000000000
4239 -34.0000000000
4262 -33.0000000000
4305 -31.0000000000
4382 -30.0000000000
4408 -29.0000000000
4426 -28.0000000000
4494 -27.0000000000
4565 -26.0000000000
4619 -25.0000000000
4630 -24.0000000000
4668 -23.0000000000
4711 -22.0000000000
4824 -21.0000000000
4884 -20.0000000000
4889 -19.0000000000
4978 -18.0000000000
5018 -17.0000000000
5080 -16.0000000000
5158 -15.0000000000
5181 -14.0000000000
5209 -13.0000000000
5231 -12.0000000000
5243 -11.0000000000
5312 -10.0000000000
5424 -9.0000000000
5445 -8.0000000000
5712 -7.0000000000
5731 -6.0000000000
5828 -5.0000000000
5943 -4.0000000000
5970 -3.0000000000
6036 -1.0000000000
6158 566.0000000000
6170 584.0000000000
6239 593.0000000000
6250 596.0000000000
6268 603.0000000000
6382 626.0000000000
6397 629.0000000000
6470 632.0000000000
6521 633.0000000000
6532 635.0000000000
6533 642.0000000000
6596 651.0000000000
7555 653.0000000000
8945 656.0000000000
100000 -1.0000000000
evaluations raw_y
1 -363.0000000000
4 -362.0000000000
6 -361.0000000000
7 -354.0000000000
11 -350.0000000000
23 -348.0000000000
26 -337.0000000000
45 -336.0000000000
59 -335.0000000000
61 -326.0000000000
64 -322.0000000000
76 -319.0000000000
83 -313.0000000000
91 -307.0000000000
119 -304.0000000000
136 -302.0000000000
139 -293.0000000000
159 -290.0000000000
171 -289.0000000000
174 -288.0000000000
180 -285.0000000000
184 -280.0000000000
193 -279.0000000000
204 -278.0000000000
216 -276.0000000000
224 -275.0000000000
231 -262.0000000000
260 -260.0000000000
9653 657.0000000000
282 -259.0000000000
287 -256.0000000000
311 -254.0000000000
323 -253.0000000000
334 -250.0000000000
353 -248.0000000000
362 -247.0000000000
372 -245.0000000000
410 -242.0000000000
419 -241.0000000000
431 -240.0000000000
433 -238.0000000000
448 -234.0000000000
505 -232.0000000000
520 -230.0000000000
556 -229.0000000000
581 -228.0000000000
593 -226.0000000000
596 -225.0000000000
612 -224.0000000000
632 -223.0000000000
638 -222.0000000000
641 -221.0000000000
686 -220.0000000000
697 -219.0000000000
702 -218.0000000000
703 -216.0000000000
739 -214.0000000000
747 -213.0000000000
769 -212.0000000000
788 -210.0000000000
804 -209.0000000000
816 -208.0000000000
821 -207.0000000000
847 -206.0000000000
862 -205.0000000000
882 -204.0000000000
899 -203.0000000000
906 -202.0000000000
916 -201.0000000000
934 -199.0000000000
961 -198.0000000000
983 -196.0000000000
993 -195.0000000000
1008 -194.0000000000
1025 -193.0000000000
1037 -192.0000000000
1071 -191.0000000000
1077 -190.0000000000
1079 -189.0000000000
1081 -186.0000000000
1165 -185.0000000000
1166 -184.0000000000
1181 -183.0000000000
1200 -182.0000000000
1206 -180.0000000000
1232 -179.0000000000
1252 -177.0000000000
1276 -176.0000000000
1286 -175.0000000000
10965 658.0000000000
1318 -173.0000000000
1345 -172.0000000000
1370 -171.0000000000
1375 -170.0000000000
1385 -169.0000000000
1401 -168.0000000000
1424 -166.0000000000
1438 -165.0000000000
1453 -164.0000000000
1467 -163.0000000000
1474 -162.0000000000
1494 -161.0000000000
1502 -160.0000000000
1511 -159.0000000000
1536 -158.0000000000
1555 -156.0000000000
1573 -155.0000000000
1584 -152.0000000000
1621 -151.0000000000
1622 -150.0000000000
1631 -149.0000000000
1659 -147.0000000000
1662 -146.0000000000
1673 -145.0000000000
1696 -144.0000000000
1699 -143.0000000000
1722 -142.0000000000
1742 -141.0000000000
1763 -138.0000000000
1815 -136.0000000000
1823 -135.0000000000
1831 -134.0000000000
1837 -130.0000000000
11309 664.0000000000
11321 667.0000000000
1907 -126.0000000000
1972 -125.0000000000
2011 -123.0000000000
2061 -122.0000000000
2070 -121.0000000000
2094 -120.0000000000
2118 -119.0000000000
2135 -117.0000000000
11448 670.0000000000
2171 -116.0000000000
2184 -115.0000000000
2196 -114.0000000000
2217 -113.0000000000
2251 -112.0000000000
2285 -111.0000000000
2295 -110.0000000000
2327 -109.0000000000
2346 -108.0000000000
2384 -107.0000000000
2407 -106.0000000000
2422 -105.0000000000
2446 -104.0000000000
2468 -103.0000000000
2483 -102.0000000000
2512 -101.0000000000
2542 -100.0000000000
2584 -99.0000000000
2608 -98.0000000000
2633 -97.0000000000
2669 -96.0000000000
2673 -95.0000000000
2680 -94.0000000000
2706 -93.0000000000
2712 -92.0000000000
2781 -90.0000000000
2822 -89.0000000000
2846 -88.0000000000
2870 -87.0000000000
2872 -86.0000000000
2906 -84.0000000000
2937 -83.0000000000
2987 -82.0000000000
12159 671.0000000000
3012 -81.0000000000
3022 -80.0000000000
3028 -79.0000000000
3045 -78.0000000000
3061 -77.0000000000
3081 -76.0000000000
3121 -74.0000000000
3138 -72.0000000000
3167 -71.0000000000
3205 -69.0000000000
3260 -68.0000000000
3299 -66.0000000000
12517 672.0000000000
3351 -65.0000000000
3361 -64.0000000000
3408 -63.0000000000
3456 -62.0000000000
3471 -61.0000000000
3489 -59.0000000000
3521 -58.0000000000
3569 -56.0000000000
3596 -55.0000000000
3639 -54.0000000000
3686 -53.0000000000
3692 -52.0000000000
3715 -51.0000000000
3752 -49.0000000000
3770 -48.0000000000
3806 -47.0000000000
3858 -46.0000000000
3886 -45.0000000000
3913 -44.0000000000
3957 -43.0000000000
3982 -42.0000000000
3997 -41.0000000000
4049 -39.0000000000
4141 -38.0000000000
13359 674.0000000000
4159 -37.0000000000
4188 -36.0000000000
4201 -35.0000000000
4239 -34.0000000000
4262 -33.0000000000
4305 -31.0000000000
4382 -30.0000000000
4408 -29.0000000000
13588 680.0000000000
4426 -28.0000000000
4494 -27.0000000000
4565 -26.0000000000
4619 -25.0000000000
4630 -24.0000000000
13710 682.0000000000
4668 -23.0000000000
4711 -22.0000000000
4824 -21.0000000000
4884 -20.0000000000
4889 -19.0000000000
14142 686.0000000000
4978 -18.0000000000
5018 -17.0000000000
5080 -16.0000000000
5158 -15.0000000000
5181 -14.0000000000
5209 -13.0000000000
5231 -12.0000000000
5243 -11.0000000000
5312 -10.0000000000
5424 -9.0000000000
5445 -8.0000000000
5712 -7.0000000000
5731 -6.0000000000
5828 -5.0000000000
5943 -4.0000000000
5970 -3.0000000000
6036 -1.0000000000
6158 566.0000000000
6170 584.0000000000
6239 593.0000000000
6250 596.0000000000
6268 603.0000000000
6382 626.0000000000
6397 629.0000000000
6470 632.0000000000
6521 633.0000000000
6532 635.0000000000
6533 642.0000000000
6596 651.0000000000
7555 653.0000000000
8945 656.0000000000
9653 657.0000000000
20128 687.0000000000
10965 658.0000000000
11309 664.0000000000
11321 667.0000000000
11448 670.0000000000
12159 671.0000000000
12517 672.0000000000
13359 674.0000000000
13588 680.0000000000
13710 682.0000000000
14142 686.0000000000
24850 688.0000000000
24986 692.0000000000
26757 694.0000000000
28336 695.0000000000
29655 698.0000000000
20128 687.0000000000
32585 700.0000000000
33212 703.0000000000
24850 688.0000000000
24986 692.0000000000
35041 704.0000000000
35219 706.0000000000
26757 694.0000000000
28336 695.0000000000
29655 698.0000000000
32585 700.0000000000
33212 703.0000000000
35041 704.0000000000
35219 706.0000000000
52720 707.0000000000
56291 708.0000000000
56453 712.0000000000
57447 714.0000000000
52720 707.0000000000
64384 717.0000000000
56291 708.0000000000
56453 712.0000000000
57447 714.0000000000
73078 719.0000000000
64384 717.0000000000
73078 719.0000000000
100000 -2.0000000000
evaluations raw_y
1 -362.0000000000
4 -335.0000000000
44 -328.0000000000
56 -327.0000000000
68 -324.0000000000
71 -314.0000000000
96 -309.0000000000
101 -308.0000000000
112 -302.0000000000
120 -300.0000000000
133 -296.0000000000
144 -292.0000000000
159 -291.0000000000
167 -288.0000000000
171 -285.0000000000
183 -283.0000000000
200 -280.0000000000
206 -277.0000000000
224 -274.0000000000
229 -273.0000000000
232 -266.0000000000
263 -261.0000000000
308 -254.0000000000
342 -253.0000000000
382 -252.0000000000
394 -248.0000000000
429 -247.0000000000
434 -246.0000000000
438 -245.0000000000
463 -244.0000000000
483 -243.0000000000
493 -242.0000000000
517 -241.0000000000
526 -240.0000000000
528 -237.0000000000
537 -236.0000000000
558 -233.0000000000
571 -232.0000000000
573 -231.0000000000
583 -230.0000000000
590 -229.0000000000
604 -227.0000000000
623 -226.0000000000
631 -225.0000000000
645 -221.0000000000
653 -219.0000000000
695 -218.0000000000
711 -216.0000000000
725 -215.0000000000
746 -214.0000000000
752 -213.0000000000
758 -212.0000000000
773 -211.0000000000
774 -210.0000000000
781 -209.0000000000
810 -208.0000000000
826 -206.0000000000
839 -205.0000000000
867 -204.0000000000
870 -203.0000000000
888 -199.0000000000
918 -198.0000000000
943 -197.0000000000
962 -195.0000000000
968 -194.0000000000
978 -193.0000000000
987 -192.0000000000
1015 -191.0000000000
1021 -190.0000000000
1022 -189.0000000000
1031 -188.0000000000
1060 -187.0000000000
1073 -185.0000000000
1093 -184.0000000000
1101 -182.0000000000
1111 -179.0000000000
1171 -178.0000000000
1187 -177.0000000000
1210 -175.0000000000
1237 -174.0000000000
1258 -171.0000000000
1283 -170.0000000000
1287 -168.0000000000
1310 -166.0000000000
1326 -165.0000000000
1384 -164.0000000000
1393 -163.0000000000
1412 -162.0000000000
1441 -161.0000000000
1443 -160.0000000000
1456 -159.0000000000
1477 -157.0000000000
1501 -156.0000000000
1506 -155.0000000000
1514 -154.0000000000
1530 -152.0000000000
1544 -151.0000000000
1581 -150.0000000000
1604 -148.0000000000
1614 -146.0000000000
1638 -145.0000000000
1665 -144.0000000000
1675 -143.0000000000
1701 -142.0000000000
1733 -141.0000000000
1756 -139.0000000000
1788 -138.0000000000
1796 -137.0000000000
1813 -136.0000000000
1835 -135.0000000000
1847 -134.0000000000
1854 -133.0000000000
1874 -132.0000000000
1894 -130.0000000000
1935 -129.0000000000
1942 -127.0000000000
1952 -126.0000000000
1978 -125.0000000000
1982 -124.0000000000
1996 -123.0000000000
2046 -121.0000000000
2049 -118.0000000000
2096 -115.0000000000
2131 -114.0000000000
2137 -113.0000000000
2157 -111.0000000000
2189 -110.0000000000
2194 -109.0000000000
2205 -108.0000000000
2227 -107.0000000000
2228 -106.0000000000
2262 -105.0000000000
2281 -104.0000000000
2310 -103.0000000000
2312 -101.0000000000
2360 -99.0000000000
2389 -98.0000000000
2431 -97.0000000000
2448 -96.0000000000
2457 -95.0000000000
2482 -94.0000000000
2491 -92.0000000000
2555 -91.0000000000
2563 -90.0000000000
2564 -87.0000000000
2626 -86.0000000000
2663 -85.0000000000
2702 -84.0000000000
2712 -83.0000000000
2716 -82.0000000000
2723 -81.0000000000
2755 -80.0000000000
2772 -79.0000000000
2797 -78.0000000000
2827 -77.0000000000
2835 -76.0000000000
2868 -75.0000000000
2883 -74.0000000000
2912 -73.0000000000
2972 -72.0000000000
2987 -70.0000000000
3022 -69.0000000000
3052 -68.0000000000
3080 -67.0000000000
3088 -66.0000000000
3124 -65.0000000000
3136 -64.0000000000
3185 -63.0000000000
3194 -60.0000000000
3203 -59.0000000000
3263 -57.0000000000
3311 -56.0000000000
3316 -55.0000000000
3345 -54.0000000000
3363 -53.0000000000
3391 -51.0000000000
3458 -50.0000000000
3462 -49.0000000000
3491 -48.0000000000
3525 -47.0000000000
3534 -46.0000000000
3546 -45.0000000000
3614 -44.0000000000
3617 -43.0000000000
3638 -42.0000000000
3667 -41.0000000000
3707 -40.0000000000
3713 -39.0000000000
3748 -37.0000000000
3777 -35.0000000000
3828 -34.0000000000
3833 -33.0000000000
3892 -32.0000000000
3904 -31.0000000000
3954 -30.0000000000
4006 -29.0000000000
4058 -27.0000000000
4072 -26.0000000000
4106 -24.0000000000
4144 -23.0000000000
4191 -22.0000000000
4219 -21.0000000000
4252 -20.0000000000
4281 -19.0000000000
4344 -17.0000000000
4383 -16.0000000000
4413 -15.0000000000
4448 -14.0000000000
4490 -12.0000000000
4544 -11.0000000000
4603 -10.0000000000
4653 -9.0000000000
4661 -8.0000000000
4756 -7.0000000000
4807 -6.0000000000
4830 -5.0000000000
4873 -4.0000000000
4998 -3.0000000000
5044 -2.0000000000
5066 -1.0000000000
5145 599.0000000000
5256 601.0000000000
5279 616.0000000000
5329 617.0000000000
5402 621.0000000000
5419 625.0000000000
5432 627.0000000000
5529 642.0000000000
5676 643.0000000000
5948 645.0000000000
5951 651.0000000000
6256 656.0000000000
6870 657.0000000000
6928 665.0000000000
7665 669.0000000000
8076 672.0000000000
8518 674.0000000000
8688 675.0000000000
8834 677.0000000000
9641 683.0000000000
9718 684.0000000000
10097 685.0000000000
10217 686.0000000000
10558 689.0000000000
10583 690.0000000000
10643 691.0000000000
10825 692.0000000000
10965 693.0000000000
100000 -2.0000000000
evaluations raw_y
1 -362.0000000000
4 -335.0000000000
44 -328.0000000000
56 -327.0000000000
68 -324.0000000000
71 -314.0000000000
96 -309.0000000000
101 -308.0000000000
112 -302.0000000000
120 -300.0000000000
133 -296.0000000000
144 -292.0000000000
159 -291.0000000000
167 -288.0000000000
171 -285.0000000000
183 -283.0000000000
200 -280.0000000000
206 -277.0000000000
224 -274.0000000000
229 -273.0000000000
232 -266.0000000000
263 -261.0000000000
308 -254.0000000000
342 -253.0000000000
382 -252.0000000000
394 -248.0000000000
429 -247.0000000000
434 -246.0000000000
438 -245.0000000000
463 -244.0000000000
483 -243.0000000000
493 -242.0000000000
517 -241.0000000000
526 -240.0000000000
528 -237.0000000000
537 -236.0000000000
558 -233.0000000000
571 -232.0000000000
573 -231.0000000000
583 -230.0000000000
590 -229.0000000000
604 -227.0000000000
623 -226.0000000000
631 -225.0000000000
645 -221.0000000000
653 -219.0000000000
695 -218.0000000000
711 -216.0000000000
725 -215.0000000000
746 -214.0000000000
752 -213.0000000000
758 -212.0000000000
12229 694.0000000000
773 -211.0000000000
774 -210.0000000000
781 -209.0000000000
810 -208.0000000000
826 -206.0000000000
839 -205.0000000000
867 -204.0000000000
870 -203.0000000000
888 -199.0000000000
918 -198.0000000000
943 -197.0000000000
962 -195.0000000000
968 -194.0000000000
978 -193.0000000000
987 -192.0000000000
1015 -191.0000000000
1021 -190.0000000000
1022 -189.0000000000
1031 -188.0000000000
1060 -187.0000000000
1073 -185.0000000000
1093 -184.0000000000
1101 -182.0000000000
1111 -179.0000000000
1171 -178.0000000000
1187 -177.0000000000
1210 -175.0000000000
1237 -174.0000000000
1258 -171.0000000000
1283 -170.0000000000
1287 -168.0000000000
1310 -166.0000000000
1326 -165.0000000000
1384 -164.0000000000
1393 -163.0000000000
1412 -162.0000000000
1441 -161.0000000000
1443 -160.0000000000
1456 -159.0000000000
1477 -157.0000000000
1501 -156.0000000000
1506 -155.0000000000
1514 -154.0000000000
1530 -152.0000000000
1544 -151.0000000000
1581 -150.0000000000
1604 -148.0000000000
1614 -146.0000000000
1638 -145.0000000000
1665 -144.0000000000
1675 -143.0000000000
1701 -142.0000000000
1733 -141.0000000000
1756 -139.0000000000
1788 -138.0000000000
1796 -137.0000000000
1813 -136.0000000000
1835 -135.0000000000
1847 -134.0000000000
1854 -133.0000000000
1874 -132.0000000000
1894 -130.0000000000
1935 -129.0000000000
1942 -127.0000000000
1952 -126.0000000000
1978 -125.0000000000
1982 -124.0000000000
1996 -123.0000000000
2046 -121.0000000000
2049 -118.0000000000
2096 -115.0000000000
2131 -114.0000000000
2137 -113.0000000000
2157 -111.0000000000
2189 -110.0000000000
2194 -109.0000000000
2205 -108.0000000000
2227 -107.0000000000
2228 -106.0000000000
2262 -105.0000000000
2281 -104.0000000000
2310 -103.0000000000
2312 -101.0000000000
2360 -99.0000000000
2389 -98.0000000000
2431 -97.0000000000
2448 -96.0000000000
2457 -95.0000000000
2482 -94.0000000000
2491 -92.0000000000
2555 -91.0000000000
2563 -90.0000000000
2564 -87.0000000000
2626 -86.0000000000
2663 -85.0000000000
2702 -84.0000000000
2712 -83.0000000000
2716 -82.0000000000
14315 696.0000000000
2723 -81.0000000000
2755 -80.0000000000
2772 -79.0000000000
2797 -78.0000000000
2827 -77.0000000000
2835 -76.0000000000
2868 -75.0000000000
2883 -74.0000000000
2912 -73.0000000000
2972 -72.0000000000
2987 -70.0000000000
3022 -69.0000000000
3052 -68.0000000000
3080 -67.0000000000
3088 -66.0000000000
3124 -65.0000000000
3136 -64.0000000000
3185 -63.0000000000
3194 -60.0000000000
3203 -59.0000000000
3263 -57.0000000000
3311 -56.0000000000
3316 -55.0000000000
3345 -54.0000000000
3363 -53.0000000000
3391 -51.0000000000
3458 -50.0000000000
3462 -49.0000000000
3491 -48.0000000000
3525 -47.0000000000
3534 -46.0000000000
3546 -45.0000000000
3614 -44.0000000000
3617 -43.0000000000
3638 -42.0000000000
3667 -41.0000000000
3707 -40.0000000000
3713 -39.0000000000
3748 -37.0000000000
3777 -35.0000000000
3828 -34.0000000000
3833 -33.0000000000
3892 -32.0000000000
3904 -31.0000000000
3954 -30.0000000000
4006 -29.0000000000
4058 -27.0000000000
4072 -26.0000000000
4106 -24.0000000000
4144 -23.0000000000
4191 -22.0000000000
4219 -21.0000000000
4252 -20.0000000000
4281 -19.0000000000
4344 -17.0000000000
4383 -16.0000000000
4413 -15.0000000000
4448 -14.0000000000
4490 -12.0000000000
4544 -11.0000000000
4603 -10.0000000000
4653 -9.0000000000
4661 -8.0000000000
4756 -7.0000000000
4807 -6.0000000000
4830 -5.0000000000
4873 -4.0000000000
4998 -3.0000000000
5044 -2.0000000000
5066 -1.0000000000
5145 599.0000000000
5256 601.0000000000
5279 616.0000000000
5329 617.0000000000
5402 621.0000000000
5419 625.0000000000
5432 627.0000000000
5529 642.0000000000
5676 643.0000000000
5948 645.0000000000
5951 651.0000000000
17523 698.0000000000
6256 656.0000000000
18175 700.0000000000
6870 657.0000000000
6928 665.0000000000
7665 669.0000000000
8076 672.0000000000
8518 674.0000000000
8688 675.0000000000
8834 677.0000000000
9641 683.0000000000
9718 684.0000000000
21021 701.0000000000
10097 685.0000000000
10217 686.0000000000
10558 689.0000000000
10583 690.0000000000
10643 691.0000000000
22309 704.0000000000
10825 692.0000000000
10965 693.0000000000
12229 694.0000000000
14315 696.0000000000
17523 698.0000000000
18175 700.0000000000
33450 706.0000000000
21021 701.0000000000
22309 704.0000000000
40587 707.0000000000
41236 709.0000000000
33450 706.0000000000
40587 707.0000000000
41236 709.0000000000
100000 -2.0000000000
evaluations raw_y
1 -368.0000000000
3 -345.0000000000
48 -338.0000000000
76 -336.0000000000
92 -334.0000000000
99 -331.0000000000
103 -325.0000000000
111 -324.0000000000
122 -321.0000000000
128 -318.0000000000
148 -315.0000000000
154 -307.0000000000
163 -302.0000000000
178 -297.0000000000
181 -296.0000000000
204 -293.0000000000
214 -289.0000000000
224 -284.0000000000
252 -282.0000000000
256 -275.0000000000
269 -273.0000000000
297 -270.0000000000
300 -268.0000000000
317 -265.0000000000
335 -264.0000000000
338 -263.0000000000
364 -262.0000000000
378 -261.0000000000
380 -260.0000000000
404 -258.0000000000
417 -256.0000000000
427 -254.0000000000
439 -253.0000000000
454 -251.0000000000
472 -250.0000000000
482 -249.0000000000
492 -248.0000000000
512 -247.0000000000
532 -246.0000000000
543 -244.0000000000
561 -239.0000000000
603 -238.0000000000
615 -237.0000000000
621 -235.0000000000
642 -234.0000000000
648 -232.0000000000
672 -230.0000000000
681 -228.0000000000
711 -225.0000000000
729 -224.0000000000
741 -223.0000000000
784 -221.0000000000
792 -219.0000000000
814 -218.0000000000
839 -215.0000000000
862 -214.0000000000
890 -212.0000000000
936 -211.0000000000
950 -210.0000000000
962 -209.0000000000
976 -208.0000000000
977 -207.0000000000
1001 -206.0000000000
1011 -205.0000000000
1033 -204.0000000000
1035 -203.0000000000
1041 -200.0000000000
1047 -199.0000000000
1061 -197.0000000000
1091 -194.0000000000
1104 -192.0000000000
1129 -189.0000000000
1146 -188.0000000000
1184 -186.0000000000
1205 -185.0000000000
1211 -184.0000000000
1214 -183.0000000000
1227 -182.0000000000
1264 -181.0000000000
1277 -180.0000000000
1283 -179.0000000000
1309 -178.0000000000
1319 -177.0000000000
1362 -175.0000000000
1387 -174.0000000000
1398 -172.0000000000
1417 -170.0000000000
1450 -167.0000000000
1475 -166.0000000000
1482 -165.0000000000
1513 -164.0000000000
1515 -162.0000000000
1526 -161.0000000000
1544 -160.0000000000
1590 -159.0000000000
1597 -157.0000000000
1628 -154.0000000000
1679 -153.0000000000
1684 -152.0000000000
1702 -151.0000000000
1710 -150.0000000000
1720 -149.0000000000
1748 -148.0000000000
1752 -147.0000000000
1773 -146.0000000000
1775 -144.0000000000
1810 -141.0000000000
1868 -140.0000000000
1896 -139.0000000000
1904 -138.0000000000
1917 -136.0000000000
1925 -135.0000000000
1960 -133.0000000000
2003 -131.0000000000
2011 -130.0000000000
2052 -128.0000000000
2061 -126.0000000000
2103 -124.0000000000
2135 -122.0000000000
2159 -120.0000000000
2165 -119.0000000000
2182 -117.0000000000
2212 -114.0000000000
2246 -113.0000000000
2275 -111.0000000000
2296 -110.0000000000
2311 -109.0000000000
2328 -108.0000000000
2329 -107.0000000000
2355 -106.0000000000
2378 -105.0000000000
2396 -104.0000000000
2417 -103.0000000000
2427 -99.0000000000
2486 -98.0000000000
2491 -97.0000000000
2502 -95.0000000000
2556 -94.0000000000
2573 -93.0000000000
2585 -92.0000000000
2600 -91.0000000000
2635 -90.0000000000
2661 -89.0000000000
2681 -87.0000000000
2725 -86.0000000000
2727 -85.0000000000
2757 -84.0000000000
2804 -83.0000000000
2827 -82.0000000000
2833 -81.0000000000
2845 -80.0000000000
2886 -79.0000000000
2901 -78.0000000000
2911 -77.0000000000
2923 -75.0000000000
2977 -73.0000000000
3021 -72.0000000000
3023 -71.0000000000
3054 -69.0000000000
3108 -68.0000000000
3131 -67.0000000000
3179 -66.0000000000
3197 -65.0000000000
3220 -64.0000000000
3230 -62.0000000000
3258 -61.0000000000
3316 -60.0000000000
3322 -58.0000000000
3368 -57.0000000000
3384 -56.0000000000
3408 -55.0000000000
3444 -54.0000000000
3467 -53.0000000000
3470 -52.0000000000
3500 -51.0000000000
3548 -50.0000000000
3561 -48.0000000000
3564 -46.0000000000
3594 -44.0000000000
3654 -43.0000000000
3713 -41.0000000000
3794 -40.0000000000
3845 -39.0000000000
3866 -38.0000000000
3896 -37.0000000000
3972 -36.0000000000
3985 -33.0000000000
4077 -32.0000000000
4120 -31.0000000000
4134 -30.0000000000
4156 -29.0000000000
4236 -28.0000000000
4306 -27.0000000000
4324 -26.0000000000
4362 -24.0000000000
4457 -23.0000000000
4486 -22.0000000000
4559 -21.0000000000
4561 -20.0000000000
4598 -19.0000000000
4611 -17.0000000000
4667 -15.0000000000
4756 -14.0000000000
4766 -13.0000000000
4813 -11.0000000000
4856 -10.0000000000
4952 -9.0000000000
5078 -8.0000000000
5118 -7.0000000000
5171 -6.0000000000
5262 -5.0000000000
5298 -4.0000000000
5355 -3.0000000000
5376 -2.0000000000
5455 -1.0000000000
5573 640.0000000000
5646 657.0000000000
5652 660.0000000000
6207 662.0000000000
6777 663.0000000000
6788 666.0000000000
6799 669.0000000000
6957 671.0000000000
7072 677.0000000000
8180 678.0000000000
8253 684.0000000000
8598 688.0000000000
100000 -2.0000000000
evaluations raw_y
1 -368.0000000000
3 -345.0000000000
48 -338.0000000000
76 -336.0000000000
92 -334.0000000000
99 -331.0000000000
103 -325.0000000000
10527 692.0000000000
111 -324.0000000000
122 -321.0000000000
128 -318.0000000000
10553 693.0000000000
148 -315.0000000000
154 -307.0000000000
163 -302.0000000000
178 -297.0000000000
181 -296.0000000000
204 -293.0000000000
214 -289.0000000000
224 -284.0000000000
252 -282.0000000000
256 -275.0000000000
269 -273.0000000000
297 -270.0000000000
300 -268.0000000000
317 -265.0000000000
335 -264.0000000000
338 -263.0000000000
364 -262.0000000000
378 -261.0000000000
380 -260.0000000000
404 -258.0000000000
417 -256.0000000000
427 -254.0000000000
439 -253.0000000000
454 -251.0000000000
472 -250.0000000000
482 -249.0000000000
492 -248.0000000000
512 -247.0000000000
532 -246.0000000000
543 -244.0000000000
561 -239.0000000000
603 -238.0000000000
615 -237.0000000000
621 -235.0000000000
642 -234.0000000000
648 -232.0000000000
672 -230.0000000000
681 -228.0000000000
711 -225.0000000000
729 -224.0000000000
741 -223.0000000000
11325 703.0000000000
784 -221.0000000000
792 -219.0000000000
814 -218.0000000000
839 -215.0000000000
862 -214.0000000000
890 -212.0000000000
936 -211.0000000000
950 -210.0000000000
962 -209.0000000000
976 -208.0000000000
977 -207.0000000000
1001 -206.0000000000
1011 -205.0000000000
1033 -204.0000000000
1035 -203.0000000000
1041 -200.0000000000
1047 -199.0000000000
1061 -197.0000000000
1091 -194.0000000000
1104 -192.0000000000
1129 -189.0000000000
1146 -188.0000000000
1184 -186.0000000000
1205 -185.0000000000
1211 -184.0000000000
1214 -183.0000000000
1227 -182.0000000000
1264 -181.0000000000
1277 -180.0000000000
1283 -179.0000000000
1309 -178.0000000000
1319 -177.0000000000
1362 -175.0000000000
1387 -174.0000000000
1398 -172.0000000000
1417 -170.0000000000
1450 -167.0000000000
1475 -166.0000000000
1482 -165.0000000000
1513 -164.0000000000
1515 -162.0000000000
1526 -161.0000000000
1544 -160.0000000000
1590 -159.0000000000
1597 -157.0000000000
1628 -154.0000000000
1679 -153.0000000000
1684 -152.0000000000
1702 -151.0000000000
1710 -150.0000000000
1720 -149.0000000000
1748 -148.0000000000
1752 -147.0000000000
1773 -146.0000000000
1775 -144.0000000000
1810 -141.0000000000
1868 -140.0000000000
1896 -139.0000000000
1904 -138.0000000000
1917 -136.0000000000
1925 -135.0000000000
1960 -133.0000000000
2003 -131.0000000000
2011 -130.0000000000
2052 -128.0000000000
2061 -126.0000000000
2103 -124.0000000000
2135 -122.0000000000
2159 -120.0000000000
2165 -119.0000000000
2182 -117.0000000000
2212 -114.0000000000
2246 -113.0000000000
2275 -111.0000000000
2296 -110.0000000000
2311 -109.0000000000
2328 -108.0000000000
2329 -107.0000000000
2355 -106.0000000000
2378 -105.0000000000
2396 -104.0000000000
2417 -103.0000000000
2427 -99.0000000000
2486 -98.0000000000
2491 -97.0000000000
2502 -95.0000000000
2556 -94.0000000000
2573 -93.0000000000
2585 -92.0000000000
2600 -91.0000000000
2635 -90.0000000000
2661 -89.0000000000
2681 -87.0000000000
2725 -86.0000000000
2727 -85.0000000000
2757 -84.0000000000
2804 -83.0000000000
2827 -82.0000000000
2833 -81.0000000000
2845 -80.0000000000
2886 -79.0000000000
2901 -78.0000000000
2911 -77.0000000000
2923 -75.0000000000
2977 -73.0000000000
3021 -72.0000000000
3023 -71.0000000000
3054 -69.0000000000
3108 -68.0000000000
3131 -67.0000000000
3179 -66.0000000000
3197 -65.0000000000
3220 -64.0000000000
3230 -62.0000000000
3258 -61.0000000000
3316 -60.0000000000
3322 -58.0000000000
3368 -57.0000000000
3384 -56.0000000000
3408 -55.0000000000
3444 -54.0000000000
3467 -53.0000000000
3470 -52.0000000000
3500 -51.0000000000
3548 -50.0000000000
3561 -48.0000000000
3564 -46.0000000000
3594 -44.0000000000
3654 -43.0000000000
3713 -41.0000000000
3794 -40.0000000000
3845 -39.0000000000
3866 -38.0000000000
3896 -37.0000000000
3972 -36.0000000000
3985 -33.0000000000
4077 -32.0000000000
4120 -31.0000000000
4134 -30.0000000000
4156 -29.0000000000
4236 -28.0000000000
4306 -27.0000000000
4324 -26.0000000000
4362 -24.0000000000
4457 -23.0000000000
4486 -22.0000000000
4559 -21.0000000000
4561 -20.0000000000
4598 -19.0000000000
4611 -17.0000000000
4667 -15.0000000000
4756 -14.0000000000
4766 -13.0000000000
4813 -11.0000000000
4856 -10.0000000000
4952 -9.0000000000
5078 -8.0000000000
5118 -7.0000000000
5171 -6.0000000000
5262 -5.0000000000
5298 -4.0000000000
5355 -3.0000000000
5376 -2.0000000000
5455 -1.0000000000
5573 640.0000000000
5646 657.0000000000
5652 660.0000000000
6207 662.0000000000
6777 663.0000000000
6788 666.0000000000
6799 669.0000000000
6957 671.0000000000
7072 677.0000000000
16947 704.0000000000
8180 678.0000000000
8253 684.0000000000
8598 688.0000000000
10527 692.0000000000
10553 693.0000000000
11325 703.0000000000
23734 705.0000000000
16947 704.0000000000
29167 709.0000000000
23734 705.0000000000
29167 709.0000000000
45391 712.0000000000
46218 715.0000000000
45391 712.0000000000
46218 715.0000000000
60411 716.0000000000
60411 716.0000000000
100000 -1.0000000000
evaluations raw_y
1 -377.0000000000
2 -348.0000000000
47 -346.0000000000
52 -344.0000000000
54 -328.0000000000
76 -323.0000000000
85 -322.0000000000
89 -316.0000000000
97 -309.0000000000
109 -308.0000000000
112 -302.0000000000
134 -298.0000000000
154 -292.0000000000
170 -290.0000000000
182 -286.0000000000
192 -283.0000000000
210 -281.0000000000
218 -280.0000000000
243 -279.0000000000
246 -278.0000000000
262 -277.0000000000
283 -276.0000000000
295 -273.0000000000
304 -270.0000000000
326 -269.0000000000
330 -264.0000000000
342 -262.0000000000
353 -261.0000000000
372 -260.0000000000
404 -259.0000000000
418 -256.0000000000
433 -254.0000000000
435 -252.0000000000
462 -251.0000000000
501 -250.0000000000
525 -249.0000000000
535 -247.0000000000
561 -246.0000000000
571 -245.0000000000
581 -244.0000000000
596 -241.0000000000
602 -238.0000000000
636 -237.0000000000
657 -236.0000000000
674 -234.0000000000
675 -233.0000000000
681 -232.0000000000
694 -231.0000000000
703 -228.0000000000
740 -226.0000000000
764 -225.0000000000
772 -223.0000000000
814 -222.0000000000
821 -221.0000000000
830 -218.0000000000
875 -216.0000000000
882 -214.0000000000
927 -211.0000000000
942 -210.0000000000
956 -209.0000000000
989 -208.0000000000
991 -207.0000000000
1007 -206.0000000000
1034 -204.0000000000
1057 -202.0000000000
1079 -200.0000000000
1112 -198.0000000000
1136 -195.0000000000
1152 -194.0000000000
1170 -193.0000000000
1178 -191.0000000000
1201 -189.0000000000
1215 -187.0000000000
1243 -185.0000000000
1255 -183.0000000000
1306 -182.0000000000
1326 -179.0000000000
1362 -176.0000000000
1416 -174.0000000000
1424 -173.0000000000
1469 -171.0000000000
1506 -170.0000000000
1528 -169.0000000000
1538 -167.0000000000
1560 -165.0000000000
1573 -163.0000000000
1620 -162.0000000000
1627 -161.0000000000
1636 -160.0000000000
1662 -159.0000000000
1663 -158.0000000000
1697 -157.0000000000
1721 -155.0000000000
1763 -154.0000000000
1781 -153.0000000000
1791 -152.0000000000
1814 -151.0000000000
1831 -149.0000000000
1834 -148.0000000000
1852 -147.0000000000
1866 -146.0000000000
1876 -145.0000000000
1888 -144.0000000000
1929 -143.0000000000
1933 -142.0000000000
1951 -141.0000000000
1994 -140.0000000000
2015 -139.0000000000
2061 -138.0000000000
2073 -137.0000000000
2104 -136.0000000000
2108 -135.0000000000
2120 -134.0000000000
2143 -133.0000000000
2159 -132.0000000000
2211 -129.0000000000
2232 -128.0000000000
2251 -127.0000000000
2253 -124.0000000000
2275 -123.0000000000
2293 -121.0000000000
2329 -120.0000000000
2365 -119.0000000000
2375 -118.0000000000
2421 -117.0000000000
2441 -116.0000000000
2475 -115.0000000000
2495 -112.0000000000
2521 -111.0000000000
2539 -110.0000000000
2541 -109.0000000000
2551 -108.0000000000
2604 -107.0000000000
2631 -105.0000000000
2671 -104.0000000000
2694 -103.0000000000
2727 -102.0000000000
2739 -101.0000000000
2777 -100.0000000000
2781 -99.0000000000
2807 -98.0000000000
2853 -97.0000000000
2861 -96.0000000000
2881 -95.0000000000
2901 -94.0000000000
2926 -93.0000000000
2946 -92.0000000000
2972 -89.0000000000
3046 -88.0000000000
3067 -87.0000000000
3085 -86.0000000000
3102 -85.0000000000
3125 -84.0000000000
3165 -83.0000000000
3174 -82.0000000000
3203 -81.0000000000
3223 -80.0000000000
3264 -78.0000000000
3284 -77.0000000000
3304 -76.0000000000
3352 -75.0000000000
3374 -73.0000000000
3396 -72.0000000000
3433 -71.0000000000
3462 -70.0000000000
3495 -69.0000000000
3532 -68.0000000000
3541 -67.0000000000
3582 -66.0000000000
3598 -65.0000000000
3608 -64.0000000000
3646 -62.0000000000
3682 -61.0000000000
3694 -60.0000000000
3723 -59.0000000000
3754 -57.0000000000
3805 -56.0000000000
3811 -54.0000000000
3895 -52.0000000000
3937 -51.0000000000
3940 -50.0000000000
3972 -49.0000000000
3993 -48.0000000000
4012 -47.0000000000
4020 -46.0000000000
4063 -45.0000000000
4068 -44.0000000000
4113 -43.0000000000
4155 -42.0000000000
4218 -41.0000000000
4258 -40.0000000000
4341 -39.0000000000
4383 -38.0000000000
4430 -37.0000000000
4455 -35.0000000000
4527 -34.0000000000
4529 -33.0000000000
4575 -32.0000000000
4598 -31.0000000000
4607 -30.0000000000
4635 -29.0000000000
4675 -28.0000000000
4711 -27.0000000000
4724 -26.0000000000
4754 -24.0000000000
4847 -23.0000000000
4875 -22.0000000000
4961 -21.0000000000
5000 -20.0000000000
5034 -19.0000000000
5071 -18.0000000000
5113 -16.0000000000
5177 -15.0000000000
5248 -14.0000000000
5252 -13.0000000000
5350 -12.0000000000
5414 -11.0000000000
5619 -10.0000000000
5698 -9.0000000000
5747 -8.0000000000
5797 -7.0000000000
5847 -6.0000000000
5903 -5.0000000000
6013 -4.0000000000
6137 -3.0000000000
6159 -2.0000000000
6198 -1.0000000000
6243 620.0000000000
6245 628.0000000000
6331 631.0000000000
6359 632.0000000000
6408 633.0000000000
6426 636.0000000000
6479 637.0000000000
6525 641.0000000000
6671 645.0000000000
7024 646.0000000000
7154 648.0000000000
7184 652.0000000000
8271 654.0000000000
8305 658.0000000000
8458 659.0000000000
8749 667.0000000000
9106 668.0000000000
10065 670.0000000000
10507 671.0000000000
10619 674.0000000000
10620 676.0000000000
10819 677.0000000000
10883 678.0000000000
11138 682.0000000000
12124 684.0000000000
12133 686.0000000000
12251 687.0000000000
100000 -1.0000000000
evaluations raw_y
1 -377.0000000000
2 -348.0000000000
47 -346.0000000000
52 -344.0000000000
54 -328.0000000000
76 -323.0000000000
85 -322.0000000000
89 -316.0000000000
97 -309.0000000000
109 -308.0000000000
112 -302.0000000000
134 -298.0000000000
154 -292.0000000000
170 -290.0000000000
182 -286.0000000000
192 -283.0000000000
210 -281.0000000000
218 -280.0000000000
243 -279.0000000000
246 -278.0000000000
262 -277.0000000000
283 -276.0000000000
295 -273.0000000000
304 -270.0000000000
326 -269.0000000000
330 -264.0000000000
342 -262.0000000000
353 -261.0000000000
372 -260.0000000000
404 -259.0000000000
418 -256.0000000000
433 -254.0000000000
435 -252.0000000000
462 -251.0000000000
501 -250.0000000000
525 -249.0000000000
535 -247.0000000000
561 -246.0000000000
571 -245.0000000000
581 -244.0000000000
596 -241.0000000000
602 -238.0000000000
636 -237.0000000000
657 -236.0000000000
674 -234.0000000000
675 -233.0000000000
681 -232.0000000000
694 -231.0000000000
703 -228.0000000000
740 -226.0000000000
764 -225.0000000000
772 -223.0000000000
814 -222.0000000000
821 -221.0000000000
830 -218.0000000000
875 -216.0000000000
882 -214.0000000000
927 -211.0000000000
942 -210.0000000000
956 -209.0000000000
989 -208.0000000000
991 -207.0000000000
1007 -206.0000000000
1034 -204.0000000000
1057 -202.0000000000
1079 -200.0000000000
1112 -198.0000000000
1136 -195.0000000000
1152 -194.0000000000
1170 -193.0000000000
1178 -191.0000000000
1201 -189.0000000000
1215 -187.0000000000
1243 -185.0000000000
1255 -183.0000000000
1306 -182.0000000000
1326 -179.0000000000
1362 -176.0000000000
1416 -174.0000000000
1424 -173.0000000000
1469 -171.0000000000
1506 -170.0000000000
1528 -169.0000000000
1538 -167.0000000000
1560 -165.0000000000
1573 -163.0000000000
1620 -162.0000000000
1627 -161.0000000000
1636 -160.0000000000
1662 -159.0000000000
1663 -158.0000000000
1697 -157.0000000000
1721 -155.0000000000
1763 -154.0000000000
1781 -153.0000000000
1791 -152.0000000000
1814 -151.0000000000
1831 -149.0000000000
1834 -148.0000000000
1852 -147.0000000000
1866 -146.0000000000
1876 -145.0000000000
1888 -144.0000000000
1929 -143.0000000000
1933 -142.0000000000
1951 -141.0000000000
1994 -140.0000000000
2015 -139.0000000000
2061 -138.0000000000
2073 -137.0000000000
2104 -136.0000000000
2108 -135.0000000000
2120 -134.0000000000
2143 -133.0000000000
2159 -132.0000000000
2211 -129.0000000000
2232 -128.0000000000
2251 -127.0000000000
2253 -124.0000000000
2275 -123.0000000000
2293 -121.0000000000
2329 -120.0000000000
2365 -119.0000000000
2375 -118.0000000000
2421 -117.0000000000
2441 -116.0000000000
14937 690.0000000000
2475 -115.0000000000
2495 -112.0000000000
2521 -111.0000000000
2539 -110.0000000000
2541 -109.0000000000
2551 -108.0000000000
15004 691.0000000000
2604 -107.0000000000
2631 -105.0000000000
15093 692.0000000000
15112 695.0000000000
2671 -104.0000000000
2694 -103.0000000000
2727 -102.0000000000
2739 -101.0000000000
2777 -100.0000000000
2781 -99.0000000000
2807 -98.0000000000
2853 -97.0000000000
2861 -96.0000000000
2881 -95.0000000000
2901 -94.0000000000
2926 -93.0000000000
2946 -92.0000000000
2972 -89.0000000000
15804 696.0000000000
3046 -88.0000000000
3067 -87.0000000000
3085 -86.0000000000
3102 -85.0000000000
3125 -84.0000000000
3165 -83.0000000000
3174 -82.0000000000
3203 -81.0000000000
3223 -80.0000000000
3264 -78.0000000000
3284 -77.0000000000
3304 -76.0000000000
3352 -75.0000000000
3374 -73.0000000000
3396 -72.0000000000
3433 -71.0000000000
3462 -70.0000000000
3495 -69.0000000000
3532 -68.0000000000
3541 -67.0000000000
3582 -66.0000000000
3598 -65.0000000000
3608 -64.0000000000
3646 -62.0000000000
3682 -61.0000000000
3694 -60.0000000000
3723 -59.0000000000
3754 -57.0000000000
3805 -56.0000000000
3811 -54.0000000000
3895 -52.0000000000
3937 -51.0000000000
3940 -50.0000000000
3972 -49.0000000000
3993 -48.0000000000
4012 -47.0000000000
4020 -46.0000000000
4063 -45.0000000000
4068 -44.0000000000
16725 698.0000000000
4113 -43.0000000000
4155 -42.0000000000
4218 -41.0000000000
4258 -40.0000000000
4341 -39.0000000000
4383 -38.0000000000
4430 -37.0000000000
4455 -35.0000000000
4527 -34.0000000000
4529 -33.0000000000
4575 -32.0000000000
4598 -31.0000000000
4607 -30.0000000000
4635 -29.0000000000
4675 -28.0000000000
4711 -27.0000000000
4724 -26.0000000000
4754 -24.0000000000
4847 -23.0000000000
4875 -22.0000000000
17274 699.0000000000
4961 -21.0000000000
5000 -20.0000000000
5034 -19.0000000000
5071 -18.0000000000
5113 -16.0000000000
5177 -15.0000000000
5248 -14.0000000000
5252 -13.0000000000
5350 -12.0000000000
5414 -11.0000000000
5619 -10.0000000000
5698 -9.0000000000
5747 -8.0000000000
5797 -7.0000000000
5847 -6.0000000000
5903 -5.0000000000
6013 -4.0000000000
6137 -3.0000000000
6159 -2.0000000000
6198 -1.0000000000
6243 620.0000000000
6245 628.0000000000
6331 631.0000000000
6359 632.0000000000
6408 633.0000000000
6426 636.0000000000
6479 637.0000000000
6525 641.0000000000
6671 645.0000000000
7024 646.0000000000
7154 648.0000000000
7184 652.0000000000
8271 654.0000000000
8305 658.0000000000
8458 659.0000000000
8749 667.0000000000
9106 668.0000000000
10065 670.0000000000
10507 671.0000000000
10619 674.0000000000
10620 676.0000000000
10819 677.0000000000
10883 678.0000000000
11138 682.0000000000
12124 684.0000000000
12133 686.0000000000
12251 687.0000000000
28325 701.0000000000
14937 690.0000000000
15004 691.0000000000
15093 692.0000000000
15112 695.0000000000
15804 696.0000000000
16725 698.0000000000
17274 699.0000000000
28325 701.0000000000
50444 702.0000000000
50538 705.0000000000
50444 702.0000000000
50538 705.0000000000
94934 707.0000000000
100000 -2.0000000000
evaluations raw_y
1 -381.0000000000
2 -372.0000000000
3 -364.0000000000
4 -359.0000000000
10 -357.0000000000
14 -330.0000000000
47 -324.0000000000
64 -308.0000000000
99 -307.0000000000
104 -306.0000000000
109 -305.0000000000
121 -297.0000000000
140 -294.0000000000
162 -292.0000000000
174 -290.0000000000
183 -288.0000000000
204 -283.0000000000
227 -281.0000000000
234 -280.0000000000
247 -278.0000000000
258 -275.0000000000
273 -270.0000000000
302 -268.0000000000
345 -263.0000000000
372 -262.0000000000
373 -261.0000000000
391 -260.0000000000
398 -259.0000000000
415 -254.0000000000
424 -253.0000000000
444 -252.0000000000
457 -251.0000000000
467 -248.0000000000
495 -247.0000000000
511 -245.0000000000
518 -244.0000000000
526 -243.0000000000
541 -241.0000000000
554 -240.0000000000
558 -239.0000000000
567 -237.0000000000
604 -236.0000000000
609 -233.0000000000
643 -232.0000000000
655 -231.0000000000
667 -230.0000000000
682 -225.0000000000
692 -224.0000000000
709 -221.0000000000
748 -220.0000000000
751 -217.0000000000
761 -214.0000000000
816 -213.0000000000
818 -211.0000000000
842 -210.0000000000
846 -209.0000000000
854 -208.0000000000
884 -205.0000000000
928 -203.0000000000
941 -202.0000000000
943 -200.0000000000
962 -199.0000000000
991 -198.0000000000
1002 -194.0000000000
1023 -192.0000000000
1068 -189.0000000000
1087 -188.0000000000
1109 -187.0000000000
1111 -186.0000000000
1135 -185.0000000000
1175 -184.0000000000
1188 -182.0000000000
1211 -179.0000000000
1226 -176.0000000000
1266 -175.0000000000
1296 -174.0000000000
1305 -173.0000000000
1321 -172.0000000000
1325 -170.0000000000
1361 -169.0000000000
1368 -168.0000000000
1376 -167.0000000000
1398 -166.0000000000
1405 -165.0000000000
1425 -164.0000000000
1433 -163.0000000000
1436 -160.0000000000
1442 -159.0000000000
1486 -158.0000000000
1509 -157.0000000000
1526 -156.0000000000
1542 -154.0000000000
1551 -153.0000000000
1592 -152.0000000000
1611 -151.0000000000
1635 -149.0000000000
1642 -148.0000000000
1655 -147.0000000000
1671 -146.0000000000
1691 -145.0000000000
1712 -144.0000000000
1757 -142.0000000000
1783 -140.0000000000
1802 -139.0000000000
1822 -138.0000000000
1826 -137.0000000000
1859 -136.0000000000
1864 -135.0000000000
1882 -134.0000000000
1926 -133.0000000000
1946 -132.0000000000
1959 -131.0000000000
1965 -130.0000000000
1979 -129.0000000000
2026 -128.0000000000
2030 -127.0000000000
2035 -126.0000000000
2074 -124.0000000000
2076 -123.0000000000
2099 -121.0000000000
2142 -119.0000000000
2155 -118.0000000000
2173 -117.0000000000
2212 -116.0000000000
2222 -115.0000000000
2236 -114.0000000000
2246 -113.0000000000
2260 -112.0000000000
2266 -111.0000000000
2278 -110.0000000000
2314 -107.0000000000
2341 -106.0000000000
2368 -105.0000000000
2404 -104.0000000000
2456 -102.0000000000
2468 -101.0000000000
2493 -100.0000000000
2504 -99.0000000000
2551 -98.0000000000
2554 -97.0000000000
2594 -96.0000000000
2596 -94.0000000000
2621 -92.0000000000
2630 -91.0000000000
2642 -88.0000000000
2705 -87.0000000000
2725 -86.0000000000
2747 -85.0000000000
2758 -84.0000000000
2791 -82.0000000000
2823 -81.0000000000
2848 -80.0000000000
2863 -79.0000000000
2899 -78.0000000000
2913 -77.0000000000
2941 -75.0000000000
2963 -73.0000000000
2991 -72.0000000000
3005 -70.0000000000
3108 -69.0000000000
3118 -68.0000000000
3164 -67.0000000000
3204 -66.0000000000
3241 -64.0000000000
3257 -63.0000000000
3285 -62.0000000000
3310 -61.0000000000
3324 -60.0000000000
3361 -59.0000000000
3430 -58.0000000000
3460 -57.0000000000
3513 -56.0000000000
3545 -55.0000000000
3564 -54.0000000000
3570 -53.0000000000
3609 -52.0000000000
3630 -49.0000000000
3707 -48.0000000000
3713 -47.0000000000
3741 -46.0000000000
3756 -45.0000000000
3782 -44.0000000000
3814 -42.0000000000
3863 -40.0000000000
3911 -39.0000000000
3969 -38.0000000000
3980 -37.0000000000
4022 -36.0000000000
4041 -35.0000000000
4084 -33.0000000000
4105 -32.0000000000
4163 -30.0000000000
4228 -28.0000000000
4260 -27.0000000000
4281 -26.0000000000
4326 -25.0000000000
4340 -24.0000000000
4391 -23.0000000000
4490 -22.0000000000
4535 -21.0000000000
4558 -20.0000000000
4570 -18.0000000000
4610 -17.0000000000
4670 -16.0000000000
4753 -15.0000000000
4781 -14.0000000000
4954 -13.0000000000
5016 -12.0000000000
5056 -11.0000000000
5165 -10.0000000000
5207 -9.0000000000
5243 -8.0000000000
5332 -7.0000000000
5365 -6.0000000000
5400 -5.0000000000
5447 -4.0000000000
5504 -3.0000000000
5579 -2.0000000000
5597 -1.0000000000
5644 581.0000000000
5653 586.0000000000
5679 593.0000000000
5702 596.0000000000
5713 598.0000000000
5742 602.0000000000
5791 606.0000000000
5800 609.0000000000
5833 610.0000000000
5885 612.0000000000
5945 621.0000000000
5968 624.0000000000
5994 626.0000000000
6051 641.0000000000
6273 643.0000000000
6293 653.0000000000
6431 661.0000000000
6544 663.0000000000
6555 667.0000000000
7298 669.0000000000
7334 670.0000000000
7461 672.0000000000
7483 674.0000000000
7617 676.0000000000
7779 677.0000000000
7955 681.0000000000
8055 683.0000000000
8182 684.0000000000
9374 686.0000000000
9410 688.0000000000
9453 690.0000000000
10147 692.0000000000
10198 694.0000000000
10354 699.0000000000
12234 702.0000000000
94934 707.0000000000
13571 703.0000000000
15329 705.0000000000
15362 706.0000000000
100000 -2.0000000000
evaluations raw_y
1 -381.0000000000
2 -372.0000000000
3 -364.0000000000
4 -359.0000000000
10 -357.0000000000
14 -330.0000000000
47 -324.0000000000
64 -308.0000000000
99 -307.0000000000
104 -306.0000000000
109 -305.0000000000
121 -297.0000000000
140 -294.0000000000
162 -292.0000000000
174 -290.0000000000
183 -288.0000000000
204 -283.0000000000
227 -281.0000000000
234 -280.0000000000
247 -278.0000000000
258 -275.0000000000
273 -270.0000000000
302 -268.0000000000
345 -263.0000000000
372 -262.0000000000
373 -261.0000000000
391 -260.0000000000
398 -259.0000000000
415 -254.0000000000
424 -253.0000000000
444 -252.0000000000
457 -251.0000000000
467 -248.0000000000
495 -247.0000000000
511 -245.0000000000
518 -244.0000000000
526 -243.0000000000
541 -241.0000000000
554 -240.0000000000
558 -239.0000000000
567 -237.0000000000
604 -236.0000000000
609 -233.0000000000
643 -232.0000000000
655 -231.0000000000
667 -230.0000000000
682 -225.0000000000
692 -224.0000000000
709 -221.0000000000
748 -220.0000000000
751 -217.0000000000
761 -214.0000000000
816 -213.0000000000
818 -211.0000000000
842 -210.0000000000
846 -209.0000000000
854 -208.0000000000
884 -205.0000000000
928 -203.0000000000
941 -202.0000000000
943 -200.0000000000
962 -199.0000000000
991 -198.0000000000
1002 -194.0000000000
1023 -192.0000000000
1068 -189.0000000000
1087 -188.0000000000
1109 -187.0000000000
1111 -186.0000000000
1135 -185.0000000000
1175 -184.0000000000
1188 -182.0000000000
1211 -179.0000000000
1226 -176.0000000000
1266 -175.0000000000
1296 -174.0000000000
1305 -173.0000000000
1321 -172.0000000000
1325 -170.0000000000
1361 -169.0000000000
1368 -168.0000000000
1376 -167.0000000000
1398 -166.0000000000
1405 -165.0000000000
1425 -164.0000000000
1433 -163.0000000000
1436 -160.0000000000
1442 -159.0000000000
1486 -158.0000000000
1509 -157.0000000000
1526 -156.0000000000
1542 -154.0000000000
1551 -153.0000000000
1592 -152.0000000000
1611 -151.0000000000
1635 -149.0000000000
1642 -148.0000000000
1655 -147.0000000000
1671 -146.0000000000
1691 -145.0000000000
1712 -144.0000000000
1757 -142.0000000000
1783 -140.0000000000
1802 -139.0000000000
1822 -138.0000000000
1826 -137.0000000000
1859 -136.0000000000
1864 -135.0000000000
1882 -134.0000000000
1926 -133.0000000000
1946 -132.0000000000
1959 -131.0000000000
1965 -130.0000000000
1979 -129.0000000000
2026 -128.0000000000
2030 -127.0000000000
2035 -126.0000000000
2074 -124.0000000000
2076 -123.0000000000
2099 -121.0000000000
2142 -119.0000000000
2155 -118.0000000000
2173 -117.0000000000
2212 -116.0000000000
2222 -115.0000000000
2236 -114.0000000000
2246 -113.0000000000
2260 -112.0000000000
2266 -111.0000000000
2278 -110.0000000000
2314 -107.0000000000
2341 -106.0000000000
2368 -105.0000000000
2404 -104.0000000000
2456 -102.0000000000
2468 -101.0000000000
2493 -100.0000000000
2504 -99.0000000000
2551 -98.0000000000
2554 -97.0000000000
2594 -96.0000000000
2596 -94.0000000000
2621 -92.0000000000
2630 -91.0000000000
2642 -88.0000000000
2705 -87.0000000000
2725 -86.0000000000
2747 -85.0000000000
2758 -84.0000000000
2791 -82.0000000000
2823 -81.0000000000
2848 -80.0000000000
2863 -79.0000000000
21074 707.0000000000
2899 -78.0000000000
2913 -77.0000000000
2941 -75.0000000000
2963 -73.0000000000
21148 708.0000000000
2991 -72.0000000000
3005 -70.0000000000
3108 -69.0000000000
3118 -68.0000000000
3164 -67.0000000000
3204 -66.0000000000
3241 -64.0000000000
3257 -63.0000000000
3285 -62.0000000000
3310 -61.0000000000
3324 -60.0000000000
3361 -59.0000000000
3430 -58.0000000000
3460 -57.0000000000
3513 -56.0000000000
3545 -55.0000000000
3564 -54.0000000000
3570 -53.0000000000
3609 -52.0000000000
3630 -49.0000000000
3707 -48.0000000000
3713 -47.0000000000
3741 -46.0000000000
3756 -45.0000000000
3782 -44.0000000000
3814 -42.0000000000
3863 -40.0000000000
3911 -39.0000000000
3969 -38.0000000000
3980 -37.0000000000
4022 -36.0000000000
4041 -35.0000000000
4084 -33.0000000000
4105 -32.0000000000
4163 -30.0000000000
4228 -28.0000000000
4260 -27.0000000000
4281 -26.0000000000
4326 -25.0000000000
4340 -24.0000000000
4391 -23.0000000000
4490 -22.0000000000
4535 -21.0000000000
4558 -20.0000000000
4570 -18.0000000000
4610 -17.0000000000
4670 -16.0000000000
4753 -15.0000000000
4781 -14.0000000000
4954 -13.0000000000
5016 -12.0000000000
5056 -11.0000000000
5165 -10.0000000000
5207 -9.0000000000
5243 -8.0000000000
5332 -7.0000000000
5365 -6.0000000000
5400 -5.0000000000
5447 -4.0000000000
5504 -3.0000000000
5579 -2.0000000000
5597 -1.0000000000
5644 581.0000000000
5653 586.0000000000
5679 593.0000000000
5702 596.0000000000
5713 598.0000000000
5742 602.0000000000
5791 606.0000000000
5800 609.0000000000
5833 610.0000000000
5885 612.0000000000
5945 621.0000000000
5968 624.0000000000
5994 626.0000000000
6051 641.0000000000
6273 643.0000000000
6293 653.0000000000
6431 661.0000000000
6544 663.0000000000
6555 667.0000000000
7298 669.0000000000
7334 670.0000000000
7461 672.0000000000
7483 674.0000000000
7617 676.0000000000
7779 677.0000000000
7955 681.0000000000
8055 683.0000000000
8182 684.0000000000
9374 686.0000000000
9410 688.0000000000
9453 690.0000000000
10147 692.0000000000
10198 694.0000000000
10354 699.0000000000
12234 702.0000000000
13571 703.0000000000
15329 705.0000000000
15362 706.0000000000
35075 710.0000000000
38438 711.0000000000
21074 707.0000000000
21148 708.0000000000
45109 715.0000000000
35075 710.0000000000
38438 711.0000000000
45109 715.0000000000
81284 716.0000000000
100000 683.0000000000
evaluations raw_y
1 -382.0000000000
2 -380.0000000000
3 -356.0000000000
8 -349.0000000000
9 -336.0000000000
46 -335.0000000000
49 -325.0000000000
57 -320.0000000000
64 -318.0000000000
71 -297.0000000000
114 -293.0000000000
127 -289.0000000000
153 -287.0000000000
178 -285.0000000000
181 -283.0000000000
190 -281.0000000000
211 -278.0000000000
220 -276.0000000000
226 -275.0000000000
249 -274.0000000000
259 -269.0000000000
266 -265.0000000000
295 -264.0000000000
310 -262.0000000000
326 -255.0000000000
353 -250.0000000000
376 -249.0000000000
395 -246.0000000000
412 -245.0000000000
423 -243.0000000000
444 -240.0000000000
448 -238.0000000000
466 -234.0000000000
499 -233.0000000000
516 -232.0000000000
535 -231.0000000000
546 -230.0000000000
555 -229.0000000000
561 -227.0000000000
568 -225.0000000000
623 -224.0000000000
625 -223.0000000000
642 -220.0000000000
675 -219.0000000000
676 -217.0000000000
727 -215.0000000000
745 -214.0000000000
760 -213.0000000000
767 -212.0000000000
768 -207.0000000000
777 -206.0000000000
828 -204.0000000000
844 -203.0000000000
861 -202.0000000000
864 -201.0000000000
872 -198.0000000000
895 -197.0000000000
913 -196.0000000000
937 -195.0000000000
945 -194.0000000000
964 -192.0000000000
983 -191.0000000000
1004 -190.0000000000
1010 -189.0000000000
1021 -188.0000000000
1054 -187.0000000000
1062 -185.0000000000
1100 -184.0000000000
1107 -182.0000000000
81284 716.0000000000
1126 -181.0000000000
1156 -180.0000000000
1161 -178.0000000000
1178 -175.0000000000
1221 -173.0000000000
1243 -172.0000000000
1254 -171.0000000000
1261 -170.0000000000
1274 -169.0000000000
1290 -168.0000000000
1295 -167.0000000000
1302 -166.0000000000
1331 -165.0000000000
1344 -163.0000000000
1362 -161.0000000000
1396 -160.0000000000
1410 -159.0000000000
1419 -157.0000000000
1426 -156.0000000000
1463 -154.0000000000
1502 -152.0000000000
1533 -151.0000000000
1541 -147.0000000000
1625 -144.0000000000
1644 -142.0000000000
1663 -139.0000000000
1689 -137.0000000000
1701 -136.0000000000
1732 -133.0000000000
1786 -131.0000000000
1794 -130.0000000000
1802 -129.0000000000
1879 -127.0000000000
1905 -126.0000000000
1916 -123.0000000000
1976 -122.0000000000
1991 -121.0000000000
2031 -120.0000000000
2043 -119.0000000000
2054 -118.0000000000
2071 -117.0000000000
2095 -115.0000000000
2138 -114.0000000000
2153 -113.0000000000
2200 -112.0000000000
2204 -111.0000000000
2217 -109.0000000000
2252 -108.0000000000
2271 -107.0000000000
2296 -106.0000000000
2303 -103.0000000000
2372 -102.0000000000
2416 -101.0000000000
2429 -100.0000000000
2433 -99.0000000000
2463 -97.0000000000
2495 -96.0000000000
2541 -95.0000000000
2559 -93.0000000000
2583 -92.0000000000
2635 -91.0000000000
2657 -90.0000000000
2673 -89.0000000000
2682 -87.0000000000
2710 -86.0000000000
2744 -85.0000000000
2752 -84.0000000000
2774 -83.0000000000
2781 -82.0000000000
2815 -80.0000000000
2856 -79.0000000000
2886 -77.0000000000
2914 -75.0000000000
2977 -74.0000000000
2986 -73.0000000000
3021 -72.0000000000
3044 -71.0000000000
3077 -65.0000000000
3127 -64.0000000000
3145 -63.0000000000
3182 -62.0000000000
3228 -61.0000000000
3239 -60.0000000000
3249 -59.0000000000
3273 -58.0000000000
3290 -57.0000000000
3298 -56.0000000000
3316 -55.0000000000
3351 -54.0000000000
3357 -53.0000000000
3407 -52.0000000000
3461 -50.0000000000
3508 -49.0000000000
3529 -48.0000000000
3581 -47.0000000000
3605 -44.0000000000
3679 -43.0000000000
3718 -42.0000000000
3737 -41.0000000000
3777 -40.0000000000
3783 -39.0000000000
3818 -38.0000000000
3890 -37.0000000000
3933 -36.0000000000
3989 -35.0000000000
4040 -34.0000000000
4041 -32.0000000000
4105 -31.0000000000
4111 -30.0000000000
4157 -29.0000000000
4225 -28.0000000000
4249 -26.0000000000
4306 -25.0000000000
4328 -23.0000000000
4455 -22.0000000000
4456 -21.0000000000
4523 -20.0000000000
4578 -19.0000000000
4664 -18.0000000000
4668 -17.0000000000
4731 -16.0000000000
4809 -15.0000000000
4847 -14.0000000000
4928 -13.0000000000
4980 -12.0000000000
5010 -10.0000000000
5034 -9.0000000000
5077 -8.0000000000
5125 -7.0000000000
5211 -6.0000000000
5267 -5.0000000000
5275 -4.0000000000
5567 -3.0000000000
5933 -2.0000000000
5956 -1.0000000000
6095 501.0000000000
6164 517.0000000000
6173 533.0000000000
6270 575.0000000000
6299 586.0000000000
6378 591.0000000000
6440 596.0000000000
6480 602.0000000000
6497 618.0000000000
6616 621.0000000000
6836 626.0000000000
6919 628.0000000000
7119 638.0000000000
7246 639.0000000000
7247 644.0000000000
7396 649.0000000000
7604 651.0000000000
7841 654.0000000000
8232 656.0000000000
8264 658.0000000000
8362 659.0000000000
8391 660.0000000000
8468 663.0000000000
8576 667.0000000000
8593 673.0000000000
9099 674.0000000000
9153 675.0000000000
9558 676.0000000000
9715 677.0000000000
9788 682.0000000000
13088 683.0000000000
14422 697.0000000000
17623 698.0000000000
100000 683.0000000000
evaluations raw_y
1 -382.0000000000
2 -380.0000000000
3 -356.0000000000
8 -349.0000000000
9 -336.0000000000
46 -335.0000000000
49 -325.0000000000
57 -320.0000000000
64 -318.0000000000
71 -297.0000000000
114 -293.0000000000
127 -289.0000000000
153 -287.0000000000
178 -285.0000000000
181 -283.0000000000
190 -281.0000000000
211 -278.0000000000
220 -276.0000000000
226 -275.0000000000
249 -274.0000000000
259 -269.0000000000
266 -265.0000000000
295 -264.0000000000
310 -262.0000000000
326 -255.0000000000
353 -250.0000000000
376 -249.0000000000
395 -246.0000000000
412 -245.0000000000
423 -243.0000000000
444 -240.0000000000
448 -238.0000000000
466 -234.0000000000
499 -233.0000000000
516 -232.0000000000
535 -231.0000000000
546 -230.0000000000
555 -229.0000000000
561 -227.0000000000
568 -225.0000000000
623 -224.0000000000
625 -223.0000000000
642 -220.0000000000
675 -219.0000000000
676 -217.0000000000
727 -215.0000000000
745 -214.0000000000
760 -213.0000000000
767 -212.0000000000
768 -207.0000000000
777 -206.0000000000
828 -204.0000000000
844 -203.0000000000
861 -202.0000000000
864 -201.0000000000
872 -198.0000000000
895 -197.0000000000
913 -196.0000000000
937 -195.0000000000
945 -194.0000000000
964 -192.0000000000
983 -191.0000000000
1004 -190.0000000000
1010 -189.0000000000
1021 -188.0000000000
1054 -187.0000000000
1062 -185.0000000000
1100 -184.0000000000
1107 -182.0000000000
1126 -181.0000000000
1156 -180.0000000000
1161 -178.0000000000
1178 -175.0000000000
1221 -173.0000000000
1243 -172.0000000000
1254 -171.0000000000
1261 -170.0000000000
1274 -169.0000000000
1290 -168.0000000000
1295 -167.0000000000
1302 -166.0000000000
1331 -165.0000000000
1344 -163.0000000000
1362 -161.0000000000
1396 -160.0000000000
1410 -159.0000000000
1419 -157.0000000000
1426 -156.0000000000
1463 -154.0000000000
1502 -152.0000000000
1533 -151.0000000000
1541 -147.0000000000
1625 -144.0000000000
1644 -142.0000000000
1663 -139.0000000000
1689 -137.0000000000
1701 -136.0000000000
1732 -133.0000000000
1786 -131.0000000000
1794 -130.0000000000
1802 -129.0000000000
1879 -127.0000000000
1905 -126.0000000000
1916 -123.0000000000
1976 -122.0000000000
1991 -121.0000000000
2031 -120.0000000000
2043 -119.0000000000
2054 -118.0000000000
2071 -117.0000000000
2095 -115.0000000000
2138 -114.0000000000
2153 -113.0000000000
2200 -112.0000000000
2204 -111.0000000000
2217 -109.0000000000
2252 -108.0000000000
2271 -107.0000000000
2296 -106.0000000000
2303 -103.0000000000
2372 -102.0000000000
2416 -101.0000000000
2429 -100.0000000000
2433 -99.0000000000
2463 -97.0000000000
2495 -96.0000000000
2541 -95.0000000000
2559 -93.0000000000
2583 -92.0000000000
2635 -91.0000000000
2657 -90.0000000000
2673 -89.0000000000
2682 -87.0000000000
2710 -86.0000000000
2744 -85.0000000000
2752 -84.0000000000
2774 -83.0000000000
2781 -82.0000000000
2815 -80.0000000000
2856 -79.0000000000
2886 -77.0000000000
2914 -75.0000000000
2977 -74.0000000000
2986 -73.0000000000
3021 -72.0000000000
3044 -71.0000000000
3077 -65.0000000000
3127 -64.0000000000
3145 -63.0000000000
3182 -62.0000000000
3228 -61.0000000000
3239 -60.0000000000
3249 -59.0000000000
3273 -58.0000000000
3290 -57.0000000000
3298 -56.0000000000
3316 -55.0000000000
3351 -54.0000000000
3357 -53.0000000000
3407 -52.0000000000
3461 -50.0000000000
3508 -49.0000000000
3529 -48.0000000000
3581 -47.0000000000
3605 -44.0000000000
3679 -43.0000000000
3718 -42.0000000000
3737 -41.0000000000
3777 -40.0000000000
3783 -39.0000000000
3818 -38.0000000000
3890 -37.0000000000
3933 -36.0000000000
3989 -35.0000000000
4040 -34.0000000000
4041 -32.0000000000
4105 -31.0000000000
4111 -30.0000000000
4157 -29.0000000000
4225 -28.0000000000
4249 -26.0000000000
4306 -25.0000000000
4328 -23.0000000000
4455 -22.0000000000
4456 -21.0000000000
4523 -20.0000000000
4578 -19.0000000000
4664 -18.0000000000
4668 -17.0000000000
4731 -16.0000000000
4809 -15.0000000000
4847 -14.0000000000
4928 -13.0000000000
4980 -12.0000000000
5010 -10.0000000000
5034 -9.0000000000
5077 -8.0000000000
5125 -7.0000000000
5211 -6.0000000000
5267 -5.0000000000
5275 -4.0000000000
5567 -3.0000000000
5933 -2.0000000000
5956 -1.0000000000
6095 501.0000000000
6164 517.0000000000
6173 533.0000000000
27042 699.0000000000
6270 575.0000000000
6299 586.0000000000
6378 591.0000000000
6440 596.0000000000
6480 602.0000000000
6497 618.0000000000
6616 621.0000000000
6836 626.0000000000
6919 628.0000000000
7119 638.0000000000
7246 639.0000000000
7247 644.0000000000
7396 649.0000000000
7604 651.0000000000
28456 701.0000000000
7841 654.0000000000
8232 656.0000000000
8264 658.0000000000
8362 659.0000000000
8391 660.0000000000
8468 663.0000000000
8576 667.0000000000
8593 673.0000000000
9099 674.0000000000
9153 675.0000000000
9558 676.0000000000
9715 677.0000000000
9788 682.0000000000
13088 683.0000000000
14422 697.0000000000
36754 703.0000000000
17623 698.0000000000
27042 699.0000000000
28456 701.0000000000
36754 703.0000000000
100000 -1.0000000000
evaluations raw_y
1 -356.0000000000
4 -349.0000000000
6 -344.0000000000
30 -342.0000000000
48 -338.0000000000
49 -336.0000000000
52 -333.0000000000
56 -332.0000000000
82 -325.0000000000
101 -319.0000000000
109 -318.0000000000
117 -315.0000000000
128 -313.0000000000
131 -312.0000000000
132 -307.0000000000
146 -298.0000000000
165 -297.0000000000
171 -295.0000000000
173 -288.0000000000
195 -283.0000000000
255 -281.0000000000
258 -279.0000000000
275 -273.0000000000
297 -267.0000000000
321 -266.0000000000
345 -265.0000000000
357 -263.0000000000
359 -262.0000000000
361 -259.0000000000
390 -258.0000000000
395 -256.0000000000
398 -255.0000000000
411 -254.0000000000
432 -253.0000000000
440 -251.0000000000
455 -250.0000000000
457 -249.0000000000
491 -247.0000000000
503 -246.0000000000
516 -243.0000000000
538 -241.0000000000
554 -240.0000000000
572 -239.0000000000
574 -238.0000000000
602 -237.0000000000
620 -235.0000000000
637 -233.0000000000
659 -232.0000000000
660 -230.0000000000
686 -229.0000000000
701 -226.0000000000
741 -225.0000000000
760 -222.0000000000
780 -221.0000000000
814 -218.0000000000
838 -217.0000000000
872 -215.0000000000
888 -211.0000000000
930 -210.0000000000
938 -209.0000000000
961 -207.0000000000
983 -206.0000000000
988 -205.0000000000
1017 -203.0000000000
1020 -202.0000000000
1034 -201.0000000000
1047 -200.0000000000
1066 -198.0000000000
1076 -197.0000000000
1104 -196.0000000000
1122 -194.0000000000
1126 -191.0000000000
1146 -190.0000000000
1161 -187.0000000000
1198 -186.0000000000
1232 -185.0000000000
1246 -184.0000000000
1256 -181.0000000000
1270 -180.0000000000
1272 -177.0000000000
1322 -176.0000000000
1332 -175.0000000000
1351 -174.0000000000
1372 -173.0000000000
1377 -172.0000000000
1391 -167.0000000000
1423 -166.0000000000
1434 -165.0000000000
1454 -163.0000000000
1471 -162.0000000000
1514 -160.0000000000
1528 -159.0000000000
1541 -155.0000000000
1604 -153.0000000000
1639 -152.0000000000
1642 -150.0000000000
1666 -148.0000000000
1692 -147.0000000000
1710 -145.0000000000
1726 -144.0000000000
1754 -142.0000000000
1770 -141.0000000000
1798 -140.0000000000
1820 -139.0000000000
1838 -138.0000000000
1851 -137.0000000000
1862 -133.0000000000
1910 -132.0000000000
1916 -131.0000000000
1950 -130.0000000000
1974 -129.0000000000
1977 -127.0000000000
2002 -125.0000000000
2022 -124.0000000000
2056 -123.0000000000
2062 -122.0000000000
2094 -121.0000000000
2102 -120.0000000000
2113 -119.0000000000
2157 -117.0000000000
2166 -116.0000000000
2201 -115.0000000000
2202 -114.0000000000
2218 -113.0000000000
2238 -112.0000000000
2245 -111.0000000000
2281 -110.0000000000
2317 -109.0000000000
2331 -108.0000000000
2358 -107.0000000000
2372 -106.0000000000
2384 -105.0000000000
2387 -104.0000000000
2404 -103.0000000000
2426 -101.0000000000
2441 -100.0000000000
2462 -98.0000000000
2482 -97.0000000000
2530 -96.0000000000
2541 -95.0000000000
2543 -94.0000000000
2568 -93.0000000000
2574 -91.0000000000
2602 -89.0000000000
2626 -88.0000000000
2668 -87.0000000000
2682 -86.0000000000
2694 -85.0000000000
2715 -84.0000000000
2731 -83.0000000000
2752 -82.0000000000
2793 -81.0000000000
2807 -80.0000000000
2821 -78.0000000000
2840 -77.0000000000
2881 -76.0000000000
2904 -74.0000000000
2929 -73.0000000000
2962 -72.0000000000
2976 -71.0000000000
2983 -70.0000000000
3001 -69.0000000000
3025 -68.0000000000
3042 -67.0000000000
3087 -66.0000000000
3122 -65.0000000000
3124 -64.0000000000
3182 -63.0000000000
3216 -62.0000000000
3225 -61.0000000000
3244 -60.0000000000
3273 -59.0000000000
3316 -58.0000000000
3354 -57.0000000000
3398 -56.0000000000
3421 -55.0000000000
3435 -54.0000000000
3460 -53.0000000000
3487 -51.0000000000
3502 -50.0000000000
3547 -48.0000000000
3582 -47.0000000000
3610 -46.0000000000
3630 -45.0000000000
3661 -44.0000000000
3694 -43.0000000000
3721 -42.0000000000
3731 -41.0000000000
3790 -40.0000000000
3816 -39.0000000000
3834 -38.0000000000
3878 -37.0000000000
3889 -35.0000000000
3951 -34.0000000000
3978 -33.0000000000
4040 -32.0000000000
4090 -31.0000000000
4114 -30.0000000000
4124 -29.0000000000
4178 -27.0000000000
4230 -26.0000000000
4246 -25.0000000000
4278 -23.0000000000
4294 -21.0000000000
4316 -20.0000000000
4395 -19.0000000000
4421 -18.0000000000
4462 -17.0000000000
4515 -15.0000000000
4539 -14.0000000000
4602 -13.0000000000
4677 -12.0000000000
4732 -11.0000000000
4789 -10.0000000000
4806 -9.0000000000
4873 -8.0000000000
4945 -7.0000000000
5031 -6.0000000000
5118 -5.0000000000
5151 -4.0000000000
5471 -3.0000000000
5535 -2.0000000000
5555 -1.0000000000
5580 617.0000000000
5660 618.0000000000
5679 628.0000000000
5690 641.0000000000
5726 646.0000000000
5943 647.0000000000
6052 656.0000000000
6096 657.0000000000
6457 659.0000000000
6486 663.0000000000
7333 665.0000000000
7807 671.0000000000
8128 675.0000000000
8238 676.0000000000
8472 682.0000000000
8604 685.0000000000
9049 687.0000000000
9900 688.0000000000
11457 689.0000000000
12690 692.0000000000
15536 699.0000000000
100000 -1.0000000000
evaluations raw_y
1 -356.0000000000
4 -349.0000000000
6 -344.0000000000
30 -342.0000000000
48 -338.0000000000
49 -336.0000000000
52 -333.0000000000
56 -332.0000000000
82 -325.0000000000
101 -319.0000000000
109 -318.0000000000
117 -315.0000000000
128 -313.0000000000
131 -312.0000000000
132 -307.0000000000
146 -298.0000000000
165 -297.0000000000
171 -295.0000000000
173 -288.0000000000
195 -283.0000000000
255 -281.0000000000
258 -279.0000000000
275 -273.0000000000
297 -267.0000000000
321 -266.0000000000
345 -265.0000000000
357 -263.0000000000
359 -262.0000000000
361 -259.0000000000
390 -258.0000000000
395 -256.0000000000
398 -255.0000000000
411 -254.0000000000
432 -253.0000000000
440 -251.0000000000
455 -250.0000000000
457 -249.0000000000
491 -247.0000000000
503 -246.0000000000
516 -243.0000000000
538 -241.0000000000
554 -240.0000000000
572 -239.0000000000
574 -238.0000000000
602 -237.0000000000
620 -235.0000000000
637 -233.0000000000
659 -232.0000000000
660 -230.0000000000
686 -229.0000000000
701 -226.0000000000
741 -225.0000000000
760 -222.0000000000
780 -221.0000000000
814 -218.0000000000
838 -217.0000000000
872 -215.0000000000
888 -211.0000000000
930 -210.0000000000
938 -209.0000000000
961 -207.0000000000
983 -206.0000000000
988 -205.0000000000
1017 -203.0000000000
1020 -202.0000000000
1034 -201.0000000000
1047 -200.0000000000
1066 -198.0000000000
1076 -197.0000000000
1104 -196.0000000000
1122 -194.0000000000
1126 -191.0000000000
1146 -190.0000000000
1161 -187.0000000000
1198 -186.0000000000
1232 -185.0000000000
1246 -184.0000000000
1256 -181.0000000000
1270 -180.0000000000
1272 -177.0000000000
1322 -176.0000000000
1332 -175.0000000000
1351 -174.0000000000
1372 -173.0000000000
1377 -172.0000000000
1391 -167.0000000000
1423 -166.0000000000
1434 -165.0000000000
1454 -163.0000000000
1471 -162.0000000000
1514 -160.0000000000
1528 -159.0000000000
1541 -155.0000000000
1604 -153.0000000000
1639 -152.0000000000
1642 -150.0000000000
1666 -148.0000000000
1692 -147.0000000000
1710 -145.0000000000
1726 -144.0000000000
1754 -142.0000000000
1770 -141.0000000000
1798 -140.0000000000
1820 -139.0000000000
1838 -138.0000000000
1851 -137.0000000000
1862 -133.0000000000
1910 -132.0000000000
1916 -131.0000000000
1950 -130.0000000000
1974 -129.0000000000
1977 -127.0000000000
2002 -125.0000000000
2022 -124.0000000000
2056 -123.0000000000
2062 -122.0000000000
2094 -121.0000000000
2102 -120.0000000000
2113 -119.0000000000
2157 -117.0000000000
2166 -116.0000000000
2201 -115.0000000000
2202 -114.0000000000
2218 -113.0000000000
2238 -112.0000000000
2245 -111.0000000000
2281 -110.0000000000
2317 -109.0000000000
2331 -108.0000000000
2358 -107.0000000000
2372 -106.0000000000
2384 -105.0000000000
2387 -104.0000000000
2404 -103.0000000000
2426 -101.0000000000
2441 -100.0000000000
2462 -98.0000000000
2482 -97.0000000000
2530 -96.0000000000
2541 -95.0000000000
2543 -94.0000000000
2568 -93.0000000000
2574 -91.0000000000
2602 -89.0000000000
2626 -88.0000000000
2668 -87.0000000000
2682 -86.0000000000
2694 -85.0000000000
2715 -84.0000000000
2731 -83.0000000000
2752 -82.0000000000
22923 700.0000000000
2793 -81.0000000000
2807 -80.0000000000
2821 -78.0000000000
2840 -77.0000000000
2881 -76.0000000000
2904 -74.0000000000
2929 -73.0000000000
2962 -72.0000000000
2976 -71.0000000000
2983 -70.0000000000
3001 -69.0000000000
3025 -68.0000000000
3042 -67.0000000000
3087 -66.0000000000
3122 -65.0000000000
3124 -64.0000000000
3182 -63.0000000000
3216 -62.0000000000
3225 -61.0000000000
3244 -60.0000000000
3273 -59.0000000000
3316 -58.0000000000
3354 -57.0000000000
3398 -56.0000000000
3421 -55.0000000000
3435 -54.0000000000
3460 -53.0000000000
3487 -51.0000000000
3502 -50.0000000000
3547 -48.0000000000
3582 -47.0000000000
3610 -46.0000000000
3630 -45.0000000000
3661 -44.0000000000
3694 -43.0000000000
3721 -42.0000000000
3731 -41.0000000000
3790 -40.0000000000
3816 -39.0000000000
3834 -38.0000000000
3878 -37.0000000000
3889 -35.0000000000
3951 -34.0000000000
3978 -33.0000000000
4040 -32.0000000000
4090 -31.0000000000
4114 -30.0000000000
4124 -29.0000000000
24203 703.0000000000
4178 -27.0000000000
4230 -26.0000000000
4246 -25.0000000000
4278 -23.0000000000
4294 -21.0000000000
4316 -20.0000000000
4395 -19.0000000000
4421 -18.0000000000
4462 -17.0000000000
4515 -15.0000000000
4539 -14.0000000000
4602 -13.0000000000
4677 -12.0000000000
4732 -11.0000000000
4789 -10.0000000000
4806 -9.0000000000
4873 -8.0000000000
4945 -7.0000000000
5031 -6.0000000000
5118 -5.0000000000
5151 -4.0000000000
5471 -3.0000000000
5535 -2.0000000000
5555 -1.0000000000
5580 617.0000000000
5660 618.0000000000
5679 628.0000000000
5690 641.0000000000
5726 646.0000000000
5943 647.0000000000
6052 656.0000000000
6096 657.0000000000
26490 705.0000000000
6457 659.0000000000
6486 663.0000000000
7333 665.0000000000
7807 671.0000000000
8128 675.0000000000
8238 676.0000000000
8472 682.0000000000
8604 685.0000000000
9049 687.0000000000
9900 688.0000000000
11457 689.0000000000
31449 708.0000000000
12690 692.0000000000
15536 699.0000000000
22923 700.0000000000
24203 703.0000000000
26490 705.0000000000
31449 708.0000000000
69509 709.0000000000
76985 710.0000000000
88842 711.0000000000
69509 709.0000000000
76985 710.0000000000
100000 -2.0000000000
evaluations raw_y
1 -378.0000000000
2 -374.0000000000
3 -366.0000000000
10 -362.0000000000
12 -358.0000000000
13 -350.0000000000
17 -337.0000000000
23 -336.0000000000
38 -327.0000000000
59 -324.0000000000
64 -318.0000000000
86 -316.0000000000
91 -314.0000000000
98 -307.0000000000
120 -306.0000000000
122 -295.0000000000
175 -294.0000000000
181 -284.0000000000
209 -281.0000000000
228 -277.0000000000
257 -275.0000000000
275 -273.0000000000
298 -272.0000000000
301 -270.0000000000
306 -269.0000000000
314 -264.0000000000
327 -263.0000000000
342 -260.0000000000
362 -259.0000000000
385 -258.0000000000
394 -257.0000000000
414 -256.0000000000
421 -254.0000000000
452 -253.0000000000
463 -252.0000000000
496 -250.0000000000
537 -249.0000000000
541 -248.0000000000
564 -247.0000000000
567 -245.0000000000
591 -244.0000000000
603 -241.0000000000
623 -240.0000000000
642 -239.0000000000
661 -238.0000000000
664 -237.0000000000
680 -235.0000000000
695 -234.0000000000
712 -233.0000000000
733 -232.0000000000
755 -230.0000000000
760 -228.0000000000
773 -226.0000000000
780 -225.0000000000
800 -224.0000000000
801 -223.0000000000
822 -222.0000000000
834 -221.0000000000
851 -220.0000000000
862 -219.0000000000
867 -218.0000000000
879 -216.0000000000
889 -215.0000000000
899 -214.0000000000
925 -212.0000000000
964 -211.0000000000
966 -210.0000000000
996 -208.0000000000
1005 -207.0000000000
1013 -206.0000000000
1047 -204.0000000000
1072 -203.0000000000
1086 -202.0000000000
1093 -201.0000000000
1121 -199.0000000000
1148 -198.0000000000
1150 -197.0000000000
1151 -196.0000000000
1179 -195.0000000000
1223 -191.0000000000
1258 -190.0000000000
1268 -189.0000000000
1274 -188.0000000000
1281 -187.0000000000
1303 -185.0000000000
1304 -184.0000000000
1340 -183.0000000000
1341 -182.0000000000
1367 -178.0000000000
1403 -175.0000000000
1421 -173.0000000000
1441 -170.0000000000
1478 -169.0000000000
1497 -167.0000000000
1517 -166.0000000000
1544 -165.0000000000
1549 -164.0000000000
1551 -163.0000000000
1576 -160.0000000000
1602 -159.0000000000
1646 -158.0000000000
1675 -156.0000000000
1711 -152.0000000000
1760 -151.0000000000
1761 -149.0000000000
1785 -148.0000000000
1796 -145.0000000000
1837 -144.0000000000
1843 -143.0000000000
1862 -142.0000000000
1864 -139.0000000000
1912 -138.0000000000
1920 -137.0000000000
1922 -136.0000000000
1943 -135.0000000000
1964 -134.0000000000
1973 -133.0000000000
1994 -130.0000000000
2061 -129.0000000000
2074 -127.0000000000
2101 -125.0000000000
2156 -124.0000000000
2170 -123.0000000000
2173 -120.0000000000
2239 -119.0000000000
2265 -118.0000000000
2276 -117.0000000000
2307 -116.0000000000
2315 -115.0000000000
2332 -114.0000000000
2369 -113.0000000000
2373 -112.0000000000
2409 -111.0000000000
2422 -110.0000000000
2443 -108.0000000000
2475 -106.0000000000
2502 -103.0000000000
2561 -102.0000000000
2565 -101.0000000000
2572 -100.0000000000
2604 -99.0000000000
2605 -98.0000000000
2623 -97.0000000000
2668 -96.0000000000
2669 -95.0000000000
2705 -94.0000000000
2718 -93.0000000000
2783 -92.0000000000
2811 -91.0000000000
2825 -90.0000000000
2851 -89.0000000000
2870 -88.0000000000
2875 -87.0000000000
2907 -86.0000000000
2921 -85.0000000000
2929 -84.0000000000
2932 -83.0000000000
2935 -82.0000000000
2954 -81.0000000000
2982 -79.0000000000
3007 -78.0000000000
3030 -77.0000000000
3070 -76.0000000000
3071 -75.0000000000
3134 -74.0000000000
3173 -73.0000000000
3189 -72.0000000000
3206 -71.0000000000
3227 -70.0000000000
3243 -69.0000000000
3244 -67.0000000000
3281 -65.0000000000
3316 -64.0000000000
3359 -63.0000000000
3378 -62.0000000000
3390 -61.0000000000
3426 -59.0000000000
3472 -57.0000000000
3514 -56.0000000000
3521 -55.0000000000
3563 -54.0000000000
3567 -53.0000000000
3593 -52.0000000000
3616 -51.0000000000
3637 -50.0000000000
3666 -49.0000000000
3709 -48.0000000000
3727 -46.0000000000
3741 -45.0000000000
3774 -43.0000000000
3790 -40.0000000000
3882 -39.0000000000
3906 -38.0000000000
3938 -37.0000000000
4011 -36.0000000000
4050 -35.0000000000
4059 -34.0000000000
4133 -33.0000000000
4172 -32.0000000000
4185 -31.0000000000
4241 -30.0000000000
4253 -29.0000000000
4306 -28.0000000000
4331 -27.0000000000
4352 -25.0000000000
4415 -24.0000000000
4453 -23.0000000000
4461 -22.0000000000
4506 -21.0000000000
4586 -20.0000000000
4679 -19.0000000000
4702 -18.0000000000
4742 -17.0000000000
4773 -16.0000000000
4838 -15.0000000000
4848 -14.0000000000
4944 -12.0000000000
5019 -10.0000000000
5101 -9.0000000000
5139 -8.0000000000
5195 -7.0000000000
5199 -6.0000000000
5272 -5.0000000000
5336 -4.0000000000
5397 -3.0000000000
5455 -2.0000000000
5501 -1.0000000000
5641 604.0000000000
5656 606.0000000000
5680 616.0000000000
5773 620.0000000000
5803 621.0000000000
5917 633.0000000000
6281 643.0000000000
6460 644.0000000000
6533 646.0000000000
6565 651.0000000000
6576 654.0000000000
6585 667.0000000000
6937 673.0000000000
7032 679.0000000000
10361 684.0000000000
88842 711.0000000000
12412 690.0000000000
13252 694.0000000000
13461 695.0000000000
14043 699.0000000000
16474 704.0000000000
19305 707.0000000000
20263 709.0000000000
20346 712.0000000000
100000 -2.0000000000
evaluations raw_y
1 -378.0000000000
2 -374.0000000000
3 -366.0000000000
10 -362.0000000000
12 -358.0000000000
13 -350.0000000000
17 -337.0000000000
23 -336.0000000000
38 -327.0000000000
59 -324.0000000000
64 -318.0000000000
86 -316.0000000000
91 -314.0000000000
98 -307.0000000000
120 -306.0000000000
122 -295.0000000000
175 -294.0000000000
181 -284.0000000000
209 -281.0000000000
228 -277.0000000000
257 -275.0000000000
275 -273.0000000000
298 -272.0000000000
301 -270.0000000000
306 -269.0000000000
314 -264.0000000000
327 -263.0000000000
342 -260.0000000000
362 -259.0000000000
385 -258.0000000000
394 -257.0000000000
414 -256.0000000000
421 -254.0000000000
452 -253.0000000000
463 -252.0000000000
496 -250.0000000000
537 -249.0000000000
541 -248.0000000000
564 -247.0000000000
567 -245.0000000000
591 -244.0000000000
603 -241.0000000000
623 -240.0000000000
642 -239.0000000000
661 -238.0000000000
664 -237.0000000000
680 -235.0000000000
695 -234.0000000000
712 -233.0000000000
733 -232.0000000000
755 -230.0000000000
760 -228.0000000000
773 -226.0000000000
780 -225.0000000000
800 -224.0000000000
801 -223.0000000000
822 -222.0000000000
834 -221.0000000000
851 -220.0000000000
862 -219.0000000000
867 -218.0000000000
879 -216.0000000000
889 -215.0000000000
899 -214.0000000000
925 -212.0000000000
964 -211.0000000000
966 -210.0000000000
996 -208.0000000000
1005 -207.0000000000
1013 -206.0000000000
1047 -204.0000000000
1072 -203.0000000000
1086 -202.0000000000
1093 -201.0000000000
1121 -199.0000000000
1148 -198.0000000000
1150 -197.0000000000
1151 -196.0000000000
1179 -195.0000000000
1223 -191.0000000000
1258 -190.0000000000
1268 -189.0000000000
1274 -188.0000000000
1281 -187.0000000000
1303 -185.0000000000
1304 -184.0000000000
1340 -183.0000000000
1341 -182.0000000000
1367 -178.0000000000
1403 -175.0000000000
1421 -173.0000000000
1441 -170.0000000000
1478 -169.0000000000
1497 -167.0000000000
1517 -166.0000000000
1544 -165.0000000000
1549 -164.0000000000
1551 -163.0000000000
1576 -160.0000000000
1602 -159.0000000000
1646 -158.0000000000
1675 -156.0000000000
1711 -152.0000000000
1760 -151.0000000000
1761 -149.0000000000
1785 -148.0000000000
1796 -145.0000000000
1837 -144.0000000000
1843 -143.0000000000
1862 -142.0000000000
1864 -139.0000000000
1912 -138.0000000000
1920 -137.0000000000
1922 -136.0000000000
1943 -135.0000000000
1964 -134.0000000000
1973 -133.0000000000
1994 -130.0000000000
2061 -129.0000000000
2074 -127.0000000000
2101 -125.0000000000
2156 -124.0000000000
2170 -123.0000000000
2173 -120.0000000000
2239 -119.0000000000
2265 -118.0000000000
2276 -117.0000000000
2307 -116.0000000000
2315 -115.0000000000
2332 -114.0000000000
2369 -113.0000000000
2373 -112.0000000000
2409 -111.0000000000
2422 -110.0000000000
2443 -108.0000000000
2475 -106.0000000000
2502 -103.0000000000
2561 -102.0000000000
2565 -101.0000000000
2572 -100.0000000000
2604 -99.0000000000
2605 -98.0000000000
2623 -97.0000000000
2668 -96.0000000000
2669 -95.0000000000
2705 -94.0000000000
2718 -93.0000000000
2783 -92.0000000000
2811 -91.0000000000
2825 -90.0000000000
2851 -89.0000000000
2870 -88.0000000000
2875 -87.0000000000
2907 -86.0000000000
2921 -85.0000000000
2929 -84.0000000000
2932 -83.0000000000
2935 -82.0000000000
2954 -81.0000000000
2982 -79.0000000000
3007 -78.0000000000
3030 -77.0000000000
3070 -76.0000000000
3071 -75.0000000000
3134 -74.0000000000
3173 -73.0000000000
3189 -72.0000000000
3206 -71.0000000000
3227 -70.0000000000
3243 -69.0000000000
3244 -67.0000000000
3281 -65.0000000000
3316 -64.0000000000
3359 -63.0000000000
3378 -62.0000000000
3390 -61.0000000000
3426 -59.0000000000
3472 -57.0000000000
3514 -56.0000000000
3521 -55.0000000000
3563 -54.0000000000
3567 -53.0000000000
3593 -52.0000000000
3616 -51.0000000000
3637 -50.0000000000
3666 -49.0000000000
3709 -48.0000000000
3727 -46.0000000000
3741 -45.0000000000
3774 -43.0000000000
3790 -40.0000000000
3882 -39.0000000000
3906 -38.0000000000
3938 -37.0000000000
4011 -36.0000000000
4050 -35.0000000000
4059 -34.0000000000
4133 -33.0000000000
4172 -32.0000000000
4185 -31.0000000000
4241 -30.0000000000
4253 -29.0000000000
4306 -28.0000000000
4331 -27.0000000000
4352 -25.0000000000
4415 -24.0000000000
4453 -23.0000000000
4461 -22.0000000000
4506 -21.0000000000
4586 -20.0000000000
4679 -19.0000000000
4702 -18.0000000000
4742 -17.0000000000
4773 -16.0000000000
4838 -15.0000000000
4848 -14.0000000000
4944 -12.0000000000
5019 -10.0000000000
5101 -9.0000000000
5139 -8.0000000000
5195 -7.0000000000
5199 -6.0000000000
5272 -5.0000000000
5336 -4.0000000000
5397 -3.0000000000
5455 -2.0000000000
5501 -1.0000000000
5641 604.0000000000
5656 606.0000000000
5680 616.0000000000
5773 620.0000000000
5803 621.0000000000
5917 633.0000000000
6281 643.0000000000
6460 644.0000000000
6533 646.0000000000
6565 651.0000000000
6576 654.0000000000
6585 667.0000000000
6937 673.0000000000
7032 679.0000000000
10361 684.0000000000
34087 715.0000000000
12412 690.0000000000
35116 716.0000000000
13252 694.0000000000
13461 695.0000000000
14043 699.0000000000
16474 704.0000000000
19305 707.0000000000
20263 709.0000000000
20346 712.0000000000
34087 715.0000000000
35116 716.0000000000
84053 719.0000000000
93460 721.0000000000
95505 724.0000000000
96308 726.0000000000
100000 -4.0000000000
evaluations raw_y
1 -377.0000000000
3 -373.0000000000
4 -372.0000000000
7 -367.0000000000
8 -353.0000000000
11 -348.0000000000
12 -326.0000000000
67 -316.0000000000
74 -308.0000000000
86 -304.0000000000
128 -302.0000000000
136 -297.0000000000
143 -294.0000000000
155 -291.0000000000
159 -290.0000000000
168 -288.0000000000
174 -285.0000000000
194 -283.0000000000
213 -277.0000000000
246 -271.0000000000
253 -270.0000000000
274 -269.0000000000
292 -267.0000000000
324 -264.0000000000
334 -263.0000000000
346 -262.0000000000
367 -261.0000000000
384 -260.0000000000
387 -259.0000000000
403 -258.0000000000
415 -257.0000000000
447 -255.0000000000
503 -254.0000000000
508 -252.0000000000
536 -251.0000000000
548 -249.0000000000
569 -245.0000000000
600 -244.0000000000
613 -243.0000000000
640 -242.0000000000
654 -240.0000000000
673 -239.0000000000
681 -238.0000000000
694 -237.0000000000
717 -236.0000000000
718 -234.0000000000
749 -233.0000000000
777 -232.0000000000
795 -228.0000000000
849 -226.0000000000
864 -225.0000000000
887 -224.0000000000
904 -222.0000000000
951 -221.0000000000
960 -219.0000000000
993 -218.0000000000
1010 -217.0000000000
1020 -216.0000000000
1022 -214.0000000000
1062 -213.0000000000
1087 -212.0000000000
1094 -211.0000000000
1112 -210.0000000000
1124 -209.0000000000
1131 -207.0000000000
1181 -204.0000000000
1221 -203.0000000000
1222 -202.0000000000
1237 -197.0000000000
1256 -194.0000000000
1279 -193.0000000000
1323 -192.0000000000
1348 -191.0000000000
1356 -190.0000000000
1368 -189.0000000000
1376 -188.0000000000
1405 -187.0000000000
1415 -186.0000000000
1419 -185.0000000000
1432 -183.0000000000
1447 -182.0000000000
1472 -181.0000000000
1476 -180.0000000000
1482 -179.0000000000
1507 -178.0000000000
1521 -174.0000000000
1562 -172.0000000000
1583 -170.0000000000
1592 -169.0000000000
1607 -168.0000000000
1623 -167.0000000000
1649 -165.0000000000
1682 -164.0000000000
1713 -162.0000000000
1744 -159.0000000000
1752 -158.0000000000
1823 -157.0000000000
1838 -155.0000000000
1855 -154.0000000000
1872 -153.0000000000
1889 -150.0000000000
1926 -149.0000000000
1934 -146.0000000000
1955 -145.0000000000
1986 -143.0000000000
2023 -142.0000000000
2036 -141.0000000000
2048 -140.0000000000
2057 -139.0000000000
2079 -138.0000000000
2097 -137.0000000000
2120 -136.0000000000
2152 -135.0000000000
2171 -134.0000000000
2174 -133.0000000000
2216 -132.0000000000
2219 -131.0000000000
2224 -130.0000000000
2248 -129.0000000000
2289 -128.0000000000
2295 -127.0000000000
2311 -126.0000000000
2322 -125.0000000000
2332 -124.0000000000
2359 -123.0000000000
2409 -122.0000000000
2423 -120.0000000000
2433 -118.0000000000
2463 -116.0000000000
2497 -114.0000000000
2529 -113.0000000000
2544 -110.0000000000
2594 -109.0000000000
2627 -106.0000000000
2642 -105.0000000000
2655 -104.0000000000
2678 -103.0000000000
2689 -102.0000000000
2713 -101.0000000000
2717 -100.0000000000
2722 -99.0000000000
2758 -97.0000000000
2767 -96.0000000000
2772 -95.0000000000
2793 -93.0000000000
2811 -92.0000000000
2820 -91.0000000000
2826 -87.0000000000
2878 -86.0000000000
2883 -85.0000000000
2909 -83.0000000000
2931 -82.0000000000
2949 -81.0000000000
2986 -79.0000000000
3003 -78.0000000000
3047 -77.0000000000
3063 -76.0000000000
3099 -75.0000000000
3114 -74.0000000000
3134 -73.0000000000
3177 -72.0000000000
3185 -70.0000000000
3207 -69.0000000000
3274 -68.0000000000
3329 -67.0000000000
3379 -66.0000000000
3383 -65.0000000000
3392 -64.0000000000
3434 -63.0000000000
3444 -62.0000000000
3450 -61.0000000000
3466 -60.0000000000
3518 -59.0000000000
3554 -58.0000000000
3575 -57.0000000000
3595 -56.0000000000
3612 -54.0000000000
3632 -53.0000000000
3672 -52.0000000000
3697 -51.0000000000
3712 -49.0000000000
3752 -48.0000000000
3791 -47.0000000000
3808 -46.0000000000
3853 -44.0000000000
3934 -43.0000000000
3992 -41.0000000000
4054 -40.0000000000
4073 -39.0000000000
4098 -38.0000000000
4108 -37.0000000000
4146 -36.0000000000
4209 -34.0000000000
4279 -33.0000000000
4310 -32.0000000000
4403 -31.0000000000
4438 -30.0000000000
4455 -29.0000000000
4485 -28.0000000000
4495 -27.0000000000
4549 -25.0000000000
4605 -24.0000000000
4649 -23.0000000000
4654 -22.0000000000
4701 -21.0000000000
4728 -20.0000000000
4735 -19.0000000000
4814 -18.0000000000
4819 -16.0000000000
4955 -15.0000000000
4977 -14.0000000000
4995 -13.0000000000
5039 -12.0000000000
5089 -11.0000000000
5159 -10.0000000000
5206 -9.0000000000
5235 -8.0000000000
5246 -7.0000000000
5293 -6.0000000000
5380 -5.0000000000
5453 -4.0000000000
5600 -3.0000000000
5851 -2.0000000000
5992 -1.0000000000
6179 572.0000000000
6186 608.0000000000
6351 617.0000000000
6389 628.0000000000
6575 633.0000000000
6700 642.0000000000
7140 643.0000000000
7269 654.0000000000
7326 655.0000000000
7396 657.0000000000
7446 660.0000000000
7652 661.0000000000
7758 666.0000000000
7900 667.0000000000
7946 668.0000000000
8014 671.0000000000
8107 675.0000000000
8121 681.0000000000
8852 683.0000000000
9007 692.0000000000
84053 719.0000000000
11019 696.0000000000
15351 698.0000000000
15591 699.0000000000
93460 721.0000000000
95505 724.0000000000
96308 726.0000000000
23298 700.0000000000
25668 704.0000000000
100000 -4.0000000000
evaluations raw_y
1 -377.0000000000
3 -373.0000000000
4 -372.0000000000
7 -367.0000000000
8 -353.0000000000
11 -348.0000000000
12 -326.0000000000
67 -316.0000000000
74 -308.0000000000
86 -304.0000000000
128 -302.0000000000
136 -297.0000000000
143 -294.0000000000
155 -291.0000000000
159 -290.0000000000
168 -288.0000000000
174 -285.0000000000
194 -283.0000000000
213 -277.0000000000
246 -271.0000000000
253 -270.0000000000
274 -269.0000000000
292 -267.0000000000
324 -264.0000000000
334 -263.0000000000
346 -262.0000000000
367 -261.0000000000
384 -260.0000000000
387 -259.0000000000
403 -258.0000000000
415 -257.0000000000
447 -255.0000000000
503 -254.0000000000
508 -252.0000000000
536 -251.0000000000
548 -249.0000000000
569 -245.0000000000
600 -244.0000000000
613 -243.0000000000
640 -242.0000000000
654 -240.0000000000
673 -239.0000000000
681 -238.0000000000
694 -237.0000000000
717 -236.0000000000
718 -234.0000000000
749 -233.0000000000
777 -232.0000000000
795 -228.0000000000
849 -226.0000000000
864 -225.0000000000
887 -224.0000000000
904 -222.0000000000
951 -221.0000000000
960 -219.0000000000
993 -218.0000000000
1010 -217.0000000000
1020 -216.0000000000
1022 -214.0000000000
1062 -213.0000000000
1087 -212.0000000000
1094 -211.0000000000
1112 -210.0000000000
1124 -209.0000000000
1131 -207.0000000000
1181 -204.0000000000
1221 -203.0000000000
1222 -202.0000000000
1237 -197.0000000000
1256 -194.0000000000
1279 -193.0000000000
1323 -192.0000000000
1348 -191.0000000000
1356 -190.0000000000
1368 -189.0000000000
1376 -188.0000000000
1405 -187.0000000000
1415 -186.0000000000
1419 -185.0000000000
1432 -183.0000000000
1447 -182.0000000000
1472 -181.0000000000
1476 -180.0000000000
1482 -179.0000000000
1507 -178.0000000000
1521 -174.0000000000
1562 -172.0000000000
1583 -170.0000000000
1592 -169.0000000000
1607 -168.0000000000
1623 -167.0000000000
1649 -165.0000000000
1682 -164.0000000000
1713 -162.0000000000
1744 -159.0000000000
27808 705.0000000000
1752 -158.0000000000
1823 -157.0000000000
1838 -155.0000000000
1855 -154.0000000000
1872 -153.0000000000
1889 -150.0000000000
1926 -149.0000000000
1934 -146.0000000000
1955 -145.0000000000
1986 -143.0000000000
2023 -142.0000000000
2036 -141.0000000000
2048 -140.0000000000
2057 -139.0000000000
2079 -138.0000000000
2097 -137.0000000000
2120 -136.0000000000
2152 -135.0000000000
2171 -134.0000000000
2174 -133.0000000000
2216 -132.0000000000
2219 -131.0000000000
2224 -130.0000000000
2248 -129.0000000000
2289 -128.0000000000
2295 -127.0000000000
2311 -126.0000000000
2322 -125.0000000000
2332 -124.0000000000
2359 -123.0000000000
2409 -122.0000000000
2423 -120.0000000000
2433 -118.0000000000
2463 -116.0000000000
2497 -114.0000000000
2529 -113.0000000000
2544 -110.0000000000
2594 -109.0000000000
2627 -106.0000000000
2642 -105.0000000000
2655 -104.0000000000
2678 -103.0000000000
2689 -102.0000000000
2713 -101.0000000000
2717 -100.0000000000
2722 -99.0000000000
2758 -97.0000000000
2767 -96.0000000000
2772 -95.0000000000
2793 -93.0000000000
2811 -92.0000000000
2820 -91.0000000000
2826 -87.0000000000
2878 -86.0000000000
2883 -85.0000000000
2909 -83.0000000000
2931 -82.0000000000
2949 -81.0000000000
2986 -79.0000000000
3003 -78.0000000000
3047 -77.0000000000
3063 -76.0000000000
3099 -75.0000000000
3114 -74.0000000000
3134 -73.0000000000
3177 -72.0000000000
3185 -70.0000000000
3207 -69.0000000000
3274 -68.0000000000
3329 -67.0000000000
3379 -66.0000000000
3383 -65.0000000000
3392 -64.0000000000
3434 -63.0000000000
3444 -62.0000000000
3450 -61.0000000000
3466 -60.0000000000
3518 -59.0000000000
3554 -58.0000000000
3575 -57.0000000000
3595 -56.0000000000
3612 -54.0000000000
3632 -53.0000000000
3672 -52.0000000000
3697 -51.0000000000
3712 -49.0000000000
3752 -48.0000000000
3791 -47.0000000000
3808 -46.0000000000
3853 -44.0000000000
3934 -43.0000000000
3992 -41.0000000000
4054 -40.0000000000
4073 -39.0000000000
4098 -38.0000000000
4108 -37.0000000000
4146 -36.0000000000
4209 -34.0000000000
4279 -33.0000000000
4310 -32.0000000000
4403 -31.0000000000
4438 -30.0000000000
4455 -29.0000000000
4485 -28.0000000000
4495 -27.0000000000
4549 -25.0000000000
4605 -24.0000000000
4649 -23.0000000000
4654 -22.0000000000
4701 -21.0000000000
4728 -20.0000000000
4735 -19.0000000000
4814 -18.0000000000
4819 -16.0000000000
4955 -15.0000000000
4977 -14.0000000000
4995 -13.0000000000
5039 -12.0000000000
5089 -11.0000000000
5159 -10.0000000000
5206 -9.0000000000
5235 -8.0000000000
5246 -7.0000000000
5293 -6.0000000000
5380 -5.0000000000
5453 -4.0000000000
5600 -3.0000000000
5851 -2.0000000000
5992 -1.0000000000
6179 572.0000000000
6186 608.0000000000
6351 617.0000000000
6389 628.0000000000
6575 633.0000000000
6700 642.0000000000
7140 643.0000000000
7269 654.0000000000
7326 655.0000000000
7396 657.0000000000
7446 660.0000000000
7652 661.0000000000
7758 666.0000000000
7900 667.0000000000
7946 668.0000000000
8014 671.0000000000
8107 675.0000000000
8121 681.0000000000
8852 683.0000000000
9007 692.0000000000
11019 696.0000000000
15351 698.0000000000
15591 699.0000000000
23298 700.0000000000
25668 704.0000000000
27808 705.0000000000
56398 710.0000000000
56398 710.0000000000
100000 -1.0000000000
evaluations raw_y
1 -373.0000000000
4 -356.0000000000
11 -354.0000000000
18 -352.0000000000
31 -351.0000000000
38 -340.0000000000
49 -335.0000000000
72 -334.0000000000
76 -333.0000000000
83 -324.0000000000
101 -323.0000000000
115 -314.0000000000
128 -313.0000000000
149 -312.0000000000
163 -310.0000000000
166 -308.0000000000
188 -307.0000000000
192 -306.0000000000
197 -303.0000000000
213 -301.0000000000
228 -300.0000000000
239 -299.0000000000
253 -297.0000000000
258 -290.0000000000
296 -286.0000000000
313 -285.0000000000
315 -284.0000000000
332 -283.0000000000
339 -281.0000000000
340 -280.0000000000
342 -278.0000000000
352 -276.0000000000
375 -274.0000000000
407 -273.0000000000
413 -268.0000000000
422 -267.0000000000
436 -265.0000000000
482 -264.0000000000
493 -263.0000000000
502 -262.0000000000
508 -261.0000000000
514 -258.0000000000
538 -255.0000000000
561 -250.0000000000
593 -247.0000000000
631 -246.0000000000
633 -244.0000000000
643 -243.0000000000
645 -241.0000000000
655 -240.0000000000
660 -237.0000000000
669 -236.0000000000
689 -234.0000000000
727 -233.0000000000
736 -232.0000000000
746 -230.0000000000
751 -229.0000000000
763 -228.0000000000
807 -226.0000000000
822 -225.0000000000
828 -224.0000000000
839 -223.0000000000
845 -222.0000000000
846 -221.0000000000
884 -220.0000000000
896 -216.0000000000
940 -215.0000000000
957 -213.0000000000
973 -212.0000000000
984 -210.0000000000
1001 -209.0000000000
1027 -208.0000000000
1034 -206.0000000000
1072 -205.0000000000
1086 -204.0000000000
1104 -202.0000000000
1141 -201.0000000000
1156 -200.0000000000
1173 -199.0000000000
1180 -198.0000000000
1203 -197.0000000000
1226 -196.0000000000
1243 -195.0000000000
1256 -194.0000000000
1274 -193.0000000000
1286 -190.0000000000
1304 -188.0000000000
1332 -187.0000000000
1333 -185.0000000000
1350 -184.0000000000
1366 -182.0000000000
1407 -179.0000000000
1430 -178.0000000000
1452 -176.0000000000
1472 -175.0000000000
1495 -174.0000000000
1508 -173.0000000000
1521 -172.0000000000
1526 -171.0000000000
1546 -170.0000000000
1570 -168.0000000000
1573 -166.0000000000
1593 -165.0000000000
1603 -164.0000000000
1625 -162.0000000000
1635 -161.0000000000
1649 -160.0000000000
1650 -158.0000000000
1685 -156.0000000000
1707 -155.0000000000
1736 -154.0000000000
1754 -152.0000000000
1768 -151.0000000000
1776 -150.0000000000
1810 -149.0000000000
1821 -148.0000000000
1822 -146.0000000000
1833 -145.0000000000
1850 -144.0000000000
1852 -143.0000000000
1866 -141.0000000000
1929 -139.0000000000
1968 -138.0000000000
1971 -136.0000000000
1993 -135.0000000000
2003 -131.0000000000
2023 -130.0000000000
2070 -129.0000000000
2078 -128.0000000000
2096 -127.0000000000
2140 -126.0000000000
2160 -125.0000000000
2210 -124.0000000000
2219 -123.0000000000
2235 -121.0000000000
2255 -119.0000000000
2286 -118.0000000000
2303 -117.0000000000
2331 -116.0000000000
2351 -115.0000000000
2362 -114.0000000000
2381 -113.0000000000
2421 -110.0000000000
2455 -109.0000000000
2506 -108.0000000000
2530 -106.0000000000
2584 -105.0000000000
2608 -104.0000000000
2632 -103.0000000000
2662 -102.0000000000
2681 -101.0000000000
2693 -100.0000000000
2720 -99.0000000000
2740 -98.0000000000
2754 -96.0000000000
2800 -95.0000000000
2810 -94.0000000000
2873 -92.0000000000
2921 -89.0000000000
2976 -88.0000000000
3004 -87.0000000000
3030 -86.0000000000
3059 -85.0000000000
3093 -82.0000000000
3153 -80.0000000000
3171 -79.0000000000
3200 -78.0000000000
3233 -77.0000000000
3264 -76.0000000000
3281 -75.0000000000
3291 -73.0000000000
3341 -72.0000000000
3396 -71.0000000000
3403 -70.0000000000
3444 -69.0000000000
3447 -68.0000000000
3465 -66.0000000000
3508 -65.0000000000
3521 -64.0000000000
3552 -63.0000000000
3586 -62.0000000000
3600 -60.0000000000
3622 -59.0000000000
3637 -58.0000000000
3657 -57.0000000000
3705 -56.0000000000
3726 -55.0000000000
3739 -54.0000000000
3772 -53.0000000000
3787 -52.0000000000
3788 -51.0000000000
3880 -48.0000000000
3945 -44.0000000000
4066 -43.0000000000
4092 -42.0000000000
4105 -41.0000000000
4123 -40.0000000000
4163 -38.0000000000
4182 -37.0000000000
4238 -36.0000000000
4274 -35.0000000000
4278 -33.0000000000
4322 -32.0000000000
4359 -31.0000000000
4381 -30.0000000000
4430 -29.0000000000
4487 -27.0000000000
4489 -26.0000000000
4517 -25.0000000000
4526 -24.0000000000
4550 -22.0000000000
4583 -21.0000000000
4669 -20.0000000000
4672 -19.0000000000
4774 -18.0000000000
4797 -17.0000000000
4802 -16.0000000000
4832 -15.0000000000
4876 -14.0000000000
4914 -13.0000000000
4928 -12.0000000000
4974 -11.0000000000
5110 -10.0000000000
5199 -9.0000000000
5220 -8.0000000000
5354 -7.0000000000
5414 -6.0000000000
5523 -5.0000000000
5639 -4.0000000000
5799 -3.0000000000
5854 -2.0000000000
5979 -1.0000000000
6028 601.0000000000
6053 609.0000000000
6055 614.0000000000
6950 617.0000000000
7056 627.0000000000
7354 628.0000000000
7361 629.0000000000
7392 631.0000000000
7422 638.0000000000
7717 653.0000000000
7958 655.0000000000
8061 664.0000000000
8157 665.0000000000
8473 666.0000000000
8490 668.0000000000
10122 671.0000000000
10339 676.0000000000
11898 677.0000000000
11934 679.0000000000
11951 683.0000000000
12151 687.0000000000
12932 688.0000000000
13077 689.0000000000
15148 695.0000000000
16085 701.0000000000
18101 702.0000000000
18536 705.0000000000
18576 706.0000000000
18919 708.0000000000
22820 711.0000000000
23522 712.0000000000
26404 713.0000000000
100000 -1.0000000000
evaluations raw_y
1 -373.0000000000
4 -356.0000000000
11 -354.0000000000
18 -352.0000000000
31 -351.0000000000
38 -340.0000000000
49 -335.0000000000
72 -334.0000000000
76 -333.0000000000
83 -324.0000000000
101 -323.0000000000
115 -314.0000000000
128 -313.0000000000
149 -312.0000000000
163 -310.0000000000
166 -308.0000000000
188 -307.0000000000
192 -306.0000000000
197 -303.0000000000
213 -301.0000000000
228 -300.0000000000
239 -299.0000000000
253 -297.0000000000
258 -290.0000000000
296 -286.0000000000
313 -285.0000000000
315 -284.0000000000
332 -283.0000000000
339 -281.0000000000
340 -280.0000000000
342 -278.0000000000
352 -276.0000000000
375 -274.0000000000
407 -273.0000000000
413 -268.0000000000
422 -267.0000000000
436 -265.0000000000
482 -264.0000000000
493 -263.0000000000
502 -262.0000000000
508 -261.0000000000
514 -258.0000000000
538 -255.0000000000
561 -250.0000000000
593 -247.0000000000
631 -246.0000000000
633 -244.0000000000
643 -243.0000000000
645 -241.0000000000
655 -240.0000000000
660 -237.0000000000
669 -236.0000000000
689 -234.0000000000
727 -233.0000000000
736 -232.0000000000
746 -230.0000000000
751 -229.0000000000
763 -228.0000000000
807 -226.0000000000
822 -225.0000000000
828 -224.0000000000
839 -223.0000000000
845 -222.0000000000
846 -221.0000000000
884 -220.0000000000
896 -216.0000000000
940 -215.0000000000
957 -213.0000000000
973 -212.0000000000
984 -210.0000000000
1001 -209.0000000000
1027 -208.0000000000
1034 -206.0000000000
1072 -205.0000000000
1086 -204.0000000000
1104 -202.0000000000
1141 -201.0000000000
1156 -200.0000000000
1173 -199.0000000000
1180 -198.0000000000
1203 -197.0000000000
1226 -196.0000000000
1243 -195.0000000000
1256 -194.0000000000
1274 -193.0000000000
1286 -190.0000000000
1304 -188.0000000000
1332 -187.0000000000
1333 -185.0000000000
1350 -184.0000000000
1366 -182.0000000000
1407 -179.0000000000
1430 -178.0000000000
1452 -176.0000000000
1472 -175.0000000000
1495 -174.0000000000
1508 -173.0000000000
1521 -172.0000000000
1526 -171.0000000000
1546 -170.0000000000
1570 -168.0000000000
1573 -166.0000000000
1593 -165.0000000000
1603 -164.0000000000
1625 -162.0000000000
1635 -161.0000000000
1649 -160.0000000000
1650 -158.0000000000
1685 -156.0000000000
1707 -155.0000000000
1736 -154.0000000000
1754 -152.0000000000
1768 -151.0000000000
1776 -150.0000000000
1810 -149.0000000000
1821 -148.0000000000
1822 -146.0000000000
1833 -145.0000000000
1850 -144.0000000000
1852 -143.0000000000
1866 -141.0000000000
1929 -139.0000000000
1968 -138.0000000000
1971 -136.0000000000
1993 -135.0000000000
2003 -131.0000000000
2023 -130.0000000000
2070 -129.0000000000
2078 -128.0000000000
2096 -127.0000000000
2140 -126.0000000000
2160 -125.0000000000
2210 -124.0000000000
2219 -123.0000000000
2235 -121.0000000000
2255 -119.0000000000
2286 -118.0000000000
2303 -117.0000000000
2331 -116.0000000000
2351 -115.0000000000
2362 -114.0000000000
2381 -113.0000000000
2421 -110.0000000000
2455 -109.0000000000
2506 -108.0000000000
2530 -106.0000000000
2584 -105.0000000000
2608 -104.0000000000
2632 -103.0000000000
2662 -102.0000000000
2681 -101.0000000000
2693 -100.0000000000
2720 -99.0000000000
2740 -98.0000000000
2754 -96.0000000000
2800 -95.0000000000
2810 -94.0000000000
2873 -92.0000000000
2921 -89.0000000000
2976 -88.0000000000
3004 -87.0000000000
3030 -86.0000000000
3059 -85.0000000000
3093 -82.0000000000
3153 -80.0000000000
3171 -79.0000000000
3200 -78.0000000000
3233 -77.0000000000
3264 -76.0000000000
3281 -75.0000000000
3291 -73.0000000000
3341 -72.0000000000
3396 -71.0000000000
3403 -70.0000000000
3444 -69.0000000000
3447 -68.0000000000
3465 -66.0000000000
3508 -65.0000000000
3521 -64.0000000000
3552 -63.0000000000
3586 -62.0000000000
3600 -60.0000000000
3622 -59.0000000000
3637 -58.0000000000
3657 -57.0000000000
3705 -56.0000000000
3726 -55.0000000000
3739 -54.0000000000
3772 -53.0000000000
3787 -52.0000000000
3788 -51.0000000000
3880 -48.0000000000
3945 -44.0000000000
4066 -43.0000000000
4092 -42.0000000000
4105 -41.0000000000
4123 -40.0000000000
4163 -38.0000000000
4182 -37.0000000000
4238 -36.0000000000
4274 -35.0000000000
4278 -33.0000000000
4322 -32.0000000000
4359 -31.0000000000
4381 -30.0000000000
4430 -29.0000000000
4487 -27.0000000000
4489 -26.0000000000
4517 -25.0000000000
4526 -24.0000000000
4550 -22.0000000000
4583 -21.0000000000
4669 -20.0000000000
4672 -19.0000000000
4774 -18.0000000000
4797 -17.0000000000
4802 -16.0000000000
4832 -15.0000000000
4876 -14.0000000000
4914 -13.0000000000
4928 -12.0000000000
4974 -11.0000000000
5110 -10.0000000000
5199 -9.0000000000
5220 -8.0000000000
5354 -7.0000000000
5414 -6.0000000000
5523 -5.0000000000
5639 -4.0000000000
5799 -3.0000000000
5854 -2.0000000000
5979 -1.0000000000
6028 601.0000000000
6053 609.0000000000
6055 614.0000000000
34576 714.0000000000
6950 617.0000000000
7056 627.0000000000
7354 628.0000000000
7361 629.0000000000
7392 631.0000000000
7422 638.0000000000
7717 653.0000000000
7958 655.0000000000
8061 664.0000000000
8157 665.0000000000
8473 666.0000000000
8490 668.0000000000
10122 671.0000000000
10339 676.0000000000
11898 677.0000000000
11934 679.0000000000
11951 683.0000000000
12151 687.0000000000
12932 688.0000000000
13077 689.0000000000
15148 695.0000000000
16085 701.0000000000
18101 702.0000000000
18536 705.0000000000
18576 706.0000000000
18919 708.0000000000
22820 711.0000000000
23522 712.0000000000
26404 713.0000000000
59572 715.0000000000
34576 714.0000000000
59572 715.0000000000
100000 -3.0000000000
evaluations raw_y
1 -356.0000000000
3 -355.0000000000
4 -350.0000000000
10 -346.0000000000
20 -342.0000000000
42 -334.0000000000
55 -333.0000000000
61 -324.0000000000
67 -318.0000000000
72 -316.0000000000
88 -315.0000000000
91 -301.0000000000
116 -294.0000000000
136 -293.0000000000
141 -286.0000000000
172 -283.0000000000
184 -281.0000000000
190 -279.0000000000
204 -277.0000000000
213 -275.0000000000
224 -273.0000000000
231 -267.0000000000
260 -265.0000000000
276 -262.0000000000
298 -260.0000000000
334 -259.0000000000
338 -257.0000000000
359 -255.0000000000
362 -254.0000000000
376 -249.0000000000
435 -248.0000000000
442 -244.0000000000
498 -243.0000000000
499 -242.0000000000
524 -241.0000000000
536 -240.0000000000
557 -239.0000000000
568 -238.0000000000
580 -237.0000000000
585 -236.0000000000
595 -235.0000000000
609 -234.0000000000
628 -233.0000000000
649 -232.0000000000
663 -231.0000000000
673 -230.0000000000
691 -228.0000000000
721 -227.0000000000
735 -225.0000000000
745 -224.0000000000
786 -223.0000000000
794 -222.0000000000
815 -219.0000000000
823 -218.0000000000
833 -217.0000000000
841 -216.0000000000
861 -215.0000000000
867 -214.0000000000
874 -213.0000000000
876 -212.0000000000
909 -211.0000000000
919 -210.0000000000
920 -209.0000000000
928 -207.0000000000
950 -206.0000000000
951 -204.0000000000
957 -202.0000000000
969 -200.0000000000
971 -199.0000000000
1000 -198.0000000000
1015 -195.0000000000
1024 -194.0000000000
1033 -192.0000000000
1049 -191.0000000000
1053 -190.0000000000
1066 -189.0000000000
1113 -187.0000000000
1149 -186.0000000000
1155 -185.0000000000
1172 -182.0000000000
1194 -180.0000000000
1246 -177.0000000000
1264 -176.0000000000
1278 -173.0000000000
1316 -172.0000000000
1338 -169.0000000000
1382 -166.0000000000
1394 -165.0000000000
1438 -164.0000000000
1445 -162.0000000000
1477 -161.0000000000
1491 -159.0000000000
1519 -158.0000000000
1541 -157.0000000000
1562 -156.0000000000
1586 -154.0000000000
1603 -153.0000000000
1617 -152.0000000000
1676 -151.0000000000
1699 -150.0000000000
1704 -148.0000000000
1721 -147.0000000000
1745 -146.0000000000
1750 -143.0000000000
1792 -142.0000000000
1817 -140.0000000000
1839 -139.0000000000
1858 -138.0000000000
1877 -137.0000000000
1886 -136.0000000000
1926 -134.0000000000
1934 -133.0000000000
1992 -132.0000000000
2014 -131.0000000000
2027 -130.0000000000
2070 -129.0000000000
2073 -128.0000000000
2088 -126.0000000000
2103 -125.0000000000
2143 -122.0000000000
2191 -121.0000000000
2221 -120.0000000000
2233 -119.0000000000
2240 -117.0000000000
2242 -113.0000000000
2308 -112.0000000000
2328 -111.0000000000
2340 -110.0000000000
2368 -109.0000000000
2388 -108.0000000000
2401 -107.0000000000
2410 -106.0000000000
2421 -103.0000000000
2480 -102.0000000000
2491 -101.0000000000
2503 -98.0000000000
2550 -97.0000000000
2568 -96.0000000000
2575 -95.0000000000
2581 -93.0000000000
2609 -91.0000000000
2630 -90.0000000000
2631 -88.0000000000
2671 -87.0000000000
2725 -86.0000000000
2752 -85.0000000000
2767 -84.0000000000
2788 -83.0000000000
2836 -80.0000000000
2872 -79.0000000000
2929 -77.0000000000
2970 -76.0000000000
2971 -75.0000000000
2986 -74.0000000000
3008 -73.0000000000
3015 -72.0000000000
3059 -71.0000000000
3082 -70.0000000000
3101 -69.0000000000
3117 -68.0000000000
3164 -67.0000000000
3183 -66.0000000000
3207 -64.0000000000
3224 -63.0000000000
3320 -62.0000000000
3337 -61.0000000000
3347 -60.0000000000
3361 -59.0000000000
3392 -57.0000000000
3467 -56.0000000000
3497 -55.0000000000
3500 -53.0000000000
3548 -52.0000000000
3573 -51.0000000000
3655 -50.0000000000
3658 -49.0000000000
3684 -48.0000000000
3699 -47.0000000000
3744 -46.0000000000
3793 -45.0000000000
3848 -44.0000000000
3853 -42.0000000000
3905 -41.0000000000
3932 -38.0000000000
3966 -37.0000000000
3991 -36.0000000000
4043 -35.0000000000
4062 -34.0000000000
4101 -33.0000000000
4111 -31.0000000000
4135 -30.0000000000
4171 -29.0000000000
4232 -28.0000000000
4241 -27.0000000000
4273 -26.0000000000
4291 -25.0000000000
4339 -24.0000000000
4351 -22.0000000000
4393 -21.0000000000
4442 -20.0000000000
4536 -19.0000000000
4545 -18.0000000000
4568 -17.0000000000
4617 -16.0000000000
4671 -15.0000000000
4810 -14.0000000000
4823 -13.0000000000
4879 -12.0000000000
4891 -10.0000000000
4933 -9.0000000000
4988 -8.0000000000
5067 -7.0000000000
5068 -6.0000000000
5119 -4.0000000000
5184 -3.0000000000
5297 -2.0000000000
5335 -1.0000000000
5398 631.0000000000
5583 639.0000000000
5678 641.0000000000
5725 647.0000000000
5858 651.0000000000
6710 657.0000000000
6752 664.0000000000
6778 665.0000000000
6845 666.0000000000
6851 675.0000000000
6987 677.0000000000
8676 685.0000000000
8853 690.0000000000
8940 691.0000000000
9285 693.0000000000
10804 696.0000000000
11570 698.0000000000
11736 701.0000000000
11771 702.0000000000
13809 703.0000000000
14069 704.0000000000
23533 707.0000000000
100000 -3.0000000000
evaluations raw_y
1 -356.0000000000
3 -355.0000000000
4 -350.0000000000
10 -346.0000000000
20 -342.0000000000
42 -334.0000000000
55 -333.0000000000
61 -324.0000000000
67 -318.0000000000
72 -316.0000000000
88 -315.0000000000
91 -301.0000000000
116 -294.0000000000
136 -293.0000000000
141 -286.0000000000
172 -283.0000000000
184 -281.0000000000
190 -279.0000000000
204 -277.0000000000
213 -275.0000000000
224 -273.0000000000
231 -267.0000000000
260 -265.0000000000
276 -262.0000000000
298 -260.0000000000
334 -259.0000000000
338 -257.0000000000
359 -255.0000000000
362 -254.0000000000
376 -249.0000000000
435 -248.0000000000
442 -244.0000000000
498 -243.0000000000
499 -242.0000000000
524 -241.0000000000
536 -240.0000000000
557 -239.0000000000
568 -238.0000000000
580 -237.0000000000
585 -236.0000000000
595 -235.0000000000
609 -234.0000000000
628 -233.0000000000
649 -232.0000000000
663 -231.0000000000
673 -230.0000000000
691 -228.0000000000
721 -227.0000000000
735 -225.0000000000
745 -224.0000000000
786 -223.0000000000
794 -222.0000000000
815 -219.0000000000
823 -218.0000000000
833 -217.0000000000
841 -216.0000000000
861 -215.0000000000
867 -214.0000000000
874 -213.0000000000
876 -212.0000000000
909 -211.0000000000
919 -210.0000000000
920 -209.0000000000
928 -207.0000000000
950 -206.0000000000
951 -204.0000000000
957 -202.0000000000
969 -200.0000000000
971 -199.0000000000
1000 -198.0000000000
1015 -195.0000000000
1024 -194.0000000000
1033 -192.0000000000
1049 -191.0000000000
1053 -190.0000000000
1066 -189.0000000000
1113 -187.0000000000
1149 -186.0000000000
1155 -185.0000000000
1172 -182.0000000000
1194 -180.0000000000
1246 -177.0000000000
1264 -176.0000000000
1278 -173.0000000000
1316 -172.0000000000
1338 -169.0000000000
1382 -166.0000000000
1394 -165.0000000000
1438 -164.0000000000
1445 -162.0000000000
1477 -161.0000000000
1491 -159.0000000000
1519 -158.0000000000
1541 -157.0000000000
1562 -156.0000000000
1586 -154.0000000000
1603 -153.0000000000
1617 -152.0000000000
1676 -151.0000000000
1699 -150.0000000000
1704 -148.0000000000
1721 -147.0000000000
1745 -146.0000000000
1750 -143.0000000000
1792 -142.0000000000
1817 -140.0000000000
1839 -139.0000000000
1858 -138.0000000000
1877 -137.0000000000
1886 -136.0000000000
1926 -134.0000000000
1934 -133.0000000000
1992 -132.0000000000
2014 -131.0000000000
2027 -130.0000000000
2070 -129.0000000000
2073 -128.0000000000
2088 -126.0000000000
2103 -125.0000000000
2143 -122.0000000000
2191 -121.0000000000
2221 -120.0000000000
2233 -119.0000000000
2240 -117.0000000000
2242 -113.0000000000
2308 -112.0000000000
2328 -111.0000000000
2340 -110.0000000000
2368 -109.0000000000
2388 -108.0000000000
2401 -107.0000000000
2410 -106.0000000000
2421 -103.0000000000
2480 -102.0000000000
2491 -101.0000000000
2503 -98.0000000000
2550 -97.0000000000
2568 -96.0000000000
2575 -95.0000000000
2581 -93.0000000000
2609 -91.0000000000
2630 -90.0000000000
2631 -88.0000000000
2671 -87.0000000000
2725 -86.0000000000
2752 -85.0000000000
2767 -84.0000000000
2788 -83.0000000000
2836 -80.0000000000
2872 -79.0000000000
2929 -77.0000000000
2970 -76.0000000000
2971 -75.0000000000
2986 -74.0000000000
3008 -73.0000000000
3015 -72.0000000000
3059 -71.0000000000
3082 -70.0000000000
3101 -69.0000000000
3117 -68.0000000000
3164 -67.0000000000
3183 -66.0000000000
3207 -64.0000000000
3224 -63.0000000000
3320 -62.0000000000
3337 -61.0000000000
3347 -60.0000000000
3361 -59.0000000000
3392 -57.0000000000
3467 -56.0000000000
3497 -55.0000000000
3500 -53.0000000000
3548 -52.0000000000
3573 -51.0000000000
3655 -50.0000000000
3658 -49.0000000000
3684 -48.0000000000
3699 -47.0000000000
3744 -46.0000000000
3793 -45.0000000000
3848 -44.0000000000
3853 -42.0000000000
3905 -41.0000000000
3932 -38.0000000000
3966 -37.0000000000
3991 -36.0000000000
4043 -35.0000000000
4062 -34.0000000000
4101 -33.0000000000
4111 -31.0000000000
4135 -30.0000000000
4171 -29.0000000000
4232 -28.0000000000
4241 -27.0000000000
4273 -26.0000000000
4291 -25.0000000000
4339 -24.0000000000
4351 -22.0000000000
4393 -21.0000000000
4442 -20.0000000000
4536 -19.0000000000
4545 -18.0000000000
4568 -17.0000000000
4617 -16.0000000000
4671 -15.0000000000
4810 -14.0000000000
4823 -13.0000000000
4879 -12.0000000000
4891 -10.0000000000
4933 -9.0000000000
36225 708.0000000000
4988 -8.0000000000
5067 -7.0000000000
5068 -6.0000000000
5119 -4.0000000000
5184 -3.0000000000
5297 -2.0000000000
5335 -1.0000000000
5398 631.0000000000
5583 639.0000000000
5678 641.0000000000
5725 647.0000000000
5858 651.0000000000
6710 657.0000000000
6752 664.0000000000
6778 665.0000000000
6845 666.0000000000
6851 675.0000000000
6987 677.0000000000
8676 685.0000000000
8853 690.0000000000
8940 691.0000000000
9285 693.0000000000
40812 709.0000000000
10804 696.0000000000
11570 698.0000000000
11736 701.0000000000
11771 702.0000000000
13809 703.0000000000
14069 704.0000000000
23533 707.0000000000
57490 710.0000000000
61716 712.0000000000
36225 708.0000000000
67745 713.0000000000
40812 709.0000000000
57490 710.0000000000
61716 712.0000000000
95749 715.0000000000
67745 713.0000000000
96649 717.0000000000
100000 -3.0000000000
evaluations raw_y
1 -388.0000000000
2 -368.0000000000
6 -353.0000000000
11 -350.0000000000
29 -341.0000000000
30 -339.0000000000
46 -323.0000000000
89 -318.0000000000
102 -317.0000000000
106 -315.0000000000
114 -314.0000000000
127 -311.0000000000
152 -307.0000000000
162 -303.0000000000
176 -300.0000000000
192 -295.0000000000
203 -293.0000000000
222 -291.0000000000
226 -289.0000000000
227 -284.0000000000
263 -279.0000000000
301 -278.0000000000
303 -277.0000000000
327 -276.0000000000
336 -274.0000000000
360 -273.0000000000
361 -270.0000000000
393 -267.0000000000
436 -266.0000000000
449 -265.0000000000
463 -263.0000000000
464 -262.0000000000
474 -261.0000000000
493 -260.0000000000
500 -259.0000000000
504 -258.0000000000
510 -257.0000000000
519 -256.0000000000
538 -255.0000000000
548 -254.0000000000
553 -250.0000000000
581 -247.0000000000
603 -246.0000000000
647 -245.0000000000
663 -243.0000000000
684 -241.0000000000
704 -240.0000000000
739 -239.0000000000
740 -236.0000000000
771 -235.0000000000
772 -233.0000000000
785 -232.0000000000
794 -231.0000000000
830 -230.0000000000
841 -229.0000000000
858 -228.0000000000
867 -227.0000000000
871 -226.0000000000
898 -225.0000000000
914 -222.0000000000
944 -221.0000000000
948 -220.0000000000
950 -218.0000000000
967 -216.0000000000
988 -215.0000000000
1019 -214.0000000000
1028 -212.0000000000
1054 -211.0000000000
1067 -209.0000000000
1095 -206.0000000000
1104 -205.0000000000
1143 -203.0000000000
1170 -200.0000000000
1192 -199.0000000000
1230 -197.0000000000
1273 -196.0000000000
1284 -195.0000000000
1287 -194.0000000000
1295 -193.0000000000
1312 -192.0000000000
1327 -191.0000000000
1332 -188.0000000000
1397 -187.0000000000
1408 -186.0000000000
1424 -185.0000000000
1435 -184.0000000000
1457 -183.0000000000
1467 -182.0000000000
1484 -181.0000000000
1521 -179.0000000000
1525 -177.0000000000
1555 -176.0000000000
1567 -175.0000000000
1591 -174.0000000000
1597 -172.0000000000
1625 -171.0000000000
1658 -170.0000000000
1663 -168.0000000000
1678 -166.0000000000
1733 -165.0000000000
1744 -164.0000000000
1753 -163.0000000000
1794 -161.0000000000
1818 -160.0000000000
1822 -157.0000000000
1843 -155.0000000000
1865 -154.0000000000
1884 -152.0000000000
1898 -151.0000000000
1941 -150.0000000000
1951 -149.0000000000
1975 -148.0000000000
1997 -147.0000000000
2019 -146.0000000000
2023 -145.0000000000
2039 -144.0000000000
2063 -143.0000000000
2075 -142.0000000000
2096 -141.0000000000
2101 -140.0000000000
2116 -139.0000000000
2145 -138.0000000000
2149 -137.0000000000
2178 -134.0000000000
2192 -133.0000000000
2202 -132.0000000000
2240 -130.0000000000
2260 -129.0000000000
2274 -127.0000000000
2285 -126.0000000000
2326 -125.0000000000
2334 -124.0000000000
2335 -122.0000000000
2352 -121.0000000000
2401 -120.0000000000
2408 -119.0000000000
2429 -118.0000000000
2434 -117.0000000000
2484 -115.0000000000
2486 -114.0000000000
2504 -113.0000000000
2542 -112.0000000000
2545 -111.0000000000
2561 -109.0000000000
2597 -108.0000000000
2647 -107.0000000000
2664 -106.0000000000
2671 -103.0000000000
2724 -101.0000000000
2752 -100.0000000000
2762 -99.0000000000
2787 -97.0000000000
2816 -96.0000000000
2830 -95.0000000000
2852 -94.0000000000
2878 -92.0000000000
2905 -91.0000000000
2930 -90.0000000000
2934 -88.0000000000
2984 -87.0000000000
3001 -86.0000000000
3025 -84.0000000000
3048 -83.0000000000
3092 -82.0000000000
3104 -81.0000000000
3107 -80.0000000000
3176 -79.0000000000
3206 -77.0000000000
3248 -76.0000000000
3261 -75.0000000000
3280 -74.0000000000
3339 -72.0000000000
3360 -69.0000000000
3407 -68.0000000000
3421 -67.0000000000
3451 -64.0000000000
3489 -63.0000000000
3536 -62.0000000000
3598 -61.0000000000
3606 -60.0000000000
3652 -59.0000000000
3654 -58.0000000000
3658 -56.0000000000
3696 -55.0000000000
3760 -54.0000000000
3783 -53.0000000000
3806 -52.0000000000
3843 -51.0000000000
3849 -49.0000000000
3880 -47.0000000000
3909 -46.0000000000
3980 -45.0000000000
3993 -42.0000000000
4057 -41.0000000000
4091 -40.0000000000
4127 -39.0000000000
4136 -38.0000000000
4181 -37.0000000000
4184 -36.0000000000
4193 -35.0000000000
4202 -34.0000000000
4258 -33.0000000000
4298 -32.0000000000
4352 -30.0000000000
4472 -28.0000000000
4498 -27.0000000000
4524 -26.0000000000
4592 -25.0000000000
4628 -24.0000000000
4662 -23.0000000000
4675 -22.0000000000
4691 -21.0000000000
4736 -20.0000000000
4845 -17.0000000000
4917 -15.0000000000
5014 -14.0000000000
5065 -13.0000000000
5120 -12.0000000000
5174 -11.0000000000
5216 -10.0000000000
5348 -9.0000000000
5380 -8.0000000000
5496 -7.0000000000
5546 -6.0000000000
5609 -5.0000000000
5678 -4.0000000000
5705 -3.0000000000
5764 -2.0000000000
5831 -1.0000000000
5921 574.0000000000
5966 591.0000000000
6254 593.0000000000
6271 594.0000000000
6319 598.0000000000
6520 613.0000000000
6594 615.0000000000
6702 620.0000000000
6854 623.0000000000
6934 627.0000000000
7011 630.0000000000
7153 631.0000000000
7162 639.0000000000
8174 640.0000000000
8199 644.0000000000
8272 647.0000000000
8297 661.0000000000
8725 663.0000000000
10191 665.0000000000
10399 668.0000000000
10489 670.0000000000
10581 672.0000000000
10638 674.0000000000
10714 679.0000000000
10809 681.0000000000
11799 682.0000000000
12405 683.0000000000
12446 684.0000000000
12488 688.0000000000
12575 689.0000000000
12598 693.0000000000
13889 697.0000000000
14208 699.0000000000
15145 700.0000000000
95749 715.0000000000
96649 717.0000000000
100000 -3.0000000000
evaluations raw_y
1 -388.0000000000
2 -368.0000000000
6 -353.0000000000
11 -350.0000000000
29 -341.0000000000
30 -339.0000000000
46 -323.0000000000
89 -318.0000000000
102 -317.0000000000
106 -315.0000000000
114 -314.0000000000
127 -311.0000000000
152 -307.0000000000
162 -303.0000000000
176 -300.0000000000
192 -295.0000000000
203 -293.0000000000
222 -291.0000000000
226 -289.0000000000
227 -284.0000000000
263 -279.0000000000
301 -278.0000000000
303 -277.0000000000
327 -276.0000000000
336 -274.0000000000
360 -273.0000000000
361 -270.0000000000
393 -267.0000000000
436 -266.0000000000
449 -265.0000000000
463 -263.0000000000
464 -262.0000000000
474 -261.0000000000
493 -260.0000000000
500 -259.0000000000
504 -258.0000000000
510 -257.0000000000
519 -256.0000000000
538 -255.0000000000
548 -254.0000000000
553 -250.0000000000
581 -247.0000000000
603 -246.0000000000
647 -245.0000000000
663 -243.0000000000
684 -241.0000000000
704 -240.0000000000
739 -239.0000000000
740 -236.0000000000
771 -235.0000000000
772 -233.0000000000
785 -232.0000000000
794 -231.0000000000
830 -230.0000000000
841 -229.0000000000
858 -228.0000000000
867 -227.0000000000
871 -226.0000000000
898 -225.0000000000
914 -222.0000000000
944 -221.0000000000
948 -220.0000000000
950 -218.0000000000
967 -216.0000000000
988 -215.0000000000
1019 -214.0000000000
1028 -212.0000000000
1054 -211.0000000000
1067 -209.0000000000
1095 -206.0000000000
1104 -205.0000000000
1143 -203.0000000000
1170 -200.0000000000
1192 -199.0000000000
1230 -197.0000000000
1273 -196.0000000000
1284 -195.0000000000
1287 -194.0000000000
1295 -193.0000000000
1312 -192.0000000000
1327 -191.0000000000
1332 -188.0000000000
1397 -187.0000000000
1408 -186.0000000000
1424 -185.0000000000
1435 -184.0000000000
1457 -183.0000000000
1467 -182.0000000000
1484 -181.0000000000
1521 -179.0000000000
1525 -177.0000000000
1555 -176.0000000000
1567 -175.0000000000
1591 -174.0000000000
1597 -172.0000000000
1625 -171.0000000000
1658 -170.0000000000
1663 -168.0000000000
1678 -166.0000000000
1733 -165.0000000000
1744 -164.0000000000
1753 -163.0000000000
1794 -161.0000000000
1818 -160.0000000000
1822 -157.0000000000
1843 -155.0000000000
1865 -154.0000000000
1884 -152.0000000000
1898 -151.0000000000
1941 -150.0000000000
1951 -149.0000000000
1975 -148.0000000000
1997 -147.0000000000
2019 -146.0000000000
2023 -145.0000000000
2039 -144.0000000000
2063 -143.0000000000
2075 -142.0000000000
2096 -141.0000000000
2101 -140.0000000000
2116 -139.0000000000
2145 -138.0000000000
2149 -137.0000000000
2178 -134.0000000000
2192 -133.0000000000
2202 -132.0000000000
2240 -130.0000000000
2260 -129.0000000000
2274 -127.0000000000
2285 -126.0000000000
2326 -125.0000000000
2334 -124.0000000000
2335 -122.0000000000
2352 -121.0000000000
2401 -120.0000000000
2408 -119.0000000000
2429 -118.0000000000
2434 -117.0000000000
2484 -115.0000000000
2486 -114.0000000000
2504 -113.0000000000
2542 -112.0000000000
2545 -111.0000000000
2561 -109.0000000000
2597 -108.0000000000
2647 -107.0000000000
2664 -106.0000000000
2671 -103.0000000000
2724 -101.0000000000
2752 -100.0000000000
2762 -99.0000000000
2787 -97.0000000000
2816 -96.0000000000
2830 -95.0000000000
2852 -94.0000000000
2878 -92.0000000000
2905 -91.0000000000
2930 -90.0000000000
2934 -88.0000000000
2984 -87.0000000000
3001 -86.0000000000
3025 -84.0000000000
3048 -83.0000000000
3092 -82.0000000000
3104 -81.0000000000
3107 -80.0000000000
3176 -79.0000000000
3206 -77.0000000000
3248 -76.0000000000
3261 -75.0000000000
3280 -74.0000000000
3339 -72.0000000000
3360 -69.0000000000
3407 -68.0000000000
3421 -67.0000000000
3451 -64.0000000000
3489 -63.0000000000
3536 -62.0000000000
3598 -61.0000000000
3606 -60.0000000000
3652 -59.0000000000
3654 -58.0000000000
3658 -56.0000000000
3696 -55.0000000000
3760 -54.0000000000
3783 -53.0000000000
3806 -52.0000000000
3843 -51.0000000000
3849 -49.0000000000
3880 -47.0000000000
3909 -46.0000000000
3980 -45.0000000000
3993 -42.0000000000
4057 -41.0000000000
4091 -40.0000000000
4127 -39.0000000000
4136 -38.0000000000
4181 -37.0000000000
4184 -36.0000000000
4193 -35.0000000000
4202 -34.0000000000
4258 -33.0000000000
4298 -32.0000000000
4352 -30.0000000000
4472 -28.0000000000
4498 -27.0000000000
4524 -26.0000000000
4592 -25.0000000000
4628 -24.0000000000
4662 -23.0000000000
4675 -22.0000000000
4691 -21.0000000000
4736 -20.0000000000
4845 -17.0000000000
4917 -15.0000000000
5014 -14.0000000000
5065 -13.0000000000
5120 -12.0000000000
5174 -11.0000000000
5216 -10.0000000000
5348 -9.0000000000
5380 -8.0000000000
5496 -7.0000000000
5546 -6.0000000000
5609 -5.0000000000
5678 -4.0000000000
5705 -3.0000000000
5764 -2.0000000000
5831 -1.0000000000
5921 574.0000000000
5966 591.0000000000
6254 593.0000000000
6271 594.0000000000
6319 598.0000000000
6520 613.0000000000
6594 615.0000000000
6702 620.0000000000
6854 623.0000000000
6934 627.0000000000
7011 630.0000000000
7153 631.0000000000
7162 639.0000000000
8174 640.0000000000
8199 644.0000000000
8272 647.0000000000
8297 661.0000000000
8725 663.0000000000
10191 665.0000000000
10399 668.0000000000
10489 670.0000000000
10581 672.0000000000
10638 674.0000000000
10714 679.0000000000
10809 681.0000000000
39953 701.0000000000
11799 682.0000000000
12405 683.0000000000
12446 684.0000000000
12488 688.0000000000
12575 689.0000000000
12598 693.0000000000
13889 697.0000000000
14208 699.0000000000
15145 700.0000000000
43576 702.0000000000
39953 701.0000000000
43576 702.0000000000
82126 703.0000000000
100000 -3.0000000000
evaluations raw_y
1 -389.0000000000
2 -384.0000000000
3 -362.0000000000
14 -359.0000000000
16 -358.0000000000
22 -343.0000000000
41 -335.0000000000
62 -327.0000000000
97 -321.0000000000
114 -304.0000000000
136 -299.0000000000
177 -295.0000000000
180 -291.0000000000
181 -285.0000000000
195 -283.0000000000
202 -275.0000000000
211 -272.0000000000
236 -271.0000000000
247 -266.0000000000
261 -263.0000000000
291 -262.0000000000
295 -253.0000000000
319 -250.0000000000
324 -247.0000000000
343 -243.0000000000
358 -242.0000000000
372 -241.0000000000
373 -239.0000000000
383 -234.0000000000
441 -233.0000000000
448 -232.0000000000
460 -231.0000000000
467 -230.0000000000
475 -228.0000000000
507 -227.0000000000
525 -224.0000000000
544 -223.0000000000
555 -222.0000000000
582 -221.0000000000
596 -219.0000000000
624 -217.0000000000
644 -214.0000000000
678 -210.0000000000
692 -209.0000000000
715 -208.0000000000
748 -206.0000000000
772 -204.0000000000
813 -202.0000000000
831 -200.0000000000
837 -199.0000000000
861 -198.0000000000
885 -197.0000000000
894 -196.0000000000
901 -195.0000000000
911 -194.0000000000
912 -193.0000000000
924 -192.0000000000
934 -191.0000000000
945 -190.0000000000
968 -188.0000000000
981 -187.0000000000
993 -185.0000000000
1001 -181.0000000000
1047 -179.0000000000
1058 -178.0000000000
1061 -177.0000000000
1074 -176.0000000000
1091 -175.0000000000
1093 -174.0000000000
1126 -173.0000000000
1161 -172.0000000000
1171 -171.0000000000
1182 -170.0000000000
1214 -169.0000000000
1218 -168.0000000000
1228 -167.0000000000
1247 -164.0000000000
1288 -162.0000000000
1307 -161.0000000000
1323 -160.0000000000
1347 -158.0000000000
1382 -157.0000000000
1404 -155.0000000000
1422 -154.0000000000
1431 -152.0000000000
1488 -151.0000000000
1511 -149.0000000000
1573 -147.0000000000
1596 -145.0000000000
1615 -144.0000000000
1653 -140.0000000000
1681 -139.0000000000
1707 -138.0000000000
1732 -137.0000000000
1742 -136.0000000000
1744 -134.0000000000
1792 -132.0000000000
1811 -131.0000000000
1828 -130.0000000000
1867 -129.0000000000
1882 -128.0000000000
1894 -127.0000000000
1904 -125.0000000000
1935 -123.0000000000
1961 -122.0000000000
2003 -121.0000000000
2021 -120.0000000000
2025 -119.0000000000
2042 -118.0000000000
2044 -117.0000000000
2054 -115.0000000000
2070 -113.0000000000
2081 -112.0000000000
2128 -111.0000000000
2160 -110.0000000000
2185 -109.0000000000
2194 -108.0000000000
2228 -104.0000000000
2283 -103.0000000000
2309 -102.0000000000
2332 -101.0000000000
2355 -100.0000000000
2391 -98.0000000000
2432 -97.0000000000
2441 -96.0000000000
2464 -94.0000000000
2521 -93.0000000000
2557 -91.0000000000
2626 -90.0000000000
2635 -89.0000000000
2673 -88.0000000000
2683 -87.0000000000
2713 -86.0000000000
2784 -85.0000000000
2813 -84.0000000000
2841 -83.0000000000
2874 -82.0000000000
2893 -81.0000000000
2903 -80.0000000000
2908 -79.0000000000
2962 -77.0000000000
2998 -76.0000000000
3034 -75.0000000000
3045 -74.0000000000
3078 -73.0000000000
3080 -71.0000000000
3119 -70.0000000000
3149 -69.0000000000
3155 -66.0000000000
3176 -65.0000000000
3187 -64.0000000000
3222 -63.0000000000
3257 -62.0000000000
3279 -60.0000000000
3316 -59.0000000000
3324 -58.0000000000
3354 -57.0000000000
3391 -56.0000000000
3418 -55.0000000000
3462 -53.0000000000
3528 -52.0000000000
3536 -50.0000000000
3577 -49.0000000000
3610 -48.0000000000
3636 -47.0000000000
3654 -45.0000000000
3700 -44.0000000000
3733 -43.0000000000
3745 -42.0000000000
3777 -40.0000000000
3843 -39.0000000000
3870 -36.0000000000
3960 -35.0000000000
3995 -34.0000000000
4041 -33.0000000000
4079 -32.0000000000
4112 -31.0000000000
4154 -30.0000000000
4200 -29.0000000000
4238 -28.0000000000
4254 -27.0000000000
4286 -26.0000000000
4302 -25.0000000000
4308 -24.0000000000
4403 -23.0000000000
4417 -21.0000000000
4444 -20.0000000000
4484 -19.0000000000
4509 -18.0000000000
4548 -17.0000000000
4578 -16.0000000000
4647 -15.0000000000
4698 -14.0000000000
4751 -13.0000000000
4766 -12.0000000000
4836 -11.0000000000
4883 -10.0000000000
4921 -9.0000000000
4974 -8.0000000000
4990 -7.0000000000
5086 -5.0000000000
5199 -4.0000000000
5208 -3.0000000000
5282 -2.0000000000
5433 -1.0000000000
5474 592.0000000000
5503 594.0000000000
5516 595.0000000000
5531 598.0000000000
5543 601.0000000000
5623 615.0000000000
5816 620.0000000000
6465 624.0000000000
6633 634.0000000000
6848 636.0000000000
7576 639.0000000000
8340 644.0000000000
8387 651.0000000000
8434 652.0000000000
8552 660.0000000000
8893 662.0000000000
9020 663.0000000000
10455 664.0000000000
10541 668.0000000000
11036 670.0000000000
82126 703.0000000000
11773 672.0000000000
11872 673.0000000000
12151 675.0000000000
12310 677.0000000000
17909 679.0000000000
26514 681.0000000000
29303 687.0000000000
29855 690.0000000000
100000 -3.0000000000
evaluations raw_y
1 -389.0000000000
2 -384.0000000000
3 -362.0000000000
14 -359.0000000000
16 -358.0000000000
22 -343.0000000000
41 -335.0000000000
62 -327.0000000000
97 -321.0000000000
114 -304.0000000000
136 -299.0000000000
177 -295.0000000000
180 -291.0000000000
181 -285.0000000000
195 -283.0000000000
202 -275.0000000000
211 -272.0000000000
236 -271.0000000000
247 -266.0000000000
261 -263.0000000000
291 -262.0000000000
295 -253.0000000000
319 -250.0000000000
324 -247.0000000000
343 -243.0000000000
358 -242.0000000000
372 -241.0000000000
373 -239.0000000000
383 -234.0000000000
441 -233.0000000000
448 -232.0000000000
460 -231.0000000000
467 -230.0000000000
475 -228.0000000000
507 -227.0000000000
525 -224.0000000000
544 -223.0000000000
555 -222.0000000000
582 -221.0000000000
596 -219.0000000000
624 -217.0000000000
644 -214.0000000000
678 -210.0000000000
692 -209.0000000000
715 -208.0000000000
748 -206.0000000000
772 -204.0000000000
813 -202.0000000000
831 -200.0000000000
837 -199.0000000000
861 -198.0000000000
885 -197.0000000000
894 -196.0000000000
901 -195.0000000000
911 -194.0000000000
912 -193.0000000000
924 -192.0000000000
934 -191.0000000000
945 -190.0000000000
968 -188.0000000000
981 -187.0000000000
993 -185.0000000000
1001 -181.0000000000
1047 -179.0000000000
1058 -178.0000000000
1061 -177.0000000000
1074 -176.0000000000
1091 -175.0000000000
1093 -174.0000000000
1126 -173.0000000000
1161 -172.0000000000
1171 -171.0000000000
1182 -170.0000000000
1214 -169.0000000000
1218 -168.0000000000
1228 -167.0000000000
1247 -164.0000000000
1288 -162.0000000000
1307 -161.0000000000
1323 -160.0000000000
1347 -158.0000000000
1382 -157.0000000000
1404 -155.0000000000
1422 -154.0000000000
1431 -152.0000000000
1488 -151.0000000000
1511 -149.0000000000
1573 -147.0000000000
1596 -145.0000000000
1615 -144.0000000000
1653 -140.0000000000
1681 -139.0000000000
1707 -138.0000000000
1732 -137.0000000000
1742 -136.0000000000
1744 -134.0000000000
1792 -132.0000000000
1811 -131.0000000000
1828 -130.0000000000
1867 -129.0000000000
1882 -128.0000000000
1894 -127.0000000000
1904 -125.0000000000
1935 -123.0000000000
1961 -122.0000000000
2003 -121.0000000000
2021 -120.0000000000
2025 -119.0000000000
2042 -118.0000000000
2044 -117.0000000000
2054 -115.0000000000
2070 -113.0000000000
2081 -112.0000000000
2128 -111.0000000000
2160 -110.0000000000
2185 -109.0000000000
2194 -108.0000000000
2228 -104.0000000000
2283 -103.0000000000
2309 -102.0000000000
2332 -101.0000000000
2355 -100.0000000000
2391 -98.0000000000
2432 -97.0000000000
2441 -96.0000000000
2464 -94.0000000000
2521 -93.0000000000
2557 -91.0000000000
2626 -90.0000000000
2635 -89.0000000000
33440 691.0000000000
2673 -88.0000000000
2683 -87.0000000000
2713 -86.0000000000
2784 -85.0000000000
33587 692.0000000000
2813 -84.0000000000
2841 -83.0000000000
2874 -82.0000000000
2893 -81.0000000000
2903 -80.0000000000
2908 -79.0000000000
2962 -77.0000000000
2998 -76.0000000000
3034 -75.0000000000
3045 -74.0000000000
3078 -73.0000000000
3080 -71.0000000000
3119 -70.0000000000
3149 -69.0000000000
3155 -66.0000000000
3176 -65.0000000000
3187 -64.0000000000
3222 -63.0000000000
3257 -62.0000000000
34286 694.0000000000
3279 -60.0000000000
3316 -59.0000000000
3324 -58.0000000000
3354 -57.0000000000
3391 -56.0000000000
3418 -55.0000000000
3462 -53.0000000000
3528 -52.0000000000
3536 -50.0000000000
3577 -49.0000000000
3610 -48.0000000000
3636 -47.0000000000
3654 -45.0000000000
3700 -44.0000000000
3733 -43.0000000000
3745 -42.0000000000
3777 -40.0000000000
3843 -39.0000000000
3870 -36.0000000000
3960 -35.0000000000
3995 -34.0000000000
4041 -33.0000000000
4079 -32.0000000000
4112 -31.0000000000
4154 -30.0000000000
4200 -29.0000000000
4238 -28.0000000000
4254 -27.0000000000
4286 -26.0000000000
4302 -25.0000000000
4308 -24.0000000000
4403 -23.0000000000
4417 -21.0000000000
4444 -20.0000000000
4484 -19.0000000000
4509 -18.0000000000
4548 -17.0000000000
4578 -16.0000000000
4647 -15.0000000000
4698 -14.0000000000
4751 -13.0000000000
4766 -12.0000000000
4836 -11.0000000000
4883 -10.0000000000
4921 -9.0000000000
4974 -8.0000000000
4990 -7.0000000000
5086 -5.0000000000
5199 -4.0000000000
5208 -3.0000000000
5282 -2.0000000000
5433 -1.0000000000
5474 592.0000000000
5503 594.0000000000
5516 595.0000000000
5531 598.0000000000
5543 601.0000000000
5623 615.0000000000
5816 620.0000000000
6465 624.0000000000
6633 634.0000000000
6848 636.0000000000
7576 639.0000000000
8340 644.0000000000
8387 651.0000000000
8434 652.0000000000
8552 660.0000000000
8893 662.0000000000
9020 663.0000000000
10455 664.0000000000
10541 668.0000000000
11036 670.0000000000
42019 697.0000000000
11773 672.0000000000
11872 673.0000000000
12151 675.0000000000
12310 677.0000000000
17909 679.0000000000
26514 681.0000000000
29303 687.0000000000
29855 690.0000000000
33440 691.0000000000
33587 692.0000000000
34286 694.0000000000
70797 699.0000000000
42019 697.0000000000
70797 699.0000000000
100000 -3.0000000000
evaluations raw_y
1 -354.0000000000
2 -351.0000000000
21 -332.0000000000
53 -331.0000000000
62 -330.0000000000
81 -322.0000000000
101 -321.0000000000
102 -317.0000000000
113 -314.0000000000
125 -313.0000000000
132 -311.0000000000
151 -302.0000000000
175 -300.0000000000
188 -299.0000000000
201 -293.0000000000
221 -292.0000000000
223 -290.0000000000
231 -286.0000000000
243 -282.0000000000
265 -279.0000000000
269 -275.0000000000
297 -272.0000000000
301 -270.0000000000
312 -269.0000000000
325 -267.0000000000
358 -264.0000000000
370 -261.0000000000
396 -260.0000000000
397 -258.0000000000
406 -257.0000000000
414 -256.0000000000
420 -255.0000000000
426 -252.0000000000
452 -251.0000000000
474 -250.0000000000
492 -248.0000000000
502 -247.0000000000
512 -244.0000000000
532 -240.0000000000
541 -239.0000000000
566 -238.0000000000
591 -237.0000000000
594 -236.0000000000
606 -235.0000000000
612 -234.0000000000
626 -233.0000000000
638 -232.0000000000
642 -231.0000000000
655 -228.0000000000
687 -226.0000000000
704 -225.0000000000
715 -222.0000000000
749 -221.0000000000
776 -218.0000000000
799 -217.0000000000
812 -216.0000000000
825 -215.0000000000
849 -214.0000000000
856 -211.0000000000
873 -210.0000000000
900 -208.0000000000
932 -206.0000000000
955 -204.0000000000
972 -203.0000000000
984 -202.0000000000
999 -201.0000000000
1011 -200.0000000000
1040 -198.0000000000
1065 -197.0000000000
1081 -196.0000000000
1084 -195.0000000000
1097 -194.0000000000
1111 -193.0000000000
1134 -192.0000000000
1155 -191.0000000000
1178 -190.0000000000
1185 -188.0000000000
1222 -187.0000000000
1237 -186.0000000000
1272 -185.0000000000
1310 -183.0000000000
1331 -180.0000000000
1361 -179.0000000000
1395 -178.0000000000
1404 -177.0000000000
1422 -176.0000000000
1434 -175.0000000000
1459 -173.0000000000
1469 -171.0000000000
1513 -167.0000000000
1521 -166.0000000000
1560 -164.0000000000
1594 -163.0000000000
1619 -162.0000000000
1622 -160.0000000000
1657 -159.0000000000
1678 -155.0000000000
1703 -154.0000000000
1735 -152.0000000000
1791 -151.0000000000
1793 -149.0000000000
1839 -148.0000000000
1865 -147.0000000000
1879 -146.0000000000
1882 -144.0000000000
1924 -142.0000000000
1949 -141.0000000000
2009 -140.0000000000
2064 -139.0000000000
2066 -138.0000000000
2072 -136.0000000000
2125 -135.0000000000
2159 -134.0000000000
2178 -133.0000000000
2202 -132.0000000000
2212 -131.0000000000
2232 -128.0000000000
2244 -126.0000000000
2305 -125.0000000000
2306 -124.0000000000
2322 -123.0000000000
2342 -121.0000000000
2382 -120.0000000000
2394 -119.0000000000
2398 -118.0000000000
2444 -117.0000000000
2459 -115.0000000000
2504 -113.0000000000
2517 -112.0000000000
2550 -111.0000000000
2554 -110.0000000000
2605 -108.0000000000
2626 -107.0000000000
2661 -105.0000000000
2682 -104.0000000000
2743 -102.0000000000
2771 -101.0000000000
2804 -100.0000000000
2827 -99.0000000000
2829 -98.0000000000
2876 -97.0000000000
2904 -96.0000000000
2931 -94.0000000000
2964 -93.0000000000
2966 -92.0000000000
3021 -91.0000000000
3042 -90.0000000000
3049 -89.0000000000
3086 -86.0000000000
3109 -85.0000000000
3147 -84.0000000000
3162 -83.0000000000
3191 -82.0000000000
3202 -81.0000000000
3245 -80.0000000000
3254 -78.0000000000
3279 -77.0000000000
3305 -76.0000000000
3321 -75.0000000000
3351 -73.0000000000
3366 -71.0000000000
3410 -69.0000000000
3436 -68.0000000000
3494 -65.0000000000
3553 -64.0000000000
3595 -62.0000000000
3617 -61.0000000000
3633 -60.0000000000
3690 -57.0000000000
3762 -56.0000000000
3815 -55.0000000000
3822 -54.0000000000
3870 -53.0000000000
3893 -52.0000000000
3915 -51.0000000000
3960 -50.0000000000
3979 -49.0000000000
4005 -48.0000000000
4074 -47.0000000000
4082 -45.0000000000
4095 -44.0000000000
4151 -42.0000000000
4193 -41.0000000000
4228 -40.0000000000
4255 -39.0000000000
4323 -38.0000000000
4378 -37.0000000000
4448 -36.0000000000
4477 -35.0000000000
4494 -34.0000000000
4510 -33.0000000000
4568 -32.0000000000
4608 -31.0000000000
4669 -29.0000000000
4684 -27.0000000000
4744 -26.0000000000
4767 -25.0000000000
4806 -24.0000000000
4861 -23.0000000000
4908 -22.0000000000
4966 -20.0000000000
5021 -19.0000000000
5082 -18.0000000000
5107 -17.0000000000
5168 -16.0000000000
5192 -15.0000000000
5235 -14.0000000000
5246 -13.0000000000
5324 -12.0000000000
5375 -11.0000000000
5445 -10.0000000000
5493 -9.0000000000
5531 -8.0000000000
5608 -6.0000000000
5720 -5.0000000000
5736 -4.0000000000
5797 -3.0000000000
5932 -2.0000000000
6011 -1.0000000000
6079 531.0000000000
6088 557.0000000000
6127 565.0000000000
6167 567.0000000000
6218 570.0000000000
6259 571.0000000000
6289 574.0000000000
6305 580.0000000000
6408 582.0000000000
6429 584.0000000000
6471 585.0000000000
6496 592.0000000000
6643 596.0000000000
6665 607.0000000000
6999 612.0000000000
7049 623.0000000000
7174 624.0000000000
7245 630.0000000000
7434 632.0000000000
7435 634.0000000000
7519 636.0000000000
7534 640.0000000000
7539 647.0000000000
7554 651.0000000000
7630 656.0000000000
8007 658.0000000000
8174 661.0000000000
8234 664.0000000000
9198 666.0000000000
9359 667.0000000000
9961 669.0000000000
10592 672.0000000000
10821 675.0000000000
11370 676.0000000000
11496 679.0000000000
11505 680.0000000000
11674 689.0000000000
13971 695.0000000000
15254 697.0000000000
17426 698.0000000000
17929 700.0000000000
19476 701.0000000000
19822 702.0000000000
100000 -3.0000000000
evaluations raw_y
1 -354.0000000000
2 -351.0000000000
21 -332.0000000000
53 -331.0000000000
62 -330.0000000000
81 -322.0000000000
101 -321.0000000000
102 -317.0000000000
113 -314.0000000000
125 -313.0000000000
132 -311.0000000000
151 -302.0000000000
175 -300.0000000000
188 -299.0000000000
201 -293.0000000000
221 -292.0000000000
223 -290.0000000000
231 -286.0000000000
243 -282.0000000000
265 -279.0000000000
269 -275.0000000000
297 -272.0000000000
301 -270.0000000000
312 -269.0000000000
325 -267.0000000000
358 -264.0000000000
370 -261.0000000000
396 -260.0000000000
397 -258.0000000000
406 -257.0000000000
414 -256.0000000000
420 -255.0000000000
426 -252.0000000000
452 -251.0000000000
474 -250.0000000000
492 -248.0000000000
502 -247.0000000000
512 -244.0000000000
532 -240.0000000000
541 -239.0000000000
566 -238.0000000000
591 -237.0000000000
594 -236.0000000000
606 -235.0000000000
612 -234.0000000000
626 -233.0000000000
638 -232.0000000000
642 -231.0000000000
655 -228.0000000000
687 -226.0000000000
704 -225.0000000000
715 -222.0000000000
749 -221.0000000000
776 -218.0000000000
799 -217.0000000000
812 -216.0000000000
825 -215.0000000000
849 -214.0000000000
856 -211.0000000000
873 -210.0000000000
900 -208.0000000000
932 -206.0000000000
955 -204.0000000000
972 -203.0000000000
984 -202.0000000000
999 -201.0000000000
1011 -200.0000000000
1040 -198.0000000000
1065 -197.0000000000
1081 -196.0000000000
1084 -195.0000000000
1097 -194.0000000000
1111 -193.0000000000
1134 -192.0000000000
1155 -191.0000000000
1178 -190.0000000000
1185 -188.0000000000
1222 -187.0000000000
1237 -186.0000000000
1272 -185.0000000000
1310 -183.0000000000
1331 -180.0000000000
1361 -179.0000000000
1395 -178.0000000000
1404 -177.0000000000
1422 -176.0000000000
1434 -175.0000000000
1459 -173.0000000000
1469 -171.0000000000
1513 -167.0000000000
1521 -166.0000000000
1560 -164.0000000000
1594 -163.0000000000
1619 -162.0000000000
1622 -160.0000000000
1657 -159.0000000000
1678 -155.0000000000
1703 -154.0000000000
1735 -152.0000000000
1791 -151.0000000000
1793 -149.0000000000
1839 -148.0000000000
1865 -147.0000000000
1879 -146.0000000000
1882 -144.0000000000
1924 -142.0000000000
1949 -141.0000000000
2009 -140.0000000000
2064 -139.0000000000
2066 -138.0000000000
2072 -136.0000000000
2125 -135.0000000000
2159 -134.0000000000
2178 -133.0000000000
2202 -132.0000000000
2212 -131.0000000000
2232 -128.0000000000
2244 -126.0000000000
2305 -125.0000000000
2306 -124.0000000000
2322 -123.0000000000
2342 -121.0000000000
2382 -120.0000000000
2394 -119.0000000000
2398 -118.0000000000
2444 -117.0000000000
2459 -115.0000000000
2504 -113.0000000000
2517 -112.0000000000
2550 -111.0000000000
2554 -110.0000000000
2605 -108.0000000000
2626 -107.0000000000
2661 -105.0000000000
2682 -104.0000000000
2743 -102.0000000000
2771 -101.0000000000
2804 -100.0000000000
2827 -99.0000000000
2829 -98.0000000000
2876 -97.0000000000
2904 -96.0000000000
2931 -94.0000000000
2964 -93.0000000000
2966 -92.0000000000
3021 -91.0000000000
3042 -90.0000000000
3049 -89.0000000000
3086 -86.0000000000
3109 -85.0000000000
3147 -84.0000000000
3162 -83.0000000000
3191 -82.0000000000
3202 -81.0000000000
3245 -80.0000000000
3254 -78.0000000000
3279 -77.0000000000
3305 -76.0000000000
3321 -75.0000000000
3351 -73.0000000000
3366 -71.0000000000
3410 -69.0000000000
3436 -68.0000000000
3494 -65.0000000000
3553 -64.0000000000
3595 -62.0000000000
3617 -61.0000000000
3633 -60.0000000000
3690 -57.0000000000
3762 -56.0000000000
3815 -55.0000000000
3822 -54.0000000000
3870 -53.0000000000
3893 -52.0000000000
3915 -51.0000000000
3960 -50.0000000000
3979 -49.0000000000
4005 -48.0000000000
4074 -47.0000000000
4082 -45.0000000000
4095 -44.0000000000
4151 -42.0000000000
4193 -41.0000000000
4228 -40.0000000000
4255 -39.0000000000
4323 -38.0000000000
4378 -37.0000000000
4448 -36.0000000000
4477 -35.0000000000
4494 -34.0000000000
4510 -33.0000000000
4568 -32.0000000000
4608 -31.0000000000
4669 -29.0000000000
4684 -27.0000000000
4744 -26.0000000000
4767 -25.0000000000
4806 -24.0000000000
4861 -23.0000000000
4908 -22.0000000000
4966 -20.0000000000
5021 -19.0000000000
5082 -18.0000000000
5107 -17.0000000000
5168 -16.0000000000
5192 -15.0000000000
5235 -14.0000000000
5246 -13.0000000000
5324 -12.0000000000
5375 -11.0000000000
5445 -10.0000000000
5493 -9.0000000000
5531 -8.0000000000
5608 -6.0000000000
5720 -5.0000000000
5736 -4.0000000000
5797 -3.0000000000
5932 -2.0000000000
6011 -1.0000000000
6079 531.0000000000
6088 557.0000000000
6127 565.0000000000
6167 567.0000000000
6218 570.0000000000
6259 571.0000000000
6289 574.0000000000
6305 580.0000000000
6408 582.0000000000
6429 584.0000000000
6471 585.0000000000
6496 592.0000000000
6643 596.0000000000
6665 607.0000000000
6999 612.0000000000
7049 623.0000000000
7174 624.0000000000
7245 630.0000000000
7434 632.0000000000
7435 634.0000000000
7519 636.0000000000
7534 640.0000000000
7539 647.0000000000
7554 651.0000000000
7630 656.0000000000
8007 658.0000000000
8174 661.0000000000
8234 664.0000000000
9198 666.0000000000
9359 667.0000000000
9961 669.0000000000
39622 703.0000000000
10592 672.0000000000
39872 704.0000000000
10821 675.0000000000
11370 676.0000000000
11496 679.0000000000
11505 680.0000000000
11674 689.0000000000
13971 695.0000000000
15254 697.0000000000
17426 698.0000000000
17929 700.0000000000
47414 706.0000000000
19476 701.0000000000
19822 702.0000000000
64715 707.0000000000
70363 710.0000000000
39622 703.0000000000
39872 704.0000000000
70847 711.0000000000
47414 706.0000000000
64715 707.0000000000
97137 712.0000000000
100000 -2.0000000000
evaluations raw_y
1 -360.0000000000
2 -352.0000000000
11 -351.0000000000
25 -350.0000000000
38 -345.0000000000
55 -333.0000000000
77 -331.0000000000
88 -327.0000000000
90 -325.0000000000
107 -324.0000000000
118 -323.0000000000
124 -312.0000000000
157 -311.0000000000
163 -310.0000000000
173 -309.0000000000
182 -307.0000000000
201 -300.0000000000
232 -299.0000000000
245 -297.0000000000
258 -296.0000000000
273 -295.0000000000
274 -294.0000000000
277 -293.0000000000
280 -291.0000000000
285 -288.0000000000
312 -284.0000000000
327 -283.0000000000
355 -279.0000000000
373 -274.0000000000
405 -273.0000000000
416 -272.0000000000
433 -271.0000000000
445 -269.0000000000
471 -268.0000000000
491 -267.0000000000
505 -265.0000000000
518 -264.0000000000
529 -263.0000000000
531 -262.0000000000
542 -261.0000000000
546 -260.0000000000
550 -259.0000000000
558 -257.0000000000
561 -255.0000000000
578 -254.0000000000
585 -253.0000000000
615 -252.0000000000
616 -251.0000000000
644 -248.0000000000
656 -247.0000000000
689 -246.0000000000
708 -245.0000000000
712 -242.0000000000
729 -241.0000000000
739 -240.0000000000
743 -238.0000000000
785 -236.0000000000
800 -235.0000000000
803 -234.0000000000
813 -230.0000000000
852 -229.0000000000
875 -227.0000000000
888 -226.0000000000
911 -223.0000000000
944 -222.0000000000
976 -220.0000000000
992 -219.0000000000
999 -217.0000000000
1037 -216.0000000000
1041 -215.0000000000
1074 -214.0000000000
1079 -212.0000000000
1096 -211.0000000000
1103 -209.0000000000
1109 -208.0000000000
1129 -205.0000000000
1140 -204.0000000000
70363 710.0000000000
1173 -202.0000000000
1201 -201.0000000000
1211 -199.0000000000
1251 -197.0000000000
1280 -195.0000000000
1305 -194.0000000000
1321 -191.0000000000
1353 -187.0000000000
1368 -186.0000000000
1371 -185.0000000000
1432 -184.0000000000
1446 -183.0000000000
1465 -182.0000000000
1495 -181.0000000000
1510 -180.0000000000
1520 -178.0000000000
1532 -176.0000000000
1581 -175.0000000000
1608 -174.0000000000
1615 -173.0000000000
1631 -172.0000000000
1642 -171.0000000000
1646 -170.0000000000
1666 -169.0000000000
1681 -168.0000000000
1695 -167.0000000000
1706 -165.0000000000
1722 -164.0000000000
1747 -163.0000000000
1767 -161.0000000000
1795 -160.0000000000
1802 -159.0000000000
70847 711.0000000000
1827 -158.0000000000
1856 -156.0000000000
1866 -155.0000000000
1906 -154.0000000000
1930 -152.0000000000
1952 -151.0000000000
1955 -149.0000000000
1988 -147.0000000000
2001 -145.0000000000
2043 -144.0000000000
2056 -142.0000000000
2088 -140.0000000000
2123 -138.0000000000
2161 -136.0000000000
2207 -135.0000000000
2251 -134.0000000000
2271 -133.0000000000
2300 -132.0000000000
2301 -130.0000000000
2352 -129.0000000000
2355 -127.0000000000
2376 -124.0000000000
2394 -123.0000000000
2432 -122.0000000000
2457 -121.0000000000
2476 -119.0000000000
2554 -118.0000000000
2565 -117.0000000000
2571 -116.0000000000
2593 -114.0000000000
2625 -113.0000000000
2642 -112.0000000000
2643 -111.0000000000
2673 -109.0000000000
2719 -108.0000000000
2735 -107.0000000000
2745 -106.0000000000
2767 -105.0000000000
2781 -104.0000000000
2825 -103.0000000000
2828 -102.0000000000
2837 -101.0000000000
2904 -100.0000000000
2916 -98.0000000000
2922 -95.0000000000
2976 -94.0000000000
3002 -93.0000000000
3032 -92.0000000000
3054 -91.0000000000
3079 -90.0000000000
3116 -89.0000000000
3170 -88.0000000000
3179 -86.0000000000
3237 -85.0000000000
3268 -84.0000000000
3269 -83.0000000000
3286 -82.0000000000
3313 -80.0000000000
3353 -79.0000000000
3361 -78.0000000000
3401 -77.0000000000
3432 -75.0000000000
3471 -74.0000000000
3507 -73.0000000000
3522 -70.0000000000
3543 -69.0000000000
3559 -67.0000000000
3609 -66.0000000000
3650 -63.0000000000
3664 -62.0000000000
3741 -61.0000000000
3752 -60.0000000000
3775 -59.0000000000
3803 -58.0000000000
3817 -57.0000000000
3823 -55.0000000000
3888 -54.0000000000
3890 -53.0000000000
3913 -52.0000000000
3965 -51.0000000000
4002 -50.0000000000
4016 -49.0000000000
4049 -48.0000000000
4059 -47.0000000000
4090 -46.0000000000
4101 -45.0000000000
4142 -44.0000000000
4159 -43.0000000000
4180 -42.0000000000
4223 -40.0000000000
4265 -39.0000000000
4291 -37.0000000000
4363 -34.0000000000
4392 -33.0000000000
4460 -32.0000000000
4500 -31.0000000000
4522 -30.0000000000
4551 -29.0000000000
4567 -28.0000000000
4574 -27.0000000000
4669 -26.0000000000
4711 -25.0000000000
4767 -24.0000000000
4777 -23.0000000000
4883 -22.0000000000
4905 -19.0000000000
5033 -18.0000000000
5062 -17.0000000000
5108 -16.0000000000
5172 -15.0000000000
5182 -14.0000000000
5287 -13.0000000000
5444 -12.0000000000
5488 -11.0000000000
5546 -10.0000000000
5600 -9.0000000000
5611 -8.0000000000
5663 -7.0000000000
5696 -6.0000000000
5698 -5.0000000000
5804 -4.0000000000
5892 -3.0000000000
5923 -2.0000000000
5926 -1.0000000000
5945 558.0000000000
6092 567.0000000000
6100 571.0000000000
6157 579.0000000000
6177 594.0000000000
6535 597.0000000000
6560 625.0000000000
6600 627.0000000000
6646 629.0000000000
6691 635.0000000000
6695 637.0000000000
6773 652.0000000000
6822 656.0000000000
6912 665.0000000000
7421 669.0000000000
7516 672.0000000000
7531 680.0000000000
9520 683.0000000000
10012 685.0000000000
10197 687.0000000000
10274 688.0000000000
12099 693.0000000000
12157 696.0000000000
13309 698.0000000000
20017 702.0000000000
24038 703.0000000000
25016 704.0000000000
25830 706.0000000000
97137 712.0000000000
100000 -2.0000000000
evaluations raw_y
1 -360.0000000000
2 -352.0000000000
11 -351.0000000000
25 -350.0000000000
38 -345.0000000000
55 -333.0000000000
77 -331.0000000000
88 -327.0000000000
90 -325.0000000000
107 -324.0000000000
118 -323.0000000000
124 -312.0000000000
157 -311.0000000000
163 -310.0000000000
173 -309.0000000000
182 -307.0000000000
201 -300.0000000000
232 -299.0000000000
245 -297.0000000000
258 -296.0000000000
273 -295.0000000000
274 -294.0000000000
277 -293.0000000000
280 -291.0000000000
285 -288.0000000000
312 -284.0000000000
327 -283.0000000000
355 -279.0000000000
373 -274.0000000000
405 -273.0000000000
416 -272.0000000000
433 -271.0000000000
445 -269.0000000000
471 -268.0000000000
491 -267.0000000000
505 -265.0000000000
518 -264.0000000000
529 -263.0000000000
531 -262.0000000000
542 -261.0000000000
546 -260.0000000000
550 -259.0000000000
558 -257.0000000000
561 -255.0000000000
578 -254.0000000000
585 -253.0000000000
615 -252.0000000000
616 -251.0000000000
644 -248.0000000000
656 -247.0000000000
689 -246.0000000000
708 -245.0000000000
712 -242.0000000000
729 -241.0000000000
739 -240.0000000000
743 -238.0000000000
785 -236.0000000000
800 -235.0000000000
803 -234.0000000000
813 -230.0000000000
852 -229.0000000000
875 -227.0000000000
888 -226.0000000000
911 -223.0000000000
944 -222.0000000000
976 -220.0000000000
992 -219.0000000000
999 -217.0000000000
1037 -216.0000000000
1041 -215.0000000000
1074 -214.0000000000
1079 -212.0000000000
1096 -211.0000000000
1103 -209.0000000000
1109 -208.0000000000
1129 -205.0000000000
1140 -204.0000000000
1173 -202.0000000000
1201 -201.0000000000
1211 -199.0000000000
1251 -197.0000000000
1280 -195.0000000000
1305 -194.0000000000
1321 -191.0000000000
1353 -187.0000000000
1368 -186.0000000000
1371 -185.0000000000
1432 -184.0000000000
1446 -183.0000000000
1465 -182.0000000000
1495 -181.0000000000
1510 -180.0000000000
1520 -178.0000000000
1532 -176.0000000000
1581 -175.0000000000
1608 -174.0000000000
1615 -173.0000000000
1631 -172.0000000000
1642 -171.0000000000
1646 -170.0000000000
1666 -169.0000000000
1681 -168.0000000000
1695 -167.0000000000
1706 -165.0000000000
1722 -164.0000000000
1747 -163.0000000000
1767 -161.0000000000
1795 -160.0000000000
1802 -159.0000000000
1827 -158.0000000000
1856 -156.0000000000
1866 -155.0000000000
1906 -154.0000000000
1930 -152.0000000000
1952 -151.0000000000
1955 -149.0000000000
1988 -147.0000000000
2001 -145.0000000000
2043 -144.0000000000
2056 -142.0000000000
2088 -140.0000000000
2123 -138.0000000000
2161 -136.0000000000
2207 -135.0000000000
2251 -134.0000000000
2271 -133.0000000000
2300 -132.0000000000
2301 -130.0000000000
2352 -129.0000000000
2355 -127.0000000000
2376 -124.0000000000
2394 -123.0000000000
2432 -122.0000000000
2457 -121.0000000000
2476 -119.0000000000
2554 -118.0000000000
2565 -117.0000000000
2571 -116.0000000000
2593 -114.0000000000
2625 -113.0000000000
2642 -112.0000000000
2643 -111.0000000000
2673 -109.0000000000
2719 -108.0000000000
2735 -107.0000000000
2745 -106.0000000000
2767 -105.0000000000
2781 -104.0000000000
2825 -103.0000000000
2828 -102.0000000000
2837 -101.0000000000
2904 -100.0000000000
2916 -98.0000000000
2922 -95.0000000000
2976 -94.0000000000
3002 -93.0000000000
3032 -92.0000000000
3054 -91.0000000000
3079 -90.0000000000
3116 -89.0000000000
3170 -88.0000000000
3179 -86.0000000000
3237 -85.0000000000
3268 -84.0000000000
3269 -83.0000000000
3286 -82.0000000000
3313 -80.0000000000
3353 -79.0000000000
3361 -78.0000000000
3401 -77.0000000000
3432 -75.0000000000
3471 -74.0000000000
3507 -73.0000000000
3522 -70.0000000000
3543 -69.0000000000
3559 -67.0000000000
3609 -66.0000000000
3650 -63.0000000000
3664 -62.0000000000
3741 -61.0000000000
3752 -60.0000000000
3775 -59.0000000000
3803 -58.0000000000
3817 -57.0000000000
3823 -55.0000000000
3888 -54.0000000000
3890 -53.0000000000
3913 -52.0000000000
3965 -51.0000000000
4002 -50.0000000000
4016 -49.0000000000
4049 -48.0000000000
4059 -47.0000000000
4090 -46.0000000000
4101 -45.0000000000
4142 -44.0000000000
4159 -43.0000000000
4180 -42.0000000000
4223 -40.0000000000
4265 -39.0000000000
4291 -37.0000000000
4363 -34.0000000000
4392 -33.0000000000
4460 -32.0000000000
4500 -31.0000000000
4522 -30.0000000000
4551 -29.0000000000
4567 -28.0000000000
4574 -27.0000000000
4669 -26.0000000000
4711 -25.0000000000
4767 -24.0000000000
4777 -23.0000000000
4883 -22.0000000000
4905 -19.0000000000
5033 -18.0000000000
5062 -17.0000000000
5108 -16.0000000000
5172 -15.0000000000
5182 -14.0000000000
5287 -13.0000000000
5444 -12.0000000000
5488 -11.0000000000
5546 -10.0000000000
5600 -9.0000000000
5611 -8.0000000000
5663 -7.0000000000
5696 -6.0000000000
5698 -5.0000000000
5804 -4.0000000000
5892 -3.0000000000
5923 -2.0000000000
5926 -1.0000000000
5945 558.0000000000
6092 567.0000000000
6100 571.0000000000
6157 579.0000000000
6177 594.0000000000
6535 597.0000000000
6560 625.0000000000
6600 627.0000000000
6646 629.0000000000
6691 635.0000000000
6695 637.0000000000
6773 652.0000000000
6822 656.0000000000
6912 665.0000000000
7421 669.0000000000
7516 672.0000000000
7531 680.0000000000
40808 709.0000000000
9520 683.0000000000
10012 685.0000000000
10197 687.0000000000
10274 688.0000000000
43618 712.0000000000
12099 693.0000000000
12157 696.0000000000
13309 698.0000000000
47618 715.0000000000
20017 702.0000000000
52956 719.0000000000
24038 703.0000000000
25016 704.0000000000
25830 706.0000000000
40808 709.0000000000
43618 712.0000000000
47618 715.0000000000
52956 719.0000000000
89294 722.0000000000
100000 -2.0000000000
evaluations raw_y
1 -373.0000000000
3 -359.0000000000
4 -354.0000000000
6 -350.0000000000
10 -329.0000000000
54 -323.0000000000
63 -317.0000000000
71 -312.0000000000
89 -310.0000000000
91 -306.0000000000
93 -301.0000000000
111 -293.0000000000
122 -291.0000000000
132 -282.0000000000
151 -279.0000000000
162 -277.0000000000
170 -273.0000000000
188 -271.0000000000
201 -269.0000000000
204 -268.0000000000
214 -267.0000000000
224 -259.0000000000
246 -256.0000000000
279 -252.0000000000
311 -248.0000000000
348 -247.0000000000
351 -244.0000000000
378 -243.0000000000
381 -242.0000000000
392 -240.0000000000
432 -239.0000000000
433 -237.0000000000
440 -235.0000000000
451 -234.0000000000
479 -231.0000000000
494 -230.0000000000
511 -229.0000000000
531 -228.0000000000
541 -227.0000000000
561 -226.0000000000
575 -225.0000000000
587 -224.0000000000
597 -221.0000000000
618 -218.0000000000
623 -217.0000000000
652 -216.0000000000
682 -212.0000000000
692 -211.0000000000
721 -210.0000000000
735 -208.0000000000
749 -207.0000000000
766 -206.0000000000
786 -204.0000000000
803 -203.0000000000
828 -202.0000000000
861 -201.0000000000
874 -199.0000000000
898 -198.0000000000
913 -196.0000000000
948 -194.0000000000
990 -193.0000000000
992 -192.0000000000
1033 -190.0000000000
1053 -187.0000000000
1090 -186.0000000000
1106 -185.0000000000
1124 -184.0000000000
1134 -183.0000000000
1141 -182.0000000000
1179 -181.0000000000
1189 -180.0000000000
1200 -179.0000000000
1202 -177.0000000000
1209 -176.0000000000
1216 -173.0000000000
1230 -172.0000000000
1265 -171.0000000000
1274 -170.0000000000
1280 -169.0000000000
1284 -168.0000000000
1346 -167.0000000000
1354 -166.0000000000
1365 -163.0000000000
1422 -162.0000000000
1433 -161.0000000000
1439 -157.0000000000
1484 -154.0000000000
1523 -153.0000000000
1538 -152.0000000000
1548 -151.0000000000
1551 -150.0000000000
1573 -149.0000000000
1606 -145.0000000000
1661 -144.0000000000
1680 -142.0000000000
1711 -141.0000000000
1721 -140.0000000000
1730 -139.0000000000
1741 -138.0000000000
1748 -137.0000000000
1751 -136.0000000000
1770 -135.0000000000
1776 -133.0000000000
1843 -132.0000000000
1875 -130.0000000000
1907 -129.0000000000
1913 -128.0000000000
1914 -127.0000000000
1939 -126.0000000000
1950 -125.0000000000
1995 -124.0000000000
2016 -123.0000000000
2021 -122.0000000000
2032 -119.0000000000
2051 -117.0000000000
2061 -116.0000000000
2095 -115.0000000000
2106 -114.0000000000
2114 -113.0000000000
2147 -112.0000000000
2161 -110.0000000000
2174 -108.0000000000
2211 -107.0000000000
2263 -105.0000000000
2288 -103.0000000000
2311 -102.0000000000
2315 -101.0000000000
2374 -100.0000000000
2391 -99.0000000000
2431 -98.0000000000
2457 -96.0000000000
2510 -94.0000000000
2568 -93.0000000000
2572 -92.0000000000
2599 -91.0000000000
2630 -90.0000000000
2632 -89.0000000000
2645 -88.0000000000
2673 -84.0000000000
2711 -83.0000000000
2742 -82.0000000000
2756 -81.0000000000
2808 -80.0000000000
2828 -78.0000000000
2853 -77.0000000000
2918 -76.0000000000
2921 -75.0000000000
2963 -73.0000000000
2993 -72.0000000000
3044 -71.0000000000
3064 -69.0000000000
3103 -68.0000000000
3116 -67.0000000000
3131 -65.0000000000
3200 -64.0000000000
3229 -63.0000000000
3295 -62.0000000000
3320 -61.0000000000
3360 -59.0000000000
3403 -58.0000000000
3422 -56.0000000000
3452 -55.0000000000
3481 -54.0000000000
3506 -53.0000000000
3540 -51.0000000000
3567 -49.0000000000
3681 -47.0000000000
3715 -46.0000000000
3717 -45.0000000000
3739 -44.0000000000
3781 -43.0000000000
3799 -42.0000000000
3854 -41.0000000000
3882 -40.0000000000
3921 -38.0000000000
3942 -36.0000000000
3987 -35.0000000000
4027 -34.0000000000
4032 -33.0000000000
4074 -31.0000000000
4117 -30.0000000000
4177 -29.0000000000
4180 -28.0000000000
4250 -27.0000000000
4258 -26.0000000000
4302 -25.0000000000
4363 -24.0000000000
4376 -23.0000000000
4401 -22.0000000000
4432 -21.0000000000
4469 -20.0000000000
4522 -18.0000000000
4576 -17.0000000000
4597 -16.0000000000
4692 -15.0000000000
4719 -14.0000000000
4748 -13.0000000000
4803 -12.0000000000
4822 -10.0000000000
4942 -8.0000000000
5015 -7.0000000000
5134 -6.0000000000
5226 -5.0000000000
5268 -4.0000000000
5355 -3.0000000000
5409 -2.0000000000
5500 -1.0000000000
5694 553.0000000000
5794 581.0000000000
5836 582.0000000000
5941 585.0000000000
6075 587.0000000000
6113 598.0000000000
6273 605.0000000000
6365 611.0000000000
6435 615.0000000000
6441 630.0000000000
6619 641.0000000000
6753 643.0000000000
6790 650.0000000000
6823 653.0000000000
7275 656.0000000000
7534 657.0000000000
7901 661.0000000000
8304 665.0000000000
8637 667.0000000000
8725 668.0000000000
9113 669.0000000000
11049 670.0000000000
11531 678.0000000000
89294 722.0000000000
12261 683.0000000000
19047 686.0000000000
20474 689.0000000000
100000 -2.0000000000
evaluations raw_y
1 -373.0000000000
3 -359.0000000000
4 -354.0000000000
6 -350.0000000000
10 -329.0000000000
54 -323.0000000000
63 -317.0000000000
71 -312.0000000000
89 -310.0000000000
91 -306.0000000000
93 -301.0000000000
111 -293.0000000000
122 -291.0000000000
132 -282.0000000000
151 -279.0000000000
162 -277.0000000000
170 -273.0000000000
188 -271.0000000000
201 -269.0000000000
204 -268.0000000000
214 -267.0000000000
224 -259.0000000000
246 -256.0000000000
279 -252.0000000000
311 -248.0000000000
348 -247.0000000000
351 -244.0000000000
378 -243.0000000000
381 -242.0000000000
392 -240.0000000000
432 -239.0000000000
433 -237.0000000000
440 -235.0000000000
451 -234.0000000000
479 -231.0000000000
494 -230.0000000000
511 -229.0000000000
531 -228.0000000000
541 -227.0000000000
561 -226.0000000000
575 -225.0000000000
587 -224.0000000000
597 -221.0000000000
618 -218.0000000000
623 -217.0000000000
652 -216.0000000000
682 -212.0000000000
692 -211.0000000000
721 -210.0000000000
735 -208.0000000000
749 -207.0000000000
766 -206.0000000000
786 -204.0000000000
803 -203.0000000000
828 -202.0000000000
861 -201.0000000000
874 -199.0000000000
898 -198.0000000000
913 -196.0000000000
948 -194.0000000000
990 -193.0000000000
992 -192.0000000000
1033 -190.0000000000
1053 -187.0000000000
1090 -186.0000000000
1106 -185.0000000000
1124 -184.0000000000
1134 -183.0000000000
1141 -182.0000000000
1179 -181.0000000000
1189 -180.0000000000
1200 -179.0000000000
1202 -177.0000000000
1209 -176.0000000000
1216 -173.0000000000
1230 -172.0000000000
1265 -171.0000000000
1274 -170.0000000000
1280 -169.0000000000
1284 -168.0000000000
1346 -167.0000000000
23017 691.0000000000
1354 -166.0000000000
1365 -163.0000000000
1422 -162.0000000000
1433 -161.0000000000
1439 -157.0000000000
1484 -154.0000000000
1523 -153.0000000000
1538 -152.0000000000
1548 -151.0000000000
1551 -150.0000000000
1573 -149.0000000000
1606 -145.0000000000
1661 -144.0000000000
1680 -142.0000000000
1711 -141.0000000000
1721 -140.0000000000
1730 -139.0000000000
1741 -138.0000000000
1748 -137.0000000000
1751 -136.0000000000
1770 -135.0000000000
1776 -133.0000000000
1843 -132.0000000000
1875 -130.0000000000
1907 -129.0000000000
1913 -128.0000000000
1914 -127.0000000000
1939 -126.0000000000
1950 -125.0000000000
1995 -124.0000000000
2016 -123.0000000000
2021 -122.0000000000
2032 -119.0000000000
2051 -117.0000000000
2061 -116.0000000000
2095 -115.0000000000
2106 -114.0000000000
2114 -113.0000000000
2147 -112.0000000000
2161 -110.0000000000
2174 -108.0000000000
2211 -107.0000000000
2263 -105.0000000000
2288 -103.0000000000
2311 -102.0000000000
2315 -101.0000000000
2374 -100.0000000000
2391 -99.0000000000
2431 -98.0000000000
2457 -96.0000000000
2510 -94.0000000000
2568 -93.0000000000
2572 -92.0000000000
2599 -91.0000000000
2630 -90.0000000000
2632 -89.0000000000
2645 -88.0000000000
2673 -84.0000000000
2711 -83.0000000000
2742 -82.0000000000
2756 -81.0000000000
2808 -80.0000000000
2828 -78.0000000000
2853 -77.0000000000
2918 -76.0000000000
2921 -75.0000000000
2963 -73.0000000000
2993 -72.0000000000
3044 -71.0000000000
3064 -69.0000000000
3103 -68.0000000000
3116 -67.0000000000
3131 -65.0000000000
3200 -64.0000000000
3229 -63.0000000000
3295 -62.0000000000
25167 694.0000000000
3320 -61.0000000000
3360 -59.0000000000
3403 -58.0000000000
3422 -56.0000000000
3452 -55.0000000000
3481 -54.0000000000
3506 -53.0000000000
3540 -51.0000000000
3567 -49.0000000000
3681 -47.0000000000
3715 -46.0000000000
3717 -45.0000000000
3739 -44.0000000000
3781 -43.0000000000
3799 -42.0000000000
3854 -41.0000000000
3882 -40.0000000000
3921 -38.0000000000
3942 -36.0000000000
3987 -35.0000000000
4027 -34.0000000000
4032 -33.0000000000
4074 -31.0000000000
4117 -30.0000000000
4177 -29.0000000000
4180 -28.0000000000
4250 -27.0000000000
4258 -26.0000000000
4302 -25.0000000000
4363 -24.0000000000
4376 -23.0000000000
4401 -22.0000000000
4432 -21.0000000000
4469 -20.0000000000
4522 -18.0000000000
4576 -17.0000000000
4597 -16.0000000000
4692 -15.0000000000
4719 -14.0000000000
4748 -13.0000000000
4803 -12.0000000000
4822 -10.0000000000
4942 -8.0000000000
5015 -7.0000000000
5134 -6.0000000000
5226 -5.0000000000
5268 -4.0000000000
5355 -3.0000000000
5409 -2.0000000000
5500 -1.0000000000
5694 553.0000000000
5794 581.0000000000
5836 582.0000000000
5941 585.0000000000
6075 587.0000000000
6113 598.0000000000
6273 605.0000000000
6365 611.0000000000
6435 615.0000000000
6441 630.0000000000
6619 641.0000000000
6753 643.0000000000
6790 650.0000000000
6823 653.0000000000
7275 656.0000000000
7534 657.0000000000
7901 661.0000000000
8304 665.0000000000
8637 667.0000000000
8725 668.0000000000
9113 669.0000000000
32727 695.0000000000
11049 670.0000000000
11531 678.0000000000
12261 683.0000000000
37902 697.0000000000
38215 698.0000000000
19047 686.0000000000
39393 700.0000000000
20474 689.0000000000
23017 691.0000000000
44032 701.0000000000
25167 694.0000000000
45792 704.0000000000
48015 707.0000000000
48252 709.0000000000
32727 695.0000000000
37902 697.0000000000
38215 698.0000000000
39393 700.0000000000
44032 701.0000000000
45792 704.0000000000
48015 707.0000000000
48252 709.0000000000
65671 710.0000000000
70416 712.0000000000
65671 710.0000000000
81340 714.0000000000
81387 717.0000000000
70416 712.0000000000
81340 714.0000000000
81387 717.0000000000
100000 -5.0000000000
evaluations raw_y
1 -362.0000000000
2 -350.0000000000
17 -345.0000000000
21 -331.0000000000
67 -329.0000000000
71 -328.0000000000
72 -326.0000000000
94 -325.0000000000
99 -321.0000000000
101 -320.0000000000
105 -318.0000000000
111 -315.0000000000
126 -309.0000000000
144 -308.0000000000
145 -307.0000000000
164 -306.0000000000
166 -302.0000000000
173 -301.0000000000
192 -292.0000000000
205 -290.0000000000
226 -289.0000000000
239 -286.0000000000
254 -285.0000000000
256 -284.0000000000
262 -281.0000000000
278 -278.0000000000
291 -267.0000000000
346 -262.0000000000
359 -261.0000000000
362 -259.0000000000
374 -257.0000000000
393 -256.0000000000
403 -255.0000000000
410 -254.0000000000
442 -253.0000000000
448 -252.0000000000
454 -251.0000000000
456 -249.0000000000
482 -248.0000000000
485 -247.0000000000
511 -246.0000000000
519 -244.0000000000
530 -243.0000000000
548 -242.0000000000
553 -241.0000000000
561 -239.0000000000
574 -238.0000000000
598 -237.0000000000
602 -235.0000000000
611 -234.0000000000
615 -232.0000000000
641 -230.0000000000
652 -229.0000000000
661 -226.0000000000
700 -225.0000000000
701 -224.0000000000
719 -223.0000000000
722 -221.0000000000
768 -218.0000000000
796 -217.0000000000
809 -216.0000000000
837 -215.0000000000
838 -214.0000000000
871 -213.0000000000
888 -211.0000000000
893 -208.0000000000
916 -207.0000000000
947 -205.0000000000
949 -204.0000000000
962 -203.0000000000
969 -201.0000000000
982 -200.0000000000
986 -199.0000000000
1020 -198.0000000000
1028 -197.0000000000
1042 -196.0000000000
1056 -195.0000000000
1071 -194.0000000000
1072 -193.0000000000
1081 -191.0000000000
1096 -190.0000000000
1113 -188.0000000000
1145 -185.0000000000
1178 -184.0000000000
1182 -181.0000000000
1199 -180.0000000000
1211 -179.0000000000
1233 -177.0000000000
1275 -176.0000000000
1296 -175.0000000000
1309 -174.0000000000
1320 -173.0000000000
1347 -171.0000000000
1368 -170.0000000000
1373 -169.0000000000
1385 -168.0000000000
1424 -166.0000000000
1427 -165.0000000000
1443 -163.0000000000
1472 -161.0000000000
1495 -160.0000000000
1508 -159.0000000000
1540 -158.0000000000
1561 -155.0000000000
1563 -153.0000000000
1607 -152.0000000000
1624 -151.0000000000
1630 -149.0000000000
1632 -148.0000000000
1672 -147.0000000000
1676 -146.0000000000
1686 -145.0000000000
1693 -144.0000000000
1713 -143.0000000000
1717 -142.0000000000
1734 -141.0000000000
1755 -139.0000000000
1768 -137.0000000000
1779 -136.0000000000
1811 -134.0000000000
1821 -133.0000000000
1853 -132.0000000000
1859 -131.0000000000
1869 -130.0000000000
1906 -129.0000000000
1919 -128.0000000000
1927 -127.0000000000
1944 -126.0000000000
1996 -125.0000000000
2008 -123.0000000000
2024 -122.0000000000
2074 -121.0000000000
2125 -119.0000000000
2150 -118.0000000000
2165 -117.0000000000
2173 -116.0000000000
2196 -115.0000000000
2226 -114.0000000000
2232 -113.0000000000
2273 -112.0000000000
2283 -111.0000000000
2304 -110.0000000000
2317 -108.0000000000
2350 -107.0000000000
2363 -106.0000000000
2421 -105.0000000000
2434 -104.0000000000
2442 -102.0000000000
2444 -101.0000000000
2476 -100.0000000000
2541 -99.0000000000
2547 -98.0000000000
2561 -96.0000000000
2601 -95.0000000000
2624 -94.0000000000
2645 -93.0000000000
2684 -92.0000000000
2707 -91.0000000000
2739 -90.0000000000
2750 -88.0000000000
2799 -87.0000000000
2805 -86.0000000000
2829 -85.0000000000
2842 -84.0000000000
2844 -83.0000000000
2923 -82.0000000000
2955 -81.0000000000
2971 -80.0000000000
3005 -79.0000000000
3042 -76.0000000000
3078 -75.0000000000
3110 -74.0000000000
3131 -73.0000000000
3145 -72.0000000000
3151 -71.0000000000
3204 -70.0000000000
3237 -69.0000000000
3248 -68.0000000000
3261 -67.0000000000
3272 -66.0000000000
3287 -64.0000000000
3358 -63.0000000000
3364 -62.0000000000
3390 -61.0000000000
3415 -60.0000000000
3436 -59.0000000000
3485 -57.0000000000
3538 -56.0000000000
3553 -54.0000000000
3603 -53.0000000000
3641 -52.0000000000
3663 -51.0000000000
3696 -50.0000000000
3719 -49.0000000000
3765 -47.0000000000
3784 -46.0000000000
3842 -45.0000000000
3862 -44.0000000000
3915 -43.0000000000
3942 -41.0000000000
4017 -40.0000000000
4043 -39.0000000000
4094 -36.0000000000
4154 -34.0000000000
4220 -33.0000000000
4227 -32.0000000000
4267 -31.0000000000
4312 -30.0000000000
4322 -29.0000000000
4396 -28.0000000000
4431 -27.0000000000
4444 -26.0000000000
4483 -25.0000000000
4554 -24.0000000000
4583 -23.0000000000
4612 -22.0000000000
4678 -21.0000000000
4708 -19.0000000000
4782 -18.0000000000
4851 -17.0000000000
4874 -16.0000000000
4902 -14.0000000000
4959 -13.0000000000
5010 -12.0000000000
5040 -11.0000000000
5071 -10.0000000000
5106 -9.0000000000
5136 -8.0000000000
5294 -7.0000000000
5348 -6.0000000000
5403 -5.0000000000
5448 -4.0000000000
5579 -3.0000000000
5647 -2.0000000000
5677 -1.0000000000
5741 581.0000000000
5754 589.0000000000
5767 592.0000000000
5784 604.0000000000
5878 609.0000000000
6233 618.0000000000
6332 622.0000000000
6361 626.0000000000
6589 629.0000000000
6620 631.0000000000
6640 632.0000000000
7332 635.0000000000
8305 639.0000000000
8627 647.0000000000
8720 649.0000000000
8785 657.0000000000
100000 -5.0000000000
evaluations raw_y
1 -362.0000000000
2 -350.0000000000
17 -345.0000000000
21 -331.0000000000
67 -329.0000000000
71 -328.0000000000
72 -326.0000000000
94 -325.0000000000
99 -321.0000000000
101 -320.0000000000
105 -318.0000000000
111 -315.0000000000
126 -309.0000000000
144 -308.0000000000
145 -307.0000000000
164 -306.0000000000
166 -302.0000000000
173 -301.0000000000
192 -292.0000000000
205 -290.0000000000
226 -289.0000000000
239 -286.0000000000
254 -285.0000000000
256 -284.0000000000
262 -281.0000000000
278 -278.0000000000
291 -267.0000000000
346 -262.0000000000
359 -261.0000000000
362 -259.0000000000
374 -257.0000000000
393 -256.0000000000
403 -255.0000000000
410 -254.0000000000
442 -253.0000000000
448 -252.0000000000
454 -251.0000000000
456 -249.0000000000
482 -248.0000000000
485 -247.0000000000
511 -246.0000000000
519 -244.0000000000
530 -243.0000000000
548 -242.0000000000
553 -241.0000000000
561 -239.0000000000
574 -238.0000000000
598 -237.0000000000
602 -235.0000000000
611 -234.0000000000
615 -232.0000000000
641 -230.0000000000
652 -229.0000000000
661 -226.0000000000
700 -225.0000000000
701 -224.0000000000
719 -223.0000000000
722 -221.0000000000
768 -218.0000000000
796 -217.0000000000
809 -216.0000000000
837 -215.0000000000
838 -214.0000000000
871 -213.0000000000
888 -211.0000000000
893 -208.0000000000
916 -207.0000000000
947 -205.0000000000
949 -204.0000000000
962 -203.0000000000
969 -201.0000000000
982 -200.0000000000
986 -199.0000000000
1020 -198.0000000000
1028 -197.0000000000
1042 -196.0000000000
1056 -195.0000000000
1071 -194.0000000000
1072 -193.0000000000
1081 -191.0000000000
1096 -190.0000000000
10518 659.0000000000
1113 -188.0000000000
1145 -185.0000000000
1178 -184.0000000000
10555 665.0000000000
1182 -181.0000000000
1199 -180.0000000000
1211 -179.0000000000
1233 -177.0000000000
1275 -176.0000000000
1296 -175.0000000000
1309 -174.0000000000
1320 -173.0000000000
1347 -171.0000000000
1368 -170.0000000000
1373 -169.0000000000
1385 -168.0000000000
1424 -166.0000000000
1427 -165.0000000000
1443 -163.0000000000
1472 -161.0000000000
1495 -160.0000000000
1508 -159.0000000000
11022 668.0000000000
11037 669.0000000000
1540 -158.0000000000
1561 -155.0000000000
1563 -153.0000000000
1607 -152.0000000000
1624 -151.0000000000
1630 -149.0000000000
1632 -148.0000000000
1672 -147.0000000000
1676 -146.0000000000
1686 -145.0000000000
1693 -144.0000000000
1713 -143.0000000000
1717 -142.0000000000
1734 -141.0000000000
1755 -139.0000000000
1768 -137.0000000000
1779 -136.0000000000
1811 -134.0000000000
1821 -133.0000000000
1853 -132.0000000000
1859 -131.0000000000
1869 -130.0000000000
1906 -129.0000000000
1919 -128.0000000000
1927 -127.0000000000
1944 -126.0000000000
1996 -125.0000000000
11552 671.0000000000
2008 -123.0000000000
2024 -122.0000000000
2074 -121.0000000000
2125 -119.0000000000
11693 673.0000000000
2150 -118.0000000000
2165 -117.0000000000
2173 -116.0000000000
2196 -115.0000000000
11756 674.0000000000
2226 -114.0000000000
2232 -113.0000000000
2273 -112.0000000000
2283 -111.0000000000
2304 -110.0000000000
2317 -108.0000000000
2350 -107.0000000000
2363 -106.0000000000
2421 -105.0000000000
2434 -104.0000000000
2442 -102.0000000000
2444 -101.0000000000
2476 -100.0000000000
2541 -99.0000000000
2547 -98.0000000000
2561 -96.0000000000
2601 -95.0000000000
2624 -94.0000000000
2645 -93.0000000000
2684 -92.0000000000
2707 -91.0000000000
2739 -90.0000000000
2750 -88.0000000000
2799 -87.0000000000
2805 -86.0000000000
2829 -85.0000000000
2842 -84.0000000000
2844 -83.0000000000
2923 -82.0000000000
2955 -81.0000000000
2971 -80.0000000000
3005 -79.0000000000
3042 -76.0000000000
3078 -75.0000000000
3110 -74.0000000000
3131 -73.0000000000
3145 -72.0000000000
3151 -71.0000000000
3204 -70.0000000000
3237 -69.0000000000
12805 675.0000000000
3248 -68.0000000000
3261 -67.0000000000
3272 -66.0000000000
3287 -64.0000000000
3358 -63.0000000000
3364 -62.0000000000
3390 -61.0000000000
3415 -60.0000000000
3436 -59.0000000000
3485 -57.0000000000
3538 -56.0000000000
3553 -54.0000000000
3603 -53.0000000000
3641 -52.0000000000
3663 -51.0000000000
3696 -50.0000000000
3719 -49.0000000000
3765 -47.0000000000
3784 -46.0000000000
3842 -45.0000000000
3862 -44.0000000000
3915 -43.0000000000
3942 -41.0000000000
4017 -40.0000000000
13533 676.0000000000
4043 -39.0000000000
4094 -36.0000000000
13641 679.0000000000
4154 -34.0000000000
13679 680.0000000000
4220 -33.0000000000
4227 -32.0000000000
4267 -31.0000000000
4312 -30.0000000000
4322 -29.0000000000
4396 -28.0000000000
4431 -27.0000000000
4444 -26.0000000000
4483 -25.0000000000
4554 -24.0000000000
4583 -23.0000000000
4612 -22.0000000000
4678 -21.0000000000
4708 -19.0000000000
4782 -18.0000000000
4851 -17.0000000000
4874 -16.0000000000
4902 -14.0000000000
4959 -13.0000000000
5010 -12.0000000000
5040 -11.0000000000
5071 -10.0000000000
5106 -9.0000000000
5136 -8.0000000000
5294 -7.0000000000
14421 682.0000000000
5348 -6.0000000000
5403 -5.0000000000
14496 685.0000000000
5448 -4.0000000000
5579 -3.0000000000
5647 -2.0000000000
5677 -1.0000000000
5741 581.0000000000
5754 589.0000000000
5767 592.0000000000
5784 604.0000000000
5878 609.0000000000
6233 618.0000000000
6332 622.0000000000
6361 626.0000000000
6589 629.0000000000
6620 631.0000000000
6640 632.0000000000
7332 635.0000000000
8305 639.0000000000
8627 647.0000000000
8720 649.0000000000
8785 657.0000000000
17271 686.0000000000
10518 659.0000000000
10555 665.0000000000
11022 668.0000000000
11037 669.0000000000
11552 671.0000000000
11693 673.0000000000
11756 674.0000000000
19166 687.0000000000
19693 689.0000000000
12805 675.0000000000
13533 676.0000000000
13641 679.0000000000
13679 680.0000000000
14421 682.0000000000
14496 685.0000000000
22366 692.0000000000
17271 686.0000000000
24085 694.0000000000
24402 696.0000000000
25642 702.0000000000
19166 687.0000000000
19693 689.0000000000
26790 707.0000000000
22366 692.0000000000
24085 694.0000000000
24402 696.0000000000
25642 702.0000000000
26790 707.0000000000
33780 709.0000000000
33780 709.0000000000
53077 712.0000000000
53077 712.0000000000
81946 713.0000000000
81946 713.0000000000
85080 714.0000000000
85080 714.0000000000
95242 718.0000000000
95433 719.0000000000
97167 720.0000000000
95242 718.0000000000
95433 719.0000000000
97966 722.0000000000
97167 720.0000000000
100000 -2.0000000000
97966 722.0000000000
100000 -2.0000000000
