evaluations raw_y
1 -300.0000000000
5 -299.0000000000
7 -298.0000000000
24 -296.0000000000
25 -293.0000000000
26 -292.0000000000
29 -291.0000000000
34 -290.0000000000
37 -289.0000000000
38 -288.0000000000
40 -287.0000000000
46 -286.0000000000
50 -285.0000000000
51 -283.0000000000
52 -282.0000000000
54 -281.0000000000
55 -280.0000000000
59 -279.0000000000
62 -277.0000000000
70 -276.0000000000
76 -275.0000000000
77 -273.0000000000
78 -272.0000000000
80 -271.0000000000
84 -270.0000000000
98 -269.0000000000
99 -268.0000000000
107 -266.0000000000
108 -265.0000000000
111 -264.0000000000
112 -263.0000000000
114 -261.0000000000
123 -260.0000000000
132 -259.0000000000
134 -256.0000000000
135 -255.0000000000
136 -254.0000000000
143 -253.0000000000
144 -252.0000000000
148 -250.0000000000
160 -249.0000000000
163 -247.0000000000
173 -246.0000000000
175 -245.0000000000
180 -244.0000000000
186 -243.0000000000
187 -242.0000000000
189 -241.0000000000
192 -239.0000000000
194 -237.0000000000
198 -236.0000000000
201 -235.0000000000
203 -234.0000000000
206 -233.0000000000
219 -232.0000000000
225 -231.0000000000
226 -228.0000000000
230 -227.0000000000
236 -225.0000000000
243 -224.0000000000
251 -223.0000000000
253 -222.0000000000
254 -221.0000000000
259 -220.0000000000
262 -219.0000000000
273 -218.0000000000
274 -216.0000000000
286 -215.0000000000
291 -214.0000000000
297 -213.0000000000
313 -212.0000000000
314 -211.0000000000
318 -210.0000000000
323 -209.0000000000
338 -208.0000000000
343 -207.0000000000
364 -206.0000000000
367 -205.0000000000
377 -204.0000000000
382 -203.0000000000
383 -202.0000000000
385 -201.0000000000
392 -200.0000000000
397 -199.0000000000
398 -198.0000000000
403 -197.0000000000
405 -196.0000000000
426 -195.0000000000
430 -194.0000000000
432 -193.0000000000
433 -192.0000000000
439 -190.0000000000
443 -189.0000000000
448 -188.0000000000
467 -186.0000000000
469 -185.0000000000
478 -184.0000000000
480 -183.0000000000
482 -182.0000000000
487 -180.0000000000
491 -179.0000000000
496 -178.0000000000
497 -177.0000000000
499 -176.0000000000
502 -175.0000000000
506 -174.0000000000
510 -173.0000000000
514 -172.0000000000
521 -171.0000000000
522 -170.0000000000
527 -169.0000000000
542 -168.0000000000
544 -167.0000000000
549 -166.0000000000
551 -165.0000000000
589 -162.0000000000
605 -161.0000000000
608 -160.0000000000
613 -159.0000000000
623 -158.0000000000
647 -157.0000000000
655 -156.0000000000
664 -155.0000000000
670 -154.0000000000
680 -153.0000000000
688 -152.0000000000
705 -151.0000000000
706 -150.0000000000
727 -149.0000000000
734 -148.0000000000
735 -147.0000000000
737 -146.0000000000
750 -145.0000000000
766 -144.0000000000
783 -142.0000000000
787 -141.0000000000
789 -140.0000000000
791 -139.0000000000
808 -137.0000000000
811 -136.0000000000
813 -135.0000000000
817 -134.0000000000
821 -133.0000000000
829 -132.0000000000
832 -131.0000000000
833 -130.0000000000
843 -128.0000000000
851 -126.0000000000
882 -124.0000000000
890 -122.0000000000
923 -121.0000000000
930 -120.0000000000
948 -119.0000000000
956 -118.0000000000
959 -117.0000000000
962 -116.0000000000
981 -115.0000000000
982 -114.0000000000
993 -113.0000000000
1007 -112.0000000000
1013 -111.0000000000
1042 -109.0000000000
1045 -108.0000000000
1059 -107.0000000000
1063 -106.0000000000
1074 -105.0000000000
1080 -104.0000000000
1092 -103.0000000000
1093 -102.0000000000
1102 -101.0000000000
1116 -100.0000000000
1120 -99.0000000000
1160 -98.0000000000
1165 -97.0000000000
1211 -96.0000000000
1234 -94.0000000000
1238 -93.0000000000
1251 -92.0000000000
1255 -91.0000000000
1306 -90.0000000000
1328 -89.0000000000
1338 -88.0000000000
1353 -87.0000000000
1354 -85.0000000000
1363 -84.0000000000
1372 -83.0000000000
1393 -82.0000000000
1399 -80.0000000000
1414 -79.0000000000
1418 -78.0000000000
1419 -76.0000000000
1464 -74.0000000000
1468 -73.0000000000
1529 -72.0000000000
1562 -71.0000000000
1576 -70.0000000000
1579 -69.0000000000
1583 -68.0000000000
1614 -67.0000000000
1625 -66.0000000000
1638 -65.0000000000
1647 -64.0000000000
1659 -63.0000000000
1680 -62.0000000000
1688 -61.0000000000
1690 -60.0000000000
1713 -59.0000000000
1725 -58.0000000000
1790 -57.0000000000
1805 -56.0000000000
1817 -55.0000000000
1825 -54.0000000000
1880 -53.0000000000
1972 -52.0000000000
1976 -51.0000000000
1985 -50.0000000000
2004 -49.0000000000
2028 -48.0000000000
2046 -47.0000000000
2047 -46.0000000000
2048 -45.0000000000
2057 -44.0000000000
2062 -43.0000000000
2075 -41.0000000000
2078 -40.0000000000
2084 -39.0000000000
2121 -38.0000000000
2200 -37.0000000000
2221 -36.0000000000
2266 -35.0000000000
2287 -34.0000000000
2300 -33.0000000000
2363 -32.0000000000
2382 -31.0000000000
2419 -30.0000000000
2445 -29.0000000000
2448 -28.0000000000
2454 -27.0000000000
2534 -26.0000000000
2646 -25.0000000000
2678 -24.0000000000
2691 -23.0000000000
2727 -22.0000000000
2775 -21.0000000000
2802 -20.0000000000
2852 -19.0000000000
2950 -18.0000000000
2957 -17.0000000000
2992 -16.0000000000
3004 -15.0000000000
3023 -14.0000000000
3107 -13.0000000000
3129 -12.0000000000
3246 -11.0000000000
3275 -10.0000000000
3316 -9.0000000000
3337 -8.0000000000
3352 -7.0000000000
3358 -6.0000000000
3596 -5.0000000000
3730 -4.0000000000
3762 -2.0000000000
3978 -1.0000000000
4038 493.0000000000
4851 495.0000000000
5351 501.0000000000
5442 504.0000000000
6605 508.0000000000
7183 516.0000000000
7185 517.0000000000
8391 518.0000000000
9786 529.0000000000
12001 531.0000000000
13978 534.0000000000
14398 536.0000000000
20551 540.0000000000
23761 542.0000000000
30216 544.0000000000
54522 546.0000000000
62496 548.0000000000
74517 550.0000000000
78738 551.0000000000
93700 552.0000000000
100000 552.0000000000
evaluations raw_y
1 -283.0000000000
2 -280.0000000000
14 -279.0000000000
16 -278.0000000000
20 -277.0000000000
22 -275.0000000000
27 -274.0000000000
35 -272.0000000000
37 -270.0000000000
40 -269.0000000000
52 -268.0000000000
54 -267.0000000000
55 -266.0000000000
71 -265.0000000000
79 -264.0000000000
91 -262.0000000000
92 -261.0000000000
95 -259.0000000000
96 -258.0000000000
97 -257.0000000000
98 -256.0000000000
104 -255.0000000000
108 -254.0000000000
131 -252.0000000000
135 -251.0000000000
139 -250.0000000000
146 -249.0000000000
148 -248.0000000000
149 -247.0000000000
159 -246.0000000000
164 -245.0000000000
168 -244.0000000000
175 -243.0000000000
178 -242.0000000000
184 -241.0000000000
190 -240.0000000000
199 -239.0000000000
203 -238.0000000000
205 -237.0000000000
208 -236.0000000000
212 -235.0000000000
214 -233.0000000000
219 -232.0000000000
224 -230.0000000000
226 -228.0000000000
245 -227.0000000000
249 -225.0000000000
258 -223.0000000000
259 -221.0000000000
261 -220.0000000000
262 -219.0000000000
265 -218.0000000000
267 -217.0000000000
272 -216.0000000000
273 -214.0000000000
280 -213.0000000000
293 -212.0000000000
295 -211.0000000000
304 -210.0000000000
307 -209.0000000000
312 -208.0000000000
319 -207.0000000000
327 -206.0000000000
346 -203.0000000000
348 -202.0000000000
356 -201.0000000000
366 -200.0000000000
372 -199.0000000000
378 -197.0000000000
397 -196.0000000000
399 -194.0000000000
406 -193.0000000000
412 -192.0000000000
414 -191.0000000000
423 -190.0000000000
429 -188.0000000000
431 -187.0000000000
432 -186.0000000000
436 -185.0000000000
449 -184.0000000000
450 -183.0000000000
458 -182.0000000000
479 -181.0000000000
488 -180.0000000000
498 -179.0000000000
499 -178.0000000000
510 -177.0000000000
517 -176.0000000000
522 -175.0000000000
531 -174.0000000000
532 -173.0000000000
535 -171.0000000000
542 -170.0000000000
545 -169.0000000000
556 -168.0000000000
559 -167.0000000000
572 -166.0000000000
578 -165.0000000000
579 -164.0000000000
581 -163.0000000000
583 -162.0000000000
591 -161.0000000000
602 -160.0000000000
619 -159.0000000000
638 -158.0000000000
656 -157.0000000000
669 -156.0000000000
676 -155.0000000000
680 -154.0000000000
682 -153.0000000000
686 -152.0000000000
690 -149.0000000000
717 -148.0000000000
719 -147.0000000000
728 -145.0000000000
743 -143.0000000000
744 -142.0000000000
748 -141.0000000000
749 -140.0000000000
755 -139.0000000000
761 -138.0000000000
775 -137.0000000000
776 -136.0000000000
782 -135.0000000000
783 -134.0000000000
794 -132.0000000000
810 -130.0000000000
818 -129.0000000000
820 -128.0000000000
827 -127.0000000000
833 -126.0000000000
838 -125.0000000000
847 -124.0000000000
869 -123.0000000000
871 -122.0000000000
872 -121.0000000000
882 -120.0000000000
892 -119.0000000000
915 -117.0000000000
926 -116.0000000000
934 -115.0000000000
944 -114.0000000000
949 -113.0000000000
959 -112.0000000000
966 -111.0000000000
972 -110.0000000000
977 -109.0000000000
979 -108.0000000000
981 -107.0000000000
989 -104.0000000000
998 -103.0000000000
1009 -102.0000000000
1017 -101.0000000000
1018 -100.0000000000
1028 -99.0000000000
1032 -98.0000000000
1050 -97.0000000000
1061 -96.0000000000
1071 -95.0000000000
1080 -94.0000000000
1089 -93.0000000000
1092 -92.0000000000
1120 -91.0000000000
1133 -90.0000000000
1136 -89.0000000000
1150 -88.0000000000
1152 -87.0000000000
1181 -85.0000000000
1200 -84.0000000000
1202 -83.0000000000
1208 -82.0000000000
1217 -80.0000000000
1235 -79.0000000000
1263 -78.0000000000
1277 -77.0000000000
1291 -76.0000000000
1316 -75.0000000000
1330 -74.0000000000
1337 -73.0000000000
1342 -72.0000000000
1346 -71.0000000000
1352 -69.0000000000
1353 -68.0000000000
1375 -67.0000000000
1386 -66.0000000000
1388 -65.0000000000
1394 -64.0000000000
1401 -63.0000000000
1409 -62.0000000000
1431 -61.0000000000
1435 -60.0000000000
1449 -59.0000000000
1473 -58.0000000000
1507 -56.0000000000
1616 -55.0000000000
1659 -54.0000000000
1697 -52.0000000000
1711 -51.0000000000
1789 -50.0000000000
1793 -49.0000000000
1806 -48.0000000000
1812 -47.0000000000
1822 -46.0000000000
1839 -45.0000000000
1847 -44.0000000000
1900 -43.0000000000
1954 -42.0000000000
2018 -41.0000000000
2033 -40.0000000000
2109 -39.0000000000
2139 -38.0000000000
2146 -37.0000000000
2171 -36.0000000000
2182 -35.0000000000
2228 -34.0000000000
2236 -33.0000000000
2249 -32.0000000000
2253 -31.0000000000
2300 -30.0000000000
2313 -29.0000000000
2403 -28.0000000000
2416 -27.0000000000
2450 -26.0000000000
2579 -25.0000000000
2631 -24.0000000000
2715 -23.0000000000
2728 -22.0000000000
2819 -21.0000000000
2825 -20.0000000000
2862 -19.0000000000
3017 -18.0000000000
3029 -17.0000000000
3149 -16.0000000000
3232 -15.0000000000
3239 -14.0000000000
3259 -13.0000000000
3349 -12.0000000000
3350 -11.0000000000
3472 -10.0000000000
3587 -9.0000000000
3739 -8.0000000000
4070 -7.0000000000
4499 -6.0000000000
4546 -5.0000000000
4591 -4.0000000000
5036 -3.0000000000
5089 -2.0000000000
5162 -1.0000000000
5320 450.0000000000
5536 471.0000000000
5588 477.0000000000
5776 481.0000000000
6341 494.0000000000
6908 495.0000000000
7685 500.0000000000
7919 508.0000000000
9397 513.0000000000
11368 514.0000000000
11845 518.0000000000
12719 521.0000000000
17922 526.0000000000
19029 532.0000000000
20862 536.0000000000
22038 539.0000000000
27362 543.0000000000
37486 545.0000000000
58725 546.0000000000
68061 548.0000000000
70455 551.0000000000
84995 552.0000000000
100000 -2.0000000000
evaluations raw_y
1 -277.0000000000
2 -276.0000000000
4 -275.0000000000
7 -273.0000000000
8 -271.0000000000
9 -270.0000000000
16 -268.0000000000
25 -267.0000000000
28 -266.0000000000
39 -265.0000000000
40 -264.0000000000
46 -263.0000000000
49 -262.0000000000
53 -261.0000000000
59 -258.0000000000
61 -256.0000000000
62 -255.0000000000
66 -254.0000000000
78 -253.0000000000
84 -252.0000000000
88 -251.0000000000
94 -250.0000000000
123 -249.0000000000
126 -248.0000000000
128 -247.0000000000
132 -246.0000000000
133 -245.0000000000
136 -244.0000000000
141 -243.0000000000
143 -242.0000000000
145 -241.0000000000
149 -240.0000000000
153 -238.0000000000
157 -237.0000000000
159 -236.0000000000
164 -235.0000000000
167 -234.0000000000
169 -232.0000000000
176 -231.0000000000
182 -230.0000000000
198 -229.0000000000
200 -227.0000000000
201 -226.0000000000
203 -225.0000000000
205 -224.0000000000
206 -223.0000000000
208 -222.0000000000
214 -221.0000000000
228 -220.0000000000
233 -219.0000000000
236 -218.0000000000
239 -217.0000000000
244 -216.0000000000
247 -215.0000000000
248 -214.0000000000
250 -212.0000000000
261 -211.0000000000
289 -209.0000000000
294 -208.0000000000
299 -207.0000000000
302 -203.0000000000
305 -201.0000000000
308 -200.0000000000
311 -199.0000000000
312 -197.0000000000
320 -196.0000000000
327 -195.0000000000
328 -194.0000000000
331 -193.0000000000
332 -192.0000000000
337 -191.0000000000
338 -190.0000000000
340 -189.0000000000
341 -188.0000000000
343 -187.0000000000
348 -186.0000000000
352 -185.0000000000
361 -184.0000000000
362 -183.0000000000
372 -182.0000000000
381 -181.0000000000
387 -180.0000000000
388 -179.0000000000
391 -178.0000000000
392 -177.0000000000
396 -176.0000000000
400 -175.0000000000
405 -174.0000000000
407 -173.0000000000
410 -171.0000000000
413 -169.0000000000
417 -168.0000000000
425 -166.0000000000
432 -165.0000000000
437 -164.0000000000
442 -163.0000000000
447 -162.0000000000
449 -161.0000000000
469 -159.0000000000
472 -158.0000000000
478 -156.0000000000
490 -155.0000000000
504 -154.0000000000
524 -153.0000000000
544 -151.0000000000
562 -149.0000000000
566 -148.0000000000
575 -147.0000000000
581 -146.0000000000
584 -145.0000000000
589 -143.0000000000
604 -142.0000000000
610 -141.0000000000
620 -140.0000000000
623 -138.0000000000
625 -137.0000000000
626 -136.0000000000
628 -135.0000000000
631 -134.0000000000
639 -133.0000000000
645 -132.0000000000
650 -131.0000000000
656 -130.0000000000
659 -129.0000000000
661 -127.0000000000
671 -126.0000000000
679 -125.0000000000
694 -124.0000000000
708 -123.0000000000
709 -122.0000000000
731 -121.0000000000
732 -120.0000000000
735 -119.0000000000
739 -118.0000000000
750 -117.0000000000
755 -116.0000000000
764 -115.0000000000
772 -114.0000000000
776 -113.0000000000
780 -112.0000000000
782 -111.0000000000
787 -110.0000000000
816 -109.0000000000
847 -108.0000000000
852 -106.0000000000
862 -105.0000000000
867 -104.0000000000
872 -103.0000000000
876 -102.0000000000
880 -101.0000000000
887 -100.0000000000
888 -99.0000000000
890 -98.0000000000
915 -97.0000000000
916 -95.0000000000
920 -94.0000000000
922 -93.0000000000
933 -92.0000000000
937 -91.0000000000
954 -90.0000000000
964 -89.0000000000
971 -88.0000000000
979 -87.0000000000
981 -86.0000000000
1001 -85.0000000000
1014 -84.0000000000
1026 -82.0000000000
1027 -81.0000000000
1028 -80.0000000000
1032 -79.0000000000
1033 -78.0000000000
1059 -77.0000000000
1063 -76.0000000000
1064 -75.0000000000
1081 -74.0000000000
1105 -73.0000000000
1108 -72.0000000000
1158 -70.0000000000
1165 -69.0000000000
1187 -68.0000000000
1242 -67.0000000000
1251 -66.0000000000
1266 -65.0000000000
1274 -64.0000000000
1293 -63.0000000000
1325 -62.0000000000
1338 -61.0000000000
1407 -60.0000000000
1419 -59.0000000000
1425 -58.0000000000
1433 -57.0000000000
1459 -56.0000000000
1481 -54.0000000000
1525 -53.0000000000
1543 -52.0000000000
1558 -51.0000000000
1580 -49.0000000000
1670 -48.0000000000
1684 -47.0000000000
1709 -46.0000000000
1812 -45.0000000000
1875 -44.0000000000
1880 -43.0000000000
1888 -42.0000000000
1957 -41.0000000000
1967 -40.0000000000
2007 -39.0000000000
2068 -38.0000000000
2069 -37.0000000000
2091 -36.0000000000
2099 -35.0000000000
2141 -34.0000000000
2144 -33.0000000000
2165 -32.0000000000
2208 -31.0000000000
2243 -30.0000000000
2279 -29.0000000000
2334 -28.0000000000
2447 -27.0000000000
2499 -26.0000000000
2508 -25.0000000000
2577 -24.0000000000
2623 -23.0000000000
2645 -22.0000000000
2675 -21.0000000000
2748 -20.0000000000
2767 -19.0000000000
2929 -18.0000000000
2990 -17.0000000000
3100 -16.0000000000
3131 -15.0000000000
3144 -14.0000000000
3180 -13.0000000000
3196 -12.0000000000
3207 -11.0000000000
3252 -10.0000000000
3282 -8.0000000000
3331 -7.0000000000
3388 -6.0000000000
3389 -5.0000000000
3689 -4.0000000000
3847 -3.0000000000
3898 -2.0000000000
4095 -1.0000000000
4105 507.0000000000
4785 511.0000000000
6955 517.0000000000
11170 520.0000000000
13108 523.0000000000
13558 524.0000000000
14903 535.0000000000
15699 537.0000000000
16792 538.0000000000
17131 540.0000000000
19146 542.0000000000
19824 543.0000000000
27391 545.0000000000
33941 547.0000000000
37748 548.0000000000
42962 550.0000000000
69913 551.0000000000
92264 552.0000000000
100000 552.0000000000
evaluations raw_y
1 -274.0000000000
4 -272.0000000000
13 -271.0000000000
15 -270.0000000000
16 -268.0000000000
22 -267.0000000000
27 -266.0000000000
37 -264.0000000000
38 -262.0000000000
40 -260.0000000000
43 -259.0000000000
45 -258.0000000000
52 -257.0000000000
53 -256.0000000000
55 -255.0000000000
67 -253.0000000000
74 -252.0000000000
76 -251.0000000000
78 -250.0000000000
80 -249.0000000000
82 -248.0000000000
88 -247.0000000000
92 -245.0000000000
94 -244.0000000000
98 -243.0000000000
99 -242.0000000000
101 -241.0000000000
103 -240.0000000000
116 -239.0000000000
117 -238.0000000000
122 -237.0000000000
131 -236.0000000000
132 -235.0000000000
142 -234.0000000000
146 -232.0000000000
157 -231.0000000000
162 -230.0000000000
164 -229.0000000000
169 -227.0000000000
171 -226.0000000000
173 -225.0000000000
186 -224.0000000000
211 -223.0000000000
214 -221.0000000000
220 -220.0000000000
247 -218.0000000000
253 -217.0000000000
257 -216.0000000000
260 -215.0000000000
263 -214.0000000000
269 -213.0000000000
292 -212.0000000000
302 -211.0000000000
308 -210.0000000000
318 -209.0000000000
322 -207.0000000000
327 -205.0000000000
336 -204.0000000000
338 -203.0000000000
345 -201.0000000000
355 -200.0000000000
361 -199.0000000000
364 -198.0000000000
367 -197.0000000000
374 -196.0000000000
378 -195.0000000000
380 -194.0000000000
385 -193.0000000000
411 -192.0000000000
422 -191.0000000000
425 -190.0000000000
426 -189.0000000000
431 -188.0000000000
432 -186.0000000000
435 -185.0000000000
437 -184.0000000000
439 -183.0000000000
447 -182.0000000000
453 -181.0000000000
474 -180.0000000000
475 -179.0000000000
478 -178.0000000000
515 -177.0000000000
516 -176.0000000000
523 -175.0000000000
541 -174.0000000000
557 -173.0000000000
562 -172.0000000000
563 -171.0000000000
565 -170.0000000000
566 -169.0000000000
576 -168.0000000000
584 -166.0000000000
596 -165.0000000000
599 -164.0000000000
611 -163.0000000000
612 -162.0000000000
613 -161.0000000000
620 -160.0000000000
621 -159.0000000000
626 -157.0000000000
631 -156.0000000000
633 -155.0000000000
645 -153.0000000000
652 -151.0000000000
657 -150.0000000000
664 -149.0000000000
676 -148.0000000000
679 -147.0000000000
708 -146.0000000000
710 -145.0000000000
721 -144.0000000000
724 -143.0000000000
734 -142.0000000000
742 -141.0000000000
743 -140.0000000000
744 -139.0000000000
747 -138.0000000000
761 -137.0000000000
764 -136.0000000000
782 -135.0000000000
783 -134.0000000000
797 -133.0000000000
807 -132.0000000000
809 -131.0000000000
811 -130.0000000000
813 -129.0000000000
817 -128.0000000000
822 -127.0000000000
830 -126.0000000000
832 -125.0000000000
838 -124.0000000000
842 -123.0000000000
844 -122.0000000000
853 -121.0000000000
871 -119.0000000000
889 -118.0000000000
895 -117.0000000000
909 -116.0000000000
910 -115.0000000000
921 -114.0000000000
938 -113.0000000000
941 -112.0000000000
944 -111.0000000000
952 -110.0000000000
975 -109.0000000000
988 -108.0000000000
997 -106.0000000000
1013 -105.0000000000
1033 -104.0000000000
1039 -103.0000000000
1095 -102.0000000000
1122 -101.0000000000
1131 -100.0000000000
1162 -99.0000000000
1193 -98.0000000000
1195 -97.0000000000
1208 -96.0000000000
1236 -95.0000000000
1241 -93.0000000000
1247 -91.0000000000
1254 -90.0000000000
1271 -89.0000000000
1281 -88.0000000000
1289 -87.0000000000
1307 -86.0000000000
1330 -85.0000000000
1360 -84.0000000000
1376 -82.0000000000
1377 -81.0000000000
1385 -80.0000000000
1411 -79.0000000000
1459 -78.0000000000
1471 -77.0000000000
1482 -76.0000000000
1483 -74.0000000000
1490 -73.0000000000
1495 -72.0000000000
1503 -71.0000000000
1520 -70.0000000000
1530 -69.0000000000
1541 -68.0000000000
1555 -67.0000000000
1602 -66.0000000000
1603 -65.0000000000
1630 -64.0000000000
1662 -63.0000000000
1668 -61.0000000000
1669 -60.0000000000
1700 -59.0000000000
1767 -58.0000000000
1809 -57.0000000000
1812 -56.0000000000
1874 -54.0000000000
1897 -53.0000000000
1921 -52.0000000000
1923 -51.0000000000
1943 -50.0000000000
1977 -49.0000000000
1984 -48.0000000000
1989 -47.0000000000
2037 -46.0000000000
2054 -45.0000000000
2108 -44.0000000000
2116 -43.0000000000
2170 -42.0000000000
2221 -41.0000000000
2241 -40.0000000000
2264 -39.0000000000
2277 -38.0000000000
2290 -37.0000000000
2306 -36.0000000000
2314 -35.0000000000
2343 -34.0000000000
2405 -33.0000000000
2464 -32.0000000000
2474 -31.0000000000
2492 -30.0000000000
2523 -29.0000000000
2678 -28.0000000000
2773 -27.0000000000
2801 -26.0000000000
2812 -25.0000000000
2907 -24.0000000000
2938 -23.0000000000
2990 -22.0000000000
3093 -21.0000000000
3133 -20.0000000000
3162 -19.0000000000
3168 -18.0000000000
3172 -17.0000000000
3203 -16.0000000000
3232 -15.0000000000
3332 -14.0000000000
3398 -13.0000000000
3474 -12.0000000000
3475 -11.0000000000
3477 -10.0000000000
3543 -9.0000000000
3659 -8.0000000000
3761 -7.0000000000
3864 -6.0000000000
4548 -5.0000000000
4590 -4.0000000000
4619 -3.0000000000
4656 -2.0000000000
4767 -1.0000000000
4772 481.0000000000
5108 485.0000000000
5600 490.0000000000
6352 494.0000000000
6843 497.0000000000
7282 501.0000000000
7312 502.0000000000
7756 508.0000000000
8912 509.0000000000
9192 519.0000000000
10672 527.0000000000
14235 529.0000000000
14726 530.0000000000
15981 532.0000000000
23889 537.0000000000
28809 540.0000000000
30604 547.0000000000
88475 548.0000000000
100000 -1.0000000000
evaluations raw_y
1 -298.0000000000
4 -296.0000000000
5 -295.0000000000
7 -294.0000000000
10 -293.0000000000
11 -292.0000000000
18 -291.0000000000
20 -290.0000000000
21 -289.0000000000
26 -288.0000000000
31 -285.0000000000
33 -283.0000000000
34 -280.0000000000
36 -279.0000000000
42 -278.0000000000
43 -277.0000000000
44 -276.0000000000
50 -275.0000000000
51 -273.0000000000
60 -272.0000000000
63 -270.0000000000
64 -269.0000000000
65 -268.0000000000
66 -267.0000000000
67 -266.0000000000
68 -265.0000000000
74 -264.0000000000
96 -263.0000000000
97 -262.0000000000
98 -261.0000000000
103 -260.0000000000
104 -259.0000000000
109 -258.0000000000
115 -257.0000000000
116 -256.0000000000
117 -255.0000000000
125 -253.0000000000
136 -252.0000000000
138 -251.0000000000
139 -250.0000000000
141 -249.0000000000
142 -248.0000000000
147 -247.0000000000
150 -246.0000000000
152 -245.0000000000
153 -243.0000000000
156 -242.0000000000
177 -241.0000000000
182 -240.0000000000
187 -239.0000000000
191 -238.0000000000
201 -237.0000000000
204 -235.0000000000
206 -234.0000000000
208 -230.0000000000
219 -228.0000000000
222 -227.0000000000
223 -226.0000000000
225 -223.0000000000
232 -222.0000000000
240 -221.0000000000
270 -219.0000000000
272 -218.0000000000
277 -217.0000000000
278 -216.0000000000
282 -215.0000000000
303 -213.0000000000
305 -212.0000000000
306 -210.0000000000
317 -209.0000000000
318 -208.0000000000
320 -206.0000000000
321 -204.0000000000
324 -203.0000000000
337 -202.0000000000
346 -201.0000000000
348 -200.0000000000
357 -199.0000000000
361 -198.0000000000
366 -197.0000000000
374 -196.0000000000
375 -195.0000000000
384 -194.0000000000
392 -193.0000000000
401 -192.0000000000
402 -191.0000000000
406 -190.0000000000
427 -189.0000000000
432 -188.0000000000
433 -186.0000000000
435 -183.0000000000
436 -182.0000000000
468 -181.0000000000
480 -180.0000000000
483 -178.0000000000
488 -177.0000000000
491 -176.0000000000
496 -174.0000000000
497 -172.0000000000
501 -171.0000000000
506 -170.0000000000
514 -169.0000000000
516 -168.0000000000
564 -167.0000000000
565 -166.0000000000
567 -164.0000000000
569 -163.0000000000
573 -161.0000000000
577 -160.0000000000
583 -159.0000000000
590 -158.0000000000
598 -157.0000000000
612 -155.0000000000
614 -153.0000000000
624 -152.0000000000
629 -151.0000000000
641 -150.0000000000
643 -149.0000000000
646 -148.0000000000
648 -147.0000000000
652 -146.0000000000
658 -145.0000000000
675 -144.0000000000
681 -143.0000000000
692 -142.0000000000
693 -141.0000000000
700 -139.0000000000
728 -138.0000000000
745 -136.0000000000
764 -135.0000000000
765 -134.0000000000
769 -133.0000000000
774 -132.0000000000
781 -129.0000000000
787 -128.0000000000
788 -127.0000000000
796 -126.0000000000
807 -125.0000000000
829 -124.0000000000
836 -123.0000000000
837 -122.0000000000
858 -121.0000000000
861 -119.0000000000
862 -118.0000000000
866 -117.0000000000
869 -116.0000000000
900 -115.0000000000
918 -114.0000000000
923 -112.0000000000
925 -110.0000000000
940 -109.0000000000
974 -108.0000000000
980 -107.0000000000
987 -106.0000000000
1007 -105.0000000000
1027 -104.0000000000
1031 -103.0000000000
1034 -102.0000000000
1039 -101.0000000000
1083 -100.0000000000
1107 -99.0000000000
1117 -98.0000000000
1126 -97.0000000000
1137 -96.0000000000
1144 -95.0000000000
1173 -94.0000000000
1239 -93.0000000000
1272 -92.0000000000
1275 -91.0000000000
1280 -90.0000000000
1291 -89.0000000000
1303 -88.0000000000
1317 -87.0000000000
1319 -86.0000000000
1332 -85.0000000000
1364 -84.0000000000
1374 -83.0000000000
1387 -82.0000000000
1394 -81.0000000000
1430 -80.0000000000
1431 -79.0000000000
1466 -78.0000000000
1468 -77.0000000000
1469 -75.0000000000
1495 -74.0000000000
1517 -73.0000000000
1533 -72.0000000000
1608 -71.0000000000
1612 -70.0000000000
1622 -69.0000000000
1626 -68.0000000000
1627 -67.0000000000
1642 -66.0000000000
1657 -65.0000000000
1685 -63.0000000000
1688 -62.0000000000
1709 -61.0000000000
1720 -60.0000000000
1787 -59.0000000000
1831 -58.0000000000
1901 -57.0000000000
1937 -56.0000000000
1946 -55.0000000000
1985 -54.0000000000
2024 -53.0000000000
2027 -52.0000000000
2056 -51.0000000000
2058 -50.0000000000
2059 -49.0000000000
2068 -48.0000000000
2088 -47.0000000000
2147 -46.0000000000
2155 -45.0000000000
2167 -44.0000000000
2171 -43.0000000000
2186 -42.0000000000
2196 -41.0000000000
2250 -40.0000000000
2304 -39.0000000000
2387 -38.0000000000
2398 -37.0000000000
2406 -36.0000000000
2442 -35.0000000000
2445 -34.0000000000
2451 -33.0000000000
2486 -32.0000000000
2509 -31.0000000000
2517 -30.0000000000
2563 -29.0000000000
2639 -28.0000000000
2665 -27.0000000000
2677 -26.0000000000
2786 -25.0000000000
2802 -24.0000000000
2814 -23.0000000000
2819 -22.0000000000
2847 -21.0000000000
2914 -20.0000000000
3029 -18.0000000000
3034 -17.0000000000
3074 -16.0000000000
3215 -15.0000000000
3222 -14.0000000000
3371 -13.0000000000
3428 -12.0000000000
3469 -11.0000000000
3479 -10.0000000000
3559 -9.0000000000
3563 -8.0000000000
3583 -7.0000000000
3588 -6.0000000000
3668 -5.0000000000
3751 -4.0000000000
3945 -3.0000000000
4367 -2.0000000000
4373 -1.0000000000
4427 495.0000000000
4785 500.0000000000
4953 510.0000000000
5204 512.0000000000
7068 516.0000000000
7509 518.0000000000
11879 521.0000000000
18249 526.0000000000
20392 530.0000000000
20941 532.0000000000
22051 534.0000000000
22202 535.0000000000
22731 536.0000000000
27100 538.0000000000
36260 539.0000000000
36850 543.0000000000
100000 543.0000000000
evaluations raw_y
1 -272.0000000000
6 -270.0000000000
7 -268.0000000000
10 -266.0000000000
12 -265.0000000000
25 -264.0000000000
26 -263.0000000000
38 -262.0000000000
43 -261.0000000000
45 -260.0000000000
50 -259.0000000000
52 -258.0000000000
53 -256.0000000000
60 -255.0000000000
62 -254.0000000000
65 -253.0000000000
67 -252.0000000000
70 -251.0000000000
78 -250.0000000000
83 -249.0000000000
87 -248.0000000000
101 -247.0000000000
108 -246.0000000000
112 -245.0000000000
115 -243.0000000000
116 -241.0000000000
122 -240.0000000000
127 -238.0000000000
136 -237.0000000000
137 -235.0000000000
139 -234.0000000000
142 -233.0000000000
145 -232.0000000000
150 -230.0000000000
151 -229.0000000000
155 -228.0000000000
162 -227.0000000000
163 -226.0000000000
179 -225.0000000000
180 -224.0000000000
197 -223.0000000000
201 -222.0000000000
203 -220.0000000000
204 -219.0000000000
208 -218.0000000000
210 -217.0000000000
211 -215.0000000000
217 -213.0000000000
226 -211.0000000000
249 -210.0000000000
254 -209.0000000000
261 -208.0000000000
268 -206.0000000000
272 -205.0000000000
275 -204.0000000000
284 -203.0000000000
296 -202.0000000000
299 -200.0000000000
307 -199.0000000000
309 -198.0000000000
310 -196.0000000000
312 -195.0000000000
328 -194.0000000000
331 -193.0000000000
343 -192.0000000000
345 -191.0000000000
347 -190.0000000000
354 -189.0000000000
363 -188.0000000000
366 -187.0000000000
367 -186.0000000000
379 -185.0000000000
384 -184.0000000000
404 -183.0000000000
413 -182.0000000000
414 -181.0000000000
422 -180.0000000000
431 -179.0000000000
436 -178.0000000000
446 -177.0000000000
452 -176.0000000000
458 -175.0000000000
461 -174.0000000000
477 -173.0000000000
481 -171.0000000000
486 -170.0000000000
499 -169.0000000000
501 -168.0000000000
502 -167.0000000000
503 -166.0000000000
505 -165.0000000000
510 -163.0000000000
512 -162.0000000000
513 -161.0000000000
515 -159.0000000000
517 -158.0000000000
530 -157.0000000000
531 -156.0000000000
535 -155.0000000000
553 -154.0000000000
566 -153.0000000000
576 -152.0000000000
577 -151.0000000000
580 -150.0000000000
593 -149.0000000000
597 -148.0000000000
604 -147.0000000000
614 -146.0000000000
622 -145.0000000000
634 -144.0000000000
635 -143.0000000000
637 -142.0000000000
640 -141.0000000000
641 -140.0000000000
673 -139.0000000000
685 -138.0000000000
686 -137.0000000000
688 -136.0000000000
701 -135.0000000000
715 -134.0000000000
736 -133.0000000000
741 -132.0000000000
747 -131.0000000000
759 -130.0000000000
762 -129.0000000000
805 -128.0000000000
827 -127.0000000000
839 -126.0000000000
841 -125.0000000000
846 -124.0000000000
866 -123.0000000000
882 -121.0000000000
900 -120.0000000000
912 -119.0000000000
927 -118.0000000000
942 -117.0000000000
950 -116.0000000000
958 -115.0000000000
972 -114.0000000000
976 -113.0000000000
984 -112.0000000000
996 -111.0000000000
1015 -110.0000000000
1033 -109.0000000000
1047 -108.0000000000
1072 -107.0000000000
1090 -106.0000000000
1112 -105.0000000000
1121 -104.0000000000
1134 -103.0000000000
1151 -102.0000000000
1156 -101.0000000000
1170 -100.0000000000
1172 -99.0000000000
1174 -97.0000000000
1186 -96.0000000000
1199 -95.0000000000
1207 -93.0000000000
1208 -91.0000000000
1227 -90.0000000000
1231 -89.0000000000
1244 -88.0000000000
1245 -87.0000000000
1286 -86.0000000000
1302 -85.0000000000
1313 -84.0000000000
1329 -83.0000000000
1345 -82.0000000000
1350 -81.0000000000
1369 -80.0000000000
1372 -78.0000000000
1381 -77.0000000000
1391 -76.0000000000
1398 -75.0000000000
1414 -74.0000000000
1416 -73.0000000000
1453 -72.0000000000
1512 -71.0000000000
1514 -70.0000000000
1535 -68.0000000000
1592 -67.0000000000
1605 -66.0000000000
1606 -65.0000000000
1615 -64.0000000000
1642 -63.0000000000
1655 -62.0000000000
1746 -60.0000000000
1751 -58.0000000000
1754 -57.0000000000
1786 -56.0000000000
1817 -55.0000000000
1826 -54.0000000000
1883 -53.0000000000
1917 -52.0000000000
1963 -51.0000000000
1985 -50.0000000000
1990 -49.0000000000
2014 -48.0000000000
2041 -47.0000000000
2061 -46.0000000000
2175 -45.0000000000
2231 -44.0000000000
2233 -43.0000000000
2253 -42.0000000000
2333 -41.0000000000
2374 -40.0000000000
2511 -39.0000000000
2519 -38.0000000000
2566 -37.0000000000
2576 -36.0000000000
2578 -35.0000000000
2690 -34.0000000000
2698 -33.0000000000
2700 -32.0000000000
2723 -31.0000000000
2750 -30.0000000000
2813 -29.0000000000
2830 -28.0000000000
2888 -27.0000000000
2921 -26.0000000000
2947 -25.0000000000
2983 -24.0000000000
2996 -23.0000000000
3035 -22.0000000000
3143 -21.0000000000
3190 -20.0000000000
3304 -19.0000000000
3320 -18.0000000000
3346 -17.0000000000
3405 -16.0000000000
3457 -15.0000000000
3461 -14.0000000000
3504 -13.0000000000
3555 -12.0000000000
3579 -11.0000000000
3660 -10.0000000000
3687 -9.0000000000
3763 -8.0000000000
3800 -7.0000000000
3819 -6.0000000000
3862 -5.0000000000
3874 -4.0000000000
3892 -3.0000000000
4023 -2.0000000000
4110 -1.0000000000
4125 494.0000000000
4303 497.0000000000
4437 503.0000000000
5925 515.0000000000
6697 516.0000000000
7419 518.0000000000
7747 526.0000000000
8319 528.0000000000
10708 532.0000000000
12448 538.0000000000
46228 539.0000000000
70102 542.0000000000
73329 543.0000000000
78253 544.0000000000
100000 -2.0000000000
evaluations raw_y
1 -304.0000000000
2 -303.0000000000
8 -302.0000000000
9 -301.0000000000
11 -298.0000000000
17 -297.0000000000
20 -296.0000000000
27 -295.0000000000
28 -293.0000000000
42 -292.0000000000
43 -291.0000000000
45 -289.0000000000
51 -288.0000000000
52 -287.0000000000
54 -286.0000000000
55 -285.0000000000
56 -284.0000000000
57 -282.0000000000
58 -281.0000000000
60 -280.0000000000
63 -279.0000000000
64 -278.0000000000
67 -276.0000000000
75 -275.0000000000
78 -274.0000000000
79 -271.0000000000
82 -270.0000000000
83 -269.0000000000
87 -268.0000000000
90 -267.0000000000
92 -265.0000000000
94 -264.0000000000
95 -263.0000000000
98 -261.0000000000
107 -260.0000000000
114 -259.0000000000
116 -258.0000000000
119 -257.0000000000
131 -256.0000000000
132 -254.0000000000
143 -253.0000000000
144 -252.0000000000
148 -250.0000000000
156 -249.0000000000
157 -248.0000000000
159 -246.0000000000
165 -245.0000000000
169 -244.0000000000
175 -242.0000000000
178 -241.0000000000
183 -240.0000000000
184 -239.0000000000
185 -237.0000000000
188 -236.0000000000
191 -235.0000000000
198 -234.0000000000
199 -233.0000000000
204 -231.0000000000
205 -229.0000000000
213 -228.0000000000
215 -227.0000000000
220 -226.0000000000
224 -225.0000000000
227 -223.0000000000
229 -220.0000000000
243 -219.0000000000
244 -218.0000000000
246 -217.0000000000
247 -215.0000000000
254 -213.0000000000
268 -212.0000000000
282 -211.0000000000
296 -210.0000000000
306 -209.0000000000
313 -207.0000000000
315 -206.0000000000
323 -204.0000000000
327 -203.0000000000
336 -201.0000000000
341 -200.0000000000
350 -199.0000000000
354 -198.0000000000
355 -197.0000000000
358 -196.0000000000
364 -194.0000000000
365 -193.0000000000
366 -190.0000000000
370 -188.0000000000
375 -186.0000000000
395 -185.0000000000
396 -184.0000000000
443 -183.0000000000
449 -182.0000000000
460 -181.0000000000
467 -180.0000000000
469 -179.0000000000
474 -178.0000000000
486 -177.0000000000
489 -176.0000000000
505 -175.0000000000
518 -174.0000000000
530 -173.0000000000
537 -171.0000000000
541 -170.0000000000
543 -168.0000000000
547 -167.0000000000
570 -166.0000000000
571 -165.0000000000
584 -164.0000000000
585 -163.0000000000
602 -161.0000000000
616 -159.0000000000
619 -158.0000000000
626 -157.0000000000
629 -156.0000000000
630 -154.0000000000
632 -153.0000000000
637 -152.0000000000
639 -151.0000000000
646 -150.0000000000
675 -148.0000000000
677 -147.0000000000
683 -146.0000000000
686 -145.0000000000
687 -144.0000000000
697 -143.0000000000
712 -142.0000000000
750 -141.0000000000
753 -140.0000000000
778 -139.0000000000
799 -138.0000000000
815 -137.0000000000
850 -136.0000000000
871 -135.0000000000
880 -134.0000000000
893 -133.0000000000
895 -132.0000000000
909 -131.0000000000
913 -130.0000000000
931 -128.0000000000
935 -127.0000000000
938 -126.0000000000
945 -125.0000000000
949 -124.0000000000
950 -123.0000000000
957 -122.0000000000
967 -121.0000000000
968 -120.0000000000
988 -119.0000000000
989 -118.0000000000
1003 -117.0000000000
1036 -116.0000000000
1053 -115.0000000000
1055 -114.0000000000
1058 -112.0000000000
1076 -111.0000000000
1088 -109.0000000000
1093 -108.0000000000
1105 -106.0000000000
1106 -105.0000000000
1114 -104.0000000000
1116 -103.0000000000
1122 -101.0000000000
1140 -100.0000000000
1156 -99.0000000000
1165 -98.0000000000
1172 -97.0000000000
1173 -96.0000000000
1180 -95.0000000000
1189 -94.0000000000
1197 -93.0000000000
1200 -92.0000000000
1208 -91.0000000000
1212 -90.0000000000
1246 -89.0000000000
1260 -88.0000000000
1261 -87.0000000000
1268 -86.0000000000
1281 -85.0000000000
1283 -84.0000000000
1293 -83.0000000000
1301 -82.0000000000
1304 -81.0000000000
1306 -80.0000000000
1316 -79.0000000000
1325 -78.0000000000
1326 -77.0000000000
1413 -76.0000000000
1436 -75.0000000000
1438 -73.0000000000
1512 -72.0000000000
1528 -71.0000000000
1562 -70.0000000000
1580 -69.0000000000
1599 -68.0000000000
1653 -67.0000000000
1684 -66.0000000000
1687 -65.0000000000
1704 -64.0000000000
1708 -63.0000000000
1752 -62.0000000000
1775 -61.0000000000
1783 -60.0000000000
1803 -59.0000000000
1824 -58.0000000000
1825 -57.0000000000
1839 -56.0000000000
1844 -55.0000000000
1855 -54.0000000000
1879 -53.0000000000
1950 -52.0000000000
1953 -51.0000000000
1969 -50.0000000000
1977 -49.0000000000
2038 -48.0000000000
2039 -47.0000000000
2061 -46.0000000000
2133 -45.0000000000
2145 -44.0000000000
2153 -43.0000000000
2154 -42.0000000000
2166 -41.0000000000
2184 -40.0000000000
2230 -39.0000000000
2232 -38.0000000000
2239 -37.0000000000
2279 -36.0000000000
2312 -35.0000000000
2341 -34.0000000000
2378 -33.0000000000
2414 -32.0000000000
2431 -31.0000000000
2449 -30.0000000000
2506 -29.0000000000
2541 -28.0000000000
2544 -27.0000000000
2584 -26.0000000000
2610 -25.0000000000
2726 -24.0000000000
2793 -23.0000000000
3042 -22.0000000000
3053 -21.0000000000
3092 -20.0000000000
3109 -19.0000000000
3200 -18.0000000000
3304 -17.0000000000
3335 -16.0000000000
3395 -14.0000000000
3588 -13.0000000000
3618 -12.0000000000
3782 -11.0000000000
3803 -10.0000000000
3875 -9.0000000000
3909 -8.0000000000
4021 -7.0000000000
4210 -6.0000000000
4364 -5.0000000000
4400 -4.0000000000
4477 -3.0000000000
4614 -2.0000000000
4698 -1.0000000000
4822 506.0000000000
5617 508.0000000000
5837 511.0000000000
6469 518.0000000000
7032 525.0000000000
8705 526.0000000000
8833 530.0000000000
17498 538.0000000000
38604 540.0000000000
45057 543.0000000000
53742 547.0000000000
55247 549.0000000000
96735 550.0000000000
100000 550.0000000000
evaluations raw_y
1 -269.0000000000
2 -268.0000000000
8 -265.0000000000
9 -264.0000000000
14 -263.0000000000
18 -262.0000000000
22 -261.0000000000
30 -260.0000000000
31 -259.0000000000
33 -258.0000000000
37 -257.0000000000
58 -256.0000000000
60 -255.0000000000
64 -253.0000000000
67 -252.0000000000
77 -250.0000000000
79 -249.0000000000
82 -247.0000000000
84 -246.0000000000
91 -243.0000000000
93 -242.0000000000
98 -240.0000000000
99 -238.0000000000
100 -236.0000000000
106 -235.0000000000
109 -233.0000000000
110 -232.0000000000
122 -231.0000000000
125 -229.0000000000
150 -228.0000000000
154 -226.0000000000
156 -225.0000000000
160 -224.0000000000
162 -223.0000000000
164 -221.0000000000
196 -220.0000000000
198 -218.0000000000
202 -217.0000000000
203 -216.0000000000
209 -215.0000000000
211 -214.0000000000
212 -213.0000000000
214 -212.0000000000
216 -211.0000000000
218 -210.0000000000
221 -209.0000000000
226 -208.0000000000
231 -207.0000000000
240 -206.0000000000
242 -205.0000000000
244 -204.0000000000
248 -203.0000000000
253 -202.0000000000
256 -201.0000000000
260 -200.0000000000
268 -199.0000000000
282 -198.0000000000
283 -197.0000000000
290 -196.0000000000
297 -195.0000000000
313 -194.0000000000
319 -193.0000000000
325 -191.0000000000
327 -190.0000000000
356 -189.0000000000
357 -188.0000000000
364 -187.0000000000
390 -186.0000000000
400 -185.0000000000
404 -184.0000000000
405 -183.0000000000
407 -182.0000000000
408 -181.0000000000
435 -180.0000000000
448 -179.0000000000
452 -178.0000000000
462 -176.0000000000
463 -175.0000000000
476 -174.0000000000
487 -173.0000000000
493 -172.0000000000
496 -171.0000000000
497 -170.0000000000
504 -169.0000000000
506 -168.0000000000
530 -167.0000000000
537 -164.0000000000
541 -162.0000000000
545 -161.0000000000
554 -160.0000000000
583 -159.0000000000
587 -158.0000000000
603 -157.0000000000
611 -156.0000000000
621 -155.0000000000
633 -154.0000000000
640 -153.0000000000
641 -152.0000000000
644 -151.0000000000
659 -149.0000000000
661 -148.0000000000
675 -147.0000000000
687 -146.0000000000
693 -145.0000000000
702 -144.0000000000
713 -143.0000000000
719 -141.0000000000
720 -139.0000000000
726 -138.0000000000
730 -137.0000000000
749 -136.0000000000
762 -135.0000000000
793 -133.0000000000
800 -132.0000000000
806 -131.0000000000
808 -130.0000000000
816 -129.0000000000
819 -128.0000000000
825 -127.0000000000
829 -126.0000000000
839 -125.0000000000
842 -124.0000000000
855 -123.0000000000
857 -122.0000000000
871 -121.0000000000
872 -120.0000000000
885 -119.0000000000
900 -118.0000000000
911 -117.0000000000
914 -116.0000000000
933 -115.0000000000
943 -114.0000000000
944 -113.0000000000
968 -112.0000000000
987 -111.0000000000
993 -110.0000000000
998 -109.0000000000
1002 -108.0000000000
1015 -107.0000000000
1016 -106.0000000000
1022 -105.0000000000
1024 -103.0000000000
1029 -102.0000000000
1030 -101.0000000000
1053 -99.0000000000
1078 -98.0000000000
1083 -97.0000000000
1095 -96.0000000000
1103 -95.0000000000
1113 -94.0000000000
1115 -93.0000000000
1121 -92.0000000000
1126 -91.0000000000
1138 -90.0000000000
1165 -89.0000000000
1215 -88.0000000000
1251 -87.0000000000
1265 -86.0000000000
1276 -85.0000000000
1302 -83.0000000000
1361 -82.0000000000
1372 -81.0000000000
1376 -80.0000000000
1378 -79.0000000000
1411 -78.0000000000
1419 -77.0000000000
1456 -76.0000000000
1513 -75.0000000000
1544 -74.0000000000
1548 -73.0000000000
1553 -72.0000000000
1556 -71.0000000000
1563 -70.0000000000
1567 -69.0000000000
1574 -68.0000000000
1585 -67.0000000000
1590 -66.0000000000
1606 -65.0000000000
1624 -64.0000000000
1628 -63.0000000000
1635 -62.0000000000
1662 -61.0000000000
1687 -60.0000000000
1765 -59.0000000000
1779 -58.0000000000
1811 -57.0000000000
1849 -56.0000000000
1850 -55.0000000000
1867 -54.0000000000
1869 -53.0000000000
1875 -52.0000000000
1878 -51.0000000000
1896 -50.0000000000
1901 -49.0000000000
1958 -47.0000000000
1978 -46.0000000000
1990 -45.0000000000
2010 -44.0000000000
2016 -43.0000000000
2026 -42.0000000000
2061 -40.0000000000
2155 -39.0000000000
2178 -38.0000000000
2210 -37.0000000000
2249 -36.0000000000
2255 -35.0000000000
2353 -34.0000000000
2365 -33.0000000000
2552 -32.0000000000
2598 -31.0000000000
2602 -30.0000000000
2627 -29.0000000000
2665 -28.0000000000
2700 -27.0000000000
2788 -26.0000000000
2840 -25.0000000000
2876 -24.0000000000
2917 -23.0000000000
2961 -22.0000000000
2977 -21.0000000000
2984 -20.0000000000
3079 -19.0000000000
3090 -18.0000000000
3165 -17.0000000000
3207 -16.0000000000
3262 -15.0000000000
3280 -13.0000000000
3310 -12.0000000000
3324 -11.0000000000
3353 -10.0000000000
3392 -9.0000000000
3398 -8.0000000000
3409 -7.0000000000
3434 -6.0000000000
3580 -5.0000000000
4000 -4.0000000000
4042 -3.0000000000
4290 -2.0000000000
4333 -1.0000000000
4683 471.0000000000
5276 500.0000000000
5433 505.0000000000
5570 509.0000000000
7086 512.0000000000
7801 523.0000000000
7802 524.0000000000
9086 525.0000000000
11978 527.0000000000
14592 532.0000000000
14730 535.0000000000
16059 539.0000000000
69616 543.0000000000
86550 544.0000000000
87068 548.0000000000
100000 -1.0000000000
evaluations raw_y
1 -296.0000000000
9 -295.0000000000
11 -294.0000000000
14 -293.0000000000
15 -292.0000000000
20 -291.0000000000
24 -290.0000000000
25 -289.0000000000
26 -288.0000000000
30 -287.0000000000
35 -286.0000000000
36 -285.0000000000
37 -284.0000000000
41 -282.0000000000
42 -281.0000000000
43 -279.0000000000
45 -278.0000000000
48 -277.0000000000
53 -276.0000000000
57 -274.0000000000
71 -273.0000000000
74 -272.0000000000
79 -271.0000000000
80 -270.0000000000
81 -269.0000000000
85 -268.0000000000
89 -267.0000000000
95 -266.0000000000
99 -265.0000000000
101 -264.0000000000
104 -263.0000000000
105 -260.0000000000
106 -257.0000000000
110 -256.0000000000
113 -255.0000000000
114 -254.0000000000
115 -253.0000000000
126 -252.0000000000
138 -251.0000000000
142 -250.0000000000
143 -249.0000000000
155 -248.0000000000
162 -247.0000000000
166 -246.0000000000
167 -245.0000000000
169 -243.0000000000
175 -242.0000000000
182 -240.0000000000
190 -238.0000000000
192 -237.0000000000
195 -236.0000000000
199 -234.0000000000
202 -233.0000000000
203 -232.0000000000
205 -231.0000000000
208 -230.0000000000
211 -229.0000000000
213 -228.0000000000
215 -227.0000000000
216 -226.0000000000
219 -225.0000000000
234 -224.0000000000
236 -223.0000000000
239 -222.0000000000
258 -221.0000000000
261 -220.0000000000
284 -219.0000000000
294 -216.0000000000
297 -215.0000000000
299 -214.0000000000
314 -213.0000000000
315 -212.0000000000
318 -211.0000000000
319 -210.0000000000
323 -209.0000000000
327 -206.0000000000
330 -205.0000000000
333 -203.0000000000
334 -202.0000000000
349 -201.0000000000
351 -200.0000000000
367 -199.0000000000
376 -198.0000000000
387 -197.0000000000
397 -196.0000000000
415 -195.0000000000
420 -194.0000000000
421 -193.0000000000
428 -192.0000000000
433 -190.0000000000
438 -187.0000000000
445 -186.0000000000
456 -185.0000000000
477 -184.0000000000
481 -183.0000000000
486 -181.0000000000
501 -180.0000000000
506 -179.0000000000
509 -178.0000000000
515 -177.0000000000
518 -176.0000000000
539 -175.0000000000
547 -174.0000000000
592 -173.0000000000
598 -172.0000000000
608 -171.0000000000
612 -170.0000000000
642 -169.0000000000
653 -168.0000000000
656 -167.0000000000
665 -164.0000000000
667 -163.0000000000
675 -161.0000000000
685 -160.0000000000
686 -159.0000000000
689 -158.0000000000
697 -157.0000000000
742 -156.0000000000
744 -155.0000000000
747 -154.0000000000
756 -153.0000000000
759 -152.0000000000
768 -151.0000000000
782 -150.0000000000
783 -149.0000000000
806 -148.0000000000
807 -147.0000000000
821 -146.0000000000
836 -144.0000000000
849 -143.0000000000
851 -142.0000000000
855 -141.0000000000
856 -140.0000000000
869 -139.0000000000
874 -138.0000000000
884 -137.0000000000
889 -135.0000000000
896 -134.0000000000
909 -133.0000000000
923 -132.0000000000
924 -131.0000000000
925 -130.0000000000
934 -128.0000000000
940 -127.0000000000
950 -126.0000000000
966 -125.0000000000
1000 -124.0000000000
1010 -123.0000000000
1016 -122.0000000000
1019 -121.0000000000
1022 -120.0000000000
1026 -119.0000000000
1058 -118.0000000000
1082 -117.0000000000
1083 -116.0000000000
1086 -115.0000000000
1087 -114.0000000000
1088 -113.0000000000
1089 -112.0000000000
1090 -111.0000000000
1100 -110.0000000000
1102 -109.0000000000
1104 -108.0000000000
1114 -107.0000000000
1120 -106.0000000000
1135 -104.0000000000
1168 -103.0000000000
1186 -102.0000000000
1207 -101.0000000000
1218 -100.0000000000
1237 -99.0000000000
1238 -98.0000000000
1245 -97.0000000000
1250 -96.0000000000
1255 -95.0000000000
1274 -94.0000000000
1281 -93.0000000000
1282 -92.0000000000
1287 -91.0000000000
1300 -90.0000000000
1303 -89.0000000000
1337 -88.0000000000
1341 -87.0000000000
1354 -86.0000000000
1359 -85.0000000000
1377 -84.0000000000
1404 -83.0000000000
1416 -81.0000000000
1437 -80.0000000000
1443 -79.0000000000
1444 -78.0000000000
1467 -77.0000000000
1480 -76.0000000000
1504 -75.0000000000
1527 -74.0000000000
1531 -73.0000000000
1551 -72.0000000000
1600 -71.0000000000
1616 -70.0000000000
1622 -69.0000000000
1638 -68.0000000000
1642 -67.0000000000
1652 -66.0000000000
1655 -64.0000000000
1681 -63.0000000000
1690 -62.0000000000
1698 -61.0000000000
1701 -60.0000000000
1727 -59.0000000000
1746 -58.0000000000
1750 -57.0000000000
1758 -56.0000000000
1798 -55.0000000000
1838 -54.0000000000
1873 -52.0000000000
1885 -51.0000000000
1888 -50.0000000000
1913 -49.0000000000
1944 -48.0000000000
1945 -47.0000000000
1952 -46.0000000000
1955 -45.0000000000
1991 -44.0000000000
2063 -43.0000000000
2100 -42.0000000000
2109 -41.0000000000
2114 -40.0000000000
2126 -39.0000000000
2129 -38.0000000000
2135 -37.0000000000
2137 -36.0000000000
2168 -35.0000000000
2202 -34.0000000000
2205 -33.0000000000
2266 -32.0000000000
2330 -31.0000000000
2339 -30.0000000000
2360 -29.0000000000
2428 -28.0000000000
2434 -27.0000000000
2508 -26.0000000000
2517 -25.0000000000
2544 -24.0000000000
2559 -23.0000000000
2582 -22.0000000000
2689 -20.0000000000
2794 -19.0000000000
2832 -18.0000000000
2930 -17.0000000000
3027 -16.0000000000
3148 -15.0000000000
3452 -14.0000000000
3522 -13.0000000000
3563 -12.0000000000
3736 -11.0000000000
3740 -10.0000000000
3934 -8.0000000000
4029 -7.0000000000
4033 -6.0000000000
4178 -5.0000000000
4185 -4.0000000000
4201 -3.0000000000
4352 -2.0000000000
4461 -1.0000000000
4924 509.0000000000
4986 518.0000000000
7102 520.0000000000
9653 521.0000000000
9749 523.0000000000
10160 527.0000000000
10736 530.0000000000
17394 531.0000000000
25449 533.0000000000
25948 541.0000000000
28426 544.0000000000
35045 548.0000000000
56872 549.0000000000
76104 551.0000000000
80540 553.0000000000
100000 -2.0000000000
evaluations raw_y
1 -275.0000000000
4 -274.0000000000
8 -273.0000000000
9 -272.0000000000
12 -271.0000000000
20 -270.0000000000
26 -268.0000000000
34 -267.0000000000
41 -266.0000000000
50 -263.0000000000
51 -262.0000000000
58 -261.0000000000
62 -260.0000000000
65 -259.0000000000
77 -258.0000000000
81 -257.0000000000
82 -256.0000000000
83 -255.0000000000
101 -254.0000000000
105 -253.0000000000
108 -251.0000000000
109 -250.0000000000
115 -249.0000000000
123 -248.0000000000
131 -246.0000000000
134 -244.0000000000
137 -243.0000000000
142 -241.0000000000
143 -239.0000000000
145 -238.0000000000
146 -236.0000000000
147 -235.0000000000
148 -234.0000000000
149 -232.0000000000
153 -231.0000000000
158 -230.0000000000
159 -229.0000000000
166 -228.0000000000
170 -227.0000000000
180 -226.0000000000
181 -225.0000000000
183 -224.0000000000
186 -223.0000000000
189 -222.0000000000
192 -220.0000000000
199 -218.0000000000
209 -216.0000000000
215 -215.0000000000
216 -214.0000000000
217 -213.0000000000
223 -212.0000000000
242 -211.0000000000
243 -210.0000000000
244 -209.0000000000
248 -208.0000000000
261 -207.0000000000
271 -206.0000000000
281 -204.0000000000
291 -202.0000000000
294 -200.0000000000
301 -198.0000000000
302 -197.0000000000
311 -195.0000000000
318 -194.0000000000
324 -193.0000000000
326 -192.0000000000
327 -191.0000000000
335 -189.0000000000
337 -188.0000000000
338 -187.0000000000
349 -186.0000000000
355 -185.0000000000
356 -183.0000000000
362 -182.0000000000
376 -181.0000000000
377 -179.0000000000
378 -178.0000000000
381 -177.0000000000
385 -175.0000000000
415 -174.0000000000
417 -173.0000000000
430 -172.0000000000
433 -171.0000000000
434 -170.0000000000
440 -169.0000000000
444 -168.0000000000
445 -167.0000000000
464 -166.0000000000
487 -165.0000000000
491 -164.0000000000
493 -163.0000000000
522 -162.0000000000
524 -160.0000000000
530 -159.0000000000
531 -158.0000000000
532 -157.0000000000
534 -156.0000000000
535 -154.0000000000
538 -153.0000000000
540 -151.0000000000
543 -150.0000000000
545 -149.0000000000
555 -148.0000000000
556 -147.0000000000
563 -146.0000000000
581 -145.0000000000
591 -144.0000000000
594 -143.0000000000
601 -142.0000000000
616 -141.0000000000
618 -140.0000000000
639 -139.0000000000
653 -138.0000000000
660 -137.0000000000
662 -136.0000000000
664 -135.0000000000
674 -134.0000000000
680 -133.0000000000
681 -132.0000000000
686 -131.0000000000
687 -130.0000000000
715 -129.0000000000
716 -128.0000000000
723 -127.0000000000
731 -126.0000000000
772 -125.0000000000
815 -124.0000000000
830 -123.0000000000
842 -122.0000000000
844 -121.0000000000
849 -120.0000000000
862 -119.0000000000
876 -118.0000000000
881 -117.0000000000
891 -116.0000000000
894 -115.0000000000
895 -114.0000000000
903 -113.0000000000
912 -112.0000000000
916 -111.0000000000
918 -110.0000000000
921 -109.0000000000
924 -108.0000000000
927 -106.0000000000
929 -105.0000000000
933 -104.0000000000
936 -103.0000000000
939 -102.0000000000
943 -101.0000000000
952 -100.0000000000
966 -99.0000000000
977 -98.0000000000
1004 -97.0000000000
1009 -96.0000000000
1062 -95.0000000000
1108 -94.0000000000
1109 -93.0000000000
1121 -92.0000000000
1122 -90.0000000000
1134 -89.0000000000
1184 -88.0000000000
1198 -86.0000000000
1221 -85.0000000000
1222 -84.0000000000
1242 -83.0000000000
1244 -82.0000000000
1251 -81.0000000000
1278 -80.0000000000
1284 -79.0000000000
1307 -77.0000000000
1313 -76.0000000000
1317 -74.0000000000
1324 -73.0000000000
1331 -72.0000000000
1340 -71.0000000000
1368 -70.0000000000
1378 -69.0000000000
1395 -68.0000000000
1408 -67.0000000000
1416 -66.0000000000
1429 -65.0000000000
1441 -64.0000000000
1468 -63.0000000000
1484 -62.0000000000
1492 -61.0000000000
1517 -60.0000000000
1518 -59.0000000000
1519 -58.0000000000
1546 -57.0000000000
1547 -56.0000000000
1572 -55.0000000000
1573 -54.0000000000
1596 -53.0000000000
1616 -52.0000000000
1627 -51.0000000000
1690 -50.0000000000
1711 -49.0000000000
1720 -48.0000000000
1752 -47.0000000000
1776 -45.0000000000
1817 -44.0000000000
1883 -43.0000000000
1893 -42.0000000000
1894 -41.0000000000
1904 -40.0000000000
1916 -39.0000000000
1981 -38.0000000000
2082 -37.0000000000
2086 -36.0000000000
2107 -35.0000000000
2120 -34.0000000000
2159 -33.0000000000
2185 -32.0000000000
2204 -31.0000000000
2230 -30.0000000000
2234 -28.0000000000
2310 -27.0000000000
2398 -26.0000000000
2442 -25.0000000000
2538 -24.0000000000
2561 -23.0000000000
2772 -22.0000000000
2827 -21.0000000000
2892 -20.0000000000
2904 -19.0000000000
2919 -18.0000000000
2924 -17.0000000000
2985 -16.0000000000
2996 -15.0000000000
3009 -14.0000000000
3053 -13.0000000000
3143 -12.0000000000
3144 -11.0000000000
3158 -10.0000000000
3210 -9.0000000000
3308 -8.0000000000
3385 -7.0000000000
3402 -6.0000000000
3425 -5.0000000000
3547 -4.0000000000
3622 -3.0000000000
3707 -2.0000000000
3885 -1.0000000000
4104 502.0000000000
4163 504.0000000000
4818 507.0000000000
5649 509.0000000000
6991 512.0000000000
7164 517.0000000000
7446 531.0000000000
9916 532.0000000000
17147 533.0000000000
17914 541.0000000000
25609 542.0000000000
25705 545.0000000000
65933 546.0000000000
70403 551.0000000000
78657 552.0000000000
85341 554.0000000000
85383 556.0000000000
93394 561.0000000000
100000 -1.0000000000
evaluations raw_y
1 -272.0000000000
2 -271.0000000000
3 -270.0000000000
7 -269.0000000000
14 -268.0000000000
20 -267.0000000000
22 -266.0000000000
25 -265.0000000000
33 -264.0000000000
40 -263.0000000000
42 -262.0000000000
53 -261.0000000000
56 -260.0000000000
58 -258.0000000000
62 -256.0000000000
63 -255.0000000000
81 -254.0000000000
83 -253.0000000000
84 -251.0000000000
86 -249.0000000000
89 -248.0000000000
96 -247.0000000000
99 -246.0000000000
100 -245.0000000000
106 -244.0000000000
115 -243.0000000000
127 -242.0000000000
146 -240.0000000000
150 -238.0000000000
156 -236.0000000000
169 -234.0000000000
172 -232.0000000000
174 -231.0000000000
181 -228.0000000000
182 -226.0000000000
192 -224.0000000000
195 -223.0000000000
207 -222.0000000000
209 -221.0000000000
212 -220.0000000000
215 -219.0000000000
220 -218.0000000000
224 -217.0000000000
230 -214.0000000000
233 -213.0000000000
234 -212.0000000000
239 -210.0000000000
250 -209.0000000000
251 -208.0000000000
258 -207.0000000000
259 -206.0000000000
260 -205.0000000000
277 -204.0000000000
283 -203.0000000000
303 -202.0000000000
311 -201.0000000000
317 -200.0000000000
325 -199.0000000000
328 -198.0000000000
333 -197.0000000000
354 -196.0000000000
358 -195.0000000000
363 -194.0000000000
367 -193.0000000000
374 -192.0000000000
386 -189.0000000000
391 -188.0000000000
401 -187.0000000000
403 -186.0000000000
406 -185.0000000000
409 -184.0000000000
430 -183.0000000000
445 -181.0000000000
451 -180.0000000000
461 -179.0000000000
476 -178.0000000000
479 -176.0000000000
482 -175.0000000000
484 -174.0000000000
491 -173.0000000000
500 -172.0000000000
502 -170.0000000000
509 -169.0000000000
518 -168.0000000000
520 -167.0000000000
521 -166.0000000000
538 -165.0000000000
541 -164.0000000000
545 -163.0000000000
553 -162.0000000000
567 -161.0000000000
568 -160.0000000000
580 -159.0000000000
581 -158.0000000000
587 -157.0000000000
591 -156.0000000000
596 -155.0000000000
599 -154.0000000000
607 -153.0000000000
611 -152.0000000000
612 -151.0000000000
613 -150.0000000000
615 -149.0000000000
628 -148.0000000000
637 -147.0000000000
639 -146.0000000000
641 -145.0000000000
654 -144.0000000000
691 -143.0000000000
706 -142.0000000000
707 -140.0000000000
712 -139.0000000000
714 -138.0000000000
719 -137.0000000000
721 -136.0000000000
733 -135.0000000000
744 -134.0000000000
746 -133.0000000000
759 -132.0000000000
763 -131.0000000000
765 -130.0000000000
794 -129.0000000000
796 -127.0000000000
800 -126.0000000000
820 -125.0000000000
836 -124.0000000000
839 -123.0000000000
845 -122.0000000000
849 -121.0000000000
852 -120.0000000000
857 -119.0000000000
863 -118.0000000000
867 -117.0000000000
892 -116.0000000000
899 -115.0000000000
904 -114.0000000000
907 -113.0000000000
914 -112.0000000000
929 -111.0000000000
942 -110.0000000000
950 -108.0000000000
973 -107.0000000000
994 -106.0000000000
998 -105.0000000000
1054 -104.0000000000
1064 -103.0000000000
1076 -102.0000000000
1081 -101.0000000000
1112 -100.0000000000
1135 -99.0000000000
1138 -98.0000000000
1144 -97.0000000000
1162 -96.0000000000
1169 -95.0000000000
1177 -94.0000000000
1193 -93.0000000000
1198 -92.0000000000
1200 -91.0000000000
1218 -90.0000000000
1221 -89.0000000000
1224 -88.0000000000
1228 -87.0000000000
1239 -86.0000000000
1260 -85.0000000000
1273 -84.0000000000
1282 -83.0000000000
1320 -82.0000000000
1326 -81.0000000000
1358 -80.0000000000
1367 -79.0000000000
1380 -78.0000000000
1399 -77.0000000000
1408 -76.0000000000
1423 -75.0000000000
1429 -74.0000000000
1436 -73.0000000000
1445 -72.0000000000
1452 -71.0000000000
1453 -70.0000000000
1462 -69.0000000000
1483 -68.0000000000
1488 -67.0000000000
1491 -66.0000000000
1505 -65.0000000000
1512 -64.0000000000
1533 -63.0000000000
1539 -62.0000000000
1541 -61.0000000000
1542 -60.0000000000
1543 -59.0000000000
1578 -58.0000000000
1607 -57.0000000000
1655 -56.0000000000
1713 -55.0000000000
1716 -53.0000000000
1743 -52.0000000000
1805 -51.0000000000
1810 -50.0000000000
1837 -49.0000000000
1848 -48.0000000000
1866 -47.0000000000
1875 -46.0000000000
1890 -45.0000000000
1905 -44.0000000000
1932 -43.0000000000
1993 -42.0000000000
2019 -41.0000000000
2029 -40.0000000000
2035 -39.0000000000
2037 -38.0000000000
2044 -37.0000000000
2078 -36.0000000000
2089 -35.0000000000
2158 -34.0000000000
2159 -33.0000000000
2188 -32.0000000000
2189 -31.0000000000
2199 -30.0000000000
2215 -28.0000000000
2236 -27.0000000000
2239 -26.0000000000
2258 -25.0000000000
2353 -24.0000000000
2505 -23.0000000000
2544 -22.0000000000
2572 -21.0000000000
2679 -20.0000000000
2696 -19.0000000000
2718 -18.0000000000
2786 -17.0000000000
2906 -16.0000000000
2914 -15.0000000000
3008 -14.0000000000
3055 -13.0000000000
3072 -12.0000000000
3126 -11.0000000000
3160 -10.0000000000
3319 -9.0000000000
3345 -8.0000000000
3375 -7.0000000000
3395 -6.0000000000
3464 -5.0000000000
3790 -4.0000000000
3838 -3.0000000000
3879 -2.0000000000
4317 -1.0000000000
4341 477.0000000000
4480 481.0000000000
4917 483.0000000000
6138 491.0000000000
6151 499.0000000000
7298 509.0000000000
7480 516.0000000000
8533 517.0000000000
9237 519.0000000000
10030 520.0000000000
11730 521.0000000000
16303 527.0000000000
16611 531.0000000000
23613 536.0000000000
24375 537.0000000000
24867 541.0000000000
25522 542.0000000000
43308 544.0000000000
74391 547.0000000000
100000 547.0000000000
evaluations raw_y
1 -311.0000000000
7 -309.0000000000
9 -308.0000000000
17 -307.0000000000
22 -305.0000000000
25 -304.0000000000
27 -303.0000000000
29 -302.0000000000
34 -300.0000000000
37 -299.0000000000
42 -298.0000000000
44 -297.0000000000
45 -296.0000000000
46 -295.0000000000
47 -294.0000000000
50 -293.0000000000
51 -292.0000000000
55 -291.0000000000
58 -290.0000000000
59 -289.0000000000
71 -288.0000000000
79 -287.0000000000
80 -286.0000000000
81 -285.0000000000
85 -284.0000000000
86 -283.0000000000
88 -282.0000000000
89 -281.0000000000
90 -279.0000000000
96 -278.0000000000
100 -275.0000000000
104 -274.0000000000
105 -272.0000000000
106 -271.0000000000
112 -269.0000000000
114 -268.0000000000
116 -267.0000000000
118 -266.0000000000
121 -265.0000000000
127 -264.0000000000
130 -263.0000000000
135 -262.0000000000
138 -261.0000000000
139 -260.0000000000
142 -258.0000000000
144 -256.0000000000
147 -255.0000000000
159 -254.0000000000
160 -253.0000000000
161 -251.0000000000
163 -250.0000000000
166 -247.0000000000
171 -246.0000000000
174 -245.0000000000
175 -244.0000000000
177 -243.0000000000
178 -242.0000000000
180 -241.0000000000
181 -239.0000000000
187 -237.0000000000
190 -236.0000000000
192 -235.0000000000
197 -233.0000000000
207 -232.0000000000
208 -229.0000000000
217 -228.0000000000
240 -227.0000000000
242 -226.0000000000
270 -225.0000000000
274 -223.0000000000
278 -222.0000000000
288 -220.0000000000
295 -219.0000000000
297 -218.0000000000
299 -217.0000000000
303 -216.0000000000
314 -215.0000000000
315 -213.0000000000
321 -212.0000000000
330 -211.0000000000
332 -208.0000000000
334 -207.0000000000
344 -206.0000000000
345 -205.0000000000
352 -204.0000000000
362 -200.0000000000
363 -199.0000000000
365 -198.0000000000
370 -197.0000000000
374 -195.0000000000
377 -194.0000000000
380 -193.0000000000
384 -192.0000000000
396 -191.0000000000
398 -190.0000000000
404 -189.0000000000
405 -186.0000000000
413 -185.0000000000
414 -183.0000000000
421 -182.0000000000
425 -181.0000000000
426 -180.0000000000
435 -179.0000000000
448 -178.0000000000
470 -177.0000000000
471 -176.0000000000
488 -174.0000000000
489 -173.0000000000
490 -172.0000000000
500 -171.0000000000
512 -169.0000000000
523 -168.0000000000
542 -167.0000000000
580 -166.0000000000
594 -165.0000000000
603 -164.0000000000
607 -163.0000000000
616 -162.0000000000
622 -161.0000000000
623 -160.0000000000
627 -159.0000000000
628 -157.0000000000
639 -156.0000000000
648 -155.0000000000
656 -154.0000000000
657 -153.0000000000
660 -151.0000000000
662 -150.0000000000
664 -149.0000000000
671 -148.0000000000
704 -147.0000000000
712 -145.0000000000
714 -144.0000000000
720 -143.0000000000
731 -142.0000000000
750 -141.0000000000
754 -140.0000000000
772 -139.0000000000
777 -138.0000000000
782 -137.0000000000
783 -136.0000000000
799 -135.0000000000
807 -134.0000000000
810 -133.0000000000
812 -132.0000000000
849 -131.0000000000
852 -130.0000000000
868 -129.0000000000
870 -128.0000000000
871 -127.0000000000
892 -126.0000000000
893 -125.0000000000
906 -124.0000000000
922 -123.0000000000
932 -122.0000000000
938 -121.0000000000
939 -120.0000000000
984 -119.0000000000
987 -118.0000000000
992 -117.0000000000
998 -116.0000000000
1002 -115.0000000000
1005 -114.0000000000
1012 -113.0000000000
1032 -112.0000000000
1039 -111.0000000000
1059 -110.0000000000
1086 -109.0000000000
1100 -108.0000000000
1107 -107.0000000000
1126 -106.0000000000
1145 -105.0000000000
1147 -104.0000000000
1148 -103.0000000000
1163 -102.0000000000
1192 -101.0000000000
1193 -100.0000000000
1194 -99.0000000000
1205 -98.0000000000
1213 -96.0000000000
1218 -95.0000000000
1253 -94.0000000000
1259 -93.0000000000
1267 -92.0000000000
1271 -91.0000000000
1296 -90.0000000000
1328 -89.0000000000
1375 -88.0000000000
1377 -87.0000000000
1388 -86.0000000000
1404 -85.0000000000
1425 -84.0000000000
1436 -83.0000000000
1468 -82.0000000000
1496 -81.0000000000
1504 -80.0000000000
1506 -79.0000000000
1520 -78.0000000000
1527 -77.0000000000
1573 -76.0000000000
1579 -75.0000000000
1601 -74.0000000000
1630 -73.0000000000
1678 -72.0000000000
1685 -71.0000000000
1693 -70.0000000000
1703 -69.0000000000
1730 -68.0000000000
1788 -67.0000000000
1796 -66.0000000000
1828 -65.0000000000
1837 -64.0000000000
1842 -63.0000000000
1847 -62.0000000000
1859 -61.0000000000
1863 -60.0000000000
1873 -59.0000000000
1888 -58.0000000000
1891 -57.0000000000
1901 -56.0000000000
1924 -55.0000000000
1944 -54.0000000000
1945 -53.0000000000
1948 -52.0000000000
1961 -51.0000000000
1987 -49.0000000000
2009 -48.0000000000
2025 -47.0000000000
2082 -46.0000000000
2134 -45.0000000000
2159 -44.0000000000
2175 -43.0000000000
2225 -42.0000000000
2233 -41.0000000000
2256 -40.0000000000
2265 -39.0000000000
2284 -38.0000000000
2322 -37.0000000000
2338 -36.0000000000
2339 -35.0000000000
2348 -34.0000000000
2388 -33.0000000000
2439 -32.0000000000
2492 -31.0000000000
2550 -30.0000000000
2604 -29.0000000000
2612 -28.0000000000
2718 -27.0000000000
2814 -26.0000000000
2816 -25.0000000000
2826 -24.0000000000
2850 -23.0000000000
2950 -22.0000000000
2975 -21.0000000000
3089 -19.0000000000
3124 -18.0000000000
3217 -17.0000000000
3301 -16.0000000000
3503 -15.0000000000
3552 -14.0000000000
3575 -13.0000000000
3708 -12.0000000000
3778 -11.0000000000
3795 -10.0000000000
3832 -9.0000000000
3868 -8.0000000000
3932 -7.0000000000
3972 -6.0000000000
3990 -5.0000000000
4300 -4.0000000000
4333 -3.0000000000
4450 -2.0000000000
4528 -1.0000000000
4760 488.0000000000
5063 489.0000000000
5130 492.0000000000
5411 495.0000000000
6153 505.0000000000
7128 506.0000000000
8524 513.0000000000
10489 515.0000000000
12037 520.0000000000
12519 521.0000000000
13792 523.0000000000
14740 527.0000000000
15249 533.0000000000
16506 536.0000000000
17124 537.0000000000
18102 538.0000000000
20761 542.0000000000
24922 545.0000000000
27090 547.0000000000
31072 548.0000000000
35013 549.0000000000
69685 551.0000000000
77105 555.0000000000
85695 557.0000000000
99054 559.0000000000
100000 559.0000000000
evaluations raw_y
1 -309.0000000000
14 -308.0000000000
17 -307.0000000000
23 -306.0000000000
25 -305.0000000000
26 -303.0000000000
28 -301.0000000000
32 -300.0000000000
37 -299.0000000000
40 -298.0000000000
43 -297.0000000000
45 -296.0000000000
48 -295.0000000000
54 -294.0000000000
58 -292.0000000000
67 -290.0000000000
70 -288.0000000000
84 -287.0000000000
91 -286.0000000000
92 -285.0000000000
94 -284.0000000000
100 -283.0000000000
103 -282.0000000000
104 -280.0000000000
106 -279.0000000000
108 -278.0000000000
109 -277.0000000000
112 -276.0000000000
118 -275.0000000000
126 -274.0000000000
137 -273.0000000000
139 -271.0000000000
140 -270.0000000000
141 -269.0000000000
143 -268.0000000000
145 -267.0000000000
148 -266.0000000000
155 -265.0000000000
158 -263.0000000000
160 -262.0000000000
165 -261.0000000000
176 -260.0000000000
178 -259.0000000000
184 -258.0000000000
186 -256.0000000000
212 -255.0000000000
228 -254.0000000000
231 -253.0000000000
232 -251.0000000000
236 -250.0000000000
241 -249.0000000000
243 -248.0000000000
244 -247.0000000000
249 -246.0000000000
255 -244.0000000000
259 -243.0000000000
261 -242.0000000000
273 -241.0000000000
282 -240.0000000000
286 -238.0000000000
291 -237.0000000000
292 -236.0000000000
294 -235.0000000000
298 -234.0000000000
308 -233.0000000000
309 -232.0000000000
314 -231.0000000000
325 -230.0000000000
326 -229.0000000000
330 -228.0000000000
348 -226.0000000000
352 -224.0000000000
354 -223.0000000000
362 -222.0000000000
371 -221.0000000000
380 -220.0000000000
389 -218.0000000000
394 -217.0000000000
401 -216.0000000000
403 -215.0000000000
411 -214.0000000000
416 -213.0000000000
421 -212.0000000000
432 -211.0000000000
433 -209.0000000000
440 -208.0000000000
446 -207.0000000000
453 -206.0000000000
454 -205.0000000000
456 -204.0000000000
463 -203.0000000000
464 -202.0000000000
469 -201.0000000000
473 -200.0000000000
485 -199.0000000000
488 -198.0000000000
497 -197.0000000000
500 -196.0000000000
502 -195.0000000000
503 -194.0000000000
506 -193.0000000000
507 -192.0000000000
508 -190.0000000000
510 -189.0000000000
530 -188.0000000000
535 -187.0000000000
537 -185.0000000000
539 -184.0000000000
541 -181.0000000000
546 -180.0000000000
547 -179.0000000000
549 -178.0000000000
550 -176.0000000000
564 -175.0000000000
599 -174.0000000000
611 -172.0000000000
617 -171.0000000000
619 -170.0000000000
620 -169.0000000000
632 -168.0000000000
643 -167.0000000000
672 -166.0000000000
674 -165.0000000000
678 -164.0000000000
679 -163.0000000000
688 -162.0000000000
690 -161.0000000000
696 -160.0000000000
713 -158.0000000000
726 -157.0000000000
727 -156.0000000000
732 -155.0000000000
746 -154.0000000000
779 -152.0000000000
784 -151.0000000000
785 -150.0000000000
804 -149.0000000000
807 -148.0000000000
816 -147.0000000000
827 -145.0000000000
829 -144.0000000000
855 -143.0000000000
859 -142.0000000000
861 -141.0000000000
862 -140.0000000000
865 -139.0000000000
881 -138.0000000000
891 -137.0000000000
901 -136.0000000000
908 -135.0000000000
913 -134.0000000000
920 -133.0000000000
925 -132.0000000000
932 -131.0000000000
979 -130.0000000000
1000 -128.0000000000
1022 -127.0000000000
1025 -126.0000000000
1028 -124.0000000000
1031 -123.0000000000
1034 -122.0000000000
1063 -121.0000000000
1067 -120.0000000000
1083 -119.0000000000
1092 -118.0000000000
1102 -117.0000000000
1113 -116.0000000000
1129 -115.0000000000
1131 -114.0000000000
1144 -113.0000000000
1174 -112.0000000000
1201 -111.0000000000
1202 -110.0000000000
1204 -108.0000000000
1205 -107.0000000000
1209 -106.0000000000
1210 -104.0000000000
1213 -103.0000000000
1234 -102.0000000000
1235 -101.0000000000
1244 -100.0000000000
1250 -99.0000000000
1270 -97.0000000000
1274 -96.0000000000
1277 -95.0000000000
1287 -94.0000000000
1304 -93.0000000000
1308 -92.0000000000
1318 -91.0000000000
1331 -90.0000000000
1339 -89.0000000000
1345 -88.0000000000
1354 -86.0000000000
1356 -85.0000000000
1360 -84.0000000000
1393 -83.0000000000
1399 -82.0000000000
1400 -81.0000000000
1404 -80.0000000000
1437 -79.0000000000
1438 -78.0000000000
1444 -76.0000000000
1467 -75.0000000000
1472 -74.0000000000
1486 -73.0000000000
1527 -72.0000000000
1538 -71.0000000000
1599 -70.0000000000
1606 -69.0000000000
1612 -68.0000000000
1613 -67.0000000000
1652 -66.0000000000
1675 -65.0000000000
1689 -64.0000000000
1730 -63.0000000000
1747 -62.0000000000
1757 -61.0000000000
1768 -60.0000000000
1778 -59.0000000000
1817 -58.0000000000
1895 -57.0000000000
1906 -56.0000000000
1941 -55.0000000000
1995 -54.0000000000
2045 -53.0000000000
2089 -52.0000000000
2092 -51.0000000000
2254 -50.0000000000
2260 -49.0000000000
2295 -48.0000000000
2428 -47.0000000000
2434 -46.0000000000
2502 -45.0000000000
2505 -44.0000000000
2519 -43.0000000000
2523 -42.0000000000
2552 -41.0000000000
2606 -40.0000000000
2609 -39.0000000000
2615 -38.0000000000
2617 -37.0000000000
2687 -36.0000000000
2749 -35.0000000000
2752 -34.0000000000
2767 -33.0000000000
2834 -32.0000000000
2844 -31.0000000000
2856 -30.0000000000
2857 -29.0000000000
2861 -28.0000000000
2863 -27.0000000000
2940 -26.0000000000
2954 -25.0000000000
2993 -24.0000000000
3068 -23.0000000000
3106 -22.0000000000
3199 -21.0000000000
3217 -20.0000000000
3351 -19.0000000000
3384 -18.0000000000
3390 -17.0000000000
3515 -16.0000000000
3575 -15.0000000000
3588 -14.0000000000
3631 -13.0000000000
3747 -12.0000000000
3807 -11.0000000000
3818 -10.0000000000
3868 -9.0000000000
3940 -8.0000000000
3987 -7.0000000000
4082 -6.0000000000
4152 -5.0000000000
4260 -4.0000000000
4343 -3.0000000000
4372 -2.0000000000
4382 -1.0000000000
4719 461.0000000000
4745 476.0000000000
4946 490.0000000000
4953 491.0000000000
5705 494.0000000000
6109 506.0000000000
6528 508.0000000000
6650 509.0000000000
10466 513.0000000000
10617 514.0000000000
10747 521.0000000000
11738 526.0000000000
14055 529.0000000000
20663 532.0000000000
20670 533.0000000000
24375 535.0000000000
27278 537.0000000000
27685 540.0000000000
28586 545.0000000000
40170 550.0000000000
79721 551.0000000000
100000 -2.0000000000
evaluations raw_y
1 -282.0000000000
2 -281.0000000000
10 -280.0000000000
12 -279.0000000000
16 -278.0000000000
18 -276.0000000000
19 -275.0000000000
20 -274.0000000000
26 -273.0000000000
27 -272.0000000000
43 -271.0000000000
47 -270.0000000000
48 -269.0000000000
51 -268.0000000000
52 -267.0000000000
53 -266.0000000000
55 -265.0000000000
59 -263.0000000000
63 -262.0000000000
67 -260.0000000000
69 -258.0000000000
71 -257.0000000000
72 -256.0000000000
73 -255.0000000000
75 -254.0000000000
77 -252.0000000000
90 -251.0000000000
93 -250.0000000000
95 -249.0000000000
99 -248.0000000000
100 -247.0000000000
104 -246.0000000000
122 -245.0000000000
128 -244.0000000000
137 -243.0000000000
138 -241.0000000000
143 -240.0000000000
151 -238.0000000000
152 -237.0000000000
156 -236.0000000000
160 -235.0000000000
164 -234.0000000000
166 -233.0000000000
167 -231.0000000000
168 -230.0000000000
171 -229.0000000000
175 -228.0000000000
181 -225.0000000000
183 -224.0000000000
184 -223.0000000000
190 -222.0000000000
191 -220.0000000000
197 -219.0000000000
201 -218.0000000000
203 -217.0000000000
217 -216.0000000000
222 -215.0000000000
228 -214.0000000000
229 -213.0000000000
234 -212.0000000000
235 -211.0000000000
249 -210.0000000000
252 -209.0000000000
262 -208.0000000000
269 -207.0000000000
272 -206.0000000000
273 -205.0000000000
275 -204.0000000000
289 -203.0000000000
294 -202.0000000000
300 -201.0000000000
305 -200.0000000000
325 -199.0000000000
326 -198.0000000000
330 -197.0000000000
339 -196.0000000000
345 -195.0000000000
349 -194.0000000000
361 -193.0000000000
364 -192.0000000000
365 -191.0000000000
371 -189.0000000000
386 -187.0000000000
396 -186.0000000000
399 -185.0000000000
407 -184.0000000000
426 -183.0000000000
431 -182.0000000000
437 -181.0000000000
450 -180.0000000000
460 -179.0000000000
469 -178.0000000000
473 -177.0000000000
481 -176.0000000000
486 -175.0000000000
487 -174.0000000000
495 -172.0000000000
498 -169.0000000000
504 -168.0000000000
507 -167.0000000000
508 -165.0000000000
512 -164.0000000000
546 -163.0000000000
551 -162.0000000000
559 -161.0000000000
566 -160.0000000000
568 -159.0000000000
587 -158.0000000000
589 -157.0000000000
590 -156.0000000000
592 -154.0000000000
597 -152.0000000000
599 -151.0000000000
600 -150.0000000000
602 -149.0000000000
607 -148.0000000000
610 -147.0000000000
621 -146.0000000000
630 -144.0000000000
633 -142.0000000000
639 -141.0000000000
647 -140.0000000000
660 -139.0000000000
663 -138.0000000000
668 -137.0000000000
692 -136.0000000000
710 -135.0000000000
725 -134.0000000000
729 -133.0000000000
741 -131.0000000000
750 -129.0000000000
755 -128.0000000000
759 -127.0000000000
774 -126.0000000000
781 -125.0000000000
783 -124.0000000000
786 -123.0000000000
801 -122.0000000000
806 -121.0000000000
807 -120.0000000000
813 -118.0000000000
818 -117.0000000000
837 -116.0000000000
841 -115.0000000000
844 -114.0000000000
853 -113.0000000000
862 -112.0000000000
867 -111.0000000000
872 -110.0000000000
880 -109.0000000000
884 -108.0000000000
886 -107.0000000000
896 -106.0000000000
930 -105.0000000000
949 -104.0000000000
952 -103.0000000000
958 -101.0000000000
984 -100.0000000000
985 -99.0000000000
986 -98.0000000000
992 -97.0000000000
994 -96.0000000000
996 -95.0000000000
1009 -94.0000000000
1027 -93.0000000000
1043 -92.0000000000
1047 -91.0000000000
1073 -90.0000000000
1074 -89.0000000000
1095 -88.0000000000
1097 -86.0000000000
1142 -85.0000000000
1150 -84.0000000000
1151 -83.0000000000
1164 -82.0000000000
1168 -81.0000000000
1169 -80.0000000000
1183 -79.0000000000
1184 -78.0000000000
1201 -77.0000000000
1205 -76.0000000000
1256 -75.0000000000
1257 -74.0000000000
1262 -73.0000000000
1271 -72.0000000000
1274 -71.0000000000
1280 -70.0000000000
1298 -69.0000000000
1313 -68.0000000000
1319 -67.0000000000
1321 -66.0000000000
1333 -65.0000000000
1348 -64.0000000000
1359 -63.0000000000
1364 -62.0000000000
1371 -61.0000000000
1372 -60.0000000000
1406 -59.0000000000
1422 -58.0000000000
1442 -57.0000000000
1475 -56.0000000000
1479 -55.0000000000
1494 -54.0000000000
1513 -53.0000000000
1587 -52.0000000000
1611 -51.0000000000
1616 -50.0000000000
1642 -49.0000000000
1664 -48.0000000000
1673 -47.0000000000
1674 -46.0000000000
1681 -45.0000000000
1698 -44.0000000000
1701 -43.0000000000
1731 -42.0000000000
1835 -41.0000000000
1950 -40.0000000000
2006 -39.0000000000
2075 -38.0000000000
2127 -37.0000000000
2215 -36.0000000000
2227 -35.0000000000
2273 -34.0000000000
2299 -33.0000000000
2407 -32.0000000000
2444 -31.0000000000
2445 -30.0000000000
2451 -29.0000000000
2482 -28.0000000000
2520 -27.0000000000
2544 -26.0000000000
2684 -25.0000000000
2685 -24.0000000000
2703 -23.0000000000
2756 -22.0000000000
2791 -21.0000000000
2811 -20.0000000000
2827 -19.0000000000
2838 -18.0000000000
2906 -17.0000000000
2920 -16.0000000000
2966 -15.0000000000
2968 -14.0000000000
3050 -13.0000000000
3093 -12.0000000000
3281 -11.0000000000
3367 -10.0000000000
3443 -9.0000000000
3558 -8.0000000000
3620 -7.0000000000
3747 -6.0000000000
3895 -5.0000000000
3927 -4.0000000000
3931 -3.0000000000
4044 -2.0000000000
4045 -1.0000000000
4457 455.0000000000
4519 474.0000000000
4635 482.0000000000
4804 498.0000000000
5023 500.0000000000
5798 501.0000000000
5967 509.0000000000
5971 516.0000000000
6217 531.0000000000
7217 532.0000000000
7647 539.0000000000
8159 540.0000000000
11084 542.0000000000
12162 544.0000000000
32403 545.0000000000
33157 547.0000000000
33310 549.0000000000
34853 550.0000000000
44500 552.0000000000
66090 553.0000000000
78673 554.0000000000
100000 -1.0000000000
evaluations raw_y
1 -288.0000000000
17 -286.0000000000
20 -285.0000000000
33 -282.0000000000
34 -281.0000000000
35 -280.0000000000
36 -279.0000000000
53 -278.0000000000
58 -277.0000000000
59 -276.0000000000
62 -274.0000000000
65 -273.0000000000
67 -272.0000000000
68 -271.0000000000
71 -270.0000000000
74 -268.0000000000
83 -267.0000000000
91 -266.0000000000
95 -265.0000000000
98 -264.0000000000
106 -263.0000000000
110 -262.0000000000
114 -261.0000000000
124 -260.0000000000
141 -259.0000000000
142 -258.0000000000
144 -257.0000000000
147 -256.0000000000
148 -254.0000000000
149 -253.0000000000
150 -252.0000000000
152 -249.0000000000
155 -248.0000000000
170 -247.0000000000
175 -245.0000000000
200 -244.0000000000
208 -243.0000000000
209 -242.0000000000
219 -241.0000000000
227 -240.0000000000
230 -238.0000000000
231 -237.0000000000
232 -235.0000000000
236 -234.0000000000
238 -233.0000000000
239 -232.0000000000
248 -230.0000000000
253 -228.0000000000
254 -227.0000000000
258 -226.0000000000
259 -225.0000000000
262 -224.0000000000
271 -223.0000000000
278 -222.0000000000
292 -220.0000000000
295 -219.0000000000
296 -218.0000000000
298 -217.0000000000
300 -216.0000000000
318 -215.0000000000
322 -214.0000000000
324 -213.0000000000
325 -212.0000000000
340 -210.0000000000
343 -209.0000000000
344 -208.0000000000
346 -206.0000000000
348 -205.0000000000
349 -204.0000000000
353 -202.0000000000
355 -200.0000000000
369 -199.0000000000
371 -198.0000000000
373 -197.0000000000
374 -196.0000000000
375 -194.0000000000
382 -193.0000000000
383 -192.0000000000
397 -191.0000000000
412 -190.0000000000
414 -188.0000000000
426 -187.0000000000
439 -186.0000000000
440 -185.0000000000
450 -184.0000000000
451 -183.0000000000
452 -182.0000000000
463 -180.0000000000
468 -179.0000000000
478 -178.0000000000
488 -177.0000000000
516 -175.0000000000
517 -174.0000000000
527 -173.0000000000
533 -172.0000000000
540 -171.0000000000
555 -170.0000000000
562 -169.0000000000
568 -168.0000000000
573 -167.0000000000
575 -166.0000000000
577 -165.0000000000
579 -164.0000000000
581 -163.0000000000
587 -161.0000000000
590 -160.0000000000
594 -159.0000000000
600 -158.0000000000
604 -157.0000000000
608 -156.0000000000
614 -155.0000000000
644 -154.0000000000
648 -153.0000000000
659 -152.0000000000
664 -151.0000000000
665 -150.0000000000
682 -148.0000000000
688 -147.0000000000
692 -146.0000000000
724 -145.0000000000
728 -143.0000000000
747 -142.0000000000
769 -141.0000000000
772 -140.0000000000
774 -139.0000000000
785 -138.0000000000
790 -137.0000000000
792 -136.0000000000
798 -135.0000000000
801 -134.0000000000
812 -133.0000000000
821 -132.0000000000
831 -131.0000000000
841 -130.0000000000
842 -129.0000000000
847 -128.0000000000
853 -127.0000000000
854 -126.0000000000
870 -125.0000000000
879 -124.0000000000
923 -123.0000000000
928 -122.0000000000
932 -121.0000000000
961 -120.0000000000
962 -119.0000000000
975 -117.0000000000
980 -116.0000000000
1002 -115.0000000000
1004 -114.0000000000
1013 -113.0000000000
1014 -112.0000000000
1016 -111.0000000000
1018 -110.0000000000
1037 -108.0000000000
1045 -107.0000000000
1064 -106.0000000000
1077 -105.0000000000
1089 -104.0000000000
1122 -103.0000000000
1132 -102.0000000000
1136 -101.0000000000
1167 -100.0000000000
1178 -99.0000000000
1181 -98.0000000000
1189 -97.0000000000
1201 -96.0000000000
1203 -95.0000000000
1206 -94.0000000000
1213 -93.0000000000
1223 -92.0000000000
1235 -91.0000000000
1240 -90.0000000000
1242 -89.0000000000
1289 -87.0000000000
1313 -86.0000000000
1331 -84.0000000000
1336 -83.0000000000
1373 -82.0000000000
1380 -81.0000000000
1429 -80.0000000000
1430 -78.0000000000
1440 -77.0000000000
1443 -76.0000000000
1456 -75.0000000000
1497 -74.0000000000
1536 -73.0000000000
1569 -72.0000000000
1599 -71.0000000000
1617 -70.0000000000
1619 -69.0000000000
1624 -68.0000000000
1633 -67.0000000000
1674 -66.0000000000
1683 -65.0000000000
1698 -64.0000000000
1719 -63.0000000000
1724 -62.0000000000
1750 -61.0000000000
1761 -60.0000000000
1786 -59.0000000000
1787 -58.0000000000
1834 -57.0000000000
1843 -56.0000000000
1844 -55.0000000000
1848 -54.0000000000
1889 -53.0000000000
1952 -52.0000000000
1954 -51.0000000000
1998 -50.0000000000
2000 -49.0000000000
2019 -48.0000000000
2059 -47.0000000000
2065 -46.0000000000
2084 -45.0000000000
2093 -44.0000000000
2099 -43.0000000000
2147 -42.0000000000
2167 -41.0000000000
2176 -40.0000000000
2228 -38.0000000000
2330 -37.0000000000
2339 -36.0000000000
2350 -35.0000000000
2363 -33.0000000000
2437 -32.0000000000
2450 -31.0000000000
2456 -30.0000000000
2472 -29.0000000000
2560 -28.0000000000
2567 -27.0000000000
2568 -26.0000000000
2570 -25.0000000000
2612 -24.0000000000
2740 -23.0000000000
2783 -22.0000000000
2795 -21.0000000000
2866 -20.0000000000
2900 -19.0000000000
2905 -18.0000000000
2926 -17.0000000000
2948 -16.0000000000
3055 -15.0000000000
3069 -14.0000000000
3072 -13.0000000000
3093 -11.0000000000
3105 -10.0000000000
3189 -9.0000000000
3414 -8.0000000000
3417 -7.0000000000
3441 -6.0000000000
3561 -5.0000000000
3707 -4.0000000000
3824 -3.0000000000
3901 -2.0000000000
4380 -1.0000000000
4384 482.0000000000
5104 492.0000000000
5377 496.0000000000
5791 502.0000000000
5969 503.0000000000
7119 507.0000000000
7146 511.0000000000
7455 514.0000000000
10712 518.0000000000
11806 519.0000000000
12196 524.0000000000
13586 527.0000000000
15315 531.0000000000
15749 532.0000000000
21802 534.0000000000
32742 535.0000000000
39780 538.0000000000
45740 539.0000000000
47820 544.0000000000
59286 546.0000000000
68141 549.0000000000
81664 553.0000000000
100000 -1.0000000000
evaluations raw_y
1 -293.0000000000
13 -292.0000000000
14 -290.0000000000
15 -289.0000000000
16 -288.0000000000
18 -287.0000000000
26 -285.0000000000
33 -284.0000000000
43 -283.0000000000
45 -282.0000000000
51 -281.0000000000
56 -279.0000000000
58 -278.0000000000
59 -277.0000000000
60 -276.0000000000
62 -274.0000000000
70 -273.0000000000
75 -272.0000000000
77 -271.0000000000
78 -269.0000000000
80 -268.0000000000
91 -267.0000000000
92 -265.0000000000
93 -264.0000000000
98 -263.0000000000
100 -262.0000000000
101 -261.0000000000
103 -260.0000000000
109 -259.0000000000
115 -257.0000000000
117 -256.0000000000
119 -255.0000000000
123 -254.0000000000
126 -253.0000000000
127 -252.0000000000
129 -251.0000000000
132 -250.0000000000
148 -249.0000000000
152 -248.0000000000
154 -247.0000000000
160 -246.0000000000
161 -245.0000000000
162 -244.0000000000
165 -243.0000000000
168 -242.0000000000
170 -241.0000000000
180 -239.0000000000
181 -238.0000000000
186 -237.0000000000
189 -236.0000000000
192 -235.0000000000
193 -233.0000000000
202 -232.0000000000
203 -231.0000000000
205 -230.0000000000
207 -229.0000000000
210 -228.0000000000
217 -227.0000000000
220 -226.0000000000
225 -224.0000000000
233 -223.0000000000
234 -222.0000000000
239 -221.0000000000
243 -220.0000000000
252 -219.0000000000
255 -216.0000000000
265 -215.0000000000
266 -214.0000000000
268 -212.0000000000
269 -211.0000000000
278 -210.0000000000
281 -209.0000000000
293 -208.0000000000
322 -207.0000000000
324 -206.0000000000
334 -205.0000000000
340 -204.0000000000
341 -202.0000000000
347 -201.0000000000
363 -200.0000000000
369 -199.0000000000
380 -197.0000000000
381 -196.0000000000
382 -194.0000000000
395 -191.0000000000
397 -190.0000000000
404 -189.0000000000
406 -188.0000000000
408 -187.0000000000
416 -186.0000000000
417 -184.0000000000
423 -183.0000000000
425 -182.0000000000
435 -181.0000000000
444 -180.0000000000
470 -179.0000000000
472 -177.0000000000
482 -176.0000000000
483 -175.0000000000
506 -174.0000000000
509 -173.0000000000
520 -172.0000000000
522 -171.0000000000
535 -170.0000000000
538 -168.0000000000
544 -167.0000000000
550 -166.0000000000
552 -165.0000000000
568 -164.0000000000
574 -163.0000000000
575 -162.0000000000
582 -160.0000000000
584 -159.0000000000
586 -158.0000000000
605 -157.0000000000
613 -156.0000000000
629 -155.0000000000
635 -154.0000000000
637 -153.0000000000
638 -152.0000000000
643 -151.0000000000
644 -150.0000000000
647 -149.0000000000
655 -148.0000000000
661 -147.0000000000
664 -146.0000000000
666 -144.0000000000
680 -143.0000000000
695 -142.0000000000
702 -141.0000000000
710 -140.0000000000
711 -138.0000000000
713 -137.0000000000
718 -136.0000000000
719 -134.0000000000
721 -133.0000000000
732 -132.0000000000
753 -131.0000000000
754 -130.0000000000
759 -129.0000000000
783 -128.0000000000
787 -127.0000000000
812 -126.0000000000
814 -125.0000000000
829 -124.0000000000
853 -122.0000000000
857 -121.0000000000
868 -119.0000000000
871 -118.0000000000
878 -117.0000000000
890 -116.0000000000
935 -114.0000000000
937 -113.0000000000
959 -111.0000000000
966 -110.0000000000
978 -109.0000000000
1011 -107.0000000000
1018 -106.0000000000
1023 -105.0000000000
1030 -104.0000000000
1033 -102.0000000000
1049 -101.0000000000
1052 -100.0000000000
1061 -99.0000000000
1072 -98.0000000000
1073 -97.0000000000
1086 -96.0000000000
1098 -94.0000000000
1100 -93.0000000000
1108 -92.0000000000
1117 -91.0000000000
1146 -90.0000000000
1158 -89.0000000000
1170 -88.0000000000
1190 -87.0000000000
1191 -86.0000000000
1207 -85.0000000000
1266 -84.0000000000
1277 -83.0000000000
1278 -82.0000000000
1300 -80.0000000000
1304 -79.0000000000
1314 -78.0000000000
1325 -77.0000000000
1355 -76.0000000000
1384 -75.0000000000
1413 -74.0000000000
1464 -73.0000000000
1475 -72.0000000000
1498 -71.0000000000
1532 -70.0000000000
1552 -69.0000000000
1557 -68.0000000000
1568 -67.0000000000
1592 -66.0000000000
1663 -65.0000000000
1711 -64.0000000000
1729 -63.0000000000
1740 -62.0000000000
1741 -61.0000000000
1742 -60.0000000000
1764 -59.0000000000
1800 -58.0000000000
1832 -57.0000000000
1908 -56.0000000000
1914 -55.0000000000
1922 -54.0000000000
2009 -53.0000000000
2057 -52.0000000000
2064 -51.0000000000
2090 -50.0000000000
2132 -49.0000000000
2152 -48.0000000000
2158 -47.0000000000
2171 -46.0000000000
2200 -45.0000000000
2212 -44.0000000000
2221 -43.0000000000
2265 -42.0000000000
2323 -41.0000000000
2331 -40.0000000000
2353 -39.0000000000
2361 -38.0000000000
2384 -37.0000000000
2406 -36.0000000000
2553 -35.0000000000
2648 -34.0000000000
2728 -33.0000000000
2758 -32.0000000000
2790 -31.0000000000
2801 -30.0000000000
2812 -29.0000000000
2891 -28.0000000000
2912 -27.0000000000
3004 -26.0000000000
3012 -25.0000000000
3049 -24.0000000000
3068 -23.0000000000
3132 -22.0000000000
3137 -21.0000000000
3160 -20.0000000000
3293 -19.0000000000
3297 -18.0000000000
3346 -17.0000000000
3516 -16.0000000000
3846 -15.0000000000
3966 -14.0000000000
3976 -13.0000000000
4045 -12.0000000000
4191 -11.0000000000
4271 -10.0000000000
4291 -9.0000000000
4487 -8.0000000000
4537 -7.0000000000
4995 -6.0000000000
5166 -5.0000000000
6111 -4.0000000000
6322 -3.0000000000
6630 -2.0000000000
6657 -1.0000000000
6664 480.0000000000
7407 484.0000000000
7539 496.0000000000
7649 497.0000000000
8106 499.0000000000
8767 501.0000000000
8899 507.0000000000
9493 515.0000000000
10517 517.0000000000
10939 521.0000000000
11479 525.0000000000
13617 528.0000000000
15010 529.0000000000
15828 532.0000000000
21037 534.0000000000
22584 535.0000000000
24616 538.0000000000
25115 539.0000000000
26599 545.0000000000
31235 546.0000000000
35140 547.0000000000
37939 549.0000000000
72769 551.0000000000
98928 552.0000000000
100000 -2.0000000000
evaluations raw_y
1 -299.0000000000
7 -298.0000000000
8 -297.0000000000
12 -296.0000000000
20 -295.0000000000
21 -294.0000000000
30 -293.0000000000
31 -292.0000000000
33 -291.0000000000
35 -290.0000000000
47 -289.0000000000
55 -288.0000000000
77 -286.0000000000
79 -285.0000000000
82 -284.0000000000
83 -283.0000000000
84 -282.0000000000
88 -281.0000000000
93 -280.0000000000
100 -279.0000000000
101 -278.0000000000
105 -277.0000000000
109 -276.0000000000
111 -274.0000000000
116 -273.0000000000
119 -271.0000000000
121 -270.0000000000
124 -269.0000000000
128 -268.0000000000
132 -266.0000000000
133 -265.0000000000
139 -264.0000000000
140 -263.0000000000
150 -261.0000000000
160 -260.0000000000
164 -258.0000000000
173 -257.0000000000
174 -256.0000000000
175 -255.0000000000
184 -254.0000000000
189 -253.0000000000
190 -252.0000000000
197 -251.0000000000
199 -250.0000000000
202 -249.0000000000
208 -248.0000000000
209 -247.0000000000
211 -246.0000000000
213 -245.0000000000
217 -244.0000000000
222 -243.0000000000
225 -242.0000000000
228 -239.0000000000
244 -238.0000000000
247 -237.0000000000
249 -235.0000000000
256 -234.0000000000
258 -233.0000000000
261 -232.0000000000
262 -231.0000000000
263 -230.0000000000
280 -229.0000000000
284 -227.0000000000
287 -225.0000000000
288 -224.0000000000
289 -223.0000000000
290 -222.0000000000
292 -221.0000000000
297 -220.0000000000
304 -219.0000000000
314 -218.0000000000
316 -217.0000000000
337 -216.0000000000
341 -215.0000000000
366 -214.0000000000
369 -212.0000000000
372 -211.0000000000
373 -210.0000000000
375 -209.0000000000
377 -208.0000000000
378 -207.0000000000
385 -206.0000000000
388 -205.0000000000
400 -204.0000000000
412 -203.0000000000
416 -201.0000000000
418 -200.0000000000
420 -199.0000000000
438 -198.0000000000
441 -197.0000000000
449 -195.0000000000
454 -194.0000000000
459 -193.0000000000
461 -191.0000000000
462 -190.0000000000
463 -189.0000000000
468 -188.0000000000
471 -187.0000000000
492 -186.0000000000
495 -185.0000000000
497 -184.0000000000
499 -183.0000000000
500 -182.0000000000
503 -181.0000000000
508 -180.0000000000
532 -179.0000000000
536 -178.0000000000
542 -177.0000000000
544 -176.0000000000
547 -175.0000000000
550 -174.0000000000
553 -172.0000000000
566 -170.0000000000
571 -169.0000000000
581 -168.0000000000
583 -167.0000000000
584 -166.0000000000
586 -165.0000000000
595 -164.0000000000
597 -163.0000000000
598 -162.0000000000
614 -160.0000000000
626 -159.0000000000
627 -158.0000000000
636 -157.0000000000
643 -155.0000000000
660 -154.0000000000
667 -153.0000000000
684 -152.0000000000
696 -150.0000000000
697 -149.0000000000
704 -148.0000000000
714 -147.0000000000
718 -146.0000000000
727 -145.0000000000
728 -144.0000000000
732 -143.0000000000
736 -142.0000000000
742 -141.0000000000
747 -140.0000000000
749 -139.0000000000
753 -138.0000000000
777 -137.0000000000
804 -136.0000000000
819 -135.0000000000
847 -134.0000000000
855 -133.0000000000
863 -132.0000000000
865 -131.0000000000
875 -130.0000000000
894 -129.0000000000
905 -128.0000000000
913 -127.0000000000
916 -126.0000000000
919 -125.0000000000
926 -124.0000000000
934 -123.0000000000
935 -122.0000000000
941 -121.0000000000
944 -120.0000000000
953 -119.0000000000
974 -118.0000000000
978 -117.0000000000
988 -116.0000000000
995 -115.0000000000
1002 -114.0000000000
1010 -112.0000000000
1012 -111.0000000000
1016 -110.0000000000
1018 -109.0000000000
1032 -108.0000000000
1035 -106.0000000000
1075 -105.0000000000
1076 -104.0000000000
1082 -103.0000000000
1096 -102.0000000000
1109 -101.0000000000
1112 -100.0000000000
1117 -99.0000000000
1132 -98.0000000000
1168 -97.0000000000
1170 -96.0000000000
1171 -95.0000000000
1179 -94.0000000000
1190 -93.0000000000
1203 -92.0000000000
1238 -91.0000000000
1240 -90.0000000000
1245 -89.0000000000
1249 -88.0000000000
1250 -87.0000000000
1254 -86.0000000000
1263 -85.0000000000
1276 -84.0000000000
1277 -83.0000000000
1317 -82.0000000000
1324 -81.0000000000
1336 -80.0000000000
1340 -79.0000000000
1347 -78.0000000000
1353 -77.0000000000
1364 -76.0000000000
1387 -75.0000000000
1388 -74.0000000000
1401 -73.0000000000
1408 -72.0000000000
1416 -71.0000000000
1461 -70.0000000000
1476 -69.0000000000
1482 -68.0000000000
1508 -67.0000000000
1510 -66.0000000000
1511 -65.0000000000
1531 -64.0000000000
1557 -63.0000000000
1590 -62.0000000000
1609 -61.0000000000
1612 -60.0000000000
1624 -59.0000000000
1703 -58.0000000000
1725 -57.0000000000
1736 -56.0000000000
1754 -55.0000000000
1755 -54.0000000000
1761 -53.0000000000
1821 -52.0000000000
1822 -51.0000000000
1858 -50.0000000000
1929 -49.0000000000
1941 -48.0000000000
2041 -47.0000000000
2053 -46.0000000000
2067 -45.0000000000
2075 -44.0000000000
2081 -43.0000000000
2134 -42.0000000000
2140 -41.0000000000
2150 -40.0000000000
2238 -39.0000000000
2244 -38.0000000000
2258 -37.0000000000
2560 -36.0000000000
2628 -35.0000000000
2632 -34.0000000000
2687 -33.0000000000
2700 -32.0000000000
2732 -31.0000000000
2767 -30.0000000000
2823 -29.0000000000
2918 -28.0000000000
2988 -27.0000000000
3134 -26.0000000000
3171 -25.0000000000
3238 -24.0000000000
3255 -23.0000000000
3268 -22.0000000000
3318 -21.0000000000
3356 -20.0000000000
3380 -19.0000000000
3410 -18.0000000000
3464 -17.0000000000
3548 -15.0000000000
3558 -14.0000000000
3586 -13.0000000000
3641 -12.0000000000
3666 -11.0000000000
3675 -10.0000000000
3754 -9.0000000000
3812 -8.0000000000
3948 -7.0000000000
4015 -6.0000000000
4296 -5.0000000000
4351 -4.0000000000
4433 -3.0000000000
4513 -2.0000000000
4609 -1.0000000000
4688 484.0000000000
5071 487.0000000000
5239 499.0000000000
5600 506.0000000000
6239 513.0000000000
6366 516.0000000000
6910 524.0000000000
8667 528.0000000000
10494 533.0000000000
13145 538.0000000000
27939 539.0000000000
30155 547.0000000000
36615 549.0000000000
100000 549.0000000000
evaluations raw_y
1 -287.0000000000
8 -286.0000000000
9 -285.0000000000
11 -284.0000000000
15 -283.0000000000
16 -282.0000000000
25 -281.0000000000
27 -280.0000000000
29 -279.0000000000
31 -278.0000000000
41 -276.0000000000
46 -275.0000000000
50 -274.0000000000
52 -273.0000000000
54 -272.0000000000
57 -271.0000000000
64 -270.0000000000
71 -269.0000000000
73 -268.0000000000
77 -267.0000000000
86 -266.0000000000
90 -263.0000000000
97 -262.0000000000
99 -261.0000000000
102 -258.0000000000
104 -257.0000000000
110 -256.0000000000
112 -255.0000000000
115 -254.0000000000
117 -253.0000000000
119 -250.0000000000
120 -249.0000000000
126 -247.0000000000
131 -246.0000000000
136 -245.0000000000
138 -244.0000000000
141 -243.0000000000
144 -242.0000000000
148 -241.0000000000
149 -240.0000000000
151 -239.0000000000
155 -237.0000000000
160 -236.0000000000
166 -234.0000000000
187 -233.0000000000
189 -231.0000000000
200 -230.0000000000
217 -229.0000000000
225 -228.0000000000
227 -227.0000000000
237 -226.0000000000
238 -225.0000000000
242 -224.0000000000
258 -223.0000000000
261 -222.0000000000
270 -221.0000000000
277 -220.0000000000
282 -219.0000000000
292 -218.0000000000
295 -216.0000000000
296 -215.0000000000
299 -214.0000000000
304 -212.0000000000
315 -211.0000000000
317 -210.0000000000
318 -209.0000000000
324 -208.0000000000
328 -207.0000000000
334 -206.0000000000
339 -205.0000000000
343 -204.0000000000
347 -203.0000000000
349 -202.0000000000
351 -201.0000000000
353 -200.0000000000
356 -198.0000000000
357 -197.0000000000
358 -195.0000000000
361 -194.0000000000
364 -193.0000000000
368 -192.0000000000
371 -191.0000000000
380 -190.0000000000
387 -189.0000000000
392 -188.0000000000
394 -187.0000000000
400 -186.0000000000
403 -185.0000000000
408 -184.0000000000
420 -183.0000000000
421 -181.0000000000
425 -180.0000000000
429 -179.0000000000
439 -177.0000000000
442 -176.0000000000
443 -175.0000000000
445 -173.0000000000
446 -172.0000000000
456 -170.0000000000
461 -169.0000000000
486 -168.0000000000
487 -167.0000000000
496 -166.0000000000
497 -164.0000000000
505 -163.0000000000
533 -162.0000000000
540 -161.0000000000
543 -160.0000000000
550 -159.0000000000
597 -158.0000000000
599 -157.0000000000
602 -156.0000000000
607 -155.0000000000
612 -154.0000000000
615 -153.0000000000
632 -152.0000000000
640 -151.0000000000
647 -150.0000000000
653 -149.0000000000
654 -148.0000000000
660 -147.0000000000
663 -146.0000000000
699 -145.0000000000
706 -144.0000000000
742 -143.0000000000
749 -141.0000000000
759 -140.0000000000
760 -139.0000000000
764 -138.0000000000
765 -137.0000000000
782 -136.0000000000
784 -135.0000000000
801 -134.0000000000
823 -133.0000000000
838 -132.0000000000
845 -131.0000000000
857 -130.0000000000
886 -129.0000000000
890 -128.0000000000
912 -127.0000000000
928 -126.0000000000
937 -125.0000000000
945 -124.0000000000
954 -123.0000000000
970 -122.0000000000
977 -121.0000000000
986 -120.0000000000
990 -119.0000000000
1004 -118.0000000000
1023 -117.0000000000
1028 -116.0000000000
1030 -115.0000000000
1034 -114.0000000000
1036 -113.0000000000
1037 -112.0000000000
1046 -111.0000000000
1051 -110.0000000000
1070 -109.0000000000
1072 -108.0000000000
1079 -107.0000000000
1080 -106.0000000000
1088 -105.0000000000
1100 -104.0000000000
1104 -103.0000000000
1123 -102.0000000000
1128 -101.0000000000
1140 -100.0000000000
1144 -99.0000000000
1145 -98.0000000000
1149 -97.0000000000
1151 -96.0000000000
1181 -95.0000000000
1191 -94.0000000000
1205 -92.0000000000
1228 -91.0000000000
1232 -90.0000000000
1236 -89.0000000000
1244 -88.0000000000
1258 -87.0000000000
1272 -86.0000000000
1278 -85.0000000000
1325 -84.0000000000
1392 -83.0000000000
1401 -81.0000000000
1402 -80.0000000000
1406 -79.0000000000
1416 -78.0000000000
1426 -77.0000000000
1430 -76.0000000000
1502 -75.0000000000
1515 -74.0000000000
1538 -73.0000000000
1564 -72.0000000000
1586 -71.0000000000
1596 -70.0000000000
1641 -68.0000000000
1678 -67.0000000000
1691 -66.0000000000
1693 -65.0000000000
1696 -64.0000000000
1711 -63.0000000000
1734 -62.0000000000
1739 -61.0000000000
1743 -60.0000000000
1789 -59.0000000000
1798 -57.0000000000
1862 -56.0000000000
1896 -55.0000000000
1995 -54.0000000000
2046 -53.0000000000
2150 -52.0000000000
2168 -51.0000000000
2174 -50.0000000000
2179 -48.0000000000
2183 -47.0000000000
2208 -46.0000000000
2216 -45.0000000000
2219 -44.0000000000
2242 -43.0000000000
2314 -42.0000000000
2364 -41.0000000000
2391 -40.0000000000
2411 -39.0000000000
2434 -38.0000000000
2439 -37.0000000000
2457 -36.0000000000
2568 -35.0000000000
2580 -34.0000000000
2589 -33.0000000000
2606 -32.0000000000
2638 -31.0000000000
2639 -30.0000000000
2658 -29.0000000000
2726 -28.0000000000
2737 -27.0000000000
2746 -26.0000000000
2779 -25.0000000000
2787 -24.0000000000
2810 -23.0000000000
2899 -22.0000000000
2970 -21.0000000000
2983 -20.0000000000
3077 -19.0000000000
3079 -18.0000000000
3092 -17.0000000000
3105 -16.0000000000
3143 -15.0000000000
3196 -14.0000000000
3215 -13.0000000000
3312 -12.0000000000
3336 -11.0000000000
3375 -10.0000000000
3430 -9.0000000000
3555 -8.0000000000
3622 -7.0000000000
3755 -6.0000000000
3781 -5.0000000000
3816 -4.0000000000
3883 -3.0000000000
4085 -2.0000000000
4141 -1.0000000000
4238 483.0000000000
4767 489.0000000000
4975 495.0000000000
5328 501.0000000000
6526 517.0000000000
6809 519.0000000000
8193 522.0000000000
8333 533.0000000000
12530 534.0000000000
15782 537.0000000000
20442 542.0000000000
27304 543.0000000000
38260 545.0000000000
65796 547.0000000000
100000 -1.0000000000
evaluations raw_y
1 -277.0000000000
4 -275.0000000000
5 -274.0000000000
6 -273.0000000000
16 -272.0000000000
19 -271.0000000000
22 -270.0000000000
24 -269.0000000000
28 -268.0000000000
30 -267.0000000000
31 -266.0000000000
33 -265.0000000000
34 -262.0000000000
40 -261.0000000000
45 -260.0000000000
46 -259.0000000000
52 -258.0000000000
53 -257.0000000000
57 -256.0000000000
58 -255.0000000000
68 -254.0000000000
72 -253.0000000000
74 -252.0000000000
75 -251.0000000000
82 -249.0000000000
84 -248.0000000000
92 -246.0000000000
97 -245.0000000000
99 -244.0000000000
103 -243.0000000000
105 -242.0000000000
106 -240.0000000000
112 -239.0000000000
114 -238.0000000000
117 -237.0000000000
119 -236.0000000000
120 -235.0000000000
136 -233.0000000000
138 -232.0000000000
141 -231.0000000000
145 -229.0000000000
148 -228.0000000000
154 -226.0000000000
155 -225.0000000000
160 -224.0000000000
163 -222.0000000000
178 -221.0000000000
179 -220.0000000000
180 -219.0000000000
181 -218.0000000000
183 -217.0000000000
185 -216.0000000000
186 -215.0000000000
196 -214.0000000000
215 -213.0000000000
221 -212.0000000000
225 -211.0000000000
230 -210.0000000000
238 -209.0000000000
245 -208.0000000000
246 -206.0000000000
247 -204.0000000000
248 -203.0000000000
249 -202.0000000000
250 -200.0000000000
253 -199.0000000000
255 -198.0000000000
259 -197.0000000000
264 -196.0000000000
271 -195.0000000000
278 -194.0000000000
282 -193.0000000000
290 -192.0000000000
303 -191.0000000000
308 -189.0000000000
312 -188.0000000000
326 -187.0000000000
334 -186.0000000000
337 -185.0000000000
340 -184.0000000000
350 -183.0000000000
359 -181.0000000000
370 -180.0000000000
397 -178.0000000000
398 -177.0000000000
401 -176.0000000000
402 -175.0000000000
407 -174.0000000000
422 -173.0000000000
437 -172.0000000000
442 -171.0000000000
461 -170.0000000000
463 -169.0000000000
467 -168.0000000000
473 -167.0000000000
491 -165.0000000000
496 -164.0000000000
506 -163.0000000000
512 -161.0000000000
522 -160.0000000000
524 -159.0000000000
541 -158.0000000000
542 -156.0000000000
547 -155.0000000000
552 -154.0000000000
572 -153.0000000000
577 -152.0000000000
580 -151.0000000000
598 -150.0000000000
610 -149.0000000000
615 -148.0000000000
619 -147.0000000000
622 -146.0000000000
627 -145.0000000000
649 -144.0000000000
653 -143.0000000000
654 -142.0000000000
663 -141.0000000000
668 -140.0000000000
669 -139.0000000000
684 -138.0000000000
686 -137.0000000000
688 -136.0000000000
698 -135.0000000000
701 -134.0000000000
706 -133.0000000000
720 -132.0000000000
725 -131.0000000000
754 -130.0000000000
801 -129.0000000000
826 -128.0000000000
829 -127.0000000000
835 -126.0000000000
836 -125.0000000000
861 -124.0000000000
863 -123.0000000000
896 -122.0000000000
897 -121.0000000000
901 -120.0000000000
916 -119.0000000000
917 -117.0000000000
926 -116.0000000000
941 -114.0000000000
949 -113.0000000000
952 -112.0000000000
954 -111.0000000000
976 -110.0000000000
982 -109.0000000000
1006 -108.0000000000
1012 -107.0000000000
1015 -106.0000000000
1022 -105.0000000000
1023 -104.0000000000
1079 -103.0000000000
1088 -102.0000000000
1089 -101.0000000000
1097 -100.0000000000
1100 -99.0000000000
1106 -97.0000000000
1113 -96.0000000000
1129 -95.0000000000
1134 -94.0000000000
1142 -93.0000000000
1149 -92.0000000000
1154 -91.0000000000
1163 -90.0000000000
1250 -89.0000000000
1258 -88.0000000000
1263 -87.0000000000
1286 -86.0000000000
1301 -85.0000000000
1321 -84.0000000000
1332 -83.0000000000
1343 -82.0000000000
1354 -81.0000000000
1405 -80.0000000000
1406 -79.0000000000
1454 -77.0000000000
1505 -76.0000000000
1507 -75.0000000000
1517 -74.0000000000
1531 -73.0000000000
1541 -72.0000000000
1547 -71.0000000000
1589 -70.0000000000
1600 -69.0000000000
1616 -68.0000000000
1617 -67.0000000000
1645 -65.0000000000
1658 -64.0000000000
1670 -63.0000000000
1701 -62.0000000000
1735 -60.0000000000
1749 -59.0000000000
1771 -58.0000000000
1810 -57.0000000000
1812 -56.0000000000
1938 -55.0000000000
1952 -54.0000000000
1958 -53.0000000000
1964 -52.0000000000
2014 -50.0000000000
2045 -49.0000000000
2061 -48.0000000000
2147 -47.0000000000
2168 -46.0000000000
2185 -45.0000000000
2203 -44.0000000000
2205 -43.0000000000
2235 -42.0000000000
2248 -41.0000000000
2273 -40.0000000000
2296 -39.0000000000
2297 -38.0000000000
2404 -37.0000000000
2408 -36.0000000000
2410 -34.0000000000
2416 -33.0000000000
2510 -32.0000000000
2520 -31.0000000000
2530 -30.0000000000
2535 -29.0000000000
2556 -28.0000000000
2636 -27.0000000000
2638 -26.0000000000
2751 -25.0000000000
2770 -24.0000000000
2811 -23.0000000000
2870 -22.0000000000
2924 -21.0000000000
3005 -20.0000000000
3040 -19.0000000000
3049 -18.0000000000
3070 -17.0000000000
3131 -16.0000000000
3162 -15.0000000000
3207 -14.0000000000
3491 -13.0000000000
3518 -12.0000000000
3552 -11.0000000000
3749 -10.0000000000
3779 -9.0000000000
3840 -8.0000000000
3927 -7.0000000000
3984 -6.0000000000
4342 -5.0000000000
4554 -4.0000000000
4613 -3.0000000000
4657 -2.0000000000
4687 -1.0000000000
4724 469.0000000000
4930 480.0000000000
5030 493.0000000000
5114 503.0000000000
5536 506.0000000000
7484 509.0000000000
7900 512.0000000000
8685 517.0000000000
8833 525.0000000000
8976 526.0000000000
12984 528.0000000000
13136 529.0000000000
14388 532.0000000000
19072 534.0000000000
23854 537.0000000000
74870 538.0000000000
80444 541.0000000000
92349 542.0000000000
100000 -1.0000000000
evaluations raw_y
1 -299.0000000000
4 -297.0000000000
5 -296.0000000000
6 -295.0000000000
8 -294.0000000000
12 -293.0000000000
22 -292.0000000000
28 -289.0000000000
32 -288.0000000000
33 -287.0000000000
39 -286.0000000000
43 -285.0000000000
45 -284.0000000000
47 -283.0000000000
49 -282.0000000000
50 -281.0000000000
61 -280.0000000000
62 -279.0000000000
67 -275.0000000000
73 -273.0000000000
81 -272.0000000000
82 -271.0000000000
89 -269.0000000000
92 -268.0000000000
93 -267.0000000000
96 -266.0000000000
97 -264.0000000000
105 -263.0000000000
106 -262.0000000000
111 -261.0000000000
113 -258.0000000000
120 -257.0000000000
123 -256.0000000000
125 -255.0000000000
142 -254.0000000000
143 -252.0000000000
147 -251.0000000000
149 -249.0000000000
152 -248.0000000000
154 -247.0000000000
161 -246.0000000000
163 -243.0000000000
164 -242.0000000000
178 -241.0000000000
185 -240.0000000000
186 -239.0000000000
188 -238.0000000000
193 -237.0000000000
195 -236.0000000000
200 -235.0000000000
202 -234.0000000000
213 -232.0000000000
215 -231.0000000000
216 -229.0000000000
217 -228.0000000000
219 -227.0000000000
220 -226.0000000000
231 -225.0000000000
236 -224.0000000000
240 -223.0000000000
242 -222.0000000000
246 -221.0000000000
248 -220.0000000000
249 -219.0000000000
250 -218.0000000000
258 -217.0000000000
259 -216.0000000000
260 -214.0000000000
262 -213.0000000000
264 -212.0000000000
271 -211.0000000000
274 -210.0000000000
277 -209.0000000000
279 -208.0000000000
303 -207.0000000000
304 -206.0000000000
312 -204.0000000000
313 -203.0000000000
326 -202.0000000000
329 -201.0000000000
331 -200.0000000000
335 -199.0000000000
337 -197.0000000000
343 -196.0000000000
346 -195.0000000000
365 -194.0000000000
375 -193.0000000000
376 -192.0000000000
380 -191.0000000000
394 -190.0000000000
395 -189.0000000000
397 -188.0000000000
400 -187.0000000000
407 -186.0000000000
410 -185.0000000000
413 -184.0000000000
416 -183.0000000000
424 -182.0000000000
432 -181.0000000000
441 -180.0000000000
444 -179.0000000000
446 -178.0000000000
449 -177.0000000000
457 -176.0000000000
461 -175.0000000000
462 -174.0000000000
467 -173.0000000000
469 -172.0000000000
482 -171.0000000000
487 -170.0000000000
489 -168.0000000000
492 -167.0000000000
497 -166.0000000000
501 -165.0000000000
506 -164.0000000000
508 -163.0000000000
518 -162.0000000000
522 -161.0000000000
527 -160.0000000000
529 -159.0000000000
530 -158.0000000000
536 -157.0000000000
537 -156.0000000000
538 -155.0000000000
544 -154.0000000000
549 -153.0000000000
559 -152.0000000000
562 -151.0000000000
564 -150.0000000000
568 -149.0000000000
595 -148.0000000000
605 -146.0000000000
613 -145.0000000000
614 -144.0000000000
624 -143.0000000000
631 -142.0000000000
637 -141.0000000000
644 -140.0000000000
672 -139.0000000000
681 -138.0000000000
695 -137.0000000000
714 -135.0000000000
730 -133.0000000000
737 -132.0000000000
748 -131.0000000000
754 -130.0000000000
759 -129.0000000000
786 -128.0000000000
788 -127.0000000000
791 -126.0000000000
823 -125.0000000000
831 -124.0000000000
851 -122.0000000000
855 -121.0000000000
862 -119.0000000000
869 -118.0000000000
879 -117.0000000000
886 -116.0000000000
895 -115.0000000000
903 -114.0000000000
921 -113.0000000000
930 -112.0000000000
943 -111.0000000000
970 -109.0000000000
982 -108.0000000000
989 -107.0000000000
999 -106.0000000000
1002 -105.0000000000
1024 -104.0000000000
1026 -103.0000000000
1043 -102.0000000000
1055 -101.0000000000
1081 -99.0000000000
1098 -98.0000000000
1117 -97.0000000000
1134 -96.0000000000
1137 -95.0000000000
1141 -94.0000000000
1157 -93.0000000000
1170 -92.0000000000
1188 -91.0000000000
1244 -90.0000000000
1313 -88.0000000000
1335 -87.0000000000
1343 -86.0000000000
1347 -85.0000000000
1371 -84.0000000000
1385 -83.0000000000
1391 -82.0000000000
1406 -81.0000000000
1414 -80.0000000000
1437 -79.0000000000
1486 -78.0000000000
1507 -77.0000000000
1509 -76.0000000000
1512 -75.0000000000
1518 -74.0000000000
1530 -73.0000000000
1591 -72.0000000000
1593 -71.0000000000
1617 -70.0000000000
1625 -69.0000000000
1683 -68.0000000000
1705 -67.0000000000
1747 -66.0000000000
1754 -65.0000000000
1759 -64.0000000000
1763 -63.0000000000
1781 -62.0000000000
1837 -61.0000000000
1842 -60.0000000000
1851 -59.0000000000
1873 -58.0000000000
1916 -57.0000000000
1924 -56.0000000000
1937 -55.0000000000
1957 -54.0000000000
1996 -53.0000000000
2007 -52.0000000000
2039 -51.0000000000
2067 -50.0000000000
2110 -49.0000000000
2126 -48.0000000000
2139 -47.0000000000
2169 -46.0000000000
2181 -45.0000000000
2189 -44.0000000000
2239 -43.0000000000
2276 -42.0000000000
2366 -41.0000000000
2374 -40.0000000000
2408 -39.0000000000
2433 -38.0000000000
2471 -37.0000000000
2512 -36.0000000000
2549 -35.0000000000
2557 -34.0000000000
2568 -33.0000000000
2584 -32.0000000000
2587 -30.0000000000
2656 -29.0000000000
2802 -28.0000000000
2818 -27.0000000000
2879 -26.0000000000
2897 -25.0000000000
2940 -24.0000000000
2989 -23.0000000000
3019 -22.0000000000
3022 -21.0000000000
3036 -20.0000000000
3155 -19.0000000000
3199 -18.0000000000
3229 -17.0000000000
3267 -16.0000000000
3374 -15.0000000000
3489 -14.0000000000
3493 -13.0000000000
3547 -12.0000000000
3571 -11.0000000000
3620 -10.0000000000
3715 -9.0000000000
3822 -8.0000000000
3844 -7.0000000000
4197 -6.0000000000
4464 -5.0000000000
4651 -4.0000000000
5110 -3.0000000000
5240 -2.0000000000
5248 -1.0000000000
5360 465.0000000000
5388 471.0000000000
5519 476.0000000000
5965 484.0000000000
6461 493.0000000000
8052 503.0000000000
8380 506.0000000000
8990 508.0000000000
11208 512.0000000000
11365 515.0000000000
13166 525.0000000000
13303 527.0000000000
13854 536.0000000000
15973 538.0000000000
18924 541.0000000000
27245 542.0000000000
39370 543.0000000000
39829 545.0000000000
53155 555.0000000000
100000 -1.0000000000
evaluations raw_y
1 -301.0000000000
2 -300.0000000000
3 -299.0000000000
5 -296.0000000000
6 -294.0000000000
9 -292.0000000000
17 -290.0000000000
18 -289.0000000000
24 -288.0000000000
27 -287.0000000000
35 -285.0000000000
41 -283.0000000000
46 -282.0000000000
47 -281.0000000000
48 -280.0000000000
49 -279.0000000000
63 -278.0000000000
67 -277.0000000000
69 -275.0000000000
74 -274.0000000000
77 -273.0000000000
81 -272.0000000000
86 -271.0000000000
94 -270.0000000000
96 -268.0000000000
98 -267.0000000000
101 -266.0000000000
102 -264.0000000000
113 -263.0000000000
119 -262.0000000000
121 -261.0000000000
128 -259.0000000000
129 -258.0000000000
131 -256.0000000000
132 -255.0000000000
137 -254.0000000000
139 -253.0000000000
141 -252.0000000000
147 -251.0000000000
164 -250.0000000000
169 -249.0000000000
171 -246.0000000000
172 -244.0000000000
175 -240.0000000000
177 -239.0000000000
182 -238.0000000000
187 -237.0000000000
201 -236.0000000000
204 -235.0000000000
206 -234.0000000000
207 -233.0000000000
214 -232.0000000000
215 -231.0000000000
218 -230.0000000000
221 -229.0000000000
225 -228.0000000000
226 -227.0000000000
229 -226.0000000000
230 -225.0000000000
243 -224.0000000000
250 -222.0000000000
264 -221.0000000000
265 -220.0000000000
267 -219.0000000000
271 -218.0000000000
279 -217.0000000000
281 -216.0000000000
282 -214.0000000000
286 -213.0000000000
298 -211.0000000000
303 -210.0000000000
306 -209.0000000000
315 -207.0000000000
321 -205.0000000000
322 -204.0000000000
330 -203.0000000000
334 -202.0000000000
337 -201.0000000000
349 -200.0000000000
351 -199.0000000000
357 -198.0000000000
361 -197.0000000000
363 -196.0000000000
364 -195.0000000000
366 -194.0000000000
368 -193.0000000000
371 -192.0000000000
373 -191.0000000000
374 -190.0000000000
382 -189.0000000000
384 -188.0000000000
386 -187.0000000000
388 -186.0000000000
393 -185.0000000000
406 -183.0000000000
408 -182.0000000000
414 -181.0000000000
417 -180.0000000000
425 -179.0000000000
430 -178.0000000000
431 -177.0000000000
434 -176.0000000000
451 -175.0000000000
453 -174.0000000000
463 -173.0000000000
503 -172.0000000000
505 -171.0000000000
506 -170.0000000000
526 -169.0000000000
535 -168.0000000000
538 -167.0000000000
542 -166.0000000000
551 -165.0000000000
553 -164.0000000000
556 -163.0000000000
571 -162.0000000000
580 -161.0000000000
593 -160.0000000000
595 -158.0000000000
599 -156.0000000000
603 -155.0000000000
613 -154.0000000000
623 -153.0000000000
632 -152.0000000000
641 -150.0000000000
646 -149.0000000000
653 -148.0000000000
659 -147.0000000000
665 -146.0000000000
668 -145.0000000000
669 -144.0000000000
693 -143.0000000000
704 -142.0000000000
706 -141.0000000000
707 -140.0000000000
710 -139.0000000000
717 -138.0000000000
733 -137.0000000000
754 -136.0000000000
755 -135.0000000000
757 -134.0000000000
780 -133.0000000000
783 -132.0000000000
795 -131.0000000000
805 -130.0000000000
808 -129.0000000000
820 -128.0000000000
821 -127.0000000000
826 -126.0000000000
867 -125.0000000000
872 -124.0000000000
878 -123.0000000000
882 -122.0000000000
900 -121.0000000000
908 -120.0000000000
909 -119.0000000000
913 -118.0000000000
916 -117.0000000000
917 -116.0000000000
922 -115.0000000000
934 -114.0000000000
946 -112.0000000000
963 -111.0000000000
969 -110.0000000000
988 -109.0000000000
1012 -108.0000000000
1049 -107.0000000000
1052 -106.0000000000
1055 -105.0000000000
1060 -104.0000000000
1093 -103.0000000000
1094 -102.0000000000
1097 -101.0000000000
1099 -100.0000000000
1102 -99.0000000000
1118 -97.0000000000
1120 -96.0000000000
1124 -95.0000000000
1141 -94.0000000000
1154 -93.0000000000
1155 -92.0000000000
1163 -91.0000000000
1170 -90.0000000000
1172 -89.0000000000
1177 -88.0000000000
1197 -87.0000000000
1205 -86.0000000000
1208 -85.0000000000
1223 -84.0000000000
1226 -83.0000000000
1232 -82.0000000000
1245 -81.0000000000
1247 -80.0000000000
1286 -79.0000000000
1287 -78.0000000000
1311 -77.0000000000
1366 -76.0000000000
1384 -75.0000000000
1411 -74.0000000000
1419 -73.0000000000
1433 -72.0000000000
1452 -71.0000000000
1483 -70.0000000000
1489 -69.0000000000
1491 -68.0000000000
1496 -67.0000000000
1600 -66.0000000000
1607 -65.0000000000
1615 -64.0000000000
1628 -63.0000000000
1632 -62.0000000000
1649 -61.0000000000
1660 -60.0000000000
1690 -59.0000000000
1716 -58.0000000000
1744 -57.0000000000
1765 -56.0000000000
1783 -55.0000000000
1791 -54.0000000000
1816 -53.0000000000
1826 -52.0000000000
1827 -51.0000000000
1898 -50.0000000000
1942 -48.0000000000
1955 -47.0000000000
2069 -46.0000000000
2083 -45.0000000000
2088 -43.0000000000
2114 -42.0000000000
2154 -41.0000000000
2238 -40.0000000000
2241 -39.0000000000
2244 -38.0000000000
2245 -37.0000000000
2261 -36.0000000000
2284 -35.0000000000
2341 -34.0000000000
2349 -33.0000000000
2430 -32.0000000000
2452 -31.0000000000
2479 -30.0000000000
2482 -29.0000000000
2512 -28.0000000000
2534 -27.0000000000
2536 -26.0000000000
2843 -25.0000000000
2888 -24.0000000000
2924 -23.0000000000
2946 -22.0000000000
2990 -21.0000000000
3036 -20.0000000000
3058 -19.0000000000
3095 -18.0000000000
3116 -17.0000000000
3123 -16.0000000000
3130 -15.0000000000
3248 -14.0000000000
3300 -13.0000000000
3307 -12.0000000000
3476 -11.0000000000
3522 -10.0000000000
3558 -9.0000000000
3651 -8.0000000000
3760 -7.0000000000
3790 -6.0000000000
3809 -5.0000000000
3940 -4.0000000000
3965 -3.0000000000
4315 -2.0000000000
4430 -1.0000000000
4742 483.0000000000
4770 489.0000000000
4902 493.0000000000
4983 500.0000000000
5173 503.0000000000
5559 506.0000000000
6100 508.0000000000
6702 516.0000000000
6747 517.0000000000
7267 526.0000000000
8310 528.0000000000
10422 530.0000000000
12814 533.0000000000
15949 534.0000000000
24114 542.0000000000
34459 543.0000000000
47155 544.0000000000
48247 546.0000000000
49570 549.0000000000
98723 553.0000000000
100000 -2.0000000000
evaluations raw_y
1 -279.0000000000
8 -277.0000000000
9 -276.0000000000
12 -275.0000000000
13 -274.0000000000
24 -271.0000000000
25 -270.0000000000
28 -269.0000000000
36 -268.0000000000
39 -266.0000000000
40 -264.0000000000
42 -263.0000000000
47 -262.0000000000
48 -261.0000000000
49 -260.0000000000
54 -258.0000000000
56 -255.0000000000
69 -254.0000000000
74 -252.0000000000
78 -251.0000000000
85 -250.0000000000
107 -249.0000000000
115 -248.0000000000
118 -247.0000000000
130 -246.0000000000
132 -245.0000000000
136 -243.0000000000
141 -242.0000000000
144 -241.0000000000
147 -240.0000000000
152 -239.0000000000
155 -238.0000000000
157 -237.0000000000
161 -236.0000000000
163 -234.0000000000
164 -233.0000000000
180 -232.0000000000
193 -230.0000000000
194 -229.0000000000
212 -228.0000000000
213 -227.0000000000
214 -226.0000000000
217 -225.0000000000
221 -224.0000000000
224 -223.0000000000
242 -222.0000000000
245 -220.0000000000
250 -219.0000000000
251 -218.0000000000
252 -217.0000000000
253 -216.0000000000
255 -215.0000000000
261 -214.0000000000
272 -212.0000000000
273 -210.0000000000
277 -209.0000000000
287 -207.0000000000
299 -206.0000000000
300 -205.0000000000
305 -204.0000000000
306 -203.0000000000
308 -202.0000000000
326 -201.0000000000
328 -200.0000000000
334 -199.0000000000
345 -198.0000000000
358 -197.0000000000
361 -196.0000000000
362 -195.0000000000
370 -194.0000000000
371 -193.0000000000
375 -192.0000000000
378 -191.0000000000
380 -189.0000000000
383 -188.0000000000
394 -187.0000000000
411 -186.0000000000
418 -185.0000000000
420 -184.0000000000
425 -183.0000000000
431 -182.0000000000
434 -181.0000000000
439 -180.0000000000
442 -179.0000000000
448 -178.0000000000
454 -175.0000000000
468 -174.0000000000
472 -173.0000000000
477 -172.0000000000
481 -171.0000000000
485 -170.0000000000
486 -169.0000000000
500 -168.0000000000
507 -167.0000000000
510 -166.0000000000
512 -165.0000000000
519 -164.0000000000
527 -162.0000000000
530 -161.0000000000
535 -159.0000000000
543 -158.0000000000
577 -157.0000000000
580 -156.0000000000
591 -155.0000000000
597 -154.0000000000
607 -153.0000000000
612 -152.0000000000
619 -151.0000000000
643 -150.0000000000
653 -149.0000000000
655 -148.0000000000
664 -147.0000000000
679 -146.0000000000
685 -145.0000000000
694 -144.0000000000
707 -143.0000000000
714 -142.0000000000
715 -141.0000000000
718 -140.0000000000
733 -139.0000000000
763 -138.0000000000
768 -137.0000000000
793 -136.0000000000
799 -135.0000000000
809 -134.0000000000
812 -133.0000000000
823 -132.0000000000
824 -131.0000000000
830 -130.0000000000
867 -129.0000000000
870 -127.0000000000
872 -126.0000000000
876 -125.0000000000
883 -124.0000000000
890 -123.0000000000
903 -122.0000000000
936 -121.0000000000
938 -120.0000000000
1004 -119.0000000000
1020 -118.0000000000
1024 -116.0000000000
1025 -115.0000000000
1028 -114.0000000000
1039 -113.0000000000
1040 -112.0000000000
1059 -111.0000000000
1062 -110.0000000000
1086 -109.0000000000
1092 -108.0000000000
1095 -106.0000000000
1102 -105.0000000000
1116 -104.0000000000
1137 -103.0000000000
1143 -102.0000000000
1147 -101.0000000000
1150 -100.0000000000
1156 -99.0000000000
1160 -98.0000000000
1167 -97.0000000000
1170 -96.0000000000
1188 -95.0000000000
1194 -93.0000000000
1220 -92.0000000000
1233 -91.0000000000
1236 -90.0000000000
1258 -89.0000000000
1284 -88.0000000000
1285 -87.0000000000
1287 -86.0000000000
1290 -85.0000000000
1292 -84.0000000000
1293 -83.0000000000
1298 -82.0000000000
1314 -81.0000000000
1381 -80.0000000000
1383 -79.0000000000
1384 -78.0000000000
1385 -77.0000000000
1397 -76.0000000000
1407 -75.0000000000
1421 -74.0000000000
1466 -73.0000000000
1471 -72.0000000000
1477 -71.0000000000
1503 -70.0000000000
1511 -69.0000000000
1516 -68.0000000000
1543 -67.0000000000
1548 -66.0000000000
1571 -65.0000000000
1588 -64.0000000000
1607 -63.0000000000
1637 -61.0000000000
1660 -60.0000000000
1665 -59.0000000000
1707 -58.0000000000
1715 -57.0000000000
1806 -56.0000000000
1811 -55.0000000000
1819 -54.0000000000
1828 -53.0000000000
1867 -52.0000000000
1871 -51.0000000000
1918 -50.0000000000
1963 -49.0000000000
1968 -48.0000000000
2017 -47.0000000000
2055 -46.0000000000
2128 -45.0000000000
2139 -44.0000000000
2170 -43.0000000000
2223 -41.0000000000
2270 -40.0000000000
2283 -39.0000000000
2284 -38.0000000000
2298 -37.0000000000
2378 -36.0000000000
2380 -35.0000000000
2463 -34.0000000000
2530 -33.0000000000
2610 -32.0000000000
2627 -31.0000000000
2717 -30.0000000000
2777 -29.0000000000
2789 -28.0000000000
3025 -27.0000000000
3029 -26.0000000000
3113 -25.0000000000
3132 -24.0000000000
3241 -23.0000000000
3243 -22.0000000000
3305 -21.0000000000
3462 -20.0000000000
3533 -19.0000000000
3588 -18.0000000000
3705 -17.0000000000
3719 -16.0000000000
3730 -15.0000000000
4014 -14.0000000000
4066 -12.0000000000
4220 -11.0000000000
4262 -10.0000000000
4740 -9.0000000000
4748 -8.0000000000
4848 -7.0000000000
4869 -6.0000000000
4940 -5.0000000000
4943 -4.0000000000
5225 -3.0000000000
5408 -2.0000000000
5664 -1.0000000000
5790 479.0000000000
6036 483.0000000000
6048 485.0000000000
6189 490.0000000000
7075 505.0000000000
7206 507.0000000000
7335 515.0000000000
7345 518.0000000000
10545 525.0000000000
11703 528.0000000000
12236 533.0000000000
14138 534.0000000000
17706 537.0000000000
25644 538.0000000000
31049 540.0000000000
31127 544.0000000000
34939 548.0000000000
39655 550.0000000000
41102 553.0000000000
71137 554.0000000000
85996 556.0000000000
100000 -3.0000000000
evaluations raw_y
1 -301.0000000000
4 -300.0000000000
5 -299.0000000000
6 -298.0000000000
7 -297.0000000000
10 -296.0000000000
19 -295.0000000000
20 -294.0000000000
22 -293.0000000000
24 -292.0000000000
26 -291.0000000000
28 -290.0000000000
30 -289.0000000000
33 -288.0000000000
34 -287.0000000000
41 -286.0000000000
43 -285.0000000000
49 -283.0000000000
54 -281.0000000000
58 -280.0000000000
59 -279.0000000000
71 -278.0000000000
75 -277.0000000000
76 -276.0000000000
77 -275.0000000000
82 -274.0000000000
84 -273.0000000000
85 -272.0000000000
86 -271.0000000000
87 -270.0000000000
88 -268.0000000000
92 -267.0000000000
93 -264.0000000000
94 -263.0000000000
105 -262.0000000000
106 -261.0000000000
107 -260.0000000000
109 -259.0000000000
113 -258.0000000000
114 -257.0000000000
116 -255.0000000000
118 -254.0000000000
119 -252.0000000000
121 -250.0000000000
123 -249.0000000000
127 -248.0000000000
133 -247.0000000000
138 -245.0000000000
146 -244.0000000000
152 -243.0000000000
159 -242.0000000000
162 -240.0000000000
170 -239.0000000000
176 -238.0000000000
187 -237.0000000000
191 -236.0000000000
192 -235.0000000000
197 -234.0000000000
201 -232.0000000000
205 -231.0000000000
228 -230.0000000000
232 -229.0000000000
251 -228.0000000000
256 -226.0000000000
257 -224.0000000000
265 -222.0000000000
269 -221.0000000000
271 -219.0000000000
274 -217.0000000000
275 -216.0000000000
284 -215.0000000000
300 -214.0000000000
303 -213.0000000000
304 -211.0000000000
305 -209.0000000000
311 -208.0000000000
313 -207.0000000000
321 -205.0000000000
327 -204.0000000000
332 -203.0000000000
335 -202.0000000000
337 -201.0000000000
357 -200.0000000000
360 -198.0000000000
365 -196.0000000000
372 -195.0000000000
373 -194.0000000000
382 -193.0000000000
384 -192.0000000000
385 -191.0000000000
396 -189.0000000000
403 -187.0000000000
435 -186.0000000000
436 -185.0000000000
445 -184.0000000000
452 -183.0000000000
480 -182.0000000000
481 -181.0000000000
485 -180.0000000000
491 -179.0000000000
495 -178.0000000000
496 -176.0000000000
502 -174.0000000000
513 -173.0000000000
516 -172.0000000000
522 -171.0000000000
525 -170.0000000000
528 -168.0000000000
530 -167.0000000000
544 -166.0000000000
553 -165.0000000000
559 -164.0000000000
560 -163.0000000000
562 -162.0000000000
564 -161.0000000000
568 -160.0000000000
580 -159.0000000000
587 -158.0000000000
593 -157.0000000000
597 -156.0000000000
604 -154.0000000000
606 -153.0000000000
620 -152.0000000000
637 -151.0000000000
648 -150.0000000000
662 -149.0000000000
680 -146.0000000000
701 -145.0000000000
707 -144.0000000000
711 -143.0000000000
714 -142.0000000000
716 -141.0000000000
727 -140.0000000000
739 -139.0000000000
751 -138.0000000000
755 -137.0000000000
763 -136.0000000000
768 -135.0000000000
774 -134.0000000000
776 -132.0000000000
777 -130.0000000000
779 -129.0000000000
782 -128.0000000000
799 -127.0000000000
812 -126.0000000000
819 -125.0000000000
839 -124.0000000000
842 -123.0000000000
851 -122.0000000000
884 -121.0000000000
885 -120.0000000000
890 -118.0000000000
914 -117.0000000000
921 -116.0000000000
926 -115.0000000000
928 -114.0000000000
933 -113.0000000000
939 -112.0000000000
953 -111.0000000000
964 -110.0000000000
970 -109.0000000000
1014 -108.0000000000
1019 -107.0000000000
1025 -106.0000000000
1026 -105.0000000000
1027 -102.0000000000
1037 -100.0000000000
1071 -99.0000000000
1074 -97.0000000000
1091 -96.0000000000
1111 -95.0000000000
1125 -94.0000000000
1139 -93.0000000000
1149 -92.0000000000
1153 -91.0000000000
1167 -90.0000000000
1173 -89.0000000000
1192 -88.0000000000
1197 -87.0000000000
1212 -86.0000000000
1213 -85.0000000000
1225 -84.0000000000
1231 -83.0000000000
1239 -81.0000000000
1252 -80.0000000000
1272 -79.0000000000
1275 -78.0000000000
1276 -77.0000000000
1279 -76.0000000000
1288 -75.0000000000
1303 -74.0000000000
1326 -73.0000000000
1333 -72.0000000000
1353 -71.0000000000
1372 -69.0000000000
1402 -68.0000000000
1404 -67.0000000000
1406 -66.0000000000
1429 -65.0000000000
1446 -64.0000000000
1490 -63.0000000000
1542 -62.0000000000
1557 -61.0000000000
1569 -60.0000000000
1602 -59.0000000000
1605 -58.0000000000
1610 -57.0000000000
1640 -56.0000000000
1644 -55.0000000000
1646 -54.0000000000
1647 -53.0000000000
1660 -52.0000000000
1689 -50.0000000000
1695 -49.0000000000
1714 -48.0000000000
1773 -47.0000000000
1789 -46.0000000000
1796 -45.0000000000
1838 -44.0000000000
1846 -43.0000000000
1898 -42.0000000000
1952 -41.0000000000
1955 -40.0000000000
1998 -39.0000000000
2006 -38.0000000000
2020 -36.0000000000
2028 -35.0000000000
2045 -34.0000000000
2134 -33.0000000000
2201 -32.0000000000
2219 -31.0000000000
2222 -30.0000000000
2255 -29.0000000000
2291 -28.0000000000
2313 -27.0000000000
2422 -26.0000000000
2447 -25.0000000000
2465 -24.0000000000
2595 -23.0000000000
2628 -22.0000000000
2690 -21.0000000000
2704 -20.0000000000
2714 -19.0000000000
2788 -18.0000000000
2823 -17.0000000000
2855 -16.0000000000
2856 -15.0000000000
2910 -14.0000000000
2931 -13.0000000000
2952 -12.0000000000
3035 -11.0000000000
3071 -10.0000000000
3083 -9.0000000000
3118 -8.0000000000
3147 -7.0000000000
3252 -6.0000000000
3263 -5.0000000000
3286 -4.0000000000
3323 -3.0000000000
3481 -2.0000000000
3812 -1.0000000000
3873 490.0000000000
3991 493.0000000000
4772 495.0000000000
4927 507.0000000000
5382 515.0000000000
5905 526.0000000000
6786 528.0000000000
7535 530.0000000000
7921 532.0000000000
15121 534.0000000000
18302 535.0000000000
29941 539.0000000000
32361 540.0000000000
44238 542.0000000000
50000 543.0000000000
50618 547.0000000000
57176 548.0000000000
64350 550.0000000000
68572 551.0000000000
85357 552.0000000000
100000 -2.0000000000
evaluations raw_y
1 -300.0000000000
6 -299.0000000000
8 -298.0000000000
9 -297.0000000000
10 -296.0000000000
11 -292.0000000000
14 -291.0000000000
16 -290.0000000000
17 -288.0000000000
19 -287.0000000000
20 -285.0000000000
21 -284.0000000000
32 -281.0000000000
34 -280.0000000000
37 -279.0000000000
38 -278.0000000000
40 -277.0000000000
44 -276.0000000000
46 -275.0000000000
49 -274.0000000000
54 -273.0000000000
58 -272.0000000000
60 -271.0000000000
62 -270.0000000000
63 -269.0000000000
67 -268.0000000000
73 -267.0000000000
75 -266.0000000000
97 -265.0000000000
110 -264.0000000000
111 -263.0000000000
113 -262.0000000000
116 -261.0000000000
121 -259.0000000000
123 -258.0000000000
125 -256.0000000000
132 -255.0000000000
133 -254.0000000000
142 -253.0000000000
145 -251.0000000000
153 -250.0000000000
158 -249.0000000000
168 -248.0000000000
176 -247.0000000000
179 -246.0000000000
180 -245.0000000000
190 -244.0000000000
194 -243.0000000000
195 -242.0000000000
216 -241.0000000000
217 -239.0000000000
225 -238.0000000000
231 -237.0000000000
232 -235.0000000000
239 -234.0000000000
243 -232.0000000000
246 -231.0000000000
248 -228.0000000000
249 -227.0000000000
254 -226.0000000000
267 -224.0000000000
268 -223.0000000000
270 -222.0000000000
271 -221.0000000000
278 -220.0000000000
287 -219.0000000000
290 -218.0000000000
291 -217.0000000000
301 -214.0000000000
307 -213.0000000000
308 -212.0000000000
310 -211.0000000000
313 -210.0000000000
315 -209.0000000000
320 -208.0000000000
327 -207.0000000000
332 -206.0000000000
333 -205.0000000000
345 -203.0000000000
347 -202.0000000000
362 -201.0000000000
368 -200.0000000000
372 -198.0000000000
386 -196.0000000000
393 -194.0000000000
409 -192.0000000000
413 -191.0000000000
428 -190.0000000000
431 -189.0000000000
445 -188.0000000000
461 -187.0000000000
473 -186.0000000000
478 -185.0000000000
479 -184.0000000000
493 -182.0000000000
498 -181.0000000000
506 -179.0000000000
512 -178.0000000000
514 -177.0000000000
522 -176.0000000000
524 -175.0000000000
526 -173.0000000000
527 -172.0000000000
532 -170.0000000000
547 -169.0000000000
559 -168.0000000000
565 -167.0000000000
575 -166.0000000000
583 -165.0000000000
587 -164.0000000000
588 -162.0000000000
598 -161.0000000000
602 -160.0000000000
627 -159.0000000000
628 -157.0000000000
645 -156.0000000000
667 -155.0000000000
671 -154.0000000000
708 -153.0000000000
712 -152.0000000000
718 -151.0000000000
719 -149.0000000000
721 -148.0000000000
730 -146.0000000000
731 -145.0000000000
740 -144.0000000000
760 -143.0000000000
769 -142.0000000000
796 -141.0000000000
811 -140.0000000000
824 -139.0000000000
834 -137.0000000000
840 -136.0000000000
841 -134.0000000000
883 -133.0000000000
884 -132.0000000000
885 -131.0000000000
904 -130.0000000000
935 -129.0000000000
946 -128.0000000000
948 -127.0000000000
950 -126.0000000000
955 -125.0000000000
976 -124.0000000000
982 -123.0000000000
1003 -122.0000000000
1014 -121.0000000000
1016 -120.0000000000
1018 -119.0000000000
1030 -118.0000000000
1033 -117.0000000000
1037 -116.0000000000
1039 -115.0000000000
1044 -114.0000000000
1047 -113.0000000000
1052 -112.0000000000
1059 -111.0000000000
1069 -110.0000000000
1072 -109.0000000000
1073 -108.0000000000
1088 -106.0000000000
1089 -105.0000000000
1093 -103.0000000000
1096 -102.0000000000
1116 -100.0000000000
1119 -99.0000000000
1125 -98.0000000000
1148 -97.0000000000
1153 -96.0000000000
1172 -95.0000000000
1186 -93.0000000000
1222 -92.0000000000
1223 -91.0000000000
1227 -90.0000000000
1232 -89.0000000000
1246 -88.0000000000
1247 -87.0000000000
1256 -86.0000000000
1261 -85.0000000000
1279 -84.0000000000
1291 -82.0000000000
1300 -81.0000000000
1306 -80.0000000000
1308 -79.0000000000
1311 -76.0000000000
1324 -75.0000000000
1349 -74.0000000000
1353 -73.0000000000
1370 -72.0000000000
1372 -71.0000000000
1373 -70.0000000000
1388 -69.0000000000
1397 -68.0000000000
1417 -67.0000000000
1462 -66.0000000000
1516 -65.0000000000
1535 -64.0000000000
1540 -63.0000000000
1579 -62.0000000000
1592 -61.0000000000
1600 -60.0000000000
1667 -59.0000000000
1672 -58.0000000000
1713 -57.0000000000
1714 -56.0000000000
1722 -55.0000000000
1726 -54.0000000000
1747 -53.0000000000
1750 -52.0000000000
1803 -51.0000000000
1806 -50.0000000000
1807 -49.0000000000
1839 -48.0000000000
1851 -47.0000000000
1860 -46.0000000000
1880 -45.0000000000
1887 -44.0000000000
1912 -43.0000000000
1962 -42.0000000000
1989 -41.0000000000
2027 -40.0000000000
2132 -39.0000000000
2152 -38.0000000000
2164 -37.0000000000
2197 -35.0000000000
2206 -34.0000000000
2237 -33.0000000000
2244 -32.0000000000
2255 -31.0000000000
2271 -30.0000000000
2336 -29.0000000000
2402 -28.0000000000
2404 -27.0000000000
2413 -26.0000000000
2414 -25.0000000000
2514 -24.0000000000
2517 -23.0000000000
2523 -22.0000000000
2526 -21.0000000000
2575 -20.0000000000
2589 -19.0000000000
2624 -18.0000000000
2657 -17.0000000000
2750 -16.0000000000
2769 -15.0000000000
2824 -14.0000000000
2968 -13.0000000000
3030 -12.0000000000
3077 -11.0000000000
3088 -10.0000000000
3245 -9.0000000000
3281 -8.0000000000
3381 -7.0000000000
3489 -6.0000000000
3906 -5.0000000000
3954 -4.0000000000
4097 -3.0000000000
4144 -2.0000000000
4313 -1.0000000000
4547 479.0000000000
4814 495.0000000000
5602 500.0000000000
6488 507.0000000000
6840 513.0000000000
7268 518.0000000000
15699 519.0000000000
16684 520.0000000000
17415 523.0000000000
26478 531.0000000000
36618 532.0000000000
45608 534.0000000000
53654 535.0000000000
54693 536.0000000000
57791 540.0000000000
63561 543.0000000000
68099 544.0000000000
87328 545.0000000000
91421 548.0000000000
100000 548.0000000000
evaluations raw_y
1 -286.0000000000
7 -285.0000000000
9 -284.0000000000
18 -283.0000000000
25 -282.0000000000
28 -281.0000000000
32 -280.0000000000
34 -279.0000000000
38 -278.0000000000
39 -276.0000000000
45 -275.0000000000
51 -274.0000000000
52 -273.0000000000
54 -272.0000000000
57 -270.0000000000
59 -269.0000000000
63 -267.0000000000
64 -266.0000000000
65 -264.0000000000
69 -263.0000000000
78 -261.0000000000
87 -260.0000000000
92 -259.0000000000
94 -257.0000000000
96 -256.0000000000
102 -255.0000000000
104 -254.0000000000
107 -253.0000000000
112 -251.0000000000
114 -250.0000000000
121 -249.0000000000
122 -248.0000000000
123 -246.0000000000
124 -245.0000000000
133 -244.0000000000
134 -243.0000000000
137 -242.0000000000
143 -241.0000000000
147 -240.0000000000
148 -239.0000000000
157 -237.0000000000
164 -236.0000000000
172 -235.0000000000
175 -234.0000000000
180 -233.0000000000
183 -232.0000000000
184 -231.0000000000
188 -230.0000000000
198 -229.0000000000
203 -228.0000000000
211 -227.0000000000
215 -226.0000000000
222 -225.0000000000
223 -224.0000000000
225 -223.0000000000
241 -222.0000000000
247 -220.0000000000
248 -219.0000000000
251 -218.0000000000
262 -217.0000000000
265 -216.0000000000
269 -215.0000000000
271 -214.0000000000
276 -213.0000000000
280 -212.0000000000
281 -211.0000000000
284 -210.0000000000
291 -209.0000000000
300 -208.0000000000
309 -207.0000000000
316 -206.0000000000
317 -205.0000000000
318 -204.0000000000
321 -203.0000000000
327 -202.0000000000
332 -200.0000000000
338 -199.0000000000
348 -197.0000000000
349 -196.0000000000
354 -195.0000000000
355 -194.0000000000
356 -193.0000000000
365 -192.0000000000
366 -191.0000000000
370 -190.0000000000
387 -189.0000000000
389 -188.0000000000
398 -187.0000000000
400 -186.0000000000
403 -185.0000000000
410 -184.0000000000
413 -183.0000000000
415 -182.0000000000
424 -181.0000000000
427 -179.0000000000
438 -178.0000000000
451 -176.0000000000
471 -175.0000000000
480 -174.0000000000
487 -173.0000000000
494 -172.0000000000
502 -170.0000000000
506 -169.0000000000
508 -167.0000000000
511 -165.0000000000
522 -164.0000000000
529 -162.0000000000
533 -161.0000000000
541 -160.0000000000
548 -159.0000000000
555 -157.0000000000
565 -156.0000000000
568 -155.0000000000
570 -154.0000000000
572 -153.0000000000
579 -152.0000000000
580 -151.0000000000
587 -150.0000000000
590 -148.0000000000
597 -147.0000000000
603 -146.0000000000
615 -145.0000000000
616 -144.0000000000
622 -143.0000000000
626 -142.0000000000
634 -141.0000000000
635 -140.0000000000
640 -139.0000000000
642 -138.0000000000
647 -137.0000000000
654 -136.0000000000
682 -135.0000000000
687 -134.0000000000
701 -133.0000000000
707 -132.0000000000
709 -131.0000000000
712 -130.0000000000
715 -129.0000000000
752 -128.0000000000
755 -127.0000000000
758 -126.0000000000
761 -125.0000000000
763 -124.0000000000
791 -123.0000000000
831 -122.0000000000
836 -121.0000000000
839 -120.0000000000
852 -118.0000000000
857 -116.0000000000
876 -115.0000000000
883 -114.0000000000
888 -113.0000000000
889 -111.0000000000
941 -110.0000000000
942 -109.0000000000
952 -108.0000000000
964 -107.0000000000
969 -105.0000000000
983 -104.0000000000
988 -103.0000000000
994 -102.0000000000
996 -101.0000000000
1012 -99.0000000000
1023 -98.0000000000
1055 -97.0000000000
1061 -95.0000000000
1063 -94.0000000000
1069 -93.0000000000
1089 -92.0000000000
1097 -91.0000000000
1109 -90.0000000000
1120 -89.0000000000
1122 -88.0000000000
1131 -87.0000000000
1139 -86.0000000000
1166 -85.0000000000
1167 -84.0000000000
1181 -83.0000000000
1183 -82.0000000000
1220 -81.0000000000
1230 -79.0000000000
1237 -78.0000000000
1246 -77.0000000000
1265 -76.0000000000
1309 -75.0000000000
1330 -74.0000000000
1357 -73.0000000000
1378 -72.0000000000
1382 -71.0000000000
1388 -70.0000000000
1402 -69.0000000000
1404 -68.0000000000
1408 -67.0000000000
1419 -65.0000000000
1438 -63.0000000000
1467 -62.0000000000
1487 -61.0000000000
1496 -60.0000000000
1505 -59.0000000000
1529 -57.0000000000
1532 -56.0000000000
1544 -55.0000000000
1588 -54.0000000000
1595 -52.0000000000
1649 -51.0000000000
1654 -50.0000000000
1657 -49.0000000000
1666 -48.0000000000
1687 -47.0000000000
1689 -46.0000000000
1702 -45.0000000000
1753 -44.0000000000
1772 -43.0000000000
1782 -42.0000000000
1807 -41.0000000000
1808 -40.0000000000
1811 -39.0000000000
1882 -38.0000000000
1914 -37.0000000000
1942 -36.0000000000
1966 -35.0000000000
2107 -34.0000000000
2128 -33.0000000000
2148 -32.0000000000
2192 -31.0000000000
2196 -30.0000000000
2200 -29.0000000000
2278 -28.0000000000
2331 -27.0000000000
2381 -26.0000000000
2392 -25.0000000000
2521 -23.0000000000
2522 -22.0000000000
2571 -21.0000000000
2593 -20.0000000000
2618 -19.0000000000
2669 -18.0000000000
2746 -17.0000000000
2754 -16.0000000000
2820 -15.0000000000
2825 -14.0000000000
2841 -13.0000000000
2963 -12.0000000000
3021 -11.0000000000
3032 -10.0000000000
3108 -9.0000000000
3129 -8.0000000000
3212 -7.0000000000
3251 -6.0000000000
3351 -5.0000000000
3438 -4.0000000000
3454 -3.0000000000
3595 -2.0000000000
3598 -1.0000000000
4035 499.0000000000
4893 501.0000000000
6747 506.0000000000
7926 508.0000000000
8527 510.0000000000
8590 513.0000000000
10107 518.0000000000
10406 528.0000000000
11340 531.0000000000
15285 542.0000000000
19290 546.0000000000
21342 549.0000000000
81559 552.0000000000
83045 553.0000000000
83808 554.0000000000
100000 -4.0000000000
evaluations raw_y
1 -281.0000000000
2 -280.0000000000
3 -279.0000000000
5 -278.0000000000
15 -277.0000000000
23 -275.0000000000
24 -273.0000000000
25 -271.0000000000
26 -270.0000000000
28 -269.0000000000
30 -268.0000000000
34 -267.0000000000
35 -266.0000000000
38 -265.0000000000
55 -264.0000000000
66 -263.0000000000
67 -262.0000000000
68 -261.0000000000
69 -260.0000000000
73 -259.0000000000
75 -257.0000000000
80 -256.0000000000
81 -255.0000000000
85 -254.0000000000
90 -253.0000000000
92 -251.0000000000
100 -250.0000000000
102 -249.0000000000
103 -248.0000000000
114 -247.0000000000
117 -246.0000000000
121 -245.0000000000
129 -244.0000000000
133 -243.0000000000
134 -242.0000000000
138 -240.0000000000
141 -239.0000000000
143 -238.0000000000
147 -237.0000000000
150 -236.0000000000
151 -233.0000000000
158 -232.0000000000
159 -231.0000000000
161 -230.0000000000
174 -229.0000000000
179 -228.0000000000
182 -227.0000000000
194 -225.0000000000
200 -224.0000000000
209 -223.0000000000
213 -222.0000000000
215 -221.0000000000
223 -220.0000000000
224 -218.0000000000
230 -217.0000000000
242 -215.0000000000
254 -214.0000000000
263 -213.0000000000
265 -212.0000000000
266 -210.0000000000
269 -209.0000000000
275 -207.0000000000
281 -206.0000000000
293 -205.0000000000
300 -203.0000000000
307 -202.0000000000
311 -201.0000000000
323 -200.0000000000
327 -199.0000000000
337 -198.0000000000
339 -197.0000000000
340 -196.0000000000
343 -195.0000000000
345 -194.0000000000
351 -193.0000000000
358 -192.0000000000
362 -191.0000000000
366 -190.0000000000
368 -189.0000000000
369 -188.0000000000
374 -187.0000000000
390 -186.0000000000
392 -185.0000000000
393 -182.0000000000
409 -181.0000000000
416 -180.0000000000
419 -179.0000000000
447 -178.0000000000
452 -177.0000000000
453 -176.0000000000
461 -174.0000000000
465 -173.0000000000
475 -172.0000000000
482 -171.0000000000
491 -170.0000000000
493 -169.0000000000
506 -168.0000000000
507 -167.0000000000
515 -166.0000000000
516 -165.0000000000
526 -164.0000000000
527 -163.0000000000
532 -162.0000000000
554 -161.0000000000
565 -160.0000000000
571 -159.0000000000
577 -158.0000000000
578 -157.0000000000
583 -156.0000000000
589 -155.0000000000
592 -154.0000000000
601 -152.0000000000
602 -151.0000000000
616 -150.0000000000
617 -149.0000000000
618 -147.0000000000
620 -146.0000000000
633 -145.0000000000
636 -144.0000000000
640 -143.0000000000
666 -142.0000000000
684 -141.0000000000
687 -140.0000000000
697 -139.0000000000
699 -138.0000000000
719 -137.0000000000
726 -136.0000000000
730 -135.0000000000
735 -133.0000000000
738 -132.0000000000
740 -131.0000000000
741 -129.0000000000
742 -128.0000000000
749 -126.0000000000
750 -125.0000000000
769 -124.0000000000
772 -123.0000000000
830 -122.0000000000
849 -121.0000000000
853 -120.0000000000
880 -119.0000000000
956 -118.0000000000
987 -117.0000000000
989 -116.0000000000
992 -115.0000000000
997 -114.0000000000
1012 -113.0000000000
1014 -111.0000000000
1021 -110.0000000000
1057 -109.0000000000
1070 -108.0000000000
1085 -107.0000000000
1099 -106.0000000000
1118 -105.0000000000
1139 -104.0000000000
1180 -103.0000000000
1215 -102.0000000000
1216 -101.0000000000
1221 -100.0000000000
1244 -98.0000000000
1251 -97.0000000000
1264 -96.0000000000
1283 -95.0000000000
1284 -94.0000000000
1288 -93.0000000000
1296 -92.0000000000
1301 -91.0000000000
1304 -90.0000000000
1345 -89.0000000000
1346 -88.0000000000
1367 -87.0000000000
1407 -86.0000000000
1409 -85.0000000000
1433 -84.0000000000
1449 -83.0000000000
1522 -82.0000000000
1541 -81.0000000000
1542 -80.0000000000
1545 -79.0000000000
1546 -78.0000000000
1548 -77.0000000000
1574 -76.0000000000
1576 -75.0000000000
1586 -74.0000000000
1589 -73.0000000000
1601 -72.0000000000
1617 -71.0000000000
1620 -70.0000000000
1653 -69.0000000000
1658 -68.0000000000
1678 -67.0000000000
1705 -66.0000000000
1716 -65.0000000000
1728 -64.0000000000
1729 -63.0000000000
1741 -62.0000000000
1784 -61.0000000000
1802 -60.0000000000
1818 -59.0000000000
1851 -58.0000000000
1929 -57.0000000000
1963 -56.0000000000
1980 -55.0000000000
1991 -54.0000000000
1998 -53.0000000000
2002 -52.0000000000
2065 -51.0000000000
2066 -50.0000000000
2108 -49.0000000000
2110 -48.0000000000
2117 -47.0000000000
2301 -46.0000000000
2307 -45.0000000000
2315 -44.0000000000
2322 -43.0000000000
2331 -42.0000000000
2334 -41.0000000000
2370 -40.0000000000
2401 -39.0000000000
2438 -38.0000000000
2503 -37.0000000000
2527 -36.0000000000
2583 -35.0000000000
2609 -34.0000000000
2618 -33.0000000000
2673 -31.0000000000
2730 -30.0000000000
2732 -29.0000000000
2787 -28.0000000000
2885 -27.0000000000
2904 -26.0000000000
3014 -25.0000000000
3042 -24.0000000000
3071 -23.0000000000
3100 -22.0000000000
3114 -21.0000000000
3133 -20.0000000000
3304 -19.0000000000
3329 -18.0000000000
3453 -17.0000000000
3520 -16.0000000000
3647 -15.0000000000
3656 -14.0000000000
3742 -13.0000000000
3764 -12.0000000000
4116 -11.0000000000
4470 -9.0000000000
4500 -8.0000000000
4552 -7.0000000000
4610 -6.0000000000
4659 -5.0000000000
4666 -4.0000000000
4766 -3.0000000000
4797 -2.0000000000
4846 -1.0000000000
4891 489.0000000000
5102 494.0000000000
5357 497.0000000000
5490 501.0000000000
7227 513.0000000000
7460 523.0000000000
8880 531.0000000000
11271 532.0000000000
24037 533.0000000000
29530 534.0000000000
41100 535.0000000000
41160 536.0000000000
43716 541.0000000000
44139 543.0000000000
47339 545.0000000000
48550 546.0000000000
53627 547.0000000000
54558 548.0000000000
55664 551.0000000000
57299 554.0000000000
91457 556.0000000000
100000 556.0000000000
evaluations raw_y
1 -306.0000000000
6 -304.0000000000
13 -303.0000000000
19 -301.0000000000
27 -300.0000000000
28 -299.0000000000
29 -297.0000000000
34 -296.0000000000
35 -295.0000000000
37 -293.0000000000
38 -291.0000000000
42 -290.0000000000
43 -289.0000000000
49 -288.0000000000
58 -287.0000000000
59 -286.0000000000
62 -285.0000000000
76 -284.0000000000
81 -283.0000000000
82 -282.0000000000
84 -281.0000000000
90 -280.0000000000
93 -279.0000000000
95 -277.0000000000
99 -275.0000000000
103 -274.0000000000
109 -273.0000000000
110 -272.0000000000
121 -271.0000000000
125 -270.0000000000
126 -268.0000000000
132 -266.0000000000
139 -265.0000000000
146 -264.0000000000
148 -262.0000000000
151 -261.0000000000
153 -260.0000000000
155 -259.0000000000
161 -257.0000000000
162 -256.0000000000
168 -255.0000000000
173 -254.0000000000
175 -253.0000000000
176 -250.0000000000
178 -249.0000000000
194 -248.0000000000
199 -246.0000000000
204 -245.0000000000
205 -244.0000000000
207 -243.0000000000
214 -242.0000000000
216 -240.0000000000
217 -239.0000000000
220 -238.0000000000
227 -237.0000000000
232 -236.0000000000
233 -235.0000000000
235 -234.0000000000
250 -229.0000000000
251 -228.0000000000
255 -227.0000000000
257 -226.0000000000
260 -224.0000000000
264 -223.0000000000
266 -222.0000000000
272 -221.0000000000
278 -218.0000000000
292 -217.0000000000
294 -216.0000000000
298 -215.0000000000
300 -214.0000000000
310 -213.0000000000
315 -212.0000000000
319 -211.0000000000
325 -210.0000000000
326 -208.0000000000
331 -207.0000000000
341 -206.0000000000
361 -204.0000000000
362 -203.0000000000
380 -202.0000000000
388 -201.0000000000
396 -200.0000000000
397 -199.0000000000
398 -198.0000000000
399 -197.0000000000
411 -196.0000000000
413 -194.0000000000
414 -193.0000000000
427 -192.0000000000
432 -191.0000000000
439 -190.0000000000
444 -189.0000000000
453 -188.0000000000
469 -187.0000000000
474 -185.0000000000
477 -184.0000000000
481 -183.0000000000
484 -182.0000000000
485 -181.0000000000
487 -180.0000000000
500 -178.0000000000
502 -177.0000000000
519 -176.0000000000
546 -175.0000000000
548 -174.0000000000
552 -173.0000000000
555 -172.0000000000
556 -171.0000000000
560 -170.0000000000
573 -169.0000000000
574 -168.0000000000
576 -167.0000000000
586 -166.0000000000
594 -165.0000000000
609 -164.0000000000
611 -163.0000000000
612 -162.0000000000
614 -161.0000000000
618 -160.0000000000
621 -159.0000000000
623 -158.0000000000
624 -157.0000000000
642 -156.0000000000
665 -154.0000000000
676 -153.0000000000
688 -152.0000000000
714 -151.0000000000
724 -149.0000000000
735 -147.0000000000
736 -146.0000000000
741 -145.0000000000
743 -144.0000000000
752 -142.0000000000
765 -141.0000000000
799 -140.0000000000
816 -139.0000000000
818 -138.0000000000
827 -137.0000000000
829 -136.0000000000
860 -135.0000000000
871 -134.0000000000
873 -133.0000000000
882 -132.0000000000
894 -131.0000000000
913 -130.0000000000
919 -129.0000000000
922 -128.0000000000
942 -127.0000000000
946 -126.0000000000
947 -125.0000000000
950 -123.0000000000
963 -122.0000000000
964 -121.0000000000
977 -120.0000000000
982 -119.0000000000
999 -118.0000000000
1003 -117.0000000000
1014 -116.0000000000
1045 -115.0000000000
1051 -114.0000000000
1054 -113.0000000000
1072 -111.0000000000
1075 -110.0000000000
1088 -109.0000000000
1113 -108.0000000000
1114 -107.0000000000
1133 -106.0000000000
1154 -105.0000000000
1160 -104.0000000000
1175 -102.0000000000
1181 -101.0000000000
1184 -100.0000000000
1190 -99.0000000000
1210 -98.0000000000
1235 -97.0000000000
1258 -96.0000000000
1290 -95.0000000000
1295 -94.0000000000
1299 -93.0000000000
1309 -92.0000000000
1327 -91.0000000000
1350 -89.0000000000
1351 -88.0000000000
1379 -87.0000000000
1416 -85.0000000000
1422 -84.0000000000
1431 -83.0000000000
1440 -82.0000000000
1475 -81.0000000000
1496 -80.0000000000
1502 -77.0000000000
1511 -76.0000000000
1528 -75.0000000000
1530 -74.0000000000
1547 -73.0000000000
1570 -72.0000000000
1585 -71.0000000000
1593 -70.0000000000
1615 -69.0000000000
1639 -68.0000000000
1641 -67.0000000000
1666 -66.0000000000
1700 -65.0000000000
1714 -64.0000000000
1715 -63.0000000000
1755 -62.0000000000
1759 -61.0000000000
1784 -60.0000000000
1813 -59.0000000000
1868 -58.0000000000
1876 -57.0000000000
1880 -56.0000000000
1912 -55.0000000000
1913 -54.0000000000
1932 -53.0000000000
1947 -52.0000000000
1994 -51.0000000000
2002 -50.0000000000
2022 -49.0000000000
2034 -48.0000000000
2046 -47.0000000000
2074 -46.0000000000
2151 -45.0000000000
2157 -44.0000000000
2173 -43.0000000000
2176 -42.0000000000
2189 -41.0000000000
2263 -40.0000000000
2281 -39.0000000000
2340 -38.0000000000
2356 -37.0000000000
2413 -36.0000000000
2432 -35.0000000000
2466 -34.0000000000
2468 -33.0000000000
2541 -32.0000000000
2582 -31.0000000000
2608 -30.0000000000
2613 -29.0000000000
2614 -28.0000000000
2659 -27.0000000000
2728 -26.0000000000
2752 -25.0000000000
2818 -24.0000000000
2858 -23.0000000000
2964 -22.0000000000
2982 -21.0000000000
3023 -20.0000000000
3034 -19.0000000000
3057 -18.0000000000
3077 -17.0000000000
3079 -16.0000000000
3119 -15.0000000000
3188 -14.0000000000
3265 -13.0000000000
3301 -12.0000000000
3336 -11.0000000000
3385 -10.0000000000
3513 -9.0000000000
3520 -8.0000000000
3605 -7.0000000000
3625 -6.0000000000
3744 -5.0000000000
3846 -4.0000000000
4042 -3.0000000000
4066 -2.0000000000
4073 -1.0000000000
4372 428.0000000000
4484 436.0000000000
4537 447.0000000000
4674 475.0000000000
4703 478.0000000000
4903 490.0000000000
5013 505.0000000000
5228 508.0000000000
6409 514.0000000000
8233 520.0000000000
9662 521.0000000000
10016 525.0000000000
14186 526.0000000000
14333 529.0000000000
15649 531.0000000000
22854 534.0000000000
33751 536.0000000000
36855 538.0000000000
40439 543.0000000000
44553 547.0000000000
53878 551.0000000000
68011 552.0000000000
76638 553.0000000000
94770 554.0000000000
100000 -1.0000000000
evaluations raw_y
1 -285.0000000000
2 -284.0000000000
5 -281.0000000000
12 -280.0000000000
13 -279.0000000000
15 -278.0000000000
21 -277.0000000000
22 -276.0000000000
24 -275.0000000000
30 -274.0000000000
31 -272.0000000000
32 -271.0000000000
33 -270.0000000000
35 -269.0000000000
47 -268.0000000000
49 -265.0000000000
51 -263.0000000000
54 -262.0000000000
56 -261.0000000000
57 -259.0000000000
58 -258.0000000000
59 -257.0000000000
62 -256.0000000000
65 -255.0000000000
67 -254.0000000000
70 -253.0000000000
75 -250.0000000000
76 -249.0000000000
79 -246.0000000000
82 -245.0000000000
84 -244.0000000000
86 -241.0000000000
87 -240.0000000000
98 -239.0000000000
100 -238.0000000000
102 -237.0000000000
109 -236.0000000000
112 -234.0000000000
121 -233.0000000000
123 -232.0000000000
126 -230.0000000000
127 -229.0000000000
129 -228.0000000000
130 -227.0000000000
137 -226.0000000000
140 -225.0000000000
142 -224.0000000000
150 -223.0000000000
155 -222.0000000000
157 -220.0000000000
161 -219.0000000000
172 -217.0000000000
174 -216.0000000000
183 -215.0000000000
185 -214.0000000000
197 -212.0000000000
206 -211.0000000000
207 -210.0000000000
210 -209.0000000000
213 -208.0000000000
221 -206.0000000000
225 -205.0000000000
226 -203.0000000000
247 -202.0000000000
251 -200.0000000000
253 -199.0000000000
254 -198.0000000000
258 -197.0000000000
260 -196.0000000000
263 -195.0000000000
268 -194.0000000000
269 -193.0000000000
270 -192.0000000000
295 -191.0000000000
296 -190.0000000000
298 -189.0000000000
303 -188.0000000000
305 -187.0000000000
309 -186.0000000000
320 -185.0000000000
327 -184.0000000000
336 -183.0000000000
338 -182.0000000000
345 -181.0000000000
346 -180.0000000000
349 -179.0000000000
354 -178.0000000000
359 -177.0000000000
382 -176.0000000000
383 -175.0000000000
385 -174.0000000000
391 -172.0000000000
392 -171.0000000000
395 -170.0000000000
396 -169.0000000000
397 -168.0000000000
405 -166.0000000000
414 -165.0000000000
421 -163.0000000000
434 -161.0000000000
437 -160.0000000000
463 -159.0000000000
476 -158.0000000000
479 -156.0000000000
485 -155.0000000000
497 -154.0000000000
498 -153.0000000000
502 -152.0000000000
506 -150.0000000000
508 -149.0000000000
521 -148.0000000000
537 -147.0000000000
538 -145.0000000000
541 -144.0000000000
564 -143.0000000000
641 -142.0000000000
650 -141.0000000000
665 -140.0000000000
668 -139.0000000000
669 -137.0000000000
718 -135.0000000000
739 -133.0000000000
740 -132.0000000000
752 -131.0000000000
757 -130.0000000000
759 -129.0000000000
767 -128.0000000000
778 -127.0000000000
795 -126.0000000000
800 -125.0000000000
802 -124.0000000000
819 -123.0000000000
829 -122.0000000000
848 -121.0000000000
860 -120.0000000000
863 -119.0000000000
879 -118.0000000000
889 -117.0000000000
898 -116.0000000000
900 -115.0000000000
901 -114.0000000000
911 -113.0000000000
939 -112.0000000000
940 -111.0000000000
948 -110.0000000000
959 -109.0000000000
960 -108.0000000000
1007 -106.0000000000
1008 -105.0000000000
1013 -104.0000000000
1027 -103.0000000000
1040 -102.0000000000
1051 -101.0000000000
1054 -100.0000000000
1055 -99.0000000000
1056 -98.0000000000
1062 -97.0000000000
1075 -96.0000000000
1081 -95.0000000000
1103 -94.0000000000
1104 -93.0000000000
1114 -92.0000000000
1127 -91.0000000000
1139 -90.0000000000
1142 -89.0000000000
1143 -88.0000000000
1161 -86.0000000000
1172 -85.0000000000
1185 -84.0000000000
1203 -82.0000000000
1215 -81.0000000000
1226 -80.0000000000
1238 -79.0000000000
1292 -78.0000000000
1306 -77.0000000000
1308 -76.0000000000
1311 -75.0000000000
1318 -74.0000000000
1332 -73.0000000000
1345 -72.0000000000
1367 -71.0000000000
1372 -70.0000000000
1374 -69.0000000000
1379 -68.0000000000
1398 -67.0000000000
1413 -66.0000000000
1421 -65.0000000000
1438 -64.0000000000
1445 -63.0000000000
1503 -62.0000000000
1506 -61.0000000000
1552 -60.0000000000
1583 -59.0000000000
1584 -58.0000000000
1596 -57.0000000000
1609 -56.0000000000
1692 -55.0000000000
1697 -53.0000000000
1700 -52.0000000000
1722 -51.0000000000
1757 -50.0000000000
1769 -49.0000000000
1854 -48.0000000000
1859 -47.0000000000
1883 -46.0000000000
1910 -45.0000000000
1923 -43.0000000000
1926 -42.0000000000
1955 -41.0000000000
1985 -40.0000000000
1990 -39.0000000000
2023 -38.0000000000
2066 -37.0000000000
2151 -36.0000000000
2154 -34.0000000000
2169 -33.0000000000
2173 -32.0000000000
2208 -31.0000000000
2390 -29.0000000000
2490 -28.0000000000
2669 -27.0000000000
2725 -25.0000000000
2789 -24.0000000000
2850 -23.0000000000
2896 -22.0000000000
2914 -21.0000000000
2918 -20.0000000000
2929 -19.0000000000
2961 -18.0000000000
3045 -17.0000000000
3054 -16.0000000000
3221 -15.0000000000
3290 -14.0000000000
3436 -13.0000000000
3490 -12.0000000000
3498 -11.0000000000
3507 -10.0000000000
3520 -9.0000000000
3739 -8.0000000000
3938 -7.0000000000
4005 -6.0000000000
4063 -5.0000000000
4242 -4.0000000000
4402 -3.0000000000
4559 -2.0000000000
4616 -1.0000000000
4620 488.0000000000
4765 493.0000000000
5280 508.0000000000
5452 515.0000000000
6214 519.0000000000
6639 523.0000000000
7954 525.0000000000
8360 526.0000000000
11238 527.0000000000
11495 529.0000000000
18335 531.0000000000
19211 534.0000000000
22104 536.0000000000
24234 539.0000000000
27485 540.0000000000
32762 544.0000000000
36390 545.0000000000
43017 546.0000000000
52369 548.0000000000
73324 549.0000000000
75098 553.0000000000
100000 553.0000000000
evaluations raw_y
1 -289.0000000000
5 -288.0000000000
6 -287.0000000000
7 -286.0000000000
8 -285.0000000000
11 -284.0000000000
12 -283.0000000000
13 -282.0000000000
14 -280.0000000000
15 -279.0000000000
26 -278.0000000000
29 -277.0000000000
34 -276.0000000000
38 -275.0000000000
44 -274.0000000000
51 -273.0000000000
60 -272.0000000000
63 -271.0000000000
68 -268.0000000000
74 -267.0000000000
80 -266.0000000000
83 -265.0000000000
87 -264.0000000000
90 -263.0000000000
91 -262.0000000000
92 -260.0000000000
96 -259.0000000000
97 -258.0000000000
98 -257.0000000000
100 -256.0000000000
102 -255.0000000000
103 -254.0000000000
104 -253.0000000000
105 -251.0000000000
111 -250.0000000000
114 -249.0000000000
115 -248.0000000000
121 -247.0000000000
122 -246.0000000000
126 -244.0000000000
128 -243.0000000000
135 -242.0000000000
138 -241.0000000000
140 -240.0000000000
141 -236.0000000000
144 -235.0000000000
150 -233.0000000000
157 -232.0000000000
158 -231.0000000000
168 -230.0000000000
170 -229.0000000000
179 -228.0000000000
180 -227.0000000000
183 -226.0000000000
192 -224.0000000000
199 -222.0000000000
202 -221.0000000000
206 -219.0000000000
215 -218.0000000000
223 -217.0000000000
225 -216.0000000000
241 -215.0000000000
245 -214.0000000000
250 -213.0000000000
255 -212.0000000000
263 -210.0000000000
264 -209.0000000000
269 -208.0000000000
273 -207.0000000000
274 -205.0000000000
278 -204.0000000000
283 -203.0000000000
285 -201.0000000000
290 -200.0000000000
299 -199.0000000000
300 -197.0000000000
304 -195.0000000000
305 -194.0000000000
307 -193.0000000000
309 -192.0000000000
316 -190.0000000000
319 -189.0000000000
322 -188.0000000000
327 -186.0000000000
336 -185.0000000000
337 -184.0000000000
343 -183.0000000000
349 -181.0000000000
350 -180.0000000000
352 -179.0000000000
364 -178.0000000000
367 -177.0000000000
370 -176.0000000000
377 -175.0000000000
380 -173.0000000000
382 -172.0000000000
401 -171.0000000000
416 -170.0000000000
419 -168.0000000000
420 -167.0000000000
421 -166.0000000000
422 -165.0000000000
436 -164.0000000000
442 -163.0000000000
447 -161.0000000000
448 -160.0000000000
453 -158.0000000000
458 -155.0000000000
462 -154.0000000000
474 -153.0000000000
488 -152.0000000000
493 -151.0000000000
503 -149.0000000000
510 -147.0000000000
528 -146.0000000000
537 -145.0000000000
541 -144.0000000000
542 -143.0000000000
545 -142.0000000000
560 -141.0000000000
583 -140.0000000000
588 -139.0000000000
601 -138.0000000000
616 -137.0000000000
631 -136.0000000000
633 -135.0000000000
646 -134.0000000000
654 -133.0000000000
665 -132.0000000000
666 -131.0000000000
681 -130.0000000000
686 -129.0000000000
697 -128.0000000000
698 -127.0000000000
722 -126.0000000000
727 -125.0000000000
741 -124.0000000000
747 -123.0000000000
753 -122.0000000000
760 -121.0000000000
765 -120.0000000000
797 -119.0000000000
800 -118.0000000000
829 -117.0000000000
835 -116.0000000000
838 -115.0000000000
875 -113.0000000000
892 -112.0000000000
898 -111.0000000000
901 -110.0000000000
904 -109.0000000000
918 -108.0000000000
921 -107.0000000000
953 -106.0000000000
968 -105.0000000000
970 -103.0000000000
971 -102.0000000000
982 -101.0000000000
989 -100.0000000000
997 -98.0000000000
1001 -97.0000000000
1016 -96.0000000000
1020 -95.0000000000
1029 -94.0000000000
1074 -93.0000000000
1083 -92.0000000000
1094 -91.0000000000
1104 -90.0000000000
1105 -89.0000000000
1106 -88.0000000000
1107 -87.0000000000
1126 -86.0000000000
1170 -85.0000000000
1172 -84.0000000000
1219 -83.0000000000
1250 -82.0000000000
1252 -80.0000000000
1258 -79.0000000000
1265 -78.0000000000
1274 -77.0000000000
1276 -76.0000000000
1293 -75.0000000000
1298 -74.0000000000
1307 -73.0000000000
1333 -72.0000000000
1390 -71.0000000000
1404 -70.0000000000
1406 -69.0000000000
1407 -68.0000000000
1408 -67.0000000000
1432 -66.0000000000
1469 -65.0000000000
1494 -64.0000000000
1498 -63.0000000000
1571 -62.0000000000
1587 -61.0000000000
1619 -60.0000000000
1650 -58.0000000000
1712 -57.0000000000
1726 -56.0000000000
1754 -55.0000000000
1813 -54.0000000000
1821 -53.0000000000
1838 -52.0000000000
1843 -51.0000000000
1861 -50.0000000000
1866 -49.0000000000
1910 -48.0000000000
1953 -47.0000000000
1955 -46.0000000000
2013 -45.0000000000
2022 -44.0000000000
2063 -43.0000000000
2124 -42.0000000000
2129 -41.0000000000
2244 -40.0000000000
2253 -39.0000000000
2261 -38.0000000000
2354 -37.0000000000
2472 -36.0000000000
2509 -35.0000000000
2521 -34.0000000000
2534 -32.0000000000
2544 -31.0000000000
2593 -30.0000000000
2609 -28.0000000000
2619 -27.0000000000
2865 -26.0000000000
2892 -25.0000000000
2906 -23.0000000000
2921 -22.0000000000
2960 -21.0000000000
2984 -20.0000000000
2987 -19.0000000000
3000 -18.0000000000
3005 -17.0000000000
3015 -16.0000000000
3089 -15.0000000000
3098 -14.0000000000
3223 -13.0000000000
3248 -12.0000000000
3256 -11.0000000000
3325 -10.0000000000
3369 -9.0000000000
3379 -8.0000000000
3403 -7.0000000000
3414 -6.0000000000
3445 -5.0000000000
3553 -4.0000000000
3630 -3.0000000000
3702 -2.0000000000
3735 -1.0000000000
3804 506.0000000000
4044 509.0000000000
4243 510.0000000000
4386 511.0000000000
4583 516.0000000000
4861 522.0000000000
5641 523.0000000000
9380 524.0000000000
11260 525.0000000000
12311 528.0000000000
12423 531.0000000000
13869 533.0000000000
17161 534.0000000000
43305 535.0000000000
47398 538.0000000000
59683 539.0000000000
64026 541.0000000000
100000 -1.0000000000
evaluations raw_y
1 -294.0000000000
2 -293.0000000000
5 -292.0000000000
6 -291.0000000000
10 -289.0000000000
13 -288.0000000000
14 -287.0000000000
15 -284.0000000000
16 -283.0000000000
22 -282.0000000000
24 -281.0000000000
35 -279.0000000000
39 -278.0000000000
41 -277.0000000000
44 -275.0000000000
47 -274.0000000000
48 -273.0000000000
49 -272.0000000000
51 -271.0000000000
53 -270.0000000000
54 -269.0000000000
61 -268.0000000000
63 -266.0000000000
67 -265.0000000000
76 -264.0000000000
81 -263.0000000000
83 -261.0000000000
97 -260.0000000000
102 -258.0000000000
111 -257.0000000000
118 -256.0000000000
125 -255.0000000000
126 -254.0000000000
130 -252.0000000000
131 -251.0000000000
135 -250.0000000000
139 -248.0000000000
147 -247.0000000000
149 -245.0000000000
151 -244.0000000000
152 -243.0000000000
153 -242.0000000000
157 -241.0000000000
160 -240.0000000000
163 -239.0000000000
164 -238.0000000000
167 -237.0000000000
175 -236.0000000000
176 -235.0000000000
178 -234.0000000000
181 -233.0000000000
194 -232.0000000000
196 -230.0000000000
200 -229.0000000000
202 -228.0000000000
204 -227.0000000000
208 -226.0000000000
211 -225.0000000000
212 -224.0000000000
218 -223.0000000000
219 -222.0000000000
225 -221.0000000000
228 -220.0000000000
237 -219.0000000000
241 -218.0000000000
251 -217.0000000000
257 -215.0000000000
272 -214.0000000000
274 -213.0000000000
280 -212.0000000000
282 -211.0000000000
286 -210.0000000000
289 -208.0000000000
294 -207.0000000000
296 -206.0000000000
297 -205.0000000000
314 -204.0000000000
318 -203.0000000000
324 -201.0000000000
332 -200.0000000000
338 -199.0000000000
341 -198.0000000000
345 -197.0000000000
347 -196.0000000000
350 -195.0000000000
363 -194.0000000000
365 -193.0000000000
369 -192.0000000000
386 -191.0000000000
390 -190.0000000000
395 -189.0000000000
401 -188.0000000000
407 -187.0000000000
408 -186.0000000000
418 -185.0000000000
421 -184.0000000000
422 -183.0000000000
443 -182.0000000000
444 -181.0000000000
466 -180.0000000000
473 -178.0000000000
475 -176.0000000000
477 -174.0000000000
484 -172.0000000000
485 -171.0000000000
496 -170.0000000000
507 -169.0000000000
511 -167.0000000000
517 -166.0000000000
520 -165.0000000000
521 -164.0000000000
522 -163.0000000000
527 -162.0000000000
532 -159.0000000000
542 -158.0000000000
543 -156.0000000000
545 -155.0000000000
555 -152.0000000000
560 -151.0000000000
569 -150.0000000000
576 -149.0000000000
579 -147.0000000000
580 -146.0000000000
585 -145.0000000000
597 -144.0000000000
602 -143.0000000000
611 -142.0000000000
623 -141.0000000000
634 -140.0000000000
640 -139.0000000000
646 -138.0000000000
665 -137.0000000000
673 -136.0000000000
676 -135.0000000000
680 -134.0000000000
686 -133.0000000000
692 -132.0000000000
702 -131.0000000000
733 -130.0000000000
746 -129.0000000000
748 -128.0000000000
759 -127.0000000000
766 -126.0000000000
770 -125.0000000000
776 -124.0000000000
777 -123.0000000000
801 -122.0000000000
817 -121.0000000000
823 -120.0000000000
825 -119.0000000000
829 -118.0000000000
868 -116.0000000000
897 -115.0000000000
911 -114.0000000000
914 -113.0000000000
933 -112.0000000000
946 -111.0000000000
947 -110.0000000000
963 -109.0000000000
985 -107.0000000000
997 -106.0000000000
1008 -105.0000000000
1013 -104.0000000000
1015 -103.0000000000
1016 -102.0000000000
1039 -101.0000000000
1077 -100.0000000000
1096 -99.0000000000
1100 -97.0000000000
1109 -96.0000000000
1118 -95.0000000000
1134 -94.0000000000
1136 -93.0000000000
1141 -92.0000000000
1154 -91.0000000000
1155 -90.0000000000
1159 -89.0000000000
1164 -88.0000000000
1165 -87.0000000000
1168 -86.0000000000
1172 -85.0000000000
1202 -84.0000000000
1208 -83.0000000000
1215 -82.0000000000
1236 -81.0000000000
1248 -80.0000000000
1253 -79.0000000000
1308 -78.0000000000
1319 -77.0000000000
1325 -76.0000000000
1332 -75.0000000000
1333 -74.0000000000
1402 -73.0000000000
1433 -72.0000000000
1435 -71.0000000000
1463 -69.0000000000
1473 -68.0000000000
1511 -67.0000000000
1516 -66.0000000000
1568 -65.0000000000
1573 -64.0000000000
1586 -63.0000000000
1591 -62.0000000000
1635 -61.0000000000
1673 -59.0000000000
1719 -58.0000000000
1740 -57.0000000000
1786 -56.0000000000
1791 -55.0000000000
1828 -54.0000000000
1834 -53.0000000000
1841 -52.0000000000
1842 -51.0000000000
1873 -48.0000000000
1935 -47.0000000000
1939 -46.0000000000
1944 -45.0000000000
1970 -44.0000000000
1992 -43.0000000000
2033 -42.0000000000
2041 -40.0000000000
2057 -39.0000000000
2065 -38.0000000000
2076 -37.0000000000
2086 -36.0000000000
2124 -35.0000000000
2159 -34.0000000000
2257 -33.0000000000
2313 -32.0000000000
2388 -31.0000000000
2456 -30.0000000000
2457 -29.0000000000
2508 -28.0000000000
2598 -27.0000000000
2682 -26.0000000000
2698 -24.0000000000
2739 -23.0000000000
2805 -22.0000000000
2833 -21.0000000000
2854 -19.0000000000
3038 -18.0000000000
3142 -17.0000000000
3157 -16.0000000000
3164 -15.0000000000
3166 -14.0000000000
3226 -13.0000000000
3383 -12.0000000000
3447 -11.0000000000
3479 -10.0000000000
3502 -9.0000000000
3503 -8.0000000000
3524 -7.0000000000
3569 -6.0000000000
3610 -5.0000000000
3801 -4.0000000000
4011 -3.0000000000
4243 -2.0000000000
4317 -1.0000000000
4571 500.0000000000
4573 504.0000000000
4574 508.0000000000
5085 513.0000000000
5510 516.0000000000
5724 518.0000000000
8139 528.0000000000
8476 530.0000000000
13081 536.0000000000
20900 541.0000000000
22278 542.0000000000
33926 545.0000000000
55869 548.0000000000
62428 550.0000000000
64564 553.0000000000
69775 556.0000000000
100000 -1.0000000000
