evaluations raw_y
1 -209.0000000000
2 -208.0000000000
3 -207.0000000000
5 -206.0000000000
6 -205.0000000000
13 -204.0000000000
15 -203.0000000000
20 -202.0000000000
21 -201.0000000000
24 -200.0000000000
25 -199.0000000000
27 -198.0000000000
32 -197.0000000000
37 -196.0000000000
40 -195.0000000000
41 -194.0000000000
43 -193.0000000000
45 -192.0000000000
48 -191.0000000000
49 -190.0000000000
52 -189.0000000000
53 -188.0000000000
56 -187.0000000000
57 -186.0000000000
59 -185.0000000000
60 -184.0000000000
61 -183.0000000000
69 -182.0000000000
70 -181.0000000000
72 -180.0000000000
75 -179.0000000000
79 -178.0000000000
81 -177.0000000000
84 -176.0000000000
85 -175.0000000000
87 -174.0000000000
88 -173.0000000000
89 -172.0000000000
90 -171.0000000000
98 -170.0000000000
105 -169.0000000000
106 -168.0000000000
107 -167.0000000000
108 -166.0000000000
109 -165.0000000000
112 -164.0000000000
114 -163.0000000000
115 -162.0000000000
118 -161.0000000000
119 -160.0000000000
120 -159.0000000000
126 -158.0000000000
130 -157.0000000000
132 -156.0000000000
137 -155.0000000000
139 -154.0000000000
141 -153.0000000000
142 -152.0000000000
145 -151.0000000000
148 -150.0000000000
149 -149.0000000000
150 -148.0000000000
152 -147.0000000000
153 -146.0000000000
154 -145.0000000000
157 -144.0000000000
166 -143.0000000000
169 -142.0000000000
171 -141.0000000000
175 -140.0000000000
177 -139.0000000000
182 -138.0000000000
183 -137.0000000000
184 -136.0000000000
187 -135.0000000000
191 -134.0000000000
195 -133.0000000000
197 -132.0000000000
200 -131.0000000000
201 -130.0000000000
209 -129.0000000000
210 -128.0000000000
215 -127.0000000000
220 -126.0000000000
221 -125.0000000000
223 -124.0000000000
230 -123.0000000000
231 -122.0000000000
232 -121.0000000000
235 -120.0000000000
236 -119.0000000000
237 -118.0000000000
239 -117.0000000000
244 -116.0000000000
245 -115.0000000000
249 -114.0000000000
251 -113.0000000000
259 -112.0000000000
263 -111.0000000000
266 -110.0000000000
267 -109.0000000000
268 -108.0000000000
275 -107.0000000000
277 -106.0000000000
281 -105.0000000000
287 -104.0000000000
288 -103.0000000000
290 -102.0000000000
291 -101.0000000000
298 -100.0000000000
299 -99.0000000000
300 -98.0000000000
301 -97.0000000000
308 -96.0000000000
319 -95.0000000000
320 -94.0000000000
321 -93.0000000000
328 -92.0000000000
332 -91.0000000000
333 -90.0000000000
335 -89.0000000000
336 -88.0000000000
346 -87.0000000000
352 -86.0000000000
355 -85.0000000000
356 -84.0000000000
378 -83.0000000000
379 -82.0000000000
389 -81.0000000000
390 -80.0000000000
393 -79.0000000000
402 -78.0000000000
420 -77.0000000000
422 -76.0000000000
452 -75.0000000000
463 -74.0000000000
473 -73.0000000000
474 -72.0000000000
475 -71.0000000000
479 -70.0000000000
481 -69.0000000000
483 -68.0000000000
485 -67.0000000000
487 -66.0000000000
492 -65.0000000000
507 -64.0000000000
511 -63.0000000000
518 -62.0000000000
524 -61.0000000000
542 -60.0000000000
555 -59.0000000000
561 -58.0000000000
564 -57.0000000000
580 -56.0000000000
583 -55.0000000000
594 -54.0000000000
595 -53.0000000000
609 -52.0000000000
614 -51.0000000000
615 -50.0000000000
625 -49.0000000000
629 -48.0000000000
633 -47.0000000000
642 -46.0000000000
653 -45.0000000000
661 -44.0000000000
675 -43.0000000000
676 -42.0000000000
701 -41.0000000000
706 -40.0000000000
710 -39.0000000000
717 -38.0000000000
726 -37.0000000000
746 -36.0000000000
748 -35.0000000000
761 -34.0000000000
764 -33.0000000000
770 -32.0000000000
779 -31.0000000000
781 -30.0000000000
795 -29.0000000000
802 -28.0000000000
820 -27.0000000000
823 -26.0000000000
844 -25.0000000000
854 -24.0000000000
858 -23.0000000000
880 -22.0000000000
896 -21.0000000000
901 -20.0000000000
914 -19.0000000000
935 -18.0000000000
940 -17.0000000000
945 -16.0000000000
963 -15.0000000000
968 -14.0000000000
994 -13.0000000000
1006 -12.0000000000
1072 -11.0000000000
1074 -10.0000000000
1098 -9.0000000000
1101 -8.0000000000
1108 -7.0000000000
1129 -6.0000000000
1170 -5.0000000000
1189 -4.0000000000
1197 -3.0000000000
1198 -2.0000000000
1219 -1.0000000000
1323 387.0000000000
100000 -1.0000000000
evaluations raw_y
1 -195.0000000000
3 -194.0000000000
6 -193.0000000000
8 -192.0000000000
9 -191.0000000000
12 -190.0000000000
13 -189.0000000000
15 -188.0000000000
16 -187.0000000000
18 -186.0000000000
20 -185.0000000000
24 -184.0000000000
25 -183.0000000000
29 -182.0000000000
30 -181.0000000000
31 -180.0000000000
33 -179.0000000000
38 -178.0000000000
40 -177.0000000000
41 -176.0000000000
42 -175.0000000000
43 -174.0000000000
49 -173.0000000000
51 -172.0000000000
54 -171.0000000000
55 -170.0000000000
56 -169.0000000000
57 -168.0000000000
58 -167.0000000000
62 -166.0000000000
66 -165.0000000000
69 -164.0000000000
70 -163.0000000000
71 -162.0000000000
73 -161.0000000000
77 -160.0000000000
79 -159.0000000000
81 -158.0000000000
84 -157.0000000000
86 -156.0000000000
91 -155.0000000000
93 -154.0000000000
95 -153.0000000000
104 -152.0000000000
106 -151.0000000000
107 -150.0000000000
109 -149.0000000000
113 -148.0000000000
115 -147.0000000000
117 -146.0000000000
119 -145.0000000000
125 -144.0000000000
126 -143.0000000000
129 -142.0000000000
130 -141.0000000000
131 -140.0000000000
132 -139.0000000000
133 -138.0000000000
137 -137.0000000000
139 -136.0000000000
142 -135.0000000000
143 -134.0000000000
149 -133.0000000000
153 -132.0000000000
159 -131.0000000000
161 -130.0000000000
164 -129.0000000000
170 -128.0000000000
173 -127.0000000000
176 -126.0000000000
180 -125.0000000000
181 -124.0000000000
187 -123.0000000000
188 -122.0000000000
192 -121.0000000000
197 -120.0000000000
199 -119.0000000000
202 -118.0000000000
208 -117.0000000000
209 -116.0000000000
214 -115.0000000000
219 -114.0000000000
224 -113.0000000000
231 -112.0000000000
233 -111.0000000000
234 -110.0000000000
238 -109.0000000000
239 -108.0000000000
241 -107.0000000000
243 -106.0000000000
247 -105.0000000000
248 -104.0000000000
251 -103.0000000000
257 -102.0000000000
262 -101.0000000000
263 -100.0000000000
268 -99.0000000000
270 -98.0000000000
273 -97.0000000000
276 -96.0000000000
284 -95.0000000000
285 -94.0000000000
286 -93.0000000000
288 -92.0000000000
297 -91.0000000000
304 -90.0000000000
308 -89.0000000000
312 -88.0000000000
317 -87.0000000000
325 -86.0000000000
328 -85.0000000000
331 -84.0000000000
335 -83.0000000000
341 -82.0000000000
347 -81.0000000000
348 -80.0000000000
353 -79.0000000000
356 -78.0000000000
359 -77.0000000000
361 -76.0000000000
364 -75.0000000000
369 -74.0000000000
383 -73.0000000000
384 -72.0000000000
401 -71.0000000000
414 -70.0000000000
420 -69.0000000000
425 -68.0000000000
427 -67.0000000000
439 -66.0000000000
442 -65.0000000000
462 -64.0000000000
463 -63.0000000000
466 -62.0000000000
470 -61.0000000000
474 -60.0000000000
478 -59.0000000000
481 -58.0000000000
485 -57.0000000000
502 -56.0000000000
503 -55.0000000000
507 -54.0000000000
510 -53.0000000000
516 -52.0000000000
526 -51.0000000000
532 -50.0000000000
542 -49.0000000000
548 -48.0000000000
555 -47.0000000000
564 -46.0000000000
567 -45.0000000000
578 -44.0000000000
586 -43.0000000000
587 -42.0000000000
599 -41.0000000000
602 -40.0000000000
605 -39.0000000000
612 -38.0000000000
622 -37.0000000000
638 -36.0000000000
653 -35.0000000000
658 -34.0000000000
659 -33.0000000000
686 -32.0000000000
692 -31.0000000000
706 -30.0000000000
716 -29.0000000000
718 -28.0000000000
742 -27.0000000000
754 -26.0000000000
759 -25.0000000000
785 -24.0000000000
788 -23.0000000000
872 -22.0000000000
896 -21.0000000000
910 -20.0000000000
920 -19.0000000000
943 -18.0000000000
966 -17.0000000000
1011 -16.0000000000
1018 -15.0000000000
1031 -14.0000000000
1034 -13.0000000000
1035 -12.0000000000
1077 -11.0000000000
1079 -10.0000000000
1106 -9.0000000000
1119 -8.0000000000
1127 -7.0000000000
1154 -6.0000000000
1217 -5.0000000000
1218 -4.0000000000
1253 -3.0000000000
1265 -2.0000000000
1286 -1.0000000000
1343 394.0000000000
100000 -1.0000000000
evaluations raw_y
1 -220.0000000000
2 -219.0000000000
6 -218.0000000000
7 -217.0000000000
8 -216.0000000000
9 -215.0000000000
12 -214.0000000000
13 -213.0000000000
14 -212.0000000000
16 -211.0000000000
17 -210.0000000000
20 -209.0000000000
22 -208.0000000000
23 -207.0000000000
25 -206.0000000000
27 -205.0000000000
30 -204.0000000000
32 -203.0000000000
33 -202.0000000000
35 -201.0000000000
36 -200.0000000000
37 -199.0000000000
43 -198.0000000000
45 -197.0000000000
46 -196.0000000000
47 -195.0000000000
48 -194.0000000000
49 -193.0000000000
50 -192.0000000000
52 -191.0000000000
54 -190.0000000000
56 -189.0000000000
58 -188.0000000000
59 -187.0000000000
62 -186.0000000000
64 -185.0000000000
65 -184.0000000000
66 -183.0000000000
67 -182.0000000000
70 -181.0000000000
71 -180.0000000000
72 -179.0000000000
77 -178.0000000000
80 -177.0000000000
82 -176.0000000000
85 -175.0000000000
88 -174.0000000000
89 -173.0000000000
91 -172.0000000000
93 -171.0000000000
95 -170.0000000000
99 -169.0000000000
100 -168.0000000000
102 -167.0000000000
109 -166.0000000000
113 -165.0000000000
115 -164.0000000000
117 -163.0000000000
125 -162.0000000000
126 -161.0000000000
132 -160.0000000000
133 -159.0000000000
137 -158.0000000000
139 -157.0000000000
140 -156.0000000000
144 -155.0000000000
145 -154.0000000000
147 -153.0000000000
148 -152.0000000000
151 -151.0000000000
154 -150.0000000000
155 -149.0000000000
162 -148.0000000000
164 -147.0000000000
165 -146.0000000000
166 -145.0000000000
168 -144.0000000000
173 -143.0000000000
175 -142.0000000000
177 -141.0000000000
179 -140.0000000000
181 -139.0000000000
183 -138.0000000000
184 -137.0000000000
189 -136.0000000000
199 -135.0000000000
201 -134.0000000000
202 -133.0000000000
203 -132.0000000000
204 -131.0000000000
212 -130.0000000000
217 -129.0000000000
218 -128.0000000000
219 -127.0000000000
220 -126.0000000000
222 -125.0000000000
223 -124.0000000000
226 -123.0000000000
233 -122.0000000000
235 -121.0000000000
236 -120.0000000000
237 -119.0000000000
239 -118.0000000000
240 -117.0000000000
249 -116.0000000000
269 -115.0000000000
272 -114.0000000000
277 -113.0000000000
280 -112.0000000000
282 -111.0000000000
283 -110.0000000000
284 -109.0000000000
285 -108.0000000000
286 -107.0000000000
287 -106.0000000000
290 -105.0000000000
299 -104.0000000000
303 -103.0000000000
304 -102.0000000000
312 -101.0000000000
314 -100.0000000000
315 -99.0000000000
316 -98.0000000000
321 -97.0000000000
322 -96.0000000000
326 -95.0000000000
337 -94.0000000000
339 -93.0000000000
340 -92.0000000000
346 -91.0000000000
348 -90.0000000000
349 -89.0000000000
355 -88.0000000000
383 -87.0000000000
384 -86.0000000000
386 -85.0000000000
390 -84.0000000000
392 -83.0000000000
394 -82.0000000000
398 -81.0000000000
400 -80.0000000000
401 -79.0000000000
403 -78.0000000000
408 -77.0000000000
413 -76.0000000000
419 -75.0000000000
424 -74.0000000000
428 -73.0000000000
429 -72.0000000000
436 -71.0000000000
438 -70.0000000000
447 -69.0000000000
449 -68.0000000000
451 -67.0000000000
452 -66.0000000000
453 -65.0000000000
454 -64.0000000000
485 -63.0000000000
488 -62.0000000000
492 -61.0000000000
493 -60.0000000000
494 -59.0000000000
495 -58.0000000000
502 -57.0000000000
507 -56.0000000000
521 -55.0000000000
522 -54.0000000000
540 -53.0000000000
544 -52.0000000000
545 -51.0000000000
546 -50.0000000000
548 -49.0000000000
549 -48.0000000000
551 -47.0000000000
564 -46.0000000000
572 -45.0000000000
578 -44.0000000000
580 -43.0000000000
589 -42.0000000000
599 -41.0000000000
600 -40.0000000000
613 -39.0000000000
653 -38.0000000000
656 -37.0000000000
677 -36.0000000000
682 -35.0000000000
704 -34.0000000000
713 -33.0000000000
718 -32.0000000000
731 -31.0000000000
741 -30.0000000000
757 -29.0000000000
761 -28.0000000000
765 -27.0000000000
771 -26.0000000000
772 -25.0000000000
774 -24.0000000000
782 -23.0000000000
800 -22.0000000000
803 -21.0000000000
837 -20.0000000000
840 -19.0000000000
858 -18.0000000000
870 -17.0000000000
909 -16.0000000000
925 -15.0000000000
933 -14.0000000000
937 -13.0000000000
955 -12.0000000000
964 -11.0000000000
1015 -10.0000000000
1021 -9.0000000000
1058 -8.0000000000
1132 -7.0000000000
1133 -6.0000000000
1150 -5.0000000000
1160 -4.0000000000
1229 -3.0000000000
1270 -2.0000000000
1271 -1.0000000000
1289 392.0000000000
100000 -1.0000000000
evaluations raw_y
1 -195.0000000000
2 -194.0000000000
4 -193.0000000000
6 -192.0000000000
12 -191.0000000000
13 -190.0000000000
16 -189.0000000000
17 -188.0000000000
21 -187.0000000000
23 -186.0000000000
26 -185.0000000000
28 -184.0000000000
29 -183.0000000000
30 -182.0000000000
32 -181.0000000000
36 -180.0000000000
37 -179.0000000000
39 -178.0000000000
45 -177.0000000000
46 -176.0000000000
47 -175.0000000000
48 -174.0000000000
50 -173.0000000000
53 -172.0000000000
54 -171.0000000000
55 -170.0000000000
57 -169.0000000000
64 -168.0000000000
65 -167.0000000000
68 -166.0000000000
72 -165.0000000000
74 -164.0000000000
75 -163.0000000000
77 -162.0000000000
78 -161.0000000000
79 -160.0000000000
82 -159.0000000000
83 -158.0000000000
87 -157.0000000000
90 -156.0000000000
93 -155.0000000000
97 -154.0000000000
98 -153.0000000000
103 -152.0000000000
109 -151.0000000000
112 -150.0000000000
113 -149.0000000000
114 -148.0000000000
115 -147.0000000000
117 -146.0000000000
119 -145.0000000000
120 -144.0000000000
122 -143.0000000000
123 -142.0000000000
126 -141.0000000000
127 -140.0000000000
145 -139.0000000000
154 -138.0000000000
156 -137.0000000000
162 -136.0000000000
167 -135.0000000000
169 -134.0000000000
173 -133.0000000000
177 -132.0000000000
181 -131.0000000000
182 -130.0000000000
186 -129.0000000000
188 -128.0000000000
193 -127.0000000000
195 -126.0000000000
198 -125.0000000000
207 -124.0000000000
212 -123.0000000000
214 -122.0000000000
217 -121.0000000000
219 -120.0000000000
223 -119.0000000000
226 -118.0000000000
228 -117.0000000000
229 -116.0000000000
234 -115.0000000000
236 -114.0000000000
239 -113.0000000000
241 -112.0000000000
256 -111.0000000000
257 -110.0000000000
258 -109.0000000000
264 -108.0000000000
265 -107.0000000000
268 -106.0000000000
269 -105.0000000000
278 -104.0000000000
279 -103.0000000000
280 -102.0000000000
282 -101.0000000000
283 -100.0000000000
284 -99.0000000000
291 -98.0000000000
295 -97.0000000000
296 -96.0000000000
300 -95.0000000000
307 -94.0000000000
308 -93.0000000000
311 -92.0000000000
316 -91.0000000000
317 -90.0000000000
319 -89.0000000000
320 -88.0000000000
321 -87.0000000000
341 -86.0000000000
342 -85.0000000000
345 -84.0000000000
346 -83.0000000000
358 -82.0000000000
370 -81.0000000000
371 -80.0000000000
372 -79.0000000000
373 -78.0000000000
385 -77.0000000000
386 -76.0000000000
392 -75.0000000000
405 -74.0000000000
406 -73.0000000000
412 -72.0000000000
414 -71.0000000000
415 -70.0000000000
417 -69.0000000000
426 -68.0000000000
433 -67.0000000000
435 -66.0000000000
439 -65.0000000000
440 -64.0000000000
445 -63.0000000000
453 -62.0000000000
459 -61.0000000000
462 -60.0000000000
486 -59.0000000000
504 -58.0000000000
513 -57.0000000000
515 -56.0000000000
519 -55.0000000000
521 -54.0000000000
522 -53.0000000000
526 -52.0000000000
527 -51.0000000000
530 -50.0000000000
531 -49.0000000000
536 -48.0000000000
537 -47.0000000000
545 -46.0000000000
548 -45.0000000000
551 -44.0000000000
553 -43.0000000000
559 -42.0000000000
561 -41.0000000000
579 -40.0000000000
600 -39.0000000000
607 -38.0000000000
615 -37.0000000000
646 -36.0000000000
651 -35.0000000000
654 -34.0000000000
675 -33.0000000000
676 -32.0000000000
681 -31.0000000000
683 -30.0000000000
687 -29.0000000000
695 -28.0000000000
713 -27.0000000000
717 -26.0000000000
723 -25.0000000000
732 -24.0000000000
756 -23.0000000000
773 -22.0000000000
831 -21.0000000000
840 -20.0000000000
853 -19.0000000000
884 -18.0000000000
895 -17.0000000000
912 -16.0000000000
942 -15.0000000000
950 -14.0000000000
976 -13.0000000000
990 -12.0000000000
1004 -11.0000000000
1101 -10.0000000000
1105 -9.0000000000
1152 -8.0000000000
1201 -7.0000000000
1208 -6.0000000000
1217 -5.0000000000
1256 -4.0000000000
1274 -3.0000000000
1311 -2.0000000000
1340 -1.0000000000
1375 379.0000000000
100000 -1.0000000000
evaluations raw_y
1 -195.0000000000
3 -194.0000000000
7 -193.0000000000
10 -192.0000000000
11 -191.0000000000
12 -190.0000000000
15 -189.0000000000
16 -188.0000000000
18 -187.0000000000
19 -186.0000000000
21 -185.0000000000
22 -184.0000000000
23 -183.0000000000
27 -182.0000000000
30 -181.0000000000
31 -180.0000000000
35 -179.0000000000
37 -178.0000000000
38 -177.0000000000
39 -176.0000000000
42 -175.0000000000
47 -174.0000000000
56 -173.0000000000
59 -172.0000000000
61 -171.0000000000
78 -170.0000000000
84 -169.0000000000
85 -168.0000000000
90 -167.0000000000
101 -166.0000000000
102 -165.0000000000
105 -164.0000000000
111 -163.0000000000
114 -162.0000000000
120 -161.0000000000
123 -160.0000000000
124 -159.0000000000
125 -158.0000000000
129 -157.0000000000
131 -156.0000000000
135 -155.0000000000
136 -154.0000000000
139 -153.0000000000
141 -152.0000000000
142 -151.0000000000
144 -150.0000000000
147 -149.0000000000
150 -148.0000000000
152 -147.0000000000
159 -146.0000000000
162 -145.0000000000
163 -144.0000000000
164 -143.0000000000
166 -142.0000000000
168 -141.0000000000
169 -140.0000000000
170 -139.0000000000
171 -138.0000000000
173 -137.0000000000
175 -136.0000000000
177 -135.0000000000
178 -134.0000000000
179 -133.0000000000
182 -132.0000000000
189 -131.0000000000
192 -130.0000000000
197 -129.0000000000
201 -128.0000000000
205 -127.0000000000
206 -126.0000000000
210 -125.0000000000
211 -124.0000000000
213 -123.0000000000
214 -122.0000000000
217 -121.0000000000
222 -120.0000000000
226 -119.0000000000
229 -118.0000000000
233 -117.0000000000
238 -116.0000000000
239 -115.0000000000
240 -114.0000000000
241 -113.0000000000
251 -112.0000000000
253 -111.0000000000
256 -110.0000000000
259 -109.0000000000
261 -108.0000000000
265 -107.0000000000
270 -106.0000000000
275 -105.0000000000
277 -104.0000000000
279 -103.0000000000
280 -102.0000000000
283 -101.0000000000
284 -100.0000000000
300 -99.0000000000
301 -98.0000000000
302 -97.0000000000
307 -96.0000000000
314 -95.0000000000
319 -94.0000000000
323 -93.0000000000
328 -92.0000000000
341 -91.0000000000
342 -90.0000000000
343 -89.0000000000
350 -88.0000000000
354 -87.0000000000
363 -86.0000000000
367 -85.0000000000
369 -84.0000000000
372 -83.0000000000
373 -82.0000000000
374 -81.0000000000
376 -80.0000000000
377 -79.0000000000
392 -78.0000000000
394 -77.0000000000
396 -76.0000000000
413 -75.0000000000
419 -74.0000000000
430 -73.0000000000
433 -72.0000000000
435 -71.0000000000
445 -70.0000000000
451 -69.0000000000
463 -68.0000000000
468 -67.0000000000
483 -66.0000000000
484 -65.0000000000
495 -64.0000000000
502 -63.0000000000
514 -62.0000000000
516 -61.0000000000
517 -60.0000000000
532 -59.0000000000
540 -58.0000000000
541 -57.0000000000
552 -56.0000000000
565 -55.0000000000
567 -54.0000000000
577 -53.0000000000
579 -52.0000000000
597 -51.0000000000
602 -50.0000000000
606 -49.0000000000
614 -48.0000000000
616 -47.0000000000
618 -46.0000000000
621 -45.0000000000
627 -44.0000000000
629 -43.0000000000
630 -42.0000000000
634 -41.0000000000
640 -40.0000000000
649 -39.0000000000
668 -38.0000000000
671 -37.0000000000
674 -36.0000000000
680 -35.0000000000
703 -34.0000000000
704 -33.0000000000
709 -32.0000000000
712 -31.0000000000
715 -30.0000000000
718 -29.0000000000
724 -28.0000000000
728 -27.0000000000
738 -26.0000000000
797 -25.0000000000
805 -24.0000000000
811 -23.0000000000
860 -22.0000000000
883 -21.0000000000
892 -20.0000000000
894 -19.0000000000
928 -18.0000000000
933 -17.0000000000
939 -16.0000000000
973 -15.0000000000
982 -14.0000000000
994 -13.0000000000
1014 -12.0000000000
1028 -11.0000000000
1041 -10.0000000000
1046 -9.0000000000
1049 -8.0000000000
1051 -7.0000000000
1062 -6.0000000000
1089 -5.0000000000
1111 -4.0000000000
1117 -3.0000000000
1192 -2.0000000000
1212 -1.0000000000
1278 387.0000000000
100000 -1.0000000000
evaluations raw_y
1 -212.0000000000
2 -211.0000000000
3 -210.0000000000
5 -209.0000000000
6 -208.0000000000
8 -207.0000000000
9 -206.0000000000
11 -205.0000000000
13 -204.0000000000
14 -203.0000000000
15 -202.0000000000
16 -201.0000000000
17 -200.0000000000
18 -199.0000000000
20 -198.0000000000
24 -197.0000000000
26 -196.0000000000
28 -195.0000000000
30 -194.0000000000
32 -193.0000000000
34 -192.0000000000
35 -191.0000000000
38 -190.0000000000
42 -189.0000000000
45 -188.0000000000
46 -187.0000000000
48 -186.0000000000
59 -185.0000000000
65 -184.0000000000
66 -183.0000000000
68 -182.0000000000
75 -181.0000000000
76 -180.0000000000
77 -179.0000000000
80 -178.0000000000
83 -177.0000000000
84 -176.0000000000
85 -175.0000000000
86 -174.0000000000
87 -173.0000000000
89 -172.0000000000
92 -171.0000000000
94 -170.0000000000
95 -169.0000000000
101 -168.0000000000
102 -167.0000000000
103 -166.0000000000
104 -165.0000000000
105 -164.0000000000
107 -163.0000000000
120 -162.0000000000
132 -161.0000000000
134 -160.0000000000
135 -159.0000000000
140 -158.0000000000
142 -157.0000000000
144 -156.0000000000
147 -155.0000000000
148 -154.0000000000
151 -153.0000000000
152 -152.0000000000
155 -151.0000000000
157 -150.0000000000
159 -149.0000000000
160 -148.0000000000
162 -147.0000000000
163 -146.0000000000
165 -145.0000000000
168 -144.0000000000
169 -143.0000000000
175 -142.0000000000
188 -141.0000000000
189 -140.0000000000
190 -139.0000000000
191 -138.0000000000
194 -137.0000000000
199 -136.0000000000
200 -135.0000000000
206 -134.0000000000
208 -133.0000000000
210 -132.0000000000
220 -131.0000000000
228 -130.0000000000
230 -129.0000000000
233 -128.0000000000
234 -127.0000000000
237 -126.0000000000
245 -125.0000000000
247 -124.0000000000
248 -123.0000000000
249 -122.0000000000
250 -121.0000000000
252 -120.0000000000
253 -119.0000000000
254 -118.0000000000
257 -117.0000000000
258 -116.0000000000
259 -115.0000000000
264 -114.0000000000
268 -113.0000000000
275 -112.0000000000
280 -111.0000000000
286 -110.0000000000
294 -109.0000000000
296 -108.0000000000
298 -107.0000000000
308 -106.0000000000
310 -105.0000000000
311 -104.0000000000
312 -103.0000000000
314 -102.0000000000
321 -101.0000000000
322 -100.0000000000
324 -99.0000000000
328 -98.0000000000
331 -97.0000000000
332 -96.0000000000
335 -95.0000000000
339 -94.0000000000
341 -93.0000000000
351 -92.0000000000
360 -91.0000000000
361 -90.0000000000
364 -89.0000000000
367 -88.0000000000
376 -87.0000000000
379 -86.0000000000
380 -85.0000000000
386 -84.0000000000
389 -83.0000000000
391 -82.0000000000
393 -81.0000000000
398 -80.0000000000
409 -79.0000000000
412 -78.0000000000
416 -77.0000000000
419 -76.0000000000
420 -75.0000000000
422 -74.0000000000
427 -73.0000000000
430 -72.0000000000
436 -71.0000000000
438 -70.0000000000
439 -69.0000000000
447 -68.0000000000
450 -67.0000000000
454 -66.0000000000
459 -65.0000000000
461 -64.0000000000
464 -63.0000000000
483 -62.0000000000
486 -61.0000000000
504 -60.0000000000
508 -59.0000000000
512 -58.0000000000
514 -57.0000000000
547 -56.0000000000
559 -55.0000000000
566 -54.0000000000
568 -53.0000000000
582 -52.0000000000
591 -51.0000000000
596 -50.0000000000
602 -49.0000000000
603 -48.0000000000
611 -47.0000000000
628 -46.0000000000
629 -45.0000000000
631 -44.0000000000
634 -43.0000000000
637 -42.0000000000
647 -41.0000000000
655 -40.0000000000
658 -39.0000000000
661 -38.0000000000
669 -37.0000000000
678 -36.0000000000
686 -35.0000000000
688 -34.0000000000
703 -33.0000000000
718 -32.0000000000
729 -31.0000000000
738 -30.0000000000
762 -29.0000000000
775 -28.0000000000
777 -27.0000000000
778 -26.0000000000
807 -25.0000000000
814 -24.0000000000
821 -23.0000000000
853 -22.0000000000
867 -21.0000000000
871 -20.0000000000
926 -19.0000000000
950 -18.0000000000
984 -17.0000000000
988 -16.0000000000
990 -15.0000000000
1000 -14.0000000000
1003 -13.0000000000
1039 -12.0000000000
1040 -11.0000000000
1077 -10.0000000000
1089 -9.0000000000
1096 -8.0000000000
1098 -7.0000000000
1134 -6.0000000000
1135 -5.0000000000
1193 -4.0000000000
1214 -3.0000000000
1256 -2.0000000000
1271 -1.0000000000
1299 388.0000000000
100000 -1.0000000000
evaluations raw_y
1 -210.0000000000
2 -209.0000000000
3 -208.0000000000
4 -207.0000000000
9 -206.0000000000
12 -205.0000000000
14 -204.0000000000
16 -203.0000000000
17 -202.0000000000
19 -201.0000000000
21 -200.0000000000
22 -199.0000000000
24 -198.0000000000
29 -197.0000000000
31 -196.0000000000
32 -195.0000000000
33 -194.0000000000
35 -193.0000000000
39 -192.0000000000
44 -191.0000000000
45 -190.0000000000
46 -189.0000000000
50 -188.0000000000
52 -187.0000000000
54 -186.0000000000
57 -185.0000000000
59 -184.0000000000
62 -183.0000000000
63 -182.0000000000
69 -181.0000000000
71 -180.0000000000
73 -179.0000000000
76 -178.0000000000
78 -177.0000000000
81 -176.0000000000
83 -175.0000000000
84 -174.0000000000
85 -173.0000000000
86 -172.0000000000
88 -171.0000000000
90 -170.0000000000
91 -169.0000000000
95 -168.0000000000
98 -167.0000000000
101 -166.0000000000
103 -165.0000000000
106 -164.0000000000
110 -163.0000000000
116 -162.0000000000
117 -161.0000000000
120 -160.0000000000
121 -159.0000000000
136 -158.0000000000
138 -157.0000000000
140 -156.0000000000
141 -155.0000000000
155 -154.0000000000
156 -153.0000000000
157 -152.0000000000
158 -151.0000000000
159 -150.0000000000
160 -149.0000000000
161 -148.0000000000
163 -147.0000000000
165 -146.0000000000
168 -145.0000000000
169 -144.0000000000
170 -143.0000000000
171 -142.0000000000
175 -141.0000000000
176 -140.0000000000
178 -139.0000000000
180 -138.0000000000
181 -137.0000000000
185 -136.0000000000
188 -135.0000000000
189 -134.0000000000
191 -133.0000000000
192 -132.0000000000
194 -131.0000000000
208 -130.0000000000
211 -129.0000000000
212 -128.0000000000
213 -127.0000000000
215 -126.0000000000
217 -125.0000000000
222 -124.0000000000
226 -123.0000000000
230 -122.0000000000
238 -121.0000000000
239 -120.0000000000
241 -119.0000000000
243 -118.0000000000
246 -117.0000000000
248 -116.0000000000
251 -115.0000000000
252 -114.0000000000
258 -113.0000000000
260 -112.0000000000
265 -111.0000000000
266 -110.0000000000
271 -109.0000000000
275 -108.0000000000
276 -107.0000000000
282 -106.0000000000
284 -105.0000000000
286 -104.0000000000
290 -103.0000000000
291 -102.0000000000
299 -101.0000000000
303 -100.0000000000
305 -99.0000000000
310 -98.0000000000
315 -97.0000000000
318 -96.0000000000
323 -95.0000000000
325 -94.0000000000
329 -93.0000000000
333 -92.0000000000
338 -91.0000000000
340 -90.0000000000
343 -89.0000000000
346 -88.0000000000
347 -87.0000000000
352 -86.0000000000
356 -85.0000000000
357 -84.0000000000
358 -83.0000000000
368 -82.0000000000
376 -81.0000000000
385 -80.0000000000
394 -79.0000000000
408 -78.0000000000
409 -77.0000000000
411 -76.0000000000
415 -75.0000000000
429 -74.0000000000
430 -73.0000000000
434 -72.0000000000
441 -71.0000000000
444 -70.0000000000
454 -69.0000000000
455 -68.0000000000
457 -67.0000000000
463 -66.0000000000
466 -65.0000000000
467 -64.0000000000
470 -63.0000000000
482 -62.0000000000
486 -61.0000000000
496 -60.0000000000
498 -59.0000000000
501 -58.0000000000
506 -57.0000000000
510 -56.0000000000
515 -55.0000000000
517 -54.0000000000
528 -53.0000000000
548 -52.0000000000
557 -51.0000000000
561 -50.0000000000
566 -49.0000000000
574 -48.0000000000
578 -47.0000000000
588 -46.0000000000
597 -45.0000000000
616 -44.0000000000
617 -43.0000000000
621 -42.0000000000
624 -41.0000000000
629 -40.0000000000
635 -39.0000000000
643 -38.0000000000
652 -37.0000000000
662 -36.0000000000
665 -35.0000000000
668 -34.0000000000
677 -33.0000000000
680 -32.0000000000
682 -31.0000000000
693 -30.0000000000
704 -29.0000000000
708 -28.0000000000
709 -27.0000000000
733 -26.0000000000
749 -25.0000000000
781 -24.0000000000
794 -23.0000000000
802 -22.0000000000
846 -21.0000000000
873 -20.0000000000
895 -19.0000000000
913 -18.0000000000
938 -17.0000000000
947 -16.0000000000
948 -15.0000000000
949 -14.0000000000
960 -13.0000000000
964 -12.0000000000
979 -11.0000000000
996 -10.0000000000
1001 -9.0000000000
1026 -8.0000000000
1048 -7.0000000000
1072 -6.0000000000
1075 -5.0000000000
1110 -4.0000000000
1112 -3.0000000000
1168 -2.0000000000
1205 -1.0000000000
1248 402.0000000000
100000 396.0000000000
evaluations raw_y
1 -203.0000000000
2 -202.0000000000
4 -201.0000000000
6 -200.0000000000
8 -199.0000000000
9 -198.0000000000
11 -197.0000000000
12 -196.0000000000
17 -195.0000000000
18 -194.0000000000
19 -193.0000000000
20 -192.0000000000
21 -191.0000000000
24 -190.0000000000
26 -189.0000000000
27 -188.0000000000
28 -187.0000000000
29 -186.0000000000
33 -185.0000000000
34 -184.0000000000
42 -183.0000000000
43 -182.0000000000
44 -181.0000000000
45 -180.0000000000
46 -179.0000000000
50 -178.0000000000
52 -177.0000000000
53 -176.0000000000
55 -175.0000000000
57 -174.0000000000
60 -173.0000000000
61 -172.0000000000
64 -171.0000000000
65 -170.0000000000
68 -169.0000000000
70 -168.0000000000
71 -167.0000000000
73 -166.0000000000
74 -165.0000000000
77 -164.0000000000
81 -163.0000000000
83 -162.0000000000
84 -161.0000000000
88 -160.0000000000
90 -159.0000000000
98 -158.0000000000
100 -157.0000000000
101 -156.0000000000
102 -155.0000000000
104 -154.0000000000
108 -153.0000000000
109 -152.0000000000
110 -151.0000000000
112 -150.0000000000
116 -149.0000000000
126 -148.0000000000
128 -147.0000000000
129 -146.0000000000
130 -145.0000000000
137 -144.0000000000
140 -143.0000000000
141 -142.0000000000
145 -141.0000000000
148 -140.0000000000
155 -139.0000000000
156 -138.0000000000
158 -137.0000000000
159 -136.0000000000
160 -135.0000000000
161 -134.0000000000
162 -133.0000000000
163 -132.0000000000
164 -131.0000000000
166 -130.0000000000
172 -129.0000000000
174 -128.0000000000
175 -127.0000000000
177 -126.0000000000
179 -125.0000000000
186 -124.0000000000
195 -123.0000000000
196 -122.0000000000
208 -121.0000000000
209 -120.0000000000
214 -119.0000000000
215 -118.0000000000
218 -117.0000000000
222 -116.0000000000
223 -115.0000000000
224 -114.0000000000
228 -113.0000000000
232 -112.0000000000
235 -111.0000000000
240 -110.0000000000
248 -109.0000000000
249 -108.0000000000
250 -107.0000000000
254 -106.0000000000
258 -105.0000000000
264 -104.0000000000
266 -103.0000000000
268 -102.0000000000
272 -101.0000000000
280 -100.0000000000
292 -99.0000000000
297 -98.0000000000
299 -97.0000000000
301 -96.0000000000
304 -95.0000000000
322 -94.0000000000
324 -93.0000000000
342 -92.0000000000
343 -91.0000000000
344 -90.0000000000
346 -89.0000000000
347 -88.0000000000
359 -87.0000000000
360 -86.0000000000
381 -85.0000000000
383 -84.0000000000
387 -83.0000000000
388 -82.0000000000
394 -81.0000000000
395 -80.0000000000
400 -79.0000000000
411 -78.0000000000
417 -77.0000000000
421 -76.0000000000
425 -75.0000000000
426 -74.0000000000
427 -73.0000000000
430 -72.0000000000
434 -71.0000000000
438 -70.0000000000
446 -69.0000000000
447 -68.0000000000
450 -67.0000000000
458 -66.0000000000
459 -65.0000000000
466 -64.0000000000
471 -63.0000000000
481 -62.0000000000
487 -61.0000000000
493 -60.0000000000
494 -59.0000000000
497 -58.0000000000
500 -57.0000000000
502 -56.0000000000
505 -55.0000000000
507 -54.0000000000
509 -53.0000000000
513 -52.0000000000
522 -51.0000000000
526 -50.0000000000
534 -49.0000000000
561 -48.0000000000
563 -47.0000000000
564 -46.0000000000
578 -45.0000000000
582 -44.0000000000
583 -43.0000000000
589 -42.0000000000
595 -41.0000000000
600 -40.0000000000
626 -39.0000000000
632 -38.0000000000
639 -37.0000000000
653 -36.0000000000
654 -35.0000000000
673 -34.0000000000
689 -33.0000000000
704 -32.0000000000
723 -31.0000000000
727 -30.0000000000
741 -29.0000000000
743 -28.0000000000
745 -27.0000000000
748 -26.0000000000
759 -25.0000000000
764 -24.0000000000
812 -23.0000000000
815 -22.0000000000
824 -21.0000000000
829 -20.0000000000
840 -19.0000000000
862 -18.0000000000
868 -17.0000000000
917 -16.0000000000
942 -15.0000000000
967 -14.0000000000
1009 -13.0000000000
1027 -12.0000000000
1052 -11.0000000000
1057 -10.0000000000
1080 -9.0000000000
1090 -8.0000000000
1122 -7.0000000000
1173 -6.0000000000
1174 -5.0000000000
1192 -4.0000000000
1193 -3.0000000000
1198 -2.0000000000
1270 -1.0000000000
1301 386.0000000000
100000 -1.0000000000
evaluations raw_y
1 -204.0000000000
5 -203.0000000000
6 -202.0000000000
8 -201.0000000000
9 -200.0000000000
15 -199.0000000000
16 -198.0000000000
18 -197.0000000000
21 -196.0000000000
24 -195.0000000000
26 -194.0000000000
30 -193.0000000000
31 -192.0000000000
34 -191.0000000000
36 -190.0000000000
43 -189.0000000000
45 -188.0000000000
47 -187.0000000000
55 -186.0000000000
57 -185.0000000000
59 -184.0000000000
61 -183.0000000000
62 -182.0000000000
64 -181.0000000000
70 -180.0000000000
72 -179.0000000000
73 -178.0000000000
77 -177.0000000000
84 -176.0000000000
89 -175.0000000000
91 -174.0000000000
92 -173.0000000000
97 -172.0000000000
98 -171.0000000000
100 -170.0000000000
102 -169.0000000000
105 -168.0000000000
111 -167.0000000000
117 -166.0000000000
118 -165.0000000000
121 -164.0000000000
126 -163.0000000000
127 -162.0000000000
130 -161.0000000000
131 -160.0000000000
132 -159.0000000000
134 -158.0000000000
140 -157.0000000000
141 -156.0000000000
142 -155.0000000000
147 -154.0000000000
148 -153.0000000000
149 -152.0000000000
154 -151.0000000000
155 -150.0000000000
157 -149.0000000000
161 -148.0000000000
162 -147.0000000000
164 -146.0000000000
165 -145.0000000000
168 -144.0000000000
172 -143.0000000000
174 -142.0000000000
179 -141.0000000000
180 -140.0000000000
182 -139.0000000000
188 -138.0000000000
190 -137.0000000000
191 -136.0000000000
193 -135.0000000000
200 -134.0000000000
207 -133.0000000000
213 -132.0000000000
214 -131.0000000000
217 -130.0000000000
218 -129.0000000000
223 -128.0000000000
224 -127.0000000000
226 -126.0000000000
229 -125.0000000000
240 -124.0000000000
244 -123.0000000000
246 -122.0000000000
248 -121.0000000000
254 -120.0000000000
257 -119.0000000000
264 -118.0000000000
265 -117.0000000000
267 -116.0000000000
272 -115.0000000000
273 -114.0000000000
276 -113.0000000000
279 -112.0000000000
287 -111.0000000000
288 -110.0000000000
290 -109.0000000000
291 -108.0000000000
299 -107.0000000000
305 -106.0000000000
306 -105.0000000000
310 -104.0000000000
320 -103.0000000000
325 -102.0000000000
328 -101.0000000000
332 -100.0000000000
334 -99.0000000000
337 -98.0000000000
339 -97.0000000000
356 -96.0000000000
371 -95.0000000000
374 -94.0000000000
381 -93.0000000000
386 -92.0000000000
401 -91.0000000000
402 -90.0000000000
419 -89.0000000000
430 -88.0000000000
435 -87.0000000000
437 -86.0000000000
440 -85.0000000000
443 -84.0000000000
449 -83.0000000000
452 -82.0000000000
460 -81.0000000000
464 -80.0000000000
475 -79.0000000000
476 -78.0000000000
477 -77.0000000000
482 -76.0000000000
484 -75.0000000000
486 -74.0000000000
488 -73.0000000000
495 -72.0000000000
496 -71.0000000000
501 -70.0000000000
514 -69.0000000000
518 -68.0000000000
519 -67.0000000000
526 -66.0000000000
530 -65.0000000000
531 -64.0000000000
540 -63.0000000000
565 -62.0000000000
571 -61.0000000000
580 -60.0000000000
583 -59.0000000000
587 -58.0000000000
608 -57.0000000000
618 -56.0000000000
624 -55.0000000000
625 -54.0000000000
633 -53.0000000000
636 -52.0000000000
655 -51.0000000000
659 -50.0000000000
661 -49.0000000000
674 -48.0000000000
697 -47.0000000000
712 -46.0000000000
718 -45.0000000000
730 -44.0000000000
736 -43.0000000000
742 -42.0000000000
753 -41.0000000000
754 -40.0000000000
770 -39.0000000000
794 -38.0000000000
798 -37.0000000000
815 -36.0000000000
819 -35.0000000000
829 -34.0000000000
835 -33.0000000000
851 -32.0000000000
855 -31.0000000000
874 -30.0000000000
899 -29.0000000000
900 -28.0000000000
902 -27.0000000000
929 -26.0000000000
941 -25.0000000000
945 -24.0000000000
947 -23.0000000000
951 -22.0000000000
960 -21.0000000000
961 -20.0000000000
963 -19.0000000000
966 -18.0000000000
967 -17.0000000000
1015 -16.0000000000
1030 -15.0000000000
1055 -14.0000000000
1072 -13.0000000000
1143 -12.0000000000
1178 -11.0000000000
1179 -10.0000000000
1198 -9.0000000000
1260 -8.0000000000
1341 -7.0000000000
1354 -6.0000000000
1373 -5.0000000000
1377 -4.0000000000
1443 -3.0000000000
1459 -2.0000000000
1465 -1.0000000000
1809 385.0000000000
100000 -1.0000000000
evaluations raw_y
1 -192.0000000000
4 -191.0000000000
6 -190.0000000000
9 -189.0000000000
10 -188.0000000000
11 -187.0000000000
13 -186.0000000000
16 -185.0000000000
19 -184.0000000000
20 -183.0000000000
23 -182.0000000000
26 -181.0000000000
28 -180.0000000000
32 -179.0000000000
33 -178.0000000000
38 -177.0000000000
40 -176.0000000000
42 -175.0000000000
43 -174.0000000000
47 -173.0000000000
50 -172.0000000000
54 -171.0000000000
55 -170.0000000000
57 -169.0000000000
58 -168.0000000000
59 -167.0000000000
60 -166.0000000000
61 -165.0000000000
64 -164.0000000000
66 -163.0000000000
68 -162.0000000000
69 -161.0000000000
71 -160.0000000000
73 -159.0000000000
76 -158.0000000000
77 -157.0000000000
78 -156.0000000000
80 -155.0000000000
94 -154.0000000000
104 -153.0000000000
105 -152.0000000000
106 -151.0000000000
109 -150.0000000000
110 -149.0000000000
112 -148.0000000000
116 -147.0000000000
126 -146.0000000000
128 -145.0000000000
130 -144.0000000000
131 -143.0000000000
137 -142.0000000000
139 -141.0000000000
142 -140.0000000000
143 -139.0000000000
144 -138.0000000000
149 -137.0000000000
151 -136.0000000000
154 -135.0000000000
160 -134.0000000000
162 -133.0000000000
163 -132.0000000000
165 -131.0000000000
167 -130.0000000000
173 -129.0000000000
177 -128.0000000000
178 -127.0000000000
181 -126.0000000000
184 -125.0000000000
186 -124.0000000000
189 -123.0000000000
204 -122.0000000000
205 -121.0000000000
206 -120.0000000000
209 -119.0000000000
210 -118.0000000000
212 -117.0000000000
214 -116.0000000000
216 -115.0000000000
226 -114.0000000000
230 -113.0000000000
231 -112.0000000000
233 -111.0000000000
235 -110.0000000000
237 -109.0000000000
241 -108.0000000000
260 -107.0000000000
263 -106.0000000000
266 -105.0000000000
268 -104.0000000000
270 -103.0000000000
272 -102.0000000000
286 -101.0000000000
290 -100.0000000000
298 -99.0000000000
300 -98.0000000000
302 -97.0000000000
303 -96.0000000000
309 -95.0000000000
311 -94.0000000000
316 -93.0000000000
320 -92.0000000000
327 -91.0000000000
329 -90.0000000000
337 -89.0000000000
339 -88.0000000000
341 -87.0000000000
345 -86.0000000000
348 -85.0000000000
350 -84.0000000000
351 -83.0000000000
361 -82.0000000000
362 -81.0000000000
372 -80.0000000000
373 -79.0000000000
380 -78.0000000000
384 -77.0000000000
387 -76.0000000000
393 -75.0000000000
397 -74.0000000000
399 -73.0000000000
400 -72.0000000000
402 -71.0000000000
403 -70.0000000000
417 -69.0000000000
418 -68.0000000000
428 -67.0000000000
435 -66.0000000000
437 -65.0000000000
439 -64.0000000000
442 -63.0000000000
447 -62.0000000000
448 -61.0000000000
456 -60.0000000000
461 -59.0000000000
472 -58.0000000000
475 -57.0000000000
481 -56.0000000000
484 -55.0000000000
486 -54.0000000000
491 -53.0000000000
497 -52.0000000000
498 -51.0000000000
511 -50.0000000000
512 -49.0000000000
518 -48.0000000000
526 -47.0000000000
527 -46.0000000000
536 -45.0000000000
552 -44.0000000000
559 -43.0000000000
560 -42.0000000000
571 -41.0000000000
573 -40.0000000000
602 -39.0000000000
614 -38.0000000000
621 -37.0000000000
628 -36.0000000000
637 -35.0000000000
646 -34.0000000000
647 -33.0000000000
670 -32.0000000000
673 -31.0000000000
683 -30.0000000000
693 -29.0000000000
694 -28.0000000000
695 -27.0000000000
696 -26.0000000000
705 -25.0000000000
715 -24.0000000000
727 -23.0000000000
763 -22.0000000000
764 -21.0000000000
765 -20.0000000000
815 -19.0000000000
828 -18.0000000000
829 -17.0000000000
847 -16.0000000000
870 -15.0000000000
872 -14.0000000000
892 -13.0000000000
895 -12.0000000000
901 -11.0000000000
936 -10.0000000000
973 -9.0000000000
985 -8.0000000000
1019 -7.0000000000
1022 -6.0000000000
1044 -5.0000000000
1072 -4.0000000000
1082 -3.0000000000
1172 -2.0000000000
1228 -1.0000000000
1262 384.0000000000
100000 -1.0000000000
evaluations raw_y
1 -207.0000000000
3 -206.0000000000
8 -205.0000000000
9 -204.0000000000
10 -203.0000000000
15 -202.0000000000
17 -201.0000000000
20 -200.0000000000
25 -199.0000000000
26 -198.0000000000
27 -197.0000000000
29 -196.0000000000
32 -195.0000000000
35 -194.0000000000
36 -193.0000000000
39 -192.0000000000
45 -191.0000000000
47 -190.0000000000
49 -189.0000000000
51 -188.0000000000
54 -187.0000000000
55 -186.0000000000
56 -185.0000000000
59 -184.0000000000
61 -183.0000000000
63 -182.0000000000
64 -181.0000000000
65 -180.0000000000
68 -179.0000000000
71 -178.0000000000
72 -177.0000000000
77 -176.0000000000
80 -175.0000000000
81 -174.0000000000
83 -173.0000000000
84 -172.0000000000
88 -171.0000000000
91 -170.0000000000
93 -169.0000000000
98 -168.0000000000
100 -167.0000000000
103 -166.0000000000
105 -165.0000000000
106 -164.0000000000
109 -163.0000000000
112 -162.0000000000
113 -161.0000000000
115 -160.0000000000
116 -159.0000000000
117 -158.0000000000
119 -157.0000000000
120 -156.0000000000
121 -155.0000000000
122 -154.0000000000
126 -153.0000000000
129 -152.0000000000
130 -151.0000000000
136 -150.0000000000
137 -149.0000000000
139 -148.0000000000
141 -147.0000000000
145 -146.0000000000
148 -145.0000000000
157 -144.0000000000
159 -143.0000000000
160 -142.0000000000
161 -141.0000000000
166 -140.0000000000
168 -139.0000000000
170 -138.0000000000
174 -137.0000000000
176 -136.0000000000
180 -135.0000000000
182 -134.0000000000
184 -133.0000000000
185 -132.0000000000
186 -131.0000000000
187 -130.0000000000
191 -129.0000000000
192 -128.0000000000
195 -127.0000000000
196 -126.0000000000
197 -125.0000000000
198 -124.0000000000
201 -123.0000000000
208 -122.0000000000
211 -121.0000000000
212 -120.0000000000
214 -119.0000000000
217 -118.0000000000
218 -117.0000000000
223 -116.0000000000
227 -115.0000000000
229 -114.0000000000
230 -113.0000000000
234 -112.0000000000
237 -111.0000000000
244 -110.0000000000
245 -109.0000000000
246 -108.0000000000
249 -107.0000000000
250 -106.0000000000
251 -105.0000000000
253 -104.0000000000
255 -103.0000000000
256 -102.0000000000
257 -101.0000000000
260 -100.0000000000
264 -99.0000000000
268 -98.0000000000
274 -97.0000000000
283 -96.0000000000
285 -95.0000000000
290 -94.0000000000
291 -93.0000000000
298 -92.0000000000
299 -91.0000000000
303 -90.0000000000
304 -89.0000000000
311 -88.0000000000
317 -87.0000000000
321 -86.0000000000
322 -85.0000000000
335 -84.0000000000
338 -83.0000000000
350 -82.0000000000
352 -81.0000000000
355 -80.0000000000
359 -79.0000000000
365 -78.0000000000
379 -77.0000000000
384 -76.0000000000
386 -75.0000000000
391 -74.0000000000
419 -73.0000000000
424 -72.0000000000
434 -71.0000000000
439 -70.0000000000
441 -69.0000000000
442 -68.0000000000
443 -67.0000000000
448 -66.0000000000
451 -65.0000000000
456 -64.0000000000
460 -63.0000000000
461 -62.0000000000
463 -61.0000000000
466 -60.0000000000
473 -59.0000000000
475 -58.0000000000
485 -57.0000000000
516 -56.0000000000
518 -55.0000000000
520 -54.0000000000
534 -53.0000000000
537 -52.0000000000
540 -51.0000000000
543 -50.0000000000
560 -49.0000000000
570 -48.0000000000
586 -47.0000000000
599 -46.0000000000
610 -45.0000000000
612 -44.0000000000
638 -43.0000000000
661 -42.0000000000
673 -41.0000000000
684 -40.0000000000
689 -39.0000000000
699 -38.0000000000
705 -37.0000000000
710 -36.0000000000
714 -35.0000000000
720 -34.0000000000
730 -33.0000000000
734 -32.0000000000
757 -31.0000000000
764 -30.0000000000
782 -29.0000000000
785 -28.0000000000
824 -27.0000000000
839 -26.0000000000
848 -25.0000000000
855 -24.0000000000
860 -23.0000000000
865 -22.0000000000
874 -21.0000000000
879 -20.0000000000
899 -19.0000000000
905 -18.0000000000
911 -17.0000000000
919 -16.0000000000
922 -15.0000000000
934 -14.0000000000
945 -13.0000000000
973 -12.0000000000
979 -11.0000000000
993 -10.0000000000
1019 -9.0000000000
1042 -8.0000000000
1044 -7.0000000000
1058 -6.0000000000
1073 -5.0000000000
1105 -4.0000000000
1108 -3.0000000000
1113 -2.0000000000
1151 -1.0000000000
1214 386.0000000000
100000 -1.0000000000
evaluations raw_y
1 -201.0000000000
6 -200.0000000000
8 -199.0000000000
12 -198.0000000000
13 -197.0000000000
16 -196.0000000000
18 -195.0000000000
20 -194.0000000000
21 -193.0000000000
22 -192.0000000000
24 -191.0000000000
27 -190.0000000000
29 -189.0000000000
38 -188.0000000000
39 -187.0000000000
41 -186.0000000000
42 -185.0000000000
43 -184.0000000000
46 -183.0000000000
51 -182.0000000000
52 -181.0000000000
54 -180.0000000000
59 -179.0000000000
61 -178.0000000000
63 -177.0000000000
65 -176.0000000000
68 -175.0000000000
70 -174.0000000000
71 -173.0000000000
72 -172.0000000000
73 -171.0000000000
76 -170.0000000000
80 -169.0000000000
84 -168.0000000000
89 -167.0000000000
90 -166.0000000000
92 -165.0000000000
96 -164.0000000000
99 -163.0000000000
105 -162.0000000000
108 -161.0000000000
109 -160.0000000000
113 -159.0000000000
115 -158.0000000000
116 -157.0000000000
121 -156.0000000000
125 -155.0000000000
126 -154.0000000000
128 -153.0000000000
129 -152.0000000000
132 -151.0000000000
133 -150.0000000000
137 -149.0000000000
140 -148.0000000000
141 -147.0000000000
144 -146.0000000000
145 -145.0000000000
147 -144.0000000000
148 -143.0000000000
150 -142.0000000000
154 -141.0000000000
156 -140.0000000000
157 -139.0000000000
158 -138.0000000000
163 -137.0000000000
164 -136.0000000000
167 -135.0000000000
169 -134.0000000000
170 -133.0000000000
171 -132.0000000000
177 -131.0000000000
178 -130.0000000000
179 -129.0000000000
180 -128.0000000000
183 -127.0000000000
184 -126.0000000000
192 -125.0000000000
202 -124.0000000000
204 -123.0000000000
205 -122.0000000000
207 -121.0000000000
215 -120.0000000000
216 -119.0000000000
217 -118.0000000000
220 -117.0000000000
221 -116.0000000000
222 -115.0000000000
223 -114.0000000000
225 -113.0000000000
227 -112.0000000000
230 -111.0000000000
231 -110.0000000000
232 -109.0000000000
233 -108.0000000000
245 -107.0000000000
250 -106.0000000000
251 -105.0000000000
252 -104.0000000000
253 -103.0000000000
258 -102.0000000000
271 -101.0000000000
286 -100.0000000000
287 -99.0000000000
288 -98.0000000000
292 -97.0000000000
298 -96.0000000000
307 -95.0000000000
309 -94.0000000000
312 -93.0000000000
321 -92.0000000000
331 -91.0000000000
342 -90.0000000000
351 -89.0000000000
354 -88.0000000000
359 -87.0000000000
363 -86.0000000000
365 -85.0000000000
376 -84.0000000000
379 -83.0000000000
380 -82.0000000000
382 -81.0000000000
384 -80.0000000000
385 -79.0000000000
387 -78.0000000000
393 -77.0000000000
401 -76.0000000000
404 -75.0000000000
405 -74.0000000000
407 -73.0000000000
416 -72.0000000000
419 -71.0000000000
433 -70.0000000000
436 -69.0000000000
440 -68.0000000000
444 -67.0000000000
449 -66.0000000000
453 -65.0000000000
465 -64.0000000000
467 -63.0000000000
471 -62.0000000000
472 -61.0000000000
475 -60.0000000000
477 -59.0000000000
479 -58.0000000000
483 -57.0000000000
488 -56.0000000000
507 -55.0000000000
511 -54.0000000000
515 -53.0000000000
539 -52.0000000000
543 -51.0000000000
548 -50.0000000000
573 -49.0000000000
590 -48.0000000000
593 -47.0000000000
609 -46.0000000000
610 -45.0000000000
620 -44.0000000000
625 -43.0000000000
626 -42.0000000000
627 -41.0000000000
631 -40.0000000000
638 -39.0000000000
667 -38.0000000000
672 -37.0000000000
674 -36.0000000000
679 -35.0000000000
722 -34.0000000000
729 -33.0000000000
748 -32.0000000000
754 -31.0000000000
764 -30.0000000000
769 -29.0000000000
778 -28.0000000000
780 -27.0000000000
782 -26.0000000000
789 -25.0000000000
800 -24.0000000000
810 -23.0000000000
811 -22.0000000000
812 -21.0000000000
840 -20.0000000000
871 -19.0000000000
902 -18.0000000000
904 -17.0000000000
914 -16.0000000000
932 -15.0000000000
959 -14.0000000000
967 -13.0000000000
975 -12.0000000000
992 -11.0000000000
993 -10.0000000000
1007 -9.0000000000
1038 -8.0000000000
1055 -7.0000000000
1081 -6.0000000000
1119 -5.0000000000
1167 -4.0000000000
1182 -3.0000000000
1212 -2.0000000000
1218 -1.0000000000
1234 390.0000000000
100000 -1.0000000000
evaluations raw_y
1 -226.0000000000
6 -225.0000000000
7 -224.0000000000
10 -223.0000000000
11 -222.0000000000
13 -221.0000000000
15 -220.0000000000
16 -219.0000000000
17 -218.0000000000
21 -217.0000000000
22 -216.0000000000
23 -215.0000000000
24 -214.0000000000
28 -213.0000000000
29 -212.0000000000
32 -211.0000000000
33 -210.0000000000
35 -209.0000000000
36 -208.0000000000
37 -207.0000000000
38 -206.0000000000
39 -205.0000000000
46 -204.0000000000
47 -203.0000000000
48 -202.0000000000
52 -201.0000000000
54 -200.0000000000
55 -199.0000000000
56 -198.0000000000
57 -197.0000000000
59 -196.0000000000
65 -195.0000000000
70 -194.0000000000
72 -193.0000000000
74 -192.0000000000
75 -191.0000000000
77 -190.0000000000
78 -189.0000000000
79 -188.0000000000
81 -187.0000000000
82 -186.0000000000
83 -185.0000000000
84 -184.0000000000
87 -183.0000000000
88 -182.0000000000
92 -181.0000000000
93 -180.0000000000
98 -179.0000000000
99 -178.0000000000
102 -177.0000000000
103 -176.0000000000
115 -175.0000000000
123 -174.0000000000
124 -173.0000000000
126 -172.0000000000
129 -171.0000000000
130 -170.0000000000
131 -169.0000000000
134 -168.0000000000
137 -167.0000000000
140 -166.0000000000
153 -165.0000000000
154 -164.0000000000
160 -163.0000000000
161 -162.0000000000
166 -161.0000000000
167 -160.0000000000
169 -159.0000000000
171 -158.0000000000
173 -157.0000000000
174 -156.0000000000
179 -155.0000000000
180 -154.0000000000
181 -153.0000000000
182 -152.0000000000
183 -151.0000000000
185 -150.0000000000
188 -149.0000000000
189 -148.0000000000
193 -147.0000000000
202 -146.0000000000
204 -145.0000000000
205 -144.0000000000
211 -143.0000000000
214 -142.0000000000
215 -141.0000000000
217 -140.0000000000
218 -139.0000000000
224 -138.0000000000
225 -137.0000000000
229 -136.0000000000
234 -135.0000000000
236 -134.0000000000
250 -133.0000000000
253 -132.0000000000
259 -131.0000000000
261 -130.0000000000
265 -129.0000000000
268 -128.0000000000
269 -127.0000000000
279 -126.0000000000
283 -125.0000000000
284 -124.0000000000
288 -123.0000000000
291 -122.0000000000
295 -121.0000000000
297 -120.0000000000
298 -119.0000000000
300 -118.0000000000
303 -117.0000000000
306 -116.0000000000
307 -115.0000000000
309 -114.0000000000
312 -113.0000000000
316 -112.0000000000
320 -111.0000000000
324 -110.0000000000
331 -109.0000000000
339 -108.0000000000
345 -107.0000000000
346 -106.0000000000
348 -105.0000000000
351 -104.0000000000
355 -103.0000000000
356 -102.0000000000
360 -101.0000000000
361 -100.0000000000
365 -99.0000000000
376 -98.0000000000
380 -97.0000000000
388 -96.0000000000
395 -95.0000000000
396 -94.0000000000
404 -93.0000000000
405 -92.0000000000
412 -91.0000000000
416 -90.0000000000
418 -89.0000000000
420 -88.0000000000
421 -87.0000000000
423 -86.0000000000
426 -85.0000000000
432 -84.0000000000
434 -83.0000000000
439 -82.0000000000
450 -81.0000000000
451 -80.0000000000
453 -79.0000000000
456 -78.0000000000
459 -77.0000000000
460 -76.0000000000
463 -75.0000000000
464 -74.0000000000
468 -73.0000000000
475 -72.0000000000
485 -71.0000000000
499 -70.0000000000
501 -69.0000000000
503 -68.0000000000
504 -67.0000000000
505 -66.0000000000
515 -65.0000000000
516 -64.0000000000
522 -63.0000000000
526 -62.0000000000
550 -61.0000000000
569 -60.0000000000
576 -59.0000000000
583 -58.0000000000
584 -57.0000000000
587 -56.0000000000
590 -55.0000000000
608 -54.0000000000
615 -53.0000000000
631 -52.0000000000
632 -51.0000000000
638 -50.0000000000
652 -49.0000000000
660 -48.0000000000
667 -47.0000000000
689 -46.0000000000
710 -45.0000000000
717 -44.0000000000
728 -43.0000000000
759 -42.0000000000
765 -41.0000000000
792 -40.0000000000
809 -39.0000000000
812 -38.0000000000
813 -37.0000000000
816 -36.0000000000
818 -35.0000000000
821 -34.0000000000
826 -33.0000000000
839 -32.0000000000
842 -31.0000000000
849 -30.0000000000
876 -29.0000000000
901 -28.0000000000
909 -27.0000000000
915 -26.0000000000
918 -25.0000000000
937 -24.0000000000
956 -23.0000000000
988 -22.0000000000
989 -21.0000000000
993 -20.0000000000
1030 -19.0000000000
1041 -18.0000000000
1066 -17.0000000000
1070 -16.0000000000
1076 -15.0000000000
1100 -14.0000000000
1111 -13.0000000000
1145 -12.0000000000
1179 -11.0000000000
1191 -10.0000000000
1207 -9.0000000000
1218 -8.0000000000
1224 -7.0000000000
1251 -6.0000000000
1269 -5.0000000000
1288 -4.0000000000
1298 -3.0000000000
1376 -2.0000000000
1382 -1.0000000000
1394 403.0000000000
100000 -1.0000000000
evaluations raw_y
1 -213.0000000000
3 -212.0000000000
4 -211.0000000000
6 -210.0000000000
7 -209.0000000000
9 -208.0000000000
10 -207.0000000000
11 -206.0000000000
14 -205.0000000000
15 -204.0000000000
16 -203.0000000000
21 -202.0000000000
22 -201.0000000000
27 -200.0000000000
29 -199.0000000000
32 -198.0000000000
34 -197.0000000000
35 -196.0000000000
39 -195.0000000000
40 -194.0000000000
41 -193.0000000000
43 -192.0000000000
44 -191.0000000000
45 -190.0000000000
46 -189.0000000000
53 -188.0000000000
55 -187.0000000000
56 -186.0000000000
58 -185.0000000000
65 -184.0000000000
67 -183.0000000000
68 -182.0000000000
69 -181.0000000000
76 -180.0000000000
77 -179.0000000000
81 -178.0000000000
82 -177.0000000000
83 -176.0000000000
85 -175.0000000000
87 -174.0000000000
89 -173.0000000000
93 -172.0000000000
94 -171.0000000000
95 -170.0000000000
96 -169.0000000000
98 -168.0000000000
103 -167.0000000000
104 -166.0000000000
108 -165.0000000000
109 -164.0000000000
115 -163.0000000000
119 -162.0000000000
124 -161.0000000000
125 -160.0000000000
126 -159.0000000000
127 -158.0000000000
128 -157.0000000000
129 -156.0000000000
142 -155.0000000000
144 -154.0000000000
147 -153.0000000000
148 -152.0000000000
153 -151.0000000000
155 -150.0000000000
156 -149.0000000000
161 -148.0000000000
163 -147.0000000000
164 -146.0000000000
166 -145.0000000000
174 -144.0000000000
176 -143.0000000000
182 -142.0000000000
189 -141.0000000000
192 -140.0000000000
194 -139.0000000000
200 -138.0000000000
201 -137.0000000000
203 -136.0000000000
204 -135.0000000000
205 -134.0000000000
214 -133.0000000000
216 -132.0000000000
225 -131.0000000000
226 -130.0000000000
230 -129.0000000000
233 -128.0000000000
236 -127.0000000000
238 -126.0000000000
242 -125.0000000000
243 -124.0000000000
246 -123.0000000000
247 -122.0000000000
251 -121.0000000000
254 -120.0000000000
261 -119.0000000000
273 -118.0000000000
275 -117.0000000000
279 -116.0000000000
281 -115.0000000000
287 -114.0000000000
288 -113.0000000000
293 -112.0000000000
295 -111.0000000000
296 -110.0000000000
298 -109.0000000000
304 -108.0000000000
307 -107.0000000000
312 -106.0000000000
313 -105.0000000000
317 -104.0000000000
320 -103.0000000000
321 -102.0000000000
326 -101.0000000000
327 -100.0000000000
330 -99.0000000000
332 -98.0000000000
334 -97.0000000000
339 -96.0000000000
340 -95.0000000000
351 -94.0000000000
356 -93.0000000000
357 -92.0000000000
358 -91.0000000000
360 -90.0000000000
372 -89.0000000000
376 -88.0000000000
378 -87.0000000000
394 -86.0000000000
397 -85.0000000000
403 -84.0000000000
404 -83.0000000000
405 -82.0000000000
411 -81.0000000000
413 -80.0000000000
414 -79.0000000000
417 -78.0000000000
425 -77.0000000000
427 -76.0000000000
430 -75.0000000000
434 -74.0000000000
435 -73.0000000000
444 -72.0000000000
445 -71.0000000000
452 -70.0000000000
456 -69.0000000000
463 -68.0000000000
476 -67.0000000000
481 -66.0000000000
496 -65.0000000000
497 -64.0000000000
499 -63.0000000000
520 -62.0000000000
522 -61.0000000000
532 -60.0000000000
545 -59.0000000000
552 -58.0000000000
554 -57.0000000000
564 -56.0000000000
568 -55.0000000000
574 -54.0000000000
576 -53.0000000000
580 -52.0000000000
582 -51.0000000000
588 -50.0000000000
596 -49.0000000000
615 -48.0000000000
617 -47.0000000000
618 -46.0000000000
619 -45.0000000000
624 -44.0000000000
625 -43.0000000000
639 -42.0000000000
654 -41.0000000000
656 -40.0000000000
673 -39.0000000000
675 -38.0000000000
680 -37.0000000000
687 -36.0000000000
698 -35.0000000000
709 -34.0000000000
713 -33.0000000000
728 -32.0000000000
734 -31.0000000000
756 -30.0000000000
759 -29.0000000000
789 -28.0000000000
809 -27.0000000000
815 -26.0000000000
842 -25.0000000000
843 -24.0000000000
890 -23.0000000000
916 -22.0000000000
918 -21.0000000000
936 -20.0000000000
937 -19.0000000000
941 -18.0000000000
958 -17.0000000000
964 -16.0000000000
985 -15.0000000000
1003 -14.0000000000
1010 -13.0000000000
1014 -12.0000000000
1016 -11.0000000000
1041 -10.0000000000
1069 -9.0000000000
1096 -8.0000000000
1111 -7.0000000000
1150 -6.0000000000
1274 -5.0000000000
1341 -4.0000000000
1352 -3.0000000000
1379 -2.0000000000
1411 -1.0000000000
1424 390.0000000000
100000 -1.0000000000
evaluations raw_y
1 -218.0000000000
3 -217.0000000000
4 -216.0000000000
5 -215.0000000000
6 -214.0000000000
11 -213.0000000000
12 -212.0000000000
14 -211.0000000000
15 -210.0000000000
16 -209.0000000000
17 -208.0000000000
18 -207.0000000000
19 -206.0000000000
26 -205.0000000000
27 -204.0000000000
28 -203.0000000000
29 -202.0000000000
32 -201.0000000000
34 -200.0000000000
35 -199.0000000000
38 -198.0000000000
39 -197.0000000000
40 -196.0000000000
43 -195.0000000000
45 -194.0000000000
48 -193.0000000000
50 -192.0000000000
51 -191.0000000000
53 -190.0000000000
56 -189.0000000000
57 -188.0000000000
58 -187.0000000000
60 -186.0000000000
64 -185.0000000000
65 -184.0000000000
66 -183.0000000000
67 -182.0000000000
68 -181.0000000000
70 -180.0000000000
72 -179.0000000000
74 -178.0000000000
75 -177.0000000000
77 -176.0000000000
79 -175.0000000000
89 -174.0000000000
91 -173.0000000000
92 -172.0000000000
93 -171.0000000000
96 -170.0000000000
99 -169.0000000000
102 -168.0000000000
105 -167.0000000000
106 -166.0000000000
108 -165.0000000000
109 -164.0000000000
110 -163.0000000000
111 -162.0000000000
115 -161.0000000000
121 -160.0000000000
122 -159.0000000000
127 -158.0000000000
129 -157.0000000000
130 -156.0000000000
131 -155.0000000000
133 -154.0000000000
134 -153.0000000000
135 -152.0000000000
137 -151.0000000000
138 -150.0000000000
140 -149.0000000000
144 -148.0000000000
145 -147.0000000000
146 -146.0000000000
148 -145.0000000000
154 -144.0000000000
155 -143.0000000000
159 -142.0000000000
165 -141.0000000000
167 -140.0000000000
169 -139.0000000000
171 -138.0000000000
173 -137.0000000000
175 -136.0000000000
178 -135.0000000000
179 -134.0000000000
185 -133.0000000000
186 -132.0000000000
189 -131.0000000000
195 -130.0000000000
202 -129.0000000000
207 -128.0000000000
208 -127.0000000000
210 -126.0000000000
211 -125.0000000000
213 -124.0000000000
216 -123.0000000000
225 -122.0000000000
233 -121.0000000000
235 -120.0000000000
236 -119.0000000000
244 -118.0000000000
248 -117.0000000000
249 -116.0000000000
250 -115.0000000000
251 -114.0000000000
256 -113.0000000000
258 -112.0000000000
260 -111.0000000000
261 -110.0000000000
264 -109.0000000000
272 -108.0000000000
281 -107.0000000000
293 -106.0000000000
304 -105.0000000000
312 -104.0000000000
325 -103.0000000000
328 -102.0000000000
330 -101.0000000000
331 -100.0000000000
333 -99.0000000000
335 -98.0000000000
338 -97.0000000000
339 -96.0000000000
349 -95.0000000000
360 -94.0000000000
361 -93.0000000000
366 -92.0000000000
367 -91.0000000000
370 -90.0000000000
371 -89.0000000000
373 -88.0000000000
376 -87.0000000000
379 -86.0000000000
386 -85.0000000000
390 -84.0000000000
392 -83.0000000000
401 -82.0000000000
407 -81.0000000000
409 -80.0000000000
418 -79.0000000000
421 -78.0000000000
424 -77.0000000000
426 -76.0000000000
429 -75.0000000000
436 -74.0000000000
439 -73.0000000000
443 -72.0000000000
449 -71.0000000000
452 -70.0000000000
456 -69.0000000000
458 -68.0000000000
482 -67.0000000000
486 -66.0000000000
506 -65.0000000000
528 -64.0000000000
541 -63.0000000000
543 -62.0000000000
553 -61.0000000000
560 -60.0000000000
564 -59.0000000000
566 -58.0000000000
581 -57.0000000000
585 -56.0000000000
586 -55.0000000000
602 -54.0000000000
622 -53.0000000000
624 -52.0000000000
629 -51.0000000000
632 -50.0000000000
634 -49.0000000000
636 -48.0000000000
641 -47.0000000000
647 -46.0000000000
648 -45.0000000000
650 -44.0000000000
659 -43.0000000000
668 -42.0000000000
671 -41.0000000000
674 -40.0000000000
679 -39.0000000000
697 -38.0000000000
700 -37.0000000000
702 -36.0000000000
703 -35.0000000000
705 -34.0000000000
710 -33.0000000000
711 -32.0000000000
712 -31.0000000000
728 -30.0000000000
742 -29.0000000000
762 -28.0000000000
783 -27.0000000000
787 -26.0000000000
788 -25.0000000000
792 -24.0000000000
805 -23.0000000000
809 -22.0000000000
833 -21.0000000000
838 -20.0000000000
846 -19.0000000000
850 -18.0000000000
869 -17.0000000000
882 -16.0000000000
970 -15.0000000000
987 -14.0000000000
994 -13.0000000000
1003 -12.0000000000
1023 -11.0000000000
1037 -10.0000000000
1045 -9.0000000000
1062 -8.0000000000
1065 -7.0000000000
1082 -6.0000000000
1180 -5.0000000000
1204 -4.0000000000
1239 -3.0000000000
1264 -2.0000000000
1281 -1.0000000000
1293 378.0000000000
100000 -1.0000000000
evaluations raw_y
1 -210.0000000000
9 -209.0000000000
10 -208.0000000000
11 -207.0000000000
12 -206.0000000000
14 -205.0000000000
15 -204.0000000000
16 -203.0000000000
17 -202.0000000000
21 -201.0000000000
23 -200.0000000000
25 -199.0000000000
26 -198.0000000000
28 -197.0000000000
33 -196.0000000000
37 -195.0000000000
39 -194.0000000000
40 -193.0000000000
41 -192.0000000000
42 -191.0000000000
43 -190.0000000000
45 -189.0000000000
47 -188.0000000000
48 -187.0000000000
49 -186.0000000000
52 -185.0000000000
53 -184.0000000000
58 -183.0000000000
60 -182.0000000000
62 -181.0000000000
63 -180.0000000000
66 -179.0000000000
68 -178.0000000000
70 -177.0000000000
73 -176.0000000000
74 -175.0000000000
76 -174.0000000000
78 -173.0000000000
79 -172.0000000000
80 -171.0000000000
87 -170.0000000000
88 -169.0000000000
89 -168.0000000000
90 -167.0000000000
93 -166.0000000000
98 -165.0000000000
99 -164.0000000000
100 -163.0000000000
102 -162.0000000000
105 -161.0000000000
106 -160.0000000000
109 -159.0000000000
111 -158.0000000000
112 -157.0000000000
113 -156.0000000000
114 -155.0000000000
116 -154.0000000000
117 -153.0000000000
119 -152.0000000000
124 -151.0000000000
132 -150.0000000000
138 -149.0000000000
144 -148.0000000000
146 -147.0000000000
147 -146.0000000000
151 -145.0000000000
152 -144.0000000000
155 -143.0000000000
156 -142.0000000000
157 -141.0000000000
158 -140.0000000000
161 -139.0000000000
162 -138.0000000000
164 -137.0000000000
169 -136.0000000000
171 -135.0000000000
178 -134.0000000000
179 -133.0000000000
180 -132.0000000000
182 -131.0000000000
194 -130.0000000000
196 -129.0000000000
198 -128.0000000000
199 -127.0000000000
202 -126.0000000000
206 -125.0000000000
212 -124.0000000000
214 -123.0000000000
216 -122.0000000000
221 -121.0000000000
233 -120.0000000000
236 -119.0000000000
242 -118.0000000000
250 -117.0000000000
256 -116.0000000000
257 -115.0000000000
269 -114.0000000000
270 -113.0000000000
271 -112.0000000000
272 -111.0000000000
276 -110.0000000000
279 -109.0000000000
280 -108.0000000000
281 -107.0000000000
282 -106.0000000000
284 -105.0000000000
290 -104.0000000000
291 -103.0000000000
293 -102.0000000000
300 -101.0000000000
302 -100.0000000000
306 -99.0000000000
321 -98.0000000000
322 -97.0000000000
327 -96.0000000000
328 -95.0000000000
329 -94.0000000000
331 -93.0000000000
332 -92.0000000000
335 -91.0000000000
336 -90.0000000000
337 -89.0000000000
338 -88.0000000000
348 -87.0000000000
354 -86.0000000000
359 -85.0000000000
360 -84.0000000000
364 -83.0000000000
383 -82.0000000000
386 -81.0000000000
387 -80.0000000000
393 -79.0000000000
398 -78.0000000000
400 -77.0000000000
403 -76.0000000000
405 -75.0000000000
406 -74.0000000000
408 -73.0000000000
430 -72.0000000000
434 -71.0000000000
437 -70.0000000000
448 -69.0000000000
450 -68.0000000000
451 -67.0000000000
462 -66.0000000000
472 -65.0000000000
481 -64.0000000000
489 -63.0000000000
496 -62.0000000000
504 -61.0000000000
507 -60.0000000000
513 -59.0000000000
521 -58.0000000000
525 -57.0000000000
534 -56.0000000000
546 -55.0000000000
553 -54.0000000000
560 -53.0000000000
564 -52.0000000000
571 -51.0000000000
573 -50.0000000000
584 -49.0000000000
594 -48.0000000000
629 -47.0000000000
636 -46.0000000000
637 -45.0000000000
639 -44.0000000000
640 -43.0000000000
645 -42.0000000000
651 -41.0000000000
668 -40.0000000000
671 -39.0000000000
672 -38.0000000000
675 -37.0000000000
689 -36.0000000000
699 -35.0000000000
710 -34.0000000000
719 -33.0000000000
730 -32.0000000000
735 -31.0000000000
741 -30.0000000000
753 -29.0000000000
759 -28.0000000000
760 -27.0000000000
779 -26.0000000000
786 -25.0000000000
826 -24.0000000000
848 -23.0000000000
908 -22.0000000000
910 -21.0000000000
911 -20.0000000000
931 -19.0000000000
953 -18.0000000000
976 -17.0000000000
990 -16.0000000000
1018 -15.0000000000
1028 -14.0000000000
1030 -13.0000000000
1071 -12.0000000000
1107 -11.0000000000
1111 -10.0000000000
1171 -9.0000000000
1203 -8.0000000000
1216 -7.0000000000
1261 -6.0000000000
1267 -5.0000000000
1297 -4.0000000000
1336 -3.0000000000
1348 -2.0000000000
1349 -1.0000000000
1384 382.0000000000
100000 -1.0000000000
evaluations raw_y
1 -209.0000000000
2 -208.0000000000
3 -207.0000000000
5 -206.0000000000
6 -205.0000000000
7 -204.0000000000
11 -203.0000000000
12 -202.0000000000
16 -201.0000000000
18 -200.0000000000
21 -199.0000000000
22 -198.0000000000
25 -197.0000000000
27 -196.0000000000
29 -195.0000000000
30 -194.0000000000
31 -193.0000000000
32 -192.0000000000
33 -191.0000000000
35 -190.0000000000
36 -189.0000000000
38 -188.0000000000
40 -187.0000000000
41 -186.0000000000
42 -185.0000000000
43 -184.0000000000
44 -183.0000000000
45 -182.0000000000
46 -181.0000000000
47 -180.0000000000
51 -179.0000000000
54 -178.0000000000
57 -177.0000000000
58 -176.0000000000
59 -175.0000000000
63 -174.0000000000
65 -173.0000000000
67 -172.0000000000
69 -171.0000000000
71 -170.0000000000
73 -169.0000000000
74 -168.0000000000
76 -167.0000000000
79 -166.0000000000
80 -165.0000000000
86 -164.0000000000
89 -163.0000000000
91 -162.0000000000
93 -161.0000000000
95 -160.0000000000
96 -159.0000000000
97 -158.0000000000
100 -157.0000000000
102 -156.0000000000
106 -155.0000000000
109 -154.0000000000
110 -153.0000000000
112 -152.0000000000
113 -151.0000000000
114 -150.0000000000
118 -149.0000000000
120 -148.0000000000
129 -147.0000000000
130 -146.0000000000
132 -145.0000000000
137 -144.0000000000
139 -143.0000000000
140 -142.0000000000
148 -141.0000000000
149 -140.0000000000
152 -139.0000000000
154 -138.0000000000
155 -137.0000000000
156 -136.0000000000
158 -135.0000000000
159 -134.0000000000
171 -133.0000000000
174 -132.0000000000
175 -131.0000000000
177 -130.0000000000
179 -129.0000000000
180 -128.0000000000
184 -127.0000000000
188 -126.0000000000
192 -125.0000000000
201 -124.0000000000
208 -123.0000000000
211 -122.0000000000
213 -121.0000000000
216 -120.0000000000
221 -119.0000000000
225 -118.0000000000
230 -117.0000000000
237 -116.0000000000
239 -115.0000000000
242 -114.0000000000
249 -113.0000000000
250 -112.0000000000
251 -111.0000000000
263 -110.0000000000
264 -109.0000000000
266 -108.0000000000
269 -107.0000000000
270 -106.0000000000
273 -105.0000000000
274 -104.0000000000
276 -103.0000000000
281 -102.0000000000
289 -101.0000000000
292 -100.0000000000
296 -99.0000000000
303 -98.0000000000
307 -97.0000000000
311 -96.0000000000
322 -95.0000000000
325 -94.0000000000
329 -93.0000000000
330 -92.0000000000
333 -91.0000000000
337 -90.0000000000
340 -89.0000000000
350 -88.0000000000
352 -87.0000000000
354 -86.0000000000
361 -85.0000000000
368 -84.0000000000
371 -83.0000000000
372 -82.0000000000
377 -81.0000000000
380 -80.0000000000
383 -79.0000000000
384 -78.0000000000
393 -77.0000000000
402 -76.0000000000
416 -75.0000000000
422 -74.0000000000
425 -73.0000000000
427 -72.0000000000
429 -71.0000000000
433 -70.0000000000
439 -69.0000000000
455 -68.0000000000
461 -67.0000000000
464 -66.0000000000
468 -65.0000000000
474 -64.0000000000
477 -63.0000000000
479 -62.0000000000
482 -61.0000000000
492 -60.0000000000
498 -59.0000000000
519 -58.0000000000
525 -57.0000000000
534 -56.0000000000
549 -55.0000000000
552 -54.0000000000
562 -53.0000000000
565 -52.0000000000
571 -51.0000000000
576 -50.0000000000
587 -49.0000000000
593 -48.0000000000
598 -47.0000000000
614 -46.0000000000
618 -45.0000000000
620 -44.0000000000
649 -43.0000000000
664 -42.0000000000
667 -41.0000000000
695 -40.0000000000
702 -39.0000000000
703 -38.0000000000
709 -37.0000000000
710 -36.0000000000
722 -35.0000000000
723 -34.0000000000
724 -33.0000000000
740 -32.0000000000
743 -31.0000000000
753 -30.0000000000
771 -29.0000000000
779 -28.0000000000
792 -27.0000000000
837 -26.0000000000
838 -25.0000000000
848 -24.0000000000
869 -23.0000000000
889 -22.0000000000
914 -21.0000000000
918 -20.0000000000
952 -19.0000000000
966 -18.0000000000
1007 -17.0000000000
1009 -16.0000000000
1055 -15.0000000000
1067 -14.0000000000
1086 -13.0000000000
1093 -12.0000000000
1106 -11.0000000000
1135 -10.0000000000
1192 -9.0000000000
1202 -8.0000000000
1210 -7.0000000000
1245 -6.0000000000
1313 -5.0000000000
1401 -4.0000000000
1426 -3.0000000000
1427 -2.0000000000
1553 -1.0000000000
1563 379.0000000000
100000 -1.0000000000
evaluations raw_y
1 -209.0000000000
7 -208.0000000000
10 -207.0000000000
11 -206.0000000000
18 -205.0000000000
20 -204.0000000000
23 -203.0000000000
25 -202.0000000000
29 -201.0000000000
30 -200.0000000000
38 -199.0000000000
42 -198.0000000000
44 -197.0000000000
45 -196.0000000000
47 -195.0000000000
51 -194.0000000000
52 -193.0000000000
53 -192.0000000000
55 -191.0000000000
57 -190.0000000000
59 -189.0000000000
63 -188.0000000000
66 -187.0000000000
68 -186.0000000000
69 -185.0000000000
70 -184.0000000000
72 -183.0000000000
74 -182.0000000000
76 -181.0000000000
80 -180.0000000000
81 -179.0000000000
82 -178.0000000000
84 -177.0000000000
87 -176.0000000000
90 -175.0000000000
91 -174.0000000000
93 -173.0000000000
97 -172.0000000000
100 -171.0000000000
101 -170.0000000000
102 -169.0000000000
104 -168.0000000000
108 -167.0000000000
110 -166.0000000000
111 -165.0000000000
112 -164.0000000000
113 -163.0000000000
114 -162.0000000000
115 -161.0000000000
119 -160.0000000000
121 -159.0000000000
129 -158.0000000000
130 -157.0000000000
134 -156.0000000000
137 -155.0000000000
142 -154.0000000000
144 -153.0000000000
145 -152.0000000000
148 -151.0000000000
151 -150.0000000000
152 -149.0000000000
154 -148.0000000000
159 -147.0000000000
160 -146.0000000000
162 -145.0000000000
172 -144.0000000000
175 -143.0000000000
177 -142.0000000000
179 -141.0000000000
186 -140.0000000000
189 -139.0000000000
192 -138.0000000000
193 -137.0000000000
198 -136.0000000000
200 -135.0000000000
201 -134.0000000000
206 -133.0000000000
213 -132.0000000000
223 -131.0000000000
224 -130.0000000000
225 -129.0000000000
227 -128.0000000000
232 -127.0000000000
236 -126.0000000000
237 -125.0000000000
239 -124.0000000000
243 -123.0000000000
246 -122.0000000000
251 -121.0000000000
257 -120.0000000000
259 -119.0000000000
262 -118.0000000000
263 -117.0000000000
264 -116.0000000000
271 -115.0000000000
274 -114.0000000000
276 -113.0000000000
282 -112.0000000000
284 -111.0000000000
289 -110.0000000000
291 -109.0000000000
295 -108.0000000000
301 -107.0000000000
302 -106.0000000000
303 -105.0000000000
310 -104.0000000000
320 -103.0000000000
325 -102.0000000000
326 -101.0000000000
328 -100.0000000000
330 -99.0000000000
335 -98.0000000000
336 -97.0000000000
340 -96.0000000000
346 -95.0000000000
347 -94.0000000000
349 -93.0000000000
363 -92.0000000000
369 -91.0000000000
374 -90.0000000000
375 -89.0000000000
376 -88.0000000000
377 -87.0000000000
379 -86.0000000000
381 -85.0000000000
382 -84.0000000000
384 -83.0000000000
393 -82.0000000000
394 -81.0000000000
400 -80.0000000000
408 -79.0000000000
414 -78.0000000000
416 -77.0000000000
418 -76.0000000000
423 -75.0000000000
428 -74.0000000000
429 -73.0000000000
435 -72.0000000000
439 -71.0000000000
444 -70.0000000000
452 -69.0000000000
458 -68.0000000000
460 -67.0000000000
464 -66.0000000000
468 -65.0000000000
472 -64.0000000000
481 -63.0000000000
492 -62.0000000000
494 -61.0000000000
497 -60.0000000000
502 -59.0000000000
520 -58.0000000000
521 -57.0000000000
529 -56.0000000000
532 -55.0000000000
547 -54.0000000000
554 -53.0000000000
557 -52.0000000000
561 -51.0000000000
573 -50.0000000000
581 -49.0000000000
602 -48.0000000000
612 -47.0000000000
631 -46.0000000000
636 -45.0000000000
643 -44.0000000000
653 -43.0000000000
661 -42.0000000000
671 -41.0000000000
674 -40.0000000000
680 -39.0000000000
685 -38.0000000000
700 -37.0000000000
716 -36.0000000000
731 -35.0000000000
763 -34.0000000000
779 -33.0000000000
790 -32.0000000000
792 -31.0000000000
801 -30.0000000000
824 -29.0000000000
834 -28.0000000000
835 -27.0000000000
841 -26.0000000000
853 -25.0000000000
861 -24.0000000000
871 -23.0000000000
872 -22.0000000000
901 -21.0000000000
915 -20.0000000000
936 -19.0000000000
955 -18.0000000000
983 -17.0000000000
986 -16.0000000000
989 -15.0000000000
1034 -14.0000000000
1044 -13.0000000000
1081 -12.0000000000
1113 -11.0000000000
1129 -10.0000000000
1186 -9.0000000000
1209 -8.0000000000
1212 -7.0000000000
1241 -6.0000000000
1252 -5.0000000000
1256 -4.0000000000
1263 -3.0000000000
1270 -2.0000000000
1369 -1.0000000000
1406 380.0000000000
100000 -1.0000000000
evaluations raw_y
1 -201.0000000000
2 -200.0000000000
4 -199.0000000000
5 -198.0000000000
6 -197.0000000000
7 -196.0000000000
10 -195.0000000000
11 -194.0000000000
12 -193.0000000000
19 -192.0000000000
20 -191.0000000000
22 -190.0000000000
23 -189.0000000000
25 -188.0000000000
26 -187.0000000000
27 -186.0000000000
28 -185.0000000000
32 -184.0000000000
33 -183.0000000000
35 -182.0000000000
38 -181.0000000000
41 -180.0000000000
42 -179.0000000000
45 -178.0000000000
47 -177.0000000000
49 -176.0000000000
50 -175.0000000000
53 -174.0000000000
55 -173.0000000000
61 -172.0000000000
62 -171.0000000000
63 -170.0000000000
64 -169.0000000000
65 -168.0000000000
71 -167.0000000000
72 -166.0000000000
73 -165.0000000000
74 -164.0000000000
76 -163.0000000000
78 -162.0000000000
82 -161.0000000000
85 -160.0000000000
87 -159.0000000000
89 -158.0000000000
96 -157.0000000000
98 -156.0000000000
101 -155.0000000000
105 -154.0000000000
107 -153.0000000000
108 -152.0000000000
114 -151.0000000000
117 -150.0000000000
118 -149.0000000000
122 -148.0000000000
125 -147.0000000000
132 -146.0000000000
133 -145.0000000000
134 -144.0000000000
136 -143.0000000000
137 -142.0000000000
140 -141.0000000000
141 -140.0000000000
146 -139.0000000000
149 -138.0000000000
152 -137.0000000000
153 -136.0000000000
154 -135.0000000000
167 -134.0000000000
172 -133.0000000000
174 -132.0000000000
176 -131.0000000000
180 -130.0000000000
182 -129.0000000000
185 -128.0000000000
189 -127.0000000000
191 -126.0000000000
194 -125.0000000000
198 -124.0000000000
206 -123.0000000000
208 -122.0000000000
210 -121.0000000000
212 -120.0000000000
214 -119.0000000000
216 -118.0000000000
218 -117.0000000000
219 -116.0000000000
222 -115.0000000000
224 -114.0000000000
233 -113.0000000000
235 -112.0000000000
244 -111.0000000000
245 -110.0000000000
249 -109.0000000000
254 -108.0000000000
260 -107.0000000000
266 -106.0000000000
270 -105.0000000000
271 -104.0000000000
272 -103.0000000000
275 -102.0000000000
289 -101.0000000000
292 -100.0000000000
294 -99.0000000000
295 -98.0000000000
303 -97.0000000000
304 -96.0000000000
307 -95.0000000000
308 -94.0000000000
313 -93.0000000000
315 -92.0000000000
317 -91.0000000000
320 -90.0000000000
323 -89.0000000000
336 -88.0000000000
338 -87.0000000000
342 -86.0000000000
345 -85.0000000000
346 -84.0000000000
347 -83.0000000000
351 -82.0000000000
352 -81.0000000000
353 -80.0000000000
355 -79.0000000000
356 -78.0000000000
357 -77.0000000000
359 -76.0000000000
365 -75.0000000000
368 -74.0000000000
370 -73.0000000000
376 -72.0000000000
379 -71.0000000000
381 -70.0000000000
382 -69.0000000000
384 -68.0000000000
390 -67.0000000000
406 -66.0000000000
407 -65.0000000000
408 -64.0000000000
421 -63.0000000000
424 -62.0000000000
430 -61.0000000000
442 -60.0000000000
447 -59.0000000000
456 -58.0000000000
473 -57.0000000000
476 -56.0000000000
478 -55.0000000000
487 -54.0000000000
501 -53.0000000000
504 -52.0000000000
509 -51.0000000000
521 -50.0000000000
541 -49.0000000000
543 -48.0000000000
549 -47.0000000000
554 -46.0000000000
563 -45.0000000000
568 -44.0000000000
569 -43.0000000000
590 -42.0000000000
596 -41.0000000000
600 -40.0000000000
601 -39.0000000000
604 -38.0000000000
645 -37.0000000000
654 -36.0000000000
660 -35.0000000000
673 -34.0000000000
676 -33.0000000000
681 -32.0000000000
687 -31.0000000000
689 -30.0000000000
699 -29.0000000000
709 -28.0000000000
738 -27.0000000000
796 -26.0000000000
802 -25.0000000000
810 -24.0000000000
814 -23.0000000000
825 -22.0000000000
834 -21.0000000000
838 -20.0000000000
841 -19.0000000000
842 -18.0000000000
851 -17.0000000000
857 -16.0000000000
869 -15.0000000000
880 -14.0000000000
943 -13.0000000000
978 -12.0000000000
979 -11.0000000000
998 -10.0000000000
1011 -9.0000000000
1015 -8.0000000000
1065 -7.0000000000
1091 -6.0000000000
1109 -5.0000000000
1115 -4.0000000000
1156 -3.0000000000
1173 -2.0000000000
1212 -1.0000000000
1243 387.0000000000
100000 -1.0000000000
evaluations raw_y
1 -224.0000000000
2 -223.0000000000
3 -222.0000000000
4 -221.0000000000
5 -220.0000000000
6 -219.0000000000
8 -218.0000000000
9 -217.0000000000
10 -216.0000000000
11 -215.0000000000
12 -214.0000000000
13 -213.0000000000
16 -212.0000000000
17 -211.0000000000
18 -210.0000000000
19 -209.0000000000
20 -208.0000000000
21 -207.0000000000
22 -206.0000000000
26 -205.0000000000
30 -204.0000000000
32 -203.0000000000
34 -202.0000000000
35 -201.0000000000
36 -200.0000000000
37 -199.0000000000
38 -198.0000000000
41 -197.0000000000
42 -196.0000000000
45 -195.0000000000
46 -194.0000000000
47 -193.0000000000
49 -192.0000000000
50 -191.0000000000
53 -190.0000000000
55 -189.0000000000
56 -188.0000000000
62 -187.0000000000
63 -186.0000000000
67 -185.0000000000
69 -184.0000000000
70 -183.0000000000
72 -182.0000000000
74 -181.0000000000
76 -180.0000000000
77 -179.0000000000
78 -178.0000000000
83 -177.0000000000
86 -176.0000000000
90 -175.0000000000
92 -174.0000000000
94 -173.0000000000
95 -172.0000000000
96 -171.0000000000
98 -170.0000000000
101 -169.0000000000
102 -168.0000000000
103 -167.0000000000
104 -166.0000000000
105 -165.0000000000
108 -164.0000000000
109 -163.0000000000
113 -162.0000000000
114 -161.0000000000
120 -160.0000000000
121 -159.0000000000
122 -158.0000000000
123 -157.0000000000
124 -156.0000000000
131 -155.0000000000
132 -154.0000000000
134 -153.0000000000
135 -152.0000000000
137 -151.0000000000
142 -150.0000000000
145 -149.0000000000
146 -148.0000000000
149 -147.0000000000
150 -146.0000000000
158 -145.0000000000
159 -144.0000000000
162 -143.0000000000
163 -142.0000000000
164 -141.0000000000
166 -140.0000000000
167 -139.0000000000
169 -138.0000000000
171 -137.0000000000
172 -136.0000000000
175 -135.0000000000
179 -134.0000000000
184 -133.0000000000
185 -132.0000000000
187 -131.0000000000
193 -130.0000000000
196 -129.0000000000
197 -128.0000000000
198 -127.0000000000
199 -126.0000000000
203 -125.0000000000
207 -124.0000000000
212 -123.0000000000
213 -122.0000000000
214 -121.0000000000
219 -120.0000000000
220 -119.0000000000
221 -118.0000000000
225 -117.0000000000
229 -116.0000000000
232 -115.0000000000
234 -114.0000000000
235 -113.0000000000
237 -112.0000000000
243 -111.0000000000
244 -110.0000000000
248 -109.0000000000
259 -108.0000000000
264 -107.0000000000
265 -106.0000000000
267 -105.0000000000
271 -104.0000000000
274 -103.0000000000
277 -102.0000000000
284 -101.0000000000
288 -100.0000000000
293 -99.0000000000
294 -98.0000000000
299 -97.0000000000
304 -96.0000000000
305 -95.0000000000
310 -94.0000000000
316 -93.0000000000
328 -92.0000000000
333 -91.0000000000
336 -90.0000000000
340 -89.0000000000
360 -88.0000000000
363 -87.0000000000
365 -86.0000000000
367 -85.0000000000
370 -84.0000000000
407 -83.0000000000
408 -82.0000000000
410 -81.0000000000
421 -80.0000000000
423 -79.0000000000
432 -78.0000000000
436 -77.0000000000
445 -76.0000000000
446 -75.0000000000
451 -74.0000000000
454 -73.0000000000
457 -72.0000000000
461 -71.0000000000
464 -70.0000000000
467 -69.0000000000
473 -68.0000000000
485 -67.0000000000
486 -66.0000000000
488 -65.0000000000
490 -64.0000000000
492 -63.0000000000
500 -62.0000000000
504 -61.0000000000
519 -60.0000000000
523 -59.0000000000
541 -58.0000000000
545 -57.0000000000
546 -56.0000000000
550 -55.0000000000
553 -54.0000000000
554 -53.0000000000
556 -52.0000000000
584 -51.0000000000
586 -50.0000000000
591 -49.0000000000
593 -48.0000000000
607 -47.0000000000
626 -46.0000000000
633 -45.0000000000
634 -44.0000000000
636 -43.0000000000
637 -42.0000000000
642 -41.0000000000
656 -40.0000000000
670 -39.0000000000
682 -38.0000000000
695 -37.0000000000
699 -36.0000000000
701 -35.0000000000
706 -34.0000000000
718 -33.0000000000
721 -32.0000000000
736 -31.0000000000
767 -30.0000000000
792 -29.0000000000
823 -28.0000000000
830 -27.0000000000
845 -26.0000000000
846 -25.0000000000
851 -24.0000000000
872 -23.0000000000
874 -22.0000000000
882 -21.0000000000
883 -20.0000000000
890 -19.0000000000
896 -18.0000000000
923 -17.0000000000
943 -16.0000000000
948 -15.0000000000
951 -14.0000000000
963 -13.0000000000
1020 -12.0000000000
1044 -11.0000000000
1068 -10.0000000000
1084 -9.0000000000
1085 -8.0000000000
1088 -7.0000000000
1094 -6.0000000000
1150 -5.0000000000
1175 -4.0000000000
1264 -3.0000000000
1283 -2.0000000000
1310 -1.0000000000
1327 394.0000000000
100000 -1.0000000000
evaluations raw_y
1 -224.0000000000
2 -223.0000000000
6 -222.0000000000
7 -221.0000000000
8 -220.0000000000
13 -219.0000000000
16 -218.0000000000
19 -217.0000000000
20 -216.0000000000
21 -215.0000000000
22 -214.0000000000
25 -213.0000000000
26 -212.0000000000
30 -211.0000000000
32 -210.0000000000
33 -209.0000000000
34 -208.0000000000
37 -207.0000000000
38 -206.0000000000
43 -205.0000000000
44 -204.0000000000
46 -203.0000000000
48 -202.0000000000
50 -201.0000000000
52 -200.0000000000
53 -199.0000000000
58 -198.0000000000
60 -197.0000000000
63 -196.0000000000
65 -195.0000000000
69 -194.0000000000
71 -193.0000000000
72 -192.0000000000
74 -191.0000000000
77 -190.0000000000
82 -189.0000000000
83 -188.0000000000
85 -187.0000000000
86 -186.0000000000
87 -185.0000000000
88 -184.0000000000
97 -183.0000000000
100 -182.0000000000
101 -181.0000000000
103 -180.0000000000
105 -179.0000000000
109 -178.0000000000
114 -177.0000000000
116 -176.0000000000
117 -175.0000000000
119 -174.0000000000
123 -173.0000000000
124 -172.0000000000
126 -171.0000000000
128 -170.0000000000
133 -169.0000000000
135 -168.0000000000
136 -167.0000000000
138 -166.0000000000
140 -165.0000000000
141 -164.0000000000
145 -163.0000000000
147 -162.0000000000
154 -161.0000000000
158 -160.0000000000
159 -159.0000000000
160 -158.0000000000
163 -157.0000000000
164 -156.0000000000
165 -155.0000000000
171 -154.0000000000
177 -153.0000000000
181 -152.0000000000
185 -151.0000000000
189 -150.0000000000
190 -149.0000000000
192 -148.0000000000
194 -147.0000000000
195 -146.0000000000
201 -145.0000000000
207 -144.0000000000
211 -143.0000000000
213 -142.0000000000
219 -141.0000000000
220 -140.0000000000
222 -139.0000000000
229 -138.0000000000
231 -137.0000000000
235 -136.0000000000
236 -135.0000000000
239 -134.0000000000
247 -133.0000000000
253 -132.0000000000
254 -131.0000000000
257 -130.0000000000
259 -129.0000000000
263 -128.0000000000
264 -127.0000000000
265 -126.0000000000
268 -125.0000000000
282 -124.0000000000
285 -123.0000000000
286 -122.0000000000
295 -121.0000000000
298 -120.0000000000
299 -119.0000000000
300 -118.0000000000
303 -117.0000000000
320 -116.0000000000
321 -115.0000000000
322 -114.0000000000
327 -113.0000000000
330 -112.0000000000
332 -111.0000000000
333 -110.0000000000
334 -109.0000000000
335 -108.0000000000
344 -107.0000000000
347 -106.0000000000
350 -105.0000000000
357 -104.0000000000
360 -103.0000000000
365 -102.0000000000
389 -101.0000000000
391 -100.0000000000
395 -99.0000000000
398 -98.0000000000
400 -97.0000000000
406 -96.0000000000
408 -95.0000000000
410 -94.0000000000
419 -93.0000000000
424 -92.0000000000
425 -91.0000000000
428 -90.0000000000
432 -89.0000000000
435 -88.0000000000
436 -87.0000000000
441 -86.0000000000
448 -85.0000000000
449 -84.0000000000
450 -83.0000000000
451 -82.0000000000
457 -81.0000000000
463 -80.0000000000
476 -79.0000000000
480 -78.0000000000
483 -77.0000000000
486 -76.0000000000
487 -75.0000000000
497 -74.0000000000
517 -73.0000000000
529 -72.0000000000
534 -71.0000000000
544 -70.0000000000
550 -69.0000000000
557 -68.0000000000
566 -67.0000000000
582 -66.0000000000
603 -65.0000000000
608 -64.0000000000
611 -63.0000000000
614 -62.0000000000
625 -61.0000000000
636 -60.0000000000
640 -59.0000000000
659 -58.0000000000
666 -57.0000000000
670 -56.0000000000
672 -55.0000000000
676 -54.0000000000
682 -53.0000000000
686 -52.0000000000
688 -51.0000000000
695 -50.0000000000
708 -49.0000000000
728 -48.0000000000
732 -47.0000000000
736 -46.0000000000
791 -45.0000000000
793 -44.0000000000
794 -43.0000000000
799 -42.0000000000
801 -41.0000000000
805 -40.0000000000
809 -39.0000000000
811 -38.0000000000
818 -37.0000000000
829 -36.0000000000
837 -35.0000000000
838 -34.0000000000
862 -33.0000000000
863 -32.0000000000
866 -31.0000000000
874 -30.0000000000
877 -29.0000000000
879 -28.0000000000
890 -27.0000000000
893 -26.0000000000
894 -25.0000000000
911 -24.0000000000
947 -23.0000000000
980 -22.0000000000
982 -21.0000000000
995 -20.0000000000
1017 -19.0000000000
1019 -18.0000000000
1036 -17.0000000000
1041 -16.0000000000
1058 -15.0000000000
1075 -14.0000000000
1186 -13.0000000000
1194 -12.0000000000
1277 -11.0000000000
1299 -10.0000000000
1316 -9.0000000000
1371 -8.0000000000
1389 -7.0000000000
1418 -6.0000000000
1502 -5.0000000000
1578 -4.0000000000
1583 -3.0000000000
1584 -2.0000000000
1677 -1.0000000000
1704 378.0000000000
100000 -1.0000000000
evaluations raw_y
1 -234.0000000000
4 -233.0000000000
5 -232.0000000000
6 -231.0000000000
7 -230.0000000000
11 -229.0000000000
16 -228.0000000000
18 -227.0000000000
20 -226.0000000000
22 -225.0000000000
28 -224.0000000000
29 -223.0000000000
31 -222.0000000000
32 -221.0000000000
35 -220.0000000000
36 -219.0000000000
37 -218.0000000000
38 -217.0000000000
39 -216.0000000000
41 -215.0000000000
42 -214.0000000000
45 -213.0000000000
48 -212.0000000000
51 -211.0000000000
53 -210.0000000000
56 -209.0000000000
58 -208.0000000000
59 -207.0000000000
62 -206.0000000000
63 -205.0000000000
65 -204.0000000000
66 -203.0000000000
68 -202.0000000000
70 -201.0000000000
73 -200.0000000000
74 -199.0000000000
76 -198.0000000000
77 -197.0000000000
78 -196.0000000000
81 -195.0000000000
85 -194.0000000000
87 -193.0000000000
88 -192.0000000000
89 -191.0000000000
90 -190.0000000000
96 -189.0000000000
97 -188.0000000000
98 -187.0000000000
102 -186.0000000000
105 -185.0000000000
106 -184.0000000000
109 -183.0000000000
112 -182.0000000000
114 -181.0000000000
116 -180.0000000000
117 -179.0000000000
123 -178.0000000000
126 -177.0000000000
128 -176.0000000000
132 -175.0000000000
133 -174.0000000000
136 -173.0000000000
139 -172.0000000000
143 -171.0000000000
144 -170.0000000000
150 -169.0000000000
151 -168.0000000000
152 -167.0000000000
154 -166.0000000000
156 -165.0000000000
166 -164.0000000000
167 -163.0000000000
169 -162.0000000000
171 -161.0000000000
172 -160.0000000000
173 -159.0000000000
174 -158.0000000000
175 -157.0000000000
178 -156.0000000000
181 -155.0000000000
183 -154.0000000000
185 -153.0000000000
187 -152.0000000000
191 -151.0000000000
192 -150.0000000000
193 -149.0000000000
194 -148.0000000000
196 -147.0000000000
197 -146.0000000000
200 -145.0000000000
205 -144.0000000000
206 -143.0000000000
208 -142.0000000000
220 -141.0000000000
222 -140.0000000000
223 -139.0000000000
225 -138.0000000000
226 -137.0000000000
227 -136.0000000000
228 -135.0000000000
232 -134.0000000000
237 -133.0000000000
247 -132.0000000000
250 -131.0000000000
253 -130.0000000000
257 -129.0000000000
263 -128.0000000000
265 -127.0000000000
269 -126.0000000000
270 -125.0000000000
272 -124.0000000000
275 -123.0000000000
276 -122.0000000000
281 -121.0000000000
287 -120.0000000000
292 -119.0000000000
297 -118.0000000000
299 -117.0000000000
301 -116.0000000000
307 -115.0000000000
308 -114.0000000000
310 -113.0000000000
313 -112.0000000000
319 -111.0000000000
324 -110.0000000000
327 -109.0000000000
330 -108.0000000000
347 -107.0000000000
348 -106.0000000000
349 -105.0000000000
353 -104.0000000000
359 -103.0000000000
360 -102.0000000000
365 -101.0000000000
371 -100.0000000000
375 -99.0000000000
378 -98.0000000000
388 -97.0000000000
395 -96.0000000000
403 -95.0000000000
417 -94.0000000000
427 -93.0000000000
428 -92.0000000000
429 -91.0000000000
432 -90.0000000000
435 -89.0000000000
444 -88.0000000000
449 -87.0000000000
451 -86.0000000000
453 -85.0000000000
460 -84.0000000000
470 -83.0000000000
476 -82.0000000000
484 -81.0000000000
485 -80.0000000000
491 -79.0000000000
493 -78.0000000000
505 -77.0000000000
506 -76.0000000000
511 -75.0000000000
516 -74.0000000000
521 -73.0000000000
523 -72.0000000000
525 -71.0000000000
531 -70.0000000000
533 -69.0000000000
542 -68.0000000000
549 -67.0000000000
554 -66.0000000000
559 -65.0000000000
567 -64.0000000000
578 -63.0000000000
582 -62.0000000000
584 -61.0000000000
589 -60.0000000000
593 -59.0000000000
598 -58.0000000000
601 -57.0000000000
623 -56.0000000000
624 -55.0000000000
625 -54.0000000000
631 -53.0000000000
654 -52.0000000000
662 -51.0000000000
668 -50.0000000000
673 -49.0000000000
686 -48.0000000000
688 -47.0000000000
707 -46.0000000000
723 -45.0000000000
732 -44.0000000000
735 -43.0000000000
744 -42.0000000000
745 -41.0000000000
753 -40.0000000000
766 -39.0000000000
769 -38.0000000000
781 -37.0000000000
785 -36.0000000000
805 -35.0000000000
812 -34.0000000000
827 -33.0000000000
828 -32.0000000000
842 -31.0000000000
852 -30.0000000000
854 -29.0000000000
861 -28.0000000000
866 -27.0000000000
876 -26.0000000000
879 -25.0000000000
883 -24.0000000000
890 -23.0000000000
897 -22.0000000000
910 -21.0000000000
919 -20.0000000000
936 -19.0000000000
945 -18.0000000000
963 -17.0000000000
986 -16.0000000000
989 -15.0000000000
991 -14.0000000000
1052 -13.0000000000
1063 -12.0000000000
1073 -11.0000000000
1113 -10.0000000000
1134 -9.0000000000
1152 -8.0000000000
1163 -7.0000000000
1178 -6.0000000000
1206 -5.0000000000
1236 -4.0000000000
1263 -3.0000000000
1296 -2.0000000000
1299 -1.0000000000
1322 392.0000000000
100000 -1.0000000000
evaluations raw_y
1 -219.0000000000
3 -218.0000000000
4 -217.0000000000
5 -216.0000000000
10 -215.0000000000
12 -214.0000000000
13 -213.0000000000
16 -212.0000000000
17 -211.0000000000
20 -210.0000000000
21 -209.0000000000
23 -208.0000000000
26 -207.0000000000
27 -206.0000000000
30 -205.0000000000
34 -204.0000000000
36 -203.0000000000
39 -202.0000000000
42 -201.0000000000
46 -200.0000000000
48 -199.0000000000
50 -198.0000000000
54 -197.0000000000
56 -196.0000000000
58 -195.0000000000
60 -194.0000000000
61 -193.0000000000
62 -192.0000000000
65 -191.0000000000
66 -190.0000000000
68 -189.0000000000
70 -188.0000000000
72 -187.0000000000
73 -186.0000000000
74 -185.0000000000
75 -184.0000000000
77 -183.0000000000
79 -182.0000000000
80 -181.0000000000
82 -180.0000000000
83 -179.0000000000
87 -178.0000000000
88 -177.0000000000
89 -176.0000000000
90 -175.0000000000
91 -174.0000000000
92 -173.0000000000
93 -172.0000000000
98 -171.0000000000
99 -170.0000000000
101 -169.0000000000
102 -168.0000000000
107 -167.0000000000
109 -166.0000000000
110 -165.0000000000
115 -164.0000000000
116 -163.0000000000
118 -162.0000000000
119 -161.0000000000
120 -160.0000000000
121 -159.0000000000
124 -158.0000000000
136 -157.0000000000
141 -156.0000000000
142 -155.0000000000
143 -154.0000000000
144 -153.0000000000
146 -152.0000000000
149 -151.0000000000
151 -150.0000000000
154 -149.0000000000
155 -148.0000000000
163 -147.0000000000
169 -146.0000000000
171 -145.0000000000
172 -144.0000000000
179 -143.0000000000
180 -142.0000000000
181 -141.0000000000
183 -140.0000000000
189 -139.0000000000
195 -138.0000000000
204 -137.0000000000
207 -136.0000000000
210 -135.0000000000
219 -134.0000000000
225 -133.0000000000
232 -132.0000000000
237 -131.0000000000
239 -130.0000000000
241 -129.0000000000
242 -128.0000000000
243 -127.0000000000
244 -126.0000000000
248 -125.0000000000
251 -124.0000000000
252 -123.0000000000
255 -122.0000000000
256 -121.0000000000
259 -120.0000000000
263 -119.0000000000
264 -118.0000000000
267 -117.0000000000
269 -116.0000000000
270 -115.0000000000
271 -114.0000000000
275 -113.0000000000
277 -112.0000000000
288 -111.0000000000
291 -110.0000000000
298 -109.0000000000
300 -108.0000000000
305 -107.0000000000
308 -106.0000000000
312 -105.0000000000
313 -104.0000000000
316 -103.0000000000
320 -102.0000000000
326 -101.0000000000
327 -100.0000000000
328 -99.0000000000
329 -98.0000000000
344 -97.0000000000
357 -96.0000000000
363 -95.0000000000
375 -94.0000000000
376 -93.0000000000
381 -92.0000000000
395 -91.0000000000
398 -90.0000000000
400 -89.0000000000
408 -88.0000000000
412 -87.0000000000
415 -86.0000000000
417 -85.0000000000
418 -84.0000000000
434 -83.0000000000
438 -82.0000000000
439 -81.0000000000
443 -80.0000000000
445 -79.0000000000
447 -78.0000000000
452 -77.0000000000
458 -76.0000000000
462 -75.0000000000
465 -74.0000000000
471 -73.0000000000
473 -72.0000000000
478 -71.0000000000
487 -70.0000000000
490 -69.0000000000
491 -68.0000000000
496 -67.0000000000
502 -66.0000000000
506 -65.0000000000
522 -64.0000000000
532 -63.0000000000
539 -62.0000000000
543 -61.0000000000
549 -60.0000000000
551 -59.0000000000
574 -58.0000000000
587 -57.0000000000
589 -56.0000000000
616 -55.0000000000
623 -54.0000000000
631 -53.0000000000
638 -52.0000000000
643 -51.0000000000
645 -50.0000000000
652 -49.0000000000
653 -48.0000000000
655 -47.0000000000
658 -46.0000000000
669 -45.0000000000
678 -44.0000000000
682 -43.0000000000
688 -42.0000000000
690 -41.0000000000
701 -40.0000000000
704 -39.0000000000
712 -38.0000000000
720 -37.0000000000
722 -36.0000000000
752 -35.0000000000
755 -34.0000000000
783 -33.0000000000
809 -32.0000000000
827 -31.0000000000
830 -30.0000000000
848 -29.0000000000
849 -28.0000000000
863 -27.0000000000
873 -26.0000000000
885 -25.0000000000
888 -24.0000000000
916 -23.0000000000
920 -22.0000000000
924 -21.0000000000
951 -20.0000000000
971 -19.0000000000
976 -18.0000000000
990 -17.0000000000
997 -16.0000000000
1006 -15.0000000000
1025 -14.0000000000
1027 -13.0000000000
1031 -12.0000000000
1038 -11.0000000000
1050 -10.0000000000
1055 -9.0000000000
1057 -8.0000000000
1068 -7.0000000000
1074 -6.0000000000
1090 -5.0000000000
1143 -4.0000000000
1169 -3.0000000000
1191 -2.0000000000
1199 -1.0000000000
1216 377.0000000000
100000 -1.0000000000
evaluations raw_y
1 -214.0000000000
3 -213.0000000000
6 -212.0000000000
7 -211.0000000000
8 -210.0000000000
12 -209.0000000000
13 -208.0000000000
15 -207.0000000000
20 -206.0000000000
21 -205.0000000000
23 -204.0000000000
24 -203.0000000000
25 -202.0000000000
26 -201.0000000000
32 -200.0000000000
33 -199.0000000000
36 -198.0000000000
37 -197.0000000000
39 -196.0000000000
41 -195.0000000000
42 -194.0000000000
44 -193.0000000000
45 -192.0000000000
46 -191.0000000000
47 -190.0000000000
48 -189.0000000000
52 -188.0000000000
53 -187.0000000000
56 -186.0000000000
57 -185.0000000000
58 -184.0000000000
60 -183.0000000000
63 -182.0000000000
64 -181.0000000000
68 -180.0000000000
69 -179.0000000000
70 -178.0000000000
71 -177.0000000000
72 -176.0000000000
73 -175.0000000000
74 -174.0000000000
75 -173.0000000000
78 -172.0000000000
85 -171.0000000000
86 -170.0000000000
87 -169.0000000000
89 -168.0000000000
90 -167.0000000000
95 -166.0000000000
96 -165.0000000000
98 -164.0000000000
100 -163.0000000000
102 -162.0000000000
106 -161.0000000000
111 -160.0000000000
114 -159.0000000000
115 -158.0000000000
121 -157.0000000000
122 -156.0000000000
127 -155.0000000000
128 -154.0000000000
129 -153.0000000000
130 -152.0000000000
139 -151.0000000000
140 -150.0000000000
143 -149.0000000000
144 -148.0000000000
154 -147.0000000000
155 -146.0000000000
163 -145.0000000000
165 -144.0000000000
167 -143.0000000000
168 -142.0000000000
169 -141.0000000000
170 -140.0000000000
171 -139.0000000000
175 -138.0000000000
178 -137.0000000000
184 -136.0000000000
185 -135.0000000000
186 -134.0000000000
188 -133.0000000000
190 -132.0000000000
191 -131.0000000000
192 -130.0000000000
198 -129.0000000000
201 -128.0000000000
203 -127.0000000000
204 -126.0000000000
206 -125.0000000000
212 -124.0000000000
213 -123.0000000000
214 -122.0000000000
223 -121.0000000000
231 -120.0000000000
234 -119.0000000000
237 -118.0000000000
239 -117.0000000000
244 -116.0000000000
264 -115.0000000000
266 -114.0000000000
272 -113.0000000000
273 -112.0000000000
280 -111.0000000000
283 -110.0000000000
288 -109.0000000000
295 -108.0000000000
298 -107.0000000000
304 -106.0000000000
315 -105.0000000000
321 -104.0000000000
322 -103.0000000000
323 -102.0000000000
328 -101.0000000000
335 -100.0000000000
338 -99.0000000000
342 -98.0000000000
345 -97.0000000000
347 -96.0000000000
351 -95.0000000000
352 -94.0000000000
354 -93.0000000000
360 -92.0000000000
361 -91.0000000000
369 -90.0000000000
375 -89.0000000000
377 -88.0000000000
379 -87.0000000000
380 -86.0000000000
383 -85.0000000000
386 -84.0000000000
391 -83.0000000000
392 -82.0000000000
394 -81.0000000000
408 -80.0000000000
413 -79.0000000000
420 -78.0000000000
425 -77.0000000000
441 -76.0000000000
442 -75.0000000000
444 -74.0000000000
445 -73.0000000000
468 -72.0000000000
469 -71.0000000000
474 -70.0000000000
477 -69.0000000000
489 -68.0000000000
496 -67.0000000000
506 -66.0000000000
510 -65.0000000000
515 -64.0000000000
520 -63.0000000000
540 -62.0000000000
543 -61.0000000000
552 -60.0000000000
565 -59.0000000000
568 -58.0000000000
569 -57.0000000000
574 -56.0000000000
582 -55.0000000000
583 -54.0000000000
586 -53.0000000000
589 -52.0000000000
597 -51.0000000000
619 -50.0000000000
620 -49.0000000000
631 -48.0000000000
633 -47.0000000000
661 -46.0000000000
665 -45.0000000000
678 -44.0000000000
682 -43.0000000000
685 -42.0000000000
691 -41.0000000000
698 -40.0000000000
704 -39.0000000000
720 -38.0000000000
723 -37.0000000000
724 -36.0000000000
744 -35.0000000000
761 -34.0000000000
770 -33.0000000000
777 -32.0000000000
789 -31.0000000000
799 -30.0000000000
801 -29.0000000000
806 -28.0000000000
823 -27.0000000000
838 -26.0000000000
889 -25.0000000000
907 -24.0000000000
922 -23.0000000000
939 -22.0000000000
950 -21.0000000000
965 -20.0000000000
993 -19.0000000000
1008 -18.0000000000
1015 -17.0000000000
1020 -16.0000000000
1025 -15.0000000000
1027 -14.0000000000
1029 -13.0000000000
1039 -12.0000000000
1061 -11.0000000000
1073 -10.0000000000
1075 -9.0000000000
1091 -8.0000000000
1109 -7.0000000000
1118 -6.0000000000
1127 -5.0000000000
1146 -4.0000000000
1155 -3.0000000000
1203 -2.0000000000
1246 -1.0000000000
1297 362.0000000000
100000 -1.0000000000
evaluations raw_y
1 -216.0000000000
2 -215.0000000000
4 -214.0000000000
7 -213.0000000000
8 -212.0000000000
11 -211.0000000000
12 -210.0000000000
13 -209.0000000000
15 -208.0000000000
16 -207.0000000000
20 -206.0000000000
24 -205.0000000000
26 -204.0000000000
28 -203.0000000000
31 -202.0000000000
32 -201.0000000000
36 -200.0000000000
40 -199.0000000000
43 -198.0000000000
44 -197.0000000000
45 -196.0000000000
51 -195.0000000000
53 -194.0000000000
59 -193.0000000000
61 -192.0000000000
66 -191.0000000000
68 -190.0000000000
74 -189.0000000000
78 -188.0000000000
80 -187.0000000000
81 -186.0000000000
85 -185.0000000000
89 -184.0000000000
90 -183.0000000000
92 -182.0000000000
93 -181.0000000000
94 -180.0000000000
95 -179.0000000000
98 -178.0000000000
104 -177.0000000000
105 -176.0000000000
106 -175.0000000000
107 -174.0000000000
109 -173.0000000000
110 -172.0000000000
111 -171.0000000000
112 -170.0000000000
116 -169.0000000000
117 -168.0000000000
119 -167.0000000000
129 -166.0000000000
131 -165.0000000000
133 -164.0000000000
136 -163.0000000000
137 -162.0000000000
140 -161.0000000000
142 -160.0000000000
146 -159.0000000000
147 -158.0000000000
151 -157.0000000000
152 -156.0000000000
153 -155.0000000000
158 -154.0000000000
160 -153.0000000000
161 -152.0000000000
162 -151.0000000000
163 -150.0000000000
164 -149.0000000000
167 -148.0000000000
169 -147.0000000000
174 -146.0000000000
177 -145.0000000000
180 -144.0000000000
187 -143.0000000000
188 -142.0000000000
190 -141.0000000000
191 -140.0000000000
193 -139.0000000000
195 -138.0000000000
199 -137.0000000000
201 -136.0000000000
207 -135.0000000000
211 -134.0000000000
216 -133.0000000000
217 -132.0000000000
218 -131.0000000000
219 -130.0000000000
221 -129.0000000000
225 -128.0000000000
229 -127.0000000000
234 -126.0000000000
235 -125.0000000000
236 -124.0000000000
238 -123.0000000000
245 -122.0000000000
247 -121.0000000000
248 -120.0000000000
252 -119.0000000000
254 -118.0000000000
255 -117.0000000000
257 -116.0000000000
259 -115.0000000000
260 -114.0000000000
261 -113.0000000000
262 -112.0000000000
267 -111.0000000000
269 -110.0000000000
270 -109.0000000000
274 -108.0000000000
275 -107.0000000000
276 -106.0000000000
284 -105.0000000000
285 -104.0000000000
290 -103.0000000000
294 -102.0000000000
295 -101.0000000000
297 -100.0000000000
299 -99.0000000000
306 -98.0000000000
309 -97.0000000000
312 -96.0000000000
323 -95.0000000000
327 -94.0000000000
329 -93.0000000000
330 -92.0000000000
333 -91.0000000000
335 -90.0000000000
341 -89.0000000000
350 -88.0000000000
356 -87.0000000000
357 -86.0000000000
362 -85.0000000000
363 -84.0000000000
365 -83.0000000000
368 -82.0000000000
369 -81.0000000000
370 -80.0000000000
373 -79.0000000000
375 -78.0000000000
384 -77.0000000000
388 -76.0000000000
391 -75.0000000000
392 -74.0000000000
401 -73.0000000000
408 -72.0000000000
412 -71.0000000000
415 -70.0000000000
417 -69.0000000000
420 -68.0000000000
425 -67.0000000000
433 -66.0000000000
437 -65.0000000000
438 -64.0000000000
446 -63.0000000000
456 -62.0000000000
459 -61.0000000000
465 -60.0000000000
484 -59.0000000000
487 -58.0000000000
488 -57.0000000000
490 -56.0000000000
493 -55.0000000000
500 -54.0000000000
501 -53.0000000000
502 -52.0000000000
511 -51.0000000000
517 -50.0000000000
518 -49.0000000000
530 -48.0000000000
532 -47.0000000000
544 -46.0000000000
545 -45.0000000000
550 -44.0000000000
590 -43.0000000000
611 -42.0000000000
620 -41.0000000000
628 -40.0000000000
629 -39.0000000000
630 -38.0000000000
648 -37.0000000000
652 -36.0000000000
658 -35.0000000000
665 -34.0000000000
668 -33.0000000000
677 -32.0000000000
681 -31.0000000000
689 -30.0000000000
703 -29.0000000000
714 -28.0000000000
725 -27.0000000000
729 -26.0000000000
730 -25.0000000000
737 -24.0000000000
740 -23.0000000000
756 -22.0000000000
771 -21.0000000000
783 -20.0000000000
833 -19.0000000000
867 -18.0000000000
873 -17.0000000000
931 -16.0000000000
940 -15.0000000000
950 -14.0000000000
987 -13.0000000000
997 -12.0000000000
1044 -11.0000000000
1048 -10.0000000000
1056 -9.0000000000
1063 -8.0000000000
1090 -7.0000000000
1107 -6.0000000000
1114 -5.0000000000
1117 -4.0000000000
1222 -3.0000000000
1271 -2.0000000000
1277 -1.0000000000
1330 395.0000000000
100000 -1.0000000000
evaluations raw_y
1 -212.0000000000
2 -211.0000000000
6 -210.0000000000
9 -209.0000000000
11 -208.0000000000
12 -207.0000000000
17 -206.0000000000
20 -205.0000000000
21 -204.0000000000
22 -203.0000000000
24 -202.0000000000
25 -201.0000000000
27 -200.0000000000
29 -199.0000000000
31 -198.0000000000
33 -197.0000000000
34 -196.0000000000
37 -195.0000000000
38 -194.0000000000
41 -193.0000000000
42 -192.0000000000
43 -191.0000000000
44 -190.0000000000
45 -189.0000000000
46 -188.0000000000
47 -187.0000000000
51 -186.0000000000
53 -185.0000000000
54 -184.0000000000
56 -183.0000000000
59 -182.0000000000
60 -181.0000000000
61 -180.0000000000
65 -179.0000000000
67 -178.0000000000
69 -177.0000000000
70 -176.0000000000
73 -175.0000000000
74 -174.0000000000
81 -173.0000000000
82 -172.0000000000
83 -171.0000000000
85 -170.0000000000
89 -169.0000000000
90 -168.0000000000
94 -167.0000000000
105 -166.0000000000
106 -165.0000000000
110 -164.0000000000
112 -163.0000000000
115 -162.0000000000
119 -161.0000000000
123 -160.0000000000
124 -159.0000000000
126 -158.0000000000
129 -157.0000000000
131 -156.0000000000
134 -155.0000000000
135 -154.0000000000
136 -153.0000000000
144 -152.0000000000
145 -151.0000000000
147 -150.0000000000
148 -149.0000000000
149 -148.0000000000
150 -147.0000000000
151 -146.0000000000
154 -145.0000000000
157 -144.0000000000
159 -143.0000000000
161 -142.0000000000
162 -141.0000000000
163 -140.0000000000
167 -139.0000000000
168 -138.0000000000
171 -137.0000000000
172 -136.0000000000
177 -135.0000000000
179 -134.0000000000
180 -133.0000000000
181 -132.0000000000
184 -131.0000000000
187 -130.0000000000
190 -129.0000000000
192 -128.0000000000
195 -127.0000000000
196 -126.0000000000
198 -125.0000000000
203 -124.0000000000
208 -123.0000000000
211 -122.0000000000
214 -121.0000000000
215 -120.0000000000
217 -119.0000000000
218 -118.0000000000
223 -117.0000000000
225 -116.0000000000
226 -115.0000000000
231 -114.0000000000
237 -113.0000000000
240 -112.0000000000
242 -111.0000000000
247 -110.0000000000
252 -109.0000000000
257 -108.0000000000
258 -107.0000000000
259 -106.0000000000
260 -105.0000000000
262 -104.0000000000
265 -103.0000000000
270 -102.0000000000
273 -101.0000000000
276 -100.0000000000
277 -99.0000000000
281 -98.0000000000
283 -97.0000000000
285 -96.0000000000
302 -95.0000000000
303 -94.0000000000
305 -93.0000000000
307 -92.0000000000
314 -91.0000000000
320 -90.0000000000
321 -89.0000000000
325 -88.0000000000
327 -87.0000000000
329 -86.0000000000
332 -85.0000000000
335 -84.0000000000
337 -83.0000000000
339 -82.0000000000
351 -81.0000000000
357 -80.0000000000
359 -79.0000000000
367 -78.0000000000
368 -77.0000000000
379 -76.0000000000
381 -75.0000000000
383 -74.0000000000
386 -73.0000000000
387 -72.0000000000
392 -71.0000000000
395 -70.0000000000
396 -69.0000000000
400 -68.0000000000
409 -67.0000000000
420 -66.0000000000
421 -65.0000000000
428 -64.0000000000
430 -63.0000000000
431 -62.0000000000
435 -61.0000000000
446 -60.0000000000
448 -59.0000000000
449 -58.0000000000
455 -57.0000000000
462 -56.0000000000
464 -55.0000000000
465 -54.0000000000
469 -53.0000000000
470 -52.0000000000
474 -51.0000000000
478 -50.0000000000
486 -49.0000000000
496 -48.0000000000
500 -47.0000000000
507 -46.0000000000
538 -45.0000000000
540 -44.0000000000
543 -43.0000000000
553 -42.0000000000
567 -41.0000000000
577 -40.0000000000
578 -39.0000000000
579 -38.0000000000
595 -37.0000000000
608 -36.0000000000
610 -35.0000000000
616 -34.0000000000
631 -33.0000000000
636 -32.0000000000
639 -31.0000000000
642 -30.0000000000
646 -29.0000000000
697 -28.0000000000
743 -27.0000000000
745 -26.0000000000
751 -25.0000000000
752 -24.0000000000
776 -23.0000000000
806 -22.0000000000
814 -21.0000000000
818 -20.0000000000
825 -19.0000000000
837 -18.0000000000
840 -17.0000000000
842 -16.0000000000
900 -15.0000000000
936 -14.0000000000
956 -13.0000000000
964 -12.0000000000
976 -11.0000000000
987 -10.0000000000
993 -9.0000000000
1011 -8.0000000000
1051 -7.0000000000
1068 -6.0000000000
1071 -5.0000000000
1100 -4.0000000000
1120 -3.0000000000
1162 -2.0000000000
1357 -1.0000000000
1433 391.0000000000
100000 -1.0000000000
evaluations raw_y
1 -190.0000000000
3 -189.0000000000
5 -188.0000000000
6 -187.0000000000
8 -186.0000000000
9 -185.0000000000
10 -184.0000000000
16 -183.0000000000
17 -182.0000000000
20 -181.0000000000
24 -180.0000000000
30 -179.0000000000
31 -178.0000000000
35 -177.0000000000
37 -176.0000000000
38 -175.0000000000
39 -174.0000000000
40 -173.0000000000
45 -172.0000000000
48 -171.0000000000
54 -170.0000000000
57 -169.0000000000
59 -168.0000000000
62 -167.0000000000
63 -166.0000000000
64 -165.0000000000
70 -164.0000000000
71 -163.0000000000
75 -162.0000000000
79 -161.0000000000
80 -160.0000000000
85 -159.0000000000
86 -158.0000000000
87 -157.0000000000
91 -156.0000000000
92 -155.0000000000
93 -154.0000000000
94 -153.0000000000
95 -152.0000000000
100 -151.0000000000
105 -150.0000000000
108 -149.0000000000
110 -148.0000000000
111 -147.0000000000
114 -146.0000000000
115 -145.0000000000
116 -144.0000000000
118 -143.0000000000
124 -142.0000000000
125 -141.0000000000
126 -140.0000000000
129 -139.0000000000
131 -138.0000000000
134 -137.0000000000
140 -136.0000000000
141 -135.0000000000
143 -134.0000000000
145 -133.0000000000
151 -132.0000000000
158 -131.0000000000
159 -130.0000000000
165 -129.0000000000
166 -128.0000000000
169 -127.0000000000
170 -126.0000000000
173 -125.0000000000
174 -124.0000000000
180 -123.0000000000
181 -122.0000000000
185 -121.0000000000
196 -120.0000000000
197 -119.0000000000
198 -118.0000000000
200 -117.0000000000
201 -116.0000000000
203 -115.0000000000
210 -114.0000000000
214 -113.0000000000
216 -112.0000000000
220 -111.0000000000
223 -110.0000000000
225 -109.0000000000
232 -108.0000000000
233 -107.0000000000
234 -106.0000000000
242 -105.0000000000
248 -104.0000000000
250 -103.0000000000
253 -102.0000000000
254 -101.0000000000
255 -100.0000000000
260 -99.0000000000
266 -98.0000000000
270 -97.0000000000
277 -96.0000000000
287 -95.0000000000
295 -94.0000000000
318 -93.0000000000
320 -92.0000000000
322 -91.0000000000
332 -90.0000000000
335 -89.0000000000
338 -88.0000000000
339 -87.0000000000
340 -86.0000000000
344 -85.0000000000
348 -84.0000000000
352 -83.0000000000
353 -82.0000000000
354 -81.0000000000
355 -80.0000000000
356 -79.0000000000
361 -78.0000000000
365 -77.0000000000
367 -76.0000000000
370 -75.0000000000
372 -74.0000000000
376 -73.0000000000
377 -72.0000000000
380 -71.0000000000
381 -70.0000000000
385 -69.0000000000
386 -68.0000000000
392 -67.0000000000
395 -66.0000000000
397 -65.0000000000
405 -64.0000000000
417 -63.0000000000
419 -62.0000000000
426 -61.0000000000
427 -60.0000000000
431 -59.0000000000
447 -58.0000000000
474 -57.0000000000
486 -56.0000000000
488 -55.0000000000
495 -54.0000000000
520 -53.0000000000
524 -52.0000000000
533 -51.0000000000
545 -50.0000000000
550 -49.0000000000
557 -48.0000000000
561 -47.0000000000
562 -46.0000000000
568 -45.0000000000
571 -44.0000000000
573 -43.0000000000
614 -42.0000000000
617 -41.0000000000
631 -40.0000000000
636 -39.0000000000
642 -38.0000000000
645 -37.0000000000
646 -36.0000000000
650 -35.0000000000
666 -34.0000000000
667 -33.0000000000
680 -32.0000000000
698 -31.0000000000
709 -30.0000000000
720 -29.0000000000
722 -28.0000000000
723 -27.0000000000
735 -26.0000000000
751 -25.0000000000
757 -24.0000000000
772 -23.0000000000
833 -22.0000000000
849 -21.0000000000
915 -20.0000000000
929 -19.0000000000
932 -18.0000000000
937 -17.0000000000
939 -16.0000000000
988 -15.0000000000
993 -14.0000000000
995 -13.0000000000
999 -12.0000000000
1000 -11.0000000000
1009 -10.0000000000
1016 -9.0000000000
1037 -8.0000000000
1061 -7.0000000000
1063 -6.0000000000
1073 -5.0000000000
1103 -4.0000000000
1107 -3.0000000000
1159 -2.0000000000
1162 -1.0000000000
1174 375.0000000000
100000 -1.0000000000
evaluations raw_y
1 -219.0000000000
2 -218.0000000000
4 -217.0000000000
6 -216.0000000000
7 -215.0000000000
11 -214.0000000000
12 -213.0000000000
14 -212.0000000000
15 -211.0000000000
16 -210.0000000000
20 -209.0000000000
22 -208.0000000000
24 -207.0000000000
28 -206.0000000000
30 -205.0000000000
31 -204.0000000000
33 -203.0000000000
34 -202.0000000000
36 -201.0000000000
37 -200.0000000000
38 -199.0000000000
39 -198.0000000000
41 -197.0000000000
44 -196.0000000000
46 -195.0000000000
48 -194.0000000000
49 -193.0000000000
52 -192.0000000000
54 -191.0000000000
55 -190.0000000000
61 -189.0000000000
64 -188.0000000000
69 -187.0000000000
71 -186.0000000000
72 -185.0000000000
75 -184.0000000000
76 -183.0000000000
80 -182.0000000000
81 -181.0000000000
82 -180.0000000000
85 -179.0000000000
86 -178.0000000000
88 -177.0000000000
97 -176.0000000000
98 -175.0000000000
100 -174.0000000000
101 -173.0000000000
104 -172.0000000000
107 -171.0000000000
109 -170.0000000000
113 -169.0000000000
121 -168.0000000000
125 -167.0000000000
130 -166.0000000000
131 -165.0000000000
136 -164.0000000000
140 -163.0000000000
142 -162.0000000000
146 -161.0000000000
150 -160.0000000000
155 -159.0000000000
156 -158.0000000000
157 -157.0000000000
158 -156.0000000000
163 -155.0000000000
166 -154.0000000000
173 -153.0000000000
174 -152.0000000000
175 -151.0000000000
176 -150.0000000000
179 -149.0000000000
181 -148.0000000000
183 -147.0000000000
184 -146.0000000000
186 -145.0000000000
188 -144.0000000000
190 -143.0000000000
198 -142.0000000000
199 -141.0000000000
200 -140.0000000000
207 -139.0000000000
208 -138.0000000000
214 -137.0000000000
215 -136.0000000000
217 -135.0000000000
221 -134.0000000000
224 -133.0000000000
230 -132.0000000000
236 -131.0000000000
242 -130.0000000000
247 -129.0000000000
249 -128.0000000000
250 -127.0000000000
256 -126.0000000000
257 -125.0000000000
265 -124.0000000000
270 -123.0000000000
271 -122.0000000000
274 -121.0000000000
278 -120.0000000000
279 -119.0000000000
282 -118.0000000000
283 -117.0000000000
284 -116.0000000000
291 -115.0000000000
293 -114.0000000000
294 -113.0000000000
295 -112.0000000000
296 -111.0000000000
299 -110.0000000000
303 -109.0000000000
304 -108.0000000000
309 -107.0000000000
311 -106.0000000000
312 -105.0000000000
313 -104.0000000000
314 -103.0000000000
316 -102.0000000000
319 -101.0000000000
328 -100.0000000000
341 -99.0000000000
344 -98.0000000000
348 -97.0000000000
349 -96.0000000000
364 -95.0000000000
366 -94.0000000000
381 -93.0000000000
383 -92.0000000000
390 -91.0000000000
393 -90.0000000000
398 -89.0000000000
399 -88.0000000000
400 -87.0000000000
402 -86.0000000000
405 -85.0000000000
415 -84.0000000000
420 -83.0000000000
422 -82.0000000000
430 -81.0000000000
432 -80.0000000000
442 -79.0000000000
445 -78.0000000000
449 -77.0000000000
454 -76.0000000000
465 -75.0000000000
467 -74.0000000000
468 -73.0000000000
474 -72.0000000000
487 -71.0000000000
490 -70.0000000000
496 -69.0000000000
500 -68.0000000000
517 -67.0000000000
519 -66.0000000000
537 -65.0000000000
549 -64.0000000000
556 -63.0000000000
557 -62.0000000000
563 -61.0000000000
575 -60.0000000000
577 -59.0000000000
578 -58.0000000000
579 -57.0000000000
581 -56.0000000000
583 -55.0000000000
585 -54.0000000000
586 -53.0000000000
592 -52.0000000000
593 -51.0000000000
594 -50.0000000000
603 -49.0000000000
606 -48.0000000000
608 -47.0000000000
612 -46.0000000000
624 -45.0000000000
644 -44.0000000000
653 -43.0000000000
658 -42.0000000000
662 -41.0000000000
668 -40.0000000000
676 -39.0000000000
708 -38.0000000000
720 -37.0000000000
722 -36.0000000000
733 -35.0000000000
738 -34.0000000000
761 -33.0000000000
771 -32.0000000000
774 -31.0000000000
775 -30.0000000000
790 -29.0000000000
796 -28.0000000000
818 -27.0000000000
823 -26.0000000000
863 -25.0000000000
885 -24.0000000000
890 -23.0000000000
899 -22.0000000000
926 -21.0000000000
939 -20.0000000000
948 -19.0000000000
955 -18.0000000000
957 -17.0000000000
1012 -16.0000000000
1039 -15.0000000000
1056 -14.0000000000
1069 -13.0000000000
1132 -12.0000000000
1157 -11.0000000000
1160 -10.0000000000
1174 -9.0000000000
1182 -8.0000000000
1220 -7.0000000000
1221 -6.0000000000
1223 -5.0000000000
1224 -4.0000000000
1332 -3.0000000000
1340 -2.0000000000
1411 -1.0000000000
1477 371.0000000000
100000 -1.0000000000
evaluations raw_y
1 -212.0000000000
2 -211.0000000000
3 -210.0000000000
4 -209.0000000000
6 -208.0000000000
8 -207.0000000000
13 -206.0000000000
16 -205.0000000000
18 -204.0000000000
20 -203.0000000000
21 -202.0000000000
23 -201.0000000000
25 -200.0000000000
30 -199.0000000000
35 -198.0000000000
38 -197.0000000000
43 -196.0000000000
46 -195.0000000000
50 -194.0000000000
51 -193.0000000000
54 -192.0000000000
58 -191.0000000000
60 -190.0000000000
66 -189.0000000000
68 -188.0000000000
70 -187.0000000000
72 -186.0000000000
75 -185.0000000000
76 -184.0000000000
77 -183.0000000000
82 -182.0000000000
87 -181.0000000000
89 -180.0000000000
91 -179.0000000000
92 -178.0000000000
93 -177.0000000000
97 -176.0000000000
98 -175.0000000000
104 -174.0000000000
105 -173.0000000000
107 -172.0000000000
109 -171.0000000000
110 -170.0000000000
112 -169.0000000000
116 -168.0000000000
117 -167.0000000000
118 -166.0000000000
122 -165.0000000000
124 -164.0000000000
126 -163.0000000000
127 -162.0000000000
137 -161.0000000000
139 -160.0000000000
141 -159.0000000000
143 -158.0000000000
145 -157.0000000000
147 -156.0000000000
148 -155.0000000000
149 -154.0000000000
153 -153.0000000000
155 -152.0000000000
156 -151.0000000000
158 -150.0000000000
159 -149.0000000000
165 -148.0000000000
168 -147.0000000000
169 -146.0000000000
170 -145.0000000000
171 -144.0000000000
172 -143.0000000000
173 -142.0000000000
174 -141.0000000000
176 -140.0000000000
182 -139.0000000000
184 -138.0000000000
186 -137.0000000000
188 -136.0000000000
191 -135.0000000000
192 -134.0000000000
193 -133.0000000000
194 -132.0000000000
196 -131.0000000000
197 -130.0000000000
200 -129.0000000000
201 -128.0000000000
202 -127.0000000000
209 -126.0000000000
214 -125.0000000000
215 -124.0000000000
219 -123.0000000000
222 -122.0000000000
223 -121.0000000000
224 -120.0000000000
225 -119.0000000000
232 -118.0000000000
233 -117.0000000000
234 -116.0000000000
236 -115.0000000000
237 -114.0000000000
242 -113.0000000000
243 -112.0000000000
244 -111.0000000000
251 -110.0000000000
252 -109.0000000000
254 -108.0000000000
268 -107.0000000000
275 -106.0000000000
285 -105.0000000000
288 -104.0000000000
295 -103.0000000000
297 -102.0000000000
301 -101.0000000000
305 -100.0000000000
308 -99.0000000000
313 -98.0000000000
315 -97.0000000000
318 -96.0000000000
324 -95.0000000000
334 -94.0000000000
338 -93.0000000000
339 -92.0000000000
344 -91.0000000000
347 -90.0000000000
352 -89.0000000000
357 -88.0000000000
358 -87.0000000000
367 -86.0000000000
369 -85.0000000000
375 -84.0000000000
376 -83.0000000000
378 -82.0000000000
379 -81.0000000000
383 -80.0000000000
393 -79.0000000000
394 -78.0000000000
400 -77.0000000000
405 -76.0000000000
407 -75.0000000000
415 -74.0000000000
417 -73.0000000000
420 -72.0000000000
431 -71.0000000000
432 -70.0000000000
433 -69.0000000000
435 -68.0000000000
437 -67.0000000000
454 -66.0000000000
467 -65.0000000000
476 -64.0000000000
478 -63.0000000000
485 -62.0000000000
486 -61.0000000000
487 -60.0000000000
492 -59.0000000000
507 -58.0000000000
511 -57.0000000000
521 -56.0000000000
531 -55.0000000000
557 -54.0000000000
559 -53.0000000000
570 -52.0000000000
577 -51.0000000000
579 -50.0000000000
582 -49.0000000000
585 -48.0000000000
587 -47.0000000000
593 -46.0000000000
599 -45.0000000000
606 -44.0000000000
615 -43.0000000000
622 -42.0000000000
629 -41.0000000000
665 -40.0000000000
687 -39.0000000000
693 -38.0000000000
696 -37.0000000000
697 -36.0000000000
698 -35.0000000000
700 -34.0000000000
744 -33.0000000000
746 -32.0000000000
758 -31.0000000000
768 -30.0000000000
775 -29.0000000000
776 -28.0000000000
783 -27.0000000000
805 -26.0000000000
809 -25.0000000000
830 -24.0000000000
838 -23.0000000000
856 -22.0000000000
900 -21.0000000000
919 -20.0000000000
920 -19.0000000000
927 -18.0000000000
944 -17.0000000000
955 -16.0000000000
956 -15.0000000000
973 -14.0000000000
996 -13.0000000000
1011 -12.0000000000
1021 -11.0000000000
1108 -10.0000000000
1118 -9.0000000000
1219 -8.0000000000
1276 -7.0000000000
1280 -6.0000000000
1301 -5.0000000000
1392 -4.0000000000
1397 -3.0000000000
1398 -2.0000000000
1453 -1.0000000000
1458 394.0000000000
100000 -1.0000000000
evaluations raw_y
1 -213.0000000000
5 -212.0000000000
6 -211.0000000000
10 -210.0000000000
14 -209.0000000000
15 -208.0000000000
17 -207.0000000000
21 -206.0000000000
22 -205.0000000000
24 -204.0000000000
25 -203.0000000000
26 -202.0000000000
27 -201.0000000000
28 -200.0000000000
30 -199.0000000000
33 -198.0000000000
34 -197.0000000000
37 -196.0000000000
39 -195.0000000000
40 -194.0000000000
43 -193.0000000000
44 -192.0000000000
45 -191.0000000000
47 -190.0000000000
48 -189.0000000000
49 -188.0000000000
50 -187.0000000000
52 -186.0000000000
55 -185.0000000000
56 -184.0000000000
60 -183.0000000000
65 -182.0000000000
66 -181.0000000000
70 -180.0000000000
71 -179.0000000000
72 -178.0000000000
74 -177.0000000000
75 -176.0000000000
79 -175.0000000000
80 -174.0000000000
82 -173.0000000000
83 -172.0000000000
86 -171.0000000000
89 -170.0000000000
91 -169.0000000000
92 -168.0000000000
93 -167.0000000000
95 -166.0000000000
100 -165.0000000000
102 -164.0000000000
106 -163.0000000000
111 -162.0000000000
112 -161.0000000000
114 -160.0000000000
115 -159.0000000000
118 -158.0000000000
119 -157.0000000000
120 -156.0000000000
127 -155.0000000000
132 -154.0000000000
134 -153.0000000000
138 -152.0000000000
146 -151.0000000000
149 -150.0000000000
153 -149.0000000000
155 -148.0000000000
157 -147.0000000000
160 -146.0000000000
164 -145.0000000000
169 -144.0000000000
178 -143.0000000000
181 -142.0000000000
190 -141.0000000000
191 -140.0000000000
193 -139.0000000000
195 -138.0000000000
196 -137.0000000000
197 -136.0000000000
202 -135.0000000000
203 -134.0000000000
206 -133.0000000000
207 -132.0000000000
212 -131.0000000000
213 -130.0000000000
216 -129.0000000000
221 -128.0000000000
224 -127.0000000000
225 -126.0000000000
226 -125.0000000000
230 -124.0000000000
247 -123.0000000000
249 -122.0000000000
254 -121.0000000000
258 -120.0000000000
267 -119.0000000000
270 -118.0000000000
272 -117.0000000000
273 -116.0000000000
274 -115.0000000000
276 -114.0000000000
281 -113.0000000000
284 -112.0000000000
286 -111.0000000000
291 -110.0000000000
292 -109.0000000000
294 -108.0000000000
296 -107.0000000000
297 -106.0000000000
298 -105.0000000000
301 -104.0000000000
303 -103.0000000000
308 -102.0000000000
311 -101.0000000000
313 -100.0000000000
314 -99.0000000000
317 -98.0000000000
319 -97.0000000000
323 -96.0000000000
325 -95.0000000000
326 -94.0000000000
327 -93.0000000000
330 -92.0000000000
336 -91.0000000000
337 -90.0000000000
338 -89.0000000000
342 -88.0000000000
343 -87.0000000000
344 -86.0000000000
371 -85.0000000000
372 -84.0000000000
380 -83.0000000000
389 -82.0000000000
394 -81.0000000000
395 -80.0000000000
399 -79.0000000000
400 -78.0000000000
428 -77.0000000000
431 -76.0000000000
434 -75.0000000000
437 -74.0000000000
440 -73.0000000000
444 -72.0000000000
449 -71.0000000000
465 -70.0000000000
472 -69.0000000000
474 -68.0000000000
476 -67.0000000000
481 -66.0000000000
488 -65.0000000000
499 -64.0000000000
500 -63.0000000000
510 -62.0000000000
523 -61.0000000000
524 -60.0000000000
525 -59.0000000000
527 -58.0000000000
529 -57.0000000000
537 -56.0000000000
540 -55.0000000000
541 -54.0000000000
545 -53.0000000000
548 -52.0000000000
558 -51.0000000000
591 -50.0000000000
598 -49.0000000000
612 -48.0000000000
616 -47.0000000000
629 -46.0000000000
632 -45.0000000000
648 -44.0000000000
658 -43.0000000000
659 -42.0000000000
665 -41.0000000000
689 -40.0000000000
710 -39.0000000000
723 -38.0000000000
724 -37.0000000000
751 -36.0000000000
758 -35.0000000000
760 -34.0000000000
771 -33.0000000000
774 -32.0000000000
780 -31.0000000000
787 -30.0000000000
802 -29.0000000000
805 -28.0000000000
820 -27.0000000000
842 -26.0000000000
846 -25.0000000000
888 -24.0000000000
893 -23.0000000000
902 -22.0000000000
926 -21.0000000000
929 -20.0000000000
942 -19.0000000000
986 -18.0000000000
1002 -17.0000000000
1029 -16.0000000000
1057 -15.0000000000
1058 -14.0000000000
1094 -13.0000000000
1109 -12.0000000000
1110 -11.0000000000
1139 -10.0000000000
1147 -9.0000000000
1197 -8.0000000000
1204 -7.0000000000
1221 -6.0000000000
1237 -5.0000000000
1285 -4.0000000000
1339 -3.0000000000
1365 -2.0000000000
1390 -1.0000000000
1473 394.0000000000
100000 -1.0000000000
