evaluations raw_y
1 -205.0000000000
2 -204.0000000000
3 -203.0000000000
7 -202.0000000000
11 -201.0000000000
17 -200.0000000000
20 -199.0000000000
21 -198.0000000000
23 -197.0000000000
29 -196.0000000000
30 -195.0000000000
51 -194.0000000000
55 -193.0000000000
56 -192.0000000000
64 -191.0000000000
73 -190.0000000000
80 -189.0000000000
84 -188.0000000000
86 -187.0000000000
97 -186.0000000000
111 -185.0000000000
113 -183.0000000000
120 -182.0000000000
121 -181.0000000000
124 -180.0000000000
126 -179.0000000000
134 -178.0000000000
135 -177.0000000000
138 -176.0000000000
142 -175.0000000000
149 -174.0000000000
151 -173.0000000000
156 -172.0000000000
159 -169.0000000000
163 -168.0000000000
168 -167.0000000000
179 -166.0000000000
183 -165.0000000000
186 -164.0000000000
196 -163.0000000000
197 -162.0000000000
198 -161.0000000000
201 -160.0000000000
206 -159.0000000000
211 -158.0000000000
213 -157.0000000000
216 -156.0000000000
217 -154.0000000000
220 -153.0000000000
221 -152.0000000000
224 -150.0000000000
233 -149.0000000000
245 -147.0000000000
250 -146.0000000000
259 -145.0000000000
261 -143.0000000000
274 -142.0000000000
305 -141.0000000000
309 -140.0000000000
314 -139.0000000000
315 -138.0000000000
317 -137.0000000000
318 -136.0000000000
319 -135.0000000000
322 -134.0000000000
326 -133.0000000000
332 -132.0000000000
334 -131.0000000000
342 -130.0000000000
352 -129.0000000000
362 -128.0000000000
378 -126.0000000000
379 -125.0000000000
384 -124.0000000000
386 -122.0000000000
390 -121.0000000000
392 -120.0000000000
395 -119.0000000000
402 -118.0000000000
407 -117.0000000000
415 -116.0000000000
424 -115.0000000000
432 -114.0000000000
441 -113.0000000000
443 -112.0000000000
450 -111.0000000000
451 -109.0000000000
453 -108.0000000000
460 -107.0000000000
461 -106.0000000000
463 -105.0000000000
466 -104.0000000000
479 -102.0000000000
491 -101.0000000000
499 -100.0000000000
513 -99.0000000000
516 -98.0000000000
521 -97.0000000000
529 -96.0000000000
533 -95.0000000000
564 -94.0000000000
580 -93.0000000000
591 -92.0000000000
597 -91.0000000000
605 -90.0000000000
643 -89.0000000000
649 -88.0000000000
652 -87.0000000000
657 -86.0000000000
669 -85.0000000000
678 -84.0000000000
686 -83.0000000000
703 -82.0000000000
707 -81.0000000000
708 -80.0000000000
718 -79.0000000000
730 -78.0000000000
731 -77.0000000000
737 -76.0000000000
740 -75.0000000000
741 -74.0000000000
746 -73.0000000000
748 -72.0000000000
759 -71.0000000000
762 -70.0000000000
765 -69.0000000000
790 -68.0000000000
800 -67.0000000000
815 -66.0000000000
821 -65.0000000000
827 -63.0000000000
838 -62.0000000000
869 -61.0000000000
877 -60.0000000000
882 -59.0000000000
899 -58.0000000000
950 -57.0000000000
953 -56.0000000000
971 -55.0000000000
977 -54.0000000000
992 -53.0000000000
996 -52.0000000000
1018 -51.0000000000
1026 -50.0000000000
1061 -49.0000000000
1066 -48.0000000000
1111 -47.0000000000
1134 -46.0000000000
1135 -45.0000000000
1168 -44.0000000000
1181 -43.0000000000
1183 -42.0000000000
1184 -41.0000000000
1189 -40.0000000000
1193 -38.0000000000
1218 -37.0000000000
1226 -36.0000000000
1232 -35.0000000000
1235 -34.0000000000
1242 -33.0000000000
1254 -32.0000000000
1303 -31.0000000000
1307 -30.0000000000
1311 -29.0000000000
1315 -28.0000000000
1394 -27.0000000000
1455 -26.0000000000
1518 -25.0000000000
1523 -24.0000000000
1538 -23.0000000000
1559 -22.0000000000
1580 -20.0000000000
1588 -19.0000000000
1593 -18.0000000000
1594 -17.0000000000
1641 -15.0000000000
1700 -14.0000000000
1718 -13.0000000000
1754 -12.0000000000
1765 -11.0000000000
1780 -10.0000000000
1814 -9.0000000000
1818 -8.0000000000
1915 -7.0000000000
1994 -6.0000000000
2030 -5.0000000000
2192 -4.0000000000
2226 -3.0000000000
2351 -2.0000000000
2704 -1.0000000000
2807 381.0000000000
2992 382.0000000000
3103 384.0000000000
3561 391.0000000000
3572 395.0000000000
3770 403.0000000000
4071 408.0000000000
5872 418.0000000000
6894 423.0000000000
10985 425.0000000000
11847 426.0000000000
38489 430.0000000000
73118 431.0000000000
91481 432.0000000000
96808 435.0000000000
100000 -1.0000000000
evaluations raw_y
1 -208.0000000000
2 -207.0000000000
3 -206.0000000000
6 -205.0000000000
9 -204.0000000000
11 -203.0000000000
12 -202.0000000000
13 -201.0000000000
19 -200.0000000000
30 -198.0000000000
32 -197.0000000000
34 -196.0000000000
39 -195.0000000000
40 -194.0000000000
41 -192.0000000000
42 -191.0000000000
46 -190.0000000000
47 -189.0000000000
54 -188.0000000000
56 -187.0000000000
61 -186.0000000000
69 -184.0000000000
70 -183.0000000000
71 -182.0000000000
72 -181.0000000000
80 -180.0000000000
82 -179.0000000000
85 -178.0000000000
87 -175.0000000000
88 -172.0000000000
90 -171.0000000000
100 -170.0000000000
104 -168.0000000000
114 -167.0000000000
115 -166.0000000000
118 -165.0000000000
119 -164.0000000000
121 -163.0000000000
136 -162.0000000000
137 -161.0000000000
140 -160.0000000000
141 -158.0000000000
145 -157.0000000000
146 -156.0000000000
148 -155.0000000000
151 -153.0000000000
152 -152.0000000000
153 -150.0000000000
155 -149.0000000000
157 -148.0000000000
159 -147.0000000000
169 -146.0000000000
170 -145.0000000000
171 -144.0000000000
172 -143.0000000000
174 -142.0000000000
182 -141.0000000000
188 -139.0000000000
193 -138.0000000000
201 -137.0000000000
203 -136.0000000000
213 -135.0000000000
214 -134.0000000000
219 -133.0000000000
228 -132.0000000000
229 -131.0000000000
244 -130.0000000000
246 -129.0000000000
252 -128.0000000000
257 -127.0000000000
267 -126.0000000000
271 -125.0000000000
274 -124.0000000000
280 -123.0000000000
292 -122.0000000000
304 -121.0000000000
310 -120.0000000000
314 -119.0000000000
364 -118.0000000000
377 -117.0000000000
393 -116.0000000000
400 -115.0000000000
404 -113.0000000000
409 -112.0000000000
418 -111.0000000000
421 -110.0000000000
427 -109.0000000000
448 -108.0000000000
451 -107.0000000000
459 -106.0000000000
463 -105.0000000000
486 -104.0000000000
492 -103.0000000000
495 -102.0000000000
496 -101.0000000000
499 -100.0000000000
501 -98.0000000000
511 -97.0000000000
514 -96.0000000000
515 -95.0000000000
524 -94.0000000000
536 -93.0000000000
545 -92.0000000000
563 -91.0000000000
609 -90.0000000000
613 -89.0000000000
626 -88.0000000000
631 -87.0000000000
636 -86.0000000000
652 -85.0000000000
660 -84.0000000000
662 -83.0000000000
688 -82.0000000000
690 -81.0000000000
699 -80.0000000000
703 -79.0000000000
707 -77.0000000000
708 -76.0000000000
743 -75.0000000000
774 -74.0000000000
809 -73.0000000000
834 -72.0000000000
844 -71.0000000000
850 -70.0000000000
870 -69.0000000000
882 -68.0000000000
890 -67.0000000000
905 -66.0000000000
911 -64.0000000000
932 -63.0000000000
937 -62.0000000000
956 -61.0000000000
981 -60.0000000000
984 -59.0000000000
1002 -57.0000000000
1013 -56.0000000000
1028 -55.0000000000
1031 -54.0000000000
1060 -53.0000000000
1062 -52.0000000000
1066 -51.0000000000
1071 -50.0000000000
1073 -49.0000000000
1074 -48.0000000000
1103 -47.0000000000
1131 -46.0000000000
1143 -45.0000000000
1149 -44.0000000000
1154 -43.0000000000
1155 -42.0000000000
1163 -41.0000000000
1186 -40.0000000000
1211 -39.0000000000
1253 -38.0000000000
1279 -37.0000000000
1298 -36.0000000000
1306 -35.0000000000
1320 -34.0000000000
1339 -33.0000000000
1394 -32.0000000000
1414 -31.0000000000
1435 -30.0000000000
1450 -29.0000000000
1451 -28.0000000000
1465 -27.0000000000
1466 -26.0000000000
1482 -25.0000000000
1496 -24.0000000000
1508 -23.0000000000
1526 -22.0000000000
1528 -21.0000000000
1537 -20.0000000000
1602 -19.0000000000
1631 -18.0000000000
1649 -17.0000000000
1704 -16.0000000000
1779 -15.0000000000
2063 -14.0000000000
2105 -13.0000000000
2230 -12.0000000000
2298 -11.0000000000
2323 -10.0000000000
2347 -9.0000000000
2507 -8.0000000000
2559 -7.0000000000
2590 -6.0000000000
2720 -4.0000000000
2908 -3.0000000000
2913 -2.0000000000
2962 -1.0000000000
2999 391.0000000000
3258 404.0000000000
3461 408.0000000000
5233 410.0000000000
5357 418.0000000000
14463 421.0000000000
18652 423.0000000000
18668 424.0000000000
19479 427.0000000000
33946 429.0000000000
60478 430.0000000000
65767 431.0000000000
100000 -1.0000000000
evaluations raw_y
1 -225.0000000000
4 -223.0000000000
6 -222.0000000000
8 -221.0000000000
17 -220.0000000000
29 -219.0000000000
30 -217.0000000000
31 -215.0000000000
32 -213.0000000000
36 -212.0000000000
38 -211.0000000000
41 -210.0000000000
46 -209.0000000000
50 -208.0000000000
52 -206.0000000000
53 -204.0000000000
56 -203.0000000000
58 -202.0000000000
63 -201.0000000000
66 -200.0000000000
69 -198.0000000000
76 -197.0000000000
78 -195.0000000000
84 -194.0000000000
86 -193.0000000000
88 -191.0000000000
91 -189.0000000000
92 -188.0000000000
95 -187.0000000000
98 -186.0000000000
100 -184.0000000000
101 -183.0000000000
108 -182.0000000000
110 -181.0000000000
111 -180.0000000000
112 -179.0000000000
115 -178.0000000000
123 -176.0000000000
130 -174.0000000000
134 -173.0000000000
135 -172.0000000000
137 -171.0000000000
138 -170.0000000000
139 -169.0000000000
144 -168.0000000000
145 -167.0000000000
149 -166.0000000000
150 -165.0000000000
152 -164.0000000000
154 -162.0000000000
156 -161.0000000000
162 -160.0000000000
169 -159.0000000000
170 -158.0000000000
171 -156.0000000000
173 -155.0000000000
179 -154.0000000000
185 -152.0000000000
198 -151.0000000000
199 -150.0000000000
202 -149.0000000000
204 -148.0000000000
209 -147.0000000000
210 -146.0000000000
212 -145.0000000000
213 -143.0000000000
220 -142.0000000000
240 -140.0000000000
253 -138.0000000000
258 -137.0000000000
269 -136.0000000000
276 -135.0000000000
290 -134.0000000000
294 -133.0000000000
300 -132.0000000000
302 -131.0000000000
313 -130.0000000000
349 -129.0000000000
350 -128.0000000000
361 -127.0000000000
384 -126.0000000000
386 -123.0000000000
391 -122.0000000000
395 -121.0000000000
396 -118.0000000000
399 -117.0000000000
406 -116.0000000000
407 -115.0000000000
413 -114.0000000000
426 -113.0000000000
436 -111.0000000000
438 -109.0000000000
455 -108.0000000000
456 -107.0000000000
469 -106.0000000000
485 -105.0000000000
494 -104.0000000000
505 -103.0000000000
538 -102.0000000000
541 -100.0000000000
545 -99.0000000000
548 -98.0000000000
553 -97.0000000000
561 -96.0000000000
564 -95.0000000000
565 -94.0000000000
569 -93.0000000000
570 -92.0000000000
575 -91.0000000000
577 -90.0000000000
592 -89.0000000000
594 -88.0000000000
595 -87.0000000000
610 -86.0000000000
639 -84.0000000000
645 -83.0000000000
646 -82.0000000000
660 -81.0000000000
675 -80.0000000000
682 -79.0000000000
690 -78.0000000000
696 -77.0000000000
713 -76.0000000000
717 -75.0000000000
731 -73.0000000000
741 -72.0000000000
757 -71.0000000000
791 -70.0000000000
796 -69.0000000000
806 -68.0000000000
851 -67.0000000000
859 -66.0000000000
860 -65.0000000000
863 -64.0000000000
894 -63.0000000000
914 -62.0000000000
927 -61.0000000000
940 -60.0000000000
961 -59.0000000000
964 -58.0000000000
992 -56.0000000000
1014 -55.0000000000
1018 -54.0000000000
1019 -53.0000000000
1036 -52.0000000000
1048 -51.0000000000
1050 -50.0000000000
1068 -48.0000000000
1076 -47.0000000000
1086 -46.0000000000
1093 -44.0000000000
1102 -43.0000000000
1113 -42.0000000000
1145 -41.0000000000
1152 -40.0000000000
1159 -38.0000000000
1179 -37.0000000000
1192 -36.0000000000
1241 -35.0000000000
1261 -34.0000000000
1263 -33.0000000000
1289 -32.0000000000
1308 -31.0000000000
1348 -30.0000000000
1371 -29.0000000000
1386 -28.0000000000
1399 -27.0000000000
1404 -26.0000000000
1412 -25.0000000000
1432 -24.0000000000
1515 -23.0000000000
1558 -22.0000000000
1562 -21.0000000000
1596 -20.0000000000
1622 -19.0000000000
1644 -17.0000000000
1713 -16.0000000000
1737 -15.0000000000
1773 -14.0000000000
1793 -13.0000000000
1817 -12.0000000000
1953 -11.0000000000
2039 -10.0000000000
2047 -9.0000000000
2110 -8.0000000000
2119 -7.0000000000
2210 -6.0000000000
2248 -5.0000000000
2581 -4.0000000000
2684 -3.0000000000
2724 -2.0000000000
2748 -1.0000000000
2833 396.0000000000
2868 397.0000000000
3487 404.0000000000
4487 407.0000000000
7203 417.0000000000
7775 423.0000000000
13258 425.0000000000
24724 429.0000000000
25069 431.0000000000
29179 432.0000000000
72410 435.0000000000
100000 -2.0000000000
evaluations raw_y
1 -234.0000000000
2 -233.0000000000
3 -232.0000000000
5 -231.0000000000
7 -229.0000000000
11 -228.0000000000
14 -227.0000000000
19 -225.0000000000
20 -223.0000000000
21 -222.0000000000
24 -221.0000000000
31 -220.0000000000
41 -219.0000000000
53 -218.0000000000
56 -217.0000000000
59 -216.0000000000
62 -215.0000000000
64 -214.0000000000
68 -213.0000000000
69 -212.0000000000
74 -211.0000000000
76 -210.0000000000
80 -209.0000000000
84 -208.0000000000
85 -206.0000000000
86 -205.0000000000
89 -204.0000000000
91 -202.0000000000
97 -201.0000000000
101 -200.0000000000
104 -198.0000000000
106 -197.0000000000
107 -196.0000000000
108 -195.0000000000
109 -194.0000000000
120 -193.0000000000
124 -192.0000000000
127 -191.0000000000
129 -189.0000000000
132 -187.0000000000
135 -186.0000000000
138 -185.0000000000
139 -183.0000000000
142 -182.0000000000
146 -181.0000000000
149 -180.0000000000
155 -179.0000000000
156 -178.0000000000
169 -177.0000000000
184 -176.0000000000
187 -175.0000000000
188 -172.0000000000
192 -170.0000000000
199 -167.0000000000
208 -166.0000000000
211 -165.0000000000
215 -163.0000000000
221 -162.0000000000
224 -161.0000000000
228 -159.0000000000
232 -157.0000000000
234 -155.0000000000
244 -154.0000000000
246 -153.0000000000
251 -152.0000000000
252 -150.0000000000
254 -148.0000000000
259 -147.0000000000
260 -146.0000000000
266 -145.0000000000
274 -144.0000000000
275 -143.0000000000
278 -142.0000000000
280 -141.0000000000
284 -140.0000000000
285 -139.0000000000
293 -137.0000000000
297 -136.0000000000
305 -135.0000000000
306 -134.0000000000
307 -133.0000000000
309 -132.0000000000
310 -131.0000000000
319 -130.0000000000
329 -129.0000000000
333 -128.0000000000
336 -126.0000000000
341 -125.0000000000
354 -124.0000000000
356 -123.0000000000
357 -121.0000000000
358 -120.0000000000
372 -119.0000000000
383 -117.0000000000
402 -116.0000000000
408 -115.0000000000
412 -114.0000000000
413 -113.0000000000
429 -112.0000000000
444 -111.0000000000
445 -110.0000000000
450 -109.0000000000
451 -108.0000000000
468 -107.0000000000
481 -106.0000000000
498 -105.0000000000
501 -103.0000000000
504 -102.0000000000
518 -101.0000000000
525 -100.0000000000
527 -98.0000000000
537 -96.0000000000
545 -95.0000000000
546 -94.0000000000
547 -93.0000000000
574 -92.0000000000
579 -91.0000000000
581 -90.0000000000
606 -89.0000000000
611 -88.0000000000
614 -87.0000000000
626 -86.0000000000
628 -85.0000000000
631 -84.0000000000
647 -83.0000000000
668 -82.0000000000
671 -81.0000000000
677 -80.0000000000
682 -79.0000000000
694 -78.0000000000
698 -77.0000000000
712 -75.0000000000
717 -74.0000000000
737 -73.0000000000
743 -72.0000000000
757 -71.0000000000
766 -70.0000000000
789 -69.0000000000
795 -68.0000000000
805 -67.0000000000
856 -65.0000000000
873 -64.0000000000
887 -63.0000000000
895 -62.0000000000
913 -61.0000000000
946 -60.0000000000
973 -59.0000000000
1024 -58.0000000000
1030 -57.0000000000
1033 -56.0000000000
1042 -55.0000000000
1061 -54.0000000000
1062 -53.0000000000
1081 -52.0000000000
1082 -51.0000000000
1096 -50.0000000000
1120 -49.0000000000
1126 -48.0000000000
1134 -46.0000000000
1141 -45.0000000000
1162 -44.0000000000
1216 -43.0000000000
1219 -42.0000000000
1226 -41.0000000000
1255 -40.0000000000
1269 -38.0000000000
1292 -37.0000000000
1329 -36.0000000000
1337 -35.0000000000
1342 -34.0000000000
1386 -33.0000000000
1447 -32.0000000000
1475 -31.0000000000
1482 -30.0000000000
1511 -29.0000000000
1513 -28.0000000000
1531 -27.0000000000
1539 -26.0000000000
1585 -25.0000000000
1587 -24.0000000000
1588 -23.0000000000
1643 -22.0000000000
1644 -21.0000000000
1647 -20.0000000000
1675 -19.0000000000
1682 -18.0000000000
1685 -17.0000000000
1781 -16.0000000000
1811 -15.0000000000
1843 -14.0000000000
1914 -13.0000000000
1936 -12.0000000000
1972 -11.0000000000
2007 -10.0000000000
2113 -9.0000000000
2115 -8.0000000000
2193 -7.0000000000
2381 -6.0000000000
2397 -5.0000000000
2423 -4.0000000000
2449 -3.0000000000
2670 -2.0000000000
2673 -1.0000000000
2699 379.0000000000
3378 386.0000000000
3747 395.0000000000
3914 400.0000000000
3947 404.0000000000
4803 406.0000000000
5236 410.0000000000
6448 412.0000000000
6502 413.0000000000
7116 417.0000000000
13647 418.0000000000
18489 419.0000000000
20205 420.0000000000
25105 421.0000000000
25438 422.0000000000
29897 423.0000000000
35520 425.0000000000
53714 427.0000000000
55396 428.0000000000
78056 429.0000000000
89190 430.0000000000
100000 -1.0000000000
evaluations raw_y
1 -215.0000000000
6 -214.0000000000
7 -212.0000000000
9 -211.0000000000
10 -210.0000000000
22 -209.0000000000
24 -208.0000000000
30 -206.0000000000
36 -205.0000000000
38 -204.0000000000
46 -203.0000000000
48 -202.0000000000
53 -201.0000000000
57 -200.0000000000
59 -199.0000000000
67 -197.0000000000
69 -196.0000000000
73 -195.0000000000
77 -194.0000000000
83 -193.0000000000
90 -192.0000000000
95 -191.0000000000
96 -189.0000000000
97 -188.0000000000
99 -186.0000000000
100 -185.0000000000
102 -184.0000000000
108 -183.0000000000
109 -182.0000000000
110 -179.0000000000
111 -178.0000000000
124 -176.0000000000
126 -175.0000000000
128 -174.0000000000
136 -173.0000000000
149 -172.0000000000
172 -171.0000000000
177 -169.0000000000
178 -168.0000000000
180 -167.0000000000
184 -166.0000000000
187 -165.0000000000
189 -164.0000000000
190 -163.0000000000
192 -162.0000000000
195 -161.0000000000
200 -160.0000000000
207 -159.0000000000
208 -158.0000000000
216 -157.0000000000
219 -156.0000000000
226 -155.0000000000
234 -154.0000000000
237 -152.0000000000
238 -151.0000000000
272 -150.0000000000
276 -149.0000000000
278 -148.0000000000
290 -147.0000000000
292 -146.0000000000
294 -145.0000000000
295 -144.0000000000
299 -143.0000000000
301 -142.0000000000
302 -141.0000000000
305 -140.0000000000
306 -139.0000000000
321 -138.0000000000
323 -137.0000000000
325 -136.0000000000
339 -135.0000000000
340 -134.0000000000
341 -133.0000000000
347 -132.0000000000
350 -131.0000000000
370 -130.0000000000
378 -129.0000000000
405 -128.0000000000
416 -126.0000000000
418 -125.0000000000
422 -124.0000000000
434 -123.0000000000
435 -122.0000000000
437 -120.0000000000
439 -119.0000000000
447 -117.0000000000
457 -115.0000000000
462 -114.0000000000
465 -113.0000000000
472 -112.0000000000
503 -111.0000000000
514 -110.0000000000
525 -109.0000000000
527 -108.0000000000
528 -107.0000000000
558 -106.0000000000
560 -105.0000000000
561 -104.0000000000
583 -103.0000000000
593 -102.0000000000
600 -101.0000000000
622 -98.0000000000
637 -97.0000000000
642 -96.0000000000
643 -95.0000000000
651 -94.0000000000
657 -93.0000000000
680 -92.0000000000
691 -90.0000000000
696 -88.0000000000
703 -87.0000000000
708 -86.0000000000
715 -85.0000000000
731 -84.0000000000
758 -82.0000000000
766 -81.0000000000
785 -80.0000000000
801 -79.0000000000
818 -78.0000000000
853 -77.0000000000
858 -76.0000000000
873 -75.0000000000
877 -73.0000000000
905 -72.0000000000
961 -71.0000000000
995 -69.0000000000
1033 -68.0000000000
1037 -67.0000000000
1057 -65.0000000000
1076 -64.0000000000
1135 -63.0000000000
1140 -62.0000000000
1157 -61.0000000000
1161 -60.0000000000
1172 -59.0000000000
1181 -58.0000000000
1207 -57.0000000000
1222 -56.0000000000
1227 -55.0000000000
1232 -54.0000000000
1236 -53.0000000000
1245 -52.0000000000
1251 -50.0000000000
1300 -49.0000000000
1308 -48.0000000000
1322 -47.0000000000
1349 -46.0000000000
1353 -45.0000000000
1382 -44.0000000000
1388 -43.0000000000
1423 -42.0000000000
1459 -41.0000000000
1470 -40.0000000000
1485 -39.0000000000
1548 -37.0000000000
1555 -36.0000000000
1571 -35.0000000000
1587 -34.0000000000
1631 -33.0000000000
1638 -32.0000000000
1656 -31.0000000000
1694 -30.0000000000
1698 -29.0000000000
1717 -28.0000000000
1719 -27.0000000000
1749 -26.0000000000
1766 -25.0000000000
1774 -24.0000000000
1780 -23.0000000000
1801 -22.0000000000
1928 -21.0000000000
1960 -20.0000000000
1988 -19.0000000000
1989 -18.0000000000
2103 -17.0000000000
2132 -16.0000000000
2305 -15.0000000000
2362 -14.0000000000
2409 -13.0000000000
2425 -12.0000000000
2543 -11.0000000000
2686 -10.0000000000
2726 -9.0000000000
2742 -7.0000000000
2747 -6.0000000000
2850 -5.0000000000
2880 -4.0000000000
3092 -3.0000000000
3100 -2.0000000000
3317 -1.0000000000
3368 394.0000000000
3695 401.0000000000
3731 404.0000000000
4152 405.0000000000
4264 407.0000000000
6941 409.0000000000
7724 412.0000000000
10343 416.0000000000
13130 419.0000000000
16457 421.0000000000
17539 423.0000000000
17989 427.0000000000
19103 429.0000000000
51828 430.0000000000
52067 432.0000000000
66560 434.0000000000
83857 435.0000000000
100000 -1.0000000000
evaluations raw_y
1 -221.0000000000
2 -220.0000000000
5 -218.0000000000
16 -217.0000000000
18 -216.0000000000
24 -215.0000000000
25 -214.0000000000
28 -213.0000000000
30 -212.0000000000
31 -211.0000000000
35 -210.0000000000
43 -209.0000000000
45 -208.0000000000
48 -207.0000000000
53 -206.0000000000
61 -204.0000000000
67 -203.0000000000
69 -202.0000000000
71 -200.0000000000
77 -199.0000000000
80 -198.0000000000
81 -197.0000000000
97 -196.0000000000
98 -195.0000000000
106 -194.0000000000
111 -193.0000000000
116 -192.0000000000
118 -191.0000000000
119 -190.0000000000
121 -189.0000000000
123 -188.0000000000
129 -187.0000000000
135 -186.0000000000
137 -185.0000000000
139 -184.0000000000
140 -183.0000000000
141 -182.0000000000
149 -181.0000000000
163 -180.0000000000
165 -178.0000000000
166 -176.0000000000
173 -175.0000000000
180 -174.0000000000
184 -173.0000000000
186 -172.0000000000
192 -171.0000000000
195 -170.0000000000
202 -167.0000000000
204 -166.0000000000
207 -165.0000000000
210 -164.0000000000
215 -162.0000000000
225 -160.0000000000
237 -158.0000000000
240 -157.0000000000
246 -156.0000000000
252 -155.0000000000
259 -153.0000000000
264 -152.0000000000
265 -151.0000000000
281 -149.0000000000
286 -148.0000000000
294 -146.0000000000
300 -145.0000000000
303 -143.0000000000
304 -142.0000000000
312 -141.0000000000
319 -140.0000000000
323 -138.0000000000
325 -137.0000000000
333 -136.0000000000
340 -135.0000000000
345 -134.0000000000
354 -133.0000000000
357 -132.0000000000
359 -131.0000000000
372 -130.0000000000
373 -129.0000000000
382 -127.0000000000
387 -126.0000000000
393 -124.0000000000
402 -123.0000000000
414 -122.0000000000
457 -120.0000000000
463 -119.0000000000
470 -118.0000000000
486 -117.0000000000
487 -116.0000000000
495 -115.0000000000
522 -114.0000000000
523 -113.0000000000
524 -112.0000000000
528 -111.0000000000
529 -110.0000000000
534 -108.0000000000
536 -107.0000000000
537 -106.0000000000
544 -105.0000000000
549 -104.0000000000
566 -103.0000000000
574 -102.0000000000
589 -101.0000000000
607 -100.0000000000
608 -98.0000000000
632 -97.0000000000
638 -96.0000000000
643 -95.0000000000
647 -93.0000000000
648 -92.0000000000
649 -91.0000000000
661 -88.0000000000
667 -87.0000000000
691 -86.0000000000
714 -85.0000000000
722 -84.0000000000
751 -83.0000000000
754 -82.0000000000
760 -81.0000000000
792 -80.0000000000
804 -79.0000000000
817 -78.0000000000
850 -77.0000000000
851 -76.0000000000
861 -75.0000000000
879 -74.0000000000
897 -73.0000000000
900 -72.0000000000
903 -71.0000000000
906 -70.0000000000
928 -69.0000000000
945 -68.0000000000
971 -67.0000000000
1035 -66.0000000000
1036 -65.0000000000
1043 -64.0000000000
1058 -63.0000000000
1078 -62.0000000000
1084 -61.0000000000
1125 -60.0000000000
1138 -58.0000000000
1196 -56.0000000000
1228 -55.0000000000
1257 -54.0000000000
1266 -53.0000000000
1293 -52.0000000000
1321 -51.0000000000
1333 -50.0000000000
1356 -49.0000000000
1394 -48.0000000000
1433 -47.0000000000
1484 -46.0000000000
1507 -45.0000000000
1511 -44.0000000000
1537 -43.0000000000
1609 -42.0000000000
1610 -41.0000000000
1654 -40.0000000000
1657 -39.0000000000
1689 -38.0000000000
1699 -37.0000000000
1704 -36.0000000000
1733 -35.0000000000
1738 -34.0000000000
1773 -33.0000000000
1816 -32.0000000000
1826 -31.0000000000
1841 -30.0000000000
1874 -29.0000000000
1924 -28.0000000000
1993 -27.0000000000
2015 -26.0000000000
2021 -25.0000000000
2038 -24.0000000000
2068 -23.0000000000
2100 -22.0000000000
2105 -21.0000000000
2124 -19.0000000000
2151 -18.0000000000
2229 -17.0000000000
2349 -16.0000000000
2467 -15.0000000000
2598 -14.0000000000
2600 -13.0000000000
2626 -12.0000000000
2778 -11.0000000000
2783 -10.0000000000
2802 -9.0000000000
2857 -8.0000000000
2869 -7.0000000000
2896 -6.0000000000
2932 -5.0000000000
2983 -4.0000000000
3091 -3.0000000000
3103 -2.0000000000
3226 -1.0000000000
3310 388.0000000000
3616 389.0000000000
4513 403.0000000000
4915 420.0000000000
5543 421.0000000000
6004 422.0000000000
7628 428.0000000000
11537 429.0000000000
12345 430.0000000000
19078 431.0000000000
21294 434.0000000000
100000 434.0000000000
evaluations raw_y
1 -207.0000000000
3 -206.0000000000
4 -204.0000000000
10 -203.0000000000
13 -201.0000000000
14 -199.0000000000
15 -197.0000000000
17 -196.0000000000
21 -195.0000000000
23 -194.0000000000
25 -193.0000000000
27 -190.0000000000
32 -189.0000000000
37 -188.0000000000
43 -187.0000000000
44 -186.0000000000
48 -185.0000000000
49 -184.0000000000
55 -183.0000000000
58 -182.0000000000
60 -181.0000000000
61 -180.0000000000
66 -178.0000000000
67 -177.0000000000
69 -176.0000000000
73 -175.0000000000
79 -173.0000000000
85 -172.0000000000
87 -171.0000000000
90 -170.0000000000
118 -168.0000000000
129 -167.0000000000
138 -166.0000000000
141 -165.0000000000
146 -164.0000000000
158 -163.0000000000
160 -161.0000000000
166 -159.0000000000
175 -157.0000000000
184 -156.0000000000
187 -155.0000000000
189 -154.0000000000
192 -153.0000000000
195 -152.0000000000
205 -151.0000000000
208 -150.0000000000
218 -149.0000000000
221 -148.0000000000
254 -146.0000000000
258 -145.0000000000
259 -144.0000000000
262 -143.0000000000
269 -142.0000000000
284 -141.0000000000
286 -139.0000000000
287 -138.0000000000
290 -137.0000000000
293 -136.0000000000
296 -135.0000000000
300 -134.0000000000
304 -133.0000000000
307 -132.0000000000
330 -131.0000000000
338 -130.0000000000
339 -129.0000000000
340 -128.0000000000
357 -127.0000000000
377 -126.0000000000
380 -125.0000000000
401 -124.0000000000
404 -122.0000000000
427 -121.0000000000
439 -120.0000000000
440 -119.0000000000
454 -118.0000000000
455 -117.0000000000
465 -116.0000000000
468 -115.0000000000
473 -114.0000000000
476 -113.0000000000
479 -111.0000000000
486 -110.0000000000
487 -109.0000000000
489 -108.0000000000
506 -107.0000000000
513 -106.0000000000
528 -104.0000000000
534 -103.0000000000
535 -100.0000000000
545 -99.0000000000
547 -98.0000000000
576 -96.0000000000
590 -95.0000000000
625 -94.0000000000
647 -92.0000000000
652 -91.0000000000
653 -90.0000000000
655 -89.0000000000
663 -88.0000000000
669 -87.0000000000
670 -86.0000000000
691 -85.0000000000
694 -83.0000000000
702 -82.0000000000
716 -81.0000000000
719 -80.0000000000
732 -79.0000000000
753 -78.0000000000
787 -77.0000000000
797 -76.0000000000
800 -75.0000000000
812 -74.0000000000
822 -73.0000000000
864 -72.0000000000
887 -71.0000000000
899 -70.0000000000
902 -69.0000000000
903 -68.0000000000
911 -67.0000000000
922 -66.0000000000
924 -65.0000000000
957 -63.0000000000
959 -62.0000000000
960 -61.0000000000
981 -59.0000000000
992 -57.0000000000
1023 -56.0000000000
1037 -54.0000000000
1055 -53.0000000000
1069 -52.0000000000
1074 -51.0000000000
1079 -50.0000000000
1111 -48.0000000000
1190 -47.0000000000
1192 -46.0000000000
1220 -45.0000000000
1226 -44.0000000000
1234 -43.0000000000
1279 -42.0000000000
1324 -41.0000000000
1357 -40.0000000000
1365 -39.0000000000
1379 -38.0000000000
1380 -37.0000000000
1383 -36.0000000000
1387 -35.0000000000
1393 -34.0000000000
1426 -32.0000000000
1465 -31.0000000000
1475 -30.0000000000
1481 -28.0000000000
1577 -27.0000000000
1612 -26.0000000000
1649 -25.0000000000
1669 -24.0000000000
1715 -23.0000000000
1727 -22.0000000000
1819 -21.0000000000
1883 -20.0000000000
1927 -19.0000000000
1945 -18.0000000000
1953 -17.0000000000
1959 -16.0000000000
2031 -15.0000000000
2089 -14.0000000000
2153 -13.0000000000
2172 -12.0000000000
2260 -11.0000000000
2288 -10.0000000000
2307 -9.0000000000
2386 -8.0000000000
2517 -7.0000000000
2750 -6.0000000000
2772 -5.0000000000
2778 -4.0000000000
2781 -3.0000000000
2848 -2.0000000000
2866 -1.0000000000
2906 378.0000000000
3150 387.0000000000
3746 390.0000000000
4375 393.0000000000
4393 411.0000000000
9829 413.0000000000
12091 414.0000000000
12409 415.0000000000
13202 416.0000000000
14672 420.0000000000
14733 426.0000000000
16741 427.0000000000
29120 433.0000000000
63765 434.0000000000
100000 -1.0000000000
evaluations raw_y
1 -219.0000000000
22 -218.0000000000
30 -217.0000000000
32 -216.0000000000
33 -213.0000000000
37 -211.0000000000
55 -210.0000000000
56 -209.0000000000
57 -208.0000000000
69 -207.0000000000
70 -206.0000000000
74 -204.0000000000
83 -203.0000000000
84 -202.0000000000
90 -200.0000000000
94 -199.0000000000
96 -197.0000000000
122 -196.0000000000
129 -194.0000000000
132 -192.0000000000
140 -191.0000000000
142 -190.0000000000
143 -189.0000000000
144 -188.0000000000
146 -187.0000000000
152 -186.0000000000
153 -185.0000000000
156 -184.0000000000
162 -183.0000000000
163 -182.0000000000
165 -181.0000000000
166 -180.0000000000
167 -179.0000000000
169 -178.0000000000
178 -175.0000000000
183 -174.0000000000
189 -172.0000000000
197 -171.0000000000
198 -170.0000000000
211 -169.0000000000
222 -168.0000000000
224 -166.0000000000
230 -165.0000000000
231 -164.0000000000
248 -163.0000000000
258 -162.0000000000
261 -161.0000000000
284 -159.0000000000
291 -157.0000000000
299 -155.0000000000
300 -154.0000000000
303 -153.0000000000
304 -152.0000000000
310 -151.0000000000
313 -150.0000000000
316 -148.0000000000
318 -147.0000000000
324 -146.0000000000
325 -145.0000000000
334 -144.0000000000
340 -143.0000000000
349 -142.0000000000
360 -141.0000000000
361 -140.0000000000
389 -139.0000000000
396 -137.0000000000
397 -136.0000000000
408 -135.0000000000
409 -134.0000000000
411 -133.0000000000
429 -131.0000000000
431 -130.0000000000
441 -129.0000000000
470 -128.0000000000
475 -127.0000000000
477 -125.0000000000
482 -123.0000000000
488 -122.0000000000
498 -121.0000000000
500 -120.0000000000
509 -119.0000000000
516 -118.0000000000
521 -117.0000000000
543 -116.0000000000
556 -115.0000000000
573 -114.0000000000
583 -113.0000000000
586 -112.0000000000
615 -111.0000000000
638 -110.0000000000
642 -109.0000000000
657 -108.0000000000
660 -107.0000000000
667 -106.0000000000
679 -105.0000000000
688 -104.0000000000
690 -103.0000000000
694 -102.0000000000
698 -101.0000000000
712 -99.0000000000
714 -98.0000000000
726 -97.0000000000
727 -96.0000000000
737 -95.0000000000
738 -94.0000000000
746 -93.0000000000
756 -91.0000000000
774 -90.0000000000
779 -89.0000000000
791 -87.0000000000
799 -85.0000000000
804 -84.0000000000
808 -83.0000000000
814 -81.0000000000
825 -80.0000000000
844 -79.0000000000
859 -78.0000000000
884 -77.0000000000
913 -76.0000000000
921 -75.0000000000
930 -74.0000000000
932 -73.0000000000
941 -72.0000000000
954 -71.0000000000
965 -70.0000000000
992 -68.0000000000
1006 -67.0000000000
1011 -66.0000000000
1017 -65.0000000000
1021 -64.0000000000
1046 -63.0000000000
1054 -62.0000000000
1061 -61.0000000000
1077 -60.0000000000
1088 -59.0000000000
1105 -58.0000000000
1122 -57.0000000000
1128 -56.0000000000
1131 -55.0000000000
1145 -54.0000000000
1159 -53.0000000000
1168 -52.0000000000
1170 -51.0000000000
1171 -50.0000000000
1174 -49.0000000000
1175 -48.0000000000
1178 -47.0000000000
1220 -45.0000000000
1263 -44.0000000000
1282 -43.0000000000
1288 -42.0000000000
1296 -41.0000000000
1307 -40.0000000000
1325 -39.0000000000
1330 -38.0000000000
1376 -37.0000000000
1386 -36.0000000000
1389 -35.0000000000
1406 -34.0000000000
1412 -33.0000000000
1432 -32.0000000000
1434 -31.0000000000
1435 -30.0000000000
1440 -29.0000000000
1442 -28.0000000000
1476 -27.0000000000
1510 -26.0000000000
1557 -25.0000000000
1657 -24.0000000000
1677 -23.0000000000
1709 -22.0000000000
1773 -21.0000000000
1800 -20.0000000000
1843 -19.0000000000
1882 -18.0000000000
1930 -17.0000000000
1973 -16.0000000000
2133 -15.0000000000
2136 -14.0000000000
2184 -13.0000000000
2197 -12.0000000000
2202 -11.0000000000
2232 -10.0000000000
2265 -9.0000000000
2476 -8.0000000000
2489 -7.0000000000
2563 -6.0000000000
2637 -4.0000000000
2711 -3.0000000000
2864 -2.0000000000
2908 -1.0000000000
2991 395.0000000000
3163 400.0000000000
4338 401.0000000000
4649 404.0000000000
6364 406.0000000000
8263 407.0000000000
8566 409.0000000000
15027 410.0000000000
15260 411.0000000000
15655 413.0000000000
15975 415.0000000000
23607 416.0000000000
23791 420.0000000000
24872 422.0000000000
42725 425.0000000000
61665 427.0000000000
85911 430.0000000000
100000 -1.0000000000
evaluations raw_y
1 -211.0000000000
5 -210.0000000000
8 -208.0000000000
10 -207.0000000000
11 -206.0000000000
18 -205.0000000000
21 -204.0000000000
24 -203.0000000000
29 -202.0000000000
31 -200.0000000000
33 -199.0000000000
36 -198.0000000000
37 -196.0000000000
40 -195.0000000000
58 -192.0000000000
65 -191.0000000000
70 -189.0000000000
71 -187.0000000000
75 -186.0000000000
78 -185.0000000000
79 -184.0000000000
80 -183.0000000000
82 -182.0000000000
83 -181.0000000000
84 -180.0000000000
99 -179.0000000000
101 -178.0000000000
114 -177.0000000000
127 -176.0000000000
132 -175.0000000000
134 -174.0000000000
136 -173.0000000000
142 -171.0000000000
154 -170.0000000000
163 -169.0000000000
169 -168.0000000000
172 -167.0000000000
180 -165.0000000000
189 -164.0000000000
195 -163.0000000000
207 -162.0000000000
212 -161.0000000000
214 -160.0000000000
215 -159.0000000000
217 -157.0000000000
223 -155.0000000000
229 -154.0000000000
232 -153.0000000000
243 -152.0000000000
248 -151.0000000000
252 -150.0000000000
255 -149.0000000000
265 -148.0000000000
276 -147.0000000000
278 -145.0000000000
285 -144.0000000000
287 -143.0000000000
293 -142.0000000000
296 -141.0000000000
297 -140.0000000000
298 -139.0000000000
299 -138.0000000000
305 -137.0000000000
307 -136.0000000000
321 -135.0000000000
325 -134.0000000000
330 -133.0000000000
353 -132.0000000000
355 -130.0000000000
356 -128.0000000000
358 -127.0000000000
391 -126.0000000000
396 -125.0000000000
424 -122.0000000000
442 -121.0000000000
443 -120.0000000000
448 -119.0000000000
455 -118.0000000000
456 -117.0000000000
458 -116.0000000000
467 -115.0000000000
470 -114.0000000000
474 -113.0000000000
475 -112.0000000000
476 -111.0000000000
484 -110.0000000000
488 -109.0000000000
495 -108.0000000000
512 -107.0000000000
519 -106.0000000000
521 -105.0000000000
524 -104.0000000000
525 -103.0000000000
537 -102.0000000000
544 -101.0000000000
546 -100.0000000000
548 -99.0000000000
549 -96.0000000000
553 -95.0000000000
560 -94.0000000000
565 -93.0000000000
567 -92.0000000000
571 -91.0000000000
597 -90.0000000000
598 -89.0000000000
605 -88.0000000000
607 -87.0000000000
608 -86.0000000000
610 -85.0000000000
625 -84.0000000000
636 -83.0000000000
652 -82.0000000000
659 -81.0000000000
667 -80.0000000000
668 -79.0000000000
682 -78.0000000000
706 -77.0000000000
714 -76.0000000000
715 -75.0000000000
748 -74.0000000000
784 -73.0000000000
786 -72.0000000000
794 -70.0000000000
822 -69.0000000000
830 -68.0000000000
847 -67.0000000000
864 -66.0000000000
881 -65.0000000000
883 -64.0000000000
885 -63.0000000000
887 -62.0000000000
895 -61.0000000000
896 -60.0000000000
917 -59.0000000000
950 -58.0000000000
952 -57.0000000000
958 -56.0000000000
973 -55.0000000000
983 -54.0000000000
985 -53.0000000000
1008 -52.0000000000
1011 -51.0000000000
1027 -50.0000000000
1055 -49.0000000000
1061 -48.0000000000
1064 -47.0000000000
1070 -46.0000000000
1074 -45.0000000000
1078 -44.0000000000
1093 -43.0000000000
1109 -42.0000000000
1110 -41.0000000000
1123 -40.0000000000
1138 -39.0000000000
1144 -38.0000000000
1145 -37.0000000000
1149 -36.0000000000
1170 -35.0000000000
1243 -34.0000000000
1280 -33.0000000000
1321 -32.0000000000
1379 -31.0000000000
1388 -30.0000000000
1410 -29.0000000000
1417 -28.0000000000
1462 -27.0000000000
1469 -26.0000000000
1470 -25.0000000000
1525 -24.0000000000
1558 -23.0000000000
1646 -22.0000000000
1669 -21.0000000000
1711 -20.0000000000
1725 -19.0000000000
1740 -18.0000000000
1761 -17.0000000000
1902 -16.0000000000
1913 -15.0000000000
1940 -14.0000000000
1949 -13.0000000000
1964 -12.0000000000
2004 -11.0000000000
2075 -10.0000000000
2084 -9.0000000000
2174 -8.0000000000
2194 -7.0000000000
2224 -6.0000000000
2280 -5.0000000000
2307 -4.0000000000
2321 -3.0000000000
2436 -2.0000000000
2543 -1.0000000000
2733 401.0000000000
2838 406.0000000000
2917 413.0000000000
3059 416.0000000000
3279 422.0000000000
4526 423.0000000000
10733 424.0000000000
15884 426.0000000000
16564 429.0000000000
38598 431.0000000000
62529 434.0000000000
84749 435.0000000000
86673 436.0000000000
100000 -2.0000000000
evaluations raw_y
1 -213.0000000000
5 -211.0000000000
6 -209.0000000000
12 -208.0000000000
14 -207.0000000000
16 -206.0000000000
25 -205.0000000000
31 -204.0000000000
40 -203.0000000000
45 -202.0000000000
51 -201.0000000000
57 -200.0000000000
63 -199.0000000000
66 -198.0000000000
68 -196.0000000000
69 -195.0000000000
80 -194.0000000000
89 -192.0000000000
94 -191.0000000000
96 -190.0000000000
99 -189.0000000000
104 -187.0000000000
114 -185.0000000000
119 -182.0000000000
123 -181.0000000000
124 -180.0000000000
131 -179.0000000000
135 -177.0000000000
137 -176.0000000000
141 -175.0000000000
142 -174.0000000000
144 -172.0000000000
151 -171.0000000000
155 -170.0000000000
156 -169.0000000000
159 -168.0000000000
162 -167.0000000000
165 -166.0000000000
168 -163.0000000000
169 -162.0000000000
178 -161.0000000000
180 -160.0000000000
183 -159.0000000000
187 -158.0000000000
194 -157.0000000000
196 -155.0000000000
198 -154.0000000000
211 -152.0000000000
219 -151.0000000000
220 -150.0000000000
224 -149.0000000000
225 -148.0000000000
239 -147.0000000000
243 -146.0000000000
245 -145.0000000000
265 -144.0000000000
277 -143.0000000000
281 -142.0000000000
282 -141.0000000000
287 -140.0000000000
288 -138.0000000000
300 -137.0000000000
308 -136.0000000000
309 -135.0000000000
322 -134.0000000000
330 -133.0000000000
344 -132.0000000000
345 -130.0000000000
350 -129.0000000000
352 -127.0000000000
366 -126.0000000000
367 -125.0000000000
376 -124.0000000000
377 -123.0000000000
384 -122.0000000000
391 -121.0000000000
400 -119.0000000000
406 -117.0000000000
420 -116.0000000000
423 -115.0000000000
426 -114.0000000000
428 -113.0000000000
457 -112.0000000000
464 -111.0000000000
471 -110.0000000000
474 -108.0000000000
523 -107.0000000000
525 -106.0000000000
530 -105.0000000000
551 -104.0000000000
559 -103.0000000000
568 -102.0000000000
576 -101.0000000000
579 -100.0000000000
587 -98.0000000000
615 -97.0000000000
621 -96.0000000000
645 -95.0000000000
647 -94.0000000000
658 -93.0000000000
662 -92.0000000000
667 -91.0000000000
690 -90.0000000000
706 -89.0000000000
707 -88.0000000000
709 -86.0000000000
731 -85.0000000000
748 -84.0000000000
763 -83.0000000000
782 -82.0000000000
797 -81.0000000000
799 -80.0000000000
804 -78.0000000000
817 -77.0000000000
825 -76.0000000000
847 -74.0000000000
903 -73.0000000000
912 -72.0000000000
914 -71.0000000000
918 -70.0000000000
934 -69.0000000000
940 -68.0000000000
957 -67.0000000000
959 -66.0000000000
1002 -65.0000000000
1040 -64.0000000000
1058 -63.0000000000
1060 -62.0000000000
1084 -61.0000000000
1085 -60.0000000000
1095 -59.0000000000
1103 -58.0000000000
1129 -57.0000000000
1157 -56.0000000000
1165 -55.0000000000
1210 -54.0000000000
1214 -53.0000000000
1219 -52.0000000000
1224 -51.0000000000
1282 -50.0000000000
1283 -49.0000000000
1298 -48.0000000000
1323 -47.0000000000
1331 -46.0000000000
1344 -45.0000000000
1380 -44.0000000000
1421 -43.0000000000
1428 -42.0000000000
1435 -40.0000000000
1461 -39.0000000000
1482 -38.0000000000
1517 -37.0000000000
1545 -36.0000000000
1558 -35.0000000000
1581 -34.0000000000
1659 -33.0000000000
1676 -32.0000000000
1746 -31.0000000000
1754 -30.0000000000
1780 -29.0000000000
1795 -28.0000000000
1822 -27.0000000000
1831 -26.0000000000
1860 -25.0000000000
1881 -24.0000000000
1883 -23.0000000000
1993 -22.0000000000
2017 -21.0000000000
2034 -20.0000000000
2035 -19.0000000000
2040 -18.0000000000
2079 -17.0000000000
2087 -16.0000000000
2116 -15.0000000000
2126 -14.0000000000
2232 -13.0000000000
2249 -12.0000000000
2258 -11.0000000000
2325 -10.0000000000
2329 -9.0000000000
2387 -8.0000000000
2407 -7.0000000000
2434 -6.0000000000
2545 -5.0000000000
2559 -4.0000000000
2632 -3.0000000000
2760 -2.0000000000
2821 -1.0000000000
2941 392.0000000000
3122 393.0000000000
3417 400.0000000000
3689 402.0000000000
4223 405.0000000000
5285 406.0000000000
6157 407.0000000000
6778 410.0000000000
6779 412.0000000000
7347 414.0000000000
9177 415.0000000000
9988 416.0000000000
10090 418.0000000000
15434 419.0000000000
26668 420.0000000000
27237 422.0000000000
29855 426.0000000000
30306 428.0000000000
40463 430.0000000000
44192 431.0000000000
45127 432.0000000000
56014 435.0000000000
76783 436.0000000000
100000 -2.0000000000
evaluations raw_y
1 -220.0000000000
2 -219.0000000000
5 -218.0000000000
9 -217.0000000000
14 -216.0000000000
17 -215.0000000000
20 -214.0000000000
24 -213.0000000000
26 -212.0000000000
28 -210.0000000000
29 -209.0000000000
33 -208.0000000000
35 -206.0000000000
36 -205.0000000000
40 -204.0000000000
41 -203.0000000000
50 -200.0000000000
52 -199.0000000000
54 -198.0000000000
59 -197.0000000000
61 -196.0000000000
66 -195.0000000000
68 -194.0000000000
69 -193.0000000000
78 -192.0000000000
88 -191.0000000000
94 -190.0000000000
95 -189.0000000000
96 -187.0000000000
97 -185.0000000000
108 -184.0000000000
113 -183.0000000000
114 -182.0000000000
117 -180.0000000000
132 -178.0000000000
138 -177.0000000000
139 -175.0000000000
143 -174.0000000000
144 -173.0000000000
145 -171.0000000000
149 -169.0000000000
154 -167.0000000000
158 -166.0000000000
162 -163.0000000000
164 -162.0000000000
167 -161.0000000000
172 -159.0000000000
174 -158.0000000000
190 -157.0000000000
195 -156.0000000000
198 -155.0000000000
202 -154.0000000000
206 -152.0000000000
224 -151.0000000000
231 -150.0000000000
233 -149.0000000000
237 -148.0000000000
241 -147.0000000000
245 -145.0000000000
259 -144.0000000000
260 -143.0000000000
268 -142.0000000000
285 -141.0000000000
293 -140.0000000000
295 -138.0000000000
296 -137.0000000000
301 -136.0000000000
304 -132.0000000000
310 -131.0000000000
325 -129.0000000000
329 -128.0000000000
331 -127.0000000000
346 -125.0000000000
349 -124.0000000000
350 -123.0000000000
351 -122.0000000000
359 -121.0000000000
364 -120.0000000000
367 -118.0000000000
370 -116.0000000000
386 -114.0000000000
388 -113.0000000000
415 -112.0000000000
422 -111.0000000000
452 -109.0000000000
469 -106.0000000000
482 -105.0000000000
489 -102.0000000000
493 -101.0000000000
497 -100.0000000000
504 -98.0000000000
506 -97.0000000000
536 -96.0000000000
539 -95.0000000000
543 -93.0000000000
546 -92.0000000000
577 -91.0000000000
590 -90.0000000000
604 -89.0000000000
606 -88.0000000000
619 -87.0000000000
623 -86.0000000000
624 -85.0000000000
662 -84.0000000000
665 -83.0000000000
673 -82.0000000000
676 -81.0000000000
686 -80.0000000000
693 -79.0000000000
698 -78.0000000000
710 -77.0000000000
722 -76.0000000000
723 -75.0000000000
724 -74.0000000000
739 -73.0000000000
758 -72.0000000000
810 -71.0000000000
814 -70.0000000000
816 -69.0000000000
822 -68.0000000000
839 -67.0000000000
852 -66.0000000000
871 -65.0000000000
898 -64.0000000000
903 -63.0000000000
906 -62.0000000000
907 -61.0000000000
908 -60.0000000000
935 -59.0000000000
939 -58.0000000000
974 -57.0000000000
975 -55.0000000000
991 -54.0000000000
994 -53.0000000000
1009 -52.0000000000
1040 -51.0000000000
1075 -50.0000000000
1076 -49.0000000000
1081 -48.0000000000
1114 -47.0000000000
1188 -46.0000000000
1216 -45.0000000000
1253 -44.0000000000
1373 -43.0000000000
1397 -41.0000000000
1408 -40.0000000000
1409 -39.0000000000
1455 -38.0000000000
1495 -37.0000000000
1498 -36.0000000000
1508 -35.0000000000
1509 -34.0000000000
1513 -33.0000000000
1525 -32.0000000000
1544 -31.0000000000
1573 -30.0000000000
1587 -29.0000000000
1599 -28.0000000000
1609 -26.0000000000
1617 -25.0000000000
1640 -24.0000000000
1682 -23.0000000000
1704 -22.0000000000
1725 -21.0000000000
1749 -20.0000000000
1759 -19.0000000000
1762 -18.0000000000
1812 -17.0000000000
1816 -16.0000000000
1822 -15.0000000000
1903 -14.0000000000
1908 -13.0000000000
1976 -12.0000000000
2083 -11.0000000000
2096 -10.0000000000
2113 -9.0000000000
2136 -8.0000000000
2278 -7.0000000000
2280 -6.0000000000
2365 -5.0000000000
2439 -4.0000000000
2519 -3.0000000000
2663 -2.0000000000
2717 -1.0000000000
2890 372.0000000000
2975 383.0000000000
3303 385.0000000000
3341 387.0000000000
4268 391.0000000000
4560 394.0000000000
4731 396.0000000000
4792 399.0000000000
6065 401.0000000000
7621 410.0000000000
8307 413.0000000000
8400 415.0000000000
8614 416.0000000000
8822 417.0000000000
9107 419.0000000000
10038 423.0000000000
15263 424.0000000000
17909 427.0000000000
20604 429.0000000000
37101 431.0000000000
53629 432.0000000000
54889 433.0000000000
100000 -1.0000000000
evaluations raw_y
1 -211.0000000000
3 -210.0000000000
4 -209.0000000000
7 -208.0000000000
11 -207.0000000000
13 -206.0000000000
17 -205.0000000000
30 -204.0000000000
33 -202.0000000000
37 -201.0000000000
42 -200.0000000000
50 -199.0000000000
53 -197.0000000000
54 -196.0000000000
59 -195.0000000000
65 -194.0000000000
67 -192.0000000000
83 -191.0000000000
95 -190.0000000000
96 -189.0000000000
100 -188.0000000000
103 -186.0000000000
112 -185.0000000000
113 -184.0000000000
114 -182.0000000000
116 -180.0000000000
121 -179.0000000000
125 -178.0000000000
127 -177.0000000000
136 -176.0000000000
139 -175.0000000000
141 -172.0000000000
147 -171.0000000000
152 -170.0000000000
153 -169.0000000000
173 -168.0000000000
177 -167.0000000000
179 -166.0000000000
185 -165.0000000000
187 -164.0000000000
189 -163.0000000000
197 -161.0000000000
201 -160.0000000000
209 -159.0000000000
211 -158.0000000000
216 -157.0000000000
225 -156.0000000000
227 -155.0000000000
231 -154.0000000000
237 -153.0000000000
239 -152.0000000000
240 -151.0000000000
242 -150.0000000000
245 -149.0000000000
258 -148.0000000000
262 -147.0000000000
263 -146.0000000000
265 -143.0000000000
273 -142.0000000000
275 -141.0000000000
296 -140.0000000000
297 -139.0000000000
300 -138.0000000000
324 -137.0000000000
334 -136.0000000000
341 -135.0000000000
342 -133.0000000000
343 -132.0000000000
351 -131.0000000000
353 -130.0000000000
354 -128.0000000000
376 -127.0000000000
384 -126.0000000000
404 -124.0000000000
405 -122.0000000000
412 -121.0000000000
417 -120.0000000000
422 -119.0000000000
423 -118.0000000000
447 -117.0000000000
459 -115.0000000000
460 -114.0000000000
461 -113.0000000000
508 -112.0000000000
513 -109.0000000000
516 -108.0000000000
530 -107.0000000000
555 -106.0000000000
559 -105.0000000000
586 -104.0000000000
587 -103.0000000000
615 -102.0000000000
637 -101.0000000000
665 -100.0000000000
674 -99.0000000000
678 -98.0000000000
686 -97.0000000000
702 -96.0000000000
707 -95.0000000000
708 -94.0000000000
711 -92.0000000000
715 -91.0000000000
723 -90.0000000000
749 -89.0000000000
754 -88.0000000000
770 -87.0000000000
771 -86.0000000000
778 -85.0000000000
792 -84.0000000000
793 -83.0000000000
812 -82.0000000000
820 -81.0000000000
821 -80.0000000000
833 -79.0000000000
851 -78.0000000000
852 -77.0000000000
862 -76.0000000000
890 -75.0000000000
891 -74.0000000000
898 -73.0000000000
918 -72.0000000000
919 -71.0000000000
960 -70.0000000000
970 -69.0000000000
975 -68.0000000000
1015 -67.0000000000
1019 -66.0000000000
1020 -65.0000000000
1057 -64.0000000000
1074 -63.0000000000
1114 -62.0000000000
1115 -61.0000000000
1136 -60.0000000000
1137 -59.0000000000
1139 -58.0000000000
1141 -57.0000000000
1162 -56.0000000000
1171 -55.0000000000
1205 -54.0000000000
1207 -53.0000000000
1225 -52.0000000000
1236 -51.0000000000
1241 -50.0000000000
1262 -49.0000000000
1270 -48.0000000000
1313 -47.0000000000
1343 -46.0000000000
1347 -44.0000000000
1359 -43.0000000000
1431 -42.0000000000
1474 -41.0000000000
1531 -40.0000000000
1543 -38.0000000000
1547 -37.0000000000
1566 -36.0000000000
1569 -35.0000000000
1574 -34.0000000000
1600 -33.0000000000
1624 -32.0000000000
1677 -31.0000000000
1679 -30.0000000000
1709 -29.0000000000
1719 -28.0000000000
1730 -27.0000000000
1777 -26.0000000000
1800 -25.0000000000
1890 -24.0000000000
1903 -22.0000000000
1968 -21.0000000000
1984 -20.0000000000
1986 -19.0000000000
1992 -18.0000000000
2006 -17.0000000000
2104 -16.0000000000
2132 -15.0000000000
2209 -14.0000000000
2213 -13.0000000000
2233 -12.0000000000
2280 -11.0000000000
2316 -10.0000000000
2535 -9.0000000000
2563 -8.0000000000
2564 -7.0000000000
2871 -6.0000000000
2876 -5.0000000000
2899 -4.0000000000
2947 -3.0000000000
3038 -2.0000000000
3235 -1.0000000000
3331 383.0000000000
3418 385.0000000000
4007 388.0000000000
4552 391.0000000000
4748 392.0000000000
4986 396.0000000000
5745 397.0000000000
6778 400.0000000000
7148 406.0000000000
7380 412.0000000000
7815 413.0000000000
9480 414.0000000000
11906 419.0000000000
17153 420.0000000000
20529 421.0000000000
26452 424.0000000000
29084 426.0000000000
34444 427.0000000000
40325 428.0000000000
52592 429.0000000000
64132 430.0000000000
83663 431.0000000000
100000 431.0000000000
evaluations raw_y
1 -210.0000000000
3 -208.0000000000
4 -207.0000000000
8 -206.0000000000
12 -205.0000000000
14 -204.0000000000
24 -203.0000000000
31 -202.0000000000
32 -201.0000000000
33 -200.0000000000
34 -199.0000000000
35 -198.0000000000
45 -197.0000000000
50 -196.0000000000
51 -195.0000000000
54 -193.0000000000
57 -192.0000000000
59 -191.0000000000
65 -189.0000000000
69 -188.0000000000
73 -186.0000000000
78 -185.0000000000
79 -184.0000000000
82 -183.0000000000
99 -182.0000000000
105 -181.0000000000
107 -180.0000000000
110 -179.0000000000
115 -178.0000000000
120 -177.0000000000
130 -176.0000000000
135 -175.0000000000
136 -174.0000000000
137 -173.0000000000
146 -172.0000000000
155 -171.0000000000
157 -170.0000000000
160 -169.0000000000
168 -168.0000000000
169 -167.0000000000
180 -166.0000000000
193 -165.0000000000
203 -164.0000000000
205 -162.0000000000
209 -161.0000000000
215 -160.0000000000
221 -158.0000000000
224 -157.0000000000
231 -156.0000000000
236 -155.0000000000
238 -154.0000000000
240 -153.0000000000
243 -152.0000000000
246 -150.0000000000
262 -149.0000000000
264 -148.0000000000
280 -147.0000000000
283 -146.0000000000
289 -145.0000000000
300 -144.0000000000
303 -143.0000000000
311 -142.0000000000
315 -141.0000000000
317 -140.0000000000
321 -139.0000000000
322 -138.0000000000
330 -137.0000000000
332 -135.0000000000
335 -133.0000000000
337 -132.0000000000
347 -131.0000000000
350 -130.0000000000
352 -129.0000000000
368 -128.0000000000
370 -127.0000000000
371 -126.0000000000
376 -125.0000000000
377 -124.0000000000
407 -123.0000000000
421 -122.0000000000
426 -121.0000000000
429 -120.0000000000
432 -119.0000000000
434 -118.0000000000
456 -117.0000000000
458 -116.0000000000
476 -113.0000000000
484 -111.0000000000
491 -109.0000000000
506 -108.0000000000
520 -107.0000000000
521 -106.0000000000
546 -105.0000000000
548 -104.0000000000
551 -103.0000000000
556 -102.0000000000
561 -101.0000000000
575 -100.0000000000
582 -99.0000000000
583 -98.0000000000
593 -96.0000000000
594 -95.0000000000
607 -93.0000000000
612 -91.0000000000
623 -90.0000000000
636 -89.0000000000
655 -87.0000000000
658 -86.0000000000
661 -85.0000000000
690 -84.0000000000
693 -83.0000000000
696 -82.0000000000
698 -81.0000000000
701 -80.0000000000
718 -79.0000000000
740 -77.0000000000
754 -76.0000000000
756 -75.0000000000
763 -73.0000000000
775 -72.0000000000
776 -71.0000000000
790 -70.0000000000
794 -69.0000000000
814 -67.0000000000
821 -66.0000000000
822 -65.0000000000
842 -64.0000000000
862 -63.0000000000
887 -62.0000000000
892 -61.0000000000
893 -60.0000000000
911 -59.0000000000
934 -58.0000000000
945 -57.0000000000
946 -56.0000000000
964 -55.0000000000
996 -54.0000000000
1030 -53.0000000000
1046 -52.0000000000
1071 -51.0000000000
1093 -50.0000000000
1097 -49.0000000000
1104 -48.0000000000
1141 -47.0000000000
1147 -46.0000000000
1184 -45.0000000000
1209 -44.0000000000
1210 -43.0000000000
1212 -42.0000000000
1218 -41.0000000000
1267 -40.0000000000
1303 -39.0000000000
1310 -38.0000000000
1328 -37.0000000000
1336 -36.0000000000
1395 -35.0000000000
1404 -34.0000000000
1429 -33.0000000000
1450 -32.0000000000
1490 -31.0000000000
1493 -30.0000000000
1553 -29.0000000000
1587 -28.0000000000
1717 -27.0000000000
1748 -26.0000000000
1763 -25.0000000000
1775 -24.0000000000
1788 -23.0000000000
1856 -22.0000000000
1894 -21.0000000000
1907 -20.0000000000
1921 -19.0000000000
1978 -18.0000000000
2139 -17.0000000000
2214 -16.0000000000
2257 -15.0000000000
2312 -14.0000000000
2316 -13.0000000000
2394 -12.0000000000
2442 -11.0000000000
2535 -10.0000000000
2595 -9.0000000000
2725 -8.0000000000
2812 -7.0000000000
2898 -6.0000000000
2951 -5.0000000000
3346 -4.0000000000
3355 -3.0000000000
3429 -2.0000000000
3442 -1.0000000000
3479 385.0000000000
3540 386.0000000000
3725 391.0000000000
3735 397.0000000000
4152 399.0000000000
4322 402.0000000000
4476 406.0000000000
6744 409.0000000000
7223 410.0000000000
8358 412.0000000000
12107 413.0000000000
12254 414.0000000000
13743 416.0000000000
13927 418.0000000000
18735 419.0000000000
19517 423.0000000000
19925 426.0000000000
46836 428.0000000000
48781 429.0000000000
50818 430.0000000000
58872 433.0000000000
81123 434.0000000000
100000 434.0000000000
evaluations raw_y
1 -203.0000000000
6 -202.0000000000
14 -201.0000000000
16 -199.0000000000
17 -198.0000000000
19 -197.0000000000
21 -196.0000000000
26 -195.0000000000
31 -194.0000000000
33 -193.0000000000
41 -192.0000000000
43 -191.0000000000
48 -190.0000000000
53 -189.0000000000
54 -188.0000000000
63 -187.0000000000
64 -186.0000000000
72 -185.0000000000
74 -184.0000000000
92 -183.0000000000
93 -182.0000000000
94 -181.0000000000
96 -180.0000000000
99 -179.0000000000
101 -177.0000000000
106 -176.0000000000
109 -175.0000000000
110 -174.0000000000
111 -173.0000000000
125 -171.0000000000
139 -170.0000000000
143 -169.0000000000
144 -168.0000000000
147 -167.0000000000
160 -165.0000000000
166 -163.0000000000
167 -162.0000000000
173 -161.0000000000
174 -159.0000000000
182 -158.0000000000
186 -157.0000000000
190 -156.0000000000
202 -155.0000000000
203 -154.0000000000
222 -153.0000000000
226 -152.0000000000
228 -151.0000000000
238 -150.0000000000
250 -149.0000000000
256 -148.0000000000
260 -145.0000000000
263 -144.0000000000
264 -143.0000000000
277 -142.0000000000
285 -141.0000000000
291 -140.0000000000
301 -139.0000000000
309 -138.0000000000
317 -137.0000000000
324 -136.0000000000
325 -135.0000000000
332 -134.0000000000
333 -132.0000000000
338 -131.0000000000
343 -130.0000000000
345 -129.0000000000
352 -128.0000000000
359 -126.0000000000
363 -125.0000000000
366 -124.0000000000
368 -123.0000000000
369 -122.0000000000
374 -121.0000000000
376 -120.0000000000
384 -119.0000000000
404 -118.0000000000
414 -117.0000000000
419 -115.0000000000
430 -114.0000000000
431 -113.0000000000
449 -112.0000000000
460 -111.0000000000
468 -110.0000000000
484 -109.0000000000
497 -108.0000000000
507 -107.0000000000
510 -106.0000000000
513 -105.0000000000
517 -104.0000000000
518 -103.0000000000
545 -102.0000000000
549 -100.0000000000
559 -99.0000000000
561 -98.0000000000
571 -97.0000000000
577 -96.0000000000
579 -95.0000000000
593 -94.0000000000
602 -93.0000000000
610 -92.0000000000
612 -91.0000000000
619 -90.0000000000
620 -89.0000000000
623 -87.0000000000
629 -86.0000000000
633 -85.0000000000
640 -84.0000000000
647 -83.0000000000
664 -82.0000000000
691 -81.0000000000
694 -80.0000000000
717 -79.0000000000
740 -78.0000000000
747 -77.0000000000
750 -76.0000000000
758 -75.0000000000
793 -74.0000000000
801 -73.0000000000
809 -72.0000000000
811 -70.0000000000
813 -69.0000000000
827 -68.0000000000
866 -67.0000000000
868 -66.0000000000
885 -65.0000000000
886 -64.0000000000
891 -63.0000000000
896 -62.0000000000
897 -61.0000000000
898 -60.0000000000
902 -59.0000000000
906 -58.0000000000
917 -57.0000000000
932 -56.0000000000
942 -55.0000000000
948 -54.0000000000
959 -53.0000000000
966 -52.0000000000
986 -51.0000000000
1024 -50.0000000000
1042 -49.0000000000
1088 -48.0000000000
1089 -47.0000000000
1136 -46.0000000000
1139 -45.0000000000
1159 -44.0000000000
1180 -43.0000000000
1193 -42.0000000000
1231 -41.0000000000
1252 -40.0000000000
1275 -39.0000000000
1288 -38.0000000000
1294 -37.0000000000
1323 -36.0000000000
1328 -35.0000000000
1361 -34.0000000000
1364 -33.0000000000
1377 -31.0000000000
1397 -30.0000000000
1408 -29.0000000000
1443 -28.0000000000
1458 -27.0000000000
1461 -26.0000000000
1474 -25.0000000000
1486 -24.0000000000
1504 -23.0000000000
1596 -22.0000000000
1823 -21.0000000000
1826 -20.0000000000
1858 -19.0000000000
1869 -18.0000000000
1889 -17.0000000000
1897 -16.0000000000
1899 -15.0000000000
1909 -14.0000000000
2016 -13.0000000000
2046 -12.0000000000
2097 -11.0000000000
2176 -10.0000000000
2235 -9.0000000000
2316 -8.0000000000
2336 -7.0000000000
2553 -6.0000000000
2971 -5.0000000000
3241 -4.0000000000
3260 -3.0000000000
3440 -2.0000000000
3466 -1.0000000000
3515 397.0000000000
4005 402.0000000000
4131 406.0000000000
4510 408.0000000000
5001 414.0000000000
7838 420.0000000000
8111 421.0000000000
8625 425.0000000000
15737 426.0000000000
16851 428.0000000000
19967 429.0000000000
20558 430.0000000000
25535 431.0000000000
37881 432.0000000000
45616 435.0000000000
53001 436.0000000000
100000 -1.0000000000
evaluations raw_y
1 -231.0000000000
7 -229.0000000000
8 -228.0000000000
10 -227.0000000000
12 -225.0000000000
18 -224.0000000000
24 -223.0000000000
28 -222.0000000000
29 -221.0000000000
32 -220.0000000000
34 -219.0000000000
39 -218.0000000000
43 -217.0000000000
44 -216.0000000000
45 -215.0000000000
52 -213.0000000000
55 -212.0000000000
63 -211.0000000000
66 -210.0000000000
74 -209.0000000000
75 -208.0000000000
76 -207.0000000000
78 -206.0000000000
79 -205.0000000000
82 -204.0000000000
87 -203.0000000000
90 -202.0000000000
102 -201.0000000000
108 -200.0000000000
109 -198.0000000000
116 -197.0000000000
118 -196.0000000000
122 -195.0000000000
123 -194.0000000000
127 -193.0000000000
142 -192.0000000000
145 -191.0000000000
146 -190.0000000000
150 -189.0000000000
157 -188.0000000000
168 -187.0000000000
169 -186.0000000000
174 -185.0000000000
176 -184.0000000000
177 -183.0000000000
179 -182.0000000000
183 -180.0000000000
184 -179.0000000000
188 -176.0000000000
204 -174.0000000000
206 -173.0000000000
209 -172.0000000000
210 -171.0000000000
211 -170.0000000000
212 -168.0000000000
220 -166.0000000000
231 -165.0000000000
239 -164.0000000000
240 -162.0000000000
241 -161.0000000000
259 -160.0000000000
270 -159.0000000000
271 -158.0000000000
278 -157.0000000000
280 -156.0000000000
281 -154.0000000000
295 -153.0000000000
305 -152.0000000000
306 -151.0000000000
307 -150.0000000000
315 -149.0000000000
318 -148.0000000000
319 -147.0000000000
331 -146.0000000000
335 -145.0000000000
339 -143.0000000000
350 -142.0000000000
351 -141.0000000000
357 -140.0000000000
358 -139.0000000000
373 -138.0000000000
382 -137.0000000000
383 -136.0000000000
412 -135.0000000000
417 -134.0000000000
421 -133.0000000000
427 -132.0000000000
429 -130.0000000000
438 -129.0000000000
453 -128.0000000000
462 -127.0000000000
463 -126.0000000000
472 -123.0000000000
474 -122.0000000000
479 -121.0000000000
489 -120.0000000000
494 -119.0000000000
505 -118.0000000000
508 -117.0000000000
530 -116.0000000000
545 -115.0000000000
561 -114.0000000000
579 -113.0000000000
593 -112.0000000000
595 -111.0000000000
605 -110.0000000000
610 -109.0000000000
613 -108.0000000000
616 -106.0000000000
618 -105.0000000000
631 -103.0000000000
635 -102.0000000000
653 -101.0000000000
657 -100.0000000000
672 -99.0000000000
692 -98.0000000000
724 -97.0000000000
725 -96.0000000000
732 -95.0000000000
742 -94.0000000000
744 -93.0000000000
774 -91.0000000000
796 -90.0000000000
824 -88.0000000000
835 -87.0000000000
854 -86.0000000000
855 -85.0000000000
878 -84.0000000000
881 -83.0000000000
902 -82.0000000000
914 -81.0000000000
937 -80.0000000000
958 -78.0000000000
965 -77.0000000000
991 -76.0000000000
1022 -75.0000000000
1041 -74.0000000000
1050 -73.0000000000
1058 -72.0000000000
1072 -71.0000000000
1075 -70.0000000000
1077 -69.0000000000
1081 -68.0000000000
1083 -67.0000000000
1085 -66.0000000000
1097 -65.0000000000
1109 -64.0000000000
1114 -63.0000000000
1140 -62.0000000000
1175 -61.0000000000
1176 -60.0000000000
1200 -59.0000000000
1203 -58.0000000000
1206 -57.0000000000
1213 -56.0000000000
1256 -55.0000000000
1264 -54.0000000000
1324 -53.0000000000
1341 -52.0000000000
1349 -51.0000000000
1363 -50.0000000000
1373 -49.0000000000
1388 -48.0000000000
1392 -47.0000000000
1398 -46.0000000000
1404 -45.0000000000
1410 -44.0000000000
1416 -43.0000000000
1432 -42.0000000000
1506 -41.0000000000
1554 -40.0000000000
1564 -39.0000000000
1579 -38.0000000000
1603 -37.0000000000
1638 -36.0000000000
1648 -35.0000000000
1652 -34.0000000000
1704 -33.0000000000
1717 -32.0000000000
1783 -31.0000000000
1785 -30.0000000000
1817 -29.0000000000
1883 -28.0000000000
2042 -27.0000000000
2043 -26.0000000000
2065 -25.0000000000
2067 -24.0000000000
2142 -23.0000000000
2154 -22.0000000000
2184 -21.0000000000
2203 -20.0000000000
2214 -19.0000000000
2329 -18.0000000000
2421 -17.0000000000
2432 -16.0000000000
2459 -15.0000000000
2466 -14.0000000000
2480 -13.0000000000
2576 -12.0000000000
2609 -11.0000000000
2664 -10.0000000000
2683 -9.0000000000
2704 -8.0000000000
2735 -7.0000000000
2780 -6.0000000000
2788 -5.0000000000
3217 -4.0000000000
3279 -3.0000000000
3290 -1.0000000000
3314 405.0000000000
4255 409.0000000000
4287 410.0000000000
5396 414.0000000000
6804 417.0000000000
10557 418.0000000000
10894 422.0000000000
21773 425.0000000000
52715 428.0000000000
63397 429.0000000000
95319 430.0000000000
96740 432.0000000000
97968 433.0000000000
99192 434.0000000000
99935 435.0000000000
100000 435.0000000000
evaluations raw_y
1 -198.0000000000
2 -197.0000000000
9 -196.0000000000
10 -194.0000000000
17 -193.0000000000
42 -192.0000000000
50 -191.0000000000
52 -190.0000000000
60 -189.0000000000
63 -186.0000000000
64 -185.0000000000
70 -184.0000000000
76 -183.0000000000
81 -182.0000000000
82 -181.0000000000
87 -180.0000000000
88 -178.0000000000
91 -177.0000000000
100 -176.0000000000
113 -175.0000000000
119 -174.0000000000
122 -173.0000000000
127 -172.0000000000
129 -171.0000000000
137 -170.0000000000
142 -169.0000000000
143 -168.0000000000
144 -167.0000000000
147 -166.0000000000
158 -164.0000000000
165 -163.0000000000
169 -161.0000000000
173 -160.0000000000
180 -159.0000000000
193 -158.0000000000
196 -157.0000000000
199 -155.0000000000
200 -154.0000000000
201 -153.0000000000
208 -150.0000000000
209 -148.0000000000
216 -147.0000000000
223 -146.0000000000
224 -145.0000000000
227 -144.0000000000
228 -143.0000000000
229 -142.0000000000
231 -141.0000000000
238 -140.0000000000
242 -139.0000000000
245 -138.0000000000
248 -137.0000000000
264 -136.0000000000
272 -135.0000000000
276 -134.0000000000
285 -132.0000000000
289 -131.0000000000
299 -128.0000000000
308 -127.0000000000
310 -126.0000000000
325 -123.0000000000
334 -122.0000000000
337 -121.0000000000
347 -119.0000000000
348 -118.0000000000
353 -117.0000000000
356 -116.0000000000
362 -115.0000000000
364 -114.0000000000
380 -113.0000000000
386 -112.0000000000
391 -111.0000000000
393 -110.0000000000
394 -109.0000000000
398 -108.0000000000
416 -107.0000000000
417 -106.0000000000
419 -105.0000000000
427 -104.0000000000
428 -103.0000000000
431 -102.0000000000
440 -101.0000000000
492 -100.0000000000
495 -98.0000000000
507 -97.0000000000
508 -96.0000000000
516 -95.0000000000
538 -94.0000000000
542 -93.0000000000
562 -92.0000000000
570 -91.0000000000
577 -90.0000000000
584 -89.0000000000
595 -87.0000000000
644 -86.0000000000
645 -85.0000000000
648 -84.0000000000
651 -83.0000000000
658 -82.0000000000
665 -81.0000000000
681 -80.0000000000
684 -79.0000000000
692 -78.0000000000
711 -77.0000000000
712 -76.0000000000
720 -75.0000000000
728 -73.0000000000
734 -72.0000000000
738 -71.0000000000
739 -70.0000000000
747 -69.0000000000
755 -68.0000000000
756 -67.0000000000
768 -66.0000000000
795 -65.0000000000
815 -64.0000000000
827 -63.0000000000
851 -62.0000000000
886 -61.0000000000
889 -60.0000000000
910 -59.0000000000
911 -58.0000000000
918 -57.0000000000
944 -56.0000000000
949 -55.0000000000
981 -53.0000000000
991 -52.0000000000
992 -51.0000000000
1006 -50.0000000000
1032 -49.0000000000
1077 -48.0000000000
1095 -47.0000000000
1113 -46.0000000000
1144 -45.0000000000
1158 -43.0000000000
1189 -42.0000000000
1220 -41.0000000000
1256 -40.0000000000
1263 -39.0000000000
1315 -38.0000000000
1325 -37.0000000000
1333 -35.0000000000
1363 -34.0000000000
1378 -33.0000000000
1447 -32.0000000000
1457 -31.0000000000
1472 -30.0000000000
1485 -29.0000000000
1528 -28.0000000000
1532 -27.0000000000
1538 -26.0000000000
1585 -25.0000000000
1604 -24.0000000000
1620 -22.0000000000
1629 -21.0000000000
1667 -20.0000000000
1678 -19.0000000000
1712 -18.0000000000
1733 -17.0000000000
1763 -15.0000000000
1767 -14.0000000000
1826 -12.0000000000
2064 -11.0000000000
2085 -10.0000000000
2135 -9.0000000000
2267 -8.0000000000
2276 -7.0000000000
2454 -6.0000000000
2501 -5.0000000000
2520 -4.0000000000
2524 -3.0000000000
2584 -2.0000000000
2599 -1.0000000000
2705 369.0000000000
2874 395.0000000000
3245 396.0000000000
3344 404.0000000000
3469 409.0000000000
3741 412.0000000000
4313 414.0000000000
4870 424.0000000000
9027 426.0000000000
17602 430.0000000000
36404 431.0000000000
63661 432.0000000000
100000 -1.0000000000
evaluations raw_y
1 -225.0000000000
9 -223.0000000000
14 -222.0000000000
21 -221.0000000000
22 -219.0000000000
26 -218.0000000000
32 -217.0000000000
41 -215.0000000000
45 -213.0000000000
46 -212.0000000000
51 -211.0000000000
57 -210.0000000000
58 -208.0000000000
64 -207.0000000000
65 -206.0000000000
75 -205.0000000000
79 -204.0000000000
80 -203.0000000000
84 -202.0000000000
88 -201.0000000000
97 -199.0000000000
99 -198.0000000000
101 -196.0000000000
106 -195.0000000000
116 -194.0000000000
118 -193.0000000000
137 -192.0000000000
141 -191.0000000000
144 -190.0000000000
145 -189.0000000000
156 -188.0000000000
157 -187.0000000000
163 -186.0000000000
165 -185.0000000000
166 -184.0000000000
170 -182.0000000000
172 -181.0000000000
175 -180.0000000000
180 -178.0000000000
182 -177.0000000000
186 -176.0000000000
195 -175.0000000000
196 -174.0000000000
199 -172.0000000000
211 -171.0000000000
214 -170.0000000000
219 -169.0000000000
232 -168.0000000000
233 -166.0000000000
239 -163.0000000000
245 -161.0000000000
246 -160.0000000000
247 -159.0000000000
253 -158.0000000000
258 -157.0000000000
278 -156.0000000000
279 -154.0000000000
282 -153.0000000000
284 -152.0000000000
288 -151.0000000000
295 -150.0000000000
300 -148.0000000000
301 -147.0000000000
305 -146.0000000000
306 -145.0000000000
316 -144.0000000000
323 -143.0000000000
345 -142.0000000000
348 -141.0000000000
350 -140.0000000000
355 -139.0000000000
365 -138.0000000000
366 -137.0000000000
370 -136.0000000000
379 -135.0000000000
382 -134.0000000000
400 -133.0000000000
407 -132.0000000000
412 -131.0000000000
424 -130.0000000000
473 -129.0000000000
475 -128.0000000000
485 -127.0000000000
486 -126.0000000000
493 -125.0000000000
496 -124.0000000000
497 -123.0000000000
506 -122.0000000000
520 -121.0000000000
558 -120.0000000000
577 -119.0000000000
586 -118.0000000000
588 -117.0000000000
591 -116.0000000000
619 -115.0000000000
621 -114.0000000000
635 -113.0000000000
643 -111.0000000000
645 -110.0000000000
647 -109.0000000000
652 -108.0000000000
654 -107.0000000000
655 -106.0000000000
656 -105.0000000000
667 -104.0000000000
686 -103.0000000000
688 -102.0000000000
704 -101.0000000000
709 -99.0000000000
718 -98.0000000000
722 -97.0000000000
727 -96.0000000000
728 -95.0000000000
731 -94.0000000000
758 -93.0000000000
768 -92.0000000000
769 -91.0000000000
773 -90.0000000000
777 -89.0000000000
820 -88.0000000000
831 -87.0000000000
833 -86.0000000000
864 -85.0000000000
880 -84.0000000000
884 -83.0000000000
886 -82.0000000000
893 -81.0000000000
896 -80.0000000000
899 -79.0000000000
901 -78.0000000000
912 -77.0000000000
924 -76.0000000000
925 -75.0000000000
930 -74.0000000000
935 -73.0000000000
955 -72.0000000000
992 -71.0000000000
995 -70.0000000000
1044 -69.0000000000
1054 -68.0000000000
1063 -67.0000000000
1080 -66.0000000000
1092 -65.0000000000
1106 -64.0000000000
1136 -63.0000000000
1144 -62.0000000000
1164 -61.0000000000
1165 -60.0000000000
1182 -59.0000000000
1198 -58.0000000000
1230 -57.0000000000
1245 -56.0000000000
1259 -55.0000000000
1264 -54.0000000000
1299 -53.0000000000
1309 -52.0000000000
1313 -51.0000000000
1318 -50.0000000000
1324 -49.0000000000
1332 -48.0000000000
1345 -47.0000000000
1376 -46.0000000000
1390 -45.0000000000
1419 -44.0000000000
1421 -43.0000000000
1425 -42.0000000000
1444 -41.0000000000
1453 -40.0000000000
1469 -39.0000000000
1475 -38.0000000000
1513 -37.0000000000
1524 -36.0000000000
1537 -35.0000000000
1599 -34.0000000000
1631 -33.0000000000
1634 -32.0000000000
1646 -31.0000000000
1673 -30.0000000000
1721 -29.0000000000
1776 -28.0000000000
1783 -27.0000000000
1786 -26.0000000000
1863 -25.0000000000
1912 -24.0000000000
1962 -23.0000000000
2004 -22.0000000000
2045 -21.0000000000
2174 -20.0000000000
2187 -19.0000000000
2250 -18.0000000000
2326 -17.0000000000
2329 -16.0000000000
2331 -15.0000000000
2337 -14.0000000000
2373 -13.0000000000
2379 -12.0000000000
2516 -10.0000000000
2549 -9.0000000000
2564 -8.0000000000
2644 -7.0000000000
2694 -6.0000000000
2807 -5.0000000000
2850 -4.0000000000
2857 -3.0000000000
2901 -2.0000000000
2903 -1.0000000000
3048 382.0000000000
3306 388.0000000000
4006 390.0000000000
4351 402.0000000000
4365 404.0000000000
5095 408.0000000000
6435 414.0000000000
8113 415.0000000000
8667 417.0000000000
9270 419.0000000000
10229 421.0000000000
12274 422.0000000000
24135 424.0000000000
35040 425.0000000000
74077 426.0000000000
100000 426.0000000000
evaluations raw_y
1 -226.0000000000
4 -225.0000000000
6 -224.0000000000
10 -223.0000000000
12 -222.0000000000
14 -220.0000000000
16 -219.0000000000
19 -218.0000000000
20 -217.0000000000
24 -216.0000000000
27 -215.0000000000
28 -214.0000000000
30 -213.0000000000
31 -212.0000000000
43 -211.0000000000
45 -210.0000000000
46 -208.0000000000
49 -207.0000000000
55 -206.0000000000
57 -205.0000000000
62 -204.0000000000
71 -203.0000000000
72 -202.0000000000
82 -200.0000000000
84 -199.0000000000
89 -198.0000000000
97 -197.0000000000
103 -196.0000000000
117 -195.0000000000
120 -194.0000000000
123 -193.0000000000
124 -192.0000000000
126 -191.0000000000
133 -190.0000000000
135 -189.0000000000
143 -188.0000000000
144 -187.0000000000
145 -186.0000000000
146 -185.0000000000
147 -184.0000000000
148 -183.0000000000
153 -182.0000000000
168 -181.0000000000
169 -180.0000000000
170 -179.0000000000
183 -178.0000000000
184 -177.0000000000
191 -176.0000000000
196 -174.0000000000
203 -173.0000000000
210 -171.0000000000
211 -170.0000000000
212 -169.0000000000
215 -168.0000000000
224 -166.0000000000
225 -165.0000000000
244 -164.0000000000
245 -163.0000000000
251 -161.0000000000
255 -160.0000000000
259 -158.0000000000
268 -155.0000000000
269 -154.0000000000
283 -153.0000000000
290 -152.0000000000
303 -151.0000000000
310 -150.0000000000
315 -149.0000000000
318 -148.0000000000
319 -147.0000000000
322 -146.0000000000
328 -145.0000000000
334 -143.0000000000
335 -142.0000000000
339 -140.0000000000
354 -139.0000000000
375 -138.0000000000
391 -137.0000000000
395 -136.0000000000
398 -134.0000000000
407 -133.0000000000
409 -132.0000000000
410 -131.0000000000
419 -130.0000000000
428 -127.0000000000
431 -126.0000000000
432 -125.0000000000
443 -124.0000000000
447 -123.0000000000
456 -122.0000000000
459 -121.0000000000
476 -120.0000000000
478 -117.0000000000
480 -116.0000000000
498 -115.0000000000
500 -114.0000000000
502 -113.0000000000
506 -112.0000000000
513 -111.0000000000
514 -110.0000000000
530 -109.0000000000
531 -108.0000000000
539 -107.0000000000
545 -106.0000000000
563 -104.0000000000
566 -103.0000000000
585 -102.0000000000
587 -101.0000000000
589 -100.0000000000
596 -99.0000000000
628 -97.0000000000
649 -96.0000000000
666 -95.0000000000
669 -94.0000000000
681 -92.0000000000
687 -91.0000000000
693 -90.0000000000
701 -89.0000000000
709 -88.0000000000
712 -87.0000000000
754 -86.0000000000
772 -85.0000000000
792 -84.0000000000
809 -83.0000000000
823 -82.0000000000
825 -81.0000000000
826 -80.0000000000
829 -79.0000000000
851 -78.0000000000
860 -77.0000000000
870 -76.0000000000
872 -75.0000000000
933 -74.0000000000
948 -73.0000000000
963 -72.0000000000
973 -70.0000000000
976 -69.0000000000
1002 -67.0000000000
1004 -66.0000000000
1020 -65.0000000000
1041 -64.0000000000
1064 -63.0000000000
1075 -61.0000000000
1076 -60.0000000000
1115 -59.0000000000
1130 -58.0000000000
1143 -57.0000000000
1148 -56.0000000000
1207 -55.0000000000
1274 -54.0000000000
1275 -53.0000000000
1282 -52.0000000000
1289 -51.0000000000
1294 -50.0000000000
1314 -49.0000000000
1330 -48.0000000000
1337 -46.0000000000
1403 -44.0000000000
1432 -42.0000000000
1436 -41.0000000000
1442 -40.0000000000
1471 -39.0000000000
1472 -38.0000000000
1486 -37.0000000000
1497 -36.0000000000
1512 -34.0000000000
1516 -33.0000000000
1537 -32.0000000000
1554 -30.0000000000
1555 -29.0000000000
1629 -28.0000000000
1631 -27.0000000000
1646 -26.0000000000
1655 -25.0000000000
1658 -24.0000000000
1667 -23.0000000000
1686 -22.0000000000
1703 -21.0000000000
1830 -20.0000000000
1883 -19.0000000000
1918 -18.0000000000
1924 -17.0000000000
1932 -16.0000000000
1964 -15.0000000000
2051 -14.0000000000
2167 -13.0000000000
2297 -12.0000000000
2369 -11.0000000000
2450 -10.0000000000
2545 -9.0000000000
2586 -8.0000000000
2603 -7.0000000000
2652 -6.0000000000
2666 -5.0000000000
2788 -4.0000000000
2789 -3.0000000000
3023 -2.0000000000
3084 -1.0000000000
3189 393.0000000000
3211 395.0000000000
3686 396.0000000000
4002 401.0000000000
4013 403.0000000000
5145 408.0000000000
5458 413.0000000000
6277 416.0000000000
8009 417.0000000000
8691 423.0000000000
8924 424.0000000000
9543 425.0000000000
11642 426.0000000000
23186 429.0000000000
28620 430.0000000000
50032 432.0000000000
50514 436.0000000000
56410 438.0000000000
62455 439.0000000000
87445 441.0000000000
100000 -1.0000000000
evaluations raw_y
1 -205.0000000000
11 -204.0000000000
13 -201.0000000000
16 -200.0000000000
18 -199.0000000000
27 -197.0000000000
31 -196.0000000000
49 -195.0000000000
58 -193.0000000000
60 -192.0000000000
64 -191.0000000000
73 -190.0000000000
90 -189.0000000000
95 -188.0000000000
97 -187.0000000000
100 -186.0000000000
101 -185.0000000000
103 -184.0000000000
110 -183.0000000000
117 -182.0000000000
122 -181.0000000000
128 -180.0000000000
130 -179.0000000000
132 -178.0000000000
136 -177.0000000000
142 -176.0000000000
147 -175.0000000000
160 -173.0000000000
167 -172.0000000000
171 -171.0000000000
183 -170.0000000000
186 -169.0000000000
193 -168.0000000000
194 -167.0000000000
195 -166.0000000000
199 -165.0000000000
207 -164.0000000000
222 -163.0000000000
227 -162.0000000000
229 -161.0000000000
243 -160.0000000000
256 -159.0000000000
259 -158.0000000000
260 -157.0000000000
261 -156.0000000000
264 -154.0000000000
266 -153.0000000000
268 -152.0000000000
284 -151.0000000000
291 -150.0000000000
294 -149.0000000000
307 -147.0000000000
323 -146.0000000000
341 -145.0000000000
363 -144.0000000000
372 -143.0000000000
374 -142.0000000000
377 -141.0000000000
380 -140.0000000000
382 -139.0000000000
389 -138.0000000000
390 -137.0000000000
395 -136.0000000000
398 -135.0000000000
403 -133.0000000000
405 -132.0000000000
407 -129.0000000000
411 -127.0000000000
420 -126.0000000000
474 -125.0000000000
482 -124.0000000000
483 -123.0000000000
498 -122.0000000000
501 -121.0000000000
530 -120.0000000000
535 -119.0000000000
544 -118.0000000000
547 -117.0000000000
548 -116.0000000000
558 -115.0000000000
561 -114.0000000000
563 -113.0000000000
576 -112.0000000000
593 -110.0000000000
595 -109.0000000000
603 -108.0000000000
625 -107.0000000000
626 -106.0000000000
628 -105.0000000000
634 -104.0000000000
661 -103.0000000000
702 -101.0000000000
703 -100.0000000000
705 -99.0000000000
711 -98.0000000000
721 -97.0000000000
742 -96.0000000000
747 -95.0000000000
750 -94.0000000000
755 -92.0000000000
757 -91.0000000000
763 -90.0000000000
773 -89.0000000000
779 -88.0000000000
792 -87.0000000000
798 -86.0000000000
810 -85.0000000000
822 -84.0000000000
827 -83.0000000000
853 -82.0000000000
871 -81.0000000000
878 -80.0000000000
887 -79.0000000000
888 -78.0000000000
901 -77.0000000000
905 -76.0000000000
914 -75.0000000000
917 -73.0000000000
922 -72.0000000000
934 -71.0000000000
936 -70.0000000000
947 -69.0000000000
953 -68.0000000000
996 -67.0000000000
1000 -66.0000000000
1003 -65.0000000000
1016 -64.0000000000
1029 -63.0000000000
1038 -62.0000000000
1039 -60.0000000000
1083 -59.0000000000
1098 -58.0000000000
1110 -57.0000000000
1169 -56.0000000000
1210 -55.0000000000
1213 -54.0000000000
1230 -53.0000000000
1232 -52.0000000000
1234 -51.0000000000
1249 -50.0000000000
1278 -49.0000000000
1308 -48.0000000000
1323 -47.0000000000
1340 -46.0000000000
1342 -45.0000000000
1347 -44.0000000000
1355 -43.0000000000
1363 -42.0000000000
1366 -41.0000000000
1370 -40.0000000000
1375 -39.0000000000
1388 -38.0000000000
1457 -36.0000000000
1484 -35.0000000000
1509 -34.0000000000
1527 -33.0000000000
1531 -32.0000000000
1559 -31.0000000000
1608 -30.0000000000
1669 -29.0000000000
1690 -28.0000000000
1731 -27.0000000000
1752 -24.0000000000
1766 -23.0000000000
1780 -22.0000000000
1800 -21.0000000000
1902 -20.0000000000
1941 -19.0000000000
1949 -18.0000000000
2003 -17.0000000000
2013 -16.0000000000
2106 -15.0000000000
2139 -13.0000000000
2156 -12.0000000000
2294 -11.0000000000
2381 -10.0000000000
2437 -9.0000000000
2560 -8.0000000000
2744 -7.0000000000
2783 -6.0000000000
2853 -5.0000000000
2904 -4.0000000000
2909 -3.0000000000
2947 -2.0000000000
2986 -1.0000000000
3052 382.0000000000
3335 394.0000000000
3599 400.0000000000
3933 407.0000000000
4462 408.0000000000
5222 410.0000000000
5610 412.0000000000
6843 418.0000000000
11045 420.0000000000
12340 425.0000000000
12615 427.0000000000
24439 428.0000000000
34932 432.0000000000
100000 -1.0000000000
evaluations raw_y
1 -220.0000000000
2 -219.0000000000
5 -218.0000000000
8 -216.0000000000
11 -214.0000000000
15 -213.0000000000
17 -211.0000000000
18 -209.0000000000
21 -208.0000000000
23 -207.0000000000
24 -205.0000000000
26 -204.0000000000
30 -203.0000000000
32 -202.0000000000
33 -201.0000000000
34 -200.0000000000
36 -199.0000000000
40 -198.0000000000
53 -197.0000000000
56 -196.0000000000
59 -194.0000000000
70 -193.0000000000
76 -192.0000000000
82 -190.0000000000
89 -188.0000000000
97 -187.0000000000
98 -186.0000000000
110 -185.0000000000
112 -184.0000000000
118 -183.0000000000
122 -182.0000000000
123 -181.0000000000
125 -180.0000000000
126 -178.0000000000
141 -177.0000000000
150 -176.0000000000
158 -175.0000000000
162 -173.0000000000
167 -172.0000000000
172 -171.0000000000
177 -170.0000000000
184 -169.0000000000
189 -168.0000000000
194 -167.0000000000
198 -166.0000000000
203 -165.0000000000
210 -164.0000000000
211 -163.0000000000
219 -162.0000000000
221 -161.0000000000
230 -160.0000000000
231 -159.0000000000
246 -158.0000000000
257 -157.0000000000
262 -156.0000000000
276 -155.0000000000
277 -154.0000000000
278 -153.0000000000
285 -152.0000000000
287 -151.0000000000
290 -150.0000000000
291 -149.0000000000
292 -148.0000000000
316 -147.0000000000
322 -146.0000000000
335 -145.0000000000
336 -144.0000000000
344 -143.0000000000
352 -142.0000000000
371 -141.0000000000
373 -140.0000000000
382 -139.0000000000
395 -138.0000000000
417 -137.0000000000
423 -136.0000000000
426 -135.0000000000
434 -133.0000000000
444 -132.0000000000
451 -131.0000000000
463 -130.0000000000
491 -129.0000000000
501 -127.0000000000
506 -126.0000000000
508 -125.0000000000
529 -124.0000000000
544 -123.0000000000
555 -122.0000000000
556 -121.0000000000
557 -119.0000000000
566 -118.0000000000
574 -117.0000000000
579 -116.0000000000
583 -115.0000000000
585 -113.0000000000
586 -112.0000000000
599 -111.0000000000
605 -110.0000000000
610 -109.0000000000
612 -108.0000000000
618 -107.0000000000
619 -106.0000000000
622 -105.0000000000
626 -104.0000000000
647 -103.0000000000
661 -102.0000000000
664 -100.0000000000
675 -99.0000000000
680 -98.0000000000
700 -97.0000000000
705 -96.0000000000
711 -95.0000000000
716 -94.0000000000
769 -93.0000000000
771 -92.0000000000
775 -91.0000000000
777 -90.0000000000
781 -89.0000000000
784 -87.0000000000
801 -85.0000000000
807 -84.0000000000
808 -82.0000000000
809 -81.0000000000
811 -80.0000000000
850 -79.0000000000
854 -78.0000000000
870 -77.0000000000
883 -76.0000000000
885 -75.0000000000
891 -74.0000000000
892 -73.0000000000
900 -72.0000000000
928 -71.0000000000
933 -70.0000000000
943 -69.0000000000
950 -68.0000000000
977 -66.0000000000
1036 -65.0000000000
1049 -64.0000000000
1059 -63.0000000000
1073 -62.0000000000
1077 -61.0000000000
1111 -60.0000000000
1146 -59.0000000000
1150 -58.0000000000
1184 -57.0000000000
1214 -56.0000000000
1225 -55.0000000000
1235 -54.0000000000
1238 -53.0000000000
1266 -52.0000000000
1298 -51.0000000000
1318 -50.0000000000
1323 -49.0000000000
1333 -47.0000000000
1344 -46.0000000000
1346 -45.0000000000
1355 -44.0000000000
1365 -43.0000000000
1372 -42.0000000000
1385 -41.0000000000
1396 -40.0000000000
1413 -39.0000000000
1455 -38.0000000000
1461 -37.0000000000
1484 -36.0000000000
1510 -35.0000000000
1513 -34.0000000000
1550 -33.0000000000
1557 -32.0000000000
1588 -31.0000000000
1594 -30.0000000000
1600 -29.0000000000
1650 -28.0000000000
1683 -27.0000000000
1694 -26.0000000000
1736 -25.0000000000
1764 -24.0000000000
1766 -23.0000000000
1770 -22.0000000000
1788 -21.0000000000
1830 -20.0000000000
1888 -19.0000000000
1961 -18.0000000000
2021 -17.0000000000
2044 -16.0000000000
2083 -15.0000000000
2130 -14.0000000000
2145 -13.0000000000
2221 -12.0000000000
2269 -11.0000000000
2349 -10.0000000000
2362 -9.0000000000
2478 -8.0000000000
2497 -7.0000000000
2578 -6.0000000000
2636 -5.0000000000
2697 -4.0000000000
3041 -3.0000000000
3074 -2.0000000000
3202 -1.0000000000
3237 393.0000000000
3407 395.0000000000
3480 404.0000000000
3726 405.0000000000
4385 406.0000000000
5217 409.0000000000
6195 411.0000000000
6327 413.0000000000
7105 416.0000000000
9623 417.0000000000
14144 424.0000000000
20228 427.0000000000
54979 428.0000000000
100000 -1.0000000000
evaluations raw_y
1 -231.0000000000
3 -228.0000000000
4 -227.0000000000
6 -226.0000000000
7 -225.0000000000
11 -224.0000000000
16 -222.0000000000
18 -221.0000000000
22 -220.0000000000
28 -219.0000000000
29 -217.0000000000
36 -216.0000000000
47 -215.0000000000
49 -214.0000000000
50 -212.0000000000
51 -211.0000000000
57 -210.0000000000
61 -209.0000000000
70 -208.0000000000
73 -207.0000000000
74 -205.0000000000
76 -203.0000000000
77 -201.0000000000
78 -200.0000000000
85 -199.0000000000
87 -198.0000000000
93 -197.0000000000
99 -196.0000000000
113 -195.0000000000
121 -194.0000000000
126 -193.0000000000
136 -191.0000000000
147 -190.0000000000
159 -189.0000000000
160 -187.0000000000
172 -186.0000000000
204 -185.0000000000
207 -183.0000000000
211 -182.0000000000
213 -181.0000000000
222 -179.0000000000
228 -178.0000000000
232 -175.0000000000
234 -174.0000000000
235 -173.0000000000
251 -172.0000000000
253 -171.0000000000
255 -170.0000000000
256 -169.0000000000
259 -168.0000000000
261 -167.0000000000
269 -166.0000000000
272 -165.0000000000
283 -164.0000000000
289 -162.0000000000
298 -161.0000000000
302 -160.0000000000
303 -159.0000000000
307 -158.0000000000
312 -157.0000000000
319 -156.0000000000
330 -155.0000000000
338 -154.0000000000
348 -153.0000000000
349 -152.0000000000
353 -150.0000000000
354 -149.0000000000
355 -148.0000000000
358 -147.0000000000
362 -146.0000000000
364 -145.0000000000
371 -144.0000000000
375 -143.0000000000
380 -142.0000000000
387 -141.0000000000
390 -140.0000000000
398 -139.0000000000
400 -138.0000000000
408 -137.0000000000
409 -135.0000000000
411 -134.0000000000
414 -133.0000000000
418 -132.0000000000
422 -130.0000000000
435 -129.0000000000
438 -128.0000000000
442 -126.0000000000
446 -125.0000000000
452 -124.0000000000
459 -123.0000000000
471 -122.0000000000
502 -121.0000000000
508 -120.0000000000
520 -119.0000000000
527 -118.0000000000
532 -117.0000000000
539 -116.0000000000
555 -115.0000000000
559 -114.0000000000
567 -113.0000000000
580 -112.0000000000
590 -111.0000000000
594 -110.0000000000
597 -109.0000000000
619 -108.0000000000
641 -107.0000000000
649 -106.0000000000
653 -105.0000000000
658 -104.0000000000
667 -103.0000000000
674 -102.0000000000
675 -100.0000000000
696 -99.0000000000
697 -98.0000000000
699 -97.0000000000
709 -96.0000000000
710 -95.0000000000
741 -94.0000000000
758 -93.0000000000
783 -92.0000000000
794 -91.0000000000
812 -90.0000000000
841 -89.0000000000
842 -88.0000000000
853 -87.0000000000
856 -86.0000000000
867 -85.0000000000
868 -83.0000000000
869 -82.0000000000
882 -81.0000000000
883 -80.0000000000
890 -79.0000000000
910 -78.0000000000
927 -76.0000000000
930 -75.0000000000
942 -74.0000000000
949 -73.0000000000
956 -72.0000000000
968 -71.0000000000
1039 -70.0000000000
1047 -69.0000000000
1052 -68.0000000000
1060 -67.0000000000
1073 -66.0000000000
1084 -65.0000000000
1102 -64.0000000000
1148 -63.0000000000
1166 -62.0000000000
1168 -61.0000000000
1178 -60.0000000000
1194 -59.0000000000
1195 -58.0000000000
1243 -57.0000000000
1271 -56.0000000000
1309 -55.0000000000
1333 -53.0000000000
1340 -52.0000000000
1346 -51.0000000000
1383 -50.0000000000
1393 -49.0000000000
1415 -48.0000000000
1428 -47.0000000000
1430 -46.0000000000
1447 -45.0000000000
1451 -44.0000000000
1468 -43.0000000000
1484 -42.0000000000
1534 -41.0000000000
1547 -40.0000000000
1549 -39.0000000000
1564 -38.0000000000
1580 -37.0000000000
1626 -36.0000000000
1659 -35.0000000000
1663 -34.0000000000
1714 -33.0000000000
1718 -32.0000000000
1794 -31.0000000000
1828 -30.0000000000
1838 -29.0000000000
1969 -28.0000000000
2020 -27.0000000000
2044 -26.0000000000
2073 -25.0000000000
2081 -24.0000000000
2082 -23.0000000000
2089 -22.0000000000
2099 -21.0000000000
2125 -20.0000000000
2137 -19.0000000000
2187 -18.0000000000
2307 -17.0000000000
2479 -16.0000000000
2542 -15.0000000000
2649 -14.0000000000
2653 -13.0000000000
2765 -12.0000000000
2918 -11.0000000000
3010 -10.0000000000
3024 -9.0000000000
3031 -8.0000000000
3044 -7.0000000000
3144 -6.0000000000
3199 -5.0000000000
3210 -4.0000000000
3288 -3.0000000000
3508 -2.0000000000
3707 -1.0000000000
3710 382.0000000000
3846 383.0000000000
4040 389.0000000000
4658 396.0000000000
4661 399.0000000000
5479 406.0000000000
5890 407.0000000000
5904 408.0000000000
6232 410.0000000000
7427 412.0000000000
7973 415.0000000000
8242 417.0000000000
9630 419.0000000000
11829 420.0000000000
13998 421.0000000000
14550 422.0000000000
14615 424.0000000000
19213 428.0000000000
22587 430.0000000000
25295 433.0000000000
100000 433.0000000000
evaluations raw_y
1 -209.0000000000
4 -208.0000000000
5 -207.0000000000
14 -206.0000000000
33 -204.0000000000
36 -202.0000000000
39 -201.0000000000
40 -200.0000000000
43 -198.0000000000
45 -197.0000000000
52 -196.0000000000
56 -194.0000000000
63 -193.0000000000
64 -192.0000000000
80 -191.0000000000
86 -190.0000000000
123 -189.0000000000
124 -188.0000000000
127 -187.0000000000
128 -186.0000000000
129 -185.0000000000
131 -184.0000000000
134 -182.0000000000
135 -181.0000000000
138 -179.0000000000
145 -178.0000000000
149 -177.0000000000
156 -176.0000000000
162 -175.0000000000
171 -174.0000000000
176 -173.0000000000
179 -171.0000000000
189 -170.0000000000
190 -169.0000000000
193 -168.0000000000
197 -166.0000000000
198 -165.0000000000
199 -164.0000000000
200 -163.0000000000
210 -161.0000000000
213 -160.0000000000
217 -159.0000000000
218 -158.0000000000
220 -157.0000000000
222 -155.0000000000
224 -154.0000000000
228 -153.0000000000
236 -152.0000000000
240 -151.0000000000
241 -150.0000000000
244 -149.0000000000
250 -147.0000000000
251 -145.0000000000
268 -144.0000000000
275 -143.0000000000
276 -142.0000000000
279 -141.0000000000
283 -140.0000000000
288 -139.0000000000
291 -138.0000000000
306 -137.0000000000
307 -136.0000000000
315 -134.0000000000
316 -133.0000000000
321 -131.0000000000
322 -129.0000000000
324 -128.0000000000
329 -125.0000000000
330 -124.0000000000
338 -123.0000000000
339 -122.0000000000
352 -120.0000000000
365 -119.0000000000
369 -118.0000000000
378 -117.0000000000
383 -116.0000000000
386 -115.0000000000
391 -114.0000000000
393 -113.0000000000
395 -112.0000000000
429 -111.0000000000
431 -110.0000000000
439 -109.0000000000
440 -108.0000000000
447 -107.0000000000
468 -105.0000000000
475 -104.0000000000
478 -103.0000000000
495 -102.0000000000
499 -101.0000000000
500 -100.0000000000
518 -99.0000000000
528 -98.0000000000
530 -97.0000000000
533 -96.0000000000
539 -95.0000000000
543 -94.0000000000
562 -92.0000000000
569 -91.0000000000
575 -90.0000000000
598 -89.0000000000
600 -88.0000000000
602 -87.0000000000
608 -86.0000000000
621 -85.0000000000
624 -84.0000000000
638 -83.0000000000
647 -82.0000000000
651 -81.0000000000
652 -80.0000000000
666 -79.0000000000
674 -78.0000000000
683 -77.0000000000
713 -76.0000000000
720 -75.0000000000
722 -74.0000000000
729 -73.0000000000
762 -72.0000000000
789 -70.0000000000
790 -69.0000000000
796 -67.0000000000
854 -66.0000000000
863 -64.0000000000
866 -63.0000000000
870 -62.0000000000
890 -61.0000000000
905 -60.0000000000
922 -59.0000000000
938 -58.0000000000
947 -57.0000000000
961 -56.0000000000
976 -55.0000000000
993 -54.0000000000
999 -53.0000000000
1010 -52.0000000000
1030 -51.0000000000
1036 -50.0000000000
1076 -49.0000000000
1088 -48.0000000000
1092 -47.0000000000
1130 -46.0000000000
1141 -45.0000000000
1177 -44.0000000000
1243 -43.0000000000
1274 -42.0000000000
1297 -41.0000000000
1338 -40.0000000000
1375 -39.0000000000
1414 -38.0000000000
1420 -36.0000000000
1446 -35.0000000000
1474 -34.0000000000
1483 -33.0000000000
1501 -32.0000000000
1510 -31.0000000000
1513 -30.0000000000
1534 -29.0000000000
1566 -28.0000000000
1585 -27.0000000000
1587 -26.0000000000
1614 -25.0000000000
1620 -24.0000000000
1622 -23.0000000000
1628 -22.0000000000
1638 -21.0000000000
1687 -20.0000000000
1708 -19.0000000000
1770 -18.0000000000
1831 -17.0000000000
1906 -16.0000000000
2012 -15.0000000000
2023 -14.0000000000
2039 -13.0000000000
2065 -12.0000000000
2071 -11.0000000000
2076 -10.0000000000
2109 -9.0000000000
2181 -8.0000000000
2236 -7.0000000000
2275 -6.0000000000
2355 -5.0000000000
2374 -4.0000000000
2431 -3.0000000000
2462 -2.0000000000
2545 -1.0000000000
2577 382.0000000000
3023 385.0000000000
3391 387.0000000000
3833 389.0000000000
3886 395.0000000000
3995 403.0000000000
4171 406.0000000000
4618 408.0000000000
4664 412.0000000000
5469 413.0000000000
6344 416.0000000000
8125 419.0000000000
15789 420.0000000000
39212 423.0000000000
49507 425.0000000000
65778 426.0000000000
71166 428.0000000000
86331 429.0000000000
100000 422.0000000000
evaluations raw_y
1 -208.0000000000
5 -207.0000000000
12 -206.0000000000
18 -205.0000000000
24 -204.0000000000
32 -203.0000000000
37 -202.0000000000
46 -201.0000000000
48 -199.0000000000
60 -198.0000000000
61 -197.0000000000
63 -196.0000000000
74 -194.0000000000
79 -193.0000000000
84 -191.0000000000
85 -189.0000000000
87 -188.0000000000
90 -187.0000000000
98 -186.0000000000
106 -185.0000000000
125 -184.0000000000
126 -183.0000000000
133 -181.0000000000
134 -180.0000000000
138 -178.0000000000
140 -177.0000000000
154 -176.0000000000
162 -175.0000000000
173 -173.0000000000
174 -172.0000000000
175 -171.0000000000
180 -170.0000000000
182 -168.0000000000
185 -167.0000000000
187 -166.0000000000
188 -165.0000000000
190 -164.0000000000
191 -163.0000000000
193 -162.0000000000
196 -161.0000000000
197 -160.0000000000
202 -159.0000000000
207 -158.0000000000
209 -157.0000000000
211 -155.0000000000
212 -154.0000000000
219 -153.0000000000
222 -152.0000000000
235 -151.0000000000
244 -150.0000000000
248 -148.0000000000
259 -147.0000000000
267 -145.0000000000
269 -144.0000000000
270 -143.0000000000
273 -142.0000000000
280 -141.0000000000
283 -140.0000000000
288 -139.0000000000
289 -138.0000000000
291 -137.0000000000
297 -136.0000000000
300 -135.0000000000
306 -134.0000000000
333 -133.0000000000
338 -132.0000000000
352 -131.0000000000
363 -130.0000000000
366 -128.0000000000
378 -127.0000000000
379 -125.0000000000
384 -123.0000000000
385 -122.0000000000
392 -121.0000000000
396 -120.0000000000
403 -118.0000000000
415 -117.0000000000
423 -116.0000000000
432 -115.0000000000
433 -113.0000000000
434 -112.0000000000
437 -110.0000000000
438 -109.0000000000
445 -108.0000000000
447 -107.0000000000
450 -106.0000000000
452 -105.0000000000
473 -104.0000000000
487 -102.0000000000
489 -101.0000000000
492 -100.0000000000
495 -99.0000000000
501 -98.0000000000
508 -97.0000000000
516 -95.0000000000
534 -93.0000000000
540 -92.0000000000
562 -91.0000000000
578 -90.0000000000
590 -89.0000000000
595 -88.0000000000
602 -87.0000000000
604 -86.0000000000
609 -85.0000000000
631 -83.0000000000
649 -82.0000000000
653 -81.0000000000
655 -80.0000000000
667 -79.0000000000
677 -78.0000000000
682 -77.0000000000
697 -76.0000000000
699 -75.0000000000
707 -74.0000000000
758 -73.0000000000
778 -72.0000000000
779 -71.0000000000
789 -70.0000000000
794 -69.0000000000
801 -68.0000000000
805 -67.0000000000
816 -66.0000000000
820 -65.0000000000
840 -64.0000000000
888 -63.0000000000
910 -62.0000000000
911 -61.0000000000
912 -60.0000000000
913 -59.0000000000
926 -58.0000000000
933 -57.0000000000
950 -56.0000000000
991 -55.0000000000
1004 -54.0000000000
1029 -53.0000000000
1046 -52.0000000000
1053 -51.0000000000
1063 -50.0000000000
1074 -49.0000000000
1086 -48.0000000000
1117 -47.0000000000
1121 -46.0000000000
1128 -45.0000000000
1166 -43.0000000000
1182 -42.0000000000
1202 -41.0000000000
1211 -40.0000000000
1222 -39.0000000000
1235 -38.0000000000
1254 -37.0000000000
1261 -36.0000000000
1306 -35.0000000000
1311 -34.0000000000
1359 -33.0000000000
1406 -32.0000000000
1430 -30.0000000000
1439 -29.0000000000
1445 -28.0000000000
1471 -26.0000000000
1473 -25.0000000000
1479 -24.0000000000
1492 -23.0000000000
1495 -22.0000000000
1531 -21.0000000000
1548 -20.0000000000
1549 -19.0000000000
1558 -18.0000000000
1581 -17.0000000000
1624 -16.0000000000
1645 -15.0000000000
1648 -14.0000000000
1739 -13.0000000000
1781 -12.0000000000
1807 -11.0000000000
1809 -10.0000000000
1943 -9.0000000000
2003 -8.0000000000
2105 -7.0000000000
2129 -6.0000000000
2239 -5.0000000000
2273 -4.0000000000
2329 -3.0000000000
2520 -2.0000000000
2642 -1.0000000000
2950 382.0000000000
3035 383.0000000000
3197 393.0000000000
3272 394.0000000000
3282 401.0000000000
3753 415.0000000000
4861 420.0000000000
7919 421.0000000000
12427 422.0000000000
15402 423.0000000000
16015 424.0000000000
19130 426.0000000000
23738 428.0000000000
34441 429.0000000000
35791 430.0000000000
41604 431.0000000000
63471 432.0000000000
64633 433.0000000000
69263 439.0000000000
100000 439.0000000000
evaluations raw_y
1 -196.0000000000
12 -195.0000000000
14 -194.0000000000
20 -193.0000000000
22 -192.0000000000
27 -190.0000000000
29 -189.0000000000
31 -188.0000000000
37 -185.0000000000
39 -184.0000000000
52 -182.0000000000
55 -178.0000000000
56 -177.0000000000
61 -175.0000000000
66 -172.0000000000
67 -171.0000000000
74 -170.0000000000
75 -169.0000000000
77 -168.0000000000
78 -167.0000000000
79 -166.0000000000
81 -165.0000000000
84 -164.0000000000
87 -163.0000000000
92 -161.0000000000
101 -160.0000000000
104 -159.0000000000
116 -158.0000000000
117 -157.0000000000
129 -156.0000000000
142 -155.0000000000
144 -154.0000000000
149 -153.0000000000
150 -152.0000000000
151 -151.0000000000
153 -150.0000000000
162 -149.0000000000
164 -148.0000000000
166 -147.0000000000
171 -146.0000000000
173 -145.0000000000
182 -144.0000000000
190 -143.0000000000
191 -142.0000000000
193 -141.0000000000
196 -140.0000000000
202 -138.0000000000
203 -137.0000000000
206 -136.0000000000
211 -135.0000000000
215 -134.0000000000
222 -133.0000000000
239 -132.0000000000
274 -131.0000000000
276 -129.0000000000
282 -128.0000000000
285 -127.0000000000
292 -126.0000000000
297 -125.0000000000
304 -124.0000000000
305 -123.0000000000
313 -122.0000000000
329 -121.0000000000
331 -120.0000000000
332 -119.0000000000
343 -118.0000000000
348 -117.0000000000
356 -116.0000000000
377 -115.0000000000
386 -114.0000000000
390 -113.0000000000
400 -111.0000000000
407 -109.0000000000
415 -108.0000000000
417 -107.0000000000
419 -106.0000000000
444 -104.0000000000
448 -102.0000000000
451 -100.0000000000
465 -99.0000000000
477 -98.0000000000
478 -97.0000000000
482 -96.0000000000
484 -95.0000000000
487 -94.0000000000
497 -92.0000000000
499 -91.0000000000
513 -89.0000000000
526 -88.0000000000
529 -87.0000000000
532 -86.0000000000
550 -85.0000000000
552 -84.0000000000
555 -83.0000000000
566 -82.0000000000
589 -81.0000000000
638 -80.0000000000
640 -79.0000000000
647 -77.0000000000
656 -76.0000000000
723 -75.0000000000
732 -74.0000000000
744 -73.0000000000
745 -72.0000000000
749 -71.0000000000
773 -70.0000000000
775 -69.0000000000
779 -67.0000000000
783 -66.0000000000
826 -65.0000000000
855 -64.0000000000
856 -63.0000000000
862 -62.0000000000
898 -61.0000000000
913 -60.0000000000
928 -59.0000000000
982 -58.0000000000
983 -57.0000000000
997 -55.0000000000
1045 -54.0000000000
1060 -53.0000000000
1067 -52.0000000000
1071 -51.0000000000
1115 -50.0000000000
1172 -49.0000000000
1175 -47.0000000000
1207 -46.0000000000
1260 -45.0000000000
1262 -44.0000000000
1278 -43.0000000000
1281 -42.0000000000
1327 -41.0000000000
1392 -40.0000000000
1402 -39.0000000000
1436 -38.0000000000
1467 -37.0000000000
1640 -36.0000000000
1676 -35.0000000000
1716 -34.0000000000
1740 -33.0000000000
1836 -32.0000000000
1876 -31.0000000000
1888 -30.0000000000
1939 -29.0000000000
1957 -28.0000000000
2002 -27.0000000000
2095 -26.0000000000
2097 -25.0000000000
2217 -24.0000000000
2253 -23.0000000000
2290 -22.0000000000
2395 -21.0000000000
2405 -20.0000000000
2432 -19.0000000000
2455 -18.0000000000
2477 -17.0000000000
2618 -16.0000000000
2640 -15.0000000000
2748 -14.0000000000
2766 -13.0000000000
2799 -12.0000000000
2815 -11.0000000000
2841 -10.0000000000
2845 -9.0000000000
2931 -8.0000000000
2951 -7.0000000000
2995 -6.0000000000
3033 -5.0000000000
3042 -4.0000000000
3149 -3.0000000000
3187 -2.0000000000
3426 -1.0000000000
3501 391.0000000000
3606 398.0000000000
3698 400.0000000000
3763 402.0000000000
4117 405.0000000000
4527 407.0000000000
6418 412.0000000000
12304 413.0000000000
14894 416.0000000000
18211 417.0000000000
19528 419.0000000000
25412 421.0000000000
29309 422.0000000000
31032 424.0000000000
31249 427.0000000000
34947 428.0000000000
43892 429.0000000000
43980 430.0000000000
46253 431.0000000000
54265 433.0000000000
58883 434.0000000000
100000 434.0000000000
evaluations raw_y
1 -221.0000000000
3 -220.0000000000
8 -219.0000000000
9 -218.0000000000
10 -217.0000000000
14 -215.0000000000
18 -214.0000000000
21 -213.0000000000
22 -212.0000000000
23 -211.0000000000
24 -210.0000000000
25 -209.0000000000
30 -208.0000000000
32 -207.0000000000
33 -206.0000000000
36 -205.0000000000
51 -204.0000000000
55 -203.0000000000
59 -202.0000000000
60 -201.0000000000
61 -200.0000000000
63 -198.0000000000
65 -197.0000000000
67 -194.0000000000
74 -192.0000000000
86 -191.0000000000
89 -190.0000000000
95 -189.0000000000
96 -188.0000000000
99 -187.0000000000
100 -186.0000000000
106 -185.0000000000
108 -184.0000000000
113 -182.0000000000
114 -181.0000000000
119 -179.0000000000
132 -178.0000000000
141 -177.0000000000
142 -175.0000000000
146 -174.0000000000
156 -173.0000000000
158 -172.0000000000
159 -171.0000000000
166 -170.0000000000
170 -168.0000000000
172 -167.0000000000
179 -166.0000000000
184 -165.0000000000
186 -163.0000000000
189 -162.0000000000
193 -161.0000000000
194 -160.0000000000
197 -159.0000000000
200 -158.0000000000
201 -157.0000000000
203 -155.0000000000
206 -154.0000000000
209 -153.0000000000
213 -152.0000000000
214 -151.0000000000
228 -150.0000000000
229 -149.0000000000
243 -148.0000000000
244 -147.0000000000
245 -145.0000000000
247 -142.0000000000
252 -141.0000000000
253 -140.0000000000
254 -139.0000000000
258 -138.0000000000
262 -137.0000000000
268 -136.0000000000
269 -135.0000000000
276 -134.0000000000
283 -133.0000000000
292 -132.0000000000
296 -131.0000000000
298 -129.0000000000
310 -128.0000000000
313 -127.0000000000
316 -126.0000000000
327 -125.0000000000
335 -124.0000000000
365 -122.0000000000
366 -121.0000000000
371 -120.0000000000
380 -119.0000000000
387 -118.0000000000
391 -117.0000000000
399 -116.0000000000
401 -115.0000000000
403 -114.0000000000
404 -113.0000000000
430 -112.0000000000
437 -110.0000000000
439 -109.0000000000
440 -108.0000000000
447 -107.0000000000
450 -106.0000000000
453 -105.0000000000
457 -104.0000000000
460 -102.0000000000
468 -100.0000000000
477 -98.0000000000
495 -97.0000000000
510 -96.0000000000
521 -94.0000000000
526 -93.0000000000
528 -91.0000000000
529 -90.0000000000
530 -89.0000000000
545 -88.0000000000
585 -87.0000000000
621 -86.0000000000
627 -85.0000000000
633 -83.0000000000
642 -82.0000000000
643 -81.0000000000
645 -80.0000000000
651 -79.0000000000
666 -78.0000000000
670 -77.0000000000
682 -76.0000000000
684 -75.0000000000
687 -74.0000000000
730 -73.0000000000
731 -72.0000000000
743 -71.0000000000
757 -70.0000000000
770 -69.0000000000
794 -68.0000000000
796 -67.0000000000
797 -66.0000000000
824 -65.0000000000
828 -64.0000000000
838 -63.0000000000
839 -62.0000000000
846 -61.0000000000
868 -60.0000000000
877 -59.0000000000
878 -58.0000000000
889 -57.0000000000
895 -56.0000000000
898 -55.0000000000
929 -54.0000000000
945 -53.0000000000
962 -52.0000000000
994 -51.0000000000
1003 -50.0000000000
1059 -48.0000000000
1071 -47.0000000000
1086 -46.0000000000
1113 -45.0000000000
1118 -44.0000000000
1149 -42.0000000000
1164 -41.0000000000
1181 -40.0000000000
1207 -39.0000000000
1212 -37.0000000000
1222 -36.0000000000
1224 -35.0000000000
1233 -34.0000000000
1318 -33.0000000000
1326 -32.0000000000
1342 -31.0000000000
1363 -30.0000000000
1372 -29.0000000000
1381 -28.0000000000
1437 -27.0000000000
1439 -26.0000000000
1479 -25.0000000000
1490 -24.0000000000
1530 -23.0000000000
1538 -22.0000000000
1617 -21.0000000000
1650 -20.0000000000
1652 -19.0000000000
1792 -18.0000000000
1815 -17.0000000000
1836 -16.0000000000
1919 -15.0000000000
2037 -14.0000000000
2064 -13.0000000000
2125 -12.0000000000
2164 -11.0000000000
2182 -10.0000000000
2233 -9.0000000000
2276 -8.0000000000
2419 -7.0000000000
2479 -6.0000000000
2738 -5.0000000000
2749 -4.0000000000
2845 -3.0000000000
2896 -2.0000000000
2906 -1.0000000000
3259 386.0000000000
3873 396.0000000000
4006 400.0000000000
5101 407.0000000000
5432 417.0000000000
7219 418.0000000000
8104 420.0000000000
10481 421.0000000000
11484 424.0000000000
14062 425.0000000000
14084 428.0000000000
19576 430.0000000000
50260 432.0000000000
81951 433.0000000000
82781 438.0000000000
100000 -1.0000000000
evaluations raw_y
1 -218.0000000000
2 -217.0000000000
7 -215.0000000000
9 -214.0000000000
21 -213.0000000000
23 -212.0000000000
41 -211.0000000000
44 -210.0000000000
47 -208.0000000000
49 -207.0000000000
51 -205.0000000000
53 -203.0000000000
58 -202.0000000000
65 -201.0000000000
74 -199.0000000000
76 -197.0000000000
78 -196.0000000000
79 -195.0000000000
80 -194.0000000000
83 -193.0000000000
91 -190.0000000000
99 -189.0000000000
100 -188.0000000000
101 -187.0000000000
103 -186.0000000000
111 -183.0000000000
112 -182.0000000000
115 -181.0000000000
121 -180.0000000000
127 -179.0000000000
128 -178.0000000000
132 -177.0000000000
133 -176.0000000000
137 -175.0000000000
144 -173.0000000000
146 -172.0000000000
147 -170.0000000000
148 -168.0000000000
150 -167.0000000000
153 -166.0000000000
172 -165.0000000000
174 -164.0000000000
176 -162.0000000000
177 -161.0000000000
181 -160.0000000000
189 -159.0000000000
194 -157.0000000000
202 -156.0000000000
204 -155.0000000000
209 -154.0000000000
212 -153.0000000000
218 -152.0000000000
229 -151.0000000000
231 -150.0000000000
249 -149.0000000000
262 -148.0000000000
268 -147.0000000000
272 -146.0000000000
282 -144.0000000000
284 -143.0000000000
292 -141.0000000000
293 -140.0000000000
294 -139.0000000000
297 -138.0000000000
298 -137.0000000000
314 -136.0000000000
320 -135.0000000000
327 -134.0000000000
336 -132.0000000000
338 -130.0000000000
339 -129.0000000000
353 -128.0000000000
355 -127.0000000000
384 -125.0000000000
385 -124.0000000000
386 -123.0000000000
387 -122.0000000000
389 -121.0000000000
393 -120.0000000000
398 -119.0000000000
399 -118.0000000000
413 -117.0000000000
415 -116.0000000000
420 -115.0000000000
421 -114.0000000000
443 -113.0000000000
451 -112.0000000000
458 -111.0000000000
466 -110.0000000000
471 -109.0000000000
481 -108.0000000000
498 -106.0000000000
502 -104.0000000000
526 -103.0000000000
527 -102.0000000000
528 -101.0000000000
535 -100.0000000000
550 -99.0000000000
556 -98.0000000000
558 -97.0000000000
559 -96.0000000000
599 -95.0000000000
600 -94.0000000000
601 -93.0000000000
614 -92.0000000000
637 -91.0000000000
650 -90.0000000000
656 -89.0000000000
657 -88.0000000000
658 -87.0000000000
661 -86.0000000000
692 -85.0000000000
707 -84.0000000000
710 -83.0000000000
714 -82.0000000000
716 -81.0000000000
727 -80.0000000000
734 -79.0000000000
770 -78.0000000000
785 -76.0000000000
804 -75.0000000000
805 -74.0000000000
835 -73.0000000000
916 -72.0000000000
933 -71.0000000000
935 -69.0000000000
950 -68.0000000000
963 -65.0000000000
972 -64.0000000000
975 -63.0000000000
993 -62.0000000000
994 -61.0000000000
1006 -60.0000000000
1018 -58.0000000000
1027 -57.0000000000
1029 -56.0000000000
1031 -55.0000000000
1055 -54.0000000000
1065 -53.0000000000
1097 -52.0000000000
1119 -51.0000000000
1122 -50.0000000000
1144 -49.0000000000
1168 -48.0000000000
1169 -46.0000000000
1226 -45.0000000000
1242 -44.0000000000
1266 -43.0000000000
1313 -42.0000000000
1363 -41.0000000000
1381 -40.0000000000
1391 -39.0000000000
1424 -38.0000000000
1484 -37.0000000000
1487 -36.0000000000
1489 -35.0000000000
1604 -34.0000000000
1618 -33.0000000000
1621 -32.0000000000
1625 -31.0000000000
1647 -30.0000000000
1665 -29.0000000000
1678 -28.0000000000
1681 -26.0000000000
1684 -25.0000000000
1737 -24.0000000000
1782 -23.0000000000
1799 -22.0000000000
1804 -21.0000000000
1841 -20.0000000000
1903 -19.0000000000
1926 -18.0000000000
1940 -17.0000000000
1951 -16.0000000000
1986 -15.0000000000
2141 -14.0000000000
2144 -13.0000000000
2159 -12.0000000000
2218 -11.0000000000
2230 -10.0000000000
2234 -9.0000000000
2239 -8.0000000000
2256 -7.0000000000
2326 -6.0000000000
2413 -5.0000000000
2418 -4.0000000000
2475 -3.0000000000
2696 -2.0000000000
2814 -1.0000000000
3294 379.0000000000
3492 394.0000000000
4054 397.0000000000
4657 407.0000000000
8442 413.0000000000
10695 416.0000000000
10722 420.0000000000
11550 424.0000000000
20212 426.0000000000
24404 427.0000000000
33944 430.0000000000
60206 431.0000000000
72616 432.0000000000
76523 433.0000000000
77387 434.0000000000
100000 434.0000000000
evaluations raw_y
1 -198.0000000000
5 -197.0000000000
14 -195.0000000000
17 -194.0000000000
20 -192.0000000000
37 -190.0000000000
39 -188.0000000000
48 -187.0000000000
50 -186.0000000000
53 -185.0000000000
55 -184.0000000000
58 -183.0000000000
63 -182.0000000000
77 -181.0000000000
81 -180.0000000000
83 -179.0000000000
94 -178.0000000000
97 -177.0000000000
98 -176.0000000000
103 -175.0000000000
106 -174.0000000000
110 -173.0000000000
112 -172.0000000000
115 -171.0000000000
120 -170.0000000000
122 -169.0000000000
126 -168.0000000000
133 -167.0000000000
137 -166.0000000000
139 -165.0000000000
140 -163.0000000000
144 -162.0000000000
148 -160.0000000000
149 -158.0000000000
152 -157.0000000000
155 -156.0000000000
171 -155.0000000000
182 -154.0000000000
184 -153.0000000000
195 -152.0000000000
210 -151.0000000000
211 -150.0000000000
213 -149.0000000000
214 -148.0000000000
217 -147.0000000000
236 -146.0000000000
237 -145.0000000000
244 -143.0000000000
251 -142.0000000000
256 -141.0000000000
261 -140.0000000000
267 -139.0000000000
278 -138.0000000000
298 -137.0000000000
306 -136.0000000000
332 -135.0000000000
339 -134.0000000000
344 -133.0000000000
345 -132.0000000000
359 -131.0000000000
360 -130.0000000000
365 -129.0000000000
368 -127.0000000000
377 -126.0000000000
378 -125.0000000000
391 -124.0000000000
403 -123.0000000000
412 -122.0000000000
417 -121.0000000000
419 -119.0000000000
420 -118.0000000000
423 -117.0000000000
425 -116.0000000000
428 -114.0000000000
434 -113.0000000000
439 -112.0000000000
444 -110.0000000000
451 -109.0000000000
453 -108.0000000000
462 -107.0000000000
470 -106.0000000000
475 -105.0000000000
477 -104.0000000000
489 -103.0000000000
491 -102.0000000000
492 -100.0000000000
501 -98.0000000000
502 -97.0000000000
503 -96.0000000000
507 -95.0000000000
510 -93.0000000000
511 -92.0000000000
512 -91.0000000000
565 -90.0000000000
579 -89.0000000000
601 -88.0000000000
612 -87.0000000000
642 -85.0000000000
643 -84.0000000000
644 -83.0000000000
647 -82.0000000000
657 -81.0000000000
665 -80.0000000000
668 -79.0000000000
680 -77.0000000000
695 -76.0000000000
704 -75.0000000000
705 -74.0000000000
720 -73.0000000000
722 -72.0000000000
753 -71.0000000000
758 -70.0000000000
783 -69.0000000000
796 -68.0000000000
811 -67.0000000000
814 -66.0000000000
833 -65.0000000000
858 -64.0000000000
876 -63.0000000000
881 -62.0000000000
889 -61.0000000000
918 -60.0000000000
928 -59.0000000000
946 -58.0000000000
952 -57.0000000000
953 -56.0000000000
968 -55.0000000000
1004 -54.0000000000
1008 -53.0000000000
1016 -52.0000000000
1044 -51.0000000000
1045 -50.0000000000
1047 -48.0000000000
1065 -47.0000000000
1113 -46.0000000000
1174 -45.0000000000
1181 -44.0000000000
1189 -43.0000000000
1255 -42.0000000000
1273 -41.0000000000
1335 -40.0000000000
1415 -39.0000000000
1466 -38.0000000000
1496 -37.0000000000
1501 -36.0000000000
1518 -35.0000000000
1558 -34.0000000000
1574 -33.0000000000
1606 -32.0000000000
1631 -31.0000000000
1634 -29.0000000000
1639 -28.0000000000
1703 -27.0000000000
1716 -26.0000000000
1729 -25.0000000000
1766 -24.0000000000
1788 -23.0000000000
1815 -22.0000000000
1833 -21.0000000000
1917 -20.0000000000
1919 -19.0000000000
1979 -18.0000000000
1983 -17.0000000000
2111 -16.0000000000
2134 -15.0000000000
2263 -14.0000000000
2266 -13.0000000000
2293 -12.0000000000
2301 -11.0000000000
2346 -10.0000000000
2356 -9.0000000000
2389 -8.0000000000
2489 -7.0000000000
2614 -6.0000000000
2627 -5.0000000000
2859 -4.0000000000
2904 -3.0000000000
2922 -1.0000000000
3072 380.0000000000
3102 384.0000000000
3287 390.0000000000
3321 401.0000000000
4354 404.0000000000
4544 408.0000000000
5460 410.0000000000
6428 412.0000000000
6513 414.0000000000
6705 419.0000000000
8839 421.0000000000
11141 424.0000000000
31108 425.0000000000
32084 427.0000000000
44067 429.0000000000
78205 432.0000000000
100000 -1.0000000000
evaluations raw_y
1 -219.0000000000
7 -217.0000000000
9 -216.0000000000
19 -215.0000000000
20 -214.0000000000
21 -213.0000000000
23 -212.0000000000
27 -211.0000000000
28 -210.0000000000
31 -209.0000000000
33 -208.0000000000
41 -207.0000000000
43 -206.0000000000
45 -205.0000000000
46 -204.0000000000
49 -203.0000000000
52 -202.0000000000
59 -201.0000000000
61 -200.0000000000
66 -198.0000000000
67 -195.0000000000
68 -194.0000000000
69 -193.0000000000
70 -192.0000000000
88 -191.0000000000
91 -189.0000000000
95 -188.0000000000
103 -184.0000000000
118 -183.0000000000
120 -182.0000000000
121 -181.0000000000
122 -179.0000000000
123 -176.0000000000
133 -175.0000000000
134 -174.0000000000
142 -173.0000000000
146 -172.0000000000
149 -170.0000000000
154 -169.0000000000
169 -168.0000000000
175 -166.0000000000
180 -164.0000000000
181 -162.0000000000
185 -161.0000000000
189 -160.0000000000
192 -159.0000000000
195 -158.0000000000
200 -155.0000000000
210 -153.0000000000
212 -151.0000000000
228 -149.0000000000
239 -148.0000000000
240 -147.0000000000
244 -146.0000000000
247 -145.0000000000
251 -144.0000000000
253 -143.0000000000
257 -142.0000000000
266 -140.0000000000
281 -139.0000000000
290 -138.0000000000
292 -137.0000000000
296 -136.0000000000
312 -135.0000000000
322 -134.0000000000
327 -133.0000000000
330 -132.0000000000
338 -130.0000000000
343 -129.0000000000
345 -128.0000000000
348 -127.0000000000
351 -126.0000000000
352 -125.0000000000
354 -124.0000000000
400 -123.0000000000
409 -122.0000000000
415 -121.0000000000
421 -120.0000000000
430 -119.0000000000
439 -118.0000000000
452 -117.0000000000
453 -116.0000000000
465 -115.0000000000
469 -114.0000000000
470 -113.0000000000
473 -112.0000000000
478 -111.0000000000
497 -110.0000000000
505 -109.0000000000
508 -108.0000000000
510 -107.0000000000
520 -106.0000000000
526 -105.0000000000
533 -104.0000000000
534 -102.0000000000
538 -101.0000000000
539 -100.0000000000
552 -99.0000000000
555 -98.0000000000
562 -97.0000000000
563 -96.0000000000
569 -95.0000000000
590 -93.0000000000
591 -92.0000000000
599 -90.0000000000
610 -89.0000000000
619 -88.0000000000
636 -87.0000000000
653 -86.0000000000
658 -85.0000000000
668 -84.0000000000
684 -83.0000000000
691 -82.0000000000
705 -81.0000000000
711 -80.0000000000
734 -79.0000000000
738 -78.0000000000
789 -77.0000000000
804 -76.0000000000
823 -75.0000000000
825 -74.0000000000
847 -73.0000000000
848 -72.0000000000
868 -71.0000000000
891 -70.0000000000
906 -69.0000000000
934 -68.0000000000
941 -67.0000000000
944 -66.0000000000
962 -65.0000000000
982 -64.0000000000
1010 -63.0000000000
1026 -62.0000000000
1027 -61.0000000000
1040 -59.0000000000
1055 -58.0000000000
1073 -57.0000000000
1077 -56.0000000000
1080 -55.0000000000
1083 -54.0000000000
1096 -53.0000000000
1099 -52.0000000000
1118 -51.0000000000
1124 -50.0000000000
1126 -49.0000000000
1142 -48.0000000000
1157 -46.0000000000
1163 -45.0000000000
1165 -44.0000000000
1186 -43.0000000000
1189 -42.0000000000
1191 -41.0000000000
1261 -40.0000000000
1264 -39.0000000000
1271 -38.0000000000
1288 -37.0000000000
1316 -36.0000000000
1318 -35.0000000000
1320 -34.0000000000
1333 -33.0000000000
1342 -31.0000000000
1382 -30.0000000000
1397 -29.0000000000
1401 -28.0000000000
1412 -27.0000000000
1450 -26.0000000000
1500 -25.0000000000
1589 -24.0000000000
1654 -23.0000000000
1674 -22.0000000000
1689 -20.0000000000
1692 -19.0000000000
1701 -18.0000000000
1706 -17.0000000000
1774 -16.0000000000
1795 -15.0000000000
1823 -13.0000000000
1824 -12.0000000000
1835 -11.0000000000
1870 -10.0000000000
1896 -9.0000000000
2138 -8.0000000000
2239 -7.0000000000
2254 -6.0000000000
2273 -5.0000000000
2369 -4.0000000000
2373 -3.0000000000
2389 -2.0000000000
2599 -1.0000000000
2976 401.0000000000
3498 402.0000000000
3589 407.0000000000
3909 411.0000000000
3913 413.0000000000
6095 421.0000000000
12392 422.0000000000
13294 423.0000000000
15822 424.0000000000
18406 426.0000000000
18952 431.0000000000
21617 432.0000000000
25624 434.0000000000
38863 435.0000000000
80351 436.0000000000
91144 438.0000000000
100000 -1.0000000000
evaluations raw_y
1 -212.0000000000
3 -211.0000000000
5 -210.0000000000
8 -209.0000000000
15 -208.0000000000
17 -207.0000000000
18 -206.0000000000
23 -205.0000000000
32 -204.0000000000
38 -203.0000000000
39 -202.0000000000
42 -201.0000000000
51 -200.0000000000
52 -198.0000000000
58 -196.0000000000
61 -195.0000000000
63 -194.0000000000
65 -193.0000000000
66 -191.0000000000
67 -188.0000000000
69 -186.0000000000
73 -185.0000000000
76 -184.0000000000
81 -183.0000000000
86 -181.0000000000
89 -180.0000000000
93 -178.0000000000
94 -177.0000000000
95 -176.0000000000
98 -175.0000000000
100 -173.0000000000
123 -172.0000000000
127 -171.0000000000
128 -170.0000000000
137 -169.0000000000
156 -168.0000000000
160 -166.0000000000
167 -165.0000000000
168 -164.0000000000
171 -163.0000000000
172 -162.0000000000
176 -160.0000000000
181 -159.0000000000
182 -158.0000000000
186 -157.0000000000
187 -155.0000000000
190 -154.0000000000
201 -153.0000000000
203 -152.0000000000
205 -151.0000000000
206 -150.0000000000
209 -149.0000000000
214 -147.0000000000
218 -146.0000000000
234 -144.0000000000
235 -142.0000000000
240 -141.0000000000
244 -140.0000000000
252 -139.0000000000
253 -138.0000000000
263 -137.0000000000
266 -135.0000000000
268 -134.0000000000
281 -133.0000000000
282 -131.0000000000
295 -130.0000000000
296 -129.0000000000
304 -128.0000000000
307 -127.0000000000
308 -126.0000000000
319 -125.0000000000
320 -122.0000000000
332 -121.0000000000
337 -120.0000000000
341 -119.0000000000
345 -118.0000000000
355 -117.0000000000
359 -116.0000000000
363 -114.0000000000
379 -113.0000000000
380 -111.0000000000
385 -110.0000000000
393 -109.0000000000
396 -108.0000000000
404 -107.0000000000
412 -104.0000000000
428 -103.0000000000
438 -102.0000000000
449 -101.0000000000
453 -100.0000000000
464 -99.0000000000
467 -98.0000000000
475 -97.0000000000
478 -96.0000000000
479 -95.0000000000
491 -94.0000000000
495 -93.0000000000
500 -92.0000000000
515 -91.0000000000
524 -89.0000000000
547 -88.0000000000
558 -87.0000000000
561 -86.0000000000
566 -84.0000000000
580 -83.0000000000
602 -82.0000000000
604 -81.0000000000
608 -78.0000000000
620 -77.0000000000
621 -76.0000000000
648 -75.0000000000
677 -74.0000000000
728 -73.0000000000
737 -72.0000000000
738 -71.0000000000
739 -70.0000000000
743 -69.0000000000
769 -68.0000000000
781 -67.0000000000
783 -66.0000000000
785 -65.0000000000
813 -64.0000000000
825 -63.0000000000
834 -62.0000000000
841 -61.0000000000
892 -59.0000000000
902 -58.0000000000
905 -57.0000000000
915 -56.0000000000
942 -55.0000000000
1007 -54.0000000000
1020 -53.0000000000
1022 -52.0000000000
1043 -51.0000000000
1065 -50.0000000000
1066 -49.0000000000
1116 -48.0000000000
1118 -47.0000000000
1133 -46.0000000000
1153 -45.0000000000
1173 -44.0000000000
1212 -43.0000000000
1227 -42.0000000000
1229 -41.0000000000
1230 -40.0000000000
1233 -39.0000000000
1272 -38.0000000000
1325 -37.0000000000
1332 -36.0000000000
1351 -35.0000000000
1442 -33.0000000000
1500 -32.0000000000
1559 -31.0000000000
1621 -30.0000000000
1625 -29.0000000000
1647 -28.0000000000
1683 -27.0000000000
1709 -26.0000000000
1713 -25.0000000000
1719 -24.0000000000
1776 -23.0000000000
1800 -22.0000000000
1805 -21.0000000000
1818 -20.0000000000
1869 -19.0000000000
1885 -18.0000000000
1889 -17.0000000000
1973 -16.0000000000
1983 -15.0000000000
2024 -14.0000000000
2078 -13.0000000000
2152 -12.0000000000
2188 -11.0000000000
2208 -10.0000000000
2256 -9.0000000000
2317 -8.0000000000
2331 -7.0000000000
2385 -5.0000000000
2608 -3.0000000000
2678 -2.0000000000
2711 -1.0000000000
2788 384.0000000000
3162 385.0000000000
4105 394.0000000000
4629 397.0000000000
5075 398.0000000000
5694 404.0000000000
6414 405.0000000000
6526 406.0000000000
6875 407.0000000000
7692 412.0000000000
8898 413.0000000000
12133 414.0000000000
12818 415.0000000000
14027 421.0000000000
14927 423.0000000000
17846 424.0000000000
18326 428.0000000000
21844 431.0000000000
30071 432.0000000000
32994 434.0000000000
41190 435.0000000000
54291 439.0000000000
100000 439.0000000000
evaluations raw_y
1 -193.0000000000
7 -191.0000000000
25 -190.0000000000
29 -189.0000000000
31 -188.0000000000
34 -187.0000000000
38 -186.0000000000
40 -185.0000000000
41 -184.0000000000
43 -183.0000000000
44 -182.0000000000
49 -181.0000000000
55 -180.0000000000
56 -178.0000000000
57 -177.0000000000
58 -176.0000000000
60 -175.0000000000
62 -174.0000000000
63 -172.0000000000
65 -171.0000000000
71 -170.0000000000
75 -168.0000000000
81 -166.0000000000
84 -165.0000000000
86 -163.0000000000
92 -162.0000000000
93 -161.0000000000
99 -160.0000000000
106 -159.0000000000
107 -158.0000000000
112 -157.0000000000
127 -156.0000000000
128 -155.0000000000
138 -154.0000000000
144 -153.0000000000
145 -152.0000000000
147 -151.0000000000
154 -150.0000000000
155 -149.0000000000
157 -148.0000000000
159 -147.0000000000
164 -146.0000000000
168 -145.0000000000
172 -144.0000000000
180 -143.0000000000
186 -142.0000000000
189 -141.0000000000
192 -140.0000000000
193 -139.0000000000
195 -138.0000000000
202 -137.0000000000
206 -136.0000000000
214 -135.0000000000
218 -134.0000000000
223 -133.0000000000
226 -132.0000000000
260 -131.0000000000
283 -130.0000000000
286 -129.0000000000
288 -128.0000000000
310 -127.0000000000
328 -126.0000000000
353 -125.0000000000
360 -124.0000000000
362 -123.0000000000
364 -122.0000000000
371 -121.0000000000
373 -120.0000000000
380 -119.0000000000
382 -118.0000000000
385 -117.0000000000
397 -116.0000000000
398 -115.0000000000
400 -114.0000000000
411 -113.0000000000
416 -111.0000000000
424 -110.0000000000
427 -109.0000000000
432 -108.0000000000
436 -107.0000000000
440 -105.0000000000
476 -104.0000000000
481 -103.0000000000
493 -102.0000000000
510 -101.0000000000
521 -100.0000000000
524 -99.0000000000
526 -97.0000000000
527 -96.0000000000
534 -95.0000000000
535 -94.0000000000
543 -93.0000000000
562 -92.0000000000
569 -90.0000000000
577 -89.0000000000
582 -88.0000000000
614 -86.0000000000
633 -85.0000000000
640 -84.0000000000
646 -83.0000000000
647 -82.0000000000
650 -81.0000000000
664 -80.0000000000
694 -79.0000000000
695 -78.0000000000
714 -77.0000000000
723 -76.0000000000
745 -75.0000000000
757 -74.0000000000
760 -73.0000000000
765 -72.0000000000
766 -71.0000000000
768 -70.0000000000
777 -69.0000000000
778 -68.0000000000
786 -67.0000000000
800 -66.0000000000
811 -65.0000000000
827 -64.0000000000
828 -63.0000000000
836 -62.0000000000
837 -61.0000000000
846 -60.0000000000
866 -59.0000000000
870 -58.0000000000
871 -57.0000000000
873 -56.0000000000
895 -55.0000000000
919 -54.0000000000
924 -53.0000000000
930 -52.0000000000
938 -51.0000000000
945 -50.0000000000
958 -49.0000000000
967 -47.0000000000
981 -46.0000000000
1002 -45.0000000000
1014 -44.0000000000
1060 -43.0000000000
1062 -42.0000000000
1089 -40.0000000000
1091 -39.0000000000
1182 -38.0000000000
1191 -37.0000000000
1209 -36.0000000000
1269 -35.0000000000
1272 -34.0000000000
1322 -33.0000000000
1377 -32.0000000000
1386 -31.0000000000
1418 -30.0000000000
1445 -29.0000000000
1513 -28.0000000000
1521 -27.0000000000
1542 -26.0000000000
1661 -25.0000000000
1668 -24.0000000000
1672 -23.0000000000
1721 -22.0000000000
1767 -21.0000000000
1768 -20.0000000000
1769 -19.0000000000
1806 -18.0000000000
1828 -17.0000000000
1843 -16.0000000000
1850 -15.0000000000
1888 -14.0000000000
1908 -13.0000000000
1915 -12.0000000000
1941 -10.0000000000
1975 -9.0000000000
1987 -8.0000000000
2074 -7.0000000000
2207 -6.0000000000
2223 -5.0000000000
2286 -4.0000000000
2339 -3.0000000000
2340 -2.0000000000
2379 -1.0000000000
2436 366.0000000000
2615 373.0000000000
2628 387.0000000000
3270 388.0000000000
3363 403.0000000000
3542 407.0000000000
6607 409.0000000000
7172 411.0000000000
7284 415.0000000000
9038 419.0000000000
10197 420.0000000000
12109 421.0000000000
16174 422.0000000000
16612 424.0000000000
22489 425.0000000000
25388 426.0000000000
25908 428.0000000000
30602 429.0000000000
46868 430.0000000000
53784 431.0000000000
100000 -1.0000000000
