evaluations raw_y
1 -300.0000000000
2 -282.0000000000
3 -265.0000000000
45 -259.0000000000
63 -256.0000000000
74 -254.0000000000
83 -247.0000000000
104 -244.0000000000
110 -243.0000000000
113 -242.0000000000
136 -239.0000000000
145 -233.0000000000
160 -231.0000000000
164 -230.0000000000
167 -227.0000000000
192 -221.0000000000
223 -214.0000000000
228 -212.0000000000
252 -211.0000000000
271 -205.0000000000
306 -201.0000000000
329 -200.0000000000
335 -193.0000000000
365 -183.0000000000
424 -174.0000000000
461 -173.0000000000
513 -171.0000000000
522 -166.0000000000
547 -164.0000000000
567 -161.0000000000
618 -159.0000000000
628 -158.0000000000
647 -157.0000000000
655 -156.0000000000
692 -151.0000000000
724 -148.0000000000
741 -146.0000000000
761 -140.0000000000
835 -138.0000000000
862 -136.0000000000
904 -135.0000000000
949 -132.0000000000
1015 -131.0000000000
1018 -130.0000000000
1032 -128.0000000000
1080 -127.0000000000
1082 -126.0000000000
1094 -124.0000000000
1145 -123.0000000000
1164 -121.0000000000
1221 -119.0000000000
1233 -118.0000000000
1276 -117.0000000000
1281 -116.0000000000
1292 -115.0000000000
1361 -114.0000000000
1377 -113.0000000000
1383 -111.0000000000
1417 -110.0000000000
1426 -108.0000000000
1461 -107.0000000000
1469 -106.0000000000
1470 -105.0000000000
1514 -102.0000000000
1527 -101.0000000000
1552 -99.0000000000
1586 -98.0000000000
1609 -97.0000000000
1635 -95.0000000000
1674 -94.0000000000
1723 -92.0000000000
1742 -91.0000000000
1770 -90.0000000000
1812 -89.0000000000
1844 -88.0000000000
1862 -86.0000000000
1903 -85.0000000000
1942 -82.0000000000
2005 -80.0000000000
2068 -79.0000000000
2088 -77.0000000000
2101 -76.0000000000
2149 -75.0000000000
2166 -74.0000000000
2196 -73.0000000000
2214 -72.0000000000
2243 -71.0000000000
2284 -70.0000000000
2295 -69.0000000000
2297 -68.0000000000
2367 -67.0000000000
2414 -66.0000000000
2456 -65.0000000000
2463 -64.0000000000
2471 -63.0000000000
2500 -62.0000000000
2507 -61.0000000000
2581 -60.0000000000
2608 -59.0000000000
2622 -58.0000000000
2704 -57.0000000000
2713 -56.0000000000
2724 -55.0000000000
2747 -54.0000000000
2844 -53.0000000000
2858 -52.0000000000
2901 -51.0000000000
2922 -50.0000000000
2975 -48.0000000000
3046 -46.0000000000
3154 -45.0000000000
3186 -44.0000000000
3301 -43.0000000000
3319 -42.0000000000
3406 -41.0000000000
3443 -40.0000000000
3524 -39.0000000000
3604 -38.0000000000
3674 -37.0000000000
3693 -36.0000000000
3710 -35.0000000000
3855 -34.0000000000
3884 -33.0000000000
3942 -32.0000000000
3984 -31.0000000000
4076 -30.0000000000
4164 -29.0000000000
4169 -28.0000000000
4229 -27.0000000000
4307 -25.0000000000
4390 -24.0000000000
4491 -23.0000000000
4524 -22.0000000000
4591 -21.0000000000
4623 -20.0000000000
4713 -19.0000000000
4736 -18.0000000000
4810 -17.0000000000
4887 -16.0000000000
4919 -15.0000000000
4996 -14.0000000000
5063 -13.0000000000
5090 -12.0000000000
5229 -11.0000000000
5332 -10.0000000000
5379 -9.0000000000
5407 -8.0000000000
5502 -7.0000000000
5601 -6.0000000000
5749 -5.0000000000
5814 -4.0000000000
5925 -3.0000000000
6238 -2.0000000000
6398 -1.0000000000
6588 500.0000000000
6781 503.0000000000
6916 505.0000000000
7021 506.0000000000
7077 507.0000000000
7151 518.0000000000
7349 522.0000000000
8449 525.0000000000
8679 528.0000000000
8838 529.0000000000
8894 534.0000000000
24635 539.0000000000
27177 546.0000000000
32740 549.0000000000
61901 550.0000000000
100000 -1.0000000000
evaluations raw_y
1 -283.0000000000
5 -263.0000000000
50 -261.0000000000
53 -252.0000000000
86 -251.0000000000
89 -248.0000000000
113 -243.0000000000
121 -237.0000000000
138 -235.0000000000
141 -227.0000000000
164 -226.0000000000
201 -219.0000000000
231 -218.0000000000
252 -217.0000000000
267 -210.0000000000
281 -204.0000000000
290 -202.0000000000
334 -201.0000000000
344 -197.0000000000
382 -192.0000000000
392 -191.0000000000
406 -189.0000000000
421 -188.0000000000
423 -181.0000000000
463 -180.0000000000
491 -179.0000000000
514 -177.0000000000
524 -175.0000000000
534 -173.0000000000
538 -170.0000000000
566 -165.0000000000
610 -164.0000000000
612 -162.0000000000
632 -158.0000000000
655 -155.0000000000
692 -153.0000000000
699 -152.0000000000
712 -151.0000000000
724 -150.0000000000
749 -149.0000000000
762 -148.0000000000
789 -145.0000000000
802 -143.0000000000
810 -142.0000000000
856 -139.0000000000
901 -137.0000000000
940 -136.0000000000
942 -135.0000000000
949 -134.0000000000
991 -133.0000000000
995 -131.0000000000
1023 -130.0000000000
1033 -129.0000000000
1056 -128.0000000000
1057 -124.0000000000
1124 -123.0000000000
1143 -121.0000000000
1177 -120.0000000000
1190 -119.0000000000
1227 -118.0000000000
1257 -117.0000000000
1277 -116.0000000000
1298 -112.0000000000
1358 -111.0000000000
1363 -110.0000000000
1416 -109.0000000000
1423 -108.0000000000
1444 -107.0000000000
1492 -106.0000000000
1509 -105.0000000000
1535 -104.0000000000
1548 -103.0000000000
1596 -101.0000000000
1611 -99.0000000000
1664 -97.0000000000
1736 -95.0000000000
1741 -94.0000000000
1768 -93.0000000000
1789 -92.0000000000
1808 -91.0000000000
1830 -89.0000000000
1930 -88.0000000000
1970 -87.0000000000
2001 -86.0000000000
2007 -85.0000000000
2089 -83.0000000000
2109 -82.0000000000
2194 -81.0000000000
2204 -80.0000000000
2241 -79.0000000000
2285 -77.0000000000
2349 -76.0000000000
2383 -75.0000000000
2419 -72.0000000000
2474 -71.0000000000
2511 -70.0000000000
2561 -68.0000000000
2584 -66.0000000000
2628 -65.0000000000
2662 -64.0000000000
2681 -61.0000000000
2778 -60.0000000000
2830 -59.0000000000
2856 -58.0000000000
2871 -57.0000000000
2890 -56.0000000000
2919 -55.0000000000
2931 -54.0000000000
2990 -52.0000000000
3038 -51.0000000000
3062 -49.0000000000
3101 -48.0000000000
3187 -46.0000000000
3221 -45.0000000000
3224 -44.0000000000
3273 -43.0000000000
3337 -41.0000000000
3389 -39.0000000000
3463 -38.0000000000
3491 -37.0000000000
3511 -36.0000000000
3545 -35.0000000000
3581 -32.0000000000
3630 -30.0000000000
3705 -29.0000000000
3748 -28.0000000000
3763 -27.0000000000
3765 -26.0000000000
3842 -25.0000000000
3881 -23.0000000000
3912 -22.0000000000
3966 -21.0000000000
3989 -19.0000000000
4104 -18.0000000000
4109 -17.0000000000
4240 -15.0000000000
4356 -14.0000000000
4388 -13.0000000000
4456 -12.0000000000
4536 -11.0000000000
4585 -10.0000000000
4696 -9.0000000000
4727 -8.0000000000
4785 -6.0000000000
4863 -5.0000000000
5041 -4.0000000000
5270 -3.0000000000
5322 -2.0000000000
5385 -1.0000000000
5451 471.0000000000
5551 490.0000000000
5732 501.0000000000
6020 505.0000000000
6123 512.0000000000
6164 515.0000000000
6658 518.0000000000
7083 520.0000000000
8871 523.0000000000
9024 526.0000000000
9132 529.0000000000
9139 535.0000000000
9971 537.0000000000
10130 539.0000000000
10174 540.0000000000
10340 542.0000000000
16489 543.0000000000
20220 544.0000000000
20660 545.0000000000
26916 546.0000000000
34723 548.0000000000
39630 551.0000000000
49179 555.0000000000
53403 556.0000000000
59978 558.0000000000
85687 559.0000000000
100000 -1.0000000000
evaluations raw_y
1 -277.0000000000
4 -272.0000000000
17 -268.0000000000
60 -267.0000000000
62 -266.0000000000
65 -264.0000000000
66 -260.0000000000
81 -255.0000000000
101 -243.0000000000
121 -238.0000000000
151 -230.0000000000
187 -226.0000000000
193 -224.0000000000
205 -218.0000000000
222 -213.0000000000
247 -212.0000000000
273 -202.0000000000
323 -201.0000000000
343 -195.0000000000
381 -194.0000000000
401 -191.0000000000
423 -186.0000000000
430 -185.0000000000
440 -181.0000000000
475 -177.0000000000
478 -175.0000000000
499 -174.0000000000
523 -171.0000000000
544 -170.0000000000
582 -165.0000000000
625 -160.0000000000
663 -154.0000000000
706 -150.0000000000
737 -149.0000000000
741 -148.0000000000
748 -146.0000000000
785 -144.0000000000
791 -142.0000000000
808 -139.0000000000
876 -138.0000000000
890 -136.0000000000
944 -135.0000000000
966 -134.0000000000
971 -133.0000000000
1001 -131.0000000000
1033 -129.0000000000
1075 -128.0000000000
1092 -125.0000000000
1132 -124.0000000000
1136 -123.0000000000
1169 -121.0000000000
1207 -117.0000000000
1283 -115.0000000000
1322 -114.0000000000
1355 -112.0000000000
1369 -110.0000000000
1381 -108.0000000000
1430 -106.0000000000
1492 -105.0000000000
1529 -104.0000000000
1554 -103.0000000000
1604 -101.0000000000
1611 -100.0000000000
1646 -99.0000000000
1652 -96.0000000000
1740 -95.0000000000
1762 -94.0000000000
1803 -90.0000000000
1841 -89.0000000000
1919 -87.0000000000
1961 -85.0000000000
2036 -83.0000000000
2068 -82.0000000000
2083 -80.0000000000
2086 -79.0000000000
2168 -76.0000000000
2246 -75.0000000000
2271 -73.0000000000
2307 -70.0000000000
2389 -69.0000000000
2425 -68.0000000000
2463 -67.0000000000
2489 -66.0000000000
2502 -65.0000000000
2575 -64.0000000000
2585 -63.0000000000
2624 -62.0000000000
2627 -61.0000000000
2647 -60.0000000000
2688 -59.0000000000
2727 -58.0000000000
2752 -57.0000000000
2770 -56.0000000000
2793 -54.0000000000
2893 -53.0000000000
2908 -52.0000000000
2956 -51.0000000000
2969 -50.0000000000
2982 -49.0000000000
3022 -48.0000000000
3031 -47.0000000000
3066 -46.0000000000
3104 -44.0000000000
3123 -42.0000000000
3185 -41.0000000000
3238 -40.0000000000
3260 -39.0000000000
3293 -38.0000000000
3334 -37.0000000000
3352 -36.0000000000
3391 -35.0000000000
3465 -34.0000000000
3522 -33.0000000000
3528 -31.0000000000
3656 -30.0000000000
3705 -29.0000000000
3808 -28.0000000000
3892 -26.0000000000
4002 -25.0000000000
4110 -24.0000000000
4148 -23.0000000000
4186 -22.0000000000
4202 -21.0000000000
4286 -20.0000000000
4311 -19.0000000000
4363 -18.0000000000
4388 -17.0000000000
4464 -16.0000000000
4563 -15.0000000000
4654 -14.0000000000
4665 -13.0000000000
4819 -12.0000000000
4881 -11.0000000000
4964 -10.0000000000
5038 -9.0000000000
5138 -8.0000000000
5216 -7.0000000000
5346 -6.0000000000
5381 -5.0000000000
5531 -4.0000000000
5600 -2.0000000000
5689 -1.0000000000
5746 469.0000000000
5830 473.0000000000
5966 475.0000000000
6139 481.0000000000
6218 487.0000000000
6391 495.0000000000
6506 498.0000000000
6512 499.0000000000
6551 506.0000000000
8399 508.0000000000
8426 514.0000000000
8744 515.0000000000
9013 524.0000000000
12927 525.0000000000
13178 526.0000000000
13594 528.0000000000
13951 533.0000000000
16916 537.0000000000
27002 538.0000000000
37476 541.0000000000
42375 543.0000000000
100000 543.0000000000
evaluations raw_y
1 -274.0000000000
10 -260.0000000000
55 -254.0000000000
82 -249.0000000000
88 -248.0000000000
102 -245.0000000000
103 -244.0000000000
139 -242.0000000000
140 -241.0000000000
143 -237.0000000000
159 -236.0000000000
164 -234.0000000000
172 -229.0000000000
192 -228.0000000000
204 -223.0000000000
219 -219.0000000000
259 -216.0000000000
268 -215.0000000000
272 -210.0000000000
291 -207.0000000000
315 -205.0000000000
345 -203.0000000000
368 -201.0000000000
387 -197.0000000000
407 -192.0000000000
442 -181.0000000000
524 -180.0000000000
557 -177.0000000000
565 -175.0000000000
586 -174.0000000000
616 -173.0000000000
619 -172.0000000000
623 -168.0000000000
669 -167.0000000000
675 -165.0000000000
702 -163.0000000000
725 -160.0000000000
759 -159.0000000000
776 -158.0000000000
778 -157.0000000000
786 -155.0000000000
792 -150.0000000000
843 -148.0000000000
885 -146.0000000000
901 -145.0000000000
930 -144.0000000000
947 -141.0000000000
951 -140.0000000000
1001 -139.0000000000
1027 -138.0000000000
1030 -132.0000000000
1127 -131.0000000000
1144 -130.0000000000
1168 -128.0000000000
1204 -126.0000000000
1258 -125.0000000000
1269 -124.0000000000
1292 -123.0000000000
1309 -122.0000000000
1335 -119.0000000000
1382 -118.0000000000
1407 -115.0000000000
1470 -113.0000000000
1531 -112.0000000000
1545 -111.0000000000
1546 -110.0000000000
1552 -108.0000000000
1607 -105.0000000000
1667 -103.0000000000
1684 -102.0000000000
1730 -101.0000000000
1749 -100.0000000000
1824 -99.0000000000
1826 -98.0000000000
1829 -97.0000000000
1892 -96.0000000000
1900 -95.0000000000
1932 -94.0000000000
1968 -93.0000000000
1982 -92.0000000000
2002 -90.0000000000
2052 -89.0000000000
2085 -87.0000000000
2115 -86.0000000000
2161 -85.0000000000
2184 -84.0000000000
2204 -82.0000000000
2246 -80.0000000000
2270 -78.0000000000
2339 -77.0000000000
2345 -76.0000000000
2359 -75.0000000000
2405 -74.0000000000
2425 -73.0000000000
2487 -72.0000000000
2505 -71.0000000000
2548 -70.0000000000
2555 -66.0000000000
2606 -65.0000000000
2608 -64.0000000000
2637 -63.0000000000
2734 -62.0000000000
2736 -61.0000000000
2795 -59.0000000000
2831 -58.0000000000
2936 -57.0000000000
2946 -56.0000000000
2977 -55.0000000000
3044 -54.0000000000
3064 -53.0000000000
3094 -52.0000000000
3157 -50.0000000000
3225 -49.0000000000
3263 -48.0000000000
3288 -47.0000000000
3303 -45.0000000000
3362 -43.0000000000
3413 -42.0000000000
3451 -41.0000000000
3514 -39.0000000000
3586 -38.0000000000
3611 -37.0000000000
3663 -36.0000000000
3699 -35.0000000000
3757 -33.0000000000
3888 -32.0000000000
3922 -31.0000000000
3966 -29.0000000000
4024 -27.0000000000
4105 -26.0000000000
4122 -25.0000000000
4182 -24.0000000000
4218 -23.0000000000
4259 -22.0000000000
4292 -20.0000000000
4345 -19.0000000000
4399 -18.0000000000
4447 -17.0000000000
4522 -15.0000000000
4611 -14.0000000000
4640 -13.0000000000
4693 -12.0000000000
4767 -11.0000000000
4870 -10.0000000000
4930 -9.0000000000
4982 -8.0000000000
5021 -7.0000000000
5107 -6.0000000000
5244 -5.0000000000
5351 -4.0000000000
5424 -3.0000000000
5442 -2.0000000000
5561 -1.0000000000
5617 488.0000000000
5632 497.0000000000
5722 506.0000000000
5838 507.0000000000
5926 510.0000000000
5965 514.0000000000
6008 515.0000000000
6393 521.0000000000
6614 527.0000000000
6772 528.0000000000
6832 530.0000000000
7186 531.0000000000
11051 532.0000000000
11167 538.0000000000
11194 541.0000000000
17879 544.0000000000
40763 545.0000000000
44003 546.0000000000
44153 549.0000000000
71149 550.0000000000
100000 550.0000000000
evaluations raw_y
1 -298.0000000000
3 -286.0000000000
6 -268.0000000000
14 -263.0000000000
62 -258.0000000000
107 -257.0000000000
112 -255.0000000000
119 -242.0000000000
121 -235.0000000000
145 -227.0000000000
188 -223.0000000000
236 -222.0000000000
237 -219.0000000000
261 -217.0000000000
263 -206.0000000000
321 -205.0000000000
330 -202.0000000000
341 -200.0000000000
350 -198.0000000000
382 -195.0000000000
418 -192.0000000000
445 -187.0000000000
484 -186.0000000000
485 -177.0000000000
551 -172.0000000000
553 -170.0000000000
581 -165.0000000000
615 -164.0000000000
647 -163.0000000000
676 -159.0000000000
691 -158.0000000000
707 -157.0000000000
709 -155.0000000000
731 -154.0000000000
750 -151.0000000000
772 -148.0000000000
776 -147.0000000000
805 -146.0000000000
817 -138.0000000000
896 -137.0000000000
919 -135.0000000000
935 -134.0000000000
943 -130.0000000000
1000 -127.0000000000
1023 -126.0000000000
1038 -124.0000000000
1063 -123.0000000000
1083 -122.0000000000
1096 -121.0000000000
1110 -119.0000000000
1128 -117.0000000000
1176 -116.0000000000
1180 -115.0000000000
1189 -113.0000000000
1225 -112.0000000000
1261 -110.0000000000
1283 -109.0000000000
1302 -105.0000000000
1352 -104.0000000000
1417 -101.0000000000
1432 -100.0000000000
1464 -99.0000000000
1483 -98.0000000000
1545 -97.0000000000
1548 -96.0000000000
1551 -94.0000000000
1601 -90.0000000000
1701 -89.0000000000
1719 -88.0000000000
1729 -87.0000000000
1770 -86.0000000000
1816 -85.0000000000
1822 -84.0000000000
1832 -83.0000000000
1843 -82.0000000000
1864 -81.0000000000
1914 -80.0000000000
1942 -79.0000000000
1961 -77.0000000000
1983 -76.0000000000
2027 -75.0000000000
2059 -74.0000000000
2064 -71.0000000000
2141 -70.0000000000
2177 -68.0000000000
2199 -65.0000000000
2322 -64.0000000000
2371 -63.0000000000
2398 -62.0000000000
2452 -61.0000000000
2487 -60.0000000000
2527 -59.0000000000
2530 -58.0000000000
2582 -57.0000000000
2602 -56.0000000000
2648 -55.0000000000
2666 -54.0000000000
2673 -53.0000000000
2738 -51.0000000000
2743 -49.0000000000
2798 -48.0000000000
2801 -47.0000000000
2804 -46.0000000000
2894 -45.0000000000
2924 -44.0000000000
2979 -43.0000000000
3020 -41.0000000000
3106 -40.0000000000
3120 -39.0000000000
3121 -38.0000000000
3190 -37.0000000000
3226 -36.0000000000
3283 -34.0000000000
3329 -33.0000000000
3355 -32.0000000000
3403 -30.0000000000
3464 -29.0000000000
3580 -28.0000000000
3640 -27.0000000000
3658 -26.0000000000
3749 -25.0000000000
3806 -24.0000000000
3862 -23.0000000000
3951 -22.0000000000
4054 -21.0000000000
4129 -19.0000000000
4252 -18.0000000000
4311 -17.0000000000
4379 -16.0000000000
4432 -15.0000000000
4510 -14.0000000000
4600 -13.0000000000
4632 -12.0000000000
4710 -11.0000000000
4792 -9.0000000000
4959 -8.0000000000
4976 -7.0000000000
5096 -6.0000000000
5128 -5.0000000000
5217 -4.0000000000
5242 -3.0000000000
5283 -1.0000000000
5424 493.0000000000
5489 503.0000000000
5564 508.0000000000
5606 509.0000000000
5705 520.0000000000
5794 521.0000000000
5807 524.0000000000
5960 528.0000000000
6039 531.0000000000
6119 534.0000000000
6234 535.0000000000
7391 536.0000000000
8316 539.0000000000
8667 542.0000000000
16621 550.0000000000
21081 552.0000000000
27571 553.0000000000
44050 555.0000000000
44454 556.0000000000
53689 560.0000000000
100000 -2.0000000000
evaluations raw_y
1 -272.0000000000
2 -262.0000000000
44 -259.0000000000
46 -256.0000000000
66 -249.0000000000
85 -245.0000000000
89 -238.0000000000
143 -235.0000000000
165 -232.0000000000
171 -229.0000000000
192 -228.0000000000
205 -215.0000000000
218 -214.0000000000
263 -209.0000000000
299 -208.0000000000
302 -207.0000000000
306 -198.0000000000
341 -194.0000000000
359 -192.0000000000
371 -189.0000000000
399 -186.0000000000
401 -183.0000000000
422 -182.0000000000
434 -181.0000000000
436 -174.0000000000
477 -172.0000000000
506 -170.0000000000
509 -168.0000000000
532 -167.0000000000
550 -165.0000000000
561 -164.0000000000
567 -160.0000000000
610 -158.0000000000
642 -154.0000000000
660 -153.0000000000
677 -152.0000000000
679 -146.0000000000
685 -144.0000000000
722 -143.0000000000
734 -141.0000000000
747 -138.0000000000
791 -136.0000000000
808 -135.0000000000
809 -134.0000000000
834 -132.0000000000
839 -131.0000000000
851 -130.0000000000
902 -128.0000000000
913 -124.0000000000
961 -120.0000000000
1002 -119.0000000000
1050 -118.0000000000
1067 -117.0000000000
1084 -116.0000000000
1101 -115.0000000000
1116 -114.0000000000
1126 -112.0000000000
1161 -111.0000000000
1190 -110.0000000000
1201 -109.0000000000
1247 -108.0000000000
1251 -107.0000000000
1288 -105.0000000000
1302 -104.0000000000
1304 -103.0000000000
1306 -102.0000000000
1340 -101.0000000000
1361 -98.0000000000
1386 -97.0000000000
1404 -96.0000000000
1454 -94.0000000000
1480 -93.0000000000
1509 -91.0000000000
1513 -90.0000000000
1546 -88.0000000000
1564 -86.0000000000
1584 -85.0000000000
1645 -84.0000000000
1657 -83.0000000000
1681 -82.0000000000
1730 -80.0000000000
1780 -79.0000000000
1807 -78.0000000000
1821 -77.0000000000
1837 -76.0000000000
1872 -74.0000000000
1948 -73.0000000000
1986 -72.0000000000
2002 -71.0000000000
2059 -70.0000000000
2090 -69.0000000000
2109 -68.0000000000
2129 -67.0000000000
2227 -65.0000000000
2286 -63.0000000000
2356 -62.0000000000
2419 -61.0000000000
2452 -60.0000000000
2454 -59.0000000000
2482 -58.0000000000
2494 -57.0000000000
2536 -55.0000000000
2577 -52.0000000000
2617 -51.0000000000
2642 -50.0000000000
2705 -49.0000000000
2743 -46.0000000000
2839 -45.0000000000
2868 -44.0000000000
2944 -41.0000000000
3050 -40.0000000000
3059 -38.0000000000
3146 -37.0000000000
3184 -36.0000000000
3194 -35.0000000000
3261 -33.0000000000
3362 -32.0000000000
3395 -31.0000000000
3450 -30.0000000000
3500 -29.0000000000
3536 -28.0000000000
3647 -27.0000000000
3700 -26.0000000000
3735 -25.0000000000
3749 -24.0000000000
3807 -23.0000000000
3812 -22.0000000000
3896 -21.0000000000
3929 -20.0000000000
4011 -19.0000000000
4029 -18.0000000000
4160 -17.0000000000
4263 -15.0000000000
4373 -14.0000000000
4619 -13.0000000000
4657 -12.0000000000
4729 -11.0000000000
4782 -10.0000000000
4834 -9.0000000000
4907 -8.0000000000
4993 -7.0000000000
5100 -6.0000000000
5126 -5.0000000000
5204 -4.0000000000
5324 -3.0000000000
5421 -1.0000000000
5655 491.0000000000
6895 492.0000000000
6955 506.0000000000
7749 511.0000000000
8630 516.0000000000
9051 522.0000000000
9489 524.0000000000
9678 525.0000000000
9724 526.0000000000
9742 527.0000000000
10150 531.0000000000
10657 532.0000000000
10699 535.0000000000
10890 538.0000000000
11091 540.0000000000
12659 543.0000000000
13609 544.0000000000
13915 546.0000000000
16730 547.0000000000
16948 548.0000000000
17184 551.0000000000
17250 552.0000000000
23859 553.0000000000
26922 554.0000000000
79007 556.0000000000
100000 -1.0000000000
evaluations raw_y
1 -304.0000000000
3 -281.0000000000
5 -279.0000000000
13 -261.0000000000
78 -259.0000000000
84 -255.0000000000
91 -250.0000000000
104 -238.0000000000
181 -235.0000000000
185 -229.0000000000
219 -222.0000000000
252 -217.0000000000
281 -207.0000000000
322 -203.0000000000
373 -195.0000000000
406 -193.0000000000
424 -192.0000000000
431 -186.0000000000
443 -184.0000000000
457 -183.0000000000
503 -178.0000000000
510 -176.0000000000
521 -173.0000000000
562 -168.0000000000
628 -164.0000000000
640 -162.0000000000
648 -159.0000000000
675 -154.0000000000
705 -151.0000000000
727 -148.0000000000
773 -147.0000000000
790 -145.0000000000
811 -144.0000000000
840 -143.0000000000
877 -140.0000000000
910 -139.0000000000
914 -138.0000000000
956 -137.0000000000
963 -134.0000000000
986 -131.0000000000
1007 -129.0000000000
1053 -126.0000000000
1071 -125.0000000000
1111 -123.0000000000
1119 -117.0000000000
1220 -116.0000000000
1222 -115.0000000000
1243 -114.0000000000
1264 -113.0000000000
1276 -111.0000000000
1290 -110.0000000000
1298 -109.0000000000
1329 -107.0000000000
1370 -104.0000000000
1406 -103.0000000000
1419 -102.0000000000
1443 -101.0000000000
1474 -100.0000000000
1491 -99.0000000000
1522 -98.0000000000
1531 -97.0000000000
1583 -96.0000000000
1590 -95.0000000000
1622 -94.0000000000
1641 -92.0000000000
1709 -91.0000000000
1718 -89.0000000000
1748 -88.0000000000
1775 -87.0000000000
1794 -86.0000000000
1850 -85.0000000000
1879 -84.0000000000
1903 -83.0000000000
1905 -81.0000000000
1949 -80.0000000000
1962 -78.0000000000
2001 -77.0000000000
2024 -76.0000000000
2062 -75.0000000000
2089 -74.0000000000
2104 -73.0000000000
2156 -72.0000000000
2188 -71.0000000000
2209 -70.0000000000
2257 -69.0000000000
2283 -67.0000000000
2352 -66.0000000000
2390 -65.0000000000
2413 -63.0000000000
2484 -62.0000000000
2504 -60.0000000000
2572 -59.0000000000
2608 -58.0000000000
2667 -57.0000000000
2719 -56.0000000000
2744 -55.0000000000
2792 -54.0000000000
2823 -53.0000000000
2824 -52.0000000000
2862 -50.0000000000
2907 -47.0000000000
2998 -46.0000000000
3007 -44.0000000000
3045 -43.0000000000
3062 -42.0000000000
3108 -41.0000000000
3144 -40.0000000000
3146 -38.0000000000
3232 -35.0000000000
3351 -34.0000000000
3382 -33.0000000000
3471 -32.0000000000
3498 -31.0000000000
3572 -30.0000000000
3617 -29.0000000000
3644 -28.0000000000
3669 -27.0000000000
3784 -26.0000000000
3854 -25.0000000000
3891 -24.0000000000
4048 -23.0000000000
4102 -22.0000000000
4168 -21.0000000000
4258 -20.0000000000
4317 -19.0000000000
4390 -18.0000000000
4476 -17.0000000000
4527 -16.0000000000
4572 -15.0000000000
4573 -14.0000000000
4677 -12.0000000000
4819 -11.0000000000
4822 -10.0000000000
4962 -9.0000000000
5089 -8.0000000000
5232 -7.0000000000
5437 -6.0000000000
5537 -5.0000000000
5645 -4.0000000000
5867 -3.0000000000
6085 -2.0000000000
6226 -1.0000000000
6402 496.0000000000
6481 499.0000000000
6511 514.0000000000
6641 516.0000000000
7117 519.0000000000
8101 523.0000000000
13574 526.0000000000
17375 532.0000000000
17572 533.0000000000
17976 537.0000000000
19617 541.0000000000
34375 546.0000000000
36211 548.0000000000
60182 550.0000000000
64199 551.0000000000
100000 551.0000000000
evaluations raw_y
1 -269.0000000000
13 -267.0000000000
20 -264.0000000000
57 -260.0000000000
60 -259.0000000000
62 -257.0000000000
86 -253.0000000000
105 -246.0000000000
159 -240.0000000000
171 -239.0000000000
181 -238.0000000000
193 -230.0000000000
221 -225.0000000000
239 -222.0000000000
263 -219.0000000000
267 -218.0000000000
295 -217.0000000000
299 -216.0000000000
305 -213.0000000000
313 -211.0000000000
329 -204.0000000000
351 -203.0000000000
361 -201.0000000000
370 -198.0000000000
405 -197.0000000000
411 -189.0000000000
463 -187.0000000000
467 -184.0000000000
504 -183.0000000000
507 -182.0000000000
519 -178.0000000000
540 -177.0000000000
563 -175.0000000000
564 -174.0000000000
579 -170.0000000000
635 -167.0000000000
643 -162.0000000000
664 -161.0000000000
674 -160.0000000000
684 -155.0000000000
708 -154.0000000000
752 -151.0000000000
760 -148.0000000000
793 -146.0000000000
821 -141.0000000000
841 -139.0000000000
880 -136.0000000000
913 -134.0000000000
952 -133.0000000000
969 -131.0000000000
974 -130.0000000000
1008 -127.0000000000
1023 -125.0000000000
1083 -123.0000000000
1109 -122.0000000000
1121 -121.0000000000
1142 -120.0000000000
1164 -119.0000000000
1194 -117.0000000000
1226 -116.0000000000
1254 -115.0000000000
1276 -114.0000000000
1308 -112.0000000000
1349 -110.0000000000
1375 -109.0000000000
1424 -107.0000000000
1480 -106.0000000000
1506 -104.0000000000
1565 -103.0000000000
1567 -101.0000000000
1645 -100.0000000000
1647 -99.0000000000
1682 -98.0000000000
1689 -97.0000000000
1723 -94.0000000000
1782 -92.0000000000
1813 -91.0000000000
1842 -90.0000000000
1881 -89.0000000000
1908 -88.0000000000
1961 -86.0000000000
2027 -85.0000000000
2037 -82.0000000000
2109 -80.0000000000
2161 -79.0000000000
2175 -78.0000000000
2204 -76.0000000000
2258 -74.0000000000
2301 -72.0000000000
2348 -71.0000000000
2390 -70.0000000000
2427 -67.0000000000
2489 -66.0000000000
2563 -65.0000000000
2612 -64.0000000000
2623 -63.0000000000
2654 -62.0000000000
2676 -61.0000000000
2710 -60.0000000000
2756 -59.0000000000
2770 -58.0000000000
2798 -57.0000000000
2803 -54.0000000000
2884 -53.0000000000
2944 -52.0000000000
3003 -51.0000000000
3022 -50.0000000000
3075 -49.0000000000
3124 -48.0000000000
3167 -47.0000000000
3176 -45.0000000000
3211 -44.0000000000
3324 -40.0000000000
3436 -39.0000000000
3497 -38.0000000000
3607 -36.0000000000
3701 -35.0000000000
3744 -34.0000000000
3792 -33.0000000000
3796 -32.0000000000
3802 -31.0000000000
3852 -30.0000000000
3864 -29.0000000000
3952 -28.0000000000
4022 -27.0000000000
4034 -26.0000000000
4144 -24.0000000000
4237 -23.0000000000
4258 -22.0000000000
4313 -21.0000000000
4369 -20.0000000000
4452 -19.0000000000
4491 -18.0000000000
4526 -17.0000000000
4597 -16.0000000000
4666 -15.0000000000
4826 -14.0000000000
4943 -13.0000000000
5045 -11.0000000000
5222 -10.0000000000
5261 -9.0000000000
5284 -8.0000000000
5445 -7.0000000000
5525 -6.0000000000
5635 -5.0000000000
5809 -4.0000000000
5965 -3.0000000000
6048 -2.0000000000
6187 -1.0000000000
6234 489.0000000000
6479 504.0000000000
6811 509.0000000000
7048 510.0000000000
7323 516.0000000000
7354 521.0000000000
9196 523.0000000000
9898 526.0000000000
11436 528.0000000000
11455 530.0000000000
11540 531.0000000000
11679 536.0000000000
12847 539.0000000000
22179 541.0000000000
22244 542.0000000000
22261 545.0000000000
22721 546.0000000000
31546 547.0000000000
35883 550.0000000000
39061 552.0000000000
68717 555.0000000000
68873 556.0000000000
70172 563.0000000000
100000 -2.0000000000
evaluations raw_y
1 -296.0000000000
3 -294.0000000000
4 -283.0000000000
7 -280.0000000000
8 -270.0000000000
9 -268.0000000000
28 -267.0000000000
43 -252.0000000000
93 -248.0000000000
113 -246.0000000000
131 -242.0000000000
135 -240.0000000000
146 -237.0000000000
159 -234.0000000000
166 -229.0000000000
183 -221.0000000000
229 -219.0000000000
233 -213.0000000000
272 -211.0000000000
285 -209.0000000000
300 -207.0000000000
322 -203.0000000000
350 -202.0000000000
370 -200.0000000000
372 -199.0000000000
406 -196.0000000000
426 -195.0000000000
444 -193.0000000000
460 -189.0000000000
507 -186.0000000000
510 -183.0000000000
547 -182.0000000000
556 -181.0000000000
579 -177.0000000000
621 -175.0000000000
643 -173.0000000000
678 -172.0000000000
698 -171.0000000000
702 -170.0000000000
704 -168.0000000000
727 -165.0000000000
784 -163.0000000000
820 -161.0000000000
862 -160.0000000000
885 -158.0000000000
890 -157.0000000000
899 -156.0000000000
923 -153.0000000000
984 -150.0000000000
1006 -149.0000000000
1012 -148.0000000000
1066 -147.0000000000
1080 -145.0000000000
1101 -144.0000000000
1134 -143.0000000000
1142 -140.0000000000
1166 -138.0000000000
1224 -136.0000000000
1264 -134.0000000000
1299 -131.0000000000
1333 -130.0000000000
1336 -129.0000000000
1348 -127.0000000000
1363 -126.0000000000
1389 -125.0000000000
1405 -123.0000000000
1446 -122.0000000000
1453 -121.0000000000
1463 -120.0000000000
1501 -117.0000000000
1541 -116.0000000000
1551 -115.0000000000
1553 -114.0000000000
1585 -113.0000000000
1586 -109.0000000000
1616 -108.0000000000
1643 -107.0000000000
1679 -106.0000000000
1687 -104.0000000000
1717 -101.0000000000
1746 -99.0000000000
1797 -98.0000000000
1805 -96.0000000000
1820 -95.0000000000
1884 -92.0000000000
1935 -91.0000000000
1954 -90.0000000000
1977 -89.0000000000
2012 -88.0000000000
2028 -87.0000000000
2040 -85.0000000000
2084 -84.0000000000
2097 -82.0000000000
2144 -81.0000000000
2230 -80.0000000000
2231 -79.0000000000
2260 -78.0000000000
2276 -76.0000000000
2342 -74.0000000000
2398 -73.0000000000
2425 -70.0000000000
2516 -69.0000000000
2539 -68.0000000000
2550 -67.0000000000
2597 -65.0000000000
2636 -64.0000000000
2676 -63.0000000000
2694 -62.0000000000
2728 -61.0000000000
2737 -60.0000000000
2786 -58.0000000000
2824 -57.0000000000
2850 -56.0000000000
2885 -52.0000000000
2992 -51.0000000000
3018 -49.0000000000
3040 -48.0000000000
3083 -46.0000000000
3191 -45.0000000000
3215 -44.0000000000
3263 -43.0000000000
3266 -42.0000000000
3354 -41.0000000000
3407 -40.0000000000
3432 -38.0000000000
3456 -36.0000000000
3509 -35.0000000000
3533 -34.0000000000
3587 -32.0000000000
3707 -31.0000000000
3783 -30.0000000000
3848 -29.0000000000
3924 -28.0000000000
3981 -26.0000000000
4095 -25.0000000000
4264 -24.0000000000
4278 -23.0000000000
4360 -22.0000000000
4402 -21.0000000000
4553 -20.0000000000
4634 -19.0000000000
4722 -18.0000000000
4741 -17.0000000000
4842 -16.0000000000
4884 -15.0000000000
5102 -14.0000000000
5168 -12.0000000000
5275 -11.0000000000
5443 -10.0000000000
5518 -9.0000000000
5610 -8.0000000000
5682 -7.0000000000
5744 -6.0000000000
5776 -5.0000000000
5805 -4.0000000000
5956 -3.0000000000
6116 -2.0000000000
6169 -1.0000000000
6292 498.0000000000
6499 501.0000000000
6751 503.0000000000
6846 504.0000000000
6911 509.0000000000
6994 510.0000000000
7150 512.0000000000
7217 514.0000000000
7253 521.0000000000
11277 522.0000000000
11440 525.0000000000
12133 531.0000000000
13940 536.0000000000
29473 538.0000000000
46060 539.0000000000
46115 540.0000000000
57801 541.0000000000
66480 544.0000000000
100000 -1.0000000000
evaluations raw_y
1 -275.0000000000
3 -273.0000000000
16 -268.0000000000
33 -257.0000000000
83 -251.0000000000
130 -249.0000000000
132 -248.0000000000
133 -246.0000000000
141 -243.0000000000
146 -241.0000000000
164 -240.0000000000
176 -237.0000000000
182 -234.0000000000
188 -228.0000000000
212 -223.0000000000
236 -221.0000000000
243 -213.0000000000
281 -212.0000000000
284 -206.0000000000
309 -205.0000000000
331 -201.0000000000
334 -198.0000000000
376 -197.0000000000
396 -196.0000000000
408 -193.0000000000
430 -185.0000000000
464 -184.0000000000
479 -183.0000000000
514 -179.0000000000
521 -176.0000000000
523 -171.0000000000
580 -169.0000000000
602 -166.0000000000
615 -163.0000000000
633 -161.0000000000
655 -157.0000000000
687 -155.0000000000
722 -152.0000000000
746 -147.0000000000
773 -145.0000000000
787 -144.0000000000
805 -143.0000000000
812 -141.0000000000
825 -140.0000000000
848 -139.0000000000
875 -138.0000000000
876 -136.0000000000
877 -135.0000000000
893 -134.0000000000
927 -132.0000000000
942 -130.0000000000
957 -129.0000000000
964 -126.0000000000
988 -124.0000000000
1015 -123.0000000000
1026 -120.0000000000
1071 -119.0000000000
1093 -117.0000000000
1115 -116.0000000000
1117 -115.0000000000
1148 -114.0000000000
1164 -113.0000000000
1202 -109.0000000000
1245 -106.0000000000
1285 -105.0000000000
1310 -104.0000000000
1334 -103.0000000000
1338 -102.0000000000
1357 -101.0000000000
1382 -99.0000000000
1384 -97.0000000000
1456 -96.0000000000
1493 -95.0000000000
1506 -93.0000000000
1544 -91.0000000000
1569 -90.0000000000
1604 -88.0000000000
1628 -86.0000000000
1683 -85.0000000000
1758 -84.0000000000
1775 -83.0000000000
1785 -82.0000000000
1825 -81.0000000000
1828 -80.0000000000
1874 -76.0000000000
1937 -75.0000000000
1979 -74.0000000000
2031 -73.0000000000
2048 -72.0000000000
2121 -71.0000000000
2142 -69.0000000000
2235 -67.0000000000
2248 -65.0000000000
2274 -64.0000000000
2336 -63.0000000000
2402 -62.0000000000
2415 -61.0000000000
2444 -60.0000000000
2460 -59.0000000000
2515 -58.0000000000
2565 -57.0000000000
2603 -56.0000000000
2628 -55.0000000000
2672 -54.0000000000
2748 -53.0000000000
2790 -52.0000000000
2806 -50.0000000000
2857 -49.0000000000
2890 -48.0000000000
2948 -47.0000000000
2981 -46.0000000000
3016 -45.0000000000
3078 -44.0000000000
3104 -43.0000000000
3180 -42.0000000000
3218 -41.0000000000
3264 -40.0000000000
3312 -39.0000000000
3323 -37.0000000000
3428 -35.0000000000
3482 -34.0000000000
3531 -33.0000000000
3538 -31.0000000000
3695 -30.0000000000
3711 -29.0000000000
3813 -27.0000000000
3898 -26.0000000000
3942 -25.0000000000
4017 -24.0000000000
4099 -23.0000000000
4195 -22.0000000000
4226 -21.0000000000
4259 -20.0000000000
4417 -19.0000000000
4502 -18.0000000000
4564 -17.0000000000
4602 -16.0000000000
4685 -15.0000000000
4724 -13.0000000000
4787 -11.0000000000
4814 -10.0000000000
4861 -9.0000000000
4909 -8.0000000000
4922 -7.0000000000
5038 -6.0000000000
5122 -5.0000000000
5206 -4.0000000000
5323 -3.0000000000
5354 -2.0000000000
5480 -1.0000000000
5673 491.0000000000
6284 504.0000000000
6402 508.0000000000
7215 509.0000000000
7311 510.0000000000
7367 514.0000000000
8250 517.0000000000
8367 521.0000000000
8534 525.0000000000
8568 530.0000000000
11490 531.0000000000
11785 533.0000000000
13065 541.0000000000
13291 542.0000000000
19479 543.0000000000
20352 544.0000000000
22723 548.0000000000
52879 550.0000000000
100000 -1.0000000000
evaluations raw_y
1 -272.0000000000
11 -263.0000000000
20 -261.0000000000
46 -253.0000000000
80 -251.0000000000
96 -244.0000000000
99 -242.0000000000
116 -232.0000000000
160 -229.0000000000
171 -227.0000000000
182 -226.0000000000
186 -217.0000000000
223 -214.0000000000
224 -209.0000000000
252 -202.0000000000
323 -199.0000000000
328 -197.0000000000
361 -195.0000000000
385 -193.0000000000
394 -188.0000000000
401 -183.0000000000
450 -180.0000000000
485 -179.0000000000
488 -178.0000000000
489 -173.0000000000
527 -170.0000000000
554 -167.0000000000
567 -163.0000000000
569 -161.0000000000
590 -157.0000000000
612 -156.0000000000
681 -153.0000000000
682 -152.0000000000
686 -149.0000000000
740 -148.0000000000
753 -147.0000000000
764 -146.0000000000
769 -144.0000000000
803 -142.0000000000
821 -141.0000000000
840 -140.0000000000
885 -138.0000000000
921 -137.0000000000
940 -135.0000000000
958 -134.0000000000
1001 -132.0000000000
1044 -130.0000000000
1086 -129.0000000000
1089 -128.0000000000
1092 -127.0000000000
1110 -126.0000000000
1128 -125.0000000000
1147 -121.0000000000
1211 -120.0000000000
1254 -119.0000000000
1269 -117.0000000000
1312 -115.0000000000
1359 -114.0000000000
1394 -113.0000000000
1407 -112.0000000000
1429 -111.0000000000
1444 -109.0000000000
1512 -108.0000000000
1514 -107.0000000000
1534 -106.0000000000
1596 -105.0000000000
1605 -104.0000000000
1645 -102.0000000000
1654 -101.0000000000
1674 -100.0000000000
1689 -99.0000000000
1697 -98.0000000000
1711 -97.0000000000
1726 -96.0000000000
1746 -95.0000000000
1765 -94.0000000000
1779 -93.0000000000
1796 -90.0000000000
1869 -89.0000000000
1890 -88.0000000000
1927 -86.0000000000
1961 -84.0000000000
2017 -83.0000000000
2029 -82.0000000000
2067 -81.0000000000
2102 -79.0000000000
2133 -78.0000000000
2147 -76.0000000000
2213 -75.0000000000
2223 -74.0000000000
2261 -73.0000000000
2279 -72.0000000000
2337 -71.0000000000
2363 -70.0000000000
2396 -69.0000000000
2446 -68.0000000000
2465 -67.0000000000
2473 -66.0000000000
2512 -65.0000000000
2560 -63.0000000000
2585 -62.0000000000
2663 -60.0000000000
2699 -58.0000000000
2748 -57.0000000000
2786 -55.0000000000
2840 -54.0000000000
2898 -53.0000000000
2909 -52.0000000000
2959 -51.0000000000
2962 -50.0000000000
3007 -49.0000000000
3059 -48.0000000000
3068 -47.0000000000
3109 -46.0000000000
3122 -45.0000000000
3218 -44.0000000000
3242 -43.0000000000
3258 -42.0000000000
3310 -41.0000000000
3377 -40.0000000000
3410 -39.0000000000
3414 -37.0000000000
3491 -36.0000000000
3532 -35.0000000000
3551 -34.0000000000
3569 -33.0000000000
3624 -31.0000000000
3690 -30.0000000000
3795 -29.0000000000
3804 -28.0000000000
3847 -27.0000000000
3892 -26.0000000000
3959 -25.0000000000
4048 -24.0000000000
4052 -22.0000000000
4140 -21.0000000000
4187 -20.0000000000
4222 -19.0000000000
4265 -18.0000000000
4281 -17.0000000000
4401 -15.0000000000
4412 -14.0000000000
4547 -13.0000000000
4618 -12.0000000000
4674 -11.0000000000
4751 -10.0000000000
4832 -9.0000000000
4865 -8.0000000000
4934 -7.0000000000
4956 -6.0000000000
5102 -5.0000000000
5116 -4.0000000000
5229 -3.0000000000
5264 -2.0000000000
5324 -1.0000000000
5704 475.0000000000
6016 477.0000000000
6077 499.0000000000
6675 500.0000000000
6713 505.0000000000
7117 507.0000000000
7285 508.0000000000
7374 510.0000000000
7386 515.0000000000
7412 520.0000000000
7695 521.0000000000
7945 528.0000000000
11280 530.0000000000
11567 531.0000000000
11644 540.0000000000
12080 545.0000000000
54021 550.0000000000
61322 551.0000000000
66677 555.0000000000
80940 556.0000000000
100000 -1.0000000000
evaluations raw_y
1 -311.0000000000
2 -266.0000000000
12 -259.0000000000
37 -257.0000000000
106 -243.0000000000
139 -238.0000000000
190 -233.0000000000
216 -231.0000000000
228 -229.0000000000
229 -228.0000000000
241 -226.0000000000
264 -218.0000000000
281 -211.0000000000
328 -210.0000000000
342 -208.0000000000
371 -205.0000000000
380 -203.0000000000
385 -196.0000000000
445 -192.0000000000
450 -189.0000000000
483 -186.0000000000
492 -184.0000000000
505 -181.0000000000
565 -177.0000000000
579 -170.0000000000
643 -169.0000000000
647 -166.0000000000
664 -164.0000000000
697 -162.0000000000
698 -155.0000000000
742 -152.0000000000
765 -148.0000000000
816 -146.0000000000
849 -145.0000000000
886 -143.0000000000
919 -142.0000000000
938 -141.0000000000
950 -139.0000000000
951 -135.0000000000
1019 -133.0000000000
1043 -132.0000000000
1045 -131.0000000000
1081 -130.0000000000
1086 -129.0000000000
1114 -128.0000000000
1138 -126.0000000000
1152 -125.0000000000
1175 -124.0000000000
1179 -123.0000000000
1206 -119.0000000000
1283 -117.0000000000
1297 -116.0000000000
1337 -115.0000000000
1378 -113.0000000000
1382 -112.0000000000
1463 -111.0000000000
1481 -110.0000000000
1527 -106.0000000000
1591 -105.0000000000
1624 -104.0000000000
1641 -103.0000000000
1647 -102.0000000000
1680 -101.0000000000
1724 -96.0000000000
1779 -95.0000000000
1796 -94.0000000000
1816 -93.0000000000
1851 -92.0000000000
1873 -91.0000000000
1911 -90.0000000000
1951 -88.0000000000
1975 -87.0000000000
1985 -86.0000000000
2043 -83.0000000000
2135 -82.0000000000
2150 -81.0000000000
2164 -80.0000000000
2182 -79.0000000000
2221 -78.0000000000
2227 -77.0000000000
2271 -76.0000000000
2319 -74.0000000000
2382 -73.0000000000
2394 -72.0000000000
2412 -71.0000000000
2425 -70.0000000000
2451 -68.0000000000
2476 -67.0000000000
2493 -64.0000000000
2577 -61.0000000000
2666 -59.0000000000
2726 -58.0000000000
2793 -57.0000000000
2832 -55.0000000000
2853 -54.0000000000
2880 -53.0000000000
2892 -52.0000000000
2903 -51.0000000000
3000 -50.0000000000
3054 -49.0000000000
3070 -48.0000000000
3126 -47.0000000000
3170 -46.0000000000
3183 -42.0000000000
3256 -41.0000000000
3324 -40.0000000000
3339 -39.0000000000
3396 -38.0000000000
3398 -36.0000000000
3442 -34.0000000000
3597 -33.0000000000
3645 -32.0000000000
3651 -31.0000000000
3705 -30.0000000000
3788 -29.0000000000
3806 -28.0000000000
3910 -27.0000000000
3914 -26.0000000000
3963 -25.0000000000
4006 -24.0000000000
4062 -23.0000000000
4101 -22.0000000000
4166 -21.0000000000
4195 -19.0000000000
4376 -18.0000000000
4474 -17.0000000000
4550 -16.0000000000
4669 -15.0000000000
4831 -14.0000000000
4864 -13.0000000000
4928 -12.0000000000
4965 -11.0000000000
5002 -10.0000000000
5106 -9.0000000000
5334 -8.0000000000
5357 -7.0000000000
5455 -6.0000000000
5549 -4.0000000000
5686 -3.0000000000
5942 -2.0000000000
6084 -1.0000000000
6152 476.0000000000
6182 477.0000000000
6184 479.0000000000
6202 485.0000000000
6214 488.0000000000
6247 490.0000000000
6269 492.0000000000
6273 500.0000000000
6495 502.0000000000
6525 508.0000000000
6656 510.0000000000
6692 512.0000000000
7180 513.0000000000
7371 514.0000000000
7455 517.0000000000
7472 518.0000000000
7541 520.0000000000
7727 526.0000000000
7832 532.0000000000
26771 534.0000000000
28253 535.0000000000
34289 537.0000000000
36078 538.0000000000
36180 540.0000000000
38121 543.0000000000
42804 544.0000000000
43137 546.0000000000
43386 549.0000000000
43874 554.0000000000
73078 555.0000000000
77040 556.0000000000
92011 557.0000000000
100000 -2.0000000000
evaluations raw_y
1 -309.0000000000
2 -278.0000000000
5 -271.0000000000
15 -267.0000000000
41 -256.0000000000
69 -251.0000000000
91 -246.0000000000
143 -242.0000000000
144 -236.0000000000
178 -224.0000000000
202 -220.0000000000
246 -212.0000000000
254 -208.0000000000
264 -206.0000000000
314 -202.0000000000
370 -199.0000000000
393 -196.0000000000
419 -195.0000000000
427 -191.0000000000
461 -189.0000000000
476 -185.0000000000
514 -184.0000000000
521 -181.0000000000
527 -180.0000000000
543 -178.0000000000
546 -175.0000000000
568 -173.0000000000
571 -172.0000000000
587 -170.0000000000
621 -160.0000000000
703 -158.0000000000
721 -156.0000000000
768 -151.0000000000
815 -150.0000000000
835 -147.0000000000
847 -146.0000000000
887 -145.0000000000
890 -144.0000000000
932 -142.0000000000
973 -141.0000000000
982 -139.0000000000
1016 -138.0000000000
1023 -132.0000000000
1081 -129.0000000000
1144 -128.0000000000
1180 -127.0000000000
1190 -126.0000000000
1208 -125.0000000000
1221 -122.0000000000
1264 -121.0000000000
1299 -120.0000000000
1303 -119.0000000000
1335 -117.0000000000
1339 -116.0000000000
1357 -115.0000000000
1402 -114.0000000000
1413 -113.0000000000
1430 -112.0000000000
1437 -110.0000000000
1481 -109.0000000000
1509 -108.0000000000
1543 -106.0000000000
1554 -105.0000000000
1597 -104.0000000000
1601 -103.0000000000
1602 -102.0000000000
1661 -101.0000000000
1687 -100.0000000000
1720 -98.0000000000
1742 -97.0000000000
1767 -95.0000000000
1816 -94.0000000000
1836 -93.0000000000
1848 -92.0000000000
1869 -91.0000000000
1894 -90.0000000000
1916 -89.0000000000
1946 -87.0000000000
1986 -85.0000000000
2011 -84.0000000000
2066 -83.0000000000
2087 -82.0000000000
2151 -79.0000000000
2223 -76.0000000000
2261 -74.0000000000
2276 -72.0000000000
2361 -70.0000000000
2403 -68.0000000000
2460 -66.0000000000
2480 -65.0000000000
2502 -63.0000000000
2588 -62.0000000000
2626 -61.0000000000
2653 -60.0000000000
2667 -59.0000000000
2695 -57.0000000000
2754 -56.0000000000
2768 -54.0000000000
2857 -53.0000000000
2880 -52.0000000000
2952 -51.0000000000
2975 -50.0000000000
3010 -48.0000000000
3055 -47.0000000000
3093 -46.0000000000
3136 -45.0000000000
3174 -44.0000000000
3227 -43.0000000000
3246 -41.0000000000
3297 -40.0000000000
3351 -39.0000000000
3377 -38.0000000000
3421 -37.0000000000
3426 -36.0000000000
3526 -34.0000000000
3542 -33.0000000000
3551 -30.0000000000
3708 -29.0000000000
3735 -28.0000000000
3751 -27.0000000000
3801 -26.0000000000
3897 -25.0000000000
3901 -24.0000000000
3951 -23.0000000000
4039 -22.0000000000
4072 -21.0000000000
4086 -20.0000000000
4120 -19.0000000000
4205 -18.0000000000
4286 -17.0000000000
4308 -14.0000000000
4403 -13.0000000000
4494 -12.0000000000
4513 -11.0000000000
4550 -10.0000000000
4567 -9.0000000000
4623 -7.0000000000
4825 -6.0000000000
4832 -5.0000000000
4929 -4.0000000000
5083 -3.0000000000
5216 -2.0000000000
5335 -1.0000000000
5484 467.0000000000
5594 468.0000000000
5622 473.0000000000
5653 476.0000000000
5716 482.0000000000
5731 485.0000000000
5759 486.0000000000
5778 489.0000000000
5910 504.0000000000
8772 508.0000000000
8824 510.0000000000
8889 511.0000000000
9006 513.0000000000
9036 515.0000000000
9249 519.0000000000
9367 520.0000000000
9485 524.0000000000
9512 528.0000000000
9617 529.0000000000
10505 532.0000000000
20239 533.0000000000
27833 535.0000000000
28495 536.0000000000
28774 537.0000000000
30326 540.0000000000
52071 541.0000000000
56616 543.0000000000
69717 544.0000000000
72525 546.0000000000
72984 547.0000000000
82673 549.0000000000
99393 552.0000000000
100000 -1.0000000000
evaluations raw_y
1 -282.0000000000
12 -279.0000000000
16 -273.0000000000
18 -270.0000000000
57 -269.0000000000
63 -265.0000000000
64 -262.0000000000
93 -254.0000000000
125 -244.0000000000
148 -243.0000000000
167 -241.0000000000
169 -238.0000000000
184 -233.0000000000
206 -230.0000000000
223 -229.0000000000
225 -228.0000000000
235 -227.0000000000
245 -222.0000000000
270 -217.0000000000
280 -216.0000000000
319 -208.0000000000
323 -202.0000000000
362 -196.0000000000
387 -194.0000000000
417 -188.0000000000
448 -187.0000000000
465 -186.0000000000
493 -184.0000000000
494 -183.0000000000
504 -181.0000000000
510 -180.0000000000
524 -179.0000000000
548 -175.0000000000
578 -172.0000000000
602 -171.0000000000
632 -169.0000000000
646 -166.0000000000
647 -160.0000000000
706 -159.0000000000
736 -157.0000000000
747 -154.0000000000
781 -151.0000000000
830 -150.0000000000
841 -147.0000000000
860 -143.0000000000
869 -141.0000000000
914 -136.0000000000
928 -135.0000000000
984 -128.0000000000
1015 -126.0000000000
1095 -123.0000000000
1132 -119.0000000000
1189 -118.0000000000
1229 -116.0000000000
1253 -114.0000000000
1266 -113.0000000000
1293 -110.0000000000
1364 -108.0000000000
1386 -106.0000000000
1421 -105.0000000000
1454 -104.0000000000
1483 -103.0000000000
1505 -102.0000000000
1534 -101.0000000000
1537 -100.0000000000
1547 -98.0000000000
1585 -97.0000000000
1626 -96.0000000000
1637 -95.0000000000
1689 -94.0000000000
1705 -93.0000000000
1761 -92.0000000000
1774 -91.0000000000
1806 -90.0000000000
1829 -89.0000000000
1848 -88.0000000000
1877 -87.0000000000
1906 -85.0000000000
1937 -83.0000000000
1980 -82.0000000000
1985 -81.0000000000
2005 -78.0000000000
2089 -77.0000000000
2093 -76.0000000000
2126 -74.0000000000
2175 -73.0000000000
2248 -71.0000000000
2268 -70.0000000000
2294 -69.0000000000
2328 -68.0000000000
2338 -67.0000000000
2387 -66.0000000000
2403 -64.0000000000
2422 -63.0000000000
2484 -61.0000000000
2518 -60.0000000000
2527 -59.0000000000
2556 -57.0000000000
2622 -56.0000000000
2633 -55.0000000000
2685 -53.0000000000
2715 -51.0000000000
2797 -50.0000000000
2821 -49.0000000000
2845 -47.0000000000
2907 -46.0000000000
2924 -45.0000000000
2963 -44.0000000000
2970 -43.0000000000
2988 -41.0000000000
3003 -40.0000000000
3044 -38.0000000000
3104 -35.0000000000
3206 -34.0000000000
3226 -33.0000000000
3246 -31.0000000000
3273 -29.0000000000
3321 -28.0000000000
3362 -27.0000000000
3379 -26.0000000000
3417 -25.0000000000
3425 -24.0000000000
3498 -23.0000000000
3509 -22.0000000000
3605 -20.0000000000
3674 -19.0000000000
3723 -18.0000000000
3773 -17.0000000000
3954 -16.0000000000
4057 -15.0000000000
4069 -14.0000000000
4193 -12.0000000000
4353 -11.0000000000
4374 -10.0000000000
4587 -9.0000000000
4727 -8.0000000000
4884 -7.0000000000
4939 -6.0000000000
5005 -5.0000000000
5022 -3.0000000000
5102 -2.0000000000
5210 -1.0000000000
5257 516.0000000000
5367 523.0000000000
5609 524.0000000000
5662 527.0000000000
5761 528.0000000000
5827 530.0000000000
6024 532.0000000000
6067 536.0000000000
6319 537.0000000000
10144 542.0000000000
25801 543.0000000000
26290 544.0000000000
29270 546.0000000000
100000 -1.0000000000
evaluations raw_y
1 -288.0000000000
2 -278.0000000000
6 -273.0000000000
7 -268.0000000000
22 -259.0000000000
103 -243.0000000000
134 -242.0000000000
168 -232.0000000000
173 -230.0000000000
186 -228.0000000000
202 -219.0000000000
227 -218.0000000000
241 -214.0000000000
265 -208.0000000000
288 -199.0000000000
311 -197.0000000000
329 -192.0000000000
387 -191.0000000000
392 -182.0000000000
401 -181.0000000000
456 -179.0000000000
475 -175.0000000000
500 -174.0000000000
502 -173.0000000000
530 -172.0000000000
545 -171.0000000000
547 -169.0000000000
565 -167.0000000000
569 -165.0000000000
592 -164.0000000000
601 -160.0000000000
636 -159.0000000000
642 -158.0000000000
662 -155.0000000000
666 -154.0000000000
684 -153.0000000000
695 -152.0000000000
698 -151.0000000000
701 -145.0000000000
798 -144.0000000000
809 -142.0000000000
814 -141.0000000000
845 -140.0000000000
846 -138.0000000000
858 -136.0000000000
868 -134.0000000000
928 -133.0000000000
930 -132.0000000000
945 -129.0000000000
970 -127.0000000000
1014 -126.0000000000
1039 -124.0000000000
1061 -123.0000000000
1080 -122.0000000000
1101 -119.0000000000
1159 -118.0000000000
1203 -117.0000000000
1207 -116.0000000000
1251 -115.0000000000
1296 -114.0000000000
1310 -113.0000000000
1327 -111.0000000000
1382 -110.0000000000
1391 -109.0000000000
1392 -108.0000000000
1430 -107.0000000000
1454 -106.0000000000
1471 -105.0000000000
1500 -104.0000000000
1547 -102.0000000000
1553 -100.0000000000
1608 -99.0000000000
1660 -98.0000000000
1699 -97.0000000000
1701 -96.0000000000
1755 -95.0000000000
1795 -94.0000000000
1826 -92.0000000000
1902 -89.0000000000
1944 -88.0000000000
1952 -87.0000000000
1995 -86.0000000000
2042 -85.0000000000
2062 -82.0000000000
2078 -81.0000000000
2119 -80.0000000000
2150 -79.0000000000
2190 -78.0000000000
2202 -76.0000000000
2259 -74.0000000000
2306 -73.0000000000
2325 -71.0000000000
2373 -70.0000000000
2420 -69.0000000000
2421 -68.0000000000
2443 -67.0000000000
2466 -66.0000000000
2498 -65.0000000000
2516 -64.0000000000
2532 -62.0000000000
2586 -61.0000000000
2608 -60.0000000000
2632 -59.0000000000
2672 -57.0000000000
2713 -56.0000000000
2752 -55.0000000000
2778 -54.0000000000
2801 -53.0000000000
2840 -52.0000000000
2845 -51.0000000000
2879 -48.0000000000
2926 -47.0000000000
2952 -46.0000000000
3005 -44.0000000000
3032 -43.0000000000
3046 -42.0000000000
3058 -41.0000000000
3098 -40.0000000000
3168 -37.0000000000
3237 -35.0000000000
3328 -34.0000000000
3373 -33.0000000000
3426 -32.0000000000
3515 -31.0000000000
3572 -30.0000000000
3583 -29.0000000000
3616 -28.0000000000
3649 -27.0000000000
3715 -26.0000000000
3762 -25.0000000000
3821 -24.0000000000
3881 -23.0000000000
3955 -21.0000000000
4081 -20.0000000000
4134 -19.0000000000
4280 -18.0000000000
4381 -17.0000000000
4475 -15.0000000000
4517 -14.0000000000
4627 -13.0000000000
4657 -12.0000000000
4670 -11.0000000000
4688 -10.0000000000
4745 -9.0000000000
4802 -8.0000000000
4833 -7.0000000000
5040 -6.0000000000
5183 -5.0000000000
5185 -4.0000000000
5285 -3.0000000000
5418 -1.0000000000
5562 499.0000000000
5655 503.0000000000
5665 505.0000000000
5732 511.0000000000
5909 514.0000000000
5963 518.0000000000
6276 522.0000000000
7382 525.0000000000
7523 528.0000000000
7539 533.0000000000
8797 534.0000000000
9071 536.0000000000
9986 538.0000000000
10161 539.0000000000
33367 540.0000000000
59253 541.0000000000
100000 541.0000000000
evaluations raw_y
1 -293.0000000000
2 -278.0000000000
11 -277.0000000000
20 -275.0000000000
36 -273.0000000000
39 -267.0000000000
58 -259.0000000000
96 -253.0000000000
101 -251.0000000000
130 -248.0000000000
133 -241.0000000000
148 -235.0000000000
172 -233.0000000000
201 -231.0000000000
203 -226.0000000000
231 -225.0000000000
232 -223.0000000000
246 -217.0000000000
263 -216.0000000000
267 -215.0000000000
271 -212.0000000000
292 -206.0000000000
299 -203.0000000000
311 -200.0000000000
316 -197.0000000000
335 -196.0000000000
347 -194.0000000000
366 -192.0000000000
374 -190.0000000000
409 -188.0000000000
419 -184.0000000000
432 -183.0000000000
444 -182.0000000000
449 -181.0000000000
464 -178.0000000000
490 -174.0000000000
497 -171.0000000000
528 -168.0000000000
543 -167.0000000000
568 -164.0000000000
601 -163.0000000000
616 -160.0000000000
642 -154.0000000000
666 -151.0000000000
704 -149.0000000000
735 -148.0000000000
736 -147.0000000000
754 -146.0000000000
761 -145.0000000000
773 -142.0000000000
783 -140.0000000000
832 -139.0000000000
835 -137.0000000000
864 -136.0000000000
910 -134.0000000000
919 -132.0000000000
941 -130.0000000000
995 -125.0000000000
1044 -124.0000000000
1079 -122.0000000000
1093 -120.0000000000
1113 -118.0000000000
1169 -116.0000000000
1208 -115.0000000000
1222 -113.0000000000
1262 -112.0000000000
1277 -111.0000000000
1291 -110.0000000000
1320 -109.0000000000
1326 -106.0000000000
1388 -105.0000000000
1422 -102.0000000000
1454 -101.0000000000
1504 -98.0000000000
1551 -97.0000000000
1575 -96.0000000000
1591 -94.0000000000
1645 -93.0000000000
1662 -92.0000000000
1667 -91.0000000000
1704 -89.0000000000
1707 -87.0000000000
1723 -86.0000000000
1785 -85.0000000000
1816 -83.0000000000
1852 -81.0000000000
1900 -80.0000000000
1907 -78.0000000000
1953 -76.0000000000
2007 -75.0000000000
2066 -74.0000000000
2091 -72.0000000000
2144 -69.0000000000
2205 -68.0000000000
2220 -67.0000000000
2245 -66.0000000000
2256 -65.0000000000
2265 -64.0000000000
2328 -63.0000000000
2366 -61.0000000000
2416 -59.0000000000
2455 -56.0000000000
2528 -53.0000000000
2608 -52.0000000000
2633 -50.0000000000
2695 -48.0000000000
2736 -47.0000000000
2743 -44.0000000000
2800 -43.0000000000
2911 -42.0000000000
2934 -40.0000000000
2952 -39.0000000000
2961 -38.0000000000
3034 -36.0000000000
3095 -35.0000000000
3146 -34.0000000000
3165 -33.0000000000
3166 -32.0000000000
3214 -30.0000000000
3344 -29.0000000000
3421 -28.0000000000
3462 -27.0000000000
3524 -26.0000000000
3589 -25.0000000000
3651 -24.0000000000
3695 -23.0000000000
3759 -21.0000000000
3867 -20.0000000000
3882 -19.0000000000
3914 -18.0000000000
3994 -17.0000000000
4069 -16.0000000000
4083 -15.0000000000
4125 -14.0000000000
4219 -13.0000000000
4283 -12.0000000000
4378 -10.0000000000
4415 -8.0000000000
4531 -7.0000000000
4594 -6.0000000000
4681 -5.0000000000
4755 -4.0000000000
4902 -3.0000000000
5133 -2.0000000000
5353 -1.0000000000
5411 489.0000000000
5524 503.0000000000
5957 512.0000000000
6158 514.0000000000
6186 519.0000000000
6470 521.0000000000
6671 525.0000000000
6874 528.0000000000
6982 529.0000000000
7293 531.0000000000
7575 536.0000000000
7684 540.0000000000
7735 542.0000000000
7873 543.0000000000
7924 544.0000000000
19146 545.0000000000
48313 547.0000000000
69754 548.0000000000
88398 551.0000000000
100000 -1.0000000000
evaluations raw_y
1 -299.0000000000
2 -296.0000000000
3 -275.0000000000
6 -262.0000000000
8 -259.0000000000
66 -257.0000000000
72 -250.0000000000
102 -242.0000000000
125 -236.0000000000
144 -235.0000000000
153 -233.0000000000
174 -225.0000000000
207 -221.0000000000
224 -216.0000000000
241 -212.0000000000
251 -207.0000000000
307 -206.0000000000
309 -203.0000000000
322 -201.0000000000
337 -199.0000000000
361 -197.0000000000
383 -193.0000000000
411 -191.0000000000
445 -189.0000000000
458 -185.0000000000
494 -181.0000000000
505 -180.0000000000
518 -178.0000000000
527 -176.0000000000
551 -172.0000000000
561 -171.0000000000
570 -166.0000000000
578 -165.0000000000
609 -164.0000000000
635 -161.0000000000
644 -160.0000000000
650 -158.0000000000
673 -153.0000000000
710 -152.0000000000
721 -149.0000000000
737 -148.0000000000
766 -144.0000000000
834 -143.0000000000
844 -141.0000000000
847 -137.0000000000
862 -136.0000000000
884 -135.0000000000
925 -132.0000000000
973 -131.0000000000
993 -130.0000000000
998 -129.0000000000
1010 -127.0000000000
1037 -124.0000000000
1064 -122.0000000000
1109 -120.0000000000
1126 -119.0000000000
1159 -117.0000000000
1183 -115.0000000000
1188 -112.0000000000
1254 -109.0000000000
1281 -107.0000000000
1316 -106.0000000000
1377 -105.0000000000
1396 -104.0000000000
1415 -103.0000000000
1421 -102.0000000000
1467 -99.0000000000
1510 -98.0000000000
1543 -94.0000000000
1607 -92.0000000000
1609 -91.0000000000
1657 -90.0000000000
1666 -89.0000000000
1699 -87.0000000000
1762 -85.0000000000
1802 -84.0000000000
1835 -83.0000000000
1871 -81.0000000000
1911 -80.0000000000
1974 -78.0000000000
2031 -77.0000000000
2068 -75.0000000000
2129 -74.0000000000
2183 -73.0000000000
2199 -72.0000000000
2205 -71.0000000000
2244 -69.0000000000
2335 -67.0000000000
2383 -66.0000000000
2431 -65.0000000000
2453 -64.0000000000
2480 -63.0000000000
2493 -62.0000000000
2532 -61.0000000000
2535 -60.0000000000
2592 -59.0000000000
2633 -57.0000000000
2690 -55.0000000000
2711 -54.0000000000
2760 -53.0000000000
2803 -52.0000000000
2850 -50.0000000000
2914 -49.0000000000
2922 -48.0000000000
2968 -46.0000000000
3049 -45.0000000000
3054 -44.0000000000
3101 -41.0000000000
3129 -40.0000000000
3231 -39.0000000000
3253 -38.0000000000
3281 -37.0000000000
3323 -36.0000000000
3373 -34.0000000000
3422 -33.0000000000
3482 -32.0000000000
3561 -31.0000000000
3613 -30.0000000000
3701 -29.0000000000
3706 -28.0000000000
3784 -27.0000000000
3807 -26.0000000000
3859 -25.0000000000
3891 -24.0000000000
3932 -23.0000000000
3957 -22.0000000000
4006 -21.0000000000
4107 -20.0000000000
4143 -19.0000000000
4196 -18.0000000000
4322 -17.0000000000
4364 -16.0000000000
4382 -15.0000000000
4524 -14.0000000000
4568 -13.0000000000
4670 -12.0000000000
4795 -11.0000000000
4854 -10.0000000000
4988 -9.0000000000
5125 -8.0000000000
5285 -7.0000000000
5455 -6.0000000000
5494 -5.0000000000
5685 -4.0000000000
5847 -3.0000000000
5938 -2.0000000000
6222 -1.0000000000
6361 485.0000000000
6405 499.0000000000
6634 503.0000000000
6949 505.0000000000
7210 514.0000000000
7452 517.0000000000
7459 526.0000000000
7754 527.0000000000
7788 530.0000000000
7900 531.0000000000
8200 534.0000000000
8687 535.0000000000
8879 537.0000000000
15648 538.0000000000
29831 540.0000000000
30034 541.0000000000
33584 543.0000000000
33758 544.0000000000
37970 545.0000000000
38176 552.0000000000
39345 555.0000000000
40511 557.0000000000
100000 -1.0000000000
evaluations raw_y
1 -287.0000000000
2 -286.0000000000
3 -276.0000000000
9 -272.0000000000
11 -261.0000000000
65 -254.0000000000
85 -246.0000000000
105 -244.0000000000
108 -238.0000000000
128 -236.0000000000
145 -221.0000000000
187 -218.0000000000
192 -215.0000000000
221 -213.0000000000
242 -209.0000000000
249 -203.0000000000
272 -199.0000000000
282 -198.0000000000
305 -197.0000000000
307 -194.0000000000
317 -193.0000000000
322 -192.0000000000
338 -181.0000000000
422 -180.0000000000
423 -179.0000000000
439 -178.0000000000
444 -177.0000000000
450 -176.0000000000
453 -170.0000000000
471 -168.0000000000
508 -166.0000000000
522 -165.0000000000
537 -162.0000000000
549 -161.0000000000
558 -155.0000000000
593 -146.0000000000
664 -144.0000000000
708 -143.0000000000
721 -141.0000000000
762 -139.0000000000
790 -135.0000000000
824 -134.0000000000
837 -133.0000000000
846 -131.0000000000
878 -130.0000000000
888 -125.0000000000
976 -124.0000000000
1000 -122.0000000000
1025 -121.0000000000
1032 -119.0000000000
1103 -118.0000000000
1108 -117.0000000000
1114 -116.0000000000
1118 -114.0000000000
1168 -113.0000000000
1204 -111.0000000000
1242 -110.0000000000
1264 -109.0000000000
1322 -108.0000000000
1334 -105.0000000000
1375 -104.0000000000
1395 -103.0000000000
1407 -101.0000000000
1464 -97.0000000000
1524 -96.0000000000
1584 -92.0000000000
1601 -90.0000000000
1624 -88.0000000000
1735 -86.0000000000
1809 -85.0000000000
1842 -82.0000000000
1922 -80.0000000000
1981 -79.0000000000
2016 -78.0000000000
2024 -77.0000000000
2053 -76.0000000000
2074 -75.0000000000
2134 -74.0000000000
2142 -73.0000000000
2169 -71.0000000000
2211 -70.0000000000
2225 -68.0000000000
2333 -66.0000000000
2352 -63.0000000000
2362 -62.0000000000
2446 -61.0000000000
2461 -60.0000000000
2541 -59.0000000000
2569 -58.0000000000
2586 -57.0000000000
2630 -56.0000000000
2663 -55.0000000000
2726 -53.0000000000
2869 -52.0000000000
2888 -51.0000000000
2903 -50.0000000000
2919 -49.0000000000
2968 -48.0000000000
2986 -47.0000000000
3014 -46.0000000000
3082 -45.0000000000
3134 -44.0000000000
3175 -43.0000000000
3217 -41.0000000000
3252 -39.0000000000
3321 -38.0000000000
3368 -37.0000000000
3416 -36.0000000000
3469 -35.0000000000
3501 -33.0000000000
3603 -32.0000000000
3607 -31.0000000000
3633 -30.0000000000
3654 -29.0000000000
3669 -28.0000000000
3746 -26.0000000000
3833 -25.0000000000
3918 -24.0000000000
3965 -23.0000000000
3992 -22.0000000000
4077 -21.0000000000
4128 -20.0000000000
4243 -19.0000000000
4274 -18.0000000000
4348 -17.0000000000
4408 -16.0000000000
4458 -15.0000000000
4512 -14.0000000000
4607 -13.0000000000
4689 -12.0000000000
4741 -11.0000000000
4765 -10.0000000000
4925 -9.0000000000
5052 -7.0000000000
5214 -6.0000000000
5304 -5.0000000000
5366 -4.0000000000
5487 -3.0000000000
5659 -2.0000000000
5719 -1.0000000000
5814 468.0000000000
5928 470.0000000000
6089 473.0000000000
6188 474.0000000000
6217 486.0000000000
6272 493.0000000000
6382 500.0000000000
6498 502.0000000000
6712 511.0000000000
6729 523.0000000000
8364 526.0000000000
8410 528.0000000000
8411 529.0000000000
8625 530.0000000000
8668 531.0000000000
15532 533.0000000000
15930 534.0000000000
15999 535.0000000000
16346 536.0000000000
17261 539.0000000000
17774 543.0000000000
20170 544.0000000000
30276 546.0000000000
35891 548.0000000000
35933 549.0000000000
43472 550.0000000000
70026 551.0000000000
100000 -1.0000000000
evaluations raw_y
1 -277.0000000000
10 -274.0000000000
12 -266.0000000000
69 -262.0000000000
81 -261.0000000000
92 -246.0000000000
124 -244.0000000000
129 -235.0000000000
177 -231.0000000000
183 -229.0000000000
213 -228.0000000000
216 -221.0000000000
222 -216.0000000000
268 -212.0000000000
312 -209.0000000000
313 -206.0000000000
328 -205.0000000000
351 -204.0000000000
352 -202.0000000000
360 -199.0000000000
365 -197.0000000000
368 -193.0000000000
405 -190.0000000000
407 -181.0000000000
441 -177.0000000000
479 -174.0000000000
481 -172.0000000000
501 -170.0000000000
539 -164.0000000000
585 -160.0000000000
652 -159.0000000000
655 -156.0000000000
669 -154.0000000000
743 -151.0000000000
760 -150.0000000000
794 -149.0000000000
805 -148.0000000000
826 -147.0000000000
828 -143.0000000000
857 -142.0000000000
866 -141.0000000000
906 -139.0000000000
911 -138.0000000000
925 -137.0000000000
959 -134.0000000000
1021 -133.0000000000
1024 -130.0000000000
1072 -128.0000000000
1096 -127.0000000000
1103 -125.0000000000
1133 -124.0000000000
1145 -123.0000000000
1171 -121.0000000000
1220 -120.0000000000
1221 -119.0000000000
1227 -117.0000000000
1237 -116.0000000000
1261 -115.0000000000
1300 -113.0000000000
1337 -112.0000000000
1347 -108.0000000000
1376 -107.0000000000
1421 -106.0000000000
1433 -105.0000000000
1454 -104.0000000000
1482 -103.0000000000
1501 -102.0000000000
1523 -100.0000000000
1543 -99.0000000000
1602 -98.0000000000
1605 -97.0000000000
1623 -95.0000000000
1670 -94.0000000000
1685 -93.0000000000
1722 -91.0000000000
1756 -88.0000000000
1761 -86.0000000000
1842 -85.0000000000
1863 -84.0000000000
1912 -83.0000000000
1924 -81.0000000000
2016 -79.0000000000
2059 -77.0000000000
2104 -76.0000000000
2123 -75.0000000000
2170 -74.0000000000
2191 -73.0000000000
2199 -72.0000000000
2249 -71.0000000000
2287 -70.0000000000
2309 -69.0000000000
2340 -67.0000000000
2432 -66.0000000000
2456 -65.0000000000
2481 -64.0000000000
2551 -63.0000000000
2589 -62.0000000000
2632 -60.0000000000
2711 -58.0000000000
2744 -56.0000000000
2826 -55.0000000000
2858 -54.0000000000
2879 -53.0000000000
2917 -51.0000000000
2930 -50.0000000000
2935 -49.0000000000
3007 -48.0000000000
3058 -47.0000000000
3071 -46.0000000000
3093 -45.0000000000
3137 -44.0000000000
3141 -43.0000000000
3180 -42.0000000000
3227 -41.0000000000
3277 -39.0000000000
3415 -38.0000000000
3476 -37.0000000000
3483 -36.0000000000
3558 -35.0000000000
3609 -32.0000000000
3707 -31.0000000000
3829 -30.0000000000
3910 -29.0000000000
3983 -28.0000000000
4020 -27.0000000000
4070 -26.0000000000
4132 -25.0000000000
4144 -24.0000000000
4210 -23.0000000000
4230 -22.0000000000
4315 -21.0000000000
4327 -20.0000000000
4354 -19.0000000000
4382 -18.0000000000
4476 -17.0000000000
4514 -15.0000000000
4620 -14.0000000000
4665 -13.0000000000
4693 -12.0000000000
4827 -11.0000000000
4930 -10.0000000000
5026 -9.0000000000
5166 -8.0000000000
5268 -7.0000000000
5425 -6.0000000000
5507 -5.0000000000
5609 -4.0000000000
5659 -3.0000000000
5680 -2.0000000000
5784 -1.0000000000
5872 496.0000000000
5977 500.0000000000
6225 501.0000000000
6246 508.0000000000
6257 511.0000000000
6309 522.0000000000
9001 524.0000000000
9349 527.0000000000
10918 530.0000000000
11120 532.0000000000
11314 537.0000000000
11372 542.0000000000
11669 543.0000000000
11689 545.0000000000
11694 550.0000000000
49267 551.0000000000
49389 552.0000000000
77937 554.0000000000
100000 554.0000000000
evaluations raw_y
1 -299.0000000000
2 -293.0000000000
3 -268.0000000000
11 -262.0000000000
74 -259.0000000000
87 -258.0000000000
92 -247.0000000000
98 -244.0000000000
123 -239.0000000000
130 -233.0000000000
152 -231.0000000000
163 -229.0000000000
215 -224.0000000000
218 -216.0000000000
221 -212.0000000000
224 -211.0000000000
279 -206.0000000000
284 -201.0000000000
319 -196.0000000000
329 -190.0000000000
362 -187.0000000000
375 -183.0000000000
398 -180.0000000000
408 -179.0000000000
424 -177.0000000000
430 -172.0000000000
452 -166.0000000000
536 -163.0000000000
557 -162.0000000000
564 -161.0000000000
576 -159.0000000000
592 -157.0000000000
623 -152.0000000000
647 -151.0000000000
691 -147.0000000000
722 -142.0000000000
740 -141.0000000000
760 -140.0000000000
789 -135.0000000000
815 -133.0000000000
832 -131.0000000000
870 -130.0000000000
884 -127.0000000000
888 -124.0000000000
940 -122.0000000000
954 -121.0000000000
964 -119.0000000000
1013 -117.0000000000
1023 -114.0000000000
1084 -110.0000000000
1126 -109.0000000000
1148 -107.0000000000
1199 -106.0000000000
1232 -104.0000000000
1285 -102.0000000000
1300 -101.0000000000
1314 -100.0000000000
1341 -99.0000000000
1353 -98.0000000000
1382 -97.0000000000
1410 -96.0000000000
1427 -95.0000000000
1442 -94.0000000000
1448 -93.0000000000
1495 -92.0000000000
1527 -91.0000000000
1585 -90.0000000000
1616 -88.0000000000
1677 -87.0000000000
1692 -85.0000000000
1707 -84.0000000000
1754 -82.0000000000
1815 -79.0000000000
1869 -77.0000000000
1906 -76.0000000000
1916 -74.0000000000
1937 -73.0000000000
1985 -72.0000000000
2022 -70.0000000000
2050 -68.0000000000
2127 -67.0000000000
2129 -65.0000000000
2188 -63.0000000000
2251 -61.0000000000
2344 -60.0000000000
2363 -59.0000000000
2425 -58.0000000000
2489 -57.0000000000
2557 -56.0000000000
2587 -55.0000000000
2591 -54.0000000000
2664 -53.0000000000
2699 -52.0000000000
2787 -51.0000000000
2791 -50.0000000000
2829 -49.0000000000
2865 -48.0000000000
2883 -47.0000000000
2902 -46.0000000000
2919 -45.0000000000
2960 -44.0000000000
3002 -42.0000000000
3065 -41.0000000000
3078 -40.0000000000
3103 -39.0000000000
3117 -38.0000000000
3167 -36.0000000000
3231 -35.0000000000
3278 -33.0000000000
3391 -30.0000000000
3477 -29.0000000000
3522 -28.0000000000
3588 -27.0000000000
3615 -26.0000000000
3654 -25.0000000000
3721 -23.0000000000
3804 -22.0000000000
3830 -21.0000000000
3903 -20.0000000000
3986 -19.0000000000
4072 -18.0000000000
4151 -17.0000000000
4167 -16.0000000000
4260 -15.0000000000
4270 -14.0000000000
4344 -13.0000000000
4413 -12.0000000000
4469 -11.0000000000
4613 -10.0000000000
4747 -9.0000000000
4909 -8.0000000000
5009 -7.0000000000
5155 -6.0000000000
5199 -5.0000000000
5301 -4.0000000000
5342 -3.0000000000
5417 -2.0000000000
5533 -1.0000000000
5602 472.0000000000
5880 489.0000000000
6038 495.0000000000
6077 515.0000000000
7002 516.0000000000
7072 518.0000000000
7094 523.0000000000
7283 526.0000000000
7769 527.0000000000
7900 530.0000000000
8109 533.0000000000
12401 538.0000000000
12561 539.0000000000
14136 542.0000000000
14914 544.0000000000
51848 546.0000000000
64100 549.0000000000
86874 550.0000000000
96582 552.0000000000
100000 -1.0000000000
evaluations raw_y
1 -301.0000000000
3 -294.0000000000
4 -274.0000000000
5 -269.0000000000
18 -259.0000000000
66 -255.0000000000
100 -254.0000000000
118 -251.0000000000
122 -239.0000000000
154 -231.0000000000
161 -229.0000000000
170 -227.0000000000
189 -222.0000000000
209 -220.0000000000
210 -218.0000000000
226 -215.0000000000
271 -211.0000000000
284 -209.0000000000
312 -208.0000000000
330 -203.0000000000
340 -202.0000000000
344 -200.0000000000
373 -199.0000000000
386 -198.0000000000
397 -197.0000000000
406 -193.0000000000
441 -184.0000000000
443 -182.0000000000
447 -180.0000000000
508 -174.0000000000
542 -172.0000000000
548 -167.0000000000
555 -162.0000000000
573 -159.0000000000
641 -158.0000000000
642 -154.0000000000
655 -151.0000000000
718 -150.0000000000
741 -148.0000000000
782 -147.0000000000
784 -145.0000000000
788 -143.0000000000
810 -141.0000000000
854 -140.0000000000
856 -139.0000000000
860 -138.0000000000
884 -136.0000000000
893 -131.0000000000
1004 -127.0000000000
1039 -126.0000000000
1045 -125.0000000000
1070 -123.0000000000
1106 -121.0000000000
1141 -120.0000000000
1211 -119.0000000000
1216 -118.0000000000
1228 -115.0000000000
1242 -114.0000000000
1279 -112.0000000000
1294 -111.0000000000
1303 -110.0000000000
1363 -109.0000000000
1370 -108.0000000000
1373 -107.0000000000
1377 -105.0000000000
1452 -104.0000000000
1461 -102.0000000000
1513 -101.0000000000
1546 -100.0000000000
1564 -99.0000000000
1617 -96.0000000000
1710 -94.0000000000
1750 -93.0000000000
1772 -92.0000000000
1784 -91.0000000000
1818 -89.0000000000
1868 -88.0000000000
1911 -87.0000000000
1920 -86.0000000000
1951 -84.0000000000
1976 -83.0000000000
1985 -80.0000000000
2056 -79.0000000000
2061 -78.0000000000
2108 -77.0000000000
2131 -74.0000000000
2201 -72.0000000000
2233 -71.0000000000
2259 -70.0000000000
2273 -69.0000000000
2299 -68.0000000000
2325 -67.0000000000
2342 -66.0000000000
2363 -65.0000000000
2410 -64.0000000000
2421 -62.0000000000
2448 -61.0000000000
2461 -60.0000000000
2462 -59.0000000000
2526 -58.0000000000
2557 -57.0000000000
2597 -55.0000000000
2611 -54.0000000000
2681 -53.0000000000
2687 -51.0000000000
2759 -49.0000000000
2785 -46.0000000000
2886 -45.0000000000
2942 -44.0000000000
2986 -42.0000000000
3066 -40.0000000000
3096 -39.0000000000
3166 -37.0000000000
3257 -36.0000000000
3322 -34.0000000000
3452 -33.0000000000
3457 -32.0000000000
3493 -31.0000000000
3518 -29.0000000000
3569 -28.0000000000
3678 -27.0000000000
3751 -26.0000000000
3806 -25.0000000000
3889 -24.0000000000
3953 -23.0000000000
4050 -22.0000000000
4100 -20.0000000000
4139 -19.0000000000
4219 -18.0000000000
4300 -17.0000000000
4359 -16.0000000000
4405 -15.0000000000
4449 -14.0000000000
4481 -13.0000000000
4547 -12.0000000000
4585 -11.0000000000
4650 -10.0000000000
4745 -9.0000000000
4901 -8.0000000000
4951 -7.0000000000
5011 -6.0000000000
5120 -5.0000000000
5125 -4.0000000000
5266 -3.0000000000
5283 -2.0000000000
5453 457.0000000000
5482 472.0000000000
5535 485.0000000000
5584 486.0000000000
5672 494.0000000000
5689 495.0000000000
5781 497.0000000000
5824 502.0000000000
6252 504.0000000000
6710 511.0000000000
6767 513.0000000000
6968 520.0000000000
7013 524.0000000000
7527 526.0000000000
8086 530.0000000000
12097 531.0000000000
12156 539.0000000000
12168 540.0000000000
13598 543.0000000000
18394 547.0000000000
22892 548.0000000000
33213 549.0000000000
33802 550.0000000000
33852 552.0000000000
34181 553.0000000000
85476 554.0000000000
85803 556.0000000000
100000 -2.0000000000
evaluations raw_y
1 -279.0000000000
15 -272.0000000000
19 -267.0000000000
20 -263.0000000000
34 -260.0000000000
67 -258.0000000000
82 -253.0000000000
86 -243.0000000000
110 -239.0000000000
133 -218.0000000000
219 -216.0000000000
220 -215.0000000000
233 -214.0000000000
244 -211.0000000000
247 -210.0000000000
272 -208.0000000000
279 -207.0000000000
284 -204.0000000000
300 -202.0000000000
336 -200.0000000000
342 -199.0000000000
345 -195.0000000000
374 -193.0000000000
382 -190.0000000000
391 -189.0000000000
393 -188.0000000000
406 -186.0000000000
432 -183.0000000000
469 -179.0000000000
483 -177.0000000000
485 -171.0000000000
546 -168.0000000000
561 -166.0000000000
590 -162.0000000000
625 -161.0000000000
634 -159.0000000000
655 -157.0000000000
661 -155.0000000000
666 -154.0000000000
712 -153.0000000000
718 -150.0000000000
746 -149.0000000000
759 -148.0000000000
767 -144.0000000000
818 -143.0000000000
863 -141.0000000000
883 -140.0000000000
886 -139.0000000000
899 -137.0000000000
946 -136.0000000000
951 -135.0000000000
968 -132.0000000000
1019 -131.0000000000
1044 -130.0000000000
1052 -128.0000000000
1072 -127.0000000000
1102 -126.0000000000
1108 -124.0000000000
1121 -121.0000000000
1162 -118.0000000000
1196 -117.0000000000
1217 -116.0000000000
1261 -114.0000000000
1273 -113.0000000000
1306 -110.0000000000
1350 -109.0000000000
1383 -108.0000000000
1384 -105.0000000000
1457 -101.0000000000
1497 -100.0000000000
1522 -99.0000000000
1557 -98.0000000000
1560 -97.0000000000
1568 -96.0000000000
1591 -92.0000000000
1598 -91.0000000000
1606 -90.0000000000
1685 -89.0000000000
1725 -86.0000000000
1740 -85.0000000000
1741 -84.0000000000
1800 -83.0000000000
1827 -82.0000000000
1834 -80.0000000000
1900 -79.0000000000
1923 -76.0000000000
1984 -75.0000000000
1996 -74.0000000000
2005 -73.0000000000
2007 -71.0000000000
2041 -70.0000000000
2074 -69.0000000000
2095 -68.0000000000
2125 -67.0000000000
2183 -66.0000000000
2200 -65.0000000000
2220 -64.0000000000
2274 -62.0000000000
2345 -60.0000000000
2383 -59.0000000000
2436 -58.0000000000
2442 -56.0000000000
2475 -55.0000000000
2544 -54.0000000000
2567 -53.0000000000
2623 -52.0000000000
2653 -50.0000000000
2768 -49.0000000000
2786 -47.0000000000
2833 -45.0000000000
2920 -44.0000000000
2992 -43.0000000000
3016 -42.0000000000
3052 -41.0000000000
3061 -40.0000000000
3090 -39.0000000000
3113 -38.0000000000
3138 -36.0000000000
3202 -35.0000000000
3227 -34.0000000000
3253 -33.0000000000
3265 -32.0000000000
3321 -30.0000000000
3410 -27.0000000000
3486 -26.0000000000
3544 -25.0000000000
3610 -23.0000000000
3626 -22.0000000000
3742 -21.0000000000
3772 -20.0000000000
3799 -19.0000000000
3815 -18.0000000000
3851 -17.0000000000
3942 -16.0000000000
3995 -15.0000000000
4088 -14.0000000000
4095 -13.0000000000
4173 -12.0000000000
4248 -11.0000000000
4405 -10.0000000000
4489 -9.0000000000
4556 -8.0000000000
4686 -7.0000000000
4731 -6.0000000000
4744 -5.0000000000
4821 -4.0000000000
5009 -3.0000000000
5034 -2.0000000000
5105 -1.0000000000
5272 432.0000000000
5655 455.0000000000
5858 459.0000000000
5909 466.0000000000
6174 479.0000000000
6372 481.0000000000
6560 483.0000000000
6616 487.0000000000
6636 491.0000000000
6648 492.0000000000
6792 497.0000000000
8635 504.0000000000
8648 511.0000000000
9471 520.0000000000
9654 525.0000000000
13151 526.0000000000
13525 528.0000000000
13600 531.0000000000
15707 532.0000000000
18761 534.0000000000
18900 535.0000000000
19006 544.0000000000
42352 545.0000000000
72393 546.0000000000
100000 -1.0000000000
evaluations raw_y
1 -301.0000000000
2 -286.0000000000
8 -270.0000000000
24 -265.0000000000
33 -264.0000000000
35 -260.0000000000
56 -254.0000000000
82 -251.0000000000
112 -249.0000000000
117 -240.0000000000
121 -235.0000000000
148 -232.0000000000
168 -228.0000000000
193 -227.0000000000
194 -225.0000000000
209 -222.0000000000
223 -221.0000000000
225 -219.0000000000
228 -218.0000000000
238 -216.0000000000
247 -214.0000000000
264 -208.0000000000
303 -200.0000000000
314 -198.0000000000
359 -190.0000000000
370 -187.0000000000
383 -186.0000000000
404 -185.0000000000
427 -184.0000000000
452 -183.0000000000
462 -175.0000000000
467 -170.0000000000
522 -165.0000000000
578 -163.0000000000
583 -158.0000000000
650 -156.0000000000
654 -151.0000000000
664 -148.0000000000
696 -147.0000000000
699 -146.0000000000
752 -144.0000000000
764 -142.0000000000
765 -141.0000000000
783 -139.0000000000
830 -137.0000000000
844 -131.0000000000
884 -130.0000000000
921 -129.0000000000
954 -128.0000000000
967 -127.0000000000
983 -125.0000000000
1007 -123.0000000000
1031 -122.0000000000
1049 -121.0000000000
1061 -120.0000000000
1087 -119.0000000000
1090 -118.0000000000
1134 -115.0000000000
1197 -112.0000000000
1204 -111.0000000000
1246 -110.0000000000
1263 -109.0000000000
1308 -108.0000000000
1338 -105.0000000000
1384 -104.0000000000
1421 -103.0000000000
1457 -101.0000000000
1491 -99.0000000000
1558 -98.0000000000
1579 -97.0000000000
1613 -95.0000000000
1628 -94.0000000000
1658 -92.0000000000
1686 -90.0000000000
1704 -89.0000000000
1721 -88.0000000000
1769 -87.0000000000
1788 -86.0000000000
1800 -85.0000000000
1834 -84.0000000000
1872 -83.0000000000
1907 -81.0000000000
1937 -80.0000000000
1942 -77.0000000000
2034 -76.0000000000
2051 -74.0000000000
2135 -73.0000000000
2196 -72.0000000000
2243 -70.0000000000
2262 -68.0000000000
2284 -67.0000000000
2327 -66.0000000000
2346 -65.0000000000
2405 -64.0000000000
2457 -63.0000000000
2493 -62.0000000000
2503 -61.0000000000
2552 -60.0000000000
2587 -58.0000000000
2628 -57.0000000000
2655 -56.0000000000
2711 -55.0000000000
2777 -54.0000000000
2805 -53.0000000000
2887 -52.0000000000
2936 -49.0000000000
2993 -48.0000000000
3051 -47.0000000000
3094 -46.0000000000
3110 -45.0000000000
3126 -44.0000000000
3182 -43.0000000000
3199 -42.0000000000
3222 -41.0000000000
3301 -40.0000000000
3343 -39.0000000000
3381 -38.0000000000
3460 -37.0000000000
3512 -36.0000000000
3549 -35.0000000000
3581 -33.0000000000
3672 -32.0000000000
3725 -30.0000000000
3782 -29.0000000000
3858 -28.0000000000
3877 -27.0000000000
4003 -26.0000000000
4042 -25.0000000000
4122 -24.0000000000
4223 -23.0000000000
4309 -22.0000000000
4384 -21.0000000000
4452 -20.0000000000
4468 -19.0000000000
4533 -18.0000000000
4547 -17.0000000000
4672 -16.0000000000
4690 -15.0000000000
4733 -14.0000000000
4809 -13.0000000000
4884 -12.0000000000
5010 -11.0000000000
5168 -10.0000000000
5193 -9.0000000000
5346 -8.0000000000
5584 -7.0000000000
5781 -6.0000000000
5987 -5.0000000000
6036 -4.0000000000
6232 -3.0000000000
6243 -2.0000000000
6371 -1.0000000000
6584 487.0000000000
6869 502.0000000000
6891 506.0000000000
6979 508.0000000000
7002 513.0000000000
7048 526.0000000000
7300 527.0000000000
7437 528.0000000000
7454 529.0000000000
7851 533.0000000000
8044 543.0000000000
9062 544.0000000000
12192 551.0000000000
24170 555.0000000000
51376 556.0000000000
51836 559.0000000000
58589 562.0000000000
100000 562.0000000000
evaluations raw_y
1 -300.0000000000
2 -290.0000000000
3 -287.0000000000
4 -279.0000000000
5 -263.0000000000
45 -262.0000000000
52 -259.0000000000
64 -255.0000000000
89 -249.0000000000
101 -247.0000000000
123 -242.0000000000
148 -236.0000000000
181 -225.0000000000
223 -224.0000000000
248 -223.0000000000
249 -222.0000000000
264 -221.0000000000
266 -219.0000000000
271 -218.0000000000
279 -213.0000000000
287 -204.0000000000
356 -202.0000000000
368 -201.0000000000
383 -193.0000000000
427 -185.0000000000
464 -183.0000000000
500 -182.0000000000
504 -179.0000000000
525 -177.0000000000
550 -174.0000000000
557 -170.0000000000
588 -169.0000000000
595 -164.0000000000
630 -162.0000000000
645 -161.0000000000
650 -156.0000000000
693 -155.0000000000
729 -154.0000000000
748 -153.0000000000
759 -150.0000000000
782 -148.0000000000
793 -146.0000000000
827 -139.0000000000
874 -137.0000000000
881 -135.0000000000
934 -133.0000000000
961 -129.0000000000
982 -128.0000000000
1004 -127.0000000000
1047 -126.0000000000
1067 -125.0000000000
1098 -124.0000000000
1104 -123.0000000000
1135 -122.0000000000
1145 -119.0000000000
1203 -118.0000000000
1218 -117.0000000000
1226 -116.0000000000
1288 -113.0000000000
1314 -112.0000000000
1327 -109.0000000000
1406 -108.0000000000
1425 -107.0000000000
1443 -105.0000000000
1485 -104.0000000000
1526 -103.0000000000
1567 -101.0000000000
1571 -99.0000000000
1616 -98.0000000000
1666 -96.0000000000
1692 -93.0000000000
1770 -91.0000000000
1831 -90.0000000000
1840 -89.0000000000
1845 -88.0000000000
1887 -87.0000000000
1890 -86.0000000000
1945 -85.0000000000
1970 -84.0000000000
2029 -83.0000000000
2035 -82.0000000000
2082 -81.0000000000
2090 -80.0000000000
2150 -77.0000000000
2189 -76.0000000000
2228 -74.0000000000
2250 -73.0000000000
2282 -72.0000000000
2290 -71.0000000000
2333 -70.0000000000
2344 -68.0000000000
2388 -67.0000000000
2454 -66.0000000000
2462 -65.0000000000
2483 -64.0000000000
2497 -62.0000000000
2613 -61.0000000000
2621 -59.0000000000
2712 -58.0000000000
2747 -57.0000000000
2773 -56.0000000000
2809 -55.0000000000
2826 -53.0000000000
2902 -52.0000000000
2974 -51.0000000000
3002 -50.0000000000
3101 -48.0000000000
3114 -47.0000000000
3178 -45.0000000000
3225 -44.0000000000
3265 -43.0000000000
3349 -42.0000000000
3364 -39.0000000000
3395 -38.0000000000
3442 -37.0000000000
3519 -36.0000000000
3531 -34.0000000000
3623 -33.0000000000
3636 -32.0000000000
3637 -31.0000000000
3675 -30.0000000000
3690 -29.0000000000
3784 -28.0000000000
3795 -27.0000000000
3829 -26.0000000000
3867 -24.0000000000
3991 -22.0000000000
4111 -21.0000000000
4153 -20.0000000000
4196 -18.0000000000
4262 -17.0000000000
4371 -16.0000000000
4460 -15.0000000000
4576 -13.0000000000
4751 -12.0000000000
5045 -11.0000000000
5083 -10.0000000000
5306 -9.0000000000
5395 -8.0000000000
5499 -7.0000000000
5567 -5.0000000000
5715 -4.0000000000
5859 -3.0000000000
6002 -2.0000000000
6076 -1.0000000000
6204 504.0000000000
6227 520.0000000000
6262 522.0000000000
7187 525.0000000000
7453 530.0000000000
7730 532.0000000000
7991 533.0000000000
8116 534.0000000000
8132 542.0000000000
8181 546.0000000000
79319 548.0000000000
100000 548.0000000000
evaluations raw_y
1 -286.0000000000
4 -283.0000000000
7 -281.0000000000
14 -278.0000000000
23 -275.0000000000
47 -271.0000000000
57 -264.0000000000
79 -259.0000000000
83 -253.0000000000
97 -252.0000000000
123 -251.0000000000
131 -247.0000000000
141 -243.0000000000
152 -234.0000000000
168 -231.0000000000
202 -218.0000000000
254 -216.0000000000
273 -208.0000000000
316 -203.0000000000
370 -200.0000000000
386 -197.0000000000
400 -195.0000000000
406 -190.0000000000
429 -185.0000000000
489 -183.0000000000
498 -181.0000000000
516 -180.0000000000
519 -177.0000000000
523 -176.0000000000
535 -175.0000000000
544 -172.0000000000
550 -169.0000000000
592 -163.0000000000
604 -161.0000000000
614 -160.0000000000
638 -158.0000000000
653 -156.0000000000
683 -154.0000000000
692 -153.0000000000
720 -151.0000000000
741 -144.0000000000
815 -142.0000000000
841 -140.0000000000
868 -139.0000000000
893 -136.0000000000
899 -135.0000000000
905 -134.0000000000
911 -133.0000000000
934 -131.0000000000
977 -129.0000000000
1004 -128.0000000000
1041 -127.0000000000
1061 -126.0000000000
1070 -125.0000000000
1083 -123.0000000000
1106 -122.0000000000
1135 -121.0000000000
1142 -119.0000000000
1179 -118.0000000000
1201 -117.0000000000
1245 -112.0000000000
1284 -111.0000000000
1319 -110.0000000000
1331 -109.0000000000
1341 -106.0000000000
1392 -105.0000000000
1429 -102.0000000000
1484 -98.0000000000
1515 -97.0000000000
1566 -96.0000000000
1627 -95.0000000000
1674 -93.0000000000
1700 -92.0000000000
1708 -89.0000000000
1780 -88.0000000000
1824 -87.0000000000
1834 -86.0000000000
1886 -85.0000000000
1902 -84.0000000000
1916 -83.0000000000
1955 -82.0000000000
1988 -80.0000000000
2032 -79.0000000000
2069 -78.0000000000
2119 -77.0000000000
2154 -74.0000000000
2202 -72.0000000000
2270 -71.0000000000
2279 -70.0000000000
2305 -69.0000000000
2334 -68.0000000000
2377 -66.0000000000
2402 -63.0000000000
2443 -62.0000000000
2475 -61.0000000000
2502 -60.0000000000
2542 -59.0000000000
2561 -56.0000000000
2612 -55.0000000000
2631 -54.0000000000
2633 -52.0000000000
2724 -51.0000000000
2774 -49.0000000000
2826 -48.0000000000
2878 -47.0000000000
2914 -46.0000000000
2961 -45.0000000000
2988 -44.0000000000
3016 -43.0000000000
3062 -42.0000000000
3098 -40.0000000000
3121 -38.0000000000
3151 -37.0000000000
3213 -35.0000000000
3259 -34.0000000000
3332 -33.0000000000
3347 -32.0000000000
3446 -30.0000000000
3633 -29.0000000000
3674 -27.0000000000
3782 -26.0000000000
3817 -25.0000000000
3933 -24.0000000000
3983 -23.0000000000
4062 -21.0000000000
4144 -20.0000000000
4203 -19.0000000000
4251 -18.0000000000
4318 -17.0000000000
4341 -16.0000000000
4459 -15.0000000000
4576 -14.0000000000
4670 -12.0000000000
4853 -10.0000000000
4913 -9.0000000000
4981 -8.0000000000
5031 -7.0000000000
5112 -5.0000000000
5215 -4.0000000000
5223 -3.0000000000
5344 -2.0000000000
5675 -1.0000000000
5886 474.0000000000
6018 477.0000000000
6237 479.0000000000
6401 489.0000000000
6625 495.0000000000
6713 496.0000000000
6875 501.0000000000
6901 507.0000000000
6953 510.0000000000
7096 517.0000000000
7122 521.0000000000
7344 527.0000000000
9282 530.0000000000
10217 531.0000000000
11173 534.0000000000
14173 536.0000000000
14666 537.0000000000
20143 539.0000000000
20200 541.0000000000
20382 547.0000000000
20604 549.0000000000
27090 551.0000000000
100000 551.0000000000
evaluations raw_y
1 -281.0000000000
5 -276.0000000000
17 -273.0000000000
18 -266.0000000000
64 -265.0000000000
70 -260.0000000000
104 -259.0000000000
111 -251.0000000000
123 -248.0000000000
140 -242.0000000000
148 -236.0000000000
201 -235.0000000000
209 -234.0000000000
230 -228.0000000000
250 -218.0000000000
276 -214.0000000000
318 -207.0000000000
348 -197.0000000000
394 -195.0000000000
401 -188.0000000000
462 -186.0000000000
506 -185.0000000000
507 -183.0000000000
517 -179.0000000000
524 -177.0000000000
528 -174.0000000000
559 -169.0000000000
601 -167.0000000000
626 -163.0000000000
648 -161.0000000000
685 -159.0000000000
686 -158.0000000000
710 -154.0000000000
761 -153.0000000000
784 -151.0000000000
810 -149.0000000000
831 -145.0000000000
846 -144.0000000000
868 -143.0000000000
884 -140.0000000000
931 -137.0000000000
958 -135.0000000000
1007 -134.0000000000
1041 -133.0000000000
1049 -130.0000000000
1070 -127.0000000000
1109 -126.0000000000
1140 -124.0000000000
1165 -122.0000000000
1172 -121.0000000000
1203 -119.0000000000
1224 -118.0000000000
1260 -116.0000000000
1282 -112.0000000000
1315 -111.0000000000
1335 -110.0000000000
1338 -109.0000000000
1384 -107.0000000000
1404 -106.0000000000
1410 -104.0000000000
1464 -103.0000000000
1506 -101.0000000000
1529 -99.0000000000
1543 -98.0000000000
1552 -97.0000000000
1641 -96.0000000000
1666 -95.0000000000
1673 -93.0000000000
1686 -92.0000000000
1766 -90.0000000000
1788 -87.0000000000
1837 -85.0000000000
1869 -84.0000000000
1929 -82.0000000000
1938 -81.0000000000
1973 -80.0000000000
1985 -79.0000000000
2004 -77.0000000000
2022 -75.0000000000
2049 -74.0000000000
2104 -73.0000000000
2174 -70.0000000000
2223 -69.0000000000
2243 -65.0000000000
2326 -63.0000000000
2360 -62.0000000000
2410 -58.0000000000
2437 -57.0000000000
2524 -56.0000000000
2557 -55.0000000000
2594 -54.0000000000
2617 -53.0000000000
2680 -52.0000000000
2729 -51.0000000000
2772 -50.0000000000
2781 -48.0000000000
2835 -46.0000000000
2872 -45.0000000000
2894 -44.0000000000
2909 -43.0000000000
2951 -42.0000000000
2999 -41.0000000000
3013 -40.0000000000
3062 -39.0000000000
3084 -37.0000000000
3219 -35.0000000000
3290 -33.0000000000
3313 -32.0000000000
3410 -31.0000000000
3453 -30.0000000000
3502 -29.0000000000
3529 -28.0000000000
3581 -27.0000000000
3623 -26.0000000000
3672 -25.0000000000
3715 -24.0000000000
3785 -23.0000000000
3813 -22.0000000000
3877 -21.0000000000
3894 -20.0000000000
3923 -19.0000000000
3979 -18.0000000000
4038 -17.0000000000
4168 -16.0000000000
4328 -15.0000000000
4395 -14.0000000000
4522 -13.0000000000
4599 -12.0000000000
4758 -11.0000000000
4823 -9.0000000000
4918 -7.0000000000
5019 -5.0000000000
5120 -4.0000000000
5184 -3.0000000000
5258 -2.0000000000
5374 -1.0000000000
5570 499.0000000000
6284 503.0000000000
6412 510.0000000000
6962 518.0000000000
7013 523.0000000000
7205 525.0000000000
9130 529.0000000000
9189 532.0000000000
10306 537.0000000000
11417 540.0000000000
11768 541.0000000000
12648 545.0000000000
14441 547.0000000000
19280 548.0000000000
24828 549.0000000000
49706 551.0000000000
54892 552.0000000000
58402 553.0000000000
62464 554.0000000000
71755 555.0000000000
76034 556.0000000000
88910 557.0000000000
100000 557.0000000000
evaluations raw_y
1 -306.0000000000
3 -276.0000000000
4 -264.0000000000
27 -263.0000000000
56 -254.0000000000
86 -253.0000000000
88 -248.0000000000
93 -247.0000000000
96 -245.0000000000
113 -237.0000000000
146 -227.0000000000
191 -226.0000000000
207 -222.0000000000
224 -221.0000000000
226 -220.0000000000
251 -217.0000000000
264 -216.0000000000
266 -212.0000000000
281 -211.0000000000
290 -210.0000000000
314 -206.0000000000
333 -204.0000000000
356 -203.0000000000
368 -190.0000000000
445 -186.0000000000
495 -179.0000000000
503 -178.0000000000
541 -176.0000000000
558 -173.0000000000
600 -171.0000000000
626 -170.0000000000
630 -169.0000000000
634 -167.0000000000
645 -166.0000000000
650 -162.0000000000
679 -161.0000000000
680 -158.0000000000
693 -157.0000000000
708 -156.0000000000
721 -155.0000000000
732 -153.0000000000
756 -151.0000000000
779 -145.0000000000
808 -142.0000000000
835 -140.0000000000
839 -139.0000000000
843 -138.0000000000
890 -136.0000000000
903 -134.0000000000
922 -133.0000000000
952 -130.0000000000
970 -129.0000000000
986 -128.0000000000
1007 -125.0000000000
1024 -124.0000000000
1057 -123.0000000000
1088 -122.0000000000
1100 -115.0000000000
1184 -114.0000000000
1190 -113.0000000000
1204 -111.0000000000
1252 -110.0000000000
1262 -109.0000000000
1276 -108.0000000000
1284 -106.0000000000
1333 -105.0000000000
1336 -103.0000000000
1391 -101.0000000000
1439 -100.0000000000
1454 -99.0000000000
1476 -97.0000000000
1518 -96.0000000000
1576 -94.0000000000
1611 -92.0000000000
1670 -91.0000000000
1684 -90.0000000000
1722 -89.0000000000
1723 -88.0000000000
1731 -87.0000000000
1796 -85.0000000000
1855 -84.0000000000
1861 -83.0000000000
1862 -82.0000000000
1941 -81.0000000000
1944 -80.0000000000
1964 -79.0000000000
2024 -78.0000000000
2034 -76.0000000000
2069 -75.0000000000
2106 -74.0000000000
2160 -73.0000000000
2173 -72.0000000000
2184 -71.0000000000
2247 -70.0000000000
2267 -69.0000000000
2281 -67.0000000000
2342 -66.0000000000
2361 -65.0000000000
2389 -63.0000000000
2434 -62.0000000000
2455 -61.0000000000
2481 -59.0000000000
2499 -58.0000000000
2559 -57.0000000000
2614 -56.0000000000
2623 -55.0000000000
2666 -52.0000000000
2790 -51.0000000000
2791 -50.0000000000
2807 -47.0000000000
2904 -45.0000000000
2959 -44.0000000000
2988 -43.0000000000
2996 -42.0000000000
3066 -41.0000000000
3133 -40.0000000000
3148 -39.0000000000
3168 -38.0000000000
3213 -36.0000000000
3284 -35.0000000000
3421 -34.0000000000
3437 -33.0000000000
3531 -32.0000000000
3605 -30.0000000000
3695 -28.0000000000
3749 -26.0000000000
3778 -25.0000000000
3844 -24.0000000000
3946 -23.0000000000
3961 -22.0000000000
4012 -21.0000000000
4112 -20.0000000000
4223 -19.0000000000
4262 -18.0000000000
4287 -17.0000000000
4373 -16.0000000000
4439 -15.0000000000
4454 -13.0000000000
4525 -12.0000000000
4549 -11.0000000000
4564 -9.0000000000
4707 -8.0000000000
4725 -7.0000000000
4893 -6.0000000000
5016 -5.0000000000
5165 -4.0000000000
5262 -3.0000000000
5354 -2.0000000000
5456 -1.0000000000
5552 468.0000000000
5601 492.0000000000
5686 496.0000000000
5768 497.0000000000
5810 498.0000000000
5839 504.0000000000
5919 511.0000000000
6180 512.0000000000
6261 514.0000000000
6328 516.0000000000
6428 518.0000000000
6505 519.0000000000
6680 523.0000000000
6710 528.0000000000
6832 531.0000000000
6883 532.0000000000
7148 535.0000000000
7211 537.0000000000
7258 540.0000000000
7346 543.0000000000
7437 544.0000000000
21586 545.0000000000
21665 546.0000000000
21804 547.0000000000
22149 548.0000000000
35980 551.0000000000
71807 554.0000000000
84055 556.0000000000
100000 556.0000000000
evaluations raw_y
1 -285.0000000000
6 -261.0000000000
67 -258.0000000000
120 -252.0000000000
139 -251.0000000000
150 -247.0000000000
163 -246.0000000000
168 -243.0000000000
170 -240.0000000000
201 -236.0000000000
211 -235.0000000000
222 -230.0000000000
232 -227.0000000000
252 -224.0000000000
265 -214.0000000000
328 -206.0000000000
382 -201.0000000000
388 -198.0000000000
424 -193.0000000000
474 -188.0000000000
497 -187.0000000000
508 -184.0000000000
525 -183.0000000000
539 -182.0000000000
546 -179.0000000000
567 -178.0000000000
581 -175.0000000000
618 -172.0000000000
629 -171.0000000000
641 -170.0000000000
642 -166.0000000000
709 -164.0000000000
742 -159.0000000000
759 -157.0000000000
827 -156.0000000000
841 -152.0000000000
865 -151.0000000000
896 -150.0000000000
908 -147.0000000000
941 -145.0000000000
994 -144.0000000000
1001 -143.0000000000
1022 -142.0000000000
1034 -141.0000000000
1047 -139.0000000000
1094 -136.0000000000
1132 -135.0000000000
1168 -133.0000000000
1182 -132.0000000000
1192 -131.0000000000
1245 -129.0000000000
1288 -128.0000000000
1301 -125.0000000000
1363 -123.0000000000
1402 -122.0000000000
1429 -121.0000000000
1439 -120.0000000000
1458 -119.0000000000
1472 -118.0000000000
1484 -117.0000000000
1501 -116.0000000000
1503 -115.0000000000
1532 -114.0000000000
1555 -113.0000000000
1581 -112.0000000000
1599 -111.0000000000
1637 -109.0000000000
1670 -107.0000000000
1729 -105.0000000000
1771 -104.0000000000
1793 -101.0000000000
1833 -100.0000000000
1863 -99.0000000000
1893 -98.0000000000
1904 -97.0000000000
1927 -95.0000000000
1966 -92.0000000000
2000 -90.0000000000
2052 -87.0000000000
2092 -86.0000000000
2135 -81.0000000000
2189 -79.0000000000
2230 -77.0000000000
2311 -76.0000000000
2342 -75.0000000000
2344 -74.0000000000
2385 -73.0000000000
2396 -72.0000000000
2450 -71.0000000000
2504 -69.0000000000
2556 -68.0000000000
2579 -67.0000000000
2592 -66.0000000000
2609 -65.0000000000
2681 -64.0000000000
2723 -63.0000000000
2733 -61.0000000000
2826 -59.0000000000
2860 -58.0000000000
2896 -57.0000000000
2962 -55.0000000000
2975 -53.0000000000
3007 -52.0000000000
3092 -51.0000000000
3107 -49.0000000000
3204 -48.0000000000
3236 -46.0000000000
3361 -45.0000000000
3381 -44.0000000000
3504 -43.0000000000
3574 -42.0000000000
3610 -39.0000000000
3753 -38.0000000000
3785 -37.0000000000
3834 -36.0000000000
3882 -34.0000000000
3989 -33.0000000000
4071 -32.0000000000
4204 -31.0000000000
4237 -30.0000000000
4286 -29.0000000000
4392 -28.0000000000
4428 -26.0000000000
4527 -25.0000000000
4565 -24.0000000000
4607 -23.0000000000
4608 -20.0000000000
4661 -19.0000000000
4751 -18.0000000000
4828 -17.0000000000
4898 -16.0000000000
4940 -15.0000000000
4971 -14.0000000000
5091 -13.0000000000
5109 -12.0000000000
5151 -11.0000000000
5178 -10.0000000000
5293 -9.0000000000
5337 -8.0000000000
5410 -7.0000000000
5534 -6.0000000000
5605 -5.0000000000
5686 -4.0000000000
5842 -3.0000000000
5974 -2.0000000000
6015 -1.0000000000
6180 510.0000000000
6319 514.0000000000
6513 518.0000000000
8590 519.0000000000
10592 523.0000000000
10895 524.0000000000
11156 525.0000000000
12219 526.0000000000
13250 528.0000000000
13587 534.0000000000
13992 535.0000000000
20709 536.0000000000
21951 538.0000000000
25689 539.0000000000
25770 540.0000000000
37469 542.0000000000
59861 545.0000000000
60471 548.0000000000
100000 548.0000000000
evaluations raw_y
1 -289.0000000000
5 -274.0000000000
11 -272.0000000000
19 -265.0000000000
32 -255.0000000000
77 -254.0000000000
88 -247.0000000000
126 -246.0000000000
131 -243.0000000000
133 -235.0000000000
155 -233.0000000000
198 -231.0000000000
201 -230.0000000000
208 -227.0000000000
212 -226.0000000000
214 -222.0000000000
215 -220.0000000000
217 -218.0000000000
262 -215.0000000000
265 -212.0000000000
292 -207.0000000000
312 -202.0000000000
341 -201.0000000000
369 -200.0000000000
373 -199.0000000000
374 -194.0000000000
378 -193.0000000000
390 -192.0000000000
425 -188.0000000000
443 -187.0000000000
470 -183.0000000000
477 -181.0000000000
512 -180.0000000000
519 -178.0000000000
534 -177.0000000000
542 -176.0000000000
548 -172.0000000000
562 -170.0000000000
581 -164.0000000000
613 -163.0000000000
623 -162.0000000000
661 -160.0000000000
690 -159.0000000000
702 -156.0000000000
725 -155.0000000000
741 -151.0000000000
783 -145.0000000000
835 -143.0000000000
866 -141.0000000000
928 -138.0000000000
961 -137.0000000000
970 -131.0000000000
1072 -130.0000000000
1085 -128.0000000000
1086 -127.0000000000
1098 -125.0000000000
1123 -124.0000000000
1141 -122.0000000000
1166 -121.0000000000
1225 -120.0000000000
1236 -119.0000000000
1250 -118.0000000000
1255 -117.0000000000
1317 -115.0000000000
1382 -114.0000000000
1407 -113.0000000000
1424 -111.0000000000
1453 -110.0000000000
1466 -109.0000000000
1481 -107.0000000000
1498 -106.0000000000
1522 -105.0000000000
1576 -104.0000000000
1587 -103.0000000000
1596 -102.0000000000
1637 -101.0000000000
1643 -99.0000000000
1681 -98.0000000000
1727 -97.0000000000
1736 -93.0000000000
1801 -92.0000000000
1839 -91.0000000000
1858 -90.0000000000
1878 -89.0000000000
1910 -87.0000000000
1945 -86.0000000000
2002 -85.0000000000
2023 -84.0000000000
2031 -82.0000000000
2069 -81.0000000000
2092 -80.0000000000
2114 -79.0000000000
2123 -78.0000000000
2168 -77.0000000000
2182 -76.0000000000
2188 -75.0000000000
2203 -74.0000000000
2256 -73.0000000000
2293 -72.0000000000
2296 -71.0000000000
2326 -70.0000000000
2348 -69.0000000000
2371 -68.0000000000
2394 -67.0000000000
2406 -65.0000000000
2456 -64.0000000000
2522 -63.0000000000
2533 -62.0000000000
2600 -61.0000000000
2636 -58.0000000000
2700 -57.0000000000
2704 -56.0000000000
2761 -55.0000000000
2803 -54.0000000000
2822 -53.0000000000
2873 -52.0000000000
2903 -51.0000000000
2908 -50.0000000000
2921 -49.0000000000
2950 -47.0000000000
3009 -46.0000000000
3024 -45.0000000000
3055 -44.0000000000
3065 -43.0000000000
3149 -42.0000000000
3177 -41.0000000000
3201 -40.0000000000
3264 -38.0000000000
3288 -36.0000000000
3401 -35.0000000000
3449 -34.0000000000
3513 -33.0000000000
3543 -32.0000000000
3641 -30.0000000000
3648 -29.0000000000
3717 -28.0000000000
3735 -27.0000000000
3746 -26.0000000000
3837 -25.0000000000
3882 -24.0000000000
3951 -23.0000000000
4036 -22.0000000000
4080 -21.0000000000
4114 -20.0000000000
4172 -19.0000000000
4247 -18.0000000000
4295 -17.0000000000
4389 -16.0000000000
4446 -15.0000000000
4464 -14.0000000000
4597 -13.0000000000
4666 -12.0000000000
4749 -11.0000000000
4813 -10.0000000000
4850 -9.0000000000
4903 -8.0000000000
4989 -7.0000000000
5057 -6.0000000000
5063 -5.0000000000
5308 -4.0000000000
5359 -3.0000000000
5510 -2.0000000000
5669 -1.0000000000
5896 495.0000000000
5916 510.0000000000
6064 512.0000000000
6086 518.0000000000
6238 521.0000000000
7484 523.0000000000
8087 526.0000000000
8132 528.0000000000
8189 531.0000000000
8227 532.0000000000
8448 533.0000000000
9582 535.0000000000
10613 536.0000000000
32196 541.0000000000
52314 543.0000000000
55076 544.0000000000
86600 546.0000000000
89428 547.0000000000
89614 548.0000000000
100000 -1.0000000000
evaluations raw_y
1 -294.0000000000
3 -283.0000000000
5 -269.0000000000
9 -256.0000000000
62 -253.0000000000
95 -251.0000000000
103 -250.0000000000
111 -243.0000000000
160 -241.0000000000
165 -238.0000000000
193 -236.0000000000
196 -234.0000000000
199 -231.0000000000
203 -222.0000000000
248 -220.0000000000
277 -211.0000000000
325 -210.0000000000
347 -203.0000000000
386 -201.0000000000
406 -190.0000000000
430 -185.0000000000
479 -184.0000000000
497 -183.0000000000
504 -181.0000000000
513 -179.0000000000
531 -177.0000000000
544 -175.0000000000
548 -173.0000000000
554 -172.0000000000
586 -166.0000000000
612 -163.0000000000
663 -162.0000000000
682 -161.0000000000
687 -159.0000000000
688 -155.0000000000
711 -153.0000000000
728 -152.0000000000
729 -151.0000000000
743 -147.0000000000
785 -143.0000000000
802 -142.0000000000
824 -140.0000000000
848 -137.0000000000
863 -135.0000000000
923 -131.0000000000
961 -130.0000000000
981 -129.0000000000
1008 -127.0000000000
1032 -123.0000000000
1044 -122.0000000000
1115 -121.0000000000
1117 -119.0000000000
1145 -118.0000000000
1189 -117.0000000000
1194 -116.0000000000
1212 -115.0000000000
1227 -114.0000000000
1243 -111.0000000000
1300 -110.0000000000
1317 -108.0000000000
1344 -107.0000000000
1352 -104.0000000000
1408 -103.0000000000
1431 -102.0000000000
1442 -99.0000000000
1489 -98.0000000000
1506 -96.0000000000
1541 -95.0000000000
1563 -94.0000000000
1584 -93.0000000000
1643 -92.0000000000
1661 -91.0000000000
1692 -90.0000000000
1701 -89.0000000000
1707 -88.0000000000
1743 -87.0000000000
1775 -85.0000000000
1797 -84.0000000000
1843 -83.0000000000
1864 -82.0000000000
1908 -81.0000000000
1924 -79.0000000000
1971 -78.0000000000
1984 -76.0000000000
2052 -75.0000000000
2087 -72.0000000000
2198 -71.0000000000
2219 -70.0000000000
2284 -69.0000000000
2306 -68.0000000000
2328 -67.0000000000
2387 -65.0000000000
2401 -64.0000000000
2442 -62.0000000000
2481 -61.0000000000
2504 -60.0000000000
2547 -59.0000000000
2570 -58.0000000000
2637 -57.0000000000
2683 -56.0000000000
2687 -55.0000000000
2742 -54.0000000000
2743 -53.0000000000
2790 -52.0000000000
2842 -51.0000000000
2845 -50.0000000000
2914 -49.0000000000
2940 -47.0000000000
2972 -46.0000000000
2994 -44.0000000000
3066 -43.0000000000
3071 -42.0000000000
3141 -41.0000000000
3159 -40.0000000000
3186 -39.0000000000
3222 -37.0000000000
3277 -36.0000000000
3288 -35.0000000000
3304 -33.0000000000
3405 -32.0000000000
3410 -31.0000000000
3476 -30.0000000000
3536 -29.0000000000
3593 -28.0000000000
3608 -27.0000000000
3653 -26.0000000000
3695 -25.0000000000
3769 -24.0000000000
3833 -23.0000000000
3860 -22.0000000000
3911 -21.0000000000
4008 -20.0000000000
4082 -18.0000000000
4217 -17.0000000000
4253 -16.0000000000
4362 -15.0000000000
4392 -14.0000000000
4543 -13.0000000000
4664 -12.0000000000
4727 -11.0000000000
4790 -10.0000000000
4869 -9.0000000000
4901 -8.0000000000
5017 -7.0000000000
5095 -6.0000000000
5176 -5.0000000000
5345 -4.0000000000
5458 -3.0000000000
5475 -2.0000000000
5534 -1.0000000000
5584 481.0000000000
5601 482.0000000000
5670 483.0000000000
5693 485.0000000000
5703 497.0000000000
5756 498.0000000000
5832 499.0000000000
5874 502.0000000000
5970 505.0000000000
6291 513.0000000000
6377 516.0000000000
6561 521.0000000000
6748 527.0000000000
6938 530.0000000000
8741 539.0000000000
15343 540.0000000000
27591 543.0000000000
47255 545.0000000000
51919 546.0000000000
100000 546.0000000000
