evaluations raw_y
1 -300.0000000000
3 -278.0000000000
5 -272.0000000000
14 -268.0000000000
20 -264.0000000000
45 -252.0000000000
58 -245.0000000000
81 -239.0000000000
83 -237.0000000000
100 -235.0000000000
103 -229.0000000000
115 -226.0000000000
124 -223.0000000000
132 -221.0000000000
143 -217.0000000000
164 -215.0000000000
165 -211.0000000000
190 -209.0000000000
198 -208.0000000000
207 -205.0000000000
213 -202.0000000000
233 -201.0000000000
251 -198.0000000000
263 -191.0000000000
315 -190.0000000000
335 -186.0000000000
353 -185.0000000000
354 -184.0000000000
363 -180.0000000000
372 -176.0000000000
408 -175.0000000000
442 -174.0000000000
451 -173.0000000000
454 -172.0000000000
455 -171.0000000000
473 -170.0000000000
482 -168.0000000000
492 -167.0000000000
518 -166.0000000000
523 -165.0000000000
543 -164.0000000000
545 -163.0000000000
552 -160.0000000000
584 -159.0000000000
599 -158.0000000000
608 -157.0000000000
609 -156.0000000000
621 -155.0000000000
646 -154.0000000000
672 -153.0000000000
697 -152.0000000000
704 -151.0000000000
711 -150.0000000000
750 -149.0000000000
791 -147.0000000000
824 -145.0000000000
853 -143.0000000000
870 -142.0000000000
874 -141.0000000000
903 -139.0000000000
923 -138.0000000000
933 -137.0000000000
957 -136.0000000000
969 -135.0000000000
984 -133.0000000000
995 -132.0000000000
999 -130.0000000000
1028 -129.0000000000
1062 -128.0000000000
1076 -126.0000000000
1084 -124.0000000000
1116 -123.0000000000
1139 -121.0000000000
1179 -120.0000000000
1183 -119.0000000000
1206 -117.0000000000
1224 -114.0000000000
1277 -113.0000000000
1290 -112.0000000000
1302 -111.0000000000
1330 -110.0000000000
1332 -108.0000000000
1366 -107.0000000000
1377 -105.0000000000
1429 -104.0000000000
1434 -102.0000000000
1456 -100.0000000000
1505 -99.0000000000
1534 -98.0000000000
1558 -97.0000000000
1594 -95.0000000000
1604 -93.0000000000
1631 -92.0000000000
1664 -91.0000000000
1683 -90.0000000000
1700 -88.0000000000
1705 -87.0000000000
1738 -86.0000000000
1743 -84.0000000000
1775 -83.0000000000
1782 -82.0000000000
1809 -81.0000000000
1821 -80.0000000000
1852 -79.0000000000
1885 -78.0000000000
1891 -77.0000000000
1909 -76.0000000000
1924 -75.0000000000
1932 -73.0000000000
1974 -72.0000000000
2004 -71.0000000000
2035 -69.0000000000
2070 -67.0000000000
2111 -66.0000000000
2132 -65.0000000000
2136 -64.0000000000
2142 -63.0000000000
2196 -61.0000000000
2243 -59.0000000000
2301 -58.0000000000
2320 -57.0000000000
2340 -54.0000000000
2373 -53.0000000000
2402 -52.0000000000
2421 -50.0000000000
2475 -49.0000000000
2476 -48.0000000000
2493 -47.0000000000
2524 -46.0000000000
2565 -45.0000000000
2608 -44.0000000000
2652 -41.0000000000
2741 -39.0000000000
2780 -38.0000000000
2798 -37.0000000000
2834 -36.0000000000
2873 -35.0000000000
2909 -34.0000000000
2938 -33.0000000000
2943 -32.0000000000
2982 -31.0000000000
3027 -29.0000000000
3105 -28.0000000000
3146 -27.0000000000
3174 -26.0000000000
3222 -25.0000000000
3242 -24.0000000000
3307 -21.0000000000
3409 -20.0000000000
3468 -19.0000000000
3486 -18.0000000000
3487 -17.0000000000
3553 -16.0000000000
3568 -15.0000000000
3601 -14.0000000000
3621 -13.0000000000
3668 -12.0000000000
3722 -11.0000000000
3741 -10.0000000000
3775 -9.0000000000
3833 -8.0000000000
3918 -6.0000000000
4050 -5.0000000000
4080 -4.0000000000
4208 -3.0000000000
4244 -1.0000000000
4287 479.0000000000
4307 484.0000000000
4326 491.0000000000
4471 495.0000000000
4501 496.0000000000
4512 499.0000000000
4823 502.0000000000
5224 509.0000000000
5382 512.0000000000
5538 514.0000000000
5660 515.0000000000
5677 522.0000000000
5834 523.0000000000
5896 524.0000000000
5996 530.0000000000
6111 531.0000000000
6238 535.0000000000
6634 538.0000000000
6874 539.0000000000
7059 543.0000000000
7184 548.0000000000
8116 551.0000000000
12416 552.0000000000
15565 553.0000000000
15589 554.0000000000
evaluations raw_y
1 -300.0000000000
3 -278.0000000000
5 -272.0000000000
14 -268.0000000000
20 -264.0000000000
45 -252.0000000000
58 -245.0000000000
81 -239.0000000000
83 -237.0000000000
100 -235.0000000000
103 -229.0000000000
115 -226.0000000000
124 -223.0000000000
132 -221.0000000000
143 -217.0000000000
164 -215.0000000000
165 -211.0000000000
190 -209.0000000000
198 -208.0000000000
207 -205.0000000000
213 -202.0000000000
233 -201.0000000000
251 -198.0000000000
263 -191.0000000000
315 -190.0000000000
335 -186.0000000000
353 -185.0000000000
354 -184.0000000000
363 -180.0000000000
372 -176.0000000000
408 -175.0000000000
442 -174.0000000000
451 -173.0000000000
454 -172.0000000000
455 -171.0000000000
473 -170.0000000000
482 -168.0000000000
492 -167.0000000000
518 -166.0000000000
523 -165.0000000000
543 -164.0000000000
545 -163.0000000000
552 -160.0000000000
584 -159.0000000000
599 -158.0000000000
608 -157.0000000000
609 -156.0000000000
621 -155.0000000000
646 -154.0000000000
672 -153.0000000000
697 -152.0000000000
704 -151.0000000000
711 -150.0000000000
750 -149.0000000000
791 -147.0000000000
824 -145.0000000000
853 -143.0000000000
870 -142.0000000000
874 -141.0000000000
903 -139.0000000000
923 -138.0000000000
933 -137.0000000000
957 -136.0000000000
969 -135.0000000000
984 -133.0000000000
995 -132.0000000000
999 -130.0000000000
1028 -129.0000000000
1062 -128.0000000000
1076 -126.0000000000
1084 -124.0000000000
1116 -123.0000000000
1139 -121.0000000000
1179 -120.0000000000
1183 -119.0000000000
1206 -117.0000000000
1224 -114.0000000000
1277 -113.0000000000
1290 -112.0000000000
1302 -111.0000000000
1330 -110.0000000000
1332 -108.0000000000
1366 -107.0000000000
1377 -105.0000000000
1429 -104.0000000000
1434 -102.0000000000
1456 -100.0000000000
1505 -99.0000000000
1534 -98.0000000000
1558 -97.0000000000
28050 555.0000000000
1594 -95.0000000000
1604 -93.0000000000
1631 -92.0000000000
1664 -91.0000000000
1683 -90.0000000000
1700 -88.0000000000
1705 -87.0000000000
1738 -86.0000000000
1743 -84.0000000000
1775 -83.0000000000
1782 -82.0000000000
1809 -81.0000000000
1821 -80.0000000000
1852 -79.0000000000
1885 -78.0000000000
1891 -77.0000000000
1909 -76.0000000000
1924 -75.0000000000
1932 -73.0000000000
1974 -72.0000000000
2004 -71.0000000000
2035 -69.0000000000
2070 -67.0000000000
2111 -66.0000000000
2132 -65.0000000000
2136 -64.0000000000
2142 -63.0000000000
2196 -61.0000000000
2243 -59.0000000000
2301 -58.0000000000
2320 -57.0000000000
2340 -54.0000000000
2373 -53.0000000000
2402 -52.0000000000
2421 -50.0000000000
2475 -49.0000000000
2476 -48.0000000000
2493 -47.0000000000
2524 -46.0000000000
2565 -45.0000000000
2608 -44.0000000000
2652 -41.0000000000
2741 -39.0000000000
2780 -38.0000000000
2798 -37.0000000000
2834 -36.0000000000
2873 -35.0000000000
2909 -34.0000000000
2938 -33.0000000000
2943 -32.0000000000
2982 -31.0000000000
3027 -29.0000000000
3105 -28.0000000000
3146 -27.0000000000
3174 -26.0000000000
3222 -25.0000000000
3242 -24.0000000000
3307 -21.0000000000
3409 -20.0000000000
3468 -19.0000000000
3486 -18.0000000000
3487 -17.0000000000
3553 -16.0000000000
3568 -15.0000000000
3601 -14.0000000000
3621 -13.0000000000
3668 -12.0000000000
3722 -11.0000000000
3741 -10.0000000000
3775 -9.0000000000
3833 -8.0000000000
3918 -6.0000000000
4050 -5.0000000000
4080 -4.0000000000
4208 -3.0000000000
4244 -1.0000000000
4287 479.0000000000
4307 484.0000000000
4326 491.0000000000
4471 495.0000000000
4501 496.0000000000
4512 499.0000000000
4823 502.0000000000
5224 509.0000000000
5382 512.0000000000
5538 514.0000000000
5660 515.0000000000
5677 522.0000000000
5834 523.0000000000
5896 524.0000000000
5996 530.0000000000
6111 531.0000000000
6238 535.0000000000
6634 538.0000000000
6874 539.0000000000
7059 543.0000000000
7184 548.0000000000
8116 551.0000000000
37434 556.0000000000
12416 552.0000000000
15565 553.0000000000
15589 554.0000000000
42139 558.0000000000
46728 561.0000000000
28050 555.0000000000
55673 562.0000000000
37434 556.0000000000
65588 563.0000000000
42139 558.0000000000
46728 561.0000000000
78045 564.0000000000
55673 562.0000000000
85399 565.0000000000
65588 563.0000000000
100000 -2.0000000000
evaluations raw_y
1 -279.0000000000
2 -278.0000000000
3 -263.0000000000
34 -259.0000000000
50 -258.0000000000
54 -257.0000000000
60 -255.0000000000
61 -253.0000000000
64 -250.0000000000
70 -249.0000000000
74 -244.0000000000
84 -232.0000000000
106 -229.0000000000
117 -228.0000000000
126 -227.0000000000
127 -225.0000000000
144 -222.0000000000
157 -219.0000000000
170 -214.0000000000
202 -213.0000000000
212 -210.0000000000
221 -207.0000000000
246 -206.0000000000
251 -203.0000000000
267 -201.0000000000
274 -200.0000000000
283 -195.0000000000
296 -194.0000000000
300 -193.0000000000
303 -191.0000000000
341 -185.0000000000
376 -184.0000000000
383 -181.0000000000
406 -180.0000000000
421 -179.0000000000
427 -178.0000000000
447 -176.0000000000
469 -174.0000000000
480 -173.0000000000
507 -172.0000000000
512 -171.0000000000
542 -170.0000000000
554 -169.0000000000
581 -168.0000000000
585 -167.0000000000
594 -166.0000000000
618 -165.0000000000
623 -164.0000000000
634 -160.0000000000
651 -158.0000000000
668 -157.0000000000
707 -155.0000000000
712 -154.0000000000
726 -153.0000000000
727 -150.0000000000
731 -149.0000000000
756 -148.0000000000
764 -146.0000000000
794 -145.0000000000
798 -144.0000000000
814 -143.0000000000
819 -142.0000000000
834 -141.0000000000
859 -140.0000000000
864 -139.0000000000
881 -138.0000000000
890 -137.0000000000
892 -136.0000000000
916 -135.0000000000
920 -134.0000000000
923 -133.0000000000
942 -131.0000000000
971 -130.0000000000
979 -129.0000000000
995 -127.0000000000
1003 -126.0000000000
1026 -120.0000000000
1085 -119.0000000000
1136 -118.0000000000
1157 -117.0000000000
1171 -116.0000000000
1192 -115.0000000000
1215 -114.0000000000
1224 -113.0000000000
1259 -112.0000000000
1279 -111.0000000000
1284 -110.0000000000
1316 -109.0000000000
1336 -107.0000000000
1376 -104.0000000000
1413 -103.0000000000
1424 -102.0000000000
1430 -101.0000000000
1457 -99.0000000000
1485 -97.0000000000
1496 -96.0000000000
1513 -95.0000000000
1570 -94.0000000000
1592 -91.0000000000
1636 -90.0000000000
1644 -88.0000000000
1656 -87.0000000000
1707 -86.0000000000
1713 -85.0000000000
1755 -83.0000000000
1789 -82.0000000000
1827 -80.0000000000
1871 -78.0000000000
1914 -77.0000000000
1921 -75.0000000000
1932 -74.0000000000
1964 -72.0000000000
2016 -71.0000000000
2024 -70.0000000000
2037 -69.0000000000
2038 -67.0000000000
2055 -66.0000000000
2074 -64.0000000000
2121 -63.0000000000
2146 -62.0000000000
2164 -60.0000000000
2169 -59.0000000000
2216 -58.0000000000
2226 -57.0000000000
2228 -55.0000000000
2262 -54.0000000000
2271 -53.0000000000
2338 -52.0000000000
2342 -50.0000000000
2423 -49.0000000000
2450 -47.0000000000
2459 -46.0000000000
2469 -45.0000000000
2504 -44.0000000000
2519 -43.0000000000
2544 -42.0000000000
2561 -41.0000000000
2581 -40.0000000000
2646 -39.0000000000
2681 -38.0000000000
2689 -37.0000000000
2708 -36.0000000000
2757 -35.0000000000
2805 -34.0000000000
2811 -33.0000000000
2868 -32.0000000000
2884 -31.0000000000
2903 -30.0000000000
2918 -29.0000000000
2968 -28.0000000000
2975 -27.0000000000
3027 -26.0000000000
3067 -24.0000000000
3103 -23.0000000000
3168 -22.0000000000
3180 -21.0000000000
3221 -20.0000000000
3274 -19.0000000000
3347 -17.0000000000
3431 -15.0000000000
3537 -14.0000000000
3604 -13.0000000000
3666 -12.0000000000
3676 -11.0000000000
3723 -10.0000000000
3741 -9.0000000000
3768 -8.0000000000
3876 -7.0000000000
3897 -5.0000000000
4005 -4.0000000000
4104 -3.0000000000
4171 -2.0000000000
4240 -1.0000000000
4383 492.0000000000
4398 494.0000000000
4424 495.0000000000
4438 499.0000000000
4451 502.0000000000
4493 503.0000000000
4575 513.0000000000
4716 514.0000000000
4769 517.0000000000
4866 518.0000000000
4965 521.0000000000
4985 523.0000000000
5052 530.0000000000
5118 534.0000000000
7352 535.0000000000
7449 537.0000000000
7492 541.0000000000
7593 542.0000000000
7623 543.0000000000
78045 564.0000000000
8206 544.0000000000
9111 545.0000000000
9266 546.0000000000
9272 547.0000000000
11346 548.0000000000
11505 549.0000000000
11930 555.0000000000
14679 558.0000000000
14969 561.0000000000
85399 565.0000000000
100000 -2.0000000000
evaluations raw_y
1 -279.0000000000
2 -278.0000000000
3 -263.0000000000
34 -259.0000000000
50 -258.0000000000
54 -257.0000000000
60 -255.0000000000
61 -253.0000000000
64 -250.0000000000
70 -249.0000000000
74 -244.0000000000
84 -232.0000000000
106 -229.0000000000
117 -228.0000000000
126 -227.0000000000
127 -225.0000000000
144 -222.0000000000
157 -219.0000000000
170 -214.0000000000
202 -213.0000000000
212 -210.0000000000
221 -207.0000000000
246 -206.0000000000
251 -203.0000000000
267 -201.0000000000
274 -200.0000000000
283 -195.0000000000
296 -194.0000000000
300 -193.0000000000
303 -191.0000000000
341 -185.0000000000
376 -184.0000000000
383 -181.0000000000
406 -180.0000000000
421 -179.0000000000
427 -178.0000000000
447 -176.0000000000
33510 562.0000000000
469 -174.0000000000
480 -173.0000000000
507 -172.0000000000
512 -171.0000000000
542 -170.0000000000
554 -169.0000000000
581 -168.0000000000
585 -167.0000000000
594 -166.0000000000
618 -165.0000000000
623 -164.0000000000
634 -160.0000000000
651 -158.0000000000
668 -157.0000000000
707 -155.0000000000
712 -154.0000000000
726 -153.0000000000
727 -150.0000000000
731 -149.0000000000
756 -148.0000000000
764 -146.0000000000
794 -145.0000000000
798 -144.0000000000
814 -143.0000000000
819 -142.0000000000
834 -141.0000000000
859 -140.0000000000
864 -139.0000000000
881 -138.0000000000
890 -137.0000000000
892 -136.0000000000
916 -135.0000000000
920 -134.0000000000
923 -133.0000000000
942 -131.0000000000
971 -130.0000000000
979 -129.0000000000
995 -127.0000000000
1003 -126.0000000000
1026 -120.0000000000
1085 -119.0000000000
1136 -118.0000000000
1157 -117.0000000000
1171 -116.0000000000
1192 -115.0000000000
1215 -114.0000000000
1224 -113.0000000000
1259 -112.0000000000
1279 -111.0000000000
1284 -110.0000000000
1316 -109.0000000000
1336 -107.0000000000
1376 -104.0000000000
1413 -103.0000000000
1424 -102.0000000000
1430 -101.0000000000
1457 -99.0000000000
1485 -97.0000000000
1496 -96.0000000000
1513 -95.0000000000
1570 -94.0000000000
1592 -91.0000000000
1636 -90.0000000000
1644 -88.0000000000
1656 -87.0000000000
1707 -86.0000000000
1713 -85.0000000000
1755 -83.0000000000
1789 -82.0000000000
1827 -80.0000000000
1871 -78.0000000000
1914 -77.0000000000
1921 -75.0000000000
1932 -74.0000000000
1964 -72.0000000000
2016 -71.0000000000
2024 -70.0000000000
2037 -69.0000000000
2038 -67.0000000000
2055 -66.0000000000
2074 -64.0000000000
2121 -63.0000000000
2146 -62.0000000000
2164 -60.0000000000
2169 -59.0000000000
2216 -58.0000000000
2226 -57.0000000000
2228 -55.0000000000
2262 -54.0000000000
2271 -53.0000000000
2338 -52.0000000000
2342 -50.0000000000
2423 -49.0000000000
2450 -47.0000000000
2459 -46.0000000000
2469 -45.0000000000
2504 -44.0000000000
2519 -43.0000000000
2544 -42.0000000000
2561 -41.0000000000
2581 -40.0000000000
2646 -39.0000000000
2681 -38.0000000000
2689 -37.0000000000
2708 -36.0000000000
2757 -35.0000000000
2805 -34.0000000000
2811 -33.0000000000
2868 -32.0000000000
2884 -31.0000000000
2903 -30.0000000000
2918 -29.0000000000
2968 -28.0000000000
2975 -27.0000000000
3027 -26.0000000000
3067 -24.0000000000
3103 -23.0000000000
3168 -22.0000000000
3180 -21.0000000000
3221 -20.0000000000
3274 -19.0000000000
3347 -17.0000000000
3431 -15.0000000000
3537 -14.0000000000
3604 -13.0000000000
3666 -12.0000000000
3676 -11.0000000000
3723 -10.0000000000
3741 -9.0000000000
3768 -8.0000000000
3876 -7.0000000000
3897 -5.0000000000
4005 -4.0000000000
4104 -3.0000000000
4171 -2.0000000000
4240 -1.0000000000
4383 492.0000000000
4398 494.0000000000
4424 495.0000000000
4438 499.0000000000
4451 502.0000000000
4493 503.0000000000
4575 513.0000000000
4716 514.0000000000
4769 517.0000000000
4866 518.0000000000
4965 521.0000000000
4985 523.0000000000
5052 530.0000000000
5118 534.0000000000
7352 535.0000000000
7449 537.0000000000
7492 541.0000000000
7593 542.0000000000
7623 543.0000000000
8206 544.0000000000
9111 545.0000000000
9266 546.0000000000
9272 547.0000000000
42504 565.0000000000
11346 548.0000000000
11505 549.0000000000
11930 555.0000000000
14679 558.0000000000
14969 561.0000000000
33510 562.0000000000
66838 567.0000000000
42504 565.0000000000
100000 -1.0000000000
evaluations raw_y
1 -266.0000000000
24 -265.0000000000
42 -259.0000000000
60 -254.0000000000
80 -249.0000000000
86 -245.0000000000
92 -236.0000000000
112 -235.0000000000
124 -231.0000000000
144 -230.0000000000
145 -229.0000000000
155 -228.0000000000
163 -227.0000000000
172 -222.0000000000
191 -219.0000000000
205 -216.0000000000
231 -211.0000000000
245 -210.0000000000
255 -209.0000000000
271 -208.0000000000
294 -205.0000000000
312 -202.0000000000
359 -199.0000000000
392 -197.0000000000
437 -195.0000000000
442 -193.0000000000
471 -191.0000000000
481 -190.0000000000
514 -189.0000000000
520 -188.0000000000
534 -184.0000000000
569 -183.0000000000
596 -182.0000000000
605 -181.0000000000
618 -179.0000000000
640 -178.0000000000
642 -177.0000000000
655 -176.0000000000
662 -175.0000000000
675 -173.0000000000
686 -172.0000000000
706 -171.0000000000
715 -170.0000000000
735 -169.0000000000
740 -168.0000000000
760 -167.0000000000
765 -166.0000000000
775 -165.0000000000
779 -164.0000000000
808 -163.0000000000
818 -161.0000000000
823 -160.0000000000
842 -159.0000000000
868 -158.0000000000
885 -154.0000000000
937 -152.0000000000
962 -151.0000000000
975 -148.0000000000
991 -147.0000000000
1021 -145.0000000000
1033 -144.0000000000
1059 -142.0000000000
1107 -141.0000000000
1116 -140.0000000000
1117 -139.0000000000
1144 -138.0000000000
1162 -134.0000000000
1201 -133.0000000000
1207 -131.0000000000
1217 -130.0000000000
1223 -129.0000000000
1237 -127.0000000000
1265 -126.0000000000
1279 -125.0000000000
1302 -124.0000000000
1314 -123.0000000000
1324 -122.0000000000
1346 -121.0000000000
1371 -120.0000000000
1393 -118.0000000000
1419 -117.0000000000
1436 -116.0000000000
1451 -115.0000000000
1461 -113.0000000000
1493 -112.0000000000
1504 -111.0000000000
1512 -109.0000000000
1564 -108.0000000000
1597 -107.0000000000
1610 -106.0000000000
1613 -104.0000000000
1644 -102.0000000000
1672 -101.0000000000
1674 -100.0000000000
1709 -98.0000000000
1714 -96.0000000000
1755 -95.0000000000
1773 -94.0000000000
1840 -93.0000000000
1847 -91.0000000000
1877 -90.0000000000
1889 -89.0000000000
1897 -88.0000000000
1937 -86.0000000000
1964 -84.0000000000
1990 -83.0000000000
2003 -82.0000000000
2028 -81.0000000000
2049 -79.0000000000
2059 -78.0000000000
2087 -77.0000000000
2106 -75.0000000000
2166 -74.0000000000
2181 -73.0000000000
2182 -72.0000000000
2201 -69.0000000000
2249 -68.0000000000
66838 567.0000000000
2316 -67.0000000000
2317 -66.0000000000
2333 -64.0000000000
2380 -63.0000000000
2398 -62.0000000000
2410 -61.0000000000
2424 -59.0000000000
2481 -58.0000000000
2492 -56.0000000000
2536 -55.0000000000
2563 -54.0000000000
2573 -53.0000000000
2607 -52.0000000000
2610 -50.0000000000
2659 -47.0000000000
2666 -46.0000000000
2680 -44.0000000000
2730 -43.0000000000
2803 -42.0000000000
2823 -40.0000000000
2846 -39.0000000000
2892 -38.0000000000
2895 -37.0000000000
2961 -36.0000000000
2990 -34.0000000000
3013 -33.0000000000
3035 -32.0000000000
3063 -31.0000000000
3093 -30.0000000000
3109 -29.0000000000
3171 -28.0000000000
3181 -27.0000000000
3237 -26.0000000000
3252 -25.0000000000
3326 -24.0000000000
3409 -23.0000000000
3412 -22.0000000000
3471 -21.0000000000
3502 -20.0000000000
3544 -19.0000000000
3588 -18.0000000000
3615 -17.0000000000
3660 -16.0000000000
3705 -15.0000000000
3789 -14.0000000000
3905 -13.0000000000
3983 -12.0000000000
4014 -11.0000000000
4104 -10.0000000000
4160 -8.0000000000
4223 -7.0000000000
4254 -5.0000000000
4302 -4.0000000000
4401 -3.0000000000
4570 -2.0000000000
4613 -1.0000000000
4814 447.0000000000
4953 451.0000000000
5047 459.0000000000
5109 473.0000000000
5154 496.0000000000
5318 498.0000000000
5340 512.0000000000
5458 514.0000000000
5469 518.0000000000
5493 520.0000000000
5572 521.0000000000
5656 525.0000000000
5677 526.0000000000
5763 530.0000000000
6179 533.0000000000
6355 534.0000000000
6859 535.0000000000
6869 537.0000000000
7821 542.0000000000
8403 543.0000000000
8746 545.0000000000
8753 550.0000000000
8889 551.0000000000
9046 553.0000000000
11632 555.0000000000
11824 558.0000000000
13732 560.0000000000
13842 561.0000000000
16232 562.0000000000
20451 563.0000000000
20612 565.0000000000
23883 566.0000000000
100000 -1.0000000000
evaluations raw_y
1 -266.0000000000
24 -265.0000000000
42 -259.0000000000
60 -254.0000000000
80 -249.0000000000
86 -245.0000000000
92 -236.0000000000
112 -235.0000000000
124 -231.0000000000
144 -230.0000000000
145 -229.0000000000
155 -228.0000000000
163 -227.0000000000
172 -222.0000000000
191 -219.0000000000
205 -216.0000000000
231 -211.0000000000
245 -210.0000000000
255 -209.0000000000
271 -208.0000000000
294 -205.0000000000
312 -202.0000000000
359 -199.0000000000
392 -197.0000000000
437 -195.0000000000
442 -193.0000000000
471 -191.0000000000
481 -190.0000000000
514 -189.0000000000
520 -188.0000000000
534 -184.0000000000
569 -183.0000000000
596 -182.0000000000
605 -181.0000000000
618 -179.0000000000
640 -178.0000000000
642 -177.0000000000
655 -176.0000000000
662 -175.0000000000
675 -173.0000000000
686 -172.0000000000
706 -171.0000000000
715 -170.0000000000
735 -169.0000000000
740 -168.0000000000
760 -167.0000000000
765 -166.0000000000
775 -165.0000000000
779 -164.0000000000
808 -163.0000000000
818 -161.0000000000
823 -160.0000000000
842 -159.0000000000
868 -158.0000000000
885 -154.0000000000
937 -152.0000000000
962 -151.0000000000
975 -148.0000000000
991 -147.0000000000
1021 -145.0000000000
1033 -144.0000000000
1059 -142.0000000000
1107 -141.0000000000
1116 -140.0000000000
1117 -139.0000000000
1144 -138.0000000000
1162 -134.0000000000
1201 -133.0000000000
1207 -131.0000000000
1217 -130.0000000000
1223 -129.0000000000
1237 -127.0000000000
1265 -126.0000000000
1279 -125.0000000000
1302 -124.0000000000
1314 -123.0000000000
1324 -122.0000000000
1346 -121.0000000000
1371 -120.0000000000
1393 -118.0000000000
1419 -117.0000000000
1436 -116.0000000000
1451 -115.0000000000
1461 -113.0000000000
1493 -112.0000000000
1504 -111.0000000000
1512 -109.0000000000
1564 -108.0000000000
1597 -107.0000000000
1610 -106.0000000000
1613 -104.0000000000
1644 -102.0000000000
1672 -101.0000000000
1674 -100.0000000000
1709 -98.0000000000
1714 -96.0000000000
1755 -95.0000000000
1773 -94.0000000000
1840 -93.0000000000
1847 -91.0000000000
1877 -90.0000000000
1889 -89.0000000000
1897 -88.0000000000
1937 -86.0000000000
1964 -84.0000000000
1990 -83.0000000000
2003 -82.0000000000
2028 -81.0000000000
2049 -79.0000000000
2059 -78.0000000000
2087 -77.0000000000
2106 -75.0000000000
2166 -74.0000000000
2181 -73.0000000000
2182 -72.0000000000
2201 -69.0000000000
2249 -68.0000000000
2316 -67.0000000000
2317 -66.0000000000
2333 -64.0000000000
2380 -63.0000000000
2398 -62.0000000000
2410 -61.0000000000
2424 -59.0000000000
2481 -58.0000000000
2492 -56.0000000000
2536 -55.0000000000
2563 -54.0000000000
2573 -53.0000000000
2607 -52.0000000000
2610 -50.0000000000
2659 -47.0000000000
2666 -46.0000000000
2680 -44.0000000000
2730 -43.0000000000
2803 -42.0000000000
2823 -40.0000000000
2846 -39.0000000000
2892 -38.0000000000
2895 -37.0000000000
2961 -36.0000000000
2990 -34.0000000000
3013 -33.0000000000
3035 -32.0000000000
3063 -31.0000000000
3093 -30.0000000000
3109 -29.0000000000
3171 -28.0000000000
3181 -27.0000000000
3237 -26.0000000000
3252 -25.0000000000
3326 -24.0000000000
3409 -23.0000000000
3412 -22.0000000000
3471 -21.0000000000
3502 -20.0000000000
3544 -19.0000000000
3588 -18.0000000000
3615 -17.0000000000
3660 -16.0000000000
3705 -15.0000000000
3789 -14.0000000000
3905 -13.0000000000
3983 -12.0000000000
4014 -11.0000000000
4104 -10.0000000000
4160 -8.0000000000
4223 -7.0000000000
4254 -5.0000000000
4302 -4.0000000000
4401 -3.0000000000
4570 -2.0000000000
4613 -1.0000000000
4814 447.0000000000
4953 451.0000000000
5047 459.0000000000
5109 473.0000000000
5154 496.0000000000
5318 498.0000000000
5340 512.0000000000
5458 514.0000000000
5469 518.0000000000
5493 520.0000000000
5572 521.0000000000
5656 525.0000000000
5677 526.0000000000
5763 530.0000000000
6179 533.0000000000
6355 534.0000000000
6859 535.0000000000
6869 537.0000000000
7821 542.0000000000
8403 543.0000000000
8746 545.0000000000
8753 550.0000000000
8889 551.0000000000
9046 553.0000000000
11632 555.0000000000
11824 558.0000000000
51519 567.0000000000
52596 569.0000000000
13732 560.0000000000
13842 561.0000000000
16232 562.0000000000
20451 563.0000000000
20612 565.0000000000
23883 566.0000000000
69964 570.0000000000
89618 571.0000000000
51519 567.0000000000
52596 569.0000000000
100000 -1.0000000000
evaluations raw_y
1 -291.0000000000
2 -289.0000000000
3 -272.0000000000
4 -266.0000000000
35 -262.0000000000
46 -254.0000000000
68 -253.0000000000
70 -252.0000000000
74 -245.0000000000
92 -240.0000000000
111 -237.0000000000
117 -236.0000000000
135 -226.0000000000
145 -221.0000000000
151 -219.0000000000
168 -217.0000000000
176 -216.0000000000
180 -213.0000000000
181 -212.0000000000
194 -209.0000000000
206 -208.0000000000
211 -206.0000000000
216 -205.0000000000
223 -204.0000000000
242 -203.0000000000
259 -201.0000000000
266 -200.0000000000
285 -196.0000000000
326 -193.0000000000
330 -191.0000000000
338 -190.0000000000
355 -189.0000000000
363 -188.0000000000
376 -185.0000000000
406 -184.0000000000
409 -183.0000000000
415 -182.0000000000
448 -180.0000000000
456 -178.0000000000
466 -177.0000000000
489 -176.0000000000
491 -174.0000000000
517 -173.0000000000
527 -172.0000000000
537 -168.0000000000
563 -167.0000000000
573 -166.0000000000
600 -164.0000000000
609 -163.0000000000
642 -162.0000000000
666 -160.0000000000
672 -159.0000000000
697 -158.0000000000
706 -157.0000000000
741 -153.0000000000
770 -152.0000000000
773 -151.0000000000
801 -150.0000000000
815 -149.0000000000
830 -148.0000000000
858 -146.0000000000
860 -145.0000000000
883 -144.0000000000
907 -142.0000000000
955 -141.0000000000
974 -140.0000000000
989 -139.0000000000
997 -137.0000000000
1023 -136.0000000000
1041 -135.0000000000
1045 -134.0000000000
1064 -132.0000000000
1072 -128.0000000000
1121 -127.0000000000
1135 -126.0000000000
1171 -123.0000000000
1189 -122.0000000000
1235 -121.0000000000
1245 -120.0000000000
1259 -119.0000000000
1263 -118.0000000000
1309 -117.0000000000
1312 -115.0000000000
1325 -114.0000000000
1372 -113.0000000000
1376 -112.0000000000
1404 -110.0000000000
1446 -109.0000000000
1447 -108.0000000000
1475 -107.0000000000
1511 -106.0000000000
1532 -103.0000000000
1568 -102.0000000000
1588 -101.0000000000
1601 -100.0000000000
1615 -99.0000000000
1633 -98.0000000000
1642 -97.0000000000
1662 -96.0000000000
1673 -95.0000000000
1703 -93.0000000000
1719 -92.0000000000
1756 -90.0000000000
1793 -89.0000000000
1814 -88.0000000000
1834 -87.0000000000
1845 -85.0000000000
1851 -84.0000000000
1878 -82.0000000000
1896 -81.0000000000
1920 -79.0000000000
1947 -78.0000000000
1983 -76.0000000000
2019 -75.0000000000
2028 -71.0000000000
2036 -70.0000000000
2042 -67.0000000000
2054 -66.0000000000
2099 -65.0000000000
2123 -63.0000000000
2191 -62.0000000000
2210 -61.0000000000
2239 -60.0000000000
2241 -59.0000000000
2256 -58.0000000000
2272 -57.0000000000
2294 -56.0000000000
2332 -55.0000000000
2343 -54.0000000000
2352 -51.0000000000
2413 -50.0000000000
2428 -49.0000000000
2461 -48.0000000000
2496 -47.0000000000
2501 -46.0000000000
2551 -45.0000000000
2553 -43.0000000000
2623 -41.0000000000
2647 -40.0000000000
2677 -39.0000000000
2686 -38.0000000000
2705 -36.0000000000
2722 -35.0000000000
2781 -34.0000000000
2833 -32.0000000000
2892 -31.0000000000
2894 -28.0000000000
2944 -27.0000000000
2981 -26.0000000000
2997 -25.0000000000
3065 -23.0000000000
3118 -22.0000000000
3143 -21.0000000000
3162 -20.0000000000
3240 -19.0000000000
3300 -18.0000000000
3321 -17.0000000000
3361 -16.0000000000
3400 -15.0000000000
3428 -13.0000000000
3474 -11.0000000000
3575 -10.0000000000
3673 -9.0000000000
3691 -8.0000000000
3705 -7.0000000000
3871 -6.0000000000
3903 -5.0000000000
3979 -4.0000000000
4048 -3.0000000000
4128 -2.0000000000
4133 -1.0000000000
4189 479.0000000000
4204 494.0000000000
4252 496.0000000000
4257 499.0000000000
4265 510.0000000000
4495 511.0000000000
4628 518.0000000000
4933 520.0000000000
5048 527.0000000000
5157 528.0000000000
5406 531.0000000000
5550 532.0000000000
5662 534.0000000000
5835 537.0000000000
5968 542.0000000000
7481 543.0000000000
7504 544.0000000000
8180 545.0000000000
8537 546.0000000000
69964 570.0000000000
22120 547.0000000000
25393 552.0000000000
28325 553.0000000000
28755 556.0000000000
34429 558.0000000000
89618 571.0000000000
37494 560.0000000000
100000 -1.0000000000
evaluations raw_y
1 -291.0000000000
2 -289.0000000000
3 -272.0000000000
4 -266.0000000000
35 -262.0000000000
46 -254.0000000000
68 -253.0000000000
70 -252.0000000000
74 -245.0000000000
92 -240.0000000000
111 -237.0000000000
117 -236.0000000000
135 -226.0000000000
145 -221.0000000000
151 -219.0000000000
168 -217.0000000000
176 -216.0000000000
180 -213.0000000000
181 -212.0000000000
194 -209.0000000000
47960 561.0000000000
206 -208.0000000000
211 -206.0000000000
216 -205.0000000000
223 -204.0000000000
242 -203.0000000000
259 -201.0000000000
266 -200.0000000000
285 -196.0000000000
326 -193.0000000000
330 -191.0000000000
338 -190.0000000000
355 -189.0000000000
363 -188.0000000000
376 -185.0000000000
406 -184.0000000000
409 -183.0000000000
415 -182.0000000000
448 -180.0000000000
456 -178.0000000000
466 -177.0000000000
489 -176.0000000000
491 -174.0000000000
517 -173.0000000000
527 -172.0000000000
537 -168.0000000000
563 -167.0000000000
573 -166.0000000000
600 -164.0000000000
609 -163.0000000000
642 -162.0000000000
666 -160.0000000000
672 -159.0000000000
697 -158.0000000000
706 -157.0000000000
741 -153.0000000000
770 -152.0000000000
773 -151.0000000000
801 -150.0000000000
815 -149.0000000000
830 -148.0000000000
858 -146.0000000000
860 -145.0000000000
883 -144.0000000000
907 -142.0000000000
955 -141.0000000000
974 -140.0000000000
989 -139.0000000000
997 -137.0000000000
1023 -136.0000000000
1041 -135.0000000000
1045 -134.0000000000
1064 -132.0000000000
1072 -128.0000000000
1121 -127.0000000000
1135 -126.0000000000
1171 -123.0000000000
1189 -122.0000000000
1235 -121.0000000000
1245 -120.0000000000
1259 -119.0000000000
1263 -118.0000000000
1309 -117.0000000000
1312 -115.0000000000
1325 -114.0000000000
1372 -113.0000000000
1376 -112.0000000000
1404 -110.0000000000
1446 -109.0000000000
1447 -108.0000000000
1475 -107.0000000000
1511 -106.0000000000
1532 -103.0000000000
1568 -102.0000000000
1588 -101.0000000000
1601 -100.0000000000
1615 -99.0000000000
1633 -98.0000000000
1642 -97.0000000000
1662 -96.0000000000
1673 -95.0000000000
1703 -93.0000000000
1719 -92.0000000000
1756 -90.0000000000
1793 -89.0000000000
1814 -88.0000000000
1834 -87.0000000000
1845 -85.0000000000
1851 -84.0000000000
1878 -82.0000000000
1896 -81.0000000000
1920 -79.0000000000
1947 -78.0000000000
1983 -76.0000000000
2019 -75.0000000000
2028 -71.0000000000
2036 -70.0000000000
2042 -67.0000000000
2054 -66.0000000000
2099 -65.0000000000
2123 -63.0000000000
2191 -62.0000000000
2210 -61.0000000000
2239 -60.0000000000
2241 -59.0000000000
2256 -58.0000000000
2272 -57.0000000000
2294 -56.0000000000
2332 -55.0000000000
2343 -54.0000000000
2352 -51.0000000000
2413 -50.0000000000
2428 -49.0000000000
2461 -48.0000000000
2496 -47.0000000000
2501 -46.0000000000
2551 -45.0000000000
2553 -43.0000000000
2623 -41.0000000000
2647 -40.0000000000
2677 -39.0000000000
2686 -38.0000000000
2705 -36.0000000000
2722 -35.0000000000
2781 -34.0000000000
2833 -32.0000000000
2892 -31.0000000000
2894 -28.0000000000
2944 -27.0000000000
2981 -26.0000000000
2997 -25.0000000000
3065 -23.0000000000
3118 -22.0000000000
3143 -21.0000000000
3162 -20.0000000000
3240 -19.0000000000
3300 -18.0000000000
3321 -17.0000000000
3361 -16.0000000000
3400 -15.0000000000
3428 -13.0000000000
3474 -11.0000000000
3575 -10.0000000000
3673 -9.0000000000
51730 563.0000000000
3691 -8.0000000000
3705 -7.0000000000
3871 -6.0000000000
3903 -5.0000000000
3979 -4.0000000000
4048 -3.0000000000
4128 -2.0000000000
4133 -1.0000000000
4189 479.0000000000
4204 494.0000000000
4252 496.0000000000
4257 499.0000000000
4265 510.0000000000
4495 511.0000000000
4628 518.0000000000
4933 520.0000000000
5048 527.0000000000
5157 528.0000000000
5406 531.0000000000
53645 564.0000000000
5550 532.0000000000
5662 534.0000000000
5835 537.0000000000
5968 542.0000000000
7481 543.0000000000
7504 544.0000000000
8180 545.0000000000
8537 546.0000000000
62110 565.0000000000
22120 547.0000000000
25393 552.0000000000
28325 553.0000000000
28755 556.0000000000
34429 558.0000000000
37494 560.0000000000
100000 -1.0000000000
evaluations raw_y
1 -275.0000000000
6 -274.0000000000
7 -266.0000000000
34 -265.0000000000
49 -261.0000000000
51 -260.0000000000
53 -257.0000000000
63 -256.0000000000
70 -251.0000000000
71 -240.0000000000
81 -234.0000000000
95 -232.0000000000
122 -223.0000000000
138 -220.0000000000
159 -219.0000000000
161 -218.0000000000
178 -216.0000000000
190 -212.0000000000
195 -208.0000000000
203 -207.0000000000
239 -203.0000000000
247 -202.0000000000
256 -199.0000000000
275 -196.0000000000
310 -192.0000000000
345 -191.0000000000
348 -190.0000000000
353 -189.0000000000
371 -188.0000000000
392 -184.0000000000
414 -182.0000000000
441 -181.0000000000
455 -179.0000000000
458 -178.0000000000
474 -177.0000000000
494 -176.0000000000
503 -175.0000000000
505 -174.0000000000
508 -173.0000000000
513 -172.0000000000
527 -171.0000000000
538 -170.0000000000
564 -167.0000000000
598 -166.0000000000
605 -165.0000000000
624 -162.0000000000
654 -161.0000000000
661 -160.0000000000
676 -159.0000000000
699 -158.0000000000
721 -156.0000000000
733 -155.0000000000
751 -153.0000000000
766 -152.0000000000
803 -150.0000000000
829 -149.0000000000
843 -148.0000000000
859 -147.0000000000
860 -146.0000000000
889 -145.0000000000
896 -144.0000000000
47960 561.0000000000
922 -143.0000000000
924 -142.0000000000
937 -140.0000000000
952 -135.0000000000
991 -134.0000000000
1032 -133.0000000000
1055 -132.0000000000
1067 -131.0000000000
1083 -130.0000000000
1089 -129.0000000000
1128 -125.0000000000
1171 -123.0000000000
1215 -122.0000000000
1238 -121.0000000000
1253 -119.0000000000
1278 -118.0000000000
1291 -117.0000000000
1302 -116.0000000000
1312 -113.0000000000
1345 -112.0000000000
1374 -111.0000000000
1390 -109.0000000000
1412 -108.0000000000
1450 -106.0000000000
1471 -105.0000000000
1492 -104.0000000000
1510 -103.0000000000
1528 -102.0000000000
1533 -101.0000000000
1541 -99.0000000000
1573 -98.0000000000
1587 -97.0000000000
1623 -96.0000000000
1642 -95.0000000000
1658 -94.0000000000
1709 -93.0000000000
1718 -92.0000000000
1723 -91.0000000000
1727 -90.0000000000
1767 -89.0000000000
1798 -88.0000000000
1836 -87.0000000000
1861 -86.0000000000
1867 -85.0000000000
1886 -84.0000000000
1933 -83.0000000000
1955 -82.0000000000
1977 -81.0000000000
1994 -79.0000000000
2014 -78.0000000000
2049 -76.0000000000
2066 -75.0000000000
2104 -72.0000000000
2128 -71.0000000000
2174 -70.0000000000
2183 -69.0000000000
2196 -68.0000000000
2207 -67.0000000000
2239 -66.0000000000
2265 -65.0000000000
2277 -64.0000000000
2322 -63.0000000000
2329 -62.0000000000
2339 -61.0000000000
2365 -59.0000000000
2421 -56.0000000000
2468 -55.0000000000
2519 -54.0000000000
2553 -52.0000000000
2631 -50.0000000000
2711 -48.0000000000
2736 -47.0000000000
2746 -46.0000000000
2775 -45.0000000000
2794 -44.0000000000
2801 -41.0000000000
2812 -39.0000000000
2886 -38.0000000000
2923 -36.0000000000
2952 -35.0000000000
3003 -33.0000000000
3037 -32.0000000000
3075 -31.0000000000
3081 -30.0000000000
3088 -29.0000000000
3142 -28.0000000000
3156 -27.0000000000
3176 -26.0000000000
3221 -25.0000000000
3244 -24.0000000000
3337 -23.0000000000
3387 -21.0000000000
3414 -20.0000000000
3463 -19.0000000000
3515 -18.0000000000
3526 -17.0000000000
3543 -16.0000000000
3565 -15.0000000000
3642 -13.0000000000
3713 -11.0000000000
3759 -10.0000000000
3828 -9.0000000000
3830 -8.0000000000
3870 -7.0000000000
3940 -6.0000000000
4055 -4.0000000000
4170 -3.0000000000
4182 -2.0000000000
4241 -1.0000000000
4265 461.0000000000
4334 471.0000000000
4373 481.0000000000
4411 484.0000000000
51730 563.0000000000
4470 487.0000000000
4471 493.0000000000
4490 498.0000000000
4612 507.0000000000
4614 510.0000000000
4845 513.0000000000
4987 515.0000000000
5516 522.0000000000
5847 523.0000000000
53645 564.0000000000
6530 525.0000000000
7230 530.0000000000
7338 535.0000000000
7409 538.0000000000
7615 539.0000000000
7668 543.0000000000
7676 549.0000000000
7826 550.0000000000
8136 554.0000000000
12049 555.0000000000
62110 565.0000000000
26251 557.0000000000
28843 558.0000000000
31746 560.0000000000
35486 563.0000000000
100000 -1.0000000000
evaluations raw_y
1 -275.0000000000
6 -274.0000000000
7 -266.0000000000
34 -265.0000000000
49 -261.0000000000
51 -260.0000000000
53 -257.0000000000
63 -256.0000000000
70 -251.0000000000
71 -240.0000000000
81 -234.0000000000
95 -232.0000000000
122 -223.0000000000
138 -220.0000000000
159 -219.0000000000
161 -218.0000000000
178 -216.0000000000
190 -212.0000000000
195 -208.0000000000
203 -207.0000000000
239 -203.0000000000
247 -202.0000000000
256 -199.0000000000
275 -196.0000000000
310 -192.0000000000
345 -191.0000000000
348 -190.0000000000
353 -189.0000000000
371 -188.0000000000
392 -184.0000000000
414 -182.0000000000
441 -181.0000000000
455 -179.0000000000
458 -178.0000000000
474 -177.0000000000
494 -176.0000000000
503 -175.0000000000
505 -174.0000000000
508 -173.0000000000
513 -172.0000000000
527 -171.0000000000
538 -170.0000000000
564 -167.0000000000
598 -166.0000000000
605 -165.0000000000
624 -162.0000000000
654 -161.0000000000
661 -160.0000000000
676 -159.0000000000
699 -158.0000000000
721 -156.0000000000
733 -155.0000000000
751 -153.0000000000
766 -152.0000000000
803 -150.0000000000
829 -149.0000000000
843 -148.0000000000
859 -147.0000000000
860 -146.0000000000
889 -145.0000000000
896 -144.0000000000
922 -143.0000000000
924 -142.0000000000
937 -140.0000000000
952 -135.0000000000
991 -134.0000000000
1032 -133.0000000000
1055 -132.0000000000
1067 -131.0000000000
1083 -130.0000000000
1089 -129.0000000000
1128 -125.0000000000
1171 -123.0000000000
1215 -122.0000000000
1238 -121.0000000000
1253 -119.0000000000
1278 -118.0000000000
1291 -117.0000000000
1302 -116.0000000000
1312 -113.0000000000
1345 -112.0000000000
1374 -111.0000000000
1390 -109.0000000000
1412 -108.0000000000
1450 -106.0000000000
1471 -105.0000000000
1492 -104.0000000000
1510 -103.0000000000
1528 -102.0000000000
1533 -101.0000000000
1541 -99.0000000000
1573 -98.0000000000
1587 -97.0000000000
1623 -96.0000000000
1642 -95.0000000000
1658 -94.0000000000
1709 -93.0000000000
1718 -92.0000000000
1723 -91.0000000000
1727 -90.0000000000
1767 -89.0000000000
1798 -88.0000000000
1836 -87.0000000000
1861 -86.0000000000
1867 -85.0000000000
1886 -84.0000000000
1933 -83.0000000000
1955 -82.0000000000
1977 -81.0000000000
1994 -79.0000000000
2014 -78.0000000000
2049 -76.0000000000
2066 -75.0000000000
2104 -72.0000000000
2128 -71.0000000000
2174 -70.0000000000
2183 -69.0000000000
2196 -68.0000000000
2207 -67.0000000000
2239 -66.0000000000
2265 -65.0000000000
2277 -64.0000000000
2322 -63.0000000000
2329 -62.0000000000
2339 -61.0000000000
2365 -59.0000000000
2421 -56.0000000000
2468 -55.0000000000
2519 -54.0000000000
2553 -52.0000000000
2631 -50.0000000000
2711 -48.0000000000
2736 -47.0000000000
2746 -46.0000000000
2775 -45.0000000000
2794 -44.0000000000
2801 -41.0000000000
2812 -39.0000000000
2886 -38.0000000000
2923 -36.0000000000
2952 -35.0000000000
3003 -33.0000000000
3037 -32.0000000000
3075 -31.0000000000
3081 -30.0000000000
3088 -29.0000000000
3142 -28.0000000000
3156 -27.0000000000
3176 -26.0000000000
3221 -25.0000000000
3244 -24.0000000000
3337 -23.0000000000
3387 -21.0000000000
3414 -20.0000000000
3463 -19.0000000000
3515 -18.0000000000
3526 -17.0000000000
3543 -16.0000000000
3565 -15.0000000000
3642 -13.0000000000
3713 -11.0000000000
3759 -10.0000000000
3828 -9.0000000000
3830 -8.0000000000
3870 -7.0000000000
3940 -6.0000000000
4055 -4.0000000000
4170 -3.0000000000
4182 -2.0000000000
4241 -1.0000000000
4265 461.0000000000
4334 471.0000000000
4373 481.0000000000
4411 484.0000000000
4470 487.0000000000
4471 493.0000000000
4490 498.0000000000
4612 507.0000000000
4614 510.0000000000
4845 513.0000000000
4987 515.0000000000
5516 522.0000000000
5847 523.0000000000
6530 525.0000000000
7230 530.0000000000
7338 535.0000000000
7409 538.0000000000
7615 539.0000000000
7668 543.0000000000
7676 549.0000000000
7826 550.0000000000
8136 554.0000000000
12049 555.0000000000
74237 564.0000000000
81857 565.0000000000
26251 557.0000000000
28843 558.0000000000
31746 560.0000000000
90303 569.0000000000
35486 563.0000000000
100000 -1.0000000000
evaluations raw_y
1 -261.0000000000
58 -253.0000000000
69 -252.0000000000
71 -244.0000000000
73 -236.0000000000
100 -230.0000000000
126 -229.0000000000
140 -227.0000000000
147 -226.0000000000
168 -225.0000000000
172 -223.0000000000
174 -222.0000000000
197 -221.0000000000
201 -218.0000000000
224 -216.0000000000
230 -212.0000000000
255 -211.0000000000
264 -210.0000000000
265 -209.0000000000
277 -205.0000000000
288 -202.0000000000
297 -200.0000000000
334 -198.0000000000
342 -196.0000000000
362 -194.0000000000
391 -192.0000000000
404 -191.0000000000
412 -190.0000000000
414 -188.0000000000
428 -187.0000000000
441 -186.0000000000
448 -185.0000000000
467 -184.0000000000
485 -182.0000000000
520 -181.0000000000
530 -179.0000000000
549 -177.0000000000
553 -176.0000000000
572 -175.0000000000
577 -174.0000000000
593 -173.0000000000
605 -172.0000000000
611 -171.0000000000
636 -170.0000000000
642 -169.0000000000
667 -165.0000000000
712 -164.0000000000
715 -163.0000000000
722 -162.0000000000
732 -161.0000000000
749 -160.0000000000
761 -159.0000000000
774 -158.0000000000
784 -156.0000000000
796 -155.0000000000
829 -154.0000000000
833 -152.0000000000
849 -151.0000000000
867 -150.0000000000
873 -147.0000000000
914 -145.0000000000
922 -144.0000000000
967 -143.0000000000
972 -141.0000000000
981 -139.0000000000
1030 -138.0000000000
1046 -136.0000000000
1067 -135.0000000000
1106 -133.0000000000
1116 -132.0000000000
1152 -131.0000000000
1161 -128.0000000000
1178 -127.0000000000
1216 -126.0000000000
1221 -124.0000000000
1263 -123.0000000000
1289 -122.0000000000
1311 -120.0000000000
1321 -119.0000000000
1343 -118.0000000000
1399 -116.0000000000
1401 -115.0000000000
1409 -114.0000000000
1444 -112.0000000000
1464 -111.0000000000
1503 -110.0000000000
1518 -109.0000000000
1537 -107.0000000000
1543 -105.0000000000
1588 -104.0000000000
1600 -103.0000000000
1624 -102.0000000000
1662 -101.0000000000
1673 -100.0000000000
1705 -99.0000000000
1729 -97.0000000000
1774 -96.0000000000
1806 -95.0000000000
1824 -94.0000000000
1825 -93.0000000000
1854 -92.0000000000
1855 -91.0000000000
1873 -89.0000000000
1912 -87.0000000000
1946 -86.0000000000
1958 -85.0000000000
1984 -84.0000000000
1996 -83.0000000000
2031 -82.0000000000
2040 -80.0000000000
2083 -79.0000000000
2103 -78.0000000000
2107 -77.0000000000
2118 -76.0000000000
2124 -75.0000000000
2188 -74.0000000000
2195 -73.0000000000
2203 -71.0000000000
2244 -70.0000000000
2254 -68.0000000000
2287 -66.0000000000
2331 -64.0000000000
2398 -62.0000000000
2458 -61.0000000000
2495 -60.0000000000
2511 -59.0000000000
2526 -58.0000000000
2535 -56.0000000000
2598 -55.0000000000
2606 -54.0000000000
2627 -53.0000000000
2645 -52.0000000000
2691 -51.0000000000
2708 -50.0000000000
2748 -48.0000000000
2765 -47.0000000000
2843 -46.0000000000
2861 -45.0000000000
2907 -44.0000000000
2936 -43.0000000000
2979 -42.0000000000
3046 -41.0000000000
3072 -40.0000000000
3097 -38.0000000000
3140 -37.0000000000
3146 -36.0000000000
3197 -34.0000000000
3239 -33.0000000000
3256 -32.0000000000
3309 -31.0000000000
3346 -30.0000000000
3354 -29.0000000000
3397 -27.0000000000
3398 -26.0000000000
3456 -25.0000000000
3546 -24.0000000000
3566 -23.0000000000
3602 -22.0000000000
3607 -21.0000000000
3651 -20.0000000000
3701 -19.0000000000
3765 -18.0000000000
3786 -17.0000000000
3821 -16.0000000000
3901 -15.0000000000
3991 -14.0000000000
3995 -13.0000000000
4036 -12.0000000000
4062 -10.0000000000
4090 -9.0000000000
4272 -8.0000000000
4288 -7.0000000000
4301 -6.0000000000
4380 -4.0000000000
4384 -3.0000000000
4455 -2.0000000000
4555 -1.0000000000
4583 491.0000000000
4654 492.0000000000
4712 500.0000000000
5044 501.0000000000
5169 506.0000000000
5247 507.0000000000
5263 512.0000000000
6086 514.0000000000
6132 515.0000000000
6730 520.0000000000
7075 528.0000000000
7694 529.0000000000
8143 530.0000000000
8486 534.0000000000
8584 536.0000000000
9717 537.0000000000
11778 539.0000000000
12491 540.0000000000
12693 542.0000000000
13374 543.0000000000
13400 544.0000000000
16091 545.0000000000
16898 546.0000000000
16960 549.0000000000
17820 550.0000000000
19212 553.0000000000
19826 558.0000000000
20028 560.0000000000
22002 562.0000000000
27873 563.0000000000
28199 564.0000000000
28288 565.0000000000
31919 566.0000000000
74237 564.0000000000
81857 565.0000000000
45615 567.0000000000
90303 569.0000000000
100000 -1.0000000000
evaluations raw_y
1 -261.0000000000
58 -253.0000000000
69 -252.0000000000
71 -244.0000000000
73 -236.0000000000
100 -230.0000000000
126 -229.0000000000
140 -227.0000000000
147 -226.0000000000
168 -225.0000000000
172 -223.0000000000
174 -222.0000000000
197 -221.0000000000
201 -218.0000000000
224 -216.0000000000
230 -212.0000000000
255 -211.0000000000
264 -210.0000000000
265 -209.0000000000
277 -205.0000000000
288 -202.0000000000
297 -200.0000000000
334 -198.0000000000
342 -196.0000000000
362 -194.0000000000
391 -192.0000000000
404 -191.0000000000
412 -190.0000000000
414 -188.0000000000
428 -187.0000000000
441 -186.0000000000
448 -185.0000000000
467 -184.0000000000
485 -182.0000000000
520 -181.0000000000
530 -179.0000000000
549 -177.0000000000
553 -176.0000000000
572 -175.0000000000
577 -174.0000000000
593 -173.0000000000
605 -172.0000000000
611 -171.0000000000
636 -170.0000000000
642 -169.0000000000
667 -165.0000000000
712 -164.0000000000
715 -163.0000000000
722 -162.0000000000
732 -161.0000000000
749 -160.0000000000
761 -159.0000000000
774 -158.0000000000
784 -156.0000000000
796 -155.0000000000
829 -154.0000000000
833 -152.0000000000
849 -151.0000000000
867 -150.0000000000
873 -147.0000000000
914 -145.0000000000
922 -144.0000000000
967 -143.0000000000
972 -141.0000000000
981 -139.0000000000
1030 -138.0000000000
1046 -136.0000000000
1067 -135.0000000000
1106 -133.0000000000
1116 -132.0000000000
1152 -131.0000000000
1161 -128.0000000000
1178 -127.0000000000
1216 -126.0000000000
1221 -124.0000000000
1263 -123.0000000000
1289 -122.0000000000
1311 -120.0000000000
1321 -119.0000000000
1343 -118.0000000000
1399 -116.0000000000
1401 -115.0000000000
1409 -114.0000000000
1444 -112.0000000000
1464 -111.0000000000
1503 -110.0000000000
1518 -109.0000000000
1537 -107.0000000000
1543 -105.0000000000
1588 -104.0000000000
1600 -103.0000000000
1624 -102.0000000000
1662 -101.0000000000
1673 -100.0000000000
1705 -99.0000000000
1729 -97.0000000000
1774 -96.0000000000
1806 -95.0000000000
1824 -94.0000000000
1825 -93.0000000000
1854 -92.0000000000
1855 -91.0000000000
1873 -89.0000000000
1912 -87.0000000000
1946 -86.0000000000
1958 -85.0000000000
1984 -84.0000000000
1996 -83.0000000000
2031 -82.0000000000
2040 -80.0000000000
2083 -79.0000000000
2103 -78.0000000000
2107 -77.0000000000
2118 -76.0000000000
2124 -75.0000000000
2188 -74.0000000000
2195 -73.0000000000
2203 -71.0000000000
2244 -70.0000000000
2254 -68.0000000000
2287 -66.0000000000
2331 -64.0000000000
2398 -62.0000000000
2458 -61.0000000000
2495 -60.0000000000
2511 -59.0000000000
2526 -58.0000000000
2535 -56.0000000000
2598 -55.0000000000
2606 -54.0000000000
2627 -53.0000000000
2645 -52.0000000000
2691 -51.0000000000
2708 -50.0000000000
2748 -48.0000000000
2765 -47.0000000000
2843 -46.0000000000
2861 -45.0000000000
2907 -44.0000000000
2936 -43.0000000000
2979 -42.0000000000
3046 -41.0000000000
3072 -40.0000000000
3097 -38.0000000000
3140 -37.0000000000
3146 -36.0000000000
3197 -34.0000000000
3239 -33.0000000000
3256 -32.0000000000
3309 -31.0000000000
3346 -30.0000000000
3354 -29.0000000000
3397 -27.0000000000
3398 -26.0000000000
3456 -25.0000000000
3546 -24.0000000000
3566 -23.0000000000
3602 -22.0000000000
3607 -21.0000000000
3651 -20.0000000000
3701 -19.0000000000
3765 -18.0000000000
3786 -17.0000000000
3821 -16.0000000000
3901 -15.0000000000
3991 -14.0000000000
3995 -13.0000000000
4036 -12.0000000000
4062 -10.0000000000
4090 -9.0000000000
4272 -8.0000000000
4288 -7.0000000000
4301 -6.0000000000
4380 -4.0000000000
4384 -3.0000000000
4455 -2.0000000000
4555 -1.0000000000
4583 491.0000000000
4654 492.0000000000
4712 500.0000000000
5044 501.0000000000
5169 506.0000000000
5247 507.0000000000
5263 512.0000000000
6086 514.0000000000
6132 515.0000000000
6730 520.0000000000
7075 528.0000000000
7694 529.0000000000
8143 530.0000000000
8486 534.0000000000
8584 536.0000000000
9717 537.0000000000
11778 539.0000000000
12491 540.0000000000
12693 542.0000000000
13374 543.0000000000
13400 544.0000000000
16091 545.0000000000
16898 546.0000000000
16960 549.0000000000
17820 550.0000000000
19212 553.0000000000
19826 558.0000000000
20028 560.0000000000
22002 562.0000000000
27873 563.0000000000
28199 564.0000000000
28288 565.0000000000
31919 566.0000000000
100000 -1.0000000000
evaluations raw_y
1 -283.0000000000
2 -274.0000000000
11 -272.0000000000
15 -269.0000000000
26 -268.0000000000
30 -265.0000000000
39 -257.0000000000
61 -256.0000000000
63 -249.0000000000
78 -246.0000000000
85 -241.0000000000
112 -237.0000000000
131 -236.0000000000
137 -235.0000000000
140 -233.0000000000
143 -228.0000000000
165 -225.0000000000
179 -224.0000000000
187 -220.0000000000
204 -218.0000000000
205 -217.0000000000
209 -212.0000000000
224 -211.0000000000
226 -209.0000000000
243 -208.0000000000
246 -207.0000000000
254 -205.0000000000
257 -202.0000000000
286 -199.0000000000
293 -196.0000000000
309 -192.0000000000
338 -191.0000000000
347 -189.0000000000
361 -186.0000000000
365 -185.0000000000
383 -180.0000000000
434 -179.0000000000
445 -176.0000000000
453 -175.0000000000
482 -173.0000000000
521 -172.0000000000
537 -171.0000000000
541 -170.0000000000
544 -169.0000000000
564 -167.0000000000
574 -166.0000000000
621 -165.0000000000
633 -164.0000000000
639 -163.0000000000
652 -162.0000000000
666 -161.0000000000
682 -159.0000000000
693 -158.0000000000
724 -157.0000000000
764 -154.0000000000
776 -153.0000000000
802 -152.0000000000
807 -150.0000000000
822 -149.0000000000
831 -148.0000000000
844 -146.0000000000
867 -145.0000000000
874 -144.0000000000
876 -143.0000000000
882 -142.0000000000
892 -141.0000000000
898 -139.0000000000
923 -138.0000000000
927 -135.0000000000
948 -134.0000000000
978 -131.0000000000
1012 -130.0000000000
1028 -128.0000000000
1042 -127.0000000000
1073 -125.0000000000
1102 -123.0000000000
1146 -121.0000000000
1176 -119.0000000000
1184 -118.0000000000
1211 -117.0000000000
1222 -116.0000000000
1253 -114.0000000000
1269 -113.0000000000
1294 -112.0000000000
1307 -111.0000000000
1334 -110.0000000000
1336 -108.0000000000
1343 -106.0000000000
1352 -104.0000000000
1405 -103.0000000000
1418 -102.0000000000
1429 -101.0000000000
1445 -99.0000000000
1481 -98.0000000000
1496 -97.0000000000
1513 -96.0000000000
1515 -94.0000000000
1540 -93.0000000000
1561 -92.0000000000
1581 -91.0000000000
1613 -90.0000000000
1634 -89.0000000000
1643 -88.0000000000
1652 -87.0000000000
1664 -84.0000000000
1692 -83.0000000000
1709 -82.0000000000
1760 -81.0000000000
1777 -80.0000000000
1791 -79.0000000000
1797 -78.0000000000
1830 -77.0000000000
1846 -76.0000000000
1899 -75.0000000000
1970 -74.0000000000
2032 -71.0000000000
2056 -70.0000000000
2094 -68.0000000000
2114 -67.0000000000
2129 -66.0000000000
2132 -65.0000000000
2159 -64.0000000000
2161 -63.0000000000
2195 -62.0000000000
2212 -61.0000000000
2241 -60.0000000000
2275 -59.0000000000
2312 -58.0000000000
2344 -57.0000000000
2358 -55.0000000000
2391 -53.0000000000
2442 -52.0000000000
2493 -50.0000000000
2498 -49.0000000000
2509 -48.0000000000
2575 -47.0000000000
2629 -46.0000000000
2639 -45.0000000000
2679 -43.0000000000
2708 -42.0000000000
2764 -40.0000000000
2772 -39.0000000000
2815 -38.0000000000
2839 -36.0000000000
2889 -35.0000000000
2938 -34.0000000000
2952 -33.0000000000
2993 -32.0000000000
3070 -31.0000000000
3125 -30.0000000000
3128 -29.0000000000
3146 -28.0000000000
3168 -27.0000000000
3183 -25.0000000000
3190 -24.0000000000
3253 -23.0000000000
3296 -21.0000000000
3337 -19.0000000000
3368 -18.0000000000
3412 -17.0000000000
3492 -16.0000000000
3497 -15.0000000000
3534 -14.0000000000
3593 -13.0000000000
3651 -12.0000000000
3663 -11.0000000000
3693 -10.0000000000
3761 -9.0000000000
3809 -7.0000000000
3904 -6.0000000000
3983 -5.0000000000
4060 -4.0000000000
4120 -3.0000000000
4187 -2.0000000000
4261 -1.0000000000
4315 486.0000000000
4425 499.0000000000
4609 508.0000000000
4697 514.0000000000
4977 520.0000000000
5003 521.0000000000
5071 529.0000000000
5179 530.0000000000
5276 538.0000000000
5835 542.0000000000
6596 543.0000000000
7328 544.0000000000
7433 549.0000000000
10783 551.0000000000
11182 553.0000000000
11203 554.0000000000
11368 555.0000000000
11521 557.0000000000
45615 567.0000000000
12610 560.0000000000
14479 561.0000000000
17664 562.0000000000
34001 566.0000000000
100000 -1.0000000000
evaluations raw_y
1 -283.0000000000
2 -274.0000000000
11 -272.0000000000
15 -269.0000000000
26 -268.0000000000
30 -265.0000000000
39 -257.0000000000
61 -256.0000000000
63 -249.0000000000
78 -246.0000000000
85 -241.0000000000
112 -237.0000000000
131 -236.0000000000
137 -235.0000000000
140 -233.0000000000
143 -228.0000000000
165 -225.0000000000
179 -224.0000000000
187 -220.0000000000
204 -218.0000000000
205 -217.0000000000
209 -212.0000000000
224 -211.0000000000
226 -209.0000000000
243 -208.0000000000
246 -207.0000000000
254 -205.0000000000
257 -202.0000000000
286 -199.0000000000
293 -196.0000000000
309 -192.0000000000
338 -191.0000000000
347 -189.0000000000
361 -186.0000000000
365 -185.0000000000
383 -180.0000000000
434 -179.0000000000
445 -176.0000000000
453 -175.0000000000
482 -173.0000000000
521 -172.0000000000
537 -171.0000000000
541 -170.0000000000
544 -169.0000000000
564 -167.0000000000
574 -166.0000000000
621 -165.0000000000
633 -164.0000000000
639 -163.0000000000
652 -162.0000000000
666 -161.0000000000
682 -159.0000000000
693 -158.0000000000
724 -157.0000000000
764 -154.0000000000
776 -153.0000000000
802 -152.0000000000
807 -150.0000000000
822 -149.0000000000
831 -148.0000000000
844 -146.0000000000
867 -145.0000000000
874 -144.0000000000
876 -143.0000000000
882 -142.0000000000
892 -141.0000000000
898 -139.0000000000
923 -138.0000000000
927 -135.0000000000
948 -134.0000000000
978 -131.0000000000
1012 -130.0000000000
1028 -128.0000000000
1042 -127.0000000000
1073 -125.0000000000
1102 -123.0000000000
1146 -121.0000000000
1176 -119.0000000000
1184 -118.0000000000
1211 -117.0000000000
1222 -116.0000000000
1253 -114.0000000000
1269 -113.0000000000
1294 -112.0000000000
1307 -111.0000000000
1334 -110.0000000000
1336 -108.0000000000
1343 -106.0000000000
1352 -104.0000000000
1405 -103.0000000000
1418 -102.0000000000
1429 -101.0000000000
1445 -99.0000000000
1481 -98.0000000000
1496 -97.0000000000
1513 -96.0000000000
1515 -94.0000000000
1540 -93.0000000000
1561 -92.0000000000
1581 -91.0000000000
1613 -90.0000000000
1634 -89.0000000000
1643 -88.0000000000
1652 -87.0000000000
1664 -84.0000000000
1692 -83.0000000000
1709 -82.0000000000
1760 -81.0000000000
1777 -80.0000000000
1791 -79.0000000000
1797 -78.0000000000
1830 -77.0000000000
1846 -76.0000000000
1899 -75.0000000000
1970 -74.0000000000
2032 -71.0000000000
2056 -70.0000000000
2094 -68.0000000000
2114 -67.0000000000
2129 -66.0000000000
2132 -65.0000000000
2159 -64.0000000000
2161 -63.0000000000
2195 -62.0000000000
2212 -61.0000000000
2241 -60.0000000000
2275 -59.0000000000
2312 -58.0000000000
2344 -57.0000000000
2358 -55.0000000000
2391 -53.0000000000
2442 -52.0000000000
2493 -50.0000000000
2498 -49.0000000000
2509 -48.0000000000
2575 -47.0000000000
2629 -46.0000000000
2639 -45.0000000000
2679 -43.0000000000
2708 -42.0000000000
2764 -40.0000000000
2772 -39.0000000000
2815 -38.0000000000
2839 -36.0000000000
2889 -35.0000000000
2938 -34.0000000000
2952 -33.0000000000
2993 -32.0000000000
3070 -31.0000000000
3125 -30.0000000000
3128 -29.0000000000
3146 -28.0000000000
3168 -27.0000000000
3183 -25.0000000000
3190 -24.0000000000
3253 -23.0000000000
3296 -21.0000000000
3337 -19.0000000000
3368 -18.0000000000
3412 -17.0000000000
3492 -16.0000000000
3497 -15.0000000000
3534 -14.0000000000
3593 -13.0000000000
3651 -12.0000000000
3663 -11.0000000000
3693 -10.0000000000
3761 -9.0000000000
3809 -7.0000000000
3904 -6.0000000000
3983 -5.0000000000
4060 -4.0000000000
4120 -3.0000000000
4187 -2.0000000000
4261 -1.0000000000
4315 486.0000000000
4425 499.0000000000
4609 508.0000000000
4697 514.0000000000
4977 520.0000000000
5003 521.0000000000
5071 529.0000000000
5179 530.0000000000
5276 538.0000000000
5835 542.0000000000
6596 543.0000000000
7328 544.0000000000
7433 549.0000000000
78751 567.0000000000
10783 551.0000000000
11182 553.0000000000
11203 554.0000000000
11368 555.0000000000
11521 557.0000000000
12610 560.0000000000
14479 561.0000000000
17664 562.0000000000
98925 568.0000000000
100000 -3.0000000000
evaluations raw_y
1 -270.0000000000
16 -269.0000000000
23 -267.0000000000
35 -257.0000000000
49 -256.0000000000
68 -243.0000000000
87 -229.0000000000
108 -228.0000000000
111 -219.0000000000
136 -218.0000000000
146 -205.0000000000
190 -200.0000000000
193 -199.0000000000
208 -196.0000000000
232 -195.0000000000
235 -194.0000000000
238 -189.0000000000
251 -186.0000000000
263 -183.0000000000
281 -182.0000000000
297 -179.0000000000
328 -175.0000000000
385 -174.0000000000
396 -172.0000000000
428 -171.0000000000
433 -168.0000000000
464 -166.0000000000
487 -165.0000000000
491 -164.0000000000
509 -163.0000000000
546 -161.0000000000
589 -160.0000000000
612 -159.0000000000
613 -158.0000000000
645 -157.0000000000
660 -156.0000000000
679 -155.0000000000
682 -152.0000000000
693 -151.0000000000
716 -147.0000000000
741 -144.0000000000
773 -143.0000000000
781 -140.0000000000
805 -139.0000000000
832 -138.0000000000
844 -135.0000000000
869 -134.0000000000
904 -132.0000000000
918 -130.0000000000
922 -129.0000000000
941 -126.0000000000
992 -125.0000000000
996 -124.0000000000
997 -123.0000000000
1013 -122.0000000000
1047 -121.0000000000
1049 -120.0000000000
1065 -118.0000000000
1088 -117.0000000000
1107 -116.0000000000
1122 -115.0000000000
1163 -114.0000000000
1174 -113.0000000000
1193 -112.0000000000
1232 -111.0000000000
1249 -110.0000000000
1276 -106.0000000000
1311 -105.0000000000
1315 -103.0000000000
1324 -102.0000000000
1357 -101.0000000000
1386 -100.0000000000
1407 -99.0000000000
1412 -98.0000000000
1431 -97.0000000000
1437 -96.0000000000
1472 -95.0000000000
1534 -94.0000000000
1560 -92.0000000000
1611 -91.0000000000
1632 -90.0000000000
1661 -89.0000000000
1671 -88.0000000000
1698 -87.0000000000
1708 -86.0000000000
1724 -85.0000000000
1729 -84.0000000000
1758 -83.0000000000
1761 -81.0000000000
1803 -80.0000000000
1812 -79.0000000000
1827 -78.0000000000
1831 -75.0000000000
1884 -73.0000000000
1926 -71.0000000000
1939 -70.0000000000
1963 -69.0000000000
1986 -68.0000000000
2012 -67.0000000000
2030 -66.0000000000
2057 -64.0000000000
2079 -62.0000000000
2114 -61.0000000000
2173 -60.0000000000
2195 -59.0000000000
2221 -58.0000000000
2254 -57.0000000000
2279 -56.0000000000
2292 -55.0000000000
2331 -54.0000000000
2393 -53.0000000000
2402 -51.0000000000
2434 -50.0000000000
2490 -49.0000000000
2521 -48.0000000000
2572 -47.0000000000
2597 -46.0000000000
2605 -45.0000000000
2641 -44.0000000000
2697 -42.0000000000
2720 -41.0000000000
2724 -40.0000000000
2785 -39.0000000000
2809 -38.0000000000
2812 -36.0000000000
2875 -35.0000000000
2885 -33.0000000000
2960 -32.0000000000
3008 -31.0000000000
3047 -30.0000000000
3069 -28.0000000000
3115 -26.0000000000
3151 -25.0000000000
3164 -24.0000000000
3255 -22.0000000000
3266 -21.0000000000
3331 -19.0000000000
3373 -18.0000000000
3440 -16.0000000000
3505 -15.0000000000
3559 -14.0000000000
3646 -13.0000000000
3740 -12.0000000000
3775 -11.0000000000
3822 -10.0000000000
3884 -7.0000000000
3954 -6.0000000000
4024 -5.0000000000
4050 -4.0000000000
4141 -3.0000000000
4191 -2.0000000000
4219 -1.0000000000
4291 482.0000000000
4299 489.0000000000
4395 508.0000000000
4707 511.0000000000
4712 516.0000000000
4778 517.0000000000
4802 519.0000000000
4920 523.0000000000
5063 525.0000000000
6254 527.0000000000
6266 528.0000000000
6385 534.0000000000
34001 566.0000000000
6768 536.0000000000
6998 537.0000000000
7029 547.0000000000
7833 550.0000000000
9609 554.0000000000
11285 560.0000000000
20023 562.0000000000
20537 565.0000000000
78751 567.0000000000
98925 568.0000000000
100000 -3.0000000000
evaluations raw_y
1 -270.0000000000
16 -269.0000000000
23 -267.0000000000
35 -257.0000000000
49 -256.0000000000
68 -243.0000000000
87 -229.0000000000
108 -228.0000000000
111 -219.0000000000
136 -218.0000000000
146 -205.0000000000
190 -200.0000000000
193 -199.0000000000
208 -196.0000000000
232 -195.0000000000
235 -194.0000000000
238 -189.0000000000
251 -186.0000000000
263 -183.0000000000
281 -182.0000000000
297 -179.0000000000
328 -175.0000000000
385 -174.0000000000
396 -172.0000000000
428 -171.0000000000
433 -168.0000000000
464 -166.0000000000
487 -165.0000000000
491 -164.0000000000
509 -163.0000000000
546 -161.0000000000
589 -160.0000000000
612 -159.0000000000
613 -158.0000000000
645 -157.0000000000
660 -156.0000000000
679 -155.0000000000
682 -152.0000000000
693 -151.0000000000
716 -147.0000000000
741 -144.0000000000
773 -143.0000000000
781 -140.0000000000
805 -139.0000000000
832 -138.0000000000
844 -135.0000000000
869 -134.0000000000
904 -132.0000000000
918 -130.0000000000
922 -129.0000000000
941 -126.0000000000
992 -125.0000000000
996 -124.0000000000
997 -123.0000000000
1013 -122.0000000000
1047 -121.0000000000
1049 -120.0000000000
1065 -118.0000000000
1088 -117.0000000000
1107 -116.0000000000
1122 -115.0000000000
1163 -114.0000000000
1174 -113.0000000000
1193 -112.0000000000
1232 -111.0000000000
1249 -110.0000000000
1276 -106.0000000000
1311 -105.0000000000
1315 -103.0000000000
1324 -102.0000000000
1357 -101.0000000000
1386 -100.0000000000
1407 -99.0000000000
1412 -98.0000000000
1431 -97.0000000000
1437 -96.0000000000
1472 -95.0000000000
1534 -94.0000000000
1560 -92.0000000000
1611 -91.0000000000
1632 -90.0000000000
1661 -89.0000000000
1671 -88.0000000000
1698 -87.0000000000
1708 -86.0000000000
1724 -85.0000000000
1729 -84.0000000000
1758 -83.0000000000
1761 -81.0000000000
1803 -80.0000000000
1812 -79.0000000000
1827 -78.0000000000
1831 -75.0000000000
1884 -73.0000000000
1926 -71.0000000000
1939 -70.0000000000
1963 -69.0000000000
1986 -68.0000000000
2012 -67.0000000000
2030 -66.0000000000
2057 -64.0000000000
2079 -62.0000000000
2114 -61.0000000000
2173 -60.0000000000
2195 -59.0000000000
2221 -58.0000000000
2254 -57.0000000000
2279 -56.0000000000
2292 -55.0000000000
2331 -54.0000000000
2393 -53.0000000000
2402 -51.0000000000
2434 -50.0000000000
2490 -49.0000000000
2521 -48.0000000000
2572 -47.0000000000
2597 -46.0000000000
2605 -45.0000000000
2641 -44.0000000000
2697 -42.0000000000
2720 -41.0000000000
2724 -40.0000000000
2785 -39.0000000000
2809 -38.0000000000
2812 -36.0000000000
2875 -35.0000000000
2885 -33.0000000000
2960 -32.0000000000
3008 -31.0000000000
3047 -30.0000000000
3069 -28.0000000000
3115 -26.0000000000
3151 -25.0000000000
3164 -24.0000000000
3255 -22.0000000000
3266 -21.0000000000
3331 -19.0000000000
3373 -18.0000000000
3440 -16.0000000000
3505 -15.0000000000
3559 -14.0000000000
3646 -13.0000000000
3740 -12.0000000000
3775 -11.0000000000
3822 -10.0000000000
3884 -7.0000000000
3954 -6.0000000000
4024 -5.0000000000
4050 -4.0000000000
4141 -3.0000000000
4191 -2.0000000000
4219 -1.0000000000
4291 482.0000000000
4299 489.0000000000
4395 508.0000000000
4707 511.0000000000
4712 516.0000000000
4778 517.0000000000
4802 519.0000000000
4920 523.0000000000
5063 525.0000000000
6254 527.0000000000
6266 528.0000000000
6385 534.0000000000
6768 536.0000000000
6998 537.0000000000
7029 547.0000000000
7833 550.0000000000
9609 554.0000000000
11285 560.0000000000
20023 562.0000000000
20537 565.0000000000
100000 -2.0000000000
evaluations raw_y
1 -295.0000000000
3 -278.0000000000
4 -271.0000000000
31 -264.0000000000
52 -260.0000000000
74 -253.0000000000
91 -252.0000000000
102 -250.0000000000
118 -247.0000000000
143 -239.0000000000
151 -238.0000000000
160 -235.0000000000
188 -232.0000000000
191 -230.0000000000
204 -229.0000000000
220 -225.0000000000
226 -221.0000000000
245 -220.0000000000
262 -218.0000000000
268 -217.0000000000
272 -216.0000000000
281 -213.0000000000
307 -211.0000000000
316 -208.0000000000
328 -203.0000000000
359 -201.0000000000
365 -200.0000000000
402 -199.0000000000
407 -197.0000000000
419 -196.0000000000
439 -195.0000000000
465 -193.0000000000
478 -191.0000000000
482 -190.0000000000
502 -187.0000000000
552 -186.0000000000
562 -185.0000000000
565 -184.0000000000
591 -183.0000000000
605 -182.0000000000
639 -181.0000000000
660 -180.0000000000
662 -179.0000000000
674 -178.0000000000
695 -177.0000000000
729 -175.0000000000
768 -174.0000000000
781 -173.0000000000
782 -172.0000000000
800 -171.0000000000
802 -170.0000000000
818 -169.0000000000
835 -166.0000000000
884 -161.0000000000
908 -160.0000000000
929 -159.0000000000
939 -158.0000000000
963 -157.0000000000
967 -156.0000000000
975 -155.0000000000
1005 -153.0000000000
1024 -152.0000000000
1050 -151.0000000000
1061 -149.0000000000
1071 -148.0000000000
1085 -147.0000000000
1090 -146.0000000000
1122 -145.0000000000
1124 -144.0000000000
1131 -143.0000000000
1165 -142.0000000000
1176 -141.0000000000
1186 -139.0000000000
1196 -138.0000000000
1214 -134.0000000000
1222 -133.0000000000
1273 -132.0000000000
1292 -131.0000000000
1306 -130.0000000000
1318 -128.0000000000
1351 -126.0000000000
1376 -125.0000000000
1403 -121.0000000000
1438 -120.0000000000
1444 -117.0000000000
1461 -115.0000000000
1494 -113.0000000000
1506 -111.0000000000
1520 -110.0000000000
1534 -109.0000000000
1564 -108.0000000000
1584 -107.0000000000
1595 -105.0000000000
1648 -104.0000000000
1668 -103.0000000000
1704 -102.0000000000
1732 -101.0000000000
1746 -100.0000000000
1785 -99.0000000000
1809 -98.0000000000
1814 -95.0000000000
1854 -94.0000000000
1885 -93.0000000000
1919 -92.0000000000
1950 -90.0000000000
1975 -89.0000000000
1981 -88.0000000000
2001 -87.0000000000
2008 -86.0000000000
2022 -84.0000000000
2073 -82.0000000000
2086 -81.0000000000
2142 -80.0000000000
2165 -79.0000000000
2169 -76.0000000000
2226 -75.0000000000
2244 -74.0000000000
2246 -73.0000000000
2269 -71.0000000000
2299 -70.0000000000
2316 -69.0000000000
2339 -67.0000000000
2363 -66.0000000000
2388 -65.0000000000
2446 -64.0000000000
2463 -63.0000000000
2505 -62.0000000000
2516 -61.0000000000
2533 -60.0000000000
2553 -59.0000000000
2563 -58.0000000000
2586 -57.0000000000
2597 -56.0000000000
2611 -55.0000000000
2665 -54.0000000000
2750 -53.0000000000
2766 -52.0000000000
2785 -51.0000000000
2844 -50.0000000000
2882 -49.0000000000
2910 -47.0000000000
2984 -46.0000000000
2998 -45.0000000000
3053 -44.0000000000
3087 -43.0000000000
3101 -42.0000000000
3171 -41.0000000000
3224 -40.0000000000
3225 -39.0000000000
3271 -37.0000000000
3317 -36.0000000000
3343 -35.0000000000
3363 -33.0000000000
3404 -32.0000000000
3424 -31.0000000000
3431 -30.0000000000
3488 -29.0000000000
3507 -28.0000000000
3537 -27.0000000000
3543 -26.0000000000
3553 -25.0000000000
3615 -23.0000000000
3644 -22.0000000000
3678 -21.0000000000
3699 -20.0000000000
3743 -19.0000000000
3751 -18.0000000000
3761 -17.0000000000
3834 -16.0000000000
3858 -15.0000000000
3878 -14.0000000000
3932 -13.0000000000
3953 -12.0000000000
3996 -11.0000000000
4016 -10.0000000000
4025 -9.0000000000
4145 -8.0000000000
4179 -7.0000000000
4201 -6.0000000000
4276 -4.0000000000
4356 -3.0000000000
4413 -2.0000000000
4451 -1.0000000000
4479 502.0000000000
4573 511.0000000000
5030 515.0000000000
5120 516.0000000000
5782 517.0000000000
6087 520.0000000000
6493 525.0000000000
6673 526.0000000000
6711 527.0000000000
6783 529.0000000000
6992 532.0000000000
7020 533.0000000000
8015 539.0000000000
8204 542.0000000000
9181 543.0000000000
9239 544.0000000000
9572 545.0000000000
9629 548.0000000000
9774 549.0000000000
10258 551.0000000000
12334 552.0000000000
13168 554.0000000000
16191 555.0000000000
27672 557.0000000000
39667 558.0000000000
40338 561.0000000000
45343 563.0000000000
56386 564.0000000000
56505 565.0000000000
70185 567.0000000000
100000 -2.0000000000
evaluations raw_y
1 -295.0000000000
3 -278.0000000000
4 -271.0000000000
31 -264.0000000000
52 -260.0000000000
74 -253.0000000000
91 -252.0000000000
102 -250.0000000000
118 -247.0000000000
143 -239.0000000000
151 -238.0000000000
160 -235.0000000000
188 -232.0000000000
191 -230.0000000000
204 -229.0000000000
220 -225.0000000000
226 -221.0000000000
245 -220.0000000000
262 -218.0000000000
268 -217.0000000000
272 -216.0000000000
281 -213.0000000000
307 -211.0000000000
316 -208.0000000000
328 -203.0000000000
359 -201.0000000000
365 -200.0000000000
402 -199.0000000000
407 -197.0000000000
419 -196.0000000000
439 -195.0000000000
465 -193.0000000000
478 -191.0000000000
482 -190.0000000000
502 -187.0000000000
552 -186.0000000000
562 -185.0000000000
565 -184.0000000000
591 -183.0000000000
605 -182.0000000000
639 -181.0000000000
660 -180.0000000000
662 -179.0000000000
674 -178.0000000000
695 -177.0000000000
729 -175.0000000000
768 -174.0000000000
781 -173.0000000000
782 -172.0000000000
800 -171.0000000000
802 -170.0000000000
818 -169.0000000000
835 -166.0000000000
884 -161.0000000000
908 -160.0000000000
929 -159.0000000000
939 -158.0000000000
963 -157.0000000000
967 -156.0000000000
975 -155.0000000000
1005 -153.0000000000
1024 -152.0000000000
1050 -151.0000000000
1061 -149.0000000000
1071 -148.0000000000
1085 -147.0000000000
1090 -146.0000000000
1122 -145.0000000000
1124 -144.0000000000
1131 -143.0000000000
1165 -142.0000000000
1176 -141.0000000000
1186 -139.0000000000
1196 -138.0000000000
1214 -134.0000000000
1222 -133.0000000000
1273 -132.0000000000
1292 -131.0000000000
1306 -130.0000000000
1318 -128.0000000000
1351 -126.0000000000
1376 -125.0000000000
1403 -121.0000000000
1438 -120.0000000000
1444 -117.0000000000
1461 -115.0000000000
1494 -113.0000000000
1506 -111.0000000000
1520 -110.0000000000
1534 -109.0000000000
1564 -108.0000000000
1584 -107.0000000000
1595 -105.0000000000
1648 -104.0000000000
1668 -103.0000000000
1704 -102.0000000000
1732 -101.0000000000
1746 -100.0000000000
1785 -99.0000000000
1809 -98.0000000000
1814 -95.0000000000
1854 -94.0000000000
1885 -93.0000000000
1919 -92.0000000000
1950 -90.0000000000
1975 -89.0000000000
1981 -88.0000000000
2001 -87.0000000000
2008 -86.0000000000
2022 -84.0000000000
2073 -82.0000000000
2086 -81.0000000000
2142 -80.0000000000
2165 -79.0000000000
2169 -76.0000000000
2226 -75.0000000000
2244 -74.0000000000
2246 -73.0000000000
2269 -71.0000000000
2299 -70.0000000000
2316 -69.0000000000
2339 -67.0000000000
2363 -66.0000000000
2388 -65.0000000000
2446 -64.0000000000
2463 -63.0000000000
2505 -62.0000000000
2516 -61.0000000000
2533 -60.0000000000
2553 -59.0000000000
2563 -58.0000000000
2586 -57.0000000000
2597 -56.0000000000
2611 -55.0000000000
2665 -54.0000000000
2750 -53.0000000000
2766 -52.0000000000
2785 -51.0000000000
2844 -50.0000000000
2882 -49.0000000000
2910 -47.0000000000
2984 -46.0000000000
2998 -45.0000000000
3053 -44.0000000000
3087 -43.0000000000
3101 -42.0000000000
3171 -41.0000000000
3224 -40.0000000000
3225 -39.0000000000
3271 -37.0000000000
3317 -36.0000000000
3343 -35.0000000000
3363 -33.0000000000
3404 -32.0000000000
3424 -31.0000000000
3431 -30.0000000000
3488 -29.0000000000
3507 -28.0000000000
3537 -27.0000000000
3543 -26.0000000000
3553 -25.0000000000
3615 -23.0000000000
3644 -22.0000000000
3678 -21.0000000000
3699 -20.0000000000
3743 -19.0000000000
3751 -18.0000000000
3761 -17.0000000000
3834 -16.0000000000
3858 -15.0000000000
3878 -14.0000000000
3932 -13.0000000000
3953 -12.0000000000
3996 -11.0000000000
4016 -10.0000000000
4025 -9.0000000000
4145 -8.0000000000
4179 -7.0000000000
4201 -6.0000000000
4276 -4.0000000000
4356 -3.0000000000
4413 -2.0000000000
4451 -1.0000000000
4479 502.0000000000
4573 511.0000000000
5030 515.0000000000
5120 516.0000000000
5782 517.0000000000
6087 520.0000000000
6493 525.0000000000
6673 526.0000000000
6711 527.0000000000
6783 529.0000000000
6992 532.0000000000
7020 533.0000000000
8015 539.0000000000
8204 542.0000000000
9181 543.0000000000
9239 544.0000000000
9572 545.0000000000
9629 548.0000000000
9774 549.0000000000
10258 551.0000000000
12334 552.0000000000
13168 554.0000000000
100000 -2.0000000000
evaluations raw_y
1 -289.0000000000
2 -283.0000000000
5 -268.0000000000
27 -258.0000000000
33 -253.0000000000
49 -239.0000000000
73 -235.0000000000
90 -232.0000000000
112 -228.0000000000
135 -227.0000000000
144 -222.0000000000
161 -219.0000000000
188 -217.0000000000
198 -215.0000000000
207 -214.0000000000
222 -212.0000000000
235 -210.0000000000
245 -208.0000000000
272 -207.0000000000
286 -206.0000000000
291 -205.0000000000
296 -204.0000000000
318 -203.0000000000
335 -202.0000000000
343 -200.0000000000
372 -199.0000000000
387 -198.0000000000
392 -194.0000000000
420 -193.0000000000
425 -192.0000000000
16191 555.0000000000
441 -191.0000000000
444 -190.0000000000
451 -189.0000000000
466 -186.0000000000
493 -185.0000000000
508 -183.0000000000
523 -182.0000000000
554 -181.0000000000
576 -180.0000000000
578 -179.0000000000
587 -178.0000000000
613 -177.0000000000
629 -176.0000000000
642 -175.0000000000
652 -174.0000000000
667 -172.0000000000
686 -170.0000000000
696 -169.0000000000
711 -168.0000000000
731 -165.0000000000
757 -164.0000000000
773 -163.0000000000
785 -162.0000000000
788 -161.0000000000
798 -160.0000000000
806 -159.0000000000
821 -157.0000000000
826 -156.0000000000
835 -154.0000000000
852 -153.0000000000
878 -152.0000000000
881 -150.0000000000
923 -149.0000000000
932 -148.0000000000
954 -147.0000000000
956 -146.0000000000
965 -145.0000000000
972 -143.0000000000
1013 -142.0000000000
1041 -140.0000000000
1087 -139.0000000000
1094 -137.0000000000
1112 -135.0000000000
1149 -131.0000000000
1195 -130.0000000000
1209 -127.0000000000
1239 -126.0000000000
1267 -123.0000000000
1284 -122.0000000000
1303 -119.0000000000
1321 -118.0000000000
1368 -117.0000000000
1396 -116.0000000000
1414 -115.0000000000
1415 -114.0000000000
1453 -113.0000000000
1477 -109.0000000000
1519 -108.0000000000
1550 -107.0000000000
1583 -105.0000000000
1603 -102.0000000000
1635 -101.0000000000
1653 -100.0000000000
1680 -99.0000000000
1722 -97.0000000000
1750 -96.0000000000
1766 -94.0000000000
1807 -93.0000000000
1820 -91.0000000000
1841 -90.0000000000
1853 -89.0000000000
1900 -88.0000000000
1907 -87.0000000000
1922 -86.0000000000
1926 -85.0000000000
1948 -83.0000000000
1976 -79.0000000000
2036 -78.0000000000
2044 -77.0000000000
2088 -76.0000000000
2115 -75.0000000000
2137 -74.0000000000
2149 -73.0000000000
2173 -72.0000000000
2211 -71.0000000000
2231 -70.0000000000
2272 -69.0000000000
2273 -68.0000000000
2289 -66.0000000000
2311 -65.0000000000
2350 -64.0000000000
2365 -61.0000000000
2392 -60.0000000000
2426 -59.0000000000
2457 -58.0000000000
2501 -57.0000000000
2504 -56.0000000000
2514 -54.0000000000
2552 -53.0000000000
2593 -51.0000000000
2604 -50.0000000000
2646 -49.0000000000
2688 -48.0000000000
2717 -47.0000000000
2720 -46.0000000000
2737 -44.0000000000
2749 -43.0000000000
2775 -42.0000000000
2788 -41.0000000000
2846 -40.0000000000
2859 -39.0000000000
2905 -38.0000000000
2919 -37.0000000000
2947 -35.0000000000
2953 -34.0000000000
2984 -33.0000000000
3022 -31.0000000000
3075 -30.0000000000
3086 -29.0000000000
3156 -28.0000000000
3182 -27.0000000000
3197 -26.0000000000
3240 -25.0000000000
3262 -24.0000000000
3317 -23.0000000000
3324 -22.0000000000
3375 -21.0000000000
3395 -20.0000000000
3417 -19.0000000000
3518 -18.0000000000
3556 -17.0000000000
3589 -16.0000000000
3612 -13.0000000000
3671 -12.0000000000
3685 -11.0000000000
3704 -10.0000000000
3724 -9.0000000000
3754 -8.0000000000
3793 -7.0000000000
3833 -6.0000000000
3919 -5.0000000000
3974 -4.0000000000
4062 -2.0000000000
4162 -1.0000000000
4298 498.0000000000
4404 501.0000000000
4419 503.0000000000
4513 504.0000000000
4603 510.0000000000
4863 514.0000000000
5265 520.0000000000
5333 524.0000000000
5409 527.0000000000
5932 530.0000000000
6795 531.0000000000
7429 535.0000000000
7610 536.0000000000
7776 539.0000000000
10348 540.0000000000
10399 541.0000000000
11934 545.0000000000
11999 546.0000000000
12211 548.0000000000
12334 549.0000000000
12384 550.0000000000
12529 551.0000000000
27672 557.0000000000
13350 553.0000000000
13367 556.0000000000
17868 558.0000000000
20767 559.0000000000
21261 560.0000000000
39667 558.0000000000
40338 561.0000000000
26101 561.0000000000
27029 562.0000000000
27041 563.0000000000
27207 565.0000000000
45343 563.0000000000
56386 564.0000000000
56505 565.0000000000
70185 567.0000000000
66184 566.0000000000
66473 568.0000000000
71327 570.0000000000
74336 571.0000000000
78841 572.0000000000
80921 573.0000000000
100000 -2.0000000000
evaluations raw_y
1 -289.0000000000
2 -283.0000000000
5 -268.0000000000
27 -258.0000000000
33 -253.0000000000
49 -239.0000000000
73 -235.0000000000
90 -232.0000000000
112 -228.0000000000
135 -227.0000000000
144 -222.0000000000
161 -219.0000000000
188 -217.0000000000
198 -215.0000000000
207 -214.0000000000
222 -212.0000000000
235 -210.0000000000
245 -208.0000000000
272 -207.0000000000
286 -206.0000000000
291 -205.0000000000
296 -204.0000000000
318 -203.0000000000
335 -202.0000000000
343 -200.0000000000
372 -199.0000000000
387 -198.0000000000
392 -194.0000000000
420 -193.0000000000
425 -192.0000000000
441 -191.0000000000
444 -190.0000000000
451 -189.0000000000
466 -186.0000000000
493 -185.0000000000
508 -183.0000000000
523 -182.0000000000
554 -181.0000000000
576 -180.0000000000
578 -179.0000000000
587 -178.0000000000
613 -177.0000000000
629 -176.0000000000
642 -175.0000000000
652 -174.0000000000
667 -172.0000000000
686 -170.0000000000
696 -169.0000000000
711 -168.0000000000
731 -165.0000000000
757 -164.0000000000
773 -163.0000000000
785 -162.0000000000
788 -161.0000000000
798 -160.0000000000
806 -159.0000000000
821 -157.0000000000
826 -156.0000000000
835 -154.0000000000
852 -153.0000000000
878 -152.0000000000
881 -150.0000000000
923 -149.0000000000
932 -148.0000000000
954 -147.0000000000
956 -146.0000000000
965 -145.0000000000
972 -143.0000000000
1013 -142.0000000000
1041 -140.0000000000
1087 -139.0000000000
1094 -137.0000000000
1112 -135.0000000000
1149 -131.0000000000
1195 -130.0000000000
1209 -127.0000000000
1239 -126.0000000000
1267 -123.0000000000
1284 -122.0000000000
1303 -119.0000000000
1321 -118.0000000000
1368 -117.0000000000
1396 -116.0000000000
1414 -115.0000000000
1415 -114.0000000000
1453 -113.0000000000
1477 -109.0000000000
1519 -108.0000000000
1550 -107.0000000000
1583 -105.0000000000
1603 -102.0000000000
1635 -101.0000000000
1653 -100.0000000000
1680 -99.0000000000
1722 -97.0000000000
1750 -96.0000000000
1766 -94.0000000000
1807 -93.0000000000
1820 -91.0000000000
1841 -90.0000000000
1853 -89.0000000000
1900 -88.0000000000
1907 -87.0000000000
1922 -86.0000000000
1926 -85.0000000000
1948 -83.0000000000
1976 -79.0000000000
2036 -78.0000000000
2044 -77.0000000000
2088 -76.0000000000
2115 -75.0000000000
2137 -74.0000000000
2149 -73.0000000000
2173 -72.0000000000
2211 -71.0000000000
2231 -70.0000000000
2272 -69.0000000000
2273 -68.0000000000
2289 -66.0000000000
2311 -65.0000000000
2350 -64.0000000000
2365 -61.0000000000
2392 -60.0000000000
2426 -59.0000000000
2457 -58.0000000000
2501 -57.0000000000
2504 -56.0000000000
2514 -54.0000000000
2552 -53.0000000000
2593 -51.0000000000
2604 -50.0000000000
2646 -49.0000000000
2688 -48.0000000000
2717 -47.0000000000
2720 -46.0000000000
2737 -44.0000000000
2749 -43.0000000000
2775 -42.0000000000
2788 -41.0000000000
2846 -40.0000000000
2859 -39.0000000000
2905 -38.0000000000
2919 -37.0000000000
2947 -35.0000000000
2953 -34.0000000000
2984 -33.0000000000
3022 -31.0000000000
3075 -30.0000000000
3086 -29.0000000000
3156 -28.0000000000
3182 -27.0000000000
3197 -26.0000000000
3240 -25.0000000000
3262 -24.0000000000
3317 -23.0000000000
3324 -22.0000000000
3375 -21.0000000000
3395 -20.0000000000
3417 -19.0000000000
3518 -18.0000000000
3556 -17.0000000000
3589 -16.0000000000
3612 -13.0000000000
3671 -12.0000000000
3685 -11.0000000000
3704 -10.0000000000
3724 -9.0000000000
3754 -8.0000000000
3793 -7.0000000000
3833 -6.0000000000
3919 -5.0000000000
3974 -4.0000000000
4062 -2.0000000000
4162 -1.0000000000
4298 498.0000000000
4404 501.0000000000
4419 503.0000000000
4513 504.0000000000
4603 510.0000000000
4863 514.0000000000
5265 520.0000000000
5333 524.0000000000
5409 527.0000000000
5932 530.0000000000
6795 531.0000000000
7429 535.0000000000
7610 536.0000000000
7776 539.0000000000
100000 -1.0000000000
evaluations raw_y
1 -283.0000000000
2 -261.0000000000
33 -257.0000000000
51 -252.0000000000
59 -249.0000000000
64 -248.0000000000
65 -238.0000000000
80 -237.0000000000
107 -229.0000000000
123 -227.0000000000
139 -226.0000000000
140 -220.0000000000
166 -216.0000000000
182 -215.0000000000
191 -212.0000000000
193 -210.0000000000
204 -209.0000000000
212 -205.0000000000
220 -204.0000000000
230 -200.0000000000
260 -199.0000000000
278 -198.0000000000
284 -196.0000000000
314 -193.0000000000
344 -191.0000000000
351 -190.0000000000
366 -189.0000000000
368 -186.0000000000
414 -185.0000000000
430 -182.0000000000
470 -180.0000000000
491 -179.0000000000
523 -178.0000000000
531 -177.0000000000
555 -176.0000000000
574 -173.0000000000
607 -172.0000000000
612 -170.0000000000
624 -169.0000000000
645 -168.0000000000
651 -166.0000000000
661 -165.0000000000
684 -163.0000000000
694 -159.0000000000
706 -158.0000000000
754 -156.0000000000
800 -155.0000000000
822 -154.0000000000
848 -153.0000000000
860 -151.0000000000
871 -149.0000000000
891 -147.0000000000
936 -145.0000000000
958 -141.0000000000
1001 -140.0000000000
1021 -137.0000000000
1061 -135.0000000000
1077 -134.0000000000
1082 -133.0000000000
1100 -129.0000000000
1144 -125.0000000000
1172 -124.0000000000
1195 -123.0000000000
1226 -122.0000000000
1247 -121.0000000000
1256 -120.0000000000
1268 -119.0000000000
1279 -116.0000000000
1331 -114.0000000000
1346 -112.0000000000
1383 -111.0000000000
1401 -110.0000000000
1405 -109.0000000000
1432 -108.0000000000
1435 -107.0000000000
1451 -106.0000000000
1479 -105.0000000000
1481 -104.0000000000
1493 -103.0000000000
1517 -101.0000000000
1556 -100.0000000000
1581 -97.0000000000
1619 -95.0000000000
1645 -94.0000000000
1663 -92.0000000000
1729 -91.0000000000
1731 -90.0000000000
1759 -89.0000000000
1806 -88.0000000000
1822 -87.0000000000
1842 -86.0000000000
1855 -83.0000000000
1869 -81.0000000000
1937 -80.0000000000
1944 -79.0000000000
1974 -78.0000000000
1983 -77.0000000000
1986 -76.0000000000
2012 -74.0000000000
2072 -73.0000000000
2076 -72.0000000000
2104 -71.0000000000
2159 -70.0000000000
2177 -69.0000000000
2193 -67.0000000000
2212 -66.0000000000
2237 -65.0000000000
2255 -64.0000000000
2279 -63.0000000000
2302 -61.0000000000
2358 -60.0000000000
2362 -59.0000000000
2381 -58.0000000000
2388 -57.0000000000
2428 -56.0000000000
2442 -55.0000000000
2484 -53.0000000000
2499 -52.0000000000
2529 -51.0000000000
2541 -50.0000000000
2580 -49.0000000000
2589 -48.0000000000
2632 -46.0000000000
2652 -45.0000000000
2659 -43.0000000000
10348 540.0000000000
10399 541.0000000000
2717 -41.0000000000
2776 -40.0000000000
2796 -38.0000000000
2889 -35.0000000000
2920 -34.0000000000
2936 -33.0000000000
2959 -32.0000000000
2987 -31.0000000000
2997 -30.0000000000
3056 -29.0000000000
3098 -28.0000000000
3115 -26.0000000000
3151 -25.0000000000
3211 -24.0000000000
3291 -23.0000000000
3324 -21.0000000000
3338 -20.0000000000
3355 -19.0000000000
3508 -17.0000000000
3545 -16.0000000000
3599 -15.0000000000
3760 -14.0000000000
3858 -13.0000000000
3859 -12.0000000000
3871 -11.0000000000
3903 -10.0000000000
3922 -9.0000000000
3976 -8.0000000000
3993 -7.0000000000
4064 -6.0000000000
4089 -5.0000000000
11934 545.0000000000
11999 546.0000000000
4262 -4.0000000000
4377 -3.0000000000
4416 -2.0000000000
4466 -1.0000000000
4529 473.0000000000
4549 494.0000000000
4635 495.0000000000
4676 501.0000000000
4694 505.0000000000
12211 548.0000000000
4742 507.0000000000
12334 549.0000000000
4945 509.0000000000
12384 550.0000000000
5003 513.0000000000
12529 551.0000000000
5480 516.0000000000
13350 553.0000000000
13367 556.0000000000
6178 517.0000000000
6483 519.0000000000
6625 524.0000000000
6845 528.0000000000
6894 530.0000000000
6952 533.0000000000
7174 536.0000000000
7631 537.0000000000
7651 539.0000000000
7691 540.0000000000
7897 542.0000000000
8346 543.0000000000
8737 548.0000000000
10313 549.0000000000
10409 550.0000000000
10526 551.0000000000
17868 558.0000000000
11151 552.0000000000
20767 559.0000000000
21261 560.0000000000
15599 553.0000000000
16140 554.0000000000
26101 561.0000000000
27029 562.0000000000
27041 563.0000000000
27207 565.0000000000
21086 557.0000000000
22469 558.0000000000
22696 559.0000000000
25963 562.0000000000
43484 563.0000000000
66184 566.0000000000
66473 568.0000000000
71327 570.0000000000
74336 571.0000000000
78841 572.0000000000
80921 573.0000000000
96103 565.0000000000
100000 -2.0000000000
evaluations raw_y
1 -286.0000000000
6 -272.0000000000
7 -264.0000000000
32 -258.0000000000
41 -253.0000000000
74 -244.0000000000
84 -239.0000000000
96 -237.0000000000
112 -236.0000000000
117 -234.0000000000
125 -230.0000000000
140 -227.0000000000
148 -224.0000000000
100000 -1.0000000000
159 -220.0000000000
170 -215.0000000000
evaluations raw_y
1 -283.0000000000
2 -261.0000000000
33 -257.0000000000
181 -213.0000000000
193 -210.0000000000
51 -252.0000000000
59 -249.0000000000
64 -248.0000000000
65 -238.0000000000
80 -237.0000000000
215 -208.0000000000
223 -203.0000000000
233 -199.0000000000
107 -229.0000000000
123 -227.0000000000
270 -198.0000000000
139 -226.0000000000
140 -220.0000000000
273 -197.0000000000
287 -195.0000000000
166 -216.0000000000
310 -193.0000000000
182 -215.0000000000
191 -212.0000000000
193 -210.0000000000
331 -192.0000000000
204 -209.0000000000
340 -186.0000000000
368 -185.0000000000
212 -205.0000000000
220 -204.0000000000
230 -200.0000000000
386 -184.0000000000
405 -183.0000000000
424 -182.0000000000
426 -180.0000000000
429 -178.0000000000
442 -177.0000000000
450 -176.0000000000
260 -199.0000000000
464 -173.0000000000
278 -198.0000000000
498 -172.0000000000
284 -196.0000000000
512 -171.0000000000
518 -169.0000000000
529 -168.0000000000
550 -167.0000000000
561 -166.0000000000
570 -165.0000000000
314 -193.0000000000
594 -164.0000000000
603 -163.0000000000
607 -160.0000000000
344 -191.0000000000
642 -158.0000000000
351 -190.0000000000
366 -189.0000000000
368 -186.0000000000
663 -157.0000000000
672 -156.0000000000
684 -155.0000000000
708 -154.0000000000
724 -153.0000000000
414 -185.0000000000
726 -151.0000000000
430 -182.0000000000
744 -149.0000000000
776 -148.0000000000
470 -180.0000000000
784 -147.0000000000
791 -146.0000000000
491 -179.0000000000
523 -178.0000000000
531 -177.0000000000
841 -145.0000000000
555 -176.0000000000
867 -144.0000000000
574 -173.0000000000
872 -143.0000000000
875 -141.0000000000
898 -140.0000000000
607 -172.0000000000
612 -170.0000000000
929 -139.0000000000
624 -169.0000000000
937 -138.0000000000
645 -168.0000000000
651 -166.0000000000
961 -137.0000000000
661 -165.0000000000
975 -135.0000000000
999 -134.0000000000
684 -163.0000000000
694 -159.0000000000
706 -158.0000000000
1012 -133.0000000000
1034 -132.0000000000
1043 -131.0000000000
754 -156.0000000000
1055 -130.0000000000
1061 -129.0000000000
1062 -128.0000000000
1093 -125.0000000000
800 -155.0000000000
1103 -124.0000000000
1121 -123.0000000000
822 -154.0000000000
1152 -121.0000000000
848 -153.0000000000
860 -151.0000000000
871 -149.0000000000
891 -147.0000000000
1187 -120.0000000000
1190 -119.0000000000
1192 -118.0000000000
1205 -117.0000000000
1214 -114.0000000000
1234 -113.0000000000
936 -145.0000000000
958 -141.0000000000
1252 -112.0000000000
1276 -111.0000000000
1293 -110.0000000000
1001 -140.0000000000
1307 -109.0000000000
1021 -137.0000000000
1325 -108.0000000000
1342 -107.0000000000
1347 -106.0000000000
1061 -135.0000000000
1077 -134.0000000000
1082 -133.0000000000
1377 -105.0000000000
1100 -129.0000000000
1386 -104.0000000000
1392 -102.0000000000
1144 -125.0000000000
1172 -124.0000000000
1432 -101.0000000000
1195 -123.0000000000
1445 -100.0000000000
1226 -122.0000000000
1470 -98.0000000000
1247 -121.0000000000
1256 -120.0000000000
1268 -119.0000000000
1279 -116.0000000000
1527 -97.0000000000
1530 -94.0000000000
1579 -91.0000000000
1331 -114.0000000000
1346 -112.0000000000
1636 -90.0000000000
1383 -111.0000000000
1646 -89.0000000000
1401 -110.0000000000
1405 -109.0000000000
1671 -88.0000000000
1697 -87.0000000000
1432 -108.0000000000
1435 -107.0000000000
1725 -85.0000000000
1451 -106.0000000000
1767 -84.0000000000
1479 -105.0000000000
1481 -104.0000000000
1493 -103.0000000000
1808 -83.0000000000
1826 -82.0000000000
1517 -101.0000000000
1850 -81.0000000000
1878 -80.0000000000
1556 -100.0000000000
1915 -79.0000000000
1958 -78.0000000000
1971 -77.0000000000
1581 -97.0000000000
1991 -76.0000000000
1619 -95.0000000000
2030 -75.0000000000
2050 -74.0000000000
2059 -72.0000000000
1645 -94.0000000000
2085 -71.0000000000
1663 -92.0000000000
2107 -70.0000000000
2151 -69.0000000000
1729 -91.0000000000
1731 -90.0000000000
1759 -89.0000000000
2195 -68.0000000000
2210 -67.0000000000
2239 -66.0000000000
1806 -88.0000000000
1822 -87.0000000000
1842 -86.0000000000
1855 -83.0000000000
1869 -81.0000000000
2313 -65.0000000000
2341 -64.0000000000
2354 -63.0000000000
2368 -62.0000000000
1937 -80.0000000000
1944 -79.0000000000
2408 -61.0000000000
2419 -58.0000000000
1974 -78.0000000000
1983 -77.0000000000
1986 -76.0000000000
2448 -57.0000000000
2012 -74.0000000000
2473 -56.0000000000
2493 -55.0000000000
2506 -53.0000000000
2542 -51.0000000000
2567 -50.0000000000
2072 -73.0000000000
2076 -72.0000000000
2597 -49.0000000000
2104 -71.0000000000
2659 -47.0000000000
2676 -46.0000000000
2159 -70.0000000000
2727 -45.0000000000
2177 -69.0000000000
2193 -67.0000000000
2785 -44.0000000000
2799 -42.0000000000
2212 -66.0000000000
2837 -41.0000000000
2847 -39.0000000000
2237 -65.0000000000
2887 -38.0000000000
2255 -64.0000000000
2912 -37.0000000000
2279 -63.0000000000
2935 -35.0000000000
2302 -61.0000000000
3007 -34.0000000000
3014 -33.0000000000
2358 -60.0000000000
3054 -31.0000000000
2362 -59.0000000000
3096 -30.0000000000
3108 -29.0000000000
2381 -58.0000000000
2388 -57.0000000000
3153 -28.0000000000
3156 -27.0000000000
2428 -56.0000000000
2442 -55.0000000000
3209 -26.0000000000
2484 -53.0000000000
3250 -25.0000000000
2499 -52.0000000000
3266 -23.0000000000
3277 -22.0000000000
2529 -51.0000000000
2541 -50.0000000000
3313 -21.0000000000
2580 -49.0000000000
2589 -48.0000000000
3375 -18.0000000000
2632 -46.0000000000
2652 -45.0000000000
3430 -17.0000000000
2659 -43.0000000000
3483 -16.0000000000
2717 -41.0000000000
3528 -15.0000000000
3536 -14.0000000000
2776 -40.0000000000
2796 -38.0000000000
2889 -35.0000000000
2920 -34.0000000000
3636 -13.0000000000
2936 -33.0000000000
2959 -32.0000000000
2987 -31.0000000000
2997 -30.0000000000
3676 -12.0000000000
3695 -11.0000000000
3056 -29.0000000000
3098 -28.0000000000
3115 -26.0000000000
3151 -25.0000000000
3211 -24.0000000000
3774 -10.0000000000
3793 -8.0000000000
3291 -23.0000000000
3821 -7.0000000000
3324 -21.0000000000
3851 -5.0000000000
3338 -20.0000000000
3355 -19.0000000000
3952 -4.0000000000
3955 -3.0000000000
4050 -2.0000000000
3508 -17.0000000000
4106 -1.0000000000
3545 -16.0000000000
4137 489.0000000000
4169 496.0000000000
4203 499.0000000000
4211 507.0000000000
3599 -15.0000000000
3760 -14.0000000000
4479 510.0000000000
4577 514.0000000000
3858 -13.0000000000
3859 -12.0000000000
3871 -11.0000000000
3903 -10.0000000000
3922 -9.0000000000
4679 515.0000000000
3976 -8.0000000000
4683 519.0000000000
3993 -7.0000000000
4703 520.0000000000
4064 -6.0000000000
4089 -5.0000000000
4815 524.0000000000
4980 527.0000000000
4997 530.0000000000
4262 -4.0000000000
5093 531.0000000000
4377 -3.0000000000
4416 -2.0000000000
4466 -1.0000000000
4529 473.0000000000
4549 494.0000000000
5311 535.0000000000
4635 495.0000000000
4676 501.0000000000
4694 505.0000000000
4742 507.0000000000
5635 539.0000000000
4945 509.0000000000
5003 513.0000000000
6253 540.0000000000
5480 516.0000000000
6310 547.0000000000
6178 517.0000000000
6483 519.0000000000
6625 524.0000000000
7629 549.0000000000
6845 528.0000000000
6894 530.0000000000
6952 533.0000000000
7174 536.0000000000
7631 537.0000000000
7651 539.0000000000
7691 540.0000000000
7897 542.0000000000
8999 551.0000000000
9121 552.0000000000
8346 543.0000000000
8737 548.0000000000
10345 553.0000000000
10615 555.0000000000
10313 549.0000000000
10409 550.0000000000
10526 551.0000000000
11151 552.0000000000
12534 556.0000000000
13966 557.0000000000
14173 560.0000000000
15599 553.0000000000
16140 554.0000000000
17746 561.0000000000
21086 557.0000000000
22469 558.0000000000
22696 559.0000000000
25963 562.0000000000
43484 563.0000000000
70472 562.0000000000
79283 563.0000000000
100000 -4.0000000000
evaluations raw_y
1 -284.0000000000
5 -276.0000000000
12 -255.0000000000
65 -253.0000000000
76 -252.0000000000
81 -242.0000000000
111 -232.0000000000
124 -226.0000000000
149 -220.0000000000
172 -219.0000000000
177 -218.0000000000
181 -217.0000000000
187 -216.0000000000
190 -215.0000000000
193 -214.0000000000
196 -212.0000000000
214 -207.0000000000
249 -206.0000000000
251 -199.0000000000
300 -198.0000000000
306 -197.0000000000
309 -194.0000000000
314 -193.0000000000
358 -192.0000000000
371 -189.0000000000
399 -187.0000000000
420 -186.0000000000
433 -185.0000000000
443 -183.0000000000
461 -182.0000000000
495 -181.0000000000
503 -179.0000000000
514 -178.0000000000
544 -175.0000000000
569 -174.0000000000
592 -173.0000000000
602 -171.0000000000
630 -170.0000000000
642 -168.0000000000
671 -167.0000000000
695 -166.0000000000
712 -163.0000000000
741 -162.0000000000
766 -161.0000000000
772 -160.0000000000
789 -159.0000000000
802 -157.0000000000
830 -156.0000000000
845 -155.0000000000
852 -153.0000000000
856 -152.0000000000
888 -148.0000000000
940 -146.0000000000
953 -145.0000000000
958 -144.0000000000
995 -142.0000000000
996 -141.0000000000
1027 -139.0000000000
1039 -138.0000000000
1041 -137.0000000000
1071 -134.0000000000
1093 -132.0000000000
1124 -131.0000000000
1131 -130.0000000000
1134 -128.0000000000
1147 -127.0000000000
1159 -126.0000000000
1191 -121.0000000000
1247 -119.0000000000
1271 -118.0000000000
1286 -117.0000000000
1311 -115.0000000000
1347 -114.0000000000
1372 -113.0000000000
1390 -110.0000000000
1431 -109.0000000000
1435 -108.0000000000
1496 -107.0000000000
1511 -106.0000000000
1530 -104.0000000000
1537 -102.0000000000
1573 -101.0000000000
1579 -100.0000000000
1599 -99.0000000000
1615 -98.0000000000
1635 -96.0000000000
1661 -95.0000000000
1675 -94.0000000000
1692 -93.0000000000
1733 -92.0000000000
1752 -91.0000000000
1772 -90.0000000000
1804 -89.0000000000
1805 -88.0000000000
1833 -85.0000000000
1854 -84.0000000000
1894 -82.0000000000
1925 -81.0000000000
1954 -79.0000000000
1992 -78.0000000000
2031 -75.0000000000
2042 -74.0000000000
2063 -73.0000000000
2109 -72.0000000000
2121 -71.0000000000
2161 -70.0000000000
2193 -67.0000000000
2245 -66.0000000000
2253 -65.0000000000
2290 -64.0000000000
2347 -63.0000000000
2351 -62.0000000000
2402 -61.0000000000
2407 -58.0000000000
2435 -57.0000000000
2485 -56.0000000000
2504 -55.0000000000
2519 -54.0000000000
2558 -53.0000000000
2561 -51.0000000000
2658 -50.0000000000
2669 -49.0000000000
2698 -48.0000000000
2713 -47.0000000000
2752 -46.0000000000
2764 -44.0000000000
2795 -43.0000000000
2880 -42.0000000000
2892 -41.0000000000
2896 -40.0000000000
2952 -39.0000000000
2965 -38.0000000000
2983 -37.0000000000
3010 -36.0000000000
3034 -35.0000000000
3057 -34.0000000000
3072 -33.0000000000
3084 -32.0000000000
3117 -30.0000000000
3185 -29.0000000000
3195 -28.0000000000
3233 -27.0000000000
3248 -25.0000000000
3253 -24.0000000000
3296 -22.0000000000
3351 -21.0000000000
3383 -19.0000000000
3431 -18.0000000000
3491 -17.0000000000
3595 -16.0000000000
3607 -15.0000000000
3634 -13.0000000000
3667 -12.0000000000
3674 -11.0000000000
3739 -10.0000000000
3813 -9.0000000000
3821 -8.0000000000
3918 -7.0000000000
3937 -6.0000000000
3950 -5.0000000000
3977 -4.0000000000
3985 -3.0000000000
4005 -2.0000000000
4035 -1.0000000000
4056 505.0000000000
4107 509.0000000000
4143 510.0000000000
4235 511.0000000000
4304 515.0000000000
4370 519.0000000000
4571 525.0000000000
4637 526.0000000000
4661 531.0000000000
4915 533.0000000000
4963 534.0000000000
96103 565.0000000000
5228 536.0000000000
5277 539.0000000000
5493 541.0000000000
6884 544.0000000000
7900 546.0000000000
100000 -2.0000000000
evaluations raw_y
1 -286.0000000000
6 -272.0000000000
7 -264.0000000000
32 -258.0000000000
41 -253.0000000000
74 -244.0000000000
84 -239.0000000000
96 -237.0000000000
112 -236.0000000000
9436 547.0000000000
117 -234.0000000000
125 -230.0000000000
140 -227.0000000000
148 -224.0000000000
159 -220.0000000000
170 -215.0000000000
181 -213.0000000000
193 -210.0000000000
215 -208.0000000000
223 -203.0000000000
233 -199.0000000000
270 -198.0000000000
273 -197.0000000000
287 -195.0000000000
310 -193.0000000000
331 -192.0000000000
340 -186.0000000000
368 -185.0000000000
386 -184.0000000000
405 -183.0000000000
424 -182.0000000000
426 -180.0000000000
429 -178.0000000000
442 -177.0000000000
450 -176.0000000000
464 -173.0000000000
498 -172.0000000000
512 -171.0000000000
518 -169.0000000000
529 -168.0000000000
550 -167.0000000000
561 -166.0000000000
570 -165.0000000000
594 -164.0000000000
603 -163.0000000000
607 -160.0000000000
642 -158.0000000000
663 -157.0000000000
672 -156.0000000000
684 -155.0000000000
708 -154.0000000000
724 -153.0000000000
726 -151.0000000000
744 -149.0000000000
776 -148.0000000000
784 -147.0000000000
791 -146.0000000000
841 -145.0000000000
867 -144.0000000000
872 -143.0000000000
875 -141.0000000000
898 -140.0000000000
929 -139.0000000000
937 -138.0000000000
961 -137.0000000000
975 -135.0000000000
999 -134.0000000000
1012 -133.0000000000
1034 -132.0000000000
1043 -131.0000000000
1055 -130.0000000000
1061 -129.0000000000
1062 -128.0000000000
1093 -125.0000000000
1103 -124.0000000000
1121 -123.0000000000
1152 -121.0000000000
10550 549.0000000000
1187 -120.0000000000
1190 -119.0000000000
1192 -118.0000000000
1205 -117.0000000000
1214 -114.0000000000
1234 -113.0000000000
1252 -112.0000000000
1276 -111.0000000000
1293 -110.0000000000
1307 -109.0000000000
1325 -108.0000000000
1342 -107.0000000000
1347 -106.0000000000
1377 -105.0000000000
1386 -104.0000000000
1392 -102.0000000000
1432 -101.0000000000
1445 -100.0000000000
1470 -98.0000000000
1527 -97.0000000000
1530 -94.0000000000
1579 -91.0000000000
1636 -90.0000000000
1646 -89.0000000000
1671 -88.0000000000
1697 -87.0000000000
1725 -85.0000000000
1767 -84.0000000000
1808 -83.0000000000
1826 -82.0000000000
1850 -81.0000000000
1878 -80.0000000000
1915 -79.0000000000
1958 -78.0000000000
1971 -77.0000000000
1991 -76.0000000000
2030 -75.0000000000
2050 -74.0000000000
2059 -72.0000000000
2085 -71.0000000000
2107 -70.0000000000
2151 -69.0000000000
11748 550.0000000000
2195 -68.0000000000
2210 -67.0000000000
2239 -66.0000000000
2313 -65.0000000000
2341 -64.0000000000
2354 -63.0000000000
2368 -62.0000000000
2408 -61.0000000000
2419 -58.0000000000
11984 551.0000000000
2448 -57.0000000000
2473 -56.0000000000
2493 -55.0000000000
2506 -53.0000000000
2542 -51.0000000000
2567 -50.0000000000
2597 -49.0000000000
2659 -47.0000000000
2676 -46.0000000000
2727 -45.0000000000
2785 -44.0000000000
2799 -42.0000000000
2837 -41.0000000000
2847 -39.0000000000
2887 -38.0000000000
2912 -37.0000000000
2935 -35.0000000000
3007 -34.0000000000
3014 -33.0000000000
3054 -31.0000000000
3096 -30.0000000000
3108 -29.0000000000
3153 -28.0000000000
3156 -27.0000000000
3209 -26.0000000000
3250 -25.0000000000
3266 -23.0000000000
3277 -22.0000000000
3313 -21.0000000000
3375 -18.0000000000
3430 -17.0000000000
3483 -16.0000000000
3528 -15.0000000000
3536 -14.0000000000
3636 -13.0000000000
3676 -12.0000000000
3695 -11.0000000000
3774 -10.0000000000
3793 -8.0000000000
3821 -7.0000000000
3851 -5.0000000000
3952 -4.0000000000
3955 -3.0000000000
4050 -2.0000000000
4106 -1.0000000000
4137 489.0000000000
4169 496.0000000000
4203 499.0000000000
4211 507.0000000000
4479 510.0000000000
4577 514.0000000000
4679 515.0000000000
4683 519.0000000000
4703 520.0000000000
4815 524.0000000000
4980 527.0000000000
4997 530.0000000000
5093 531.0000000000
5311 535.0000000000
5635 539.0000000000
15887 552.0000000000
15900 554.0000000000
16211 555.0000000000
6253 540.0000000000
16272 556.0000000000
6310 547.0000000000
17634 557.0000000000
7629 549.0000000000
18449 558.0000000000
8999 551.0000000000
9121 552.0000000000
19997 560.0000000000
10345 553.0000000000
10615 555.0000000000
12534 556.0000000000
23918 561.0000000000
13966 557.0000000000
14173 560.0000000000
28116 562.0000000000
17746 561.0000000000
70472 562.0000000000
79283 563.0000000000
100000 -3.0000000000
evaluations raw_y
1 -294.0000000000
2 -281.0000000000
5 -278.0000000000
27 -277.0000000000
35 -276.0000000000
41 -271.0000000000
47 -266.0000000000
55 -264.0000000000
65 -259.0000000000
83 -258.0000000000
86 -257.0000000000
87 -254.0000000000
94 -250.0000000000
98 -249.0000000000
107 -247.0000000000
117 -245.0000000000
120 -244.0000000000
128 -241.0000000000
130 -238.0000000000
145 -235.0000000000
160 -223.0000000000
178 -222.0000000000
189 -221.0000000000
233 -219.0000000000
243 -218.0000000000
279 -216.0000000000
290 -215.0000000000
302 -214.0000000000
313 -210.0000000000
344 -208.0000000000
350 -207.0000000000
354 -205.0000000000
375 -204.0000000000
381 -203.0000000000
382 -202.0000000000
393 -200.0000000000
407 -199.0000000000
417 -196.0000000000
434 -193.0000000000
471 -192.0000000000
499 -190.0000000000
521 -189.0000000000
531 -188.0000000000
535 -187.0000000000
557 -185.0000000000
592 -180.0000000000
634 -179.0000000000
660 -178.0000000000
674 -177.0000000000
689 -176.0000000000
708 -175.0000000000
718 -174.0000000000
726 -172.0000000000
742 -171.0000000000
751 -170.0000000000
783 -169.0000000000
785 -168.0000000000
801 -166.0000000000
824 -164.0000000000
847 -163.0000000000
854 -162.0000000000
873 -159.0000000000
885 -158.0000000000
903 -157.0000000000
913 -156.0000000000
927 -154.0000000000
950 -153.0000000000
959 -150.0000000000
971 -149.0000000000
998 -148.0000000000
1022 -146.0000000000
1057 -144.0000000000
1063 -143.0000000000
1073 -142.0000000000
1076 -141.0000000000
1102 -140.0000000000
1118 -138.0000000000
1131 -136.0000000000
1176 -135.0000000000
1192 -134.0000000000
1222 -133.0000000000
1226 -132.0000000000
1229 -130.0000000000
1249 -129.0000000000
1257 -128.0000000000
1280 -127.0000000000
1298 -126.0000000000
1308 -125.0000000000
1324 -123.0000000000
1370 -122.0000000000
1375 -121.0000000000
1408 -120.0000000000
1414 -119.0000000000
1419 -118.0000000000
1439 -117.0000000000
1484 -116.0000000000
1490 -115.0000000000
1510 -114.0000000000
1546 -113.0000000000
1553 -112.0000000000
1579 -111.0000000000
1596 -110.0000000000
1605 -109.0000000000
1624 -106.0000000000
1652 -105.0000000000
1669 -104.0000000000
1683 -102.0000000000
1715 -101.0000000000
1722 -100.0000000000
1751 -99.0000000000
1771 -98.0000000000
1775 -97.0000000000
1783 -95.0000000000
1804 -94.0000000000
1812 -93.0000000000
1831 -91.0000000000
1875 -87.0000000000
1973 -86.0000000000
1978 -85.0000000000
2000 -84.0000000000
2010 -83.0000000000
2011 -80.0000000000
2065 -79.0000000000
2086 -78.0000000000
2146 -76.0000000000
2188 -75.0000000000
2191 -74.0000000000
2221 -73.0000000000
2224 -72.0000000000
2254 -71.0000000000
2277 -70.0000000000
2294 -69.0000000000
2317 -68.0000000000
2354 -67.0000000000
2372 -66.0000000000
2392 -65.0000000000
2423 -64.0000000000
2429 -63.0000000000
2465 -62.0000000000
2491 -61.0000000000
2522 -60.0000000000
2532 -59.0000000000
2558 -58.0000000000
2564 -57.0000000000
2581 -56.0000000000
2584 -55.0000000000
2599 -54.0000000000
2613 -53.0000000000
2621 -52.0000000000
2659 -51.0000000000
2673 -50.0000000000
2699 -49.0000000000
2701 -47.0000000000
2767 -46.0000000000
2796 -45.0000000000
2830 -43.0000000000
2889 -41.0000000000
2941 -40.0000000000
2962 -39.0000000000
2996 -37.0000000000
3030 -36.0000000000
3043 -35.0000000000
3115 -34.0000000000
3149 -33.0000000000
3150 -32.0000000000
3190 -31.0000000000
3201 -28.0000000000
3276 -27.0000000000
3345 -26.0000000000
3396 -25.0000000000
3425 -23.0000000000
3486 -22.0000000000
3493 -21.0000000000
3519 -20.0000000000
3599 -19.0000000000
3614 -18.0000000000
3631 -17.0000000000
3711 -16.0000000000
3742 -15.0000000000
3766 -14.0000000000
3800 -13.0000000000
3858 -12.0000000000
3867 -11.0000000000
3912 -10.0000000000
3952 -9.0000000000
3993 -8.0000000000
4093 -7.0000000000
4253 -6.0000000000
4264 -5.0000000000
4301 -4.0000000000
4319 -3.0000000000
4373 -2.0000000000
4440 -1.0000000000
4504 484.0000000000
4560 490.0000000000
4582 491.0000000000
4603 496.0000000000
4790 497.0000000000
4851 499.0000000000
4873 500.0000000000
4931 501.0000000000
4985 502.0000000000
5076 503.0000000000
5205 505.0000000000
5244 507.0000000000
5287 509.0000000000
5517 512.0000000000
6359 514.0000000000
6458 515.0000000000
6517 517.0000000000
6900 518.0000000000
6954 519.0000000000
6967 521.0000000000
7035 523.0000000000
8152 526.0000000000
9110 528.0000000000
10291 530.0000000000
10735 535.0000000000
11205 536.0000000000
11288 540.0000000000
12097 546.0000000000
13747 548.0000000000
14371 550.0000000000
16965 553.0000000000
100000 -4.0000000000
evaluations raw_y
1 -284.0000000000
5 -276.0000000000
12 -255.0000000000
65 -253.0000000000
76 -252.0000000000
81 -242.0000000000
111 -232.0000000000
124 -226.0000000000
149 -220.0000000000
172 -219.0000000000
177 -218.0000000000
181 -217.0000000000
187 -216.0000000000
190 -215.0000000000
193 -214.0000000000
196 -212.0000000000
214 -207.0000000000
249 -206.0000000000
251 -199.0000000000
300 -198.0000000000
306 -197.0000000000
309 -194.0000000000
314 -193.0000000000
358 -192.0000000000
371 -189.0000000000
399 -187.0000000000
420 -186.0000000000
433 -185.0000000000
443 -183.0000000000
461 -182.0000000000
495 -181.0000000000
503 -179.0000000000
514 -178.0000000000
544 -175.0000000000
569 -174.0000000000
17831 555.0000000000
592 -173.0000000000
602 -171.0000000000
630 -170.0000000000
642 -168.0000000000
671 -167.0000000000
695 -166.0000000000
712 -163.0000000000
741 -162.0000000000
766 -161.0000000000
772 -160.0000000000
789 -159.0000000000
802 -157.0000000000
830 -156.0000000000
845 -155.0000000000
852 -153.0000000000
856 -152.0000000000
888 -148.0000000000
940 -146.0000000000
953 -145.0000000000
958 -144.0000000000
995 -142.0000000000
996 -141.0000000000
1027 -139.0000000000
1039 -138.0000000000
1041 -137.0000000000
1071 -134.0000000000
1093 -132.0000000000
1124 -131.0000000000
1131 -130.0000000000
1134 -128.0000000000
1147 -127.0000000000
1159 -126.0000000000
1191 -121.0000000000
1247 -119.0000000000
1271 -118.0000000000
1286 -117.0000000000
1311 -115.0000000000
1347 -114.0000000000
1372 -113.0000000000
1390 -110.0000000000
1431 -109.0000000000
1435 -108.0000000000
1496 -107.0000000000
1511 -106.0000000000
1530 -104.0000000000
1537 -102.0000000000
1573 -101.0000000000
1579 -100.0000000000
1599 -99.0000000000
1615 -98.0000000000
1635 -96.0000000000
1661 -95.0000000000
1675 -94.0000000000
1692 -93.0000000000
1733 -92.0000000000
1752 -91.0000000000
1772 -90.0000000000
1804 -89.0000000000
1805 -88.0000000000
1833 -85.0000000000
1854 -84.0000000000
1894 -82.0000000000
1925 -81.0000000000
1954 -79.0000000000
1992 -78.0000000000
2031 -75.0000000000
2042 -74.0000000000
2063 -73.0000000000
2109 -72.0000000000
2121 -71.0000000000
2161 -70.0000000000
2193 -67.0000000000
2245 -66.0000000000
2253 -65.0000000000
2290 -64.0000000000
2347 -63.0000000000
2351 -62.0000000000
2402 -61.0000000000
2407 -58.0000000000
2435 -57.0000000000
2485 -56.0000000000
2504 -55.0000000000
2519 -54.0000000000
2558 -53.0000000000
2561 -51.0000000000
2658 -50.0000000000
2669 -49.0000000000
2698 -48.0000000000
2713 -47.0000000000
2752 -46.0000000000
2764 -44.0000000000
2795 -43.0000000000
2880 -42.0000000000
2892 -41.0000000000
2896 -40.0000000000
2952 -39.0000000000
2965 -38.0000000000
2983 -37.0000000000
3010 -36.0000000000
3034 -35.0000000000
3057 -34.0000000000
3072 -33.0000000000
3084 -32.0000000000
3117 -30.0000000000
3185 -29.0000000000
3195 -28.0000000000
3233 -27.0000000000
3248 -25.0000000000
3253 -24.0000000000
3296 -22.0000000000
3351 -21.0000000000
3383 -19.0000000000
3431 -18.0000000000
3491 -17.0000000000
3595 -16.0000000000
3607 -15.0000000000
3634 -13.0000000000
3667 -12.0000000000
3674 -11.0000000000
3739 -10.0000000000
3813 -9.0000000000
3821 -8.0000000000
3918 -7.0000000000
3937 -6.0000000000
3950 -5.0000000000
3977 -4.0000000000
3985 -3.0000000000
4005 -2.0000000000
4035 -1.0000000000
4056 505.0000000000
4107 509.0000000000
4143 510.0000000000
4235 511.0000000000
4304 515.0000000000
4370 519.0000000000
4571 525.0000000000
4637 526.0000000000
4661 531.0000000000
4915 533.0000000000
4963 534.0000000000
5228 536.0000000000
5277 539.0000000000
5493 541.0000000000
22802 557.0000000000
6884 544.0000000000
7900 546.0000000000
25066 559.0000000000
9436 547.0000000000
10550 549.0000000000
11748 550.0000000000
11984 551.0000000000
15887 552.0000000000
15900 554.0000000000
16211 555.0000000000
16272 556.0000000000
17634 557.0000000000
18449 558.0000000000
19997 560.0000000000
23918 561.0000000000
43647 564.0000000000
28116 562.0000000000
47315 566.0000000000
59812 567.0000000000
69926 569.0000000000
100000 -3.0000000000
evaluations raw_y
1 -296.0000000000
2 -273.0000000000
8 -268.0000000000
25 -267.0000000000
31 -266.0000000000
36 -256.0000000000
42 -253.0000000000
57 -251.0000000000
63 -249.0000000000
66 -244.0000000000
69 -241.0000000000
73 -239.0000000000
83 -237.0000000000
94 -233.0000000000
95 -232.0000000000
112 -228.0000000000
141 -223.0000000000
168 -213.0000000000
173 -207.0000000000
216 -205.0000000000
231 -204.0000000000
238 -202.0000000000
240 -201.0000000000
241 -195.0000000000
292 -194.0000000000
303 -191.0000000000
324 -190.0000000000
334 -188.0000000000
343 -187.0000000000
366 -186.0000000000
374 -184.0000000000
385 -183.0000000000
389 -182.0000000000
407 -181.0000000000
429 -180.0000000000
437 -178.0000000000
463 -177.0000000000
475 -174.0000000000
506 -173.0000000000
526 -169.0000000000
553 -168.0000000000
586 -167.0000000000
597 -166.0000000000
609 -165.0000000000
640 -164.0000000000
659 -163.0000000000
668 -162.0000000000
673 -159.0000000000
716 -157.0000000000
735 -155.0000000000
741 -153.0000000000
762 -151.0000000000
789 -150.0000000000
791 -148.0000000000
816 -146.0000000000
851 -145.0000000000
859 -144.0000000000
862 -143.0000000000
869 -142.0000000000
901 -141.0000000000
905 -140.0000000000
907 -139.0000000000
925 -138.0000000000
946 -137.0000000000
954 -136.0000000000
962 -135.0000000000
985 -134.0000000000
990 -131.0000000000
1012 -130.0000000000
1015 -128.0000000000
1047 -126.0000000000
1075 -125.0000000000
1101 -123.0000000000
1105 -122.0000000000
1150 -121.0000000000
1160 -119.0000000000
1211 -117.0000000000
1232 -116.0000000000
1236 -114.0000000000
1267 -112.0000000000
1280 -111.0000000000
1309 -110.0000000000
1328 -109.0000000000
1336 -107.0000000000
1379 -106.0000000000
1398 -105.0000000000
1409 -102.0000000000
1429 -101.0000000000
1435 -100.0000000000
1455 -99.0000000000
1473 -98.0000000000
1482 -96.0000000000
1495 -95.0000000000
1521 -93.0000000000
1557 -92.0000000000
1612 -90.0000000000
1623 -89.0000000000
1641 -88.0000000000
1672 -87.0000000000
1718 -86.0000000000
1735 -84.0000000000
1742 -83.0000000000
1752 -82.0000000000
1767 -80.0000000000
1796 -79.0000000000
1818 -77.0000000000
1860 -76.0000000000
1891 -75.0000000000
1904 -74.0000000000
1946 -73.0000000000
1960 -72.0000000000
1994 -71.0000000000
2003 -70.0000000000
2046 -69.0000000000
2048 -66.0000000000
2091 -65.0000000000
2102 -64.0000000000
2121 -62.0000000000
2150 -61.0000000000
2172 -60.0000000000
2212 -59.0000000000
2223 -58.0000000000
2250 -57.0000000000
2295 -56.0000000000
2305 -53.0000000000
2346 -52.0000000000
2370 -51.0000000000
2418 -50.0000000000
2430 -49.0000000000
2457 -48.0000000000
2465 -47.0000000000
2520 -46.0000000000
2523 -45.0000000000
2580 -44.0000000000
2584 -41.0000000000
2663 -40.0000000000
2708 -39.0000000000
2726 -38.0000000000
2737 -37.0000000000
2776 -34.0000000000
2783 -33.0000000000
2808 -32.0000000000
2836 -31.0000000000
2923 -29.0000000000
2960 -28.0000000000
2963 -27.0000000000
2978 -25.0000000000
3087 -23.0000000000
3104 -22.0000000000
3120 -21.0000000000
3206 -20.0000000000
3225 -19.0000000000
3239 -18.0000000000
3316 -17.0000000000
3350 -16.0000000000
3368 -15.0000000000
3417 -14.0000000000
3428 -13.0000000000
3446 -12.0000000000
3490 -11.0000000000
3534 -10.0000000000
3569 -9.0000000000
3612 -8.0000000000
3644 -7.0000000000
3688 -6.0000000000
3697 -5.0000000000
3787 -4.0000000000
3820 -3.0000000000
3853 -2.0000000000
3855 -1.0000000000
3905 514.0000000000
3908 519.0000000000
3988 521.0000000000
4038 522.0000000000
4287 523.0000000000
4401 528.0000000000
4510 535.0000000000
5635 547.0000000000
5874 549.0000000000
7252 551.0000000000
14675 552.0000000000
100000 -3.0000000000
evaluations raw_y
1 -294.0000000000
2 -281.0000000000
5 -278.0000000000
27 -277.0000000000
35 -276.0000000000
41 -271.0000000000
47 -266.0000000000
55 -264.0000000000
65 -259.0000000000
83 -258.0000000000
86 -257.0000000000
87 -254.0000000000
94 -250.0000000000
98 -249.0000000000
107 -247.0000000000
117 -245.0000000000
120 -244.0000000000
128 -241.0000000000
130 -238.0000000000
145 -235.0000000000
160 -223.0000000000
178 -222.0000000000
189 -221.0000000000
233 -219.0000000000
243 -218.0000000000
279 -216.0000000000
290 -215.0000000000
302 -214.0000000000
313 -210.0000000000
344 -208.0000000000
350 -207.0000000000
354 -205.0000000000
375 -204.0000000000
381 -203.0000000000
382 -202.0000000000
393 -200.0000000000
407 -199.0000000000
417 -196.0000000000
434 -193.0000000000
471 -192.0000000000
499 -190.0000000000
521 -189.0000000000
531 -188.0000000000
535 -187.0000000000
557 -185.0000000000
592 -180.0000000000
634 -179.0000000000
660 -178.0000000000
674 -177.0000000000
689 -176.0000000000
708 -175.0000000000
718 -174.0000000000
726 -172.0000000000
742 -171.0000000000
751 -170.0000000000
783 -169.0000000000
785 -168.0000000000
801 -166.0000000000
824 -164.0000000000
847 -163.0000000000
854 -162.0000000000
873 -159.0000000000
885 -158.0000000000
903 -157.0000000000
913 -156.0000000000
927 -154.0000000000
950 -153.0000000000
959 -150.0000000000
971 -149.0000000000
998 -148.0000000000
1022 -146.0000000000
1057 -144.0000000000
1063 -143.0000000000
1073 -142.0000000000
1076 -141.0000000000
1102 -140.0000000000
1118 -138.0000000000
1131 -136.0000000000
1176 -135.0000000000
1192 -134.0000000000
1222 -133.0000000000
1226 -132.0000000000
1229 -130.0000000000
1249 -129.0000000000
1257 -128.0000000000
1280 -127.0000000000
1298 -126.0000000000
1308 -125.0000000000
17498 556.0000000000
1324 -123.0000000000
1370 -122.0000000000
1375 -121.0000000000
1408 -120.0000000000
1414 -119.0000000000
1419 -118.0000000000
1439 -117.0000000000
1484 -116.0000000000
1490 -115.0000000000
1510 -114.0000000000
1546 -113.0000000000
1553 -112.0000000000
1579 -111.0000000000
1596 -110.0000000000
1605 -109.0000000000
1624 -106.0000000000
1652 -105.0000000000
1669 -104.0000000000
1683 -102.0000000000
1715 -101.0000000000
1722 -100.0000000000
1751 -99.0000000000
1771 -98.0000000000
1775 -97.0000000000
1783 -95.0000000000
1804 -94.0000000000
1812 -93.0000000000
1831 -91.0000000000
1875 -87.0000000000
1973 -86.0000000000
1978 -85.0000000000
2000 -84.0000000000
2010 -83.0000000000
2011 -80.0000000000
2065 -79.0000000000
2086 -78.0000000000
2146 -76.0000000000
2188 -75.0000000000
2191 -74.0000000000
2221 -73.0000000000
2224 -72.0000000000
2254 -71.0000000000
2277 -70.0000000000
2294 -69.0000000000
2317 -68.0000000000
2354 -67.0000000000
2372 -66.0000000000
2392 -65.0000000000
2423 -64.0000000000
2429 -63.0000000000
2465 -62.0000000000
2491 -61.0000000000
2522 -60.0000000000
18862 558.0000000000
18881 560.0000000000
2532 -59.0000000000
2558 -58.0000000000
2564 -57.0000000000
2581 -56.0000000000
2584 -55.0000000000
2599 -54.0000000000
2613 -53.0000000000
2621 -52.0000000000
2659 -51.0000000000
2673 -50.0000000000
2699 -49.0000000000
2701 -47.0000000000
2767 -46.0000000000
2796 -45.0000000000
2830 -43.0000000000
2889 -41.0000000000
2941 -40.0000000000
2962 -39.0000000000
2996 -37.0000000000
3030 -36.0000000000
3043 -35.0000000000
3115 -34.0000000000
3149 -33.0000000000
3150 -32.0000000000
3190 -31.0000000000
3201 -28.0000000000
3276 -27.0000000000
3345 -26.0000000000
3396 -25.0000000000
3425 -23.0000000000
3486 -22.0000000000
3493 -21.0000000000
3519 -20.0000000000
3599 -19.0000000000
3614 -18.0000000000
3631 -17.0000000000
3711 -16.0000000000
3742 -15.0000000000
3766 -14.0000000000
3800 -13.0000000000
3858 -12.0000000000
3867 -11.0000000000
3912 -10.0000000000
3952 -9.0000000000
3993 -8.0000000000
4093 -7.0000000000
4253 -6.0000000000
4264 -5.0000000000
4301 -4.0000000000
4319 -3.0000000000
4373 -2.0000000000
4440 -1.0000000000
4504 484.0000000000
4560 490.0000000000
4582 491.0000000000
4603 496.0000000000
4790 497.0000000000
4851 499.0000000000
4873 500.0000000000
4931 501.0000000000
4985 502.0000000000
5076 503.0000000000
5205 505.0000000000
5244 507.0000000000
5287 509.0000000000
5517 512.0000000000
6359 514.0000000000
6458 515.0000000000
6517 517.0000000000
6900 518.0000000000
6954 519.0000000000
6967 521.0000000000
7035 523.0000000000
8152 526.0000000000
9110 528.0000000000
10291 530.0000000000
10735 535.0000000000
26527 561.0000000000
11205 536.0000000000
11288 540.0000000000
12097 546.0000000000
13747 548.0000000000
14371 550.0000000000
16965 553.0000000000
17831 555.0000000000
36610 562.0000000000
38432 564.0000000000
22802 557.0000000000
25066 559.0000000000
43647 564.0000000000
62806 565.0000000000
47315 566.0000000000
63578 567.0000000000
59812 567.0000000000
69926 569.0000000000
100000 556.0000000000
evaluations raw_y
1 -296.0000000000
2 -274.0000000000
4 -261.0000000000
31 -252.0000000000
60 -241.0000000000
85 -239.0000000000
108 -235.0000000000
123 -227.0000000000
144 -226.0000000000
145 -225.0000000000
154 -223.0000000000
172 -222.0000000000
186 -221.0000000000
193 -212.0000000000
221 -208.0000000000
242 -206.0000000000
250 -204.0000000000
253 -203.0000000000
270 -201.0000000000
274 -200.0000000000
286 -197.0000000000
293 -196.0000000000
322 -194.0000000000
323 -192.0000000000
347 -191.0000000000
359 -190.0000000000
368 -189.0000000000
382 -188.0000000000
390 -185.0000000000
431 -183.0000000000
439 -179.0000000000
496 -177.0000000000
531 -173.0000000000
571 -171.0000000000
599 -167.0000000000
650 -165.0000000000
669 -163.0000000000
691 -162.0000000000
709 -159.0000000000
718 -158.0000000000
743 -156.0000000000
762 -155.0000000000
773 -154.0000000000
791 -152.0000000000
794 -151.0000000000
804 -150.0000000000
823 -148.0000000000
832 -146.0000000000
869 -145.0000000000
894 -143.0000000000
901 -142.0000000000
907 -141.0000000000
921 -140.0000000000
955 -139.0000000000
958 -138.0000000000
967 -137.0000000000
1002 -136.0000000000
1011 -135.0000000000
1023 -134.0000000000
1034 -133.0000000000
1042 -132.0000000000
1051 -131.0000000000
1057 -130.0000000000
1084 -129.0000000000
1086 -128.0000000000
1104 -126.0000000000
1112 -125.0000000000
1127 -123.0000000000
1144 -121.0000000000
1189 -120.0000000000
1193 -118.0000000000
1237 -117.0000000000
1246 -116.0000000000
1271 -115.0000000000
1281 -114.0000000000
1292 -113.0000000000
1310 -111.0000000000
1327 -110.0000000000
1347 -109.0000000000
1358 -108.0000000000
1363 -107.0000000000
1368 -106.0000000000
1393 -105.0000000000
1394 -102.0000000000
1430 -101.0000000000
1462 -100.0000000000
1482 -99.0000000000
1492 -98.0000000000
1527 -97.0000000000
1544 -96.0000000000
1553 -95.0000000000
1566 -93.0000000000
1611 -92.0000000000
1650 -90.0000000000
1679 -88.0000000000
1692 -87.0000000000
1717 -85.0000000000
1739 -84.0000000000
1749 -82.0000000000
1763 -81.0000000000
1809 -79.0000000000
1819 -77.0000000000
1833 -76.0000000000
1862 -75.0000000000
1864 -74.0000000000
1879 -73.0000000000
1928 -72.0000000000
1948 -71.0000000000
1954 -70.0000000000
1985 -69.0000000000
2056 -68.0000000000
2074 -67.0000000000
2082 -66.0000000000
2099 -65.0000000000
2129 -64.0000000000
2145 -63.0000000000
2171 -62.0000000000
2181 -61.0000000000
2185 -60.0000000000
2203 -58.0000000000
2256 -57.0000000000
2289 -56.0000000000
2317 -55.0000000000
2323 -54.0000000000
2331 -53.0000000000
2343 -52.0000000000
2374 -51.0000000000
2387 -50.0000000000
2405 -49.0000000000
2436 -48.0000000000
2478 -47.0000000000
2501 -46.0000000000
2581 -45.0000000000
2606 -44.0000000000
2630 -43.0000000000
2694 -42.0000000000
2708 -39.0000000000
2780 -38.0000000000
2820 -37.0000000000
2862 -36.0000000000
2883 -34.0000000000
2933 -33.0000000000
2951 -32.0000000000
3004 -31.0000000000
3025 -30.0000000000
3052 -29.0000000000
3065 -28.0000000000
3081 -27.0000000000
3124 -26.0000000000
3188 -25.0000000000
3211 -24.0000000000
3252 -23.0000000000
3288 -22.0000000000
3326 -21.0000000000
3350 -20.0000000000
3391 -18.0000000000
3435 -16.0000000000
3480 -15.0000000000
3558 -14.0000000000
3617 -13.0000000000
3655 -12.0000000000
3713 -11.0000000000
3798 -10.0000000000
3882 -9.0000000000
3953 -8.0000000000
3974 -7.0000000000
4052 -6.0000000000
4063 -5.0000000000
4086 -4.0000000000
4104 -3.0000000000
4215 -2.0000000000
4362 -1.0000000000
4433 502.0000000000
4593 511.0000000000
4692 512.0000000000
4821 514.0000000000
4892 515.0000000000
5299 516.0000000000
5330 520.0000000000
5368 526.0000000000
5653 529.0000000000
5709 531.0000000000
5721 532.0000000000
6286 534.0000000000
6311 542.0000000000
6476 546.0000000000
7527 548.0000000000
7979 550.0000000000
10467 551.0000000000
12197 553.0000000000
100000 -3.0000000000
evaluations raw_y
1 -296.0000000000
2 -273.0000000000
8 -268.0000000000
25 -267.0000000000
31 -266.0000000000
36 -256.0000000000
42 -253.0000000000
57 -251.0000000000
63 -249.0000000000
66 -244.0000000000
69 -241.0000000000
73 -239.0000000000
83 -237.0000000000
94 -233.0000000000
95 -232.0000000000
112 -228.0000000000
141 -223.0000000000
168 -213.0000000000
173 -207.0000000000
216 -205.0000000000
231 -204.0000000000
238 -202.0000000000
240 -201.0000000000
241 -195.0000000000
292 -194.0000000000
303 -191.0000000000
324 -190.0000000000
334 -188.0000000000
343 -187.0000000000
366 -186.0000000000
374 -184.0000000000
385 -183.0000000000
389 -182.0000000000
407 -181.0000000000
429 -180.0000000000
437 -178.0000000000
463 -177.0000000000
475 -174.0000000000
506 -173.0000000000
526 -169.0000000000
553 -168.0000000000
586 -167.0000000000
597 -166.0000000000
609 -165.0000000000
640 -164.0000000000
659 -163.0000000000
668 -162.0000000000
673 -159.0000000000
716 -157.0000000000
735 -155.0000000000
741 -153.0000000000
762 -151.0000000000
789 -150.0000000000
791 -148.0000000000
816 -146.0000000000
851 -145.0000000000
859 -144.0000000000
862 -143.0000000000
869 -142.0000000000
901 -141.0000000000
905 -140.0000000000
907 -139.0000000000
925 -138.0000000000
946 -137.0000000000
954 -136.0000000000
962 -135.0000000000
985 -134.0000000000
990 -131.0000000000
1012 -130.0000000000
1015 -128.0000000000
1047 -126.0000000000
1075 -125.0000000000
1101 -123.0000000000
1105 -122.0000000000
1150 -121.0000000000
1160 -119.0000000000
1211 -117.0000000000
1232 -116.0000000000
1236 -114.0000000000
1267 -112.0000000000
1280 -111.0000000000
1309 -110.0000000000
1328 -109.0000000000
1336 -107.0000000000
1379 -106.0000000000
1398 -105.0000000000
1409 -102.0000000000
1429 -101.0000000000
1435 -100.0000000000
1455 -99.0000000000
1473 -98.0000000000
1482 -96.0000000000
1495 -95.0000000000
1521 -93.0000000000
1557 -92.0000000000
1612 -90.0000000000
1623 -89.0000000000
1641 -88.0000000000
1672 -87.0000000000
1718 -86.0000000000
1735 -84.0000000000
1742 -83.0000000000
1752 -82.0000000000
1767 -80.0000000000
1796 -79.0000000000
1818 -77.0000000000
1860 -76.0000000000
1891 -75.0000000000
1904 -74.0000000000
1946 -73.0000000000
1960 -72.0000000000
1994 -71.0000000000
2003 -70.0000000000
2046 -69.0000000000
2048 -66.0000000000
2091 -65.0000000000
2102 -64.0000000000
2121 -62.0000000000
2150 -61.0000000000
2172 -60.0000000000
2212 -59.0000000000
2223 -58.0000000000
2250 -57.0000000000
2295 -56.0000000000
2305 -53.0000000000
2346 -52.0000000000
2370 -51.0000000000
2418 -50.0000000000
2430 -49.0000000000
2457 -48.0000000000
2465 -47.0000000000
2520 -46.0000000000
2523 -45.0000000000
2580 -44.0000000000
2584 -41.0000000000
2663 -40.0000000000
2708 -39.0000000000
2726 -38.0000000000
2737 -37.0000000000
2776 -34.0000000000
2783 -33.0000000000
2808 -32.0000000000
2836 -31.0000000000
2923 -29.0000000000
2960 -28.0000000000
2963 -27.0000000000
2978 -25.0000000000
3087 -23.0000000000
3104 -22.0000000000
3120 -21.0000000000
3206 -20.0000000000
3225 -19.0000000000
3239 -18.0000000000
3316 -17.0000000000
3350 -16.0000000000
3368 -15.0000000000
3417 -14.0000000000
3428 -13.0000000000
3446 -12.0000000000
3490 -11.0000000000
3534 -10.0000000000
3569 -9.0000000000
3612 -8.0000000000
3644 -7.0000000000
3688 -6.0000000000
3697 -5.0000000000
3787 -4.0000000000
3820 -3.0000000000
3853 -2.0000000000
3855 -1.0000000000
3905 514.0000000000
3908 519.0000000000
3988 521.0000000000
4038 522.0000000000
4287 523.0000000000
4401 528.0000000000
4510 535.0000000000
5635 547.0000000000
5874 549.0000000000
7252 551.0000000000
33182 556.0000000000
14675 552.0000000000
37283 561.0000000000
17498 556.0000000000
18862 558.0000000000
18881 560.0000000000
26527 561.0000000000
36610 562.0000000000
38432 564.0000000000
60222 565.0000000000
73396 568.0000000000
62806 565.0000000000
63578 567.0000000000
100000 -2.0000000000
evaluations raw_y
1 -283.0000000000
3 -282.0000000000
5 -276.0000000000
9 -272.0000000000
11 -251.0000000000
50 -243.0000000000
58 -239.0000000000
79 -228.0000000000
93 -227.0000000000
101 -226.0000000000
125 -223.0000000000
143 -222.0000000000
151 -220.0000000000
155 -217.0000000000
161 -216.0000000000
172 -214.0000000000
214 -204.0000000000
254 -202.0000000000
270 -200.0000000000
274 -199.0000000000
285 -195.0000000000
296 -194.0000000000
321 -192.0000000000
345 -191.0000000000
351 -189.0000000000
360 -188.0000000000
362 -187.0000000000
365 -186.0000000000
387 -185.0000000000
401 -184.0000000000
418 -183.0000000000
422 -182.0000000000
450 -180.0000000000
465 -179.0000000000
492 -178.0000000000
497 -177.0000000000
503 -176.0000000000
519 -175.0000000000
521 -173.0000000000
549 -171.0000000000
576 -170.0000000000
605 -169.0000000000
607 -168.0000000000
620 -167.0000000000
652 -165.0000000000
676 -163.0000000000
689 -159.0000000000
753 -157.0000000000
765 -155.0000000000
790 -154.0000000000
794 -153.0000000000
831 -151.0000000000
832 -150.0000000000
858 -148.0000000000
866 -147.0000000000
882 -144.0000000000
924 -143.0000000000
961 -142.0000000000
974 -141.0000000000
976 -140.0000000000
987 -139.0000000000
992 -137.0000000000
1032 -136.0000000000
1036 -134.0000000000
1065 -132.0000000000
1101 -131.0000000000
1107 -130.0000000000
1112 -128.0000000000
1130 -127.0000000000
1166 -126.0000000000
1167 -125.0000000000
1208 -123.0000000000
1233 -122.0000000000
1239 -120.0000000000
1290 -119.0000000000
1294 -116.0000000000
1354 -114.0000000000
1366 -112.0000000000
1396 -110.0000000000
1424 -109.0000000000
1450 -108.0000000000
1452 -106.0000000000
1485 -104.0000000000
1532 -102.0000000000
1550 -101.0000000000
1561 -100.0000000000
1579 -99.0000000000
1596 -97.0000000000
1623 -96.0000000000
1636 -95.0000000000
1664 -94.0000000000
1697 -93.0000000000
1703 -92.0000000000
1706 -91.0000000000
1753 -90.0000000000
1772 -89.0000000000
1792 -86.0000000000
1818 -84.0000000000
1863 -82.0000000000
1876 -81.0000000000
1901 -80.0000000000
1936 -78.0000000000
1950 -76.0000000000
2001 -75.0000000000
2023 -74.0000000000
2026 -73.0000000000
2066 -72.0000000000
2088 -70.0000000000
2120 -69.0000000000
2136 -68.0000000000
2164 -66.0000000000
2191 -65.0000000000
2213 -64.0000000000
2240 -63.0000000000
2253 -61.0000000000
2288 -59.0000000000
2352 -58.0000000000
2374 -57.0000000000
2396 -56.0000000000
2411 -55.0000000000
2431 -54.0000000000
2458 -52.0000000000
2507 -51.0000000000
2512 -50.0000000000
2577 -49.0000000000
2618 -48.0000000000
2643 -47.0000000000
2661 -46.0000000000
2689 -45.0000000000
2731 -44.0000000000
2753 -43.0000000000
2769 -42.0000000000
2775 -41.0000000000
2830 -40.0000000000
2853 -38.0000000000
2897 -37.0000000000
2901 -36.0000000000
2922 -35.0000000000
2954 -34.0000000000
2998 -33.0000000000
3001 -32.0000000000
3046 -31.0000000000
3096 -30.0000000000
3124 -29.0000000000
3158 -28.0000000000
3165 -27.0000000000
3254 -26.0000000000
3276 -25.0000000000
3287 -23.0000000000
3300 -22.0000000000
3367 -21.0000000000
3393 -20.0000000000
3453 -19.0000000000
3491 -18.0000000000
3493 -17.0000000000
3597 -16.0000000000
3625 -15.0000000000
3631 -14.0000000000
3691 -13.0000000000
3731 -12.0000000000
3793 -11.0000000000
3841 -10.0000000000
3880 -9.0000000000
3917 -8.0000000000
3966 -7.0000000000
4023 -6.0000000000
4030 -5.0000000000
4095 -4.0000000000
4144 -3.0000000000
4191 -2.0000000000
4268 -1.0000000000
4293 467.0000000000
4352 473.0000000000
4381 492.0000000000
4484 501.0000000000
4530 502.0000000000
4583 505.0000000000
4901 506.0000000000
4915 517.0000000000
5452 520.0000000000
5476 522.0000000000
5957 525.0000000000
6000 526.0000000000
6318 527.0000000000
6393 528.0000000000
6433 532.0000000000
6468 534.0000000000
6637 542.0000000000
7685 543.0000000000
7903 544.0000000000
8115 545.0000000000
8284 546.0000000000
8333 547.0000000000
8423 548.0000000000
8476 549.0000000000
8568 551.0000000000
8644 552.0000000000
12386 553.0000000000
15787 556.0000000000
100000 556.0000000000
evaluations raw_y
1 -296.0000000000
2 -274.0000000000
4 -261.0000000000
31 -252.0000000000
60 -241.0000000000
85 -239.0000000000
108 -235.0000000000
123 -227.0000000000
144 -226.0000000000
145 -225.0000000000
154 -223.0000000000
172 -222.0000000000
186 -221.0000000000
193 -212.0000000000
221 -208.0000000000
242 -206.0000000000
250 -204.0000000000
253 -203.0000000000
270 -201.0000000000
274 -200.0000000000
286 -197.0000000000
293 -196.0000000000
322 -194.0000000000
323 -192.0000000000
347 -191.0000000000
359 -190.0000000000
368 -189.0000000000
382 -188.0000000000
390 -185.0000000000
431 -183.0000000000
439 -179.0000000000
496 -177.0000000000
531 -173.0000000000
571 -171.0000000000
599 -167.0000000000
650 -165.0000000000
669 -163.0000000000
691 -162.0000000000
709 -159.0000000000
718 -158.0000000000
743 -156.0000000000
762 -155.0000000000
773 -154.0000000000
791 -152.0000000000
794 -151.0000000000
804 -150.0000000000
823 -148.0000000000
832 -146.0000000000
869 -145.0000000000
894 -143.0000000000
901 -142.0000000000
907 -141.0000000000
921 -140.0000000000
955 -139.0000000000
958 -138.0000000000
967 -137.0000000000
1002 -136.0000000000
1011 -135.0000000000
1023 -134.0000000000
1034 -133.0000000000
1042 -132.0000000000
1051 -131.0000000000
1057 -130.0000000000
1084 -129.0000000000
1086 -128.0000000000
1104 -126.0000000000
1112 -125.0000000000
1127 -123.0000000000
1144 -121.0000000000
1189 -120.0000000000
1193 -118.0000000000
1237 -117.0000000000
1246 -116.0000000000
1271 -115.0000000000
1281 -114.0000000000
1292 -113.0000000000
1310 -111.0000000000
1327 -110.0000000000
1347 -109.0000000000
1358 -108.0000000000
1363 -107.0000000000
1368 -106.0000000000
1393 -105.0000000000
1394 -102.0000000000
1430 -101.0000000000
1462 -100.0000000000
1482 -99.0000000000
1492 -98.0000000000
1527 -97.0000000000
1544 -96.0000000000
1553 -95.0000000000
1566 -93.0000000000
1611 -92.0000000000
1650 -90.0000000000
1679 -88.0000000000
1692 -87.0000000000
1717 -85.0000000000
1739 -84.0000000000
1749 -82.0000000000
1763 -81.0000000000
1809 -79.0000000000
1819 -77.0000000000
1833 -76.0000000000
1862 -75.0000000000
1864 -74.0000000000
1879 -73.0000000000
1928 -72.0000000000
1948 -71.0000000000
1954 -70.0000000000
1985 -69.0000000000
2056 -68.0000000000
2074 -67.0000000000
2082 -66.0000000000
2099 -65.0000000000
2129 -64.0000000000
2145 -63.0000000000
22203 557.0000000000
2171 -62.0000000000
2181 -61.0000000000
2185 -60.0000000000
2203 -58.0000000000
2256 -57.0000000000
2289 -56.0000000000
2317 -55.0000000000
2323 -54.0000000000
2331 -53.0000000000
2343 -52.0000000000
2374 -51.0000000000
2387 -50.0000000000
2405 -49.0000000000
2436 -48.0000000000
2478 -47.0000000000
2501 -46.0000000000
2581 -45.0000000000
2606 -44.0000000000
2630 -43.0000000000
2694 -42.0000000000
2708 -39.0000000000
2780 -38.0000000000
2820 -37.0000000000
2862 -36.0000000000
2883 -34.0000000000
2933 -33.0000000000
2951 -32.0000000000
3004 -31.0000000000
3025 -30.0000000000
3052 -29.0000000000
3065 -28.0000000000
3081 -27.0000000000
3124 -26.0000000000
3188 -25.0000000000
3211 -24.0000000000
3252 -23.0000000000
3288 -22.0000000000
3326 -21.0000000000
3350 -20.0000000000
3391 -18.0000000000
3435 -16.0000000000
3480 -15.0000000000
3558 -14.0000000000
3617 -13.0000000000
3655 -12.0000000000
3713 -11.0000000000
3798 -10.0000000000
3882 -9.0000000000
3953 -8.0000000000
3974 -7.0000000000
4052 -6.0000000000
4063 -5.0000000000
4086 -4.0000000000
4104 -3.0000000000
4215 -2.0000000000
4362 -1.0000000000
4433 502.0000000000
4593 511.0000000000
4692 512.0000000000
4821 514.0000000000
4892 515.0000000000
5299 516.0000000000
5330 520.0000000000
5368 526.0000000000
5653 529.0000000000
5709 531.0000000000
5721 532.0000000000
6286 534.0000000000
6311 542.0000000000
6476 546.0000000000
7527 548.0000000000
7979 550.0000000000
10467 551.0000000000
12197 553.0000000000
33182 556.0000000000
37283 561.0000000000
58045 559.0000000000
63756 561.0000000000
63888 562.0000000000
60222 565.0000000000
78850 563.0000000000
86277 564.0000000000
86628 566.0000000000
89083 568.0000000000
73396 568.0000000000
100000 -2.0000000000
evaluations raw_y
1 -286.0000000000
3 -280.0000000000
6 -278.0000000000
11 -266.0000000000
26 -255.0000000000
54 -246.0000000000
65 -241.0000000000
97 -240.0000000000
105 -234.0000000000
120 -231.0000000000
125 -226.0000000000
144 -225.0000000000
145 -223.0000000000
159 -222.0000000000
171 -221.0000000000
187 -218.0000000000
203 -215.0000000000
210 -210.0000000000
228 -206.0000000000
234 -200.0000000000
258 -197.0000000000
263 -194.0000000000
271 -189.0000000000
304 -188.0000000000
316 -187.0000000000
332 -186.0000000000
344 -181.0000000000
384 -179.0000000000
406 -177.0000000000
423 -176.0000000000
424 -175.0000000000
431 -174.0000000000
444 -172.0000000000
483 -171.0000000000
490 -169.0000000000
513 -167.0000000000
555 -165.0000000000
591 -164.0000000000
609 -163.0000000000
630 -162.0000000000
642 -158.0000000000
674 -157.0000000000
705 -156.0000000000
731 -155.0000000000
781 -154.0000000000
786 -152.0000000000
793 -151.0000000000
803 -150.0000000000
812 -149.0000000000
839 -147.0000000000
846 -146.0000000000
864 -145.0000000000
868 -144.0000000000
895 -142.0000000000
920 -140.0000000000
928 -139.0000000000
958 -138.0000000000
977 -137.0000000000
1005 -135.0000000000
1023 -134.0000000000
1035 -133.0000000000
1036 -132.0000000000
1066 -131.0000000000
1076 -130.0000000000
1107 -129.0000000000
1113 -128.0000000000
1131 -127.0000000000
1142 -126.0000000000
1143 -125.0000000000
1167 -123.0000000000
1197 -122.0000000000
1212 -121.0000000000
1224 -120.0000000000
1253 -118.0000000000
1254 -117.0000000000
1280 -116.0000000000
1281 -115.0000000000
1330 -114.0000000000
1337 -113.0000000000
1349 -112.0000000000
1371 -110.0000000000
1405 -108.0000000000
1430 -107.0000000000
1444 -105.0000000000
1477 -104.0000000000
1483 -102.0000000000
1513 -101.0000000000
1539 -100.0000000000
1551 -99.0000000000
1568 -97.0000000000
1587 -96.0000000000
1626 -95.0000000000
1654 -94.0000000000
1659 -93.0000000000
1704 -92.0000000000
1722 -91.0000000000
1746 -90.0000000000
1758 -89.0000000000
1764 -88.0000000000
1768 -87.0000000000
1788 -86.0000000000
1797 -85.0000000000
1818 -84.0000000000
1834 -83.0000000000
1846 -82.0000000000
1862 -81.0000000000
1872 -80.0000000000
1877 -79.0000000000
1892 -78.0000000000
1935 -77.0000000000
1945 -75.0000000000
1975 -72.0000000000
2009 -71.0000000000
2043 -69.0000000000
2052 -68.0000000000
2092 -67.0000000000
2115 -66.0000000000
2131 -65.0000000000
2165 -63.0000000000
2204 -62.0000000000
2231 -61.0000000000
2241 -60.0000000000
2247 -59.0000000000
2287 -58.0000000000
2303 -57.0000000000
2314 -56.0000000000
2323 -55.0000000000
2361 -54.0000000000
2372 -53.0000000000
2380 -52.0000000000
2411 -51.0000000000
2414 -50.0000000000
2426 -49.0000000000
2470 -48.0000000000
2521 -47.0000000000
2526 -45.0000000000
2565 -44.0000000000
2600 -42.0000000000
2627 -41.0000000000
2666 -40.0000000000
2693 -38.0000000000
2719 -37.0000000000
2738 -36.0000000000
2764 -35.0000000000
2839 -34.0000000000
2854 -33.0000000000
2875 -32.0000000000
2925 -31.0000000000
2947 -30.0000000000
2949 -29.0000000000
2986 -28.0000000000
3017 -27.0000000000
3039 -25.0000000000
3059 -23.0000000000
3142 -22.0000000000
3190 -21.0000000000
3218 -20.0000000000
3243 -19.0000000000
3272 -17.0000000000
3320 -16.0000000000
3361 -15.0000000000
3399 -14.0000000000
3434 -12.0000000000
3537 -11.0000000000
3573 -10.0000000000
3592 -8.0000000000
3765 -7.0000000000
3779 -6.0000000000
3841 -5.0000000000
3883 -3.0000000000
3969 -2.0000000000
3985 -1.0000000000
4033 473.0000000000
4045 474.0000000000
4099 479.0000000000
4110 485.0000000000
4140 490.0000000000
4189 497.0000000000
4359 504.0000000000
5059 508.0000000000
5143 512.0000000000
5237 517.0000000000
5267 523.0000000000
5356 527.0000000000
6457 528.0000000000
6634 535.0000000000
6684 536.0000000000
6871 538.0000000000
7040 543.0000000000
7155 544.0000000000
7333 546.0000000000
7745 549.0000000000
8775 553.0000000000
13433 555.0000000000
14680 556.0000000000
100000 -2.0000000000
evaluations raw_y
1 -283.0000000000
3 -282.0000000000
5 -276.0000000000
9 -272.0000000000
11 -251.0000000000
50 -243.0000000000
58 -239.0000000000
79 -228.0000000000
93 -227.0000000000
101 -226.0000000000
125 -223.0000000000
143 -222.0000000000
151 -220.0000000000
155 -217.0000000000
161 -216.0000000000
172 -214.0000000000
214 -204.0000000000
254 -202.0000000000
270 -200.0000000000
274 -199.0000000000
285 -195.0000000000
296 -194.0000000000
321 -192.0000000000
345 -191.0000000000
351 -189.0000000000
360 -188.0000000000
362 -187.0000000000
365 -186.0000000000
387 -185.0000000000
401 -184.0000000000
418 -183.0000000000
422 -182.0000000000
450 -180.0000000000
465 -179.0000000000
492 -178.0000000000
497 -177.0000000000
503 -176.0000000000
519 -175.0000000000
521 -173.0000000000
549 -171.0000000000
576 -170.0000000000
605 -169.0000000000
607 -168.0000000000
620 -167.0000000000
652 -165.0000000000
676 -163.0000000000
689 -159.0000000000
753 -157.0000000000
765 -155.0000000000
790 -154.0000000000
794 -153.0000000000
831 -151.0000000000
832 -150.0000000000
858 -148.0000000000
866 -147.0000000000
882 -144.0000000000
16397 557.0000000000
16432 558.0000000000
924 -143.0000000000
961 -142.0000000000
974 -141.0000000000
976 -140.0000000000
987 -139.0000000000
992 -137.0000000000
1032 -136.0000000000
1036 -134.0000000000
1065 -132.0000000000
1101 -131.0000000000
1107 -130.0000000000
1112 -128.0000000000
1130 -127.0000000000
1166 -126.0000000000
1167 -125.0000000000
1208 -123.0000000000
1233 -122.0000000000
1239 -120.0000000000
1290 -119.0000000000
1294 -116.0000000000
1354 -114.0000000000
1366 -112.0000000000
1396 -110.0000000000
1424 -109.0000000000
1450 -108.0000000000
1452 -106.0000000000
1485 -104.0000000000
1532 -102.0000000000
1550 -101.0000000000
1561 -100.0000000000
1579 -99.0000000000
1596 -97.0000000000
1623 -96.0000000000
1636 -95.0000000000
1664 -94.0000000000
1697 -93.0000000000
1703 -92.0000000000
1706 -91.0000000000
1753 -90.0000000000
1772 -89.0000000000
1792 -86.0000000000
1818 -84.0000000000
1863 -82.0000000000
1876 -81.0000000000
1901 -80.0000000000
1936 -78.0000000000
1950 -76.0000000000
2001 -75.0000000000
2023 -74.0000000000
2026 -73.0000000000
2066 -72.0000000000
2088 -70.0000000000
2120 -69.0000000000
2136 -68.0000000000
2164 -66.0000000000
2191 -65.0000000000
2213 -64.0000000000
2240 -63.0000000000
2253 -61.0000000000
2288 -59.0000000000
2352 -58.0000000000
2374 -57.0000000000
2396 -56.0000000000
2411 -55.0000000000
2431 -54.0000000000
2458 -52.0000000000
2507 -51.0000000000
2512 -50.0000000000
2577 -49.0000000000
2618 -48.0000000000
17841 559.0000000000
2643 -47.0000000000
2661 -46.0000000000
2689 -45.0000000000
2731 -44.0000000000
2753 -43.0000000000
2769 -42.0000000000
2775 -41.0000000000
17955 561.0000000000
2830 -40.0000000000
2853 -38.0000000000
2897 -37.0000000000
2901 -36.0000000000
2922 -35.0000000000
2954 -34.0000000000
2998 -33.0000000000
3001 -32.0000000000
3046 -31.0000000000
3096 -30.0000000000
3124 -29.0000000000
3158 -28.0000000000
3165 -27.0000000000
3254 -26.0000000000
3276 -25.0000000000
3287 -23.0000000000
3300 -22.0000000000
3367 -21.0000000000
3393 -20.0000000000
3453 -19.0000000000
3491 -18.0000000000
3493 -17.0000000000
3597 -16.0000000000
3625 -15.0000000000
3631 -14.0000000000
3691 -13.0000000000
3731 -12.0000000000
3793 -11.0000000000
3841 -10.0000000000
3880 -9.0000000000
3917 -8.0000000000
3966 -7.0000000000
4023 -6.0000000000
4030 -5.0000000000
4095 -4.0000000000
4144 -3.0000000000
4191 -2.0000000000
4268 -1.0000000000
4293 467.0000000000
4352 473.0000000000
4381 492.0000000000
4484 501.0000000000
4530 502.0000000000
4583 505.0000000000
4901 506.0000000000
4915 517.0000000000
5452 520.0000000000
5476 522.0000000000
5957 525.0000000000
6000 526.0000000000
6318 527.0000000000
6393 528.0000000000
6433 532.0000000000
6468 534.0000000000
6637 542.0000000000
7685 543.0000000000
7903 544.0000000000
8115 545.0000000000
8284 546.0000000000
8333 547.0000000000
8423 548.0000000000
8476 549.0000000000
8568 551.0000000000
8644 552.0000000000
12386 553.0000000000
30074 563.0000000000
15787 556.0000000000
22203 557.0000000000
52649 566.0000000000
58045 559.0000000000
63756 561.0000000000
63888 562.0000000000
80760 567.0000000000
78850 563.0000000000
86277 564.0000000000
86628 566.0000000000
100000 -1.0000000000
evaluations raw_y
1 -278.0000000000
12 -268.0000000000
15 -266.0000000000
28 -265.0000000000
32 -256.0000000000
42 -252.0000000000
63 -246.0000000000
65 -239.0000000000
99 -238.0000000000
117 -236.0000000000
120 -234.0000000000
130 -231.0000000000
136 -229.0000000000
139 -226.0000000000
153 -222.0000000000
166 -221.0000000000
175 -217.0000000000
190 -203.0000000000
232 -201.0000000000
252 -197.0000000000
272 -194.0000000000
290 -192.0000000000
318 -191.0000000000
329 -188.0000000000
372 -187.0000000000
386 -185.0000000000
407 -183.0000000000
434 -181.0000000000
448 -179.0000000000
462 -177.0000000000
484 -176.0000000000
491 -174.0000000000
498 -173.0000000000
540 -172.0000000000
546 -171.0000000000
565 -168.0000000000
574 -167.0000000000
576 -166.0000000000
582 -165.0000000000
607 -163.0000000000
610 -162.0000000000
642 -160.0000000000
671 -159.0000000000
690 -158.0000000000
701 -156.0000000000
735 -155.0000000000
747 -154.0000000000
756 -153.0000000000
762 -152.0000000000
773 -151.0000000000
774 -150.0000000000
783 -149.0000000000
815 -147.0000000000
834 -145.0000000000
848 -143.0000000000
877 -142.0000000000
884 -141.0000000000
904 -140.0000000000
928 -139.0000000000
936 -138.0000000000
948 -135.0000000000
989 -134.0000000000
996 -131.0000000000
1046 -130.0000000000
1078 -129.0000000000
1100 -128.0000000000
1117 -126.0000000000
1125 -124.0000000000
1155 -122.0000000000
1211 -121.0000000000
1223 -120.0000000000
1238 -119.0000000000
1267 -117.0000000000
1306 -115.0000000000
1342 -114.0000000000
1345 -113.0000000000
1384 -112.0000000000
1405 -109.0000000000
1455 -107.0000000000
1471 -106.0000000000
89083 568.0000000000
1482 -105.0000000000
1492 -104.0000000000
1514 -103.0000000000
1531 -102.0000000000
1542 -101.0000000000
1565 -100.0000000000
1571 -98.0000000000
1590 -95.0000000000
1641 -94.0000000000
1647 -93.0000000000
1694 -92.0000000000
1709 -91.0000000000
1744 -89.0000000000
1773 -88.0000000000
1799 -87.0000000000
1816 -86.0000000000
1835 -85.0000000000
1838 -84.0000000000
1850 -82.0000000000
1884 -81.0000000000
1925 -77.0000000000
1944 -76.0000000000
1961 -75.0000000000
2003 -74.0000000000
2008 -72.0000000000
2056 -71.0000000000
2086 -68.0000000000
2143 -67.0000000000
2196 -66.0000000000
2206 -64.0000000000
2262 -63.0000000000
2287 -62.0000000000
2314 -61.0000000000
2316 -60.0000000000
2317 -59.0000000000
2384 -58.0000000000
2413 -57.0000000000
2439 -56.0000000000
2449 -55.0000000000
2468 -54.0000000000
2480 -53.0000000000
2524 -52.0000000000
2588 -51.0000000000
2628 -50.0000000000
2662 -49.0000000000
2675 -48.0000000000
2722 -47.0000000000
2727 -46.0000000000
2728 -45.0000000000
2745 -44.0000000000
2766 -43.0000000000
2782 -42.0000000000
2804 -41.0000000000
2820 -40.0000000000
2824 -39.0000000000
2847 -38.0000000000
2894 -36.0000000000
2907 -35.0000000000
2933 -34.0000000000
2959 -31.0000000000
2995 -30.0000000000
3025 -29.0000000000
3036 -28.0000000000
3037 -27.0000000000
3073 -26.0000000000
3107 -25.0000000000
3168 -24.0000000000
3184 -23.0000000000
3238 -22.0000000000
3260 -21.0000000000
3298 -20.0000000000
3307 -19.0000000000
3353 -18.0000000000
3375 -17.0000000000
3464 -16.0000000000
3490 -15.0000000000
3512 -14.0000000000
3590 -13.0000000000
3630 -12.0000000000
3673 -11.0000000000
3742 -10.0000000000
3791 -9.0000000000
3809 -8.0000000000
3866 -7.0000000000
3908 -6.0000000000
3961 -5.0000000000
3977 -4.0000000000
4029 -3.0000000000
4142 -1.0000000000
4207 471.0000000000
4283 472.0000000000
4288 476.0000000000
4310 477.0000000000
4316 486.0000000000
4358 487.0000000000
4384 489.0000000000
4419 495.0000000000
4443 500.0000000000
4549 509.0000000000
4992 516.0000000000
5143 528.0000000000
5153 532.0000000000
5251 533.0000000000
5422 535.0000000000
5504 536.0000000000
5571 537.0000000000
5597 539.0000000000
5666 540.0000000000
5979 541.0000000000
6280 542.0000000000
6341 546.0000000000
7616 547.0000000000
7911 549.0000000000
9028 552.0000000000
100000 -2.0000000000
evaluations raw_y
1 -286.0000000000
3 -280.0000000000
6 -278.0000000000
11 -266.0000000000
26 -255.0000000000
54 -246.0000000000
65 -241.0000000000
97 -240.0000000000
105 -234.0000000000
120 -231.0000000000
125 -226.0000000000
144 -225.0000000000
145 -223.0000000000
159 -222.0000000000
171 -221.0000000000
187 -218.0000000000
203 -215.0000000000
210 -210.0000000000
228 -206.0000000000
234 -200.0000000000
258 -197.0000000000
263 -194.0000000000
271 -189.0000000000
304 -188.0000000000
316 -187.0000000000
332 -186.0000000000
344 -181.0000000000
384 -179.0000000000
406 -177.0000000000
423 -176.0000000000
424 -175.0000000000
431 -174.0000000000
444 -172.0000000000
483 -171.0000000000
490 -169.0000000000
513 -167.0000000000
555 -165.0000000000
591 -164.0000000000
609 -163.0000000000
630 -162.0000000000
642 -158.0000000000
674 -157.0000000000
705 -156.0000000000
731 -155.0000000000
781 -154.0000000000
786 -152.0000000000
793 -151.0000000000
803 -150.0000000000
812 -149.0000000000
839 -147.0000000000
846 -146.0000000000
864 -145.0000000000
868 -144.0000000000
895 -142.0000000000
920 -140.0000000000
928 -139.0000000000
958 -138.0000000000
977 -137.0000000000
1005 -135.0000000000
1023 -134.0000000000
1035 -133.0000000000
1036 -132.0000000000
1066 -131.0000000000
1076 -130.0000000000
1107 -129.0000000000
1113 -128.0000000000
1131 -127.0000000000
1142 -126.0000000000
1143 -125.0000000000
1167 -123.0000000000
1197 -122.0000000000
1212 -121.0000000000
1224 -120.0000000000
1253 -118.0000000000
1254 -117.0000000000
1280 -116.0000000000
1281 -115.0000000000
1330 -114.0000000000
1337 -113.0000000000
1349 -112.0000000000
1371 -110.0000000000
1405 -108.0000000000
1430 -107.0000000000
1444 -105.0000000000
1477 -104.0000000000
1483 -102.0000000000
1513 -101.0000000000
1539 -100.0000000000
1551 -99.0000000000
1568 -97.0000000000
1587 -96.0000000000
1626 -95.0000000000
14338 557.0000000000
1654 -94.0000000000
1659 -93.0000000000
1704 -92.0000000000
1722 -91.0000000000
1746 -90.0000000000
1758 -89.0000000000
1764 -88.0000000000
1768 -87.0000000000
1788 -86.0000000000
1797 -85.0000000000
1818 -84.0000000000
1834 -83.0000000000
1846 -82.0000000000
1862 -81.0000000000
1872 -80.0000000000
1877 -79.0000000000
1892 -78.0000000000
1935 -77.0000000000
1945 -75.0000000000
1975 -72.0000000000
2009 -71.0000000000
2043 -69.0000000000
2052 -68.0000000000
2092 -67.0000000000
2115 -66.0000000000
2131 -65.0000000000
2165 -63.0000000000
2204 -62.0000000000
2231 -61.0000000000
2241 -60.0000000000
2247 -59.0000000000
2287 -58.0000000000
2303 -57.0000000000
2314 -56.0000000000
2323 -55.0000000000
2361 -54.0000000000
2372 -53.0000000000
2380 -52.0000000000
2411 -51.0000000000
2414 -50.0000000000
2426 -49.0000000000
2470 -48.0000000000
2521 -47.0000000000
2526 -45.0000000000
2565 -44.0000000000
2600 -42.0000000000
2627 -41.0000000000
2666 -40.0000000000
2693 -38.0000000000
2719 -37.0000000000
2738 -36.0000000000
2764 -35.0000000000
2839 -34.0000000000
2854 -33.0000000000
2875 -32.0000000000
2925 -31.0000000000
2947 -30.0000000000
2949 -29.0000000000
2986 -28.0000000000
3017 -27.0000000000
3039 -25.0000000000
3059 -23.0000000000
3142 -22.0000000000
3190 -21.0000000000
3218 -20.0000000000
3243 -19.0000000000
3272 -17.0000000000
3320 -16.0000000000
3361 -15.0000000000
3399 -14.0000000000
3434 -12.0000000000
3537 -11.0000000000
3573 -10.0000000000
3592 -8.0000000000
3765 -7.0000000000
3779 -6.0000000000
3841 -5.0000000000
3883 -3.0000000000
3969 -2.0000000000
3985 -1.0000000000
4033 473.0000000000
4045 474.0000000000
4099 479.0000000000
4110 485.0000000000
4140 490.0000000000
4189 497.0000000000
4359 504.0000000000
5059 508.0000000000
5143 512.0000000000
5237 517.0000000000
5267 523.0000000000
5356 527.0000000000
6457 528.0000000000
6634 535.0000000000
19059 562.0000000000
6684 536.0000000000
6871 538.0000000000
7040 543.0000000000
7155 544.0000000000
7333 546.0000000000
7745 549.0000000000
8775 553.0000000000
13433 555.0000000000
14680 556.0000000000
16397 557.0000000000
16432 558.0000000000
17841 559.0000000000
17955 561.0000000000
30074 563.0000000000
52649 566.0000000000
88085 564.0000000000
80760 567.0000000000
100000 -2.0000000000
evaluations raw_y
1 -284.0000000000
2 -283.0000000000
4 -279.0000000000
22 -250.0000000000
66 -248.0000000000
77 -246.0000000000
95 -238.0000000000
108 -234.0000000000
135 -231.0000000000
147 -225.0000000000
179 -221.0000000000
221 -216.0000000000
231 -214.0000000000
259 -213.0000000000
270 -211.0000000000
271 -210.0000000000
276 -207.0000000000
283 -204.0000000000
304 -203.0000000000
335 -200.0000000000
355 -197.0000000000
372 -195.0000000000
401 -194.0000000000
429 -193.0000000000
435 -192.0000000000
441 -191.0000000000
458 -190.0000000000
460 -188.0000000000
470 -186.0000000000
475 -185.0000000000
496 -183.0000000000
513 -182.0000000000
523 -181.0000000000
527 -179.0000000000
555 -178.0000000000
579 -176.0000000000
604 -175.0000000000
621 -168.0000000000
650 -167.0000000000
671 -166.0000000000
673 -165.0000000000
691 -164.0000000000
709 -163.0000000000
727 -162.0000000000
739 -160.0000000000
765 -159.0000000000
779 -157.0000000000
792 -156.0000000000
804 -155.0000000000
835 -154.0000000000
851 -153.0000000000
873 -152.0000000000
889 -151.0000000000
893 -150.0000000000
923 -149.0000000000
936 -148.0000000000
957 -145.0000000000
982 -143.0000000000
1004 -140.0000000000
1023 -139.0000000000
1052 -135.0000000000
1101 -133.0000000000
1120 -130.0000000000
1143 -129.0000000000
1156 -128.0000000000
1194 -127.0000000000
1198 -124.0000000000
1245 -123.0000000000
1267 -122.0000000000
1277 -121.0000000000
1305 -120.0000000000
1330 -119.0000000000
1339 -118.0000000000
1368 -117.0000000000
1390 -116.0000000000
1394 -115.0000000000
1411 -114.0000000000
1435 -113.0000000000
1458 -111.0000000000
1490 -108.0000000000
1517 -107.0000000000
1533 -106.0000000000
1569 -105.0000000000
1621 -103.0000000000
1634 -102.0000000000
1653 -101.0000000000
1668 -99.0000000000
1685 -96.0000000000
1716 -94.0000000000
1759 -92.0000000000
1786 -91.0000000000
1823 -90.0000000000
1851 -89.0000000000
1912 -88.0000000000
1942 -86.0000000000
1950 -85.0000000000
1964 -83.0000000000
1989 -82.0000000000
2003 -81.0000000000
2018 -79.0000000000
2036 -77.0000000000
2055 -76.0000000000
2087 -75.0000000000
2097 -73.0000000000
2119 -72.0000000000
2134 -71.0000000000
2152 -70.0000000000
2174 -69.0000000000
2175 -68.0000000000
2204 -67.0000000000
2219 -66.0000000000
2231 -65.0000000000
2250 -64.0000000000
2259 -63.0000000000
2292 -62.0000000000
2300 -61.0000000000
2345 -59.0000000000
2373 -58.0000000000
2408 -56.0000000000
2453 -55.0000000000
2460 -54.0000000000
2472 -53.0000000000
2565 -52.0000000000
2580 -51.0000000000
2626 -50.0000000000
2632 -49.0000000000
2655 -48.0000000000
2694 -45.0000000000
2756 -44.0000000000
2797 -43.0000000000
2833 -41.0000000000
2866 -40.0000000000
2887 -39.0000000000
2913 -38.0000000000
2928 -37.0000000000
2947 -36.0000000000
2988 -35.0000000000
3034 -33.0000000000
3089 -32.0000000000
3119 -31.0000000000
3139 -30.0000000000
3152 -29.0000000000
3173 -28.0000000000
3216 -26.0000000000
3268 -25.0000000000
3294 -24.0000000000
3315 -23.0000000000
3349 -22.0000000000
3374 -21.0000000000
3431 -20.0000000000
3461 -19.0000000000
3491 -18.0000000000
3560 -17.0000000000
3613 -16.0000000000
3669 -15.0000000000
3674 -14.0000000000
3751 -13.0000000000
3781 -11.0000000000
3866 -10.0000000000
3879 -9.0000000000
3913 -8.0000000000
3962 -7.0000000000
4002 -6.0000000000
4004 -5.0000000000
4099 -4.0000000000
4136 -3.0000000000
4183 -2.0000000000
4352 -1.0000000000
4413 488.0000000000
4519 490.0000000000
4533 494.0000000000
4595 499.0000000000
4804 501.0000000000
4932 521.0000000000
4994 531.0000000000
5493 533.0000000000
5640 536.0000000000
5793 543.0000000000
8239 544.0000000000
8357 545.0000000000
8446 547.0000000000
8808 549.0000000000
100000 -1.0000000000
evaluations raw_y
1 -278.0000000000
12 -268.0000000000
15 -266.0000000000
28 -265.0000000000
32 -256.0000000000
42 -252.0000000000
63 -246.0000000000
65 -239.0000000000
99 -238.0000000000
117 -236.0000000000
120 -234.0000000000
130 -231.0000000000
136 -229.0000000000
139 -226.0000000000
153 -222.0000000000
166 -221.0000000000
175 -217.0000000000
190 -203.0000000000
232 -201.0000000000
252 -197.0000000000
272 -194.0000000000
290 -192.0000000000
318 -191.0000000000
329 -188.0000000000
372 -187.0000000000
386 -185.0000000000
407 -183.0000000000
434 -181.0000000000
448 -179.0000000000
462 -177.0000000000
484 -176.0000000000
491 -174.0000000000
498 -173.0000000000
540 -172.0000000000
546 -171.0000000000
565 -168.0000000000
574 -167.0000000000
576 -166.0000000000
582 -165.0000000000
607 -163.0000000000
610 -162.0000000000
642 -160.0000000000
671 -159.0000000000
690 -158.0000000000
701 -156.0000000000
735 -155.0000000000
747 -154.0000000000
756 -153.0000000000
762 -152.0000000000
773 -151.0000000000
774 -150.0000000000
783 -149.0000000000
815 -147.0000000000
834 -145.0000000000
848 -143.0000000000
877 -142.0000000000
884 -141.0000000000
904 -140.0000000000
928 -139.0000000000
936 -138.0000000000
948 -135.0000000000
989 -134.0000000000
996 -131.0000000000
1046 -130.0000000000
1078 -129.0000000000
1100 -128.0000000000
1117 -126.0000000000
1125 -124.0000000000
1155 -122.0000000000
1211 -121.0000000000
1223 -120.0000000000
1238 -119.0000000000
1267 -117.0000000000
1306 -115.0000000000
1342 -114.0000000000
1345 -113.0000000000
1384 -112.0000000000
1405 -109.0000000000
1455 -107.0000000000
1471 -106.0000000000
1482 -105.0000000000
1492 -104.0000000000
1514 -103.0000000000
1531 -102.0000000000
1542 -101.0000000000
1565 -100.0000000000
1571 -98.0000000000
1590 -95.0000000000
1641 -94.0000000000
1647 -93.0000000000
1694 -92.0000000000
1709 -91.0000000000
1744 -89.0000000000
1773 -88.0000000000
1799 -87.0000000000
1816 -86.0000000000
1835 -85.0000000000
1838 -84.0000000000
1850 -82.0000000000
1884 -81.0000000000
1925 -77.0000000000
1944 -76.0000000000
1961 -75.0000000000
2003 -74.0000000000
2008 -72.0000000000
2056 -71.0000000000
2086 -68.0000000000
2143 -67.0000000000
2196 -66.0000000000
2206 -64.0000000000
2262 -63.0000000000
2287 -62.0000000000
2314 -61.0000000000
2316 -60.0000000000
2317 -59.0000000000
2384 -58.0000000000
2413 -57.0000000000
2439 -56.0000000000
2449 -55.0000000000
2468 -54.0000000000
2480 -53.0000000000
2524 -52.0000000000
2588 -51.0000000000
2628 -50.0000000000
2662 -49.0000000000
2675 -48.0000000000
2722 -47.0000000000
2727 -46.0000000000
2728 -45.0000000000
2745 -44.0000000000
2766 -43.0000000000
2782 -42.0000000000
2804 -41.0000000000
2820 -40.0000000000
2824 -39.0000000000
2847 -38.0000000000
2894 -36.0000000000
2907 -35.0000000000
2933 -34.0000000000
2959 -31.0000000000
2995 -30.0000000000
3025 -29.0000000000
3036 -28.0000000000
3037 -27.0000000000
3073 -26.0000000000
3107 -25.0000000000
3168 -24.0000000000
3184 -23.0000000000
3238 -22.0000000000
3260 -21.0000000000
3298 -20.0000000000
3307 -19.0000000000
3353 -18.0000000000
3375 -17.0000000000
3464 -16.0000000000
3490 -15.0000000000
3512 -14.0000000000
3590 -13.0000000000
3630 -12.0000000000
3673 -11.0000000000
3742 -10.0000000000
3791 -9.0000000000
3809 -8.0000000000
3866 -7.0000000000
3908 -6.0000000000
3961 -5.0000000000
3977 -4.0000000000
4029 -3.0000000000
4142 -1.0000000000
4207 471.0000000000
4283 472.0000000000
4288 476.0000000000
4310 477.0000000000
4316 486.0000000000
4358 487.0000000000
4384 489.0000000000
4419 495.0000000000
4443 500.0000000000
4549 509.0000000000
4992 516.0000000000
5143 528.0000000000
5153 532.0000000000
5251 533.0000000000
5422 535.0000000000
5504 536.0000000000
5571 537.0000000000
5597 539.0000000000
5666 540.0000000000
5979 541.0000000000
6280 542.0000000000
6341 546.0000000000
7616 547.0000000000
7911 549.0000000000
9028 552.0000000000
21544 551.0000000000
14338 557.0000000000
26399 552.0000000000
19059 562.0000000000
29213 553.0000000000
39691 554.0000000000
56141 556.0000000000
71374 557.0000000000
72164 559.0000000000
73006 560.0000000000
81229 561.0000000000
88085 564.0000000000
100000 -1.0000000000
evaluations raw_y
1 -280.0000000000
3 -278.0000000000
6 -271.0000000000
14 -257.0000000000
37 -256.0000000000
45 -251.0000000000
54 -249.0000000000
61 -239.0000000000
78 -238.0000000000
98 -233.0000000000
112 -230.0000000000
113 -228.0000000000
123 -227.0000000000
131 -226.0000000000
144 -225.0000000000
167 -224.0000000000
170 -218.0000000000
174 -215.0000000000
213 -213.0000000000
237 -212.0000000000
250 -210.0000000000
261 -207.0000000000
274 -206.0000000000
276 -205.0000000000
282 -203.0000000000
316 -202.0000000000
323 -199.0000000000
344 -198.0000000000
346 -196.0000000000
362 -195.0000000000
371 -194.0000000000
375 -193.0000000000
384 -191.0000000000
390 -190.0000000000
398 -189.0000000000
430 -187.0000000000
447 -185.0000000000
456 -184.0000000000
467 -181.0000000000
490 -180.0000000000
507 -179.0000000000
519 -178.0000000000
529 -176.0000000000
558 -173.0000000000
584 -171.0000000000
586 -170.0000000000
611 -169.0000000000
633 -167.0000000000
656 -165.0000000000
661 -164.0000000000
693 -163.0000000000
701 -162.0000000000
713 -161.0000000000
773 -160.0000000000
781 -158.0000000000
785 -157.0000000000
811 -156.0000000000
812 -155.0000000000
837 -152.0000000000
861 -150.0000000000
888 -149.0000000000
897 -147.0000000000
915 -146.0000000000
926 -145.0000000000
939 -142.0000000000
962 -141.0000000000
1011 -137.0000000000
1047 -136.0000000000
1057 -135.0000000000
1084 -133.0000000000
1131 -132.0000000000
1132 -131.0000000000
1148 -130.0000000000
1163 -129.0000000000
1166 -128.0000000000
1183 -126.0000000000
1211 -124.0000000000
1221 -123.0000000000
1237 -122.0000000000
1256 -121.0000000000
1284 -119.0000000000
1294 -118.0000000000
1316 -117.0000000000
1344 -116.0000000000
1359 -114.0000000000
1398 -112.0000000000
1406 -111.0000000000
1441 -110.0000000000
1460 -108.0000000000
1491 -107.0000000000
1514 -106.0000000000
1540 -105.0000000000
1542 -104.0000000000
1566 -103.0000000000
1580 -102.0000000000
1603 -101.0000000000
1620 -100.0000000000
1635 -98.0000000000
1680 -96.0000000000
1722 -95.0000000000
1726 -94.0000000000
1761 -93.0000000000
1784 -91.0000000000
1808 -88.0000000000
1827 -87.0000000000
1846 -86.0000000000
1863 -85.0000000000
1868 -84.0000000000
1881 -83.0000000000
1904 -82.0000000000
1928 -81.0000000000
1946 -80.0000000000
1970 -79.0000000000
1986 -78.0000000000
1991 -76.0000000000
2002 -74.0000000000
2041 -73.0000000000
2060 -72.0000000000
2082 -71.0000000000
2088 -69.0000000000
2120 -66.0000000000
2156 -65.0000000000
2173 -64.0000000000
2185 -63.0000000000
2216 -58.0000000000
2303 -57.0000000000
2324 -55.0000000000
2360 -54.0000000000
2362 -53.0000000000
2406 -52.0000000000
2477 -51.0000000000
2507 -50.0000000000
2526 -49.0000000000
2558 -48.0000000000
2563 -47.0000000000
2612 -46.0000000000
2627 -44.0000000000
2660 -43.0000000000
2704 -42.0000000000
2717 -41.0000000000
2790 -40.0000000000
2795 -39.0000000000
2831 -38.0000000000
2850 -37.0000000000
2891 -36.0000000000
2914 -35.0000000000
2967 -32.0000000000
3005 -29.0000000000
3092 -28.0000000000
3178 -27.0000000000
3211 -26.0000000000
3241 -25.0000000000
3268 -24.0000000000
3295 -22.0000000000
3361 -21.0000000000
3376 -20.0000000000
3413 -19.0000000000
3454 -18.0000000000
3480 -17.0000000000
3522 -16.0000000000
3577 -15.0000000000
3623 -14.0000000000
3647 -12.0000000000
3730 -11.0000000000
3744 -10.0000000000
3775 -9.0000000000
3854 -8.0000000000
3866 -7.0000000000
3928 -6.0000000000
3965 -5.0000000000
3993 -4.0000000000
4012 -3.0000000000
4104 -2.0000000000
4203 -1.0000000000
4245 483.0000000000
4247 486.0000000000
4361 488.0000000000
4412 492.0000000000
4416 494.0000000000
4426 496.0000000000
4515 498.0000000000
4561 502.0000000000
5012 511.0000000000
5399 521.0000000000
100000 -2.0000000000
evaluations raw_y
1 -284.0000000000
2 -283.0000000000
4 -279.0000000000
22 -250.0000000000
66 -248.0000000000
77 -246.0000000000
95 -238.0000000000
108 -234.0000000000
135 -231.0000000000
147 -225.0000000000
179 -221.0000000000
221 -216.0000000000
231 -214.0000000000
5886 528.0000000000
259 -213.0000000000
270 -211.0000000000
271 -210.0000000000
276 -207.0000000000
283 -204.0000000000
5940 533.0000000000
304 -203.0000000000
335 -200.0000000000
355 -197.0000000000
372 -195.0000000000
401 -194.0000000000
429 -193.0000000000
435 -192.0000000000
441 -191.0000000000
458 -190.0000000000
460 -188.0000000000
470 -186.0000000000
475 -185.0000000000
496 -183.0000000000
513 -182.0000000000
523 -181.0000000000
527 -179.0000000000
555 -178.0000000000
579 -176.0000000000
604 -175.0000000000
621 -168.0000000000
650 -167.0000000000
671 -166.0000000000
673 -165.0000000000
691 -164.0000000000
709 -163.0000000000
727 -162.0000000000
739 -160.0000000000
765 -159.0000000000
779 -157.0000000000
792 -156.0000000000
804 -155.0000000000
835 -154.0000000000
851 -153.0000000000
873 -152.0000000000
889 -151.0000000000
893 -150.0000000000
923 -149.0000000000
936 -148.0000000000
957 -145.0000000000
982 -143.0000000000
1004 -140.0000000000
1023 -139.0000000000
1052 -135.0000000000
1101 -133.0000000000
1120 -130.0000000000
1143 -129.0000000000
1156 -128.0000000000
1194 -127.0000000000
1198 -124.0000000000
1245 -123.0000000000
1267 -122.0000000000
1277 -121.0000000000
1305 -120.0000000000
1330 -119.0000000000
1339 -118.0000000000
1368 -117.0000000000
1390 -116.0000000000
1394 -115.0000000000
1411 -114.0000000000
1435 -113.0000000000
1458 -111.0000000000
6919 535.0000000000
1490 -108.0000000000
1517 -107.0000000000
1533 -106.0000000000
1569 -105.0000000000
1621 -103.0000000000
1634 -102.0000000000
1653 -101.0000000000
1668 -99.0000000000
1685 -96.0000000000
1716 -94.0000000000
1759 -92.0000000000
1786 -91.0000000000
1823 -90.0000000000
1851 -89.0000000000
1912 -88.0000000000
1942 -86.0000000000
1950 -85.0000000000
1964 -83.0000000000
1989 -82.0000000000
2003 -81.0000000000
2018 -79.0000000000
2036 -77.0000000000
2055 -76.0000000000
2087 -75.0000000000
2097 -73.0000000000
2119 -72.0000000000
2134 -71.0000000000
2152 -70.0000000000
2174 -69.0000000000
2175 -68.0000000000
2204 -67.0000000000
2219 -66.0000000000
2231 -65.0000000000
2250 -64.0000000000
2259 -63.0000000000
2292 -62.0000000000
2300 -61.0000000000
2345 -59.0000000000
2373 -58.0000000000
2408 -56.0000000000
2453 -55.0000000000
2460 -54.0000000000
2472 -53.0000000000
2565 -52.0000000000
2580 -51.0000000000
2626 -50.0000000000
2632 -49.0000000000
2655 -48.0000000000
2694 -45.0000000000
2756 -44.0000000000
2797 -43.0000000000
2833 -41.0000000000
2866 -40.0000000000
8407 536.0000000000
8419 539.0000000000
2887 -39.0000000000
2913 -38.0000000000
2928 -37.0000000000
2947 -36.0000000000
2988 -35.0000000000
8696 540.0000000000
3034 -33.0000000000
8790 545.0000000000
3089 -32.0000000000
3119 -31.0000000000
3139 -30.0000000000
3152 -29.0000000000
3173 -28.0000000000
3216 -26.0000000000
3268 -25.0000000000
3294 -24.0000000000
3315 -23.0000000000
3349 -22.0000000000
3374 -21.0000000000
3431 -20.0000000000
3461 -19.0000000000
3491 -18.0000000000
3560 -17.0000000000
3613 -16.0000000000
3669 -15.0000000000
3674 -14.0000000000
3751 -13.0000000000
3781 -11.0000000000
3866 -10.0000000000
3879 -9.0000000000
3913 -8.0000000000
3962 -7.0000000000
4002 -6.0000000000
4004 -5.0000000000
4099 -4.0000000000
4136 -3.0000000000
4183 -2.0000000000
4352 -1.0000000000
4413 488.0000000000
4519 490.0000000000
4533 494.0000000000
4595 499.0000000000
4804 501.0000000000
4932 521.0000000000
4994 531.0000000000
10433 546.0000000000
5493 533.0000000000
5640 536.0000000000
5793 543.0000000000
12136 548.0000000000
13689 549.0000000000
8239 544.0000000000
8357 545.0000000000
8446 547.0000000000
8808 549.0000000000
16200 552.0000000000
19703 553.0000000000
20699 555.0000000000
21544 551.0000000000
27182 557.0000000000
29345 558.0000000000
30303 559.0000000000
26399 552.0000000000
32122 560.0000000000
32136 561.0000000000
29213 553.0000000000
41403 562.0000000000
39691 554.0000000000
56141 556.0000000000
71374 557.0000000000
72164 559.0000000000
73006 560.0000000000
81229 561.0000000000
100000 553.0000000000
evaluations raw_y
1 -269.0000000000
18 -251.0000000000
52 -250.0000000000
66 -244.0000000000
74 -243.0000000000
81 -242.0000000000
95 -241.0000000000
98 -237.0000000000
149 -236.0000000000
162 -235.0000000000
165 -233.0000000000
185 -232.0000000000
195 -231.0000000000
213 -229.0000000000
220 -228.0000000000
233 -225.0000000000
252 -221.0000000000
294 -220.0000000000
307 -219.0000000000
312 -217.0000000000
324 -216.0000000000
334 -215.0000000000
347 -214.0000000000
369 -211.0000000000
390 -209.0000000000
395 -207.0000000000
413 -204.0000000000
436 -203.0000000000
462 -200.0000000000
487 -199.0000000000
505 -198.0000000000
513 -197.0000000000
525 -196.0000000000
534 -195.0000000000
551 -194.0000000000
558 -193.0000000000
563 -191.0000000000
581 -190.0000000000
591 -189.0000000000
597 -188.0000000000
601 -186.0000000000
615 -185.0000000000
640 -184.0000000000
642 -183.0000000000
654 -182.0000000000
662 -180.0000000000
695 -179.0000000000
723 -177.0000000000
729 -175.0000000000
749 -174.0000000000
773 -173.0000000000
794 -171.0000000000
829 -169.0000000000
869 -168.0000000000
876 -167.0000000000
911 -165.0000000000
931 -164.0000000000
954 -163.0000000000
968 -162.0000000000
981 -161.0000000000
1005 -158.0000000000
1033 -157.0000000000
1040 -155.0000000000
1074 -153.0000000000
1085 -151.0000000000
1095 -150.0000000000
1104 -149.0000000000
1134 -148.0000000000
1147 -146.0000000000
1151 -145.0000000000
1177 -142.0000000000
1229 -141.0000000000
1237 -140.0000000000
1252 -138.0000000000
1266 -136.0000000000
1299 -135.0000000000
1311 -134.0000000000
1323 -132.0000000000
1339 -131.0000000000
1349 -129.0000000000
1366 -127.0000000000
1397 -125.0000000000
1402 -124.0000000000
1461 -123.0000000000
1476 -122.0000000000
1485 -121.0000000000
1506 -119.0000000000
1526 -118.0000000000
1551 -117.0000000000
100000 -1.0000000000
1573 -116.0000000000
evaluations raw_y
1 -280.0000000000
3 -278.0000000000
6 -271.0000000000
14 -257.0000000000
1581 -115.0000000000
1592 -113.0000000000
37 -256.0000000000
45 -251.0000000000
54 -249.0000000000
61 -239.0000000000
1643 -112.0000000000
1648 -111.0000000000
1650 -110.0000000000
78 -238.0000000000
1661 -109.0000000000
98 -233.0000000000
1687 -108.0000000000
1698 -107.0000000000
112 -230.0000000000
113 -228.0000000000
1726 -105.0000000000
123 -227.0000000000
131 -226.0000000000
144 -225.0000000000
1767 -104.0000000000
1773 -103.0000000000
167 -224.0000000000
170 -218.0000000000
174 -215.0000000000
1806 -102.0000000000
1833 -101.0000000000
1840 -100.0000000000
1859 -99.0000000000
1878 -98.0000000000
1899 -96.0000000000
1911 -95.0000000000
213 -213.0000000000
237 -212.0000000000
250 -210.0000000000
261 -207.0000000000
1940 -94.0000000000
274 -206.0000000000
276 -205.0000000000
282 -203.0000000000
1976 -92.0000000000
316 -202.0000000000
323 -199.0000000000
2003 -90.0000000000
2011 -87.0000000000
344 -198.0000000000
346 -196.0000000000
362 -195.0000000000
371 -194.0000000000
375 -193.0000000000
2070 -86.0000000000
384 -191.0000000000
390 -190.0000000000
398 -189.0000000000
2094 -85.0000000000
430 -187.0000000000
2112 -84.0000000000
447 -185.0000000000
2132 -83.0000000000
456 -184.0000000000
467 -181.0000000000
2152 -82.0000000000
490 -180.0000000000
2179 -80.0000000000
2181 -79.0000000000
507 -179.0000000000
519 -178.0000000000
529 -176.0000000000
2213 -78.0000000000
2232 -77.0000000000
558 -173.0000000000
2254 -76.0000000000
2261 -75.0000000000
584 -171.0000000000
2272 -74.0000000000
586 -170.0000000000
2299 -73.0000000000
611 -169.0000000000
633 -167.0000000000
2339 -72.0000000000
656 -165.0000000000
2351 -71.0000000000
661 -164.0000000000
2366 -69.0000000000
693 -163.0000000000
701 -162.0000000000
2394 -67.0000000000
713 -161.0000000000
2412 -65.0000000000
2429 -64.0000000000
2464 -63.0000000000
773 -160.0000000000
781 -158.0000000000
785 -157.0000000000
2494 -62.0000000000
2509 -61.0000000000
811 -156.0000000000
812 -155.0000000000
2524 -58.0000000000
837 -152.0000000000
861 -150.0000000000
2567 -57.0000000000
888 -149.0000000000
2592 -56.0000000000
2594 -55.0000000000
897 -147.0000000000
915 -146.0000000000
926 -145.0000000000
939 -142.0000000000
2644 -54.0000000000
2661 -53.0000000000
962 -141.0000000000
2668 -52.0000000000
2704 -51.0000000000
1011 -137.0000000000
2711 -50.0000000000
1047 -136.0000000000
1057 -135.0000000000
2766 -49.0000000000
1084 -133.0000000000
2777 -47.0000000000
1131 -132.0000000000
2831 -45.0000000000
1132 -131.0000000000
1148 -130.0000000000
1163 -129.0000000000
1166 -128.0000000000
1183 -126.0000000000
2871 -44.0000000000
2891 -43.0000000000
1211 -124.0000000000
1221 -123.0000000000
1237 -122.0000000000
1256 -121.0000000000
2941 -42.0000000000
1284 -119.0000000000
2975 -41.0000000000
1294 -118.0000000000
1316 -117.0000000000
1344 -116.0000000000
3032 -40.0000000000
3035 -38.0000000000
1359 -114.0000000000
1398 -112.0000000000
1406 -111.0000000000
3067 -37.0000000000
1441 -110.0000000000
1460 -108.0000000000
1491 -107.0000000000
1514 -106.0000000000
1540 -105.0000000000
1542 -104.0000000000
3141 -36.0000000000
1566 -103.0000000000
1580 -102.0000000000
1603 -101.0000000000
3163 -35.0000000000
1620 -100.0000000000
1635 -98.0000000000
1680 -96.0000000000
3211 -34.0000000000
1722 -95.0000000000
1726 -94.0000000000
3277 -33.0000000000
3301 -32.0000000000
1761 -93.0000000000
3355 -31.0000000000
1784 -91.0000000000
3423 -30.0000000000
3440 -29.0000000000
1808 -88.0000000000
1827 -87.0000000000
3484 -28.0000000000
1846 -86.0000000000
3542 -27.0000000000
1863 -85.0000000000
3546 -26.0000000000
1868 -84.0000000000
3582 -25.0000000000
1881 -83.0000000000
1904 -82.0000000000
3633 -24.0000000000
3659 -23.0000000000
1928 -81.0000000000
1946 -80.0000000000
3740 -22.0000000000
3747 -21.0000000000
1970 -79.0000000000
1986 -78.0000000000
1991 -76.0000000000
2002 -74.0000000000
3789 -20.0000000000
3811 -19.0000000000
3817 -18.0000000000
2041 -73.0000000000
2060 -72.0000000000
3863 -16.0000000000
2082 -71.0000000000
2088 -69.0000000000
3894 -14.0000000000
2120 -66.0000000000
2156 -65.0000000000
3933 -13.0000000000
2173 -64.0000000000
2185 -63.0000000000
2216 -58.0000000000
3990 -12.0000000000
2303 -57.0000000000
2324 -55.0000000000
4012 -11.0000000000
2360 -54.0000000000
2362 -53.0000000000
2406 -52.0000000000
4076 -10.0000000000
2477 -51.0000000000
2507 -50.0000000000
2526 -49.0000000000
2558 -48.0000000000
2563 -47.0000000000
4167 -9.0000000000
4196 -7.0000000000
2612 -46.0000000000
2627 -44.0000000000
2660 -43.0000000000
4255 -6.0000000000
2704 -42.0000000000
2717 -41.0000000000
4328 -5.0000000000
4371 -4.0000000000
2790 -40.0000000000
2795 -39.0000000000
4386 -3.0000000000
2831 -38.0000000000
2850 -37.0000000000
4449 -2.0000000000
2891 -36.0000000000
2914 -35.0000000000
4518 -1.0000000000
2967 -32.0000000000
3005 -29.0000000000
4572 455.0000000000
4596 474.0000000000
4632 485.0000000000
4670 499.0000000000
4672 502.0000000000
3092 -28.0000000000
3178 -27.0000000000
4765 507.0000000000
3211 -26.0000000000
4795 508.0000000000
3241 -25.0000000000
4821 511.0000000000
3268 -24.0000000000
4848 512.0000000000
4857 518.0000000000
3295 -22.0000000000
4880 522.0000000000
3361 -21.0000000000
4907 524.0000000000
3376 -20.0000000000
3413 -19.0000000000
3454 -18.0000000000
4957 527.0000000000
3480 -17.0000000000
3522 -16.0000000000
3577 -15.0000000000
3623 -14.0000000000
3647 -12.0000000000
5071 529.0000000000
5123 534.0000000000
3730 -11.0000000000
3744 -10.0000000000
3775 -9.0000000000
3854 -8.0000000000
3866 -7.0000000000
3928 -6.0000000000
3965 -5.0000000000
3993 -4.0000000000
4012 -3.0000000000
5505 535.0000000000
4104 -2.0000000000
4203 -1.0000000000
4245 483.0000000000
4247 486.0000000000
4361 488.0000000000
4412 492.0000000000
4416 494.0000000000
4426 496.0000000000
4515 498.0000000000
4561 502.0000000000
5012 511.0000000000
5399 521.0000000000
6967 537.0000000000
7663 538.0000000000
5886 528.0000000000
5940 533.0000000000
6919 535.0000000000
9311 542.0000000000
10069 543.0000000000
8407 536.0000000000
8419 539.0000000000
8696 540.0000000000
8790 545.0000000000
11408 546.0000000000
12301 551.0000000000
10433 546.0000000000
13207 553.0000000000
12136 548.0000000000
13689 549.0000000000
15573 555.0000000000
16200 552.0000000000
19703 553.0000000000
20699 555.0000000000
27182 557.0000000000
29345 558.0000000000
32272 556.0000000000
30303 559.0000000000
32122 560.0000000000
32136 561.0000000000
41403 562.0000000000
58156 558.0000000000
100000 553.0000000000
evaluations raw_y
1 -269.0000000000
18 -251.0000000000
52 -250.0000000000
66 -244.0000000000
74 -243.0000000000
81 -242.0000000000
95 -241.0000000000
98 -237.0000000000
149 -236.0000000000
162 -235.0000000000
165 -233.0000000000
185 -232.0000000000
195 -231.0000000000
213 -229.0000000000
220 -228.0000000000
233 -225.0000000000
252 -221.0000000000
294 -220.0000000000
307 -219.0000000000
312 -217.0000000000
324 -216.0000000000
334 -215.0000000000
347 -214.0000000000
369 -211.0000000000
390 -209.0000000000
395 -207.0000000000
413 -204.0000000000
436 -203.0000000000
462 -200.0000000000
487 -199.0000000000
505 -198.0000000000
513 -197.0000000000
525 -196.0000000000
534 -195.0000000000
551 -194.0000000000
558 -193.0000000000
97590 559.0000000000
563 -191.0000000000
581 -190.0000000000
591 -189.0000000000
597 -188.0000000000
601 -186.0000000000
615 -185.0000000000
640 -184.0000000000
642 -183.0000000000
654 -182.0000000000
662 -180.0000000000
695 -179.0000000000
723 -177.0000000000
729 -175.0000000000
749 -174.0000000000
773 -173.0000000000
794 -171.0000000000
829 -169.0000000000
869 -168.0000000000
876 -167.0000000000
911 -165.0000000000
931 -164.0000000000
954 -163.0000000000
968 -162.0000000000
981 -161.0000000000
1005 -158.0000000000
1033 -157.0000000000
1040 -155.0000000000
1074 -153.0000000000
1085 -151.0000000000
1095 -150.0000000000
1104 -149.0000000000
1134 -148.0000000000
1147 -146.0000000000
1151 -145.0000000000
1177 -142.0000000000
1229 -141.0000000000
1237 -140.0000000000
1252 -138.0000000000
1266 -136.0000000000
1299 -135.0000000000
1311 -134.0000000000
1323 -132.0000000000
1339 -131.0000000000
1349 -129.0000000000
1366 -127.0000000000
1397 -125.0000000000
1402 -124.0000000000
1461 -123.0000000000
1476 -122.0000000000
1485 -121.0000000000
1506 -119.0000000000
1526 -118.0000000000
1551 -117.0000000000
1573 -116.0000000000
1581 -115.0000000000
1592 -113.0000000000
1643 -112.0000000000
1648 -111.0000000000
1650 -110.0000000000
1661 -109.0000000000
1687 -108.0000000000
1698 -107.0000000000
1726 -105.0000000000
1767 -104.0000000000
1773 -103.0000000000
1806 -102.0000000000
1833 -101.0000000000
1840 -100.0000000000
1859 -99.0000000000
1878 -98.0000000000
1899 -96.0000000000
1911 -95.0000000000
1940 -94.0000000000
1976 -92.0000000000
2003 -90.0000000000
2011 -87.0000000000
2070 -86.0000000000
2094 -85.0000000000
2112 -84.0000000000
2132 -83.0000000000
2152 -82.0000000000
2179 -80.0000000000
2181 -79.0000000000
2213 -78.0000000000
2232 -77.0000000000
2254 -76.0000000000
2261 -75.0000000000
2272 -74.0000000000
2299 -73.0000000000
2339 -72.0000000000
2351 -71.0000000000
2366 -69.0000000000
2394 -67.0000000000
2412 -65.0000000000
2429 -64.0000000000
2464 -63.0000000000
2494 -62.0000000000
2509 -61.0000000000
2524 -58.0000000000
2567 -57.0000000000
2592 -56.0000000000
2594 -55.0000000000
2644 -54.0000000000
2661 -53.0000000000
2668 -52.0000000000
2704 -51.0000000000
2711 -50.0000000000
100000 -2.0000000000
2766 -49.0000000000
2777 -47.0000000000
evaluations raw_y
1 -275.0000000000
8 -273.0000000000
23 -267.0000000000
47 -256.0000000000
48 -254.0000000000
2831 -45.0000000000
63 -253.0000000000
65 -248.0000000000
2871 -44.0000000000
74 -242.0000000000
2891 -43.0000000000
90 -235.0000000000
2941 -42.0000000000
101 -233.0000000000
115 -231.0000000000
2975 -41.0000000000
129 -229.0000000000
133 -227.0000000000
138 -224.0000000000
142 -219.0000000000
3032 -40.0000000000
3035 -38.0000000000
3067 -37.0000000000
186 -218.0000000000
3141 -36.0000000000
3163 -35.0000000000
202 -216.0000000000
205 -215.0000000000
214 -212.0000000000
237 -210.0000000000
3211 -34.0000000000
256 -207.0000000000
262 -206.0000000000
263 -197.0000000000
315 -191.0000000000
364 -188.0000000000
3277 -33.0000000000
384 -186.0000000000
399 -185.0000000000
3301 -32.0000000000
407 -184.0000000000
432 -183.0000000000
437 -182.0000000000
463 -178.0000000000
495 -175.0000000000
3355 -31.0000000000
516 -174.0000000000
536 -170.0000000000
565 -168.0000000000
571 -165.0000000000
586 -164.0000000000
606 -163.0000000000
642 -161.0000000000
3423 -30.0000000000
680 -160.0000000000
3440 -29.0000000000
699 -159.0000000000
718 -158.0000000000
724 -157.0000000000
742 -156.0000000000
751 -154.0000000000
761 -153.0000000000
762 -152.0000000000
3484 -28.0000000000
782 -151.0000000000
801 -150.0000000000
807 -149.0000000000
832 -148.0000000000
841 -147.0000000000
851 -145.0000000000
876 -144.0000000000
3542 -27.0000000000
3546 -26.0000000000
897 -143.0000000000
903 -141.0000000000
913 -140.0000000000
931 -138.0000000000
3582 -25.0000000000
965 -136.0000000000
1015 -135.0000000000
1023 -134.0000000000
1038 -133.0000000000
3633 -24.0000000000
1068 -132.0000000000
1070 -131.0000000000
3659 -23.0000000000
1082 -130.0000000000
1118 -129.0000000000
1125 -128.0000000000
3740 -22.0000000000
3747 -21.0000000000
1156 -127.0000000000
1173 -126.0000000000
1182 -125.0000000000
1195 -120.0000000000
3789 -20.0000000000
3811 -19.0000000000
3817 -18.0000000000
1266 -118.0000000000
3863 -16.0000000000
1298 -114.0000000000
3894 -14.0000000000
1334 -112.0000000000
1350 -111.0000000000
3933 -13.0000000000
1371 -108.0000000000
1414 -106.0000000000
3990 -12.0000000000
1427 -105.0000000000
4012 -11.0000000000
1436 -104.0000000000
1461 -103.0000000000
1471 -102.0000000000
1500 -100.0000000000
4076 -10.0000000000
1517 -97.0000000000
1545 -96.0000000000
4167 -9.0000000000
1596 -95.0000000000
4196 -7.0000000000
1618 -93.0000000000
1641 -92.0000000000
4255 -6.0000000000
1713 -91.0000000000
4328 -5.0000000000
1734 -89.0000000000
1759 -88.0000000000
1765 -85.0000000000
1803 -84.0000000000
4371 -4.0000000000
4386 -3.0000000000
1826 -83.0000000000
1835 -82.0000000000
1871 -78.0000000000
1933 -76.0000000000
1946 -75.0000000000
4449 -2.0000000000
1962 -74.0000000000
1975 -72.0000000000
2036 -71.0000000000
2041 -70.0000000000
2061 -69.0000000000
2092 -68.0000000000
2094 -67.0000000000
4518 -1.0000000000
2126 -66.0000000000
2170 -65.0000000000
2179 -63.0000000000
4572 455.0000000000
2219 -62.0000000000
4596 474.0000000000
2251 -61.0000000000
2266 -59.0000000000
2280 -58.0000000000
4632 485.0000000000
2299 -57.0000000000
2316 -56.0000000000
4670 499.0000000000
4672 502.0000000000
2334 -53.0000000000
2370 -52.0000000000
2392 -51.0000000000
4765 507.0000000000
2428 -49.0000000000
4795 508.0000000000
4821 511.0000000000
2480 -48.0000000000
4848 512.0000000000
4857 518.0000000000
2501 -47.0000000000
2517 -46.0000000000
4880 522.0000000000
2555 -42.0000000000
4907 524.0000000000
4957 527.0000000000
2603 -41.0000000000
2628 -38.0000000000
2657 -37.0000000000
2722 -35.0000000000
2775 -34.0000000000
5071 529.0000000000
2811 -33.0000000000
2890 -32.0000000000
5123 534.0000000000
2929 -31.0000000000
2934 -30.0000000000
2961 -29.0000000000
3002 -28.0000000000
3046 -27.0000000000
3072 -25.0000000000
3083 -24.0000000000
3157 -23.0000000000
3166 -22.0000000000
3187 -21.0000000000
5505 535.0000000000
3287 -20.0000000000
3310 -19.0000000000
3343 -18.0000000000
3361 -17.0000000000
3411 -16.0000000000
3466 -15.0000000000
3500 -14.0000000000
3587 -13.0000000000
3644 -12.0000000000
3682 -11.0000000000
3689 -10.0000000000
3730 -9.0000000000
3801 -8.0000000000
3823 -7.0000000000
3979 -5.0000000000
4104 -4.0000000000
4160 -3.0000000000
4207 -2.0000000000
6967 537.0000000000
4374 -1.0000000000
4446 505.0000000000
4512 507.0000000000
4538 516.0000000000
7663 538.0000000000
5280 523.0000000000
5520 527.0000000000
6026 536.0000000000
9311 542.0000000000
6224 538.0000000000
10069 543.0000000000
6792 539.0000000000
7075 540.0000000000
7342 541.0000000000
7547 543.0000000000
7944 546.0000000000
11408 546.0000000000
12301 551.0000000000
13207 553.0000000000
12549 547.0000000000
15573 555.0000000000
13425 548.0000000000
14184 550.0000000000
14919 552.0000000000
32272 556.0000000000
34424 553.0000000000
34453 554.0000000000
38435 555.0000000000
42818 556.0000000000
45880 557.0000000000
47701 558.0000000000
50670 559.0000000000
58156 558.0000000000
64251 561.0000000000
73190 562.0000000000
84886 563.0000000000
86479 564.0000000000
97590 559.0000000000
100000 -2.0000000000
evaluations raw_y
1 -275.0000000000
8 -273.0000000000
23 -267.0000000000
47 -256.0000000000
48 -254.0000000000
63 -253.0000000000
65 -248.0000000000
74 -242.0000000000
90 -235.0000000000
101 -233.0000000000
115 -231.0000000000
129 -229.0000000000
133 -227.0000000000
138 -224.0000000000
142 -219.0000000000
186 -218.0000000000
202 -216.0000000000
205 -215.0000000000
214 -212.0000000000
237 -210.0000000000
256 -207.0000000000
262 -206.0000000000
263 -197.0000000000
315 -191.0000000000
364 -188.0000000000
384 -186.0000000000
399 -185.0000000000
407 -184.0000000000
432 -183.0000000000
437 -182.0000000000
463 -178.0000000000
495 -175.0000000000
516 -174.0000000000
536 -170.0000000000
565 -168.0000000000
571 -165.0000000000
586 -164.0000000000
606 -163.0000000000
642 -161.0000000000
680 -160.0000000000
699 -159.0000000000
718 -158.0000000000
724 -157.0000000000
742 -156.0000000000
751 -154.0000000000
761 -153.0000000000
762 -152.0000000000
782 -151.0000000000
801 -150.0000000000
807 -149.0000000000
832 -148.0000000000
841 -147.0000000000
851 -145.0000000000
876 -144.0000000000
897 -143.0000000000
903 -141.0000000000
913 -140.0000000000
931 -138.0000000000
965 -136.0000000000
1015 -135.0000000000
1023 -134.0000000000
1038 -133.0000000000
1068 -132.0000000000
1070 -131.0000000000
1082 -130.0000000000
1118 -129.0000000000
1125 -128.0000000000
1156 -127.0000000000
1173 -126.0000000000
1182 -125.0000000000
1195 -120.0000000000
1266 -118.0000000000
1298 -114.0000000000
1334 -112.0000000000
1350 -111.0000000000
1371 -108.0000000000
1414 -106.0000000000
1427 -105.0000000000
1436 -104.0000000000
1461 -103.0000000000
1471 -102.0000000000
1500 -100.0000000000
1517 -97.0000000000
1545 -96.0000000000
1596 -95.0000000000
1618 -93.0000000000
1641 -92.0000000000
1713 -91.0000000000
1734 -89.0000000000
1759 -88.0000000000
1765 -85.0000000000
1803 -84.0000000000
1826 -83.0000000000
1835 -82.0000000000
1871 -78.0000000000
1933 -76.0000000000
1946 -75.0000000000
1962 -74.0000000000
1975 -72.0000000000
2036 -71.0000000000
2041 -70.0000000000
2061 -69.0000000000
2092 -68.0000000000
2094 -67.0000000000
2126 -66.0000000000
2170 -65.0000000000
2179 -63.0000000000
2219 -62.0000000000
2251 -61.0000000000
2266 -59.0000000000
2280 -58.0000000000
2299 -57.0000000000
2316 -56.0000000000
2334 -53.0000000000
2370 -52.0000000000
2392 -51.0000000000
2428 -49.0000000000
2480 -48.0000000000
2501 -47.0000000000
2517 -46.0000000000
2555 -42.0000000000
2603 -41.0000000000
2628 -38.0000000000
2657 -37.0000000000
2722 -35.0000000000
2775 -34.0000000000
2811 -33.0000000000
2890 -32.0000000000
2929 -31.0000000000
2934 -30.0000000000
2961 -29.0000000000
3002 -28.0000000000
3046 -27.0000000000
3072 -25.0000000000
3083 -24.0000000000
3157 -23.0000000000
3166 -22.0000000000
3187 -21.0000000000
3287 -20.0000000000
3310 -19.0000000000
3343 -18.0000000000
3361 -17.0000000000
3411 -16.0000000000
3466 -15.0000000000
3500 -14.0000000000
3587 -13.0000000000
3644 -12.0000000000
3682 -11.0000000000
3689 -10.0000000000
3730 -9.0000000000
3801 -8.0000000000
3823 -7.0000000000
3979 -5.0000000000
4104 -4.0000000000
4160 -3.0000000000
4207 -2.0000000000
4374 -1.0000000000
4446 505.0000000000
4512 507.0000000000
4538 516.0000000000
100000 -1.0000000000
evaluations raw_y
1 -291.0000000000
2 -271.0000000000
4 -266.0000000000
17 -265.0000000000
19 -260.0000000000
21 -249.0000000000
62 -247.0000000000
64 -242.0000000000
95 -237.0000000000
125 -234.0000000000
128 -232.0000000000
132 -228.0000000000
160 -220.0000000000
183 -219.0000000000
190 -216.0000000000
205 -213.0000000000
219 -208.0000000000
241 -205.0000000000
243 -204.0000000000
254 -202.0000000000
263 -200.0000000000
5280 523.0000000000
286 -198.0000000000
314 -196.0000000000
323 -195.0000000000
328 -191.0000000000
334 -190.0000000000
341 -189.0000000000
367 -188.0000000000
373 -185.0000000000
389 -181.0000000000
5520 527.0000000000
400 -180.0000000000
421 -177.0000000000
442 -174.0000000000
473 -173.0000000000
494 -172.0000000000
518 -171.0000000000
533 -169.0000000000
562 -168.0000000000
564 -167.0000000000
582 -166.0000000000
604 -165.0000000000
606 -163.0000000000
620 -161.0000000000
636 -160.0000000000
655 -157.0000000000
675 -156.0000000000
696 -153.0000000000
722 -152.0000000000
738 -150.0000000000
757 -148.0000000000
763 -147.0000000000
779 -145.0000000000
811 -144.0000000000
826 -142.0000000000
860 -141.0000000000
887 -139.0000000000
6026 536.0000000000
932 -138.0000000000
935 -137.0000000000
942 -136.0000000000
965 -134.0000000000
979 -132.0000000000
1011 -127.0000000000
1024 -126.0000000000
1081 -125.0000000000
1104 -123.0000000000
1135 -122.0000000000
1152 -121.0000000000
1164 -119.0000000000
1189 -117.0000000000
1206 -114.0000000000
1254 -113.0000000000
1257 -111.0000000000
6224 538.0000000000
1288 -110.0000000000
1306 -109.0000000000
1326 -108.0000000000
1333 -106.0000000000
1365 -104.0000000000
1422 -101.0000000000
1458 -100.0000000000
1484 -98.0000000000
1492 -96.0000000000
1516 -95.0000000000
1522 -92.0000000000
1537 -91.0000000000
1593 -90.0000000000
1631 -89.0000000000
1632 -88.0000000000
1656 -86.0000000000
1709 -85.0000000000
1714 -84.0000000000
1715 -83.0000000000
1751 -82.0000000000
1760 -80.0000000000
1784 -78.0000000000
1795 -77.0000000000
1802 -76.0000000000
1830 -75.0000000000
1871 -74.0000000000
1887 -73.0000000000
1917 -71.0000000000
1936 -70.0000000000
1984 -69.0000000000
1996 -66.0000000000
2059 -63.0000000000
2063 -62.0000000000
6792 539.0000000000
2097 -61.0000000000
2118 -59.0000000000
2165 -58.0000000000
2195 -57.0000000000
2210 -56.0000000000
2241 -55.0000000000
2260 -54.0000000000
2271 -52.0000000000
2283 -51.0000000000
2318 -50.0000000000
2332 -49.0000000000
2341 -48.0000000000
2357 -47.0000000000
7075 540.0000000000
2391 -46.0000000000
2426 -45.0000000000
2432 -43.0000000000
2472 -42.0000000000
2505 -41.0000000000
2579 -40.0000000000
2596 -38.0000000000
2670 -37.0000000000
2679 -36.0000000000
2732 -35.0000000000
2792 -34.0000000000
2796 -33.0000000000
7342 541.0000000000
2824 -31.0000000000
2844 -30.0000000000
2878 -29.0000000000
2914 -28.0000000000
2973 -27.0000000000
2982 -26.0000000000
7547 543.0000000000
3011 -25.0000000000
3037 -24.0000000000
3083 -23.0000000000
3117 -22.0000000000
3136 -21.0000000000
3226 -20.0000000000
3235 -19.0000000000
3282 -17.0000000000
3344 -15.0000000000
3371 -14.0000000000
3456 -13.0000000000
3475 -12.0000000000
3524 -11.0000000000
3590 -10.0000000000
3602 -9.0000000000
3625 -8.0000000000
7944 546.0000000000
3703 -7.0000000000
3812 -6.0000000000
3863 -5.0000000000
3895 -4.0000000000
3952 -3.0000000000
3970 -2.0000000000
4096 -1.0000000000
4138 474.0000000000
4187 488.0000000000
4234 491.0000000000
4410 492.0000000000
4411 496.0000000000
4470 498.0000000000
4490 500.0000000000
4523 501.0000000000
4579 506.0000000000
4652 509.0000000000
4886 514.0000000000
4923 515.0000000000
5087 516.0000000000
5127 526.0000000000
5641 528.0000000000
5658 533.0000000000
5761 535.0000000000
6185 536.0000000000
6386 538.0000000000
7004 539.0000000000
7123 540.0000000000
12549 547.0000000000
7881 544.0000000000
13425 548.0000000000
8963 547.0000000000
14184 550.0000000000
14919 552.0000000000
10762 549.0000000000
13712 551.0000000000
16249 552.0000000000
17534 555.0000000000
24418 557.0000000000
34424 553.0000000000
34453 554.0000000000
32205 559.0000000000
38435 555.0000000000
42818 556.0000000000
45880 557.0000000000
47701 558.0000000000
50670 559.0000000000
64251 561.0000000000
73190 562.0000000000
84886 563.0000000000
86479 564.0000000000
83929 561.0000000000
85566 562.0000000000
85711 563.0000000000
87341 564.0000000000
100000 -1.0000000000
evaluations raw_y
1 -291.0000000000
2 -271.0000000000
4 -266.0000000000
17 -265.0000000000
19 -260.0000000000
21 -249.0000000000
62 -247.0000000000
64 -242.0000000000
95 -237.0000000000
125 -234.0000000000
128 -232.0000000000
132 -228.0000000000
160 -220.0000000000
183 -219.0000000000
190 -216.0000000000
205 -213.0000000000
219 -208.0000000000
241 -205.0000000000
243 -204.0000000000
254 -202.0000000000
263 -200.0000000000
286 -198.0000000000
314 -196.0000000000
323 -195.0000000000
328 -191.0000000000
334 -190.0000000000
341 -189.0000000000
367 -188.0000000000
373 -185.0000000000
389 -181.0000000000
400 -180.0000000000
421 -177.0000000000
442 -174.0000000000
473 -173.0000000000
494 -172.0000000000
518 -171.0000000000
533 -169.0000000000
562 -168.0000000000
564 -167.0000000000
582 -166.0000000000
604 -165.0000000000
606 -163.0000000000
620 -161.0000000000
636 -160.0000000000
655 -157.0000000000
675 -156.0000000000
696 -153.0000000000
722 -152.0000000000
738 -150.0000000000
757 -148.0000000000
763 -147.0000000000
779 -145.0000000000
811 -144.0000000000
826 -142.0000000000
860 -141.0000000000
887 -139.0000000000
932 -138.0000000000
935 -137.0000000000
942 -136.0000000000
965 -134.0000000000
979 -132.0000000000
1011 -127.0000000000
1024 -126.0000000000
1081 -125.0000000000
1104 -123.0000000000
1135 -122.0000000000
1152 -121.0000000000
1164 -119.0000000000
1189 -117.0000000000
95728 565.0000000000
1206 -114.0000000000
1254 -113.0000000000
1257 -111.0000000000
1288 -110.0000000000
1306 -109.0000000000
1326 -108.0000000000
1333 -106.0000000000
1365 -104.0000000000
1422 -101.0000000000
1458 -100.0000000000
1484 -98.0000000000
1492 -96.0000000000
1516 -95.0000000000
1522 -92.0000000000
1537 -91.0000000000
1593 -90.0000000000
1631 -89.0000000000
1632 -88.0000000000
1656 -86.0000000000
1709 -85.0000000000
1714 -84.0000000000
1715 -83.0000000000
1751 -82.0000000000
1760 -80.0000000000
1784 -78.0000000000
1795 -77.0000000000
1802 -76.0000000000
1830 -75.0000000000
1871 -74.0000000000
1887 -73.0000000000
1917 -71.0000000000
1936 -70.0000000000
1984 -69.0000000000
1996 -66.0000000000
2059 -63.0000000000
2063 -62.0000000000
2097 -61.0000000000
2118 -59.0000000000
2165 -58.0000000000
2195 -57.0000000000
2210 -56.0000000000
2241 -55.0000000000
2260 -54.0000000000
2271 -52.0000000000
2283 -51.0000000000
2318 -50.0000000000
2332 -49.0000000000
2341 -48.0000000000
2357 -47.0000000000
2391 -46.0000000000
2426 -45.0000000000
2432 -43.0000000000
2472 -42.0000000000
2505 -41.0000000000
2579 -40.0000000000
2596 -38.0000000000
2670 -37.0000000000
2679 -36.0000000000
2732 -35.0000000000
2792 -34.0000000000
2796 -33.0000000000
2824 -31.0000000000
2844 -30.0000000000
2878 -29.0000000000
2914 -28.0000000000
2973 -27.0000000000
2982 -26.0000000000
3011 -25.0000000000
3037 -24.0000000000
3083 -23.0000000000
3117 -22.0000000000
3136 -21.0000000000
3226 -20.0000000000
3235 -19.0000000000
3282 -17.0000000000
3344 -15.0000000000
3371 -14.0000000000
3456 -13.0000000000
3475 -12.0000000000
3524 -11.0000000000
3590 -10.0000000000
3602 -9.0000000000
3625 -8.0000000000
3703 -7.0000000000
3812 -6.0000000000
3863 -5.0000000000
3895 -4.0000000000
3952 -3.0000000000
3970 -2.0000000000
4096 -1.0000000000
4138 474.0000000000
4187 488.0000000000
4234 491.0000000000
4410 492.0000000000
4411 496.0000000000
4470 498.0000000000
4490 500.0000000000
4523 501.0000000000
4579 506.0000000000
4652 509.0000000000
4886 514.0000000000
4923 515.0000000000
5087 516.0000000000
5127 526.0000000000
5641 528.0000000000
5658 533.0000000000
5761 535.0000000000
100000 -2.0000000000
evaluations raw_y
1 -270.0000000000
6 -267.0000000000
27 -251.0000000000
48 -250.0000000000
61 -240.0000000000
92 -229.0000000000
116 -228.0000000000
121 -224.0000000000
126 -220.0000000000
6185 536.0000000000
136 -219.0000000000
146 -218.0000000000
147 -211.0000000000
181 -207.0000000000
192 -206.0000000000
195 -197.0000000000
236 -193.0000000000
259 -192.0000000000
290 -190.0000000000
299 -187.0000000000
304 -186.0000000000
6386 538.0000000000
313 -185.0000000000
334 -184.0000000000
351 -183.0000000000
365 -182.0000000000
373 -181.0000000000
383 -179.0000000000
391 -178.0000000000
398 -176.0000000000
432 -175.0000000000
438 -174.0000000000
441 -172.0000000000
452 -171.0000000000
465 -169.0000000000
494 -167.0000000000
512 -166.0000000000
529 -165.0000000000
574 -162.0000000000
579 -161.0000000000
586 -160.0000000000
604 -156.0000000000
652 -155.0000000000
654 -153.0000000000
665 -151.0000000000
666 -150.0000000000
712 -148.0000000000
731 -146.0000000000
754 -144.0000000000
783 -143.0000000000
791 -141.0000000000
816 -140.0000000000
832 -139.0000000000
854 -137.0000000000
908 -135.0000000000
926 -134.0000000000
953 -133.0000000000
963 -132.0000000000
983 -131.0000000000
1003 -130.0000000000
1007 -129.0000000000
1024 -128.0000000000
1031 -126.0000000000
1041 -124.0000000000
1078 -123.0000000000
1084 -122.0000000000
1114 -120.0000000000
1137 -119.0000000000
1141 -117.0000000000
1180 -116.0000000000
1193 -114.0000000000
1203 -113.0000000000
1222 -112.0000000000
1237 -111.0000000000
1248 -110.0000000000
7004 539.0000000000
1298 -109.0000000000
1321 -108.0000000000
1337 -106.0000000000
1341 -103.0000000000
1401 -101.0000000000
1438 -100.0000000000
1463 -99.0000000000
1473 -96.0000000000
1521 -95.0000000000
7123 540.0000000000
1545 -94.0000000000
1553 -93.0000000000
1581 -92.0000000000
1588 -91.0000000000
1616 -90.0000000000
1633 -89.0000000000
1642 -88.0000000000
1668 -86.0000000000
1722 -84.0000000000
1754 -81.0000000000
1809 -80.0000000000
1847 -79.0000000000
1859 -78.0000000000
1891 -77.0000000000
1921 -76.0000000000
1926 -75.0000000000
1951 -74.0000000000
1958 -73.0000000000
2009 -72.0000000000
2011 -71.0000000000
2026 -70.0000000000
2071 -69.0000000000
2104 -67.0000000000
2139 -66.0000000000
2154 -65.0000000000
2184 -64.0000000000
2191 -63.0000000000
2205 -62.0000000000
2238 -59.0000000000
2292 -58.0000000000
2327 -54.0000000000
2367 -53.0000000000
2401 -52.0000000000
2420 -51.0000000000
2444 -50.0000000000
2481 -49.0000000000
2513 -48.0000000000
2533 -45.0000000000
7881 544.0000000000
2601 -44.0000000000
2659 -42.0000000000
2692 -41.0000000000
2701 -40.0000000000
2741 -39.0000000000
2782 -38.0000000000
2784 -37.0000000000
2828 -36.0000000000
2838 -35.0000000000
2863 -34.0000000000
2894 -33.0000000000
2963 -32.0000000000
3000 -31.0000000000
3008 -30.0000000000
3050 -28.0000000000
3149 -27.0000000000
3154 -26.0000000000
3175 -25.0000000000
3210 -24.0000000000
3263 -23.0000000000
3303 -22.0000000000
3359 -21.0000000000
3380 -20.0000000000
3401 -19.0000000000
3460 -17.0000000000
3542 -16.0000000000
3607 -15.0000000000
8963 547.0000000000
3710 -14.0000000000
3754 -13.0000000000
3771 -12.0000000000
3800 -11.0000000000
3854 -10.0000000000
3866 -9.0000000000
4012 -8.0000000000
4128 -7.0000000000
4150 -6.0000000000
4168 -5.0000000000
4226 -4.0000000000
4318 -3.0000000000
4351 -2.0000000000
4355 -1.0000000000
4416 501.0000000000
4437 515.0000000000
4508 516.0000000000
4562 522.0000000000
4633 534.0000000000
5289 540.0000000000
10762 549.0000000000
5532 543.0000000000
5585 544.0000000000
6020 545.0000000000
6399 548.0000000000
8019 550.0000000000
13712 551.0000000000
16249 552.0000000000
17534 555.0000000000
11803 552.0000000000
12214 556.0000000000
15410 557.0000000000
15937 558.0000000000
15981 560.0000000000
24418 557.0000000000
25175 563.0000000000
32205 559.0000000000
30508 565.0000000000
47221 566.0000000000
51376 567.0000000000
83929 561.0000000000
85566 562.0000000000
85711 563.0000000000
87341 564.0000000000
95728 565.0000000000
100000 -2.0000000000
evaluations raw_y
1 -270.0000000000
6 -267.0000000000
27 -251.0000000000
48 -250.0000000000
61 -240.0000000000
92 -229.0000000000
116 -228.0000000000
121 -224.0000000000
126 -220.0000000000
136 -219.0000000000
146 -218.0000000000
147 -211.0000000000
181 -207.0000000000
192 -206.0000000000
195 -197.0000000000
236 -193.0000000000
259 -192.0000000000
290 -190.0000000000
299 -187.0000000000
304 -186.0000000000
313 -185.0000000000
334 -184.0000000000
351 -183.0000000000
365 -182.0000000000
373 -181.0000000000
383 -179.0000000000
391 -178.0000000000
398 -176.0000000000
432 -175.0000000000
438 -174.0000000000
441 -172.0000000000
452 -171.0000000000
465 -169.0000000000
494 -167.0000000000
512 -166.0000000000
529 -165.0000000000
574 -162.0000000000
579 -161.0000000000
586 -160.0000000000
604 -156.0000000000
652 -155.0000000000
654 -153.0000000000
665 -151.0000000000
666 -150.0000000000
712 -148.0000000000
731 -146.0000000000
754 -144.0000000000
783 -143.0000000000
791 -141.0000000000
816 -140.0000000000
832 -139.0000000000
854 -137.0000000000
908 -135.0000000000
926 -134.0000000000
953 -133.0000000000
963 -132.0000000000
983 -131.0000000000
1003 -130.0000000000
1007 -129.0000000000
1024 -128.0000000000
1031 -126.0000000000
1041 -124.0000000000
1078 -123.0000000000
1084 -122.0000000000
1114 -120.0000000000
1137 -119.0000000000
1141 -117.0000000000
1180 -116.0000000000
1193 -114.0000000000
1203 -113.0000000000
1222 -112.0000000000
1237 -111.0000000000
1248 -110.0000000000
1298 -109.0000000000
1321 -108.0000000000
1337 -106.0000000000
1341 -103.0000000000
1401 -101.0000000000
1438 -100.0000000000
1463 -99.0000000000
1473 -96.0000000000
1521 -95.0000000000
1545 -94.0000000000
1553 -93.0000000000
1581 -92.0000000000
1588 -91.0000000000
1616 -90.0000000000
1633 -89.0000000000
1642 -88.0000000000
1668 -86.0000000000
1722 -84.0000000000
1754 -81.0000000000
1809 -80.0000000000
1847 -79.0000000000
1859 -78.0000000000
1891 -77.0000000000
1921 -76.0000000000
1926 -75.0000000000
1951 -74.0000000000
1958 -73.0000000000
2009 -72.0000000000
2011 -71.0000000000
2026 -70.0000000000
2071 -69.0000000000
2104 -67.0000000000
2139 -66.0000000000
2154 -65.0000000000
2184 -64.0000000000
2191 -63.0000000000
2205 -62.0000000000
2238 -59.0000000000
2292 -58.0000000000
2327 -54.0000000000
2367 -53.0000000000
2401 -52.0000000000
2420 -51.0000000000
2444 -50.0000000000
2481 -49.0000000000
2513 -48.0000000000
2533 -45.0000000000
2601 -44.0000000000
2659 -42.0000000000
2692 -41.0000000000
2701 -40.0000000000
2741 -39.0000000000
2782 -38.0000000000
2784 -37.0000000000
2828 -36.0000000000
2838 -35.0000000000
2863 -34.0000000000
2894 -33.0000000000
2963 -32.0000000000
3000 -31.0000000000
3008 -30.0000000000
3050 -28.0000000000
3149 -27.0000000000
3154 -26.0000000000
3175 -25.0000000000
3210 -24.0000000000
3263 -23.0000000000
3303 -22.0000000000
3359 -21.0000000000
3380 -20.0000000000
3401 -19.0000000000
3460 -17.0000000000
3542 -16.0000000000
3607 -15.0000000000
3710 -14.0000000000
3754 -13.0000000000
3771 -12.0000000000
3800 -11.0000000000
3854 -10.0000000000
3866 -9.0000000000
4012 -8.0000000000
4128 -7.0000000000
4150 -6.0000000000
4168 -5.0000000000
4226 -4.0000000000
4318 -3.0000000000
4351 -2.0000000000
4355 -1.0000000000
4416 501.0000000000
4437 515.0000000000
4508 516.0000000000
4562 522.0000000000
4633 534.0000000000
5289 540.0000000000
5532 543.0000000000
5585 544.0000000000
6020 545.0000000000
6399 548.0000000000
8019 550.0000000000
100000 -1.0000000000
evaluations raw_y
1 -284.0000000000
2 -279.0000000000
4 -278.0000000000
7 -270.0000000000
17 -266.0000000000
24 -265.0000000000
32 -263.0000000000
33 -255.0000000000
45 -252.0000000000
61 -240.0000000000
77 -234.0000000000
120 -228.0000000000
129 -223.0000000000
145 -221.0000000000
164 -220.0000000000
166 -216.0000000000
168 -215.0000000000
178 -214.0000000000
190 -212.0000000000
193 -211.0000000000
204 -206.0000000000
219 -202.0000000000
225 -201.0000000000
236 -197.0000000000
242 -196.0000000000
251 -193.0000000000
296 -192.0000000000
311 -188.0000000000
335 -186.0000000000
350 -185.0000000000
361 -184.0000000000
363 -182.0000000000
381 -181.0000000000
392 -180.0000000000
406 -179.0000000000
441 -177.0000000000
492 -176.0000000000
501 -173.0000000000
505 -172.0000000000
520 -170.0000000000
528 -168.0000000000
534 -167.0000000000
576 -166.0000000000
585 -164.0000000000
599 -163.0000000000
616 -162.0000000000
621 -161.0000000000
625 -159.0000000000
644 -158.0000000000
664 -157.0000000000
668 -155.0000000000
702 -153.0000000000
717 -152.0000000000
749 -151.0000000000
753 -150.0000000000
756 -149.0000000000
761 -148.0000000000
776 -147.0000000000
791 -145.0000000000
806 -144.0000000000
835 -143.0000000000
852 -142.0000000000
870 -141.0000000000
881 -140.0000000000
901 -139.0000000000
919 -138.0000000000
925 -136.0000000000
968 -135.0000000000
984 -132.0000000000
1007 -131.0000000000
1015 -130.0000000000
1033 -128.0000000000
1055 -126.0000000000
1058 -125.0000000000
1104 -121.0000000000
1135 -119.0000000000
1160 -117.0000000000
1192 -116.0000000000
1211 -114.0000000000
1223 -113.0000000000
1239 -111.0000000000
1268 -110.0000000000
1303 -108.0000000000
1325 -106.0000000000
1392 -104.0000000000
1402 -102.0000000000
1452 -101.0000000000
1485 -100.0000000000
1502 -99.0000000000
1506 -98.0000000000
1514 -96.0000000000
1542 -95.0000000000
1585 -94.0000000000
1609 -93.0000000000
1620 -92.0000000000
1649 -90.0000000000
1678 -89.0000000000
1707 -88.0000000000
1731 -85.0000000000
1772 -84.0000000000
1791 -83.0000000000
1815 -82.0000000000
1818 -81.0000000000
1822 -80.0000000000
1863 -79.0000000000
1871 -78.0000000000
1887 -77.0000000000
1913 -76.0000000000
11803 552.0000000000
1984 -75.0000000000
1999 -74.0000000000
2005 -73.0000000000
2038 -72.0000000000
2050 -69.0000000000
2059 -68.0000000000
2096 -67.0000000000
2126 -66.0000000000
2149 -65.0000000000
2171 -64.0000000000
2173 -63.0000000000
2183 -62.0000000000
2216 -61.0000000000
2231 -59.0000000000
2258 -58.0000000000
2261 -57.0000000000
2292 -56.0000000000
2321 -55.0000000000
2346 -54.0000000000
2402 -53.0000000000
2413 -52.0000000000
2457 -51.0000000000
2502 -50.0000000000
2524 -49.0000000000
2530 -46.0000000000
2546 -45.0000000000
2572 -44.0000000000
2623 -43.0000000000
2664 -42.0000000000
12214 556.0000000000
2696 -41.0000000000
2699 -38.0000000000
2755 -37.0000000000
2787 -36.0000000000
2842 -35.0000000000
2869 -34.0000000000
2874 -33.0000000000
2902 -31.0000000000
2904 -30.0000000000
2928 -29.0000000000
3006 -28.0000000000
3019 -27.0000000000
3089 -26.0000000000
3102 -25.0000000000
3147 -24.0000000000
3173 -23.0000000000
3203 -21.0000000000
3265 -20.0000000000
3290 -19.0000000000
3310 -18.0000000000
3353 -17.0000000000
3411 -16.0000000000
3495 -15.0000000000
3571 -14.0000000000
3601 -13.0000000000
3683 -12.0000000000
3772 -11.0000000000
3807 -10.0000000000
3888 -9.0000000000
3901 -8.0000000000
3943 -7.0000000000
3973 -6.0000000000
4007 -5.0000000000
4133 -4.0000000000
4252 -3.0000000000
4279 -2.0000000000
4306 -1.0000000000
4490 487.0000000000
4495 493.0000000000
4515 496.0000000000
4578 500.0000000000
4592 506.0000000000
4980 510.0000000000
5182 514.0000000000
5269 517.0000000000
5336 521.0000000000
5353 525.0000000000
15410 557.0000000000
15937 558.0000000000
15981 560.0000000000
6284 531.0000000000
6298 532.0000000000
7120 534.0000000000
7239 535.0000000000
7374 537.0000000000
7572 543.0000000000
8543 544.0000000000
9006 551.0000000000
10451 552.0000000000
10526 553.0000000000
10566 554.0000000000
10635 555.0000000000
10684 557.0000000000
10769 560.0000000000
13159 565.0000000000
13360 568.0000000000
25175 563.0000000000
30508 565.0000000000
33507 569.0000000000
47221 566.0000000000
51376 567.0000000000
100000 -1.0000000000
evaluations raw_y
1 -284.0000000000
2 -279.0000000000
4 -278.0000000000
7 -270.0000000000
17 -266.0000000000
24 -265.0000000000
32 -263.0000000000
33 -255.0000000000
45 -252.0000000000
61 -240.0000000000
77 -234.0000000000
120 -228.0000000000
129 -223.0000000000
145 -221.0000000000
164 -220.0000000000
166 -216.0000000000
168 -215.0000000000
178 -214.0000000000
190 -212.0000000000
193 -211.0000000000
204 -206.0000000000
219 -202.0000000000
225 -201.0000000000
236 -197.0000000000
242 -196.0000000000
251 -193.0000000000
296 -192.0000000000
311 -188.0000000000
335 -186.0000000000
350 -185.0000000000
361 -184.0000000000
363 -182.0000000000
381 -181.0000000000
392 -180.0000000000
406 -179.0000000000
441 -177.0000000000
492 -176.0000000000
501 -173.0000000000
505 -172.0000000000
520 -170.0000000000
528 -168.0000000000
534 -167.0000000000
576 -166.0000000000
585 -164.0000000000
599 -163.0000000000
616 -162.0000000000
621 -161.0000000000
625 -159.0000000000
644 -158.0000000000
664 -157.0000000000
668 -155.0000000000
702 -153.0000000000
717 -152.0000000000
749 -151.0000000000
753 -150.0000000000
756 -149.0000000000
761 -148.0000000000
776 -147.0000000000
791 -145.0000000000
806 -144.0000000000
835 -143.0000000000
852 -142.0000000000
870 -141.0000000000
881 -140.0000000000
901 -139.0000000000
919 -138.0000000000
925 -136.0000000000
968 -135.0000000000
984 -132.0000000000
1007 -131.0000000000
1015 -130.0000000000
1033 -128.0000000000
1055 -126.0000000000
1058 -125.0000000000
1104 -121.0000000000
1135 -119.0000000000
1160 -117.0000000000
1192 -116.0000000000
1211 -114.0000000000
1223 -113.0000000000
1239 -111.0000000000
1268 -110.0000000000
1303 -108.0000000000
1325 -106.0000000000
1392 -104.0000000000
1402 -102.0000000000
1452 -101.0000000000
1485 -100.0000000000
1502 -99.0000000000
1506 -98.0000000000
1514 -96.0000000000
1542 -95.0000000000
1585 -94.0000000000
1609 -93.0000000000
1620 -92.0000000000
1649 -90.0000000000
1678 -89.0000000000
1707 -88.0000000000
1731 -85.0000000000
1772 -84.0000000000
1791 -83.0000000000
1815 -82.0000000000
1818 -81.0000000000
1822 -80.0000000000
1863 -79.0000000000
1871 -78.0000000000
1887 -77.0000000000
1913 -76.0000000000
1984 -75.0000000000
1999 -74.0000000000
2005 -73.0000000000
2038 -72.0000000000
2050 -69.0000000000
2059 -68.0000000000
2096 -67.0000000000
2126 -66.0000000000
2149 -65.0000000000
2171 -64.0000000000
2173 -63.0000000000
2183 -62.0000000000
2216 -61.0000000000
2231 -59.0000000000
2258 -58.0000000000
2261 -57.0000000000
2292 -56.0000000000
2321 -55.0000000000
2346 -54.0000000000
2402 -53.0000000000
2413 -52.0000000000
2457 -51.0000000000
2502 -50.0000000000
2524 -49.0000000000
2530 -46.0000000000
2546 -45.0000000000
2572 -44.0000000000
2623 -43.0000000000
2664 -42.0000000000
2696 -41.0000000000
2699 -38.0000000000
2755 -37.0000000000
2787 -36.0000000000
2842 -35.0000000000
2869 -34.0000000000
2874 -33.0000000000
2902 -31.0000000000
2904 -30.0000000000
2928 -29.0000000000
3006 -28.0000000000
3019 -27.0000000000
3089 -26.0000000000
3102 -25.0000000000
3147 -24.0000000000
3173 -23.0000000000
3203 -21.0000000000
3265 -20.0000000000
3290 -19.0000000000
3310 -18.0000000000
3353 -17.0000000000
3411 -16.0000000000
3495 -15.0000000000
3571 -14.0000000000
3601 -13.0000000000
3683 -12.0000000000
3772 -11.0000000000
3807 -10.0000000000
3888 -9.0000000000
3901 -8.0000000000
3943 -7.0000000000
3973 -6.0000000000
4007 -5.0000000000
4133 -4.0000000000
4252 -3.0000000000
4279 -2.0000000000
4306 -1.0000000000
4490 487.0000000000
4495 493.0000000000
4515 496.0000000000
4578 500.0000000000
4592 506.0000000000
4980 510.0000000000
5182 514.0000000000
5269 517.0000000000
5336 521.0000000000
5353 525.0000000000
6284 531.0000000000
6298 532.0000000000
7120 534.0000000000
7239 535.0000000000
7374 537.0000000000
7572 543.0000000000
8543 544.0000000000
9006 551.0000000000
10451 552.0000000000
10526 553.0000000000
10566 554.0000000000
10635 555.0000000000
10684 557.0000000000
10769 560.0000000000
13159 565.0000000000
13360 568.0000000000
100000 -2.0000000000
evaluations raw_y
1 -296.0000000000
3 -293.0000000000
5 -286.0000000000
7 -266.0000000000
26 -265.0000000000
32 -258.0000000000
48 -250.0000000000
74 -249.0000000000
79 -247.0000000000
81 -246.0000000000
85 -243.0000000000
92 -242.0000000000
93 -241.0000000000
101 -240.0000000000
116 -239.0000000000
118 -238.0000000000
121 -237.0000000000
124 -230.0000000000
143 -223.0000000000
182 -221.0000000000
200 -220.0000000000
204 -219.0000000000
211 -218.0000000000
220 -215.0000000000
244 -213.0000000000
268 -211.0000000000
291 -210.0000000000
306 -207.0000000000
328 -206.0000000000
334 -202.0000000000
349 -200.0000000000
373 -199.0000000000
392 -197.0000000000
405 -196.0000000000
423 -195.0000000000
442 -194.0000000000
443 -193.0000000000
465 -189.0000000000
497 -187.0000000000
517 -185.0000000000
545 -184.0000000000
556 -182.0000000000
598 -181.0000000000
626 -180.0000000000
631 -179.0000000000
635 -178.0000000000
658 -177.0000000000
661 -176.0000000000
682 -174.0000000000
702 -173.0000000000
715 -171.0000000000
752 -170.0000000000
760 -166.0000000000
778 -164.0000000000
808 -163.0000000000
811 -162.0000000000
826 -161.0000000000
831 -160.0000000000
846 -159.0000000000
861 -158.0000000000
868 -157.0000000000
875 -156.0000000000
891 -155.0000000000
922 -154.0000000000
938 -152.0000000000
953 -151.0000000000
977 -148.0000000000
1010 -147.0000000000
1027 -146.0000000000
1038 -145.0000000000
1062 -143.0000000000
1067 -141.0000000000
1085 -140.0000000000
1110 -139.0000000000
1123 -138.0000000000
1126 -137.0000000000
1160 -134.0000000000
1168 -133.0000000000
1173 -132.0000000000
1211 -130.0000000000
1235 -129.0000000000
1258 -128.0000000000
1286 -127.0000000000
1298 -126.0000000000
1328 -124.0000000000
1349 -120.0000000000
1356 -119.0000000000
1407 -118.0000000000
1415 -116.0000000000
1422 -115.0000000000
1437 -113.0000000000
1449 -112.0000000000
1484 -110.0000000000
1507 -108.0000000000
1516 -107.0000000000
1558 -106.0000000000
1573 -105.0000000000
1631 -104.0000000000
1649 -103.0000000000
1658 -102.0000000000
1703 -99.0000000000
1712 -98.0000000000
1726 -97.0000000000
1748 -96.0000000000
1759 -93.0000000000
1771 -92.0000000000
1814 -90.0000000000
1855 -89.0000000000
1861 -88.0000000000
1878 -85.0000000000
1894 -83.0000000000
1940 -82.0000000000
1951 -81.0000000000
1995 -80.0000000000
2024 -79.0000000000
2030 -77.0000000000
2095 -76.0000000000
2111 -75.0000000000
2130 -74.0000000000
2156 -73.0000000000
2160 -72.0000000000
2191 -71.0000000000
2203 -70.0000000000
2214 -69.0000000000
2225 -68.0000000000
2231 -67.0000000000
2245 -66.0000000000
2293 -65.0000000000
2316 -64.0000000000
2340 -63.0000000000
2362 -62.0000000000
2403 -61.0000000000
2413 -60.0000000000
2446 -59.0000000000
2456 -58.0000000000
2467 -57.0000000000
2514 -56.0000000000
2537 -55.0000000000
2566 -54.0000000000
2625 -53.0000000000
2647 -52.0000000000
2685 -51.0000000000
2702 -50.0000000000
2749 -49.0000000000
2791 -48.0000000000
2821 -47.0000000000
2864 -46.0000000000
2891 -45.0000000000
2913 -44.0000000000
2921 -43.0000000000
2955 -41.0000000000
2962 -40.0000000000
3003 -39.0000000000
3013 -36.0000000000
3085 -34.0000000000
3133 -33.0000000000
3141 -32.0000000000
3194 -31.0000000000
3225 -30.0000000000
3227 -29.0000000000
3261 -27.0000000000
3359 -26.0000000000
3375 -25.0000000000
3416 -23.0000000000
3450 -22.0000000000
3479 -21.0000000000
3490 -19.0000000000
3575 -17.0000000000
3686 -16.0000000000
3697 -15.0000000000
3835 -14.0000000000
3901 -13.0000000000
3965 -12.0000000000
4005 -10.0000000000
4063 -9.0000000000
4137 -8.0000000000
4175 -6.0000000000
4206 -5.0000000000
4265 -4.0000000000
4343 -3.0000000000
4468 -2.0000000000
4492 -1.0000000000
4556 476.0000000000
4585 485.0000000000
4621 492.0000000000
4647 495.0000000000
4649 502.0000000000
4688 504.0000000000
4745 505.0000000000
4758 509.0000000000
4769 517.0000000000
4802 523.0000000000
4893 527.0000000000
4946 530.0000000000
5037 532.0000000000
5727 533.0000000000
5847 535.0000000000
5900 539.0000000000
6192 543.0000000000
6196 545.0000000000
6581 547.0000000000
6665 549.0000000000
13788 550.0000000000
14181 551.0000000000
16422 552.0000000000
18293 553.0000000000
18361 555.0000000000
33507 569.0000000000
29770 556.0000000000
36826 558.0000000000
52594 559.0000000000
59455 560.0000000000
100000 -2.0000000000
evaluations raw_y
1 -296.0000000000
3 -293.0000000000
5 -286.0000000000
7 -266.0000000000
26 -265.0000000000
32 -258.0000000000
48 -250.0000000000
74 -249.0000000000
79 -247.0000000000
81 -246.0000000000
85 -243.0000000000
92 -242.0000000000
93 -241.0000000000
101 -240.0000000000
116 -239.0000000000
118 -238.0000000000
121 -237.0000000000
124 -230.0000000000
143 -223.0000000000
182 -221.0000000000
200 -220.0000000000
204 -219.0000000000
211 -218.0000000000
220 -215.0000000000
244 -213.0000000000
268 -211.0000000000
291 -210.0000000000
306 -207.0000000000
328 -206.0000000000
334 -202.0000000000
349 -200.0000000000
373 -199.0000000000
392 -197.0000000000
405 -196.0000000000
423 -195.0000000000
442 -194.0000000000
443 -193.0000000000
465 -189.0000000000
497 -187.0000000000
517 -185.0000000000
545 -184.0000000000
556 -182.0000000000
598 -181.0000000000
626 -180.0000000000
631 -179.0000000000
635 -178.0000000000
658 -177.0000000000
661 -176.0000000000
682 -174.0000000000
702 -173.0000000000
715 -171.0000000000
752 -170.0000000000
760 -166.0000000000
778 -164.0000000000
808 -163.0000000000
811 -162.0000000000
826 -161.0000000000
831 -160.0000000000
846 -159.0000000000
861 -158.0000000000
868 -157.0000000000
875 -156.0000000000
891 -155.0000000000
922 -154.0000000000
938 -152.0000000000
953 -151.0000000000
977 -148.0000000000
1010 -147.0000000000
1027 -146.0000000000
1038 -145.0000000000
1062 -143.0000000000
1067 -141.0000000000
1085 -140.0000000000
1110 -139.0000000000
1123 -138.0000000000
1126 -137.0000000000
1160 -134.0000000000
1168 -133.0000000000
1173 -132.0000000000
1211 -130.0000000000
1235 -129.0000000000
1258 -128.0000000000
1286 -127.0000000000
1298 -126.0000000000
1328 -124.0000000000
1349 -120.0000000000
1356 -119.0000000000
1407 -118.0000000000
1415 -116.0000000000
1422 -115.0000000000
1437 -113.0000000000
1449 -112.0000000000
1484 -110.0000000000
1507 -108.0000000000
1516 -107.0000000000
1558 -106.0000000000
1573 -105.0000000000
1631 -104.0000000000
1649 -103.0000000000
1658 -102.0000000000
1703 -99.0000000000
1712 -98.0000000000
1726 -97.0000000000
1748 -96.0000000000
1759 -93.0000000000
1771 -92.0000000000
1814 -90.0000000000
1855 -89.0000000000
1861 -88.0000000000
1878 -85.0000000000
1894 -83.0000000000
1940 -82.0000000000
1951 -81.0000000000
1995 -80.0000000000
2024 -79.0000000000
2030 -77.0000000000
2095 -76.0000000000
2111 -75.0000000000
2130 -74.0000000000
2156 -73.0000000000
2160 -72.0000000000
2191 -71.0000000000
2203 -70.0000000000
2214 -69.0000000000
2225 -68.0000000000
2231 -67.0000000000
2245 -66.0000000000
2293 -65.0000000000
2316 -64.0000000000
2340 -63.0000000000
2362 -62.0000000000
2403 -61.0000000000
2413 -60.0000000000
2446 -59.0000000000
2456 -58.0000000000
2467 -57.0000000000
2514 -56.0000000000
2537 -55.0000000000
2566 -54.0000000000
2625 -53.0000000000
2647 -52.0000000000
2685 -51.0000000000
2702 -50.0000000000
2749 -49.0000000000
2791 -48.0000000000
2821 -47.0000000000
2864 -46.0000000000
2891 -45.0000000000
2913 -44.0000000000
2921 -43.0000000000
2955 -41.0000000000
2962 -40.0000000000
3003 -39.0000000000
3013 -36.0000000000
3085 -34.0000000000
3133 -33.0000000000
3141 -32.0000000000
3194 -31.0000000000
3225 -30.0000000000
3227 -29.0000000000
3261 -27.0000000000
3359 -26.0000000000
3375 -25.0000000000
3416 -23.0000000000
3450 -22.0000000000
3479 -21.0000000000
3490 -19.0000000000
3575 -17.0000000000
3686 -16.0000000000
3697 -15.0000000000
3835 -14.0000000000
3901 -13.0000000000
3965 -12.0000000000
4005 -10.0000000000
4063 -9.0000000000
4137 -8.0000000000
4175 -6.0000000000
4206 -5.0000000000
4265 -4.0000000000
4343 -3.0000000000
4468 -2.0000000000
4492 -1.0000000000
4556 476.0000000000
4585 485.0000000000
4621 492.0000000000
4647 495.0000000000
4649 502.0000000000
4688 504.0000000000
4745 505.0000000000
4758 509.0000000000
4769 517.0000000000
4802 523.0000000000
4893 527.0000000000
4946 530.0000000000
5037 532.0000000000
5727 533.0000000000
5847 535.0000000000
5900 539.0000000000
6192 543.0000000000
6196 545.0000000000
6581 547.0000000000
6665 549.0000000000
13788 550.0000000000
14181 551.0000000000
16422 552.0000000000
100000 -3.0000000000
evaluations raw_y
1 -292.0000000000
3 -286.0000000000
4 -265.0000000000
36 -250.0000000000
64 -238.0000000000
81 -234.0000000000
102 -233.0000000000
18293 553.0000000000
105 -231.0000000000
112 -225.0000000000
122 -222.0000000000
18361 555.0000000000
167 -215.0000000000
228 -213.0000000000
232 -210.0000000000
258 -209.0000000000
263 -206.0000000000
279 -203.0000000000
296 -202.0000000000
313 -199.0000000000
336 -198.0000000000
346 -197.0000000000
364 -190.0000000000
382 -188.0000000000
405 -187.0000000000
419 -186.0000000000
426 -184.0000000000
451 -183.0000000000
453 -182.0000000000
461 -181.0000000000
469 -180.0000000000
475 -179.0000000000
488 -178.0000000000
489 -177.0000000000
517 -176.0000000000
520 -175.0000000000
534 -173.0000000000
538 -172.0000000000
550 -171.0000000000
576 -170.0000000000
616 -169.0000000000
621 -166.0000000000
646 -163.0000000000
688 -162.0000000000
705 -161.0000000000
723 -159.0000000000
744 -158.0000000000
758 -156.0000000000
775 -155.0000000000
804 -154.0000000000
841 -153.0000000000
842 -152.0000000000
858 -151.0000000000
867 -150.0000000000
871 -148.0000000000
906 -147.0000000000
909 -146.0000000000
925 -145.0000000000
953 -141.0000000000
980 -140.0000000000
987 -139.0000000000
998 -137.0000000000
1023 -136.0000000000
1035 -135.0000000000
1055 -134.0000000000
1076 -133.0000000000
1092 -131.0000000000
1115 -130.0000000000
1119 -129.0000000000
1146 -127.0000000000
1164 -126.0000000000
1182 -125.0000000000
1203 -124.0000000000
1213 -122.0000000000
1232 -118.0000000000
1283 -117.0000000000
1324 -115.0000000000
1353 -114.0000000000
1377 -113.0000000000
1410 -111.0000000000
1421 -109.0000000000
1443 -108.0000000000
1455 -107.0000000000
1462 -106.0000000000
1484 -105.0000000000
1491 -103.0000000000
1504 -101.0000000000
1573 -100.0000000000
1586 -97.0000000000
1625 -96.0000000000
1634 -94.0000000000
1656 -89.0000000000
1668 -88.0000000000
1741 -87.0000000000
1749 -86.0000000000
1776 -85.0000000000
1780 -84.0000000000
1791 -83.0000000000
1813 -81.0000000000
1861 -79.0000000000
1894 -78.0000000000
1940 -77.0000000000
1958 -76.0000000000
1978 -75.0000000000
1992 -73.0000000000
2020 -72.0000000000
2061 -71.0000000000
2078 -70.0000000000
2079 -69.0000000000
2082 -68.0000000000
2083 -67.0000000000
2128 -66.0000000000
2152 -65.0000000000
2164 -63.0000000000
2216 -61.0000000000
2255 -60.0000000000
2262 -57.0000000000
2324 -56.0000000000
2333 -55.0000000000
2365 -54.0000000000
2397 -53.0000000000
2435 -51.0000000000
2464 -50.0000000000
2511 -49.0000000000
2517 -48.0000000000
2562 -47.0000000000
2582 -46.0000000000
2606 -44.0000000000
2633 -43.0000000000
2687 -42.0000000000
2748 -41.0000000000
2785 -39.0000000000
2803 -38.0000000000
2852 -37.0000000000
2892 -36.0000000000
2921 -35.0000000000
2998 -34.0000000000
3034 -33.0000000000
3079 -32.0000000000
3135 -31.0000000000
3167 -30.0000000000
3170 -29.0000000000
3177 -27.0000000000
3203 -26.0000000000
3268 -25.0000000000
3281 -24.0000000000
3330 -23.0000000000
3348 -22.0000000000
3368 -20.0000000000
3419 -19.0000000000
3476 -18.0000000000
3527 -17.0000000000
3575 -16.0000000000
3633 -14.0000000000
3654 -13.0000000000
3695 -11.0000000000
3718 -10.0000000000
3791 -9.0000000000
3813 -8.0000000000
4111 -7.0000000000
4153 -6.0000000000
4179 -5.0000000000
4195 -4.0000000000
4233 -3.0000000000
4340 -2.0000000000
4395 -1.0000000000
4406 482.0000000000
4473 486.0000000000
4511 489.0000000000
4555 490.0000000000
4559 499.0000000000
4653 502.0000000000
4708 506.0000000000
4757 508.0000000000
4852 516.0000000000
4981 520.0000000000
5013 521.0000000000
5040 524.0000000000
5157 526.0000000000
5691 528.0000000000
5733 529.0000000000
5805 530.0000000000
5903 533.0000000000
5992 534.0000000000
7778 536.0000000000
7902 537.0000000000
7914 538.0000000000
8037 540.0000000000
8054 541.0000000000
8396 543.0000000000
10223 544.0000000000
10747 546.0000000000
29770 556.0000000000
11842 548.0000000000
11865 554.0000000000
36826 558.0000000000
52594 559.0000000000
59455 560.0000000000
41149 555.0000000000
46398 556.0000000000
62889 560.0000000000
100000 -3.0000000000
evaluations raw_y
1 -292.0000000000
3 -286.0000000000
4 -265.0000000000
36 -250.0000000000
64 -238.0000000000
81 -234.0000000000
102 -233.0000000000
105 -231.0000000000
112 -225.0000000000
122 -222.0000000000
167 -215.0000000000
228 -213.0000000000
232 -210.0000000000
258 -209.0000000000
263 -206.0000000000
279 -203.0000000000
296 -202.0000000000
313 -199.0000000000
336 -198.0000000000
346 -197.0000000000
364 -190.0000000000
382 -188.0000000000
405 -187.0000000000
419 -186.0000000000
426 -184.0000000000
451 -183.0000000000
453 -182.0000000000
461 -181.0000000000
469 -180.0000000000
475 -179.0000000000
488 -178.0000000000
489 -177.0000000000
517 -176.0000000000
520 -175.0000000000
534 -173.0000000000
538 -172.0000000000
550 -171.0000000000
576 -170.0000000000
616 -169.0000000000
621 -166.0000000000
646 -163.0000000000
688 -162.0000000000
705 -161.0000000000
723 -159.0000000000
744 -158.0000000000
758 -156.0000000000
775 -155.0000000000
804 -154.0000000000
841 -153.0000000000
842 -152.0000000000
858 -151.0000000000
867 -150.0000000000
871 -148.0000000000
906 -147.0000000000
909 -146.0000000000
925 -145.0000000000
953 -141.0000000000
980 -140.0000000000
987 -139.0000000000
998 -137.0000000000
1023 -136.0000000000
1035 -135.0000000000
1055 -134.0000000000
1076 -133.0000000000
1092 -131.0000000000
1115 -130.0000000000
1119 -129.0000000000
1146 -127.0000000000
1164 -126.0000000000
1182 -125.0000000000
1203 -124.0000000000
1213 -122.0000000000
1232 -118.0000000000
1283 -117.0000000000
1324 -115.0000000000
1353 -114.0000000000
1377 -113.0000000000
1410 -111.0000000000
1421 -109.0000000000
1443 -108.0000000000
1455 -107.0000000000
1462 -106.0000000000
1484 -105.0000000000
1491 -103.0000000000
1504 -101.0000000000
1573 -100.0000000000
1586 -97.0000000000
1625 -96.0000000000
1634 -94.0000000000
1656 -89.0000000000
1668 -88.0000000000
1741 -87.0000000000
1749 -86.0000000000
1776 -85.0000000000
1780 -84.0000000000
1791 -83.0000000000
1813 -81.0000000000
1861 -79.0000000000
1894 -78.0000000000
1940 -77.0000000000
1958 -76.0000000000
1978 -75.0000000000
1992 -73.0000000000
2020 -72.0000000000
2061 -71.0000000000
2078 -70.0000000000
2079 -69.0000000000
2082 -68.0000000000
2083 -67.0000000000
2128 -66.0000000000
2152 -65.0000000000
2164 -63.0000000000
2216 -61.0000000000
2255 -60.0000000000
2262 -57.0000000000
2324 -56.0000000000
2333 -55.0000000000
2365 -54.0000000000
2397 -53.0000000000
2435 -51.0000000000
2464 -50.0000000000
2511 -49.0000000000
2517 -48.0000000000
2562 -47.0000000000
2582 -46.0000000000
2606 -44.0000000000
2633 -43.0000000000
2687 -42.0000000000
2748 -41.0000000000
2785 -39.0000000000
2803 -38.0000000000
2852 -37.0000000000
2892 -36.0000000000
2921 -35.0000000000
2998 -34.0000000000
3034 -33.0000000000
3079 -32.0000000000
3135 -31.0000000000
3167 -30.0000000000
3170 -29.0000000000
3177 -27.0000000000
3203 -26.0000000000
3268 -25.0000000000
3281 -24.0000000000
3330 -23.0000000000
3348 -22.0000000000
3368 -20.0000000000
3419 -19.0000000000
3476 -18.0000000000
3527 -17.0000000000
3575 -16.0000000000
3633 -14.0000000000
3654 -13.0000000000
3695 -11.0000000000
3718 -10.0000000000
3791 -9.0000000000
3813 -8.0000000000
4111 -7.0000000000
4153 -6.0000000000
4179 -5.0000000000
4195 -4.0000000000
4233 -3.0000000000
4340 -2.0000000000
4395 -1.0000000000
4406 482.0000000000
4473 486.0000000000
4511 489.0000000000
4555 490.0000000000
4559 499.0000000000
4653 502.0000000000
4708 506.0000000000
4757 508.0000000000
4852 516.0000000000
4981 520.0000000000
5013 521.0000000000
5040 524.0000000000
5157 526.0000000000
5691 528.0000000000
5733 529.0000000000
5805 530.0000000000
5903 533.0000000000
5992 534.0000000000
7778 536.0000000000
7902 537.0000000000
7914 538.0000000000
8037 540.0000000000
8054 541.0000000000
8396 543.0000000000
10223 544.0000000000
10747 546.0000000000
11842 548.0000000000
11865 554.0000000000
100000 -1.0000000000
evaluations raw_y
1 -289.0000000000
2 -272.0000000000
10 -269.0000000000
25 -268.0000000000
38 -264.0000000000
48 -263.0000000000
56 -261.0000000000
57 -254.0000000000
66 -252.0000000000
76 -251.0000000000
83 -248.0000000000
93 -247.0000000000
96 -246.0000000000
109 -238.0000000000
117 -233.0000000000
138 -229.0000000000
145 -227.0000000000
151 -216.0000000000
205 -212.0000000000
226 -211.0000000000
230 -210.0000000000
235 -209.0000000000
244 -208.0000000000
270 -207.0000000000
278 -206.0000000000
283 -205.0000000000
295 -201.0000000000
297 -199.0000000000
306 -197.0000000000
333 -194.0000000000
351 -193.0000000000
384 -192.0000000000
407 -189.0000000000
423 -187.0000000000
451 -183.0000000000
477 -182.0000000000
495 -181.0000000000
511 -180.0000000000
532 -179.0000000000
543 -178.0000000000
551 -177.0000000000
592 -175.0000000000
621 -172.0000000000
639 -171.0000000000
663 -170.0000000000
688 -169.0000000000
689 -168.0000000000
700 -167.0000000000
717 -166.0000000000
723 -164.0000000000
733 -163.0000000000
759 -162.0000000000
791 -161.0000000000
822 -160.0000000000
826 -158.0000000000
855 -157.0000000000
874 -156.0000000000
881 -155.0000000000
883 -154.0000000000
927 -153.0000000000
936 -151.0000000000
941 -150.0000000000
973 -149.0000000000
985 -148.0000000000
990 -147.0000000000
1011 -146.0000000000
1049 -145.0000000000
1067 -144.0000000000
1073 -142.0000000000
1109 -140.0000000000
1145 -138.0000000000
1176 -137.0000000000
1223 -136.0000000000
1236 -132.0000000000
1251 -131.0000000000
1262 -129.0000000000
1301 -126.0000000000
1348 -125.0000000000
1360 -123.0000000000
1379 -122.0000000000
1391 -121.0000000000
1427 -117.0000000000
1437 -115.0000000000
1491 -114.0000000000
1515 -113.0000000000
1522 -112.0000000000
1547 -111.0000000000
1560 -110.0000000000
1568 -109.0000000000
1595 -107.0000000000
1615 -106.0000000000
1637 -105.0000000000
1645 -104.0000000000
1652 -103.0000000000
1658 -102.0000000000
1680 -101.0000000000
1686 -100.0000000000
1702 -99.0000000000
1714 -97.0000000000
1744 -96.0000000000
1768 -95.0000000000
1792 -94.0000000000
1793 -91.0000000000
1844 -90.0000000000
1852 -87.0000000000
1867 -86.0000000000
1904 -85.0000000000
1934 -84.0000000000
1937 -83.0000000000
1950 -82.0000000000
1972 -81.0000000000
2003 -79.0000000000
2013 -78.0000000000
2021 -77.0000000000
2055 -75.0000000000
2074 -73.0000000000
2116 -71.0000000000
2129 -70.0000000000
2160 -69.0000000000
2174 -67.0000000000
2190 -66.0000000000
2228 -65.0000000000
2273 -64.0000000000
2297 -63.0000000000
2321 -62.0000000000
2323 -61.0000000000
2346 -60.0000000000
2362 -59.0000000000
2368 -58.0000000000
2386 -57.0000000000
2426 -55.0000000000
2477 -53.0000000000
2517 -52.0000000000
2543 -51.0000000000
2582 -50.0000000000
2601 -49.0000000000
2639 -47.0000000000
2720 -45.0000000000
2749 -43.0000000000
2760 -42.0000000000
2775 -41.0000000000
2800 -40.0000000000
2859 -39.0000000000
2873 -38.0000000000
2963 -37.0000000000
3005 -36.0000000000
3039 -35.0000000000
3066 -34.0000000000
3074 -33.0000000000
3113 -32.0000000000
3125 -31.0000000000
3137 -30.0000000000
3146 -29.0000000000
3158 -28.0000000000
3170 -27.0000000000
3242 -24.0000000000
3267 -23.0000000000
3327 -22.0000000000
3351 -21.0000000000
3376 -20.0000000000
3390 -18.0000000000
3445 -17.0000000000
3486 -16.0000000000
3502 -15.0000000000
3505 -14.0000000000
3576 -13.0000000000
3626 -11.0000000000
3702 -10.0000000000
3780 -9.0000000000
3839 -8.0000000000
3859 -7.0000000000
3912 -6.0000000000
3989 -5.0000000000
4098 -4.0000000000
4196 -3.0000000000
4260 -1.0000000000
4408 507.0000000000
4435 509.0000000000
4527 510.0000000000
4641 513.0000000000
4651 520.0000000000
4729 523.0000000000
4799 524.0000000000
4907 527.0000000000
5065 528.0000000000
5082 531.0000000000
5254 538.0000000000
5336 539.0000000000
6194 540.0000000000
6337 543.0000000000
9646 544.0000000000
10958 547.0000000000
11225 548.0000000000
14698 551.0000000000
15338 553.0000000000
41149 555.0000000000
16717 555.0000000000
18254 556.0000000000
46398 556.0000000000
23747 557.0000000000
30427 558.0000000000
34049 561.0000000000
62889 560.0000000000
55989 562.0000000000
62380 563.0000000000
64331 564.0000000000
100000 -1.0000000000
evaluations raw_y
1 -289.0000000000
2 -272.0000000000
10 -269.0000000000
25 -268.0000000000
38 -264.0000000000
48 -263.0000000000
56 -261.0000000000
57 -254.0000000000
66 -252.0000000000
76 -251.0000000000
83 -248.0000000000
93 -247.0000000000
96 -246.0000000000
109 -238.0000000000
117 -233.0000000000
138 -229.0000000000
145 -227.0000000000
151 -216.0000000000
205 -212.0000000000
226 -211.0000000000
230 -210.0000000000
235 -209.0000000000
244 -208.0000000000
270 -207.0000000000
278 -206.0000000000
283 -205.0000000000
295 -201.0000000000
297 -199.0000000000
306 -197.0000000000
333 -194.0000000000
351 -193.0000000000
384 -192.0000000000
407 -189.0000000000
423 -187.0000000000
451 -183.0000000000
477 -182.0000000000
495 -181.0000000000
511 -180.0000000000
532 -179.0000000000
543 -178.0000000000
551 -177.0000000000
592 -175.0000000000
621 -172.0000000000
639 -171.0000000000
663 -170.0000000000
688 -169.0000000000
689 -168.0000000000
700 -167.0000000000
717 -166.0000000000
723 -164.0000000000
733 -163.0000000000
759 -162.0000000000
791 -161.0000000000
822 -160.0000000000
826 -158.0000000000
855 -157.0000000000
874 -156.0000000000
881 -155.0000000000
883 -154.0000000000
927 -153.0000000000
936 -151.0000000000
941 -150.0000000000
973 -149.0000000000
985 -148.0000000000
990 -147.0000000000
1011 -146.0000000000
1049 -145.0000000000
1067 -144.0000000000
1073 -142.0000000000
1109 -140.0000000000
1145 -138.0000000000
1176 -137.0000000000
1223 -136.0000000000
1236 -132.0000000000
1251 -131.0000000000
1262 -129.0000000000
1301 -126.0000000000
1348 -125.0000000000
1360 -123.0000000000
1379 -122.0000000000
1391 -121.0000000000
1427 -117.0000000000
1437 -115.0000000000
1491 -114.0000000000
1515 -113.0000000000
1522 -112.0000000000
1547 -111.0000000000
1560 -110.0000000000
1568 -109.0000000000
1595 -107.0000000000
1615 -106.0000000000
1637 -105.0000000000
1645 -104.0000000000
1652 -103.0000000000
1658 -102.0000000000
1680 -101.0000000000
1686 -100.0000000000
1702 -99.0000000000
1714 -97.0000000000
1744 -96.0000000000
1768 -95.0000000000
1792 -94.0000000000
1793 -91.0000000000
1844 -90.0000000000
1852 -87.0000000000
1867 -86.0000000000
1904 -85.0000000000
1934 -84.0000000000
1937 -83.0000000000
1950 -82.0000000000
1972 -81.0000000000
2003 -79.0000000000
2013 -78.0000000000
2021 -77.0000000000
2055 -75.0000000000
2074 -73.0000000000
2116 -71.0000000000
2129 -70.0000000000
2160 -69.0000000000
2174 -67.0000000000
2190 -66.0000000000
2228 -65.0000000000
2273 -64.0000000000
2297 -63.0000000000
2321 -62.0000000000
2323 -61.0000000000
2346 -60.0000000000
2362 -59.0000000000
2368 -58.0000000000
2386 -57.0000000000
2426 -55.0000000000
2477 -53.0000000000
2517 -52.0000000000
2543 -51.0000000000
2582 -50.0000000000
2601 -49.0000000000
2639 -47.0000000000
2720 -45.0000000000
2749 -43.0000000000
2760 -42.0000000000
2775 -41.0000000000
2800 -40.0000000000
2859 -39.0000000000
2873 -38.0000000000
2963 -37.0000000000
3005 -36.0000000000
3039 -35.0000000000
3066 -34.0000000000
3074 -33.0000000000
3113 -32.0000000000
3125 -31.0000000000
3137 -30.0000000000
3146 -29.0000000000
3158 -28.0000000000
3170 -27.0000000000
3242 -24.0000000000
3267 -23.0000000000
3327 -22.0000000000
3351 -21.0000000000
3376 -20.0000000000
3390 -18.0000000000
3445 -17.0000000000
3486 -16.0000000000
3502 -15.0000000000
3505 -14.0000000000
3576 -13.0000000000
3626 -11.0000000000
3702 -10.0000000000
3780 -9.0000000000
3839 -8.0000000000
3859 -7.0000000000
3912 -6.0000000000
3989 -5.0000000000
4098 -4.0000000000
4196 -3.0000000000
4260 -1.0000000000
4408 507.0000000000
4435 509.0000000000
4527 510.0000000000
4641 513.0000000000
4651 520.0000000000
4729 523.0000000000
4799 524.0000000000
4907 527.0000000000
5065 528.0000000000
5082 531.0000000000
5254 538.0000000000
5336 539.0000000000
6194 540.0000000000
6337 543.0000000000
83132 565.0000000000
9646 544.0000000000
10958 547.0000000000
84633 566.0000000000
11225 548.0000000000
14698 551.0000000000
15338 553.0000000000
16717 555.0000000000
18254 556.0000000000
23747 557.0000000000
100000 -3.0000000000
evaluations raw_y
1 -293.0000000000
2 -277.0000000000
6 -268.0000000000
31 -266.0000000000
51 -262.0000000000
55 -260.0000000000
57 -249.0000000000
83 -248.0000000000
92 -246.0000000000
97 -241.0000000000
111 -236.0000000000
116 -232.0000000000
117 -228.0000000000
140 -227.0000000000
144 -226.0000000000
162 -221.0000000000
172 -216.0000000000
184 -212.0000000000
206 -211.0000000000
211 -207.0000000000
220 -204.0000000000
229 -201.0000000000
252 -198.0000000000
268 -197.0000000000
285 -196.0000000000
286 -190.0000000000
310 -187.0000000000
342 -186.0000000000
358 -185.0000000000
359 -180.0000000000
372 -179.0000000000
401 -178.0000000000
411 -176.0000000000
421 -175.0000000000
452 -174.0000000000
461 -173.0000000000
464 -171.0000000000
481 -170.0000000000
491 -169.0000000000
505 -168.0000000000
524 -164.0000000000
556 -160.0000000000
602 -159.0000000000
613 -158.0000000000
628 -157.0000000000
652 -156.0000000000
662 -155.0000000000
692 -154.0000000000
703 -152.0000000000
728 -151.0000000000
739 -150.0000000000
744 -149.0000000000
765 -148.0000000000
771 -146.0000000000
804 -145.0000000000
820 -144.0000000000
823 -143.0000000000
876 -142.0000000000
884 -140.0000000000
897 -139.0000000000
913 -136.0000000000
30427 558.0000000000
952 -135.0000000000
970 -134.0000000000
986 -132.0000000000
1000 -129.0000000000
1043 -128.0000000000
1052 -127.0000000000
1055 -126.0000000000
1073 -125.0000000000
1082 -124.0000000000
1094 -123.0000000000
1107 -121.0000000000
1142 -120.0000000000
1146 -118.0000000000
1172 -117.0000000000
1195 -116.0000000000
1240 -114.0000000000
1276 -113.0000000000
1296 -112.0000000000
1311 -111.0000000000
1338 -110.0000000000
1353 -108.0000000000
1371 -107.0000000000
1381 -105.0000000000
1435 -104.0000000000
1442 -103.0000000000
1458 -102.0000000000
1470 -101.0000000000
1485 -100.0000000000
1504 -98.0000000000
1564 -97.0000000000
1566 -96.0000000000
1602 -95.0000000000
1606 -94.0000000000
1618 -92.0000000000
1652 -91.0000000000
1675 -90.0000000000
1709 -88.0000000000
1743 -85.0000000000
1762 -84.0000000000
1793 -82.0000000000
1801 -80.0000000000
1825 -79.0000000000
1883 -78.0000000000
1903 -77.0000000000
1933 -76.0000000000
1937 -75.0000000000
1948 -74.0000000000
1954 -73.0000000000
1979 -72.0000000000
2005 -71.0000000000
2015 -70.0000000000
2033 -68.0000000000
2063 -67.0000000000
2084 -64.0000000000
2103 -63.0000000000
2119 -62.0000000000
2151 -61.0000000000
2176 -60.0000000000
2192 -59.0000000000
2217 -58.0000000000
2219 -57.0000000000
2244 -56.0000000000
2253 -52.0000000000
2306 -50.0000000000
2347 -49.0000000000
2391 -47.0000000000
2466 -46.0000000000
2484 -45.0000000000
2529 -44.0000000000
2535 -43.0000000000
2616 -42.0000000000
2646 -41.0000000000
2650 -40.0000000000
2667 -39.0000000000
2702 -38.0000000000
2733 -37.0000000000
2761 -35.0000000000
2837 -32.0000000000
2891 -31.0000000000
2927 -30.0000000000
2965 -28.0000000000
3053 -27.0000000000
3116 -24.0000000000
3150 -23.0000000000
3170 -20.0000000000
3269 -19.0000000000
3273 -18.0000000000
3304 -17.0000000000
3378 -16.0000000000
3423 -15.0000000000
3493 -14.0000000000
3507 -13.0000000000
3566 -12.0000000000
3580 -11.0000000000
3663 -10.0000000000
3683 -9.0000000000
3722 -8.0000000000
3813 -7.0000000000
3834 -6.0000000000
4021 -5.0000000000
4151 -4.0000000000
4181 -3.0000000000
4245 -2.0000000000
34049 561.0000000000
4347 -1.0000000000
4364 491.0000000000
4744 500.0000000000
4827 504.0000000000
4887 505.0000000000
4910 506.0000000000
4971 509.0000000000
4984 519.0000000000
5056 521.0000000000
5164 523.0000000000
5243 527.0000000000
5578 528.0000000000
5611 532.0000000000
6013 534.0000000000
6443 535.0000000000
6623 537.0000000000
6671 541.0000000000
7008 542.0000000000
7098 544.0000000000
9932 547.0000000000
10278 549.0000000000
10467 551.0000000000
11599 554.0000000000
11901 555.0000000000
15294 557.0000000000
15666 559.0000000000
15897 563.0000000000
55989 562.0000000000
62380 563.0000000000
64331 564.0000000000
83132 565.0000000000
84633 566.0000000000
100000 -3.0000000000
evaluations raw_y
1 -293.0000000000
2 -277.0000000000
6 -268.0000000000
31 -266.0000000000
51 -262.0000000000
55 -260.0000000000
57 -249.0000000000
83 -248.0000000000
92 -246.0000000000
97 -241.0000000000
111 -236.0000000000
116 -232.0000000000
117 -228.0000000000
140 -227.0000000000
144 -226.0000000000
162 -221.0000000000
172 -216.0000000000
184 -212.0000000000
206 -211.0000000000
211 -207.0000000000
220 -204.0000000000
229 -201.0000000000
252 -198.0000000000
268 -197.0000000000
285 -196.0000000000
286 -190.0000000000
310 -187.0000000000
342 -186.0000000000
358 -185.0000000000
359 -180.0000000000
372 -179.0000000000
401 -178.0000000000
411 -176.0000000000
421 -175.0000000000
452 -174.0000000000
461 -173.0000000000
464 -171.0000000000
481 -170.0000000000
491 -169.0000000000
505 -168.0000000000
524 -164.0000000000
556 -160.0000000000
602 -159.0000000000
613 -158.0000000000
628 -157.0000000000
652 -156.0000000000
662 -155.0000000000
692 -154.0000000000
703 -152.0000000000
728 -151.0000000000
739 -150.0000000000
744 -149.0000000000
765 -148.0000000000
771 -146.0000000000
804 -145.0000000000
820 -144.0000000000
823 -143.0000000000
876 -142.0000000000
884 -140.0000000000
897 -139.0000000000
65058 564.0000000000
913 -136.0000000000
952 -135.0000000000
970 -134.0000000000
986 -132.0000000000
1000 -129.0000000000
1043 -128.0000000000
1052 -127.0000000000
1055 -126.0000000000
1073 -125.0000000000
1082 -124.0000000000
1094 -123.0000000000
1107 -121.0000000000
1142 -120.0000000000
1146 -118.0000000000
1172 -117.0000000000
1195 -116.0000000000
1240 -114.0000000000
1276 -113.0000000000
1296 -112.0000000000
1311 -111.0000000000
1338 -110.0000000000
1353 -108.0000000000
1371 -107.0000000000
1381 -105.0000000000
1435 -104.0000000000
1442 -103.0000000000
1458 -102.0000000000
1470 -101.0000000000
1485 -100.0000000000
1504 -98.0000000000
1564 -97.0000000000
1566 -96.0000000000
1602 -95.0000000000
1606 -94.0000000000
1618 -92.0000000000
1652 -91.0000000000
1675 -90.0000000000
1709 -88.0000000000
1743 -85.0000000000
1762 -84.0000000000
1793 -82.0000000000
1801 -80.0000000000
1825 -79.0000000000
1883 -78.0000000000
1903 -77.0000000000
1933 -76.0000000000
1937 -75.0000000000
1948 -74.0000000000
1954 -73.0000000000
1979 -72.0000000000
2005 -71.0000000000
2015 -70.0000000000
2033 -68.0000000000
2063 -67.0000000000
2084 -64.0000000000
2103 -63.0000000000
2119 -62.0000000000
2151 -61.0000000000
2176 -60.0000000000
2192 -59.0000000000
2217 -58.0000000000
2219 -57.0000000000
2244 -56.0000000000
2253 -52.0000000000
2306 -50.0000000000
2347 -49.0000000000
2391 -47.0000000000
66455 566.0000000000
2466 -46.0000000000
2484 -45.0000000000
2529 -44.0000000000
2535 -43.0000000000
2616 -42.0000000000
2646 -41.0000000000
2650 -40.0000000000
2667 -39.0000000000
2702 -38.0000000000
2733 -37.0000000000
2761 -35.0000000000
2837 -32.0000000000
2891 -31.0000000000
2927 -30.0000000000
2965 -28.0000000000
3053 -27.0000000000
3116 -24.0000000000
3150 -23.0000000000
3170 -20.0000000000
3269 -19.0000000000
3273 -18.0000000000
3304 -17.0000000000
3378 -16.0000000000
3423 -15.0000000000
3493 -14.0000000000
3507 -13.0000000000
3566 -12.0000000000
3580 -11.0000000000
3663 -10.0000000000
3683 -9.0000000000
3722 -8.0000000000
3813 -7.0000000000
3834 -6.0000000000
4021 -5.0000000000
4151 -4.0000000000
4181 -3.0000000000
4245 -2.0000000000
4347 -1.0000000000
4364 491.0000000000
4744 500.0000000000
4827 504.0000000000
4887 505.0000000000
4910 506.0000000000
4971 509.0000000000
4984 519.0000000000
5056 521.0000000000
5164 523.0000000000
5243 527.0000000000
5578 528.0000000000
5611 532.0000000000
6013 534.0000000000
6443 535.0000000000
6623 537.0000000000
6671 541.0000000000
7008 542.0000000000
7098 544.0000000000
9932 547.0000000000
10278 549.0000000000
10467 551.0000000000
11599 554.0000000000
11901 555.0000000000
15294 557.0000000000
15666 559.0000000000
15897 563.0000000000
83777 567.0000000000
94510 569.0000000000
100000 -3.0000000000
65058 564.0000000000
66455 566.0000000000
83777 567.0000000000
94510 569.0000000000
100000 -3.0000000000
