evaluations raw_y
1 -209.0000000000
2 -208.0000000000
4 -207.0000000000
9 -206.0000000000
14 -205.0000000000
22 -204.0000000000
24 -203.0000000000
27 -202.0000000000
33 -200.0000000000
34 -198.0000000000
51 -196.0000000000
52 -195.0000000000
53 -194.0000000000
54 -193.0000000000
59 -192.0000000000
62 -191.0000000000
66 -190.0000000000
73 -189.0000000000
77 -188.0000000000
79 -185.0000000000
89 -183.0000000000
93 -182.0000000000
98 -181.0000000000
99 -180.0000000000
105 -179.0000000000
112 -178.0000000000
120 -177.0000000000
121 -176.0000000000
123 -174.0000000000
124 -172.0000000000
125 -171.0000000000
129 -170.0000000000
135 -169.0000000000
141 -168.0000000000
147 -167.0000000000
148 -166.0000000000
163 -165.0000000000
166 -164.0000000000
169 -163.0000000000
198 -161.0000000000
199 -159.0000000000
212 -158.0000000000
216 -157.0000000000
219 -156.0000000000
222 -154.0000000000
223 -153.0000000000
229 -152.0000000000
245 -151.0000000000
252 -150.0000000000
256 -148.0000000000
258 -147.0000000000
269 -146.0000000000
272 -145.0000000000
284 -144.0000000000
293 -143.0000000000
300 -142.0000000000
301 -139.0000000000
302 -138.0000000000
309 -137.0000000000
317 -135.0000000000
323 -134.0000000000
330 -132.0000000000
348 -131.0000000000
352 -130.0000000000
354 -129.0000000000
372 -128.0000000000
374 -127.0000000000
378 -126.0000000000
382 -125.0000000000
401 -123.0000000000
429 -122.0000000000
432 -121.0000000000
434 -120.0000000000
436 -119.0000000000
439 -118.0000000000
450 -117.0000000000
452 -116.0000000000
457 -114.0000000000
462 -113.0000000000
466 -111.0000000000
471 -110.0000000000
477 -109.0000000000
481 -107.0000000000
482 -106.0000000000
489 -105.0000000000
491 -103.0000000000
498 -102.0000000000
502 -101.0000000000
509 -100.0000000000
517 -98.0000000000
522 -97.0000000000
542 -96.0000000000
546 -95.0000000000
554 -94.0000000000
562 -93.0000000000
565 -92.0000000000
579 -91.0000000000
580 -90.0000000000
582 -89.0000000000
602 -88.0000000000
627 -87.0000000000
634 -86.0000000000
641 -85.0000000000
645 -84.0000000000
656 -83.0000000000
671 -82.0000000000
759 -81.0000000000
782 -79.0000000000
783 -78.0000000000
831 -77.0000000000
856 -76.0000000000
898 -74.0000000000
914 -73.0000000000
938 -72.0000000000
948 -71.0000000000
957 -70.0000000000
975 -69.0000000000
982 -68.0000000000
987 -67.0000000000
996 -66.0000000000
1017 -65.0000000000
1054 -64.0000000000
1059 -63.0000000000
1062 -62.0000000000
1088 -61.0000000000
1097 -60.0000000000
1124 -59.0000000000
1138 -58.0000000000
1140 -57.0000000000
1159 -56.0000000000
1171 -55.0000000000
1185 -54.0000000000
1187 -53.0000000000
1188 -52.0000000000
1192 -51.0000000000
1196 -50.0000000000
1203 -49.0000000000
1237 -48.0000000000
1259 -47.0000000000
1268 -46.0000000000
1270 -45.0000000000
1275 -44.0000000000
1283 -43.0000000000
1305 -42.0000000000
1321 -41.0000000000
1324 -40.0000000000
1349 -39.0000000000
1363 -38.0000000000
1378 -37.0000000000
1389 -36.0000000000
1395 -34.0000000000
1400 -33.0000000000
1445 -32.0000000000
1452 -31.0000000000
1463 -30.0000000000
1534 -29.0000000000
1556 -28.0000000000
1561 -27.0000000000
1572 -26.0000000000
1607 -25.0000000000
1619 -24.0000000000
1655 -23.0000000000
1660 -22.0000000000
1714 -21.0000000000
1731 -20.0000000000
1745 -19.0000000000
1751 -18.0000000000
1758 -17.0000000000
1763 -16.0000000000
1871 -15.0000000000
1879 -14.0000000000
1924 -13.0000000000
1956 -12.0000000000
1985 -11.0000000000
2013 -10.0000000000
2059 -9.0000000000
2060 -8.0000000000
2125 -7.0000000000
2131 -6.0000000000
2132 -5.0000000000
2138 -4.0000000000
2261 -3.0000000000
2421 -2.0000000000
2478 -1.0000000000
2522 380.0000000000
2556 381.0000000000
2706 386.0000000000
3093 391.0000000000
4079 392.0000000000
4670 393.0000000000
6336 394.0000000000
7190 399.0000000000
7228 400.0000000000
7243 402.0000000000
7825 409.0000000000
8440 415.0000000000
8841 416.0000000000
10880 419.0000000000
10906 421.0000000000
17710 422.0000000000
21819 424.0000000000
22917 425.0000000000
25846 428.0000000000
48746 429.0000000000
52362 430.0000000000
56509 431.0000000000
70282 432.0000000000
71460 434.0000000000
71746 437.0000000000
75341 438.0000000000
100000 438.0000000000
evaluations raw_y
1 -195.0000000000
3 -194.0000000000
4 -192.0000000000
5 -191.0000000000
9 -190.0000000000
11 -189.0000000000
17 -188.0000000000
24 -187.0000000000
28 -186.0000000000
30 -185.0000000000
31 -184.0000000000
41 -183.0000000000
42 -182.0000000000
49 -180.0000000000
50 -179.0000000000
58 -178.0000000000
59 -177.0000000000
61 -175.0000000000
74 -174.0000000000
76 -172.0000000000
77 -170.0000000000
92 -169.0000000000
98 -168.0000000000
102 -167.0000000000
108 -166.0000000000
109 -165.0000000000
118 -163.0000000000
122 -162.0000000000
124 -160.0000000000
130 -158.0000000000
131 -157.0000000000
142 -156.0000000000
143 -153.0000000000
144 -150.0000000000
157 -149.0000000000
158 -148.0000000000
176 -147.0000000000
178 -146.0000000000
187 -145.0000000000
207 -144.0000000000
214 -142.0000000000
217 -141.0000000000
225 -140.0000000000
229 -139.0000000000
231 -138.0000000000
252 -137.0000000000
260 -136.0000000000
268 -135.0000000000
271 -134.0000000000
284 -133.0000000000
289 -132.0000000000
293 -130.0000000000
296 -129.0000000000
305 -128.0000000000
306 -127.0000000000
313 -126.0000000000
321 -125.0000000000
324 -124.0000000000
326 -122.0000000000
337 -121.0000000000
341 -120.0000000000
357 -119.0000000000
374 -118.0000000000
387 -117.0000000000
402 -116.0000000000
418 -114.0000000000
420 -113.0000000000
433 -112.0000000000
447 -111.0000000000
470 -110.0000000000
475 -108.0000000000
477 -107.0000000000
488 -106.0000000000
492 -105.0000000000
501 -104.0000000000
504 -103.0000000000
505 -102.0000000000
517 -101.0000000000
525 -100.0000000000
527 -99.0000000000
543 -98.0000000000
555 -97.0000000000
565 -96.0000000000
568 -95.0000000000
577 -94.0000000000
579 -92.0000000000
581 -89.0000000000
584 -88.0000000000
586 -87.0000000000
593 -86.0000000000
608 -85.0000000000
612 -83.0000000000
629 -82.0000000000
656 -81.0000000000
658 -80.0000000000
671 -79.0000000000
673 -78.0000000000
680 -77.0000000000
707 -76.0000000000
736 -75.0000000000
757 -74.0000000000
758 -73.0000000000
773 -72.0000000000
777 -71.0000000000
781 -70.0000000000
789 -69.0000000000
790 -68.0000000000
824 -67.0000000000
831 -66.0000000000
847 -65.0000000000
855 -64.0000000000
858 -63.0000000000
870 -62.0000000000
894 -61.0000000000
901 -60.0000000000
952 -59.0000000000
993 -58.0000000000
1026 -56.0000000000
1038 -55.0000000000
1060 -54.0000000000
1067 -53.0000000000
1071 -52.0000000000
1072 -51.0000000000
1082 -50.0000000000
1098 -49.0000000000
1107 -48.0000000000
1110 -47.0000000000
1112 -46.0000000000
1117 -45.0000000000
1151 -44.0000000000
1163 -43.0000000000
1186 -42.0000000000
1197 -41.0000000000
1216 -40.0000000000
1221 -39.0000000000
1280 -38.0000000000
1299 -37.0000000000
1358 -36.0000000000
1378 -35.0000000000
1431 -34.0000000000
1498 -33.0000000000
1499 -32.0000000000
1514 -31.0000000000
1574 -30.0000000000
1610 -29.0000000000
1652 -28.0000000000
1680 -27.0000000000
1713 -26.0000000000
1743 -25.0000000000
1745 -24.0000000000
1777 -23.0000000000
1829 -22.0000000000
1830 -20.0000000000
1841 -19.0000000000
1871 -18.0000000000
1887 -17.0000000000
1921 -16.0000000000
2046 -15.0000000000
2050 -14.0000000000
2059 -13.0000000000
2275 -12.0000000000
2319 -11.0000000000
2410 -10.0000000000
2411 -9.0000000000
2433 -8.0000000000
2505 -7.0000000000
2625 -6.0000000000
2636 -5.0000000000
2692 -4.0000000000
2752 -2.0000000000
3035 -1.0000000000
3131 389.0000000000
3235 402.0000000000
3340 405.0000000000
4989 409.0000000000
12178 410.0000000000
12880 413.0000000000
23656 414.0000000000
26431 417.0000000000
27604 418.0000000000
28496 420.0000000000
30757 422.0000000000
48723 425.0000000000
52164 427.0000000000
54511 428.0000000000
58251 429.0000000000
63124 430.0000000000
80277 432.0000000000
83563 433.0000000000
87305 434.0000000000
96381 437.0000000000
100000 -1.0000000000
evaluations raw_y
1 -220.0000000000
3 -219.0000000000
5 -218.0000000000
7 -216.0000000000
9 -215.0000000000
12 -214.0000000000
13 -213.0000000000
14 -212.0000000000
16 -211.0000000000
17 -210.0000000000
23 -209.0000000000
25 -208.0000000000
26 -206.0000000000
33 -203.0000000000
36 -201.0000000000
38 -200.0000000000
39 -199.0000000000
44 -198.0000000000
45 -197.0000000000
46 -196.0000000000
52 -195.0000000000
53 -194.0000000000
56 -191.0000000000
74 -189.0000000000
78 -188.0000000000
84 -186.0000000000
89 -185.0000000000
91 -184.0000000000
94 -183.0000000000
95 -182.0000000000
99 -181.0000000000
104 -180.0000000000
105 -179.0000000000
107 -178.0000000000
112 -176.0000000000
122 -175.0000000000
129 -173.0000000000
134 -171.0000000000
135 -170.0000000000
137 -168.0000000000
157 -166.0000000000
161 -165.0000000000
166 -163.0000000000
170 -162.0000000000
174 -161.0000000000
175 -158.0000000000
181 -157.0000000000
193 -156.0000000000
194 -155.0000000000
205 -154.0000000000
215 -153.0000000000
216 -152.0000000000
222 -151.0000000000
230 -150.0000000000
234 -149.0000000000
235 -148.0000000000
244 -147.0000000000
252 -146.0000000000
275 -145.0000000000
276 -144.0000000000
277 -143.0000000000
281 -142.0000000000
288 -141.0000000000
291 -140.0000000000
300 -139.0000000000
302 -138.0000000000
309 -137.0000000000
318 -136.0000000000
319 -135.0000000000
321 -134.0000000000
325 -132.0000000000
334 -131.0000000000
337 -130.0000000000
361 -128.0000000000
369 -127.0000000000
371 -126.0000000000
380 -125.0000000000
391 -123.0000000000
393 -122.0000000000
403 -121.0000000000
407 -120.0000000000
418 -119.0000000000
434 -117.0000000000
438 -116.0000000000
441 -115.0000000000
443 -114.0000000000
464 -113.0000000000
466 -112.0000000000
475 -111.0000000000
476 -110.0000000000
477 -109.0000000000
490 -108.0000000000
500 -107.0000000000
508 -106.0000000000
512 -105.0000000000
520 -104.0000000000
527 -103.0000000000
536 -102.0000000000
554 -101.0000000000
559 -100.0000000000
561 -99.0000000000
569 -98.0000000000
586 -97.0000000000
596 -96.0000000000
637 -94.0000000000
639 -93.0000000000
640 -92.0000000000
651 -91.0000000000
652 -89.0000000000
659 -88.0000000000
666 -87.0000000000
673 -86.0000000000
683 -85.0000000000
687 -84.0000000000
703 -83.0000000000
706 -82.0000000000
727 -81.0000000000
746 -80.0000000000
769 -79.0000000000
780 -78.0000000000
796 -77.0000000000
810 -76.0000000000
839 -75.0000000000
841 -74.0000000000
842 -72.0000000000
870 -71.0000000000
879 -69.0000000000
903 -68.0000000000
906 -67.0000000000
931 -66.0000000000
935 -65.0000000000
945 -64.0000000000
963 -63.0000000000
964 -62.0000000000
986 -61.0000000000
1039 -60.0000000000
1059 -59.0000000000
1063 -58.0000000000
1084 -57.0000000000
1088 -56.0000000000
1116 -55.0000000000
1123 -54.0000000000
1141 -53.0000000000
1164 -52.0000000000
1179 -51.0000000000
1214 -50.0000000000
1260 -49.0000000000
1285 -48.0000000000
1302 -47.0000000000
1310 -46.0000000000
1316 -45.0000000000
1340 -43.0000000000
1349 -42.0000000000
1369 -41.0000000000
1407 -40.0000000000
1414 -39.0000000000
1499 -38.0000000000
1508 -37.0000000000
1536 -36.0000000000
1559 -35.0000000000
1561 -34.0000000000
1570 -33.0000000000
1581 -32.0000000000
1612 -30.0000000000
1616 -29.0000000000
1620 -28.0000000000
1681 -27.0000000000
1713 -26.0000000000
1764 -25.0000000000
1770 -24.0000000000
1799 -23.0000000000
1814 -22.0000000000
1850 -21.0000000000
1898 -20.0000000000
1901 -19.0000000000
1968 -18.0000000000
2078 -17.0000000000
2107 -16.0000000000
2118 -15.0000000000
2316 -14.0000000000
2333 -13.0000000000
2380 -12.0000000000
2473 -11.0000000000
2523 -10.0000000000
2543 -9.0000000000
2587 -8.0000000000
2703 -7.0000000000
2707 -6.0000000000
2719 -5.0000000000
2727 -4.0000000000
2878 -3.0000000000
2886 -2.0000000000
2998 -1.0000000000
3016 383.0000000000
3870 387.0000000000
4027 388.0000000000
4103 396.0000000000
4220 398.0000000000
4302 402.0000000000
4462 403.0000000000
4582 406.0000000000
6301 410.0000000000
10771 414.0000000000
13207 416.0000000000
16724 420.0000000000
38644 421.0000000000
55407 424.0000000000
61954 425.0000000000
81789 426.0000000000
100000 426.0000000000
evaluations raw_y
1 -195.0000000000
6 -193.0000000000
7 -192.0000000000
10 -190.0000000000
12 -189.0000000000
13 -188.0000000000
17 -187.0000000000
22 -186.0000000000
27 -185.0000000000
29 -184.0000000000
39 -183.0000000000
45 -182.0000000000
48 -180.0000000000
58 -178.0000000000
62 -177.0000000000
75 -176.0000000000
76 -175.0000000000
78 -173.0000000000
83 -172.0000000000
90 -171.0000000000
91 -170.0000000000
94 -169.0000000000
103 -168.0000000000
104 -167.0000000000
105 -165.0000000000
107 -164.0000000000
111 -163.0000000000
117 -162.0000000000
128 -161.0000000000
138 -159.0000000000
139 -158.0000000000
141 -157.0000000000
142 -156.0000000000
143 -154.0000000000
146 -153.0000000000
149 -152.0000000000
153 -151.0000000000
155 -150.0000000000
157 -149.0000000000
162 -148.0000000000
168 -147.0000000000
173 -146.0000000000
176 -144.0000000000
191 -143.0000000000
195 -142.0000000000
202 -141.0000000000
203 -139.0000000000
205 -138.0000000000
219 -137.0000000000
225 -136.0000000000
226 -135.0000000000
227 -133.0000000000
228 -132.0000000000
233 -131.0000000000
240 -130.0000000000
244 -129.0000000000
246 -128.0000000000
255 -126.0000000000
257 -125.0000000000
259 -124.0000000000
260 -123.0000000000
262 -122.0000000000
264 -121.0000000000
271 -120.0000000000
272 -119.0000000000
273 -118.0000000000
291 -117.0000000000
292 -116.0000000000
301 -115.0000000000
306 -114.0000000000
311 -113.0000000000
349 -112.0000000000
350 -111.0000000000
373 -110.0000000000
381 -109.0000000000
389 -108.0000000000
390 -107.0000000000
392 -106.0000000000
398 -105.0000000000
399 -104.0000000000
418 -103.0000000000
434 -102.0000000000
439 -101.0000000000
445 -100.0000000000
456 -99.0000000000
457 -97.0000000000
460 -96.0000000000
465 -95.0000000000
472 -94.0000000000
474 -93.0000000000
475 -92.0000000000
480 -91.0000000000
495 -90.0000000000
507 -89.0000000000
518 -88.0000000000
550 -87.0000000000
560 -85.0000000000
589 -84.0000000000
603 -83.0000000000
605 -82.0000000000
606 -81.0000000000
611 -80.0000000000
649 -79.0000000000
665 -78.0000000000
670 -77.0000000000
671 -76.0000000000
689 -75.0000000000
703 -73.0000000000
718 -72.0000000000
722 -71.0000000000
743 -70.0000000000
748 -69.0000000000
751 -68.0000000000
791 -67.0000000000
792 -66.0000000000
799 -65.0000000000
801 -64.0000000000
805 -63.0000000000
812 -62.0000000000
815 -61.0000000000
822 -60.0000000000
827 -59.0000000000
834 -58.0000000000
890 -57.0000000000
894 -56.0000000000
900 -55.0000000000
923 -54.0000000000
929 -53.0000000000
970 -52.0000000000
993 -51.0000000000
1014 -50.0000000000
1062 -49.0000000000
1093 -48.0000000000
1133 -47.0000000000
1178 -46.0000000000
1195 -44.0000000000
1212 -43.0000000000
1223 -42.0000000000
1255 -41.0000000000
1266 -40.0000000000
1267 -39.0000000000
1271 -38.0000000000
1354 -37.0000000000
1363 -36.0000000000
1402 -35.0000000000
1420 -34.0000000000
1431 -33.0000000000
1469 -32.0000000000
1491 -31.0000000000
1518 -30.0000000000
1545 -29.0000000000
1550 -28.0000000000
1551 -27.0000000000
1632 -26.0000000000
1769 -25.0000000000
1855 -24.0000000000
1857 -23.0000000000
1870 -22.0000000000
1888 -21.0000000000
1911 -20.0000000000
1922 -19.0000000000
1953 -18.0000000000
2281 -17.0000000000
2297 -16.0000000000
2355 -15.0000000000
2433 -14.0000000000
2586 -13.0000000000
2671 -12.0000000000
2724 -11.0000000000
2752 -10.0000000000
2806 -9.0000000000
2849 -8.0000000000
2971 -7.0000000000
2996 -6.0000000000
2997 -5.0000000000
3130 -4.0000000000
3145 -3.0000000000
3307 -2.0000000000
3308 -1.0000000000
3331 386.0000000000
3634 398.0000000000
3873 399.0000000000
4356 402.0000000000
4645 404.0000000000
4813 409.0000000000
5370 415.0000000000
8585 417.0000000000
9417 419.0000000000
9741 425.0000000000
11934 430.0000000000
12014 431.0000000000
18985 432.0000000000
46512 436.0000000000
96326 437.0000000000
100000 -7.0000000000
evaluations raw_y
1 -195.0000000000
7 -194.0000000000
9 -193.0000000000
13 -192.0000000000
16 -191.0000000000
19 -190.0000000000
21 -189.0000000000
27 -188.0000000000
28 -187.0000000000
34 -186.0000000000
35 -185.0000000000
37 -184.0000000000
39 -183.0000000000
43 -182.0000000000
44 -179.0000000000
45 -178.0000000000
54 -177.0000000000
57 -176.0000000000
63 -175.0000000000
73 -174.0000000000
74 -172.0000000000
75 -171.0000000000
81 -170.0000000000
82 -169.0000000000
87 -168.0000000000
99 -166.0000000000
105 -165.0000000000
123 -164.0000000000
133 -162.0000000000
136 -161.0000000000
152 -160.0000000000
154 -159.0000000000
156 -158.0000000000
161 -157.0000000000
164 -156.0000000000
174 -155.0000000000
177 -154.0000000000
178 -153.0000000000
183 -152.0000000000
184 -151.0000000000
186 -150.0000000000
188 -148.0000000000
189 -147.0000000000
196 -146.0000000000
200 -144.0000000000
201 -141.0000000000
220 -140.0000000000
222 -139.0000000000
237 -138.0000000000
242 -136.0000000000
286 -135.0000000000
297 -133.0000000000
303 -132.0000000000
308 -131.0000000000
312 -130.0000000000
314 -129.0000000000
323 -128.0000000000
324 -126.0000000000
348 -124.0000000000
365 -123.0000000000
366 -122.0000000000
381 -121.0000000000
383 -119.0000000000
388 -118.0000000000
402 -117.0000000000
403 -116.0000000000
413 -115.0000000000
429 -114.0000000000
430 -112.0000000000
431 -110.0000000000
435 -109.0000000000
441 -108.0000000000
443 -107.0000000000
447 -106.0000000000
461 -105.0000000000
474 -103.0000000000
486 -102.0000000000
489 -101.0000000000
492 -100.0000000000
502 -98.0000000000
506 -97.0000000000
520 -96.0000000000
521 -95.0000000000
527 -94.0000000000
528 -93.0000000000
532 -92.0000000000
537 -91.0000000000
545 -90.0000000000
554 -89.0000000000
557 -88.0000000000
563 -87.0000000000
579 -85.0000000000
654 -84.0000000000
658 -83.0000000000
678 -82.0000000000
684 -81.0000000000
699 -80.0000000000
701 -78.0000000000
702 -77.0000000000
710 -76.0000000000
715 -75.0000000000
723 -74.0000000000
755 -73.0000000000
780 -72.0000000000
787 -71.0000000000
807 -70.0000000000
812 -68.0000000000
831 -67.0000000000
847 -66.0000000000
851 -65.0000000000
858 -64.0000000000
914 -62.0000000000
926 -61.0000000000
940 -60.0000000000
960 -59.0000000000
961 -58.0000000000
980 -57.0000000000
1014 -56.0000000000
1018 -55.0000000000
1021 -54.0000000000
1094 -53.0000000000
1142 -51.0000000000
1144 -50.0000000000
1203 -49.0000000000
1249 -48.0000000000
1259 -47.0000000000
1279 -45.0000000000
1284 -44.0000000000
1288 -43.0000000000
1302 -42.0000000000
1323 -41.0000000000
1328 -40.0000000000
1384 -39.0000000000
1420 -38.0000000000
1426 -37.0000000000
1439 -36.0000000000
1502 -35.0000000000
1522 -34.0000000000
1532 -33.0000000000
1549 -32.0000000000
1562 -31.0000000000
1586 -30.0000000000
1596 -29.0000000000
1597 -28.0000000000
1619 -27.0000000000
1641 -26.0000000000
1650 -25.0000000000
1671 -24.0000000000
1729 -23.0000000000
1833 -22.0000000000
1841 -21.0000000000
1870 -20.0000000000
1881 -19.0000000000
1905 -18.0000000000
1926 -17.0000000000
1931 -16.0000000000
2031 -15.0000000000
2047 -14.0000000000
2068 -13.0000000000
2069 -12.0000000000
2093 -11.0000000000
2188 -10.0000000000
2190 -9.0000000000
2199 -8.0000000000
2234 -7.0000000000
2309 -6.0000000000
2352 -5.0000000000
2355 -4.0000000000
2392 -3.0000000000
2404 -2.0000000000
2420 -1.0000000000
2469 399.0000000000
2478 403.0000000000
2613 411.0000000000
3089 413.0000000000
4752 417.0000000000
5330 419.0000000000
5397 425.0000000000
5635 427.0000000000
10765 429.0000000000
61552 430.0000000000
63470 431.0000000000
90243 433.0000000000
100000 -2.0000000000
evaluations raw_y
1 -212.0000000000
8 -211.0000000000
9 -210.0000000000
11 -209.0000000000
14 -208.0000000000
20 -207.0000000000
21 -206.0000000000
28 -205.0000000000
33 -203.0000000000
37 -202.0000000000
61 -201.0000000000
62 -200.0000000000
63 -199.0000000000
76 -198.0000000000
79 -196.0000000000
84 -195.0000000000
85 -193.0000000000
86 -192.0000000000
88 -191.0000000000
95 -190.0000000000
99 -189.0000000000
100 -188.0000000000
103 -187.0000000000
106 -186.0000000000
113 -185.0000000000
114 -184.0000000000
116 -183.0000000000
118 -182.0000000000
121 -181.0000000000
125 -178.0000000000
127 -177.0000000000
128 -176.0000000000
131 -175.0000000000
132 -174.0000000000
141 -173.0000000000
142 -172.0000000000
143 -171.0000000000
149 -170.0000000000
150 -168.0000000000
151 -167.0000000000
155 -164.0000000000
156 -163.0000000000
170 -162.0000000000
171 -161.0000000000
176 -160.0000000000
178 -159.0000000000
181 -157.0000000000
182 -156.0000000000
184 -155.0000000000
187 -154.0000000000
188 -153.0000000000
197 -152.0000000000
213 -150.0000000000
215 -149.0000000000
220 -148.0000000000
222 -147.0000000000
224 -145.0000000000
226 -144.0000000000
237 -143.0000000000
243 -142.0000000000
244 -141.0000000000
250 -140.0000000000
252 -139.0000000000
256 -138.0000000000
264 -137.0000000000
274 -136.0000000000
293 -135.0000000000
298 -134.0000000000
302 -133.0000000000
308 -131.0000000000
313 -130.0000000000
321 -129.0000000000
323 -128.0000000000
326 -127.0000000000
347 -125.0000000000
359 -124.0000000000
361 -123.0000000000
362 -122.0000000000
363 -121.0000000000
375 -120.0000000000
380 -119.0000000000
396 -118.0000000000
399 -116.0000000000
402 -115.0000000000
419 -112.0000000000
426 -111.0000000000
438 -110.0000000000
443 -109.0000000000
444 -108.0000000000
473 -107.0000000000
475 -106.0000000000
487 -105.0000000000
502 -104.0000000000
514 -103.0000000000
519 -102.0000000000
525 -101.0000000000
529 -100.0000000000
539 -99.0000000000
544 -97.0000000000
548 -96.0000000000
549 -95.0000000000
559 -94.0000000000
569 -93.0000000000
570 -92.0000000000
571 -91.0000000000
583 -90.0000000000
584 -89.0000000000
620 -88.0000000000
655 -86.0000000000
701 -85.0000000000
734 -84.0000000000
741 -83.0000000000
748 -82.0000000000
752 -81.0000000000
775 -80.0000000000
787 -79.0000000000
788 -78.0000000000
807 -77.0000000000
817 -76.0000000000
823 -75.0000000000
829 -74.0000000000
839 -73.0000000000
842 -72.0000000000
849 -71.0000000000
854 -70.0000000000
875 -69.0000000000
905 -67.0000000000
929 -66.0000000000
939 -65.0000000000
943 -63.0000000000
947 -62.0000000000
971 -61.0000000000
981 -60.0000000000
999 -59.0000000000
1008 -58.0000000000
1070 -57.0000000000
1080 -56.0000000000
1088 -55.0000000000
1130 -54.0000000000
1137 -53.0000000000
1161 -52.0000000000
1163 -51.0000000000
1167 -50.0000000000
1176 -47.0000000000
1178 -46.0000000000
1209 -45.0000000000
1219 -44.0000000000
1221 -43.0000000000
1288 -42.0000000000
1312 -41.0000000000
1391 -40.0000000000
1404 -39.0000000000
1438 -37.0000000000
1489 -36.0000000000
1561 -35.0000000000
1578 -34.0000000000
1608 -33.0000000000
1615 -32.0000000000
1666 -31.0000000000
1690 -30.0000000000
1764 -29.0000000000
1805 -28.0000000000
1810 -27.0000000000
1917 -26.0000000000
1919 -25.0000000000
1948 -24.0000000000
1992 -23.0000000000
2009 -22.0000000000
2021 -21.0000000000
2064 -20.0000000000
2065 -19.0000000000
2122 -18.0000000000
2164 -17.0000000000
2172 -16.0000000000
2358 -15.0000000000
2374 -14.0000000000
2379 -13.0000000000
2393 -12.0000000000
2462 -11.0000000000
2510 -10.0000000000
2518 -9.0000000000
2558 -8.0000000000
2574 -7.0000000000
2603 -6.0000000000
2769 -5.0000000000
3295 -4.0000000000
3431 -3.0000000000
3480 -2.0000000000
3489 -1.0000000000
3504 378.0000000000
3569 379.0000000000
3865 383.0000000000
4063 392.0000000000
4082 399.0000000000
4298 403.0000000000
4793 404.0000000000
5863 405.0000000000
5874 408.0000000000
5984 409.0000000000
7528 414.0000000000
9059 419.0000000000
12270 420.0000000000
16958 423.0000000000
17124 424.0000000000
31872 428.0000000000
53996 429.0000000000
71484 431.0000000000
76769 432.0000000000
100000 -1.0000000000
evaluations raw_y
1 -210.0000000000
4 -209.0000000000
7 -208.0000000000
11 -207.0000000000
12 -206.0000000000
19 -205.0000000000
21 -204.0000000000
22 -203.0000000000
29 -200.0000000000
31 -199.0000000000
34 -198.0000000000
37 -196.0000000000
41 -195.0000000000
42 -194.0000000000
44 -193.0000000000
47 -192.0000000000
52 -191.0000000000
53 -189.0000000000
58 -188.0000000000
59 -187.0000000000
61 -186.0000000000
68 -185.0000000000
75 -184.0000000000
76 -183.0000000000
81 -182.0000000000
83 -181.0000000000
84 -180.0000000000
89 -179.0000000000
92 -178.0000000000
93 -177.0000000000
99 -176.0000000000
101 -175.0000000000
113 -173.0000000000
123 -172.0000000000
134 -170.0000000000
136 -169.0000000000
142 -168.0000000000
146 -167.0000000000
157 -166.0000000000
170 -165.0000000000
172 -164.0000000000
174 -163.0000000000
183 -161.0000000000
184 -160.0000000000
189 -159.0000000000
190 -158.0000000000
191 -157.0000000000
195 -156.0000000000
203 -154.0000000000
207 -153.0000000000
230 -152.0000000000
231 -151.0000000000
245 -150.0000000000
258 -149.0000000000
275 -148.0000000000
280 -147.0000000000
286 -146.0000000000
291 -144.0000000000
297 -142.0000000000
310 -141.0000000000
323 -140.0000000000
348 -139.0000000000
349 -138.0000000000
352 -137.0000000000
356 -136.0000000000
368 -135.0000000000
370 -133.0000000000
371 -132.0000000000
374 -131.0000000000
377 -130.0000000000
392 -127.0000000000
395 -126.0000000000
396 -124.0000000000
399 -123.0000000000
411 -121.0000000000
412 -120.0000000000
420 -119.0000000000
429 -118.0000000000
448 -117.0000000000
449 -116.0000000000
454 -115.0000000000
492 -114.0000000000
493 -113.0000000000
510 -112.0000000000
526 -110.0000000000
531 -109.0000000000
538 -108.0000000000
545 -107.0000000000
556 -106.0000000000
558 -104.0000000000
559 -103.0000000000
569 -102.0000000000
571 -101.0000000000
572 -100.0000000000
588 -97.0000000000
594 -96.0000000000
596 -95.0000000000
657 -94.0000000000
661 -92.0000000000
666 -91.0000000000
673 -90.0000000000
688 -89.0000000000
691 -88.0000000000
713 -87.0000000000
732 -86.0000000000
735 -85.0000000000
741 -84.0000000000
749 -83.0000000000
751 -82.0000000000
753 -81.0000000000
757 -80.0000000000
786 -79.0000000000
805 -78.0000000000
824 -77.0000000000
836 -76.0000000000
850 -75.0000000000
854 -74.0000000000
883 -73.0000000000
896 -72.0000000000
902 -71.0000000000
904 -70.0000000000
908 -69.0000000000
911 -68.0000000000
937 -67.0000000000
942 -66.0000000000
954 -65.0000000000
956 -64.0000000000
975 -63.0000000000
987 -62.0000000000
1000 -61.0000000000
1079 -60.0000000000
1090 -59.0000000000
1091 -58.0000000000
1107 -57.0000000000
1135 -56.0000000000
1142 -54.0000000000
1161 -52.0000000000
1271 -50.0000000000
1292 -49.0000000000
1314 -48.0000000000
1316 -47.0000000000
1334 -46.0000000000
1370 -45.0000000000
1388 -44.0000000000
1405 -42.0000000000
1458 -41.0000000000
1479 -40.0000000000
1484 -39.0000000000
1487 -38.0000000000
1557 -37.0000000000
1577 -36.0000000000
1634 -35.0000000000
1659 -34.0000000000
1683 -33.0000000000
1698 -32.0000000000
1712 -31.0000000000
1717 -30.0000000000
1719 -29.0000000000
1723 -28.0000000000
1724 -27.0000000000
1770 -26.0000000000
1792 -25.0000000000
1852 -24.0000000000
1872 -23.0000000000
1901 -22.0000000000
1925 -21.0000000000
1930 -20.0000000000
1953 -19.0000000000
1960 -18.0000000000
2027 -17.0000000000
2078 -16.0000000000
2097 -15.0000000000
2123 -14.0000000000
2378 -13.0000000000
2527 -12.0000000000
2631 -11.0000000000
2750 -9.0000000000
2801 -8.0000000000
2829 -7.0000000000
2869 -6.0000000000
2912 -5.0000000000
2979 -4.0000000000
2985 -3.0000000000
3010 -2.0000000000
3151 -1.0000000000
3249 378.0000000000
3383 388.0000000000
3441 397.0000000000
3716 399.0000000000
3728 406.0000000000
4395 408.0000000000
4495 412.0000000000
6835 416.0000000000
6873 419.0000000000
7616 420.0000000000
14908 423.0000000000
21971 425.0000000000
33186 426.0000000000
34450 427.0000000000
36512 434.0000000000
52496 436.0000000000
100000 436.0000000000
evaluations raw_y
1 -203.0000000000
7 -202.0000000000
10 -200.0000000000
14 -198.0000000000
16 -196.0000000000
19 -195.0000000000
24 -194.0000000000
31 -193.0000000000
38 -191.0000000000
43 -190.0000000000
49 -188.0000000000
50 -186.0000000000
56 -185.0000000000
57 -184.0000000000
62 -183.0000000000
64 -182.0000000000
67 -180.0000000000
72 -179.0000000000
73 -178.0000000000
80 -177.0000000000
85 -176.0000000000
91 -175.0000000000
92 -174.0000000000
104 -172.0000000000
120 -169.0000000000
123 -168.0000000000
125 -167.0000000000
126 -166.0000000000
127 -165.0000000000
128 -164.0000000000
139 -163.0000000000
142 -162.0000000000
143 -161.0000000000
146 -160.0000000000
147 -158.0000000000
153 -157.0000000000
161 -156.0000000000
171 -155.0000000000
173 -154.0000000000
174 -152.0000000000
180 -150.0000000000
183 -149.0000000000
184 -148.0000000000
191 -145.0000000000
202 -144.0000000000
204 -143.0000000000
208 -142.0000000000
211 -141.0000000000
213 -140.0000000000
220 -139.0000000000
223 -138.0000000000
224 -137.0000000000
239 -136.0000000000
244 -135.0000000000
246 -134.0000000000
252 -133.0000000000
268 -132.0000000000
273 -131.0000000000
275 -130.0000000000
290 -129.0000000000
293 -128.0000000000
305 -127.0000000000
314 -126.0000000000
317 -125.0000000000
337 -124.0000000000
343 -123.0000000000
344 -122.0000000000
345 -121.0000000000
351 -120.0000000000
378 -119.0000000000
380 -118.0000000000
387 -117.0000000000
396 -116.0000000000
400 -115.0000000000
432 -114.0000000000
434 -113.0000000000
440 -111.0000000000
456 -110.0000000000
476 -109.0000000000
482 -108.0000000000
484 -107.0000000000
495 -106.0000000000
497 -104.0000000000
503 -102.0000000000
504 -101.0000000000
507 -100.0000000000
508 -99.0000000000
513 -98.0000000000
518 -97.0000000000
524 -96.0000000000
540 -95.0000000000
543 -94.0000000000
548 -93.0000000000
550 -92.0000000000
564 -91.0000000000
567 -90.0000000000
588 -89.0000000000
601 -88.0000000000
612 -87.0000000000
622 -86.0000000000
624 -85.0000000000
640 -84.0000000000
641 -83.0000000000
650 -82.0000000000
659 -81.0000000000
664 -80.0000000000
683 -79.0000000000
684 -78.0000000000
694 -77.0000000000
701 -76.0000000000
715 -75.0000000000
735 -74.0000000000
743 -73.0000000000
751 -72.0000000000
757 -71.0000000000
778 -70.0000000000
788 -69.0000000000
796 -68.0000000000
808 -67.0000000000
829 -66.0000000000
837 -65.0000000000
843 -64.0000000000
865 -63.0000000000
885 -62.0000000000
900 -61.0000000000
940 -60.0000000000
944 -59.0000000000
958 -58.0000000000
964 -57.0000000000
1028 -56.0000000000
1043 -55.0000000000
1047 -54.0000000000
1114 -53.0000000000
1117 -52.0000000000
1139 -51.0000000000
1142 -50.0000000000
1155 -49.0000000000
1178 -48.0000000000
1204 -47.0000000000
1205 -46.0000000000
1220 -45.0000000000
1223 -44.0000000000
1234 -42.0000000000
1267 -41.0000000000
1284 -40.0000000000
1288 -39.0000000000
1313 -38.0000000000
1328 -37.0000000000
1340 -36.0000000000
1349 -35.0000000000
1363 -34.0000000000
1383 -33.0000000000
1431 -32.0000000000
1446 -31.0000000000
1537 -30.0000000000
1546 -29.0000000000
1547 -28.0000000000
1614 -27.0000000000
1630 -26.0000000000
1642 -25.0000000000
1664 -24.0000000000
1683 -23.0000000000
1711 -22.0000000000
1738 -21.0000000000
1757 -20.0000000000
1838 -19.0000000000
1866 -18.0000000000
1926 -17.0000000000
1971 -16.0000000000
1987 -15.0000000000
1988 -14.0000000000
2056 -13.0000000000
2061 -12.0000000000
2107 -11.0000000000
2144 -10.0000000000
2152 -9.0000000000
2206 -8.0000000000
2233 -7.0000000000
2316 -6.0000000000
2325 -5.0000000000
2405 -4.0000000000
2426 -3.0000000000
2469 -2.0000000000
3001 -1.0000000000
3035 390.0000000000
3597 391.0000000000
4305 393.0000000000
4611 398.0000000000
4775 400.0000000000
5216 401.0000000000
6554 403.0000000000
6595 406.0000000000
6787 409.0000000000
6863 410.0000000000
6910 412.0000000000
7416 419.0000000000
9846 421.0000000000
13542 424.0000000000
18471 429.0000000000
29949 430.0000000000
31704 431.0000000000
44807 432.0000000000
100000 432.0000000000
evaluations raw_y
1 -204.0000000000
2 -203.0000000000
3 -202.0000000000
5 -201.0000000000
7 -200.0000000000
11 -199.0000000000
27 -198.0000000000
30 -196.0000000000
35 -195.0000000000
47 -194.0000000000
48 -193.0000000000
53 -192.0000000000
54 -191.0000000000
57 -190.0000000000
63 -189.0000000000
65 -188.0000000000
69 -187.0000000000
70 -186.0000000000
76 -185.0000000000
88 -184.0000000000
90 -183.0000000000
93 -182.0000000000
98 -180.0000000000
99 -179.0000000000
109 -178.0000000000
121 -177.0000000000
123 -176.0000000000
124 -175.0000000000
125 -174.0000000000
129 -172.0000000000
135 -171.0000000000
137 -170.0000000000
141 -169.0000000000
145 -168.0000000000
146 -167.0000000000
155 -166.0000000000
156 -165.0000000000
159 -164.0000000000
175 -163.0000000000
180 -161.0000000000
181 -160.0000000000
184 -158.0000000000
185 -157.0000000000
207 -156.0000000000
212 -155.0000000000
214 -154.0000000000
222 -153.0000000000
240 -152.0000000000
248 -151.0000000000
249 -150.0000000000
250 -149.0000000000
256 -146.0000000000
262 -145.0000000000
265 -144.0000000000
268 -143.0000000000
271 -141.0000000000
275 -140.0000000000
288 -139.0000000000
290 -138.0000000000
291 -137.0000000000
294 -136.0000000000
297 -135.0000000000
302 -134.0000000000
310 -133.0000000000
311 -132.0000000000
314 -131.0000000000
325 -130.0000000000
328 -129.0000000000
336 -128.0000000000
345 -127.0000000000
348 -125.0000000000
357 -123.0000000000
365 -121.0000000000
372 -120.0000000000
376 -119.0000000000
381 -118.0000000000
383 -117.0000000000
386 -116.0000000000
392 -115.0000000000
395 -114.0000000000
396 -113.0000000000
398 -112.0000000000
399 -111.0000000000
403 -110.0000000000
404 -108.0000000000
408 -107.0000000000
411 -106.0000000000
412 -105.0000000000
423 -104.0000000000
425 -103.0000000000
434 -102.0000000000
442 -101.0000000000
449 -100.0000000000
472 -99.0000000000
474 -98.0000000000
477 -97.0000000000
497 -96.0000000000
498 -95.0000000000
501 -94.0000000000
514 -93.0000000000
540 -92.0000000000
562 -91.0000000000
563 -90.0000000000
564 -89.0000000000
567 -88.0000000000
599 -87.0000000000
602 -86.0000000000
623 -84.0000000000
637 -83.0000000000
645 -82.0000000000
647 -81.0000000000
659 -80.0000000000
705 -79.0000000000
718 -78.0000000000
729 -77.0000000000
733 -76.0000000000
738 -75.0000000000
743 -74.0000000000
769 -73.0000000000
770 -72.0000000000
806 -71.0000000000
807 -70.0000000000
816 -69.0000000000
820 -68.0000000000
824 -67.0000000000
825 -66.0000000000
842 -65.0000000000
866 -64.0000000000
872 -63.0000000000
873 -62.0000000000
905 -60.0000000000
911 -59.0000000000
912 -58.0000000000
941 -57.0000000000
942 -56.0000000000
954 -55.0000000000
981 -54.0000000000
984 -53.0000000000
999 -52.0000000000
1024 -51.0000000000
1052 -50.0000000000
1061 -49.0000000000
1071 -48.0000000000
1076 -47.0000000000
1092 -46.0000000000
1093 -45.0000000000
1105 -44.0000000000
1125 -43.0000000000
1127 -42.0000000000
1149 -41.0000000000
1166 -40.0000000000
1225 -39.0000000000
1243 -38.0000000000
1252 -37.0000000000
1295 -36.0000000000
1326 -35.0000000000
1340 -34.0000000000
1387 -33.0000000000
1416 -32.0000000000
1434 -30.0000000000
1456 -29.0000000000
1529 -28.0000000000
1652 -27.0000000000
1654 -26.0000000000
1685 -25.0000000000
1695 -24.0000000000
1705 -23.0000000000
1784 -22.0000000000
1802 -21.0000000000
1905 -20.0000000000
1906 -19.0000000000
1952 -18.0000000000
1985 -17.0000000000
2093 -16.0000000000
2278 -15.0000000000
2311 -14.0000000000
2404 -13.0000000000
2619 -12.0000000000
2658 -11.0000000000
2744 -10.0000000000
2968 -9.0000000000
2999 -8.0000000000
3280 -7.0000000000
3289 -6.0000000000
3305 -5.0000000000
3336 -4.0000000000
3396 -3.0000000000
3533 -2.0000000000
3702 -1.0000000000
3845 390.0000000000
4725 391.0000000000
5513 395.0000000000
5609 408.0000000000
5868 410.0000000000
7484 413.0000000000
7785 414.0000000000
11348 419.0000000000
11379 420.0000000000
15929 421.0000000000
19741 422.0000000000
20228 428.0000000000
38030 432.0000000000
100000 -1.0000000000
evaluations raw_y
1 -192.0000000000
3 -191.0000000000
8 -189.0000000000
14 -188.0000000000
19 -187.0000000000
20 -185.0000000000
26 -184.0000000000
37 -183.0000000000
40 -182.0000000000
45 -181.0000000000
62 -179.0000000000
63 -178.0000000000
69 -176.0000000000
76 -174.0000000000
79 -172.0000000000
80 -171.0000000000
88 -170.0000000000
90 -169.0000000000
92 -168.0000000000
94 -167.0000000000
95 -166.0000000000
99 -164.0000000000
117 -163.0000000000
118 -161.0000000000
124 -160.0000000000
131 -159.0000000000
132 -158.0000000000
133 -157.0000000000
141 -156.0000000000
142 -155.0000000000
148 -154.0000000000
150 -153.0000000000
159 -152.0000000000
164 -151.0000000000
174 -149.0000000000
178 -148.0000000000
181 -144.0000000000
190 -143.0000000000
194 -142.0000000000
206 -141.0000000000
209 -140.0000000000
211 -139.0000000000
223 -138.0000000000
234 -137.0000000000
239 -136.0000000000
256 -135.0000000000
258 -134.0000000000
261 -133.0000000000
262 -132.0000000000
265 -131.0000000000
271 -130.0000000000
273 -129.0000000000
275 -128.0000000000
285 -127.0000000000
292 -126.0000000000
302 -125.0000000000
304 -124.0000000000
312 -123.0000000000
332 -122.0000000000
341 -121.0000000000
342 -120.0000000000
359 -119.0000000000
361 -118.0000000000
369 -117.0000000000
370 -116.0000000000
375 -115.0000000000
376 -114.0000000000
379 -112.0000000000
384 -111.0000000000
409 -110.0000000000
413 -109.0000000000
416 -108.0000000000
420 -107.0000000000
421 -106.0000000000
444 -105.0000000000
453 -104.0000000000
461 -103.0000000000
498 -102.0000000000
502 -101.0000000000
515 -99.0000000000
517 -98.0000000000
532 -97.0000000000
538 -96.0000000000
545 -95.0000000000
547 -94.0000000000
550 -93.0000000000
574 -92.0000000000
579 -90.0000000000
602 -89.0000000000
607 -88.0000000000
612 -87.0000000000
631 -86.0000000000
648 -85.0000000000
658 -84.0000000000
670 -83.0000000000
709 -82.0000000000
713 -81.0000000000
719 -80.0000000000
746 -79.0000000000
753 -78.0000000000
770 -77.0000000000
776 -75.0000000000
783 -72.0000000000
806 -71.0000000000
808 -70.0000000000
812 -69.0000000000
820 -68.0000000000
821 -66.0000000000
832 -65.0000000000
893 -64.0000000000
903 -63.0000000000
914 -62.0000000000
938 -61.0000000000
949 -60.0000000000
959 -59.0000000000
978 -58.0000000000
998 -56.0000000000
1005 -55.0000000000
1073 -54.0000000000
1080 -53.0000000000
1135 -52.0000000000
1152 -51.0000000000
1194 -50.0000000000
1221 -49.0000000000
1241 -48.0000000000
1249 -47.0000000000
1275 -46.0000000000
1286 -45.0000000000
1290 -44.0000000000
1346 -43.0000000000
1369 -42.0000000000
1385 -40.0000000000
1406 -39.0000000000
1444 -37.0000000000
1450 -36.0000000000
1454 -35.0000000000
1463 -34.0000000000
1467 -33.0000000000
1485 -32.0000000000
1534 -31.0000000000
1546 -30.0000000000
1570 -29.0000000000
1602 -28.0000000000
1605 -27.0000000000
1636 -26.0000000000
1654 -25.0000000000
1656 -24.0000000000
1712 -23.0000000000
1728 -21.0000000000
1736 -20.0000000000
1751 -19.0000000000
1781 -18.0000000000
1792 -17.0000000000
1812 -16.0000000000
1833 -15.0000000000
1869 -14.0000000000
1921 -13.0000000000
1986 -11.0000000000
2019 -10.0000000000
2050 -9.0000000000
2090 -8.0000000000
2098 -7.0000000000
2175 -6.0000000000
2179 -5.0000000000
2588 -4.0000000000
2650 -3.0000000000
2879 -2.0000000000
2952 -1.0000000000
2994 397.0000000000
3076 407.0000000000
4715 408.0000000000
5065 411.0000000000
5530 413.0000000000
7635 423.0000000000
11707 424.0000000000
12455 426.0000000000
15338 427.0000000000
20552 431.0000000000
100000 -1.0000000000
evaluations raw_y
1 -207.0000000000
10 -206.0000000000
11 -205.0000000000
16 -204.0000000000
21 -203.0000000000
33 -202.0000000000
39 -201.0000000000
57 -200.0000000000
72 -199.0000000000
77 -198.0000000000
84 -197.0000000000
93 -196.0000000000
97 -194.0000000000
103 -193.0000000000
111 -192.0000000000
115 -191.0000000000
121 -189.0000000000
124 -188.0000000000
126 -187.0000000000
134 -186.0000000000
135 -184.0000000000
137 -183.0000000000
139 -182.0000000000
142 -181.0000000000
145 -180.0000000000
153 -179.0000000000
164 -178.0000000000
165 -177.0000000000
166 -176.0000000000
173 -175.0000000000
177 -174.0000000000
182 -173.0000000000
193 -172.0000000000
197 -170.0000000000
198 -168.0000000000
210 -167.0000000000
212 -166.0000000000
228 -165.0000000000
237 -164.0000000000
238 -163.0000000000
239 -162.0000000000
259 -161.0000000000
275 -160.0000000000
277 -159.0000000000
279 -157.0000000000
280 -156.0000000000
288 -155.0000000000
290 -154.0000000000
304 -153.0000000000
305 -152.0000000000
314 -151.0000000000
320 -150.0000000000
325 -149.0000000000
330 -148.0000000000
344 -146.0000000000
357 -143.0000000000
367 -142.0000000000
368 -140.0000000000
371 -139.0000000000
373 -138.0000000000
384 -137.0000000000
399 -135.0000000000
416 -134.0000000000
418 -133.0000000000
419 -132.0000000000
424 -131.0000000000
436 -130.0000000000
442 -129.0000000000
445 -128.0000000000
449 -127.0000000000
458 -126.0000000000
466 -125.0000000000
471 -124.0000000000
475 -123.0000000000
485 -122.0000000000
486 -121.0000000000
489 -120.0000000000
507 -119.0000000000
524 -118.0000000000
527 -117.0000000000
528 -116.0000000000
536 -115.0000000000
545 -114.0000000000
548 -112.0000000000
561 -110.0000000000
567 -109.0000000000
569 -108.0000000000
571 -107.0000000000
577 -106.0000000000
587 -105.0000000000
599 -104.0000000000
618 -102.0000000000
623 -101.0000000000
646 -100.0000000000
651 -99.0000000000
653 -98.0000000000
663 -97.0000000000
666 -95.0000000000
685 -94.0000000000
686 -93.0000000000
687 -91.0000000000
731 -90.0000000000
734 -89.0000000000
737 -88.0000000000
744 -87.0000000000
777 -86.0000000000
784 -85.0000000000
785 -84.0000000000
787 -83.0000000000
809 -82.0000000000
821 -81.0000000000
825 -80.0000000000
850 -78.0000000000
889 -77.0000000000
908 -76.0000000000
927 -75.0000000000
931 -74.0000000000
936 -73.0000000000
948 -72.0000000000
963 -71.0000000000
972 -70.0000000000
981 -69.0000000000
990 -68.0000000000
991 -67.0000000000
998 -66.0000000000
1029 -65.0000000000
1030 -64.0000000000
1050 -62.0000000000
1083 -61.0000000000
1091 -60.0000000000
1112 -59.0000000000
1116 -58.0000000000
1123 -57.0000000000
1151 -56.0000000000
1259 -55.0000000000
1265 -54.0000000000
1275 -52.0000000000
1287 -51.0000000000
1314 -50.0000000000
1384 -49.0000000000
1402 -48.0000000000
1420 -47.0000000000
1427 -46.0000000000
1447 -45.0000000000
1474 -44.0000000000
1482 -43.0000000000
1509 -42.0000000000
1549 -41.0000000000
1569 -40.0000000000
1649 -39.0000000000
1733 -38.0000000000
1778 -37.0000000000
1797 -36.0000000000
1801 -35.0000000000
1826 -34.0000000000
1833 -33.0000000000
1839 -32.0000000000
1843 -31.0000000000
1851 -30.0000000000
1852 -29.0000000000
1912 -28.0000000000
1914 -27.0000000000
1916 -26.0000000000
1928 -25.0000000000
1946 -24.0000000000
1989 -23.0000000000
2201 -22.0000000000
2219 -21.0000000000
2248 -20.0000000000
2346 -19.0000000000
2386 -18.0000000000
2404 -17.0000000000
2417 -16.0000000000
2473 -15.0000000000
2508 -14.0000000000
2516 -13.0000000000
2634 -12.0000000000
2737 -11.0000000000
2778 -9.0000000000
2865 -8.0000000000
2920 -7.0000000000
3120 -6.0000000000
3157 -5.0000000000
3168 -4.0000000000
3353 -3.0000000000
3444 -2.0000000000
3534 -1.0000000000
3625 396.0000000000
3962 401.0000000000
4045 404.0000000000
4099 408.0000000000
4266 413.0000000000
4797 416.0000000000
5058 418.0000000000
5886 420.0000000000
7382 423.0000000000
7588 429.0000000000
10734 430.0000000000
25410 431.0000000000
72161 432.0000000000
87838 433.0000000000
93312 434.0000000000
100000 -2.0000000000
evaluations raw_y
1 -201.0000000000
3 -200.0000000000
6 -199.0000000000
12 -198.0000000000
22 -197.0000000000
32 -195.0000000000
34 -193.0000000000
40 -192.0000000000
46 -191.0000000000
54 -190.0000000000
55 -188.0000000000
56 -187.0000000000
57 -186.0000000000
60 -185.0000000000
66 -184.0000000000
67 -183.0000000000
68 -182.0000000000
70 -181.0000000000
73 -180.0000000000
74 -179.0000000000
79 -176.0000000000
81 -175.0000000000
82 -173.0000000000
83 -171.0000000000
85 -170.0000000000
87 -169.0000000000
89 -167.0000000000
92 -166.0000000000
95 -165.0000000000
101 -164.0000000000
106 -162.0000000000
116 -161.0000000000
119 -160.0000000000
132 -159.0000000000
146 -157.0000000000
150 -156.0000000000
158 -155.0000000000
159 -154.0000000000
160 -151.0000000000
162 -150.0000000000
172 -148.0000000000
182 -146.0000000000
184 -145.0000000000
194 -144.0000000000
198 -143.0000000000
205 -142.0000000000
208 -141.0000000000
215 -140.0000000000
216 -139.0000000000
225 -137.0000000000
231 -136.0000000000
234 -135.0000000000
246 -134.0000000000
248 -133.0000000000
249 -132.0000000000
257 -131.0000000000
265 -130.0000000000
268 -129.0000000000
270 -127.0000000000
272 -126.0000000000
273 -124.0000000000
278 -122.0000000000
295 -121.0000000000
320 -120.0000000000
343 -119.0000000000
344 -118.0000000000
346 -117.0000000000
347 -116.0000000000
351 -115.0000000000
368 -114.0000000000
384 -112.0000000000
393 -111.0000000000
400 -110.0000000000
413 -109.0000000000
418 -108.0000000000
423 -107.0000000000
424 -106.0000000000
427 -105.0000000000
448 -104.0000000000
472 -103.0000000000
484 -102.0000000000
489 -101.0000000000
490 -100.0000000000
495 -99.0000000000
498 -98.0000000000
509 -97.0000000000
510 -96.0000000000
514 -95.0000000000
515 -94.0000000000
530 -92.0000000000
537 -91.0000000000
562 -90.0000000000
570 -89.0000000000
577 -88.0000000000
595 -87.0000000000
600 -86.0000000000
613 -85.0000000000
629 -84.0000000000
644 -83.0000000000
664 -82.0000000000
684 -81.0000000000
691 -80.0000000000
701 -79.0000000000
705 -78.0000000000
722 -77.0000000000
729 -76.0000000000
735 -75.0000000000
740 -74.0000000000
757 -73.0000000000
773 -72.0000000000
789 -71.0000000000
790 -70.0000000000
819 -69.0000000000
821 -68.0000000000
861 -66.0000000000
876 -64.0000000000
894 -62.0000000000
898 -61.0000000000
923 -60.0000000000
924 -59.0000000000
953 -58.0000000000
958 -57.0000000000
965 -56.0000000000
978 -55.0000000000
1014 -54.0000000000
1020 -53.0000000000
1022 -52.0000000000
1023 -51.0000000000
1044 -50.0000000000
1075 -49.0000000000
1097 -48.0000000000
1146 -47.0000000000
1192 -46.0000000000
1228 -45.0000000000
1243 -44.0000000000
1249 -43.0000000000
1257 -42.0000000000
1281 -41.0000000000
1291 -40.0000000000
1342 -39.0000000000
1353 -38.0000000000
1399 -37.0000000000
1401 -36.0000000000
1406 -35.0000000000
1419 -34.0000000000
1509 -33.0000000000
1593 -32.0000000000
1632 -30.0000000000
1691 -28.0000000000
1723 -27.0000000000
1745 -26.0000000000
1748 -25.0000000000
1788 -24.0000000000
1820 -23.0000000000
1824 -22.0000000000
1863 -21.0000000000
1879 -20.0000000000
1881 -19.0000000000
1933 -18.0000000000
1960 -17.0000000000
2038 -16.0000000000
2058 -15.0000000000
2118 -14.0000000000
2185 -13.0000000000
2334 -12.0000000000
2386 -11.0000000000
2443 -10.0000000000
2448 -9.0000000000
2500 -8.0000000000
2615 -7.0000000000
2657 -6.0000000000
2751 -5.0000000000
2793 -4.0000000000
2877 -3.0000000000
2969 -2.0000000000
3146 -1.0000000000
3224 388.0000000000
3362 390.0000000000
3409 391.0000000000
3479 398.0000000000
4404 404.0000000000
6221 409.0000000000
7193 410.0000000000
7865 413.0000000000
8165 416.0000000000
11377 417.0000000000
12978 418.0000000000
13712 419.0000000000
14216 424.0000000000
18033 426.0000000000
100000 426.0000000000
evaluations raw_y
1 -226.0000000000
3 -225.0000000000
11 -224.0000000000
12 -223.0000000000
17 -221.0000000000
19 -220.0000000000
22 -219.0000000000
25 -218.0000000000
27 -217.0000000000
29 -216.0000000000
40 -215.0000000000
46 -214.0000000000
48 -212.0000000000
57 -211.0000000000
59 -210.0000000000
62 -209.0000000000
63 -207.0000000000
68 -205.0000000000
69 -204.0000000000
70 -203.0000000000
73 -202.0000000000
75 -200.0000000000
84 -199.0000000000
88 -198.0000000000
90 -197.0000000000
93 -196.0000000000
114 -195.0000000000
123 -194.0000000000
124 -193.0000000000
125 -192.0000000000
126 -191.0000000000
128 -190.0000000000
129 -187.0000000000
134 -185.0000000000
136 -182.0000000000
138 -181.0000000000
156 -179.0000000000
157 -177.0000000000
175 -176.0000000000
178 -175.0000000000
179 -173.0000000000
183 -172.0000000000
184 -171.0000000000
185 -170.0000000000
189 -168.0000000000
203 -166.0000000000
210 -164.0000000000
217 -163.0000000000
218 -162.0000000000
223 -160.0000000000
244 -158.0000000000
247 -157.0000000000
250 -156.0000000000
256 -155.0000000000
257 -154.0000000000
266 -153.0000000000
267 -152.0000000000
270 -151.0000000000
283 -150.0000000000
285 -149.0000000000
287 -148.0000000000
300 -147.0000000000
306 -146.0000000000
310 -145.0000000000
313 -144.0000000000
314 -143.0000000000
327 -141.0000000000
332 -140.0000000000
333 -139.0000000000
338 -138.0000000000
341 -136.0000000000
348 -135.0000000000
359 -134.0000000000
360 -133.0000000000
363 -132.0000000000
365 -131.0000000000
376 -130.0000000000
390 -129.0000000000
410 -128.0000000000
413 -127.0000000000
421 -126.0000000000
445 -125.0000000000
473 -124.0000000000
477 -123.0000000000
486 -121.0000000000
500 -120.0000000000
504 -119.0000000000
529 -118.0000000000
542 -116.0000000000
551 -115.0000000000
555 -114.0000000000
564 -113.0000000000
568 -112.0000000000
583 -111.0000000000
592 -110.0000000000
595 -109.0000000000
603 -108.0000000000
606 -107.0000000000
616 -106.0000000000
617 -104.0000000000
625 -103.0000000000
634 -102.0000000000
639 -101.0000000000
647 -100.0000000000
681 -99.0000000000
689 -98.0000000000
697 -97.0000000000
723 -96.0000000000
729 -95.0000000000
738 -94.0000000000
743 -93.0000000000
744 -92.0000000000
754 -91.0000000000
756 -90.0000000000
764 -89.0000000000
771 -88.0000000000
783 -86.0000000000
786 -85.0000000000
810 -84.0000000000
815 -83.0000000000
817 -81.0000000000
820 -80.0000000000
821 -79.0000000000
823 -78.0000000000
848 -77.0000000000
857 -76.0000000000
863 -75.0000000000
864 -74.0000000000
872 -73.0000000000
881 -72.0000000000
902 -71.0000000000
907 -70.0000000000
932 -69.0000000000
942 -68.0000000000
957 -67.0000000000
972 -66.0000000000
995 -65.0000000000
1005 -64.0000000000
1007 -63.0000000000
1012 -62.0000000000
1040 -61.0000000000
1043 -60.0000000000
1057 -59.0000000000
1058 -58.0000000000
1066 -57.0000000000
1081 -56.0000000000
1093 -55.0000000000
1115 -53.0000000000
1122 -52.0000000000
1145 -51.0000000000
1155 -50.0000000000
1164 -49.0000000000
1180 -48.0000000000
1187 -47.0000000000
1213 -46.0000000000
1217 -45.0000000000
1231 -44.0000000000
1236 -43.0000000000
1251 -42.0000000000
1258 -41.0000000000
1335 -40.0000000000
1375 -39.0000000000
1432 -38.0000000000
1437 -36.0000000000
1446 -35.0000000000
1525 -34.0000000000
1533 -33.0000000000
1625 -32.0000000000
1642 -31.0000000000
1645 -29.0000000000
1678 -28.0000000000
1767 -26.0000000000
1768 -25.0000000000
1782 -24.0000000000
1790 -23.0000000000
1797 -22.0000000000
1812 -21.0000000000
1816 -20.0000000000
1862 -19.0000000000
1906 -18.0000000000
1975 -17.0000000000
2018 -16.0000000000
2025 -15.0000000000
2038 -14.0000000000
2068 -12.0000000000
2088 -11.0000000000
2159 -10.0000000000
2162 -9.0000000000
2258 -8.0000000000
2387 -7.0000000000
2511 -6.0000000000
2630 -5.0000000000
2778 -4.0000000000
2782 -3.0000000000
2936 -2.0000000000
3038 -1.0000000000
3245 375.0000000000
3397 380.0000000000
3809 382.0000000000
3836 386.0000000000
3903 392.0000000000
4129 400.0000000000
4627 403.0000000000
5731 410.0000000000
5955 411.0000000000
6387 415.0000000000
6768 417.0000000000
7385 418.0000000000
8067 425.0000000000
8335 427.0000000000
10062 428.0000000000
13477 431.0000000000
14333 434.0000000000
61220 437.0000000000
100000 -1.0000000000
evaluations raw_y
1 -213.0000000000
5 -210.0000000000
11 -206.0000000000
16 -205.0000000000
19 -204.0000000000
23 -203.0000000000
25 -202.0000000000
26 -201.0000000000
42 -200.0000000000
43 -199.0000000000
49 -198.0000000000
51 -197.0000000000
52 -195.0000000000
53 -194.0000000000
54 -193.0000000000
57 -191.0000000000
62 -190.0000000000
63 -189.0000000000
73 -188.0000000000
74 -187.0000000000
78 -186.0000000000
80 -185.0000000000
82 -184.0000000000
86 -182.0000000000
91 -181.0000000000
97 -180.0000000000
105 -178.0000000000
110 -177.0000000000
118 -176.0000000000
125 -175.0000000000
127 -174.0000000000
131 -173.0000000000
135 -172.0000000000
136 -171.0000000000
138 -170.0000000000
151 -169.0000000000
152 -167.0000000000
153 -166.0000000000
157 -165.0000000000
161 -164.0000000000
167 -162.0000000000
175 -160.0000000000
176 -159.0000000000
181 -158.0000000000
203 -157.0000000000
205 -155.0000000000
211 -154.0000000000
215 -153.0000000000
216 -152.0000000000
219 -151.0000000000
221 -150.0000000000
226 -149.0000000000
227 -147.0000000000
240 -146.0000000000
242 -143.0000000000
245 -142.0000000000
251 -141.0000000000
265 -140.0000000000
277 -139.0000000000
290 -138.0000000000
303 -136.0000000000
319 -135.0000000000
325 -134.0000000000
326 -133.0000000000
327 -132.0000000000
328 -131.0000000000
334 -130.0000000000
341 -129.0000000000
342 -127.0000000000
348 -126.0000000000
355 -125.0000000000
363 -123.0000000000
369 -122.0000000000
372 -121.0000000000
376 -120.0000000000
379 -119.0000000000
382 -118.0000000000
384 -117.0000000000
390 -116.0000000000
400 -114.0000000000
404 -113.0000000000
417 -112.0000000000
421 -111.0000000000
424 -110.0000000000
426 -109.0000000000
429 -108.0000000000
439 -107.0000000000
441 -106.0000000000
456 -105.0000000000
462 -103.0000000000
483 -102.0000000000
490 -101.0000000000
491 -100.0000000000
508 -99.0000000000
509 -98.0000000000
513 -97.0000000000
521 -96.0000000000
574 -95.0000000000
595 -94.0000000000
597 -93.0000000000
605 -92.0000000000
608 -91.0000000000
617 -90.0000000000
624 -89.0000000000
625 -88.0000000000
647 -87.0000000000
666 -86.0000000000
680 -85.0000000000
713 -84.0000000000
727 -83.0000000000
728 -82.0000000000
741 -81.0000000000
742 -80.0000000000
750 -79.0000000000
751 -78.0000000000
758 -77.0000000000
765 -76.0000000000
771 -75.0000000000
780 -74.0000000000
795 -73.0000000000
801 -72.0000000000
817 -71.0000000000
818 -70.0000000000
832 -69.0000000000
846 -68.0000000000
852 -67.0000000000
875 -66.0000000000
913 -65.0000000000
938 -64.0000000000
960 -63.0000000000
981 -62.0000000000
994 -61.0000000000
997 -60.0000000000
1009 -59.0000000000
1010 -58.0000000000
1022 -57.0000000000
1067 -55.0000000000
1088 -54.0000000000
1089 -52.0000000000
1094 -51.0000000000
1095 -50.0000000000
1103 -49.0000000000
1113 -48.0000000000
1125 -47.0000000000
1131 -46.0000000000
1133 -45.0000000000
1171 -44.0000000000
1186 -43.0000000000
1198 -42.0000000000
1207 -41.0000000000
1243 -40.0000000000
1255 -39.0000000000
1301 -38.0000000000
1307 -37.0000000000
1316 -36.0000000000
1336 -35.0000000000
1340 -34.0000000000
1344 -33.0000000000
1353 -32.0000000000
1388 -31.0000000000
1424 -30.0000000000
1439 -29.0000000000
1445 -28.0000000000
1449 -27.0000000000
1536 -26.0000000000
1558 -25.0000000000
1575 -24.0000000000
1587 -23.0000000000
1614 -22.0000000000
1640 -21.0000000000
1670 -20.0000000000
1792 -19.0000000000
1815 -18.0000000000
1912 -17.0000000000
1918 -16.0000000000
1945 -15.0000000000
2210 -14.0000000000
2235 -13.0000000000
2324 -12.0000000000
2389 -11.0000000000
2390 -10.0000000000
2392 -9.0000000000
2602 -8.0000000000
2687 -7.0000000000
2708 -6.0000000000
2804 -5.0000000000
2906 -4.0000000000
2935 -3.0000000000
3055 -2.0000000000
3065 -1.0000000000
3079 373.0000000000
3080 388.0000000000
3216 391.0000000000
3350 392.0000000000
3801 396.0000000000
3847 398.0000000000
4268 402.0000000000
5044 403.0000000000
5908 405.0000000000
6334 412.0000000000
7639 414.0000000000
8669 415.0000000000
14833 417.0000000000
16740 419.0000000000
24613 424.0000000000
25051 425.0000000000
45290 426.0000000000
47545 427.0000000000
52350 428.0000000000
64145 432.0000000000
100000 -1.0000000000
evaluations raw_y
1 -218.0000000000
4 -216.0000000000
6 -215.0000000000
7 -214.0000000000
8 -213.0000000000
10 -211.0000000000
13 -209.0000000000
15 -208.0000000000
17 -207.0000000000
22 -206.0000000000
28 -205.0000000000
29 -204.0000000000
36 -203.0000000000
49 -200.0000000000
51 -199.0000000000
52 -198.0000000000
57 -197.0000000000
58 -195.0000000000
60 -194.0000000000
76 -193.0000000000
83 -192.0000000000
85 -191.0000000000
86 -190.0000000000
87 -189.0000000000
93 -188.0000000000
98 -187.0000000000
100 -186.0000000000
102 -185.0000000000
106 -183.0000000000
110 -180.0000000000
119 -178.0000000000
127 -177.0000000000
129 -176.0000000000
131 -175.0000000000
142 -174.0000000000
145 -173.0000000000
152 -172.0000000000
170 -171.0000000000
177 -170.0000000000
181 -169.0000000000
186 -168.0000000000
188 -167.0000000000
194 -166.0000000000
195 -165.0000000000
205 -163.0000000000
211 -161.0000000000
218 -160.0000000000
219 -159.0000000000
226 -158.0000000000
234 -157.0000000000
237 -156.0000000000
240 -155.0000000000
242 -154.0000000000
258 -153.0000000000
269 -152.0000000000
278 -150.0000000000
288 -149.0000000000
297 -148.0000000000
312 -147.0000000000
314 -146.0000000000
316 -144.0000000000
324 -143.0000000000
332 -142.0000000000
348 -141.0000000000
352 -140.0000000000
354 -139.0000000000
358 -138.0000000000
360 -137.0000000000
397 -136.0000000000
404 -135.0000000000
407 -134.0000000000
417 -132.0000000000
419 -131.0000000000
421 -130.0000000000
428 -129.0000000000
436 -126.0000000000
439 -125.0000000000
443 -124.0000000000
451 -123.0000000000
453 -122.0000000000
465 -121.0000000000
472 -120.0000000000
475 -119.0000000000
476 -118.0000000000
480 -116.0000000000
496 -115.0000000000
499 -114.0000000000
512 -113.0000000000
514 -111.0000000000
523 -110.0000000000
527 -109.0000000000
543 -107.0000000000
544 -106.0000000000
545 -105.0000000000
546 -104.0000000000
548 -103.0000000000
552 -100.0000000000
562 -99.0000000000
567 -98.0000000000
568 -95.0000000000
576 -94.0000000000
584 -93.0000000000
589 -92.0000000000
592 -91.0000000000
594 -90.0000000000
595 -89.0000000000
620 -87.0000000000
625 -86.0000000000
627 -85.0000000000
639 -84.0000000000
641 -83.0000000000
666 -82.0000000000
692 -81.0000000000
716 -80.0000000000
719 -78.0000000000
753 -77.0000000000
766 -76.0000000000
767 -75.0000000000
781 -73.0000000000
799 -72.0000000000
804 -71.0000000000
805 -70.0000000000
807 -69.0000000000
809 -68.0000000000
818 -67.0000000000
820 -66.0000000000
822 -65.0000000000
824 -64.0000000000
831 -63.0000000000
850 -62.0000000000
854 -61.0000000000
874 -60.0000000000
876 -59.0000000000
890 -58.0000000000
895 -57.0000000000
924 -56.0000000000
930 -55.0000000000
947 -54.0000000000
1011 -53.0000000000
1025 -52.0000000000
1047 -51.0000000000
1054 -49.0000000000
1115 -48.0000000000
1117 -47.0000000000
1129 -46.0000000000
1186 -45.0000000000
1220 -43.0000000000
1221 -42.0000000000
1230 -41.0000000000
1268 -40.0000000000
1277 -39.0000000000
1333 -38.0000000000
1339 -37.0000000000
1383 -36.0000000000
1393 -35.0000000000
1431 -34.0000000000
1437 -33.0000000000
1442 -32.0000000000
1481 -31.0000000000
1496 -29.0000000000
1553 -28.0000000000
1686 -27.0000000000
1697 -26.0000000000
1813 -25.0000000000
1893 -24.0000000000
1898 -23.0000000000
1900 -22.0000000000
1908 -21.0000000000
1979 -20.0000000000
2136 -19.0000000000
2207 -18.0000000000
2216 -17.0000000000
2247 -16.0000000000
2252 -15.0000000000
2295 -14.0000000000
2347 -13.0000000000
2360 -12.0000000000
2367 -11.0000000000
2369 -10.0000000000
2393 -9.0000000000
2395 -8.0000000000
2406 -7.0000000000
2482 -6.0000000000
2713 -5.0000000000
2754 -4.0000000000
3034 -3.0000000000
3056 -2.0000000000
3487 -1.0000000000
3599 398.0000000000
3672 405.0000000000
4804 406.0000000000
5070 408.0000000000
6354 411.0000000000
9097 413.0000000000
12928 415.0000000000
27329 421.0000000000
29103 423.0000000000
31992 425.0000000000
42163 428.0000000000
74838 429.0000000000
100000 -1.0000000000
evaluations raw_y
1 -210.0000000000
3 -208.0000000000
10 -207.0000000000
13 -206.0000000000
16 -205.0000000000
18 -204.0000000000
19 -202.0000000000
24 -201.0000000000
26 -200.0000000000
34 -199.0000000000
35 -198.0000000000
42 -197.0000000000
47 -196.0000000000
48 -194.0000000000
64 -193.0000000000
75 -192.0000000000
81 -190.0000000000
83 -189.0000000000
84 -188.0000000000
87 -187.0000000000
88 -186.0000000000
90 -185.0000000000
91 -184.0000000000
101 -183.0000000000
105 -181.0000000000
106 -179.0000000000
112 -178.0000000000
118 -176.0000000000
121 -175.0000000000
134 -174.0000000000
138 -173.0000000000
139 -172.0000000000
140 -171.0000000000
142 -170.0000000000
146 -169.0000000000
158 -167.0000000000
164 -166.0000000000
166 -164.0000000000
167 -163.0000000000
168 -162.0000000000
171 -161.0000000000
175 -160.0000000000
178 -159.0000000000
179 -158.0000000000
183 -157.0000000000
184 -156.0000000000
187 -155.0000000000
191 -154.0000000000
192 -153.0000000000
195 -152.0000000000
197 -151.0000000000
199 -150.0000000000
201 -149.0000000000
204 -146.0000000000
212 -145.0000000000
214 -144.0000000000
218 -143.0000000000
228 -142.0000000000
230 -141.0000000000
231 -138.0000000000
241 -137.0000000000
249 -135.0000000000
260 -134.0000000000
272 -133.0000000000
273 -132.0000000000
279 -131.0000000000
280 -130.0000000000
290 -129.0000000000
293 -128.0000000000
296 -127.0000000000
299 -126.0000000000
308 -125.0000000000
313 -124.0000000000
332 -123.0000000000
338 -122.0000000000
349 -121.0000000000
359 -120.0000000000
360 -119.0000000000
388 -118.0000000000
395 -116.0000000000
399 -115.0000000000
403 -114.0000000000
416 -113.0000000000
429 -111.0000000000
436 -110.0000000000
437 -109.0000000000
442 -108.0000000000
445 -107.0000000000
447 -105.0000000000
454 -104.0000000000
458 -103.0000000000
477 -102.0000000000
494 -101.0000000000
495 -100.0000000000
501 -99.0000000000
503 -98.0000000000
504 -97.0000000000
522 -96.0000000000
527 -95.0000000000
531 -94.0000000000
538 -93.0000000000
541 -92.0000000000
554 -91.0000000000
572 -90.0000000000
583 -89.0000000000
605 -88.0000000000
606 -87.0000000000
632 -86.0000000000
652 -85.0000000000
655 -84.0000000000
669 -83.0000000000
686 -82.0000000000
691 -81.0000000000
694 -80.0000000000
705 -79.0000000000
721 -78.0000000000
722 -77.0000000000
783 -76.0000000000
789 -75.0000000000
799 -74.0000000000
808 -73.0000000000
828 -72.0000000000
835 -71.0000000000
836 -70.0000000000
872 -69.0000000000
881 -68.0000000000
904 -67.0000000000
915 -66.0000000000
968 -65.0000000000
986 -64.0000000000
987 -63.0000000000
992 -62.0000000000
1048 -61.0000000000
1065 -60.0000000000
1068 -59.0000000000
1104 -58.0000000000
1121 -57.0000000000
1127 -56.0000000000
1133 -55.0000000000
1145 -54.0000000000
1184 -53.0000000000
1210 -52.0000000000
1260 -51.0000000000
1270 -50.0000000000
1290 -49.0000000000
1298 -47.0000000000
1334 -46.0000000000
1362 -45.0000000000
1397 -44.0000000000
1403 -43.0000000000
1415 -42.0000000000
1416 -41.0000000000
1423 -40.0000000000
1433 -37.0000000000
1436 -36.0000000000
1452 -35.0000000000
1461 -34.0000000000
1489 -33.0000000000
1505 -32.0000000000
1536 -31.0000000000
1543 -30.0000000000
1545 -29.0000000000
1570 -28.0000000000
1602 -26.0000000000
1678 -25.0000000000
1689 -24.0000000000
1696 -23.0000000000
1707 -22.0000000000
1725 -21.0000000000
1746 -20.0000000000
1805 -19.0000000000
1807 -18.0000000000
1817 -17.0000000000
1820 -16.0000000000
1866 -15.0000000000
1871 -14.0000000000
1918 -13.0000000000
1957 -12.0000000000
1984 -11.0000000000
2085 -10.0000000000
2106 -9.0000000000
2172 -8.0000000000
2324 -7.0000000000
2436 -6.0000000000
2569 -5.0000000000
2599 -4.0000000000
2655 -3.0000000000
2682 -2.0000000000
3012 -1.0000000000
3019 401.0000000000
3181 402.0000000000
3310 404.0000000000
4239 405.0000000000
4769 413.0000000000
5731 416.0000000000
7590 419.0000000000
11166 420.0000000000
15209 425.0000000000
16083 427.0000000000
19389 428.0000000000
88604 429.0000000000
100000 -1.0000000000
evaluations raw_y
1 -209.0000000000
2 -208.0000000000
5 -207.0000000000
7 -206.0000000000
16 -205.0000000000
18 -203.0000000000
20 -201.0000000000
24 -200.0000000000
30 -198.0000000000
34 -197.0000000000
42 -196.0000000000
45 -195.0000000000
49 -194.0000000000
58 -193.0000000000
61 -191.0000000000
62 -190.0000000000
63 -189.0000000000
64 -188.0000000000
67 -186.0000000000
73 -184.0000000000
74 -183.0000000000
77 -182.0000000000
84 -181.0000000000
90 -179.0000000000
92 -177.0000000000
93 -176.0000000000
100 -175.0000000000
111 -174.0000000000
114 -173.0000000000
120 -171.0000000000
123 -170.0000000000
129 -169.0000000000
131 -168.0000000000
133 -167.0000000000
134 -166.0000000000
135 -164.0000000000
137 -163.0000000000
142 -161.0000000000
147 -160.0000000000
152 -159.0000000000
158 -158.0000000000
163 -157.0000000000
182 -156.0000000000
185 -155.0000000000
190 -154.0000000000
191 -153.0000000000
195 -152.0000000000
206 -151.0000000000
220 -150.0000000000
221 -149.0000000000
233 -148.0000000000
243 -147.0000000000
248 -146.0000000000
250 -145.0000000000
257 -144.0000000000
259 -143.0000000000
263 -142.0000000000
264 -141.0000000000
274 -140.0000000000
276 -139.0000000000
281 -138.0000000000
291 -137.0000000000
292 -136.0000000000
298 -135.0000000000
300 -134.0000000000
303 -133.0000000000
306 -132.0000000000
314 -131.0000000000
319 -130.0000000000
326 -129.0000000000
330 -127.0000000000
338 -126.0000000000
347 -124.0000000000
361 -123.0000000000
367 -122.0000000000
377 -121.0000000000
385 -120.0000000000
393 -119.0000000000
398 -118.0000000000
404 -117.0000000000
416 -116.0000000000
418 -115.0000000000
429 -114.0000000000
437 -113.0000000000
440 -112.0000000000
446 -111.0000000000
447 -110.0000000000
462 -109.0000000000
465 -107.0000000000
470 -105.0000000000
497 -104.0000000000
498 -103.0000000000
500 -101.0000000000
508 -100.0000000000
528 -98.0000000000
542 -97.0000000000
546 -96.0000000000
574 -95.0000000000
575 -94.0000000000
576 -93.0000000000
577 -91.0000000000
579 -90.0000000000
604 -88.0000000000
607 -87.0000000000
621 -86.0000000000
651 -85.0000000000
671 -84.0000000000
675 -83.0000000000
679 -82.0000000000
695 -81.0000000000
696 -80.0000000000
709 -79.0000000000
720 -78.0000000000
726 -77.0000000000
731 -76.0000000000
732 -75.0000000000
734 -74.0000000000
749 -73.0000000000
750 -72.0000000000
773 -71.0000000000
775 -70.0000000000
797 -69.0000000000
816 -68.0000000000
832 -67.0000000000
849 -66.0000000000
866 -65.0000000000
869 -64.0000000000
871 -63.0000000000
897 -62.0000000000
906 -61.0000000000
930 -59.0000000000
931 -58.0000000000
939 -57.0000000000
946 -56.0000000000
968 -55.0000000000
969 -54.0000000000
971 -53.0000000000
1025 -52.0000000000
1045 -51.0000000000
1074 -50.0000000000
1088 -49.0000000000
1101 -48.0000000000
1120 -47.0000000000
1126 -46.0000000000
1162 -45.0000000000
1185 -44.0000000000
1195 -43.0000000000
1219 -42.0000000000
1242 -41.0000000000
1279 -40.0000000000
1280 -39.0000000000
1317 -38.0000000000
1322 -37.0000000000
1329 -36.0000000000
1342 -35.0000000000
1418 -34.0000000000
1428 -33.0000000000
1462 -31.0000000000
1467 -30.0000000000
1493 -29.0000000000
1509 -28.0000000000
1518 -27.0000000000
1519 -26.0000000000
1566 -25.0000000000
1587 -24.0000000000
1612 -23.0000000000
1628 -22.0000000000
1660 -21.0000000000
1684 -19.0000000000
1692 -18.0000000000
1734 -17.0000000000
1748 -16.0000000000
1755 -15.0000000000
1792 -14.0000000000
1847 -13.0000000000
1948 -12.0000000000
1980 -11.0000000000
2067 -10.0000000000
2080 -9.0000000000
2100 -8.0000000000
2116 -7.0000000000
2173 -6.0000000000
2230 -5.0000000000
2333 -4.0000000000
2448 -3.0000000000
2451 -2.0000000000
2476 -1.0000000000
2481 391.0000000000
2675 393.0000000000
3115 394.0000000000
3213 397.0000000000
3527 398.0000000000
4452 405.0000000000
4589 407.0000000000
5165 417.0000000000
6943 421.0000000000
7832 423.0000000000
8683 426.0000000000
13767 427.0000000000
16665 429.0000000000
17751 430.0000000000
39441 432.0000000000
45493 434.0000000000
64849 436.0000000000
100000 -2.0000000000
evaluations raw_y
1 -209.0000000000
5 -207.0000000000
6 -206.0000000000
10 -204.0000000000
16 -203.0000000000
24 -202.0000000000
31 -201.0000000000
34 -200.0000000000
35 -199.0000000000
36 -198.0000000000
38 -197.0000000000
46 -196.0000000000
47 -195.0000000000
52 -194.0000000000
57 -193.0000000000
59 -192.0000000000
63 -191.0000000000
68 -190.0000000000
69 -189.0000000000
71 -188.0000000000
72 -187.0000000000
76 -186.0000000000
89 -185.0000000000
91 -184.0000000000
108 -183.0000000000
109 -182.0000000000
125 -180.0000000000
132 -179.0000000000
142 -178.0000000000
160 -177.0000000000
163 -176.0000000000
164 -175.0000000000
171 -174.0000000000
188 -173.0000000000
191 -172.0000000000
192 -171.0000000000
198 -170.0000000000
203 -169.0000000000
204 -168.0000000000
208 -167.0000000000
215 -166.0000000000
225 -164.0000000000
226 -163.0000000000
229 -162.0000000000
243 -161.0000000000
247 -160.0000000000
248 -158.0000000000
266 -157.0000000000
278 -156.0000000000
310 -155.0000000000
316 -153.0000000000
318 -151.0000000000
324 -150.0000000000
326 -149.0000000000
327 -147.0000000000
328 -146.0000000000
332 -145.0000000000
337 -144.0000000000
349 -143.0000000000
350 -140.0000000000
360 -139.0000000000
377 -138.0000000000
384 -137.0000000000
390 -136.0000000000
391 -135.0000000000
398 -134.0000000000
402 -133.0000000000
407 -132.0000000000
417 -131.0000000000
423 -130.0000000000
430 -129.0000000000
437 -128.0000000000
440 -127.0000000000
443 -126.0000000000
453 -125.0000000000
460 -124.0000000000
462 -123.0000000000
479 -122.0000000000
492 -121.0000000000
507 -120.0000000000
535 -119.0000000000
551 -118.0000000000
561 -117.0000000000
572 -116.0000000000
591 -115.0000000000
611 -113.0000000000
613 -112.0000000000
615 -111.0000000000
631 -110.0000000000
634 -109.0000000000
638 -107.0000000000
647 -106.0000000000
652 -105.0000000000
663 -103.0000000000
671 -102.0000000000
685 -101.0000000000
686 -100.0000000000
693 -99.0000000000
694 -98.0000000000
700 -97.0000000000
712 -95.0000000000
752 -94.0000000000
755 -93.0000000000
780 -92.0000000000
790 -90.0000000000
813 -89.0000000000
826 -88.0000000000
829 -87.0000000000
834 -86.0000000000
843 -85.0000000000
846 -84.0000000000
849 -83.0000000000
865 -82.0000000000
885 -81.0000000000
904 -79.0000000000
930 -78.0000000000
935 -77.0000000000
940 -76.0000000000
941 -75.0000000000
951 -74.0000000000
955 -73.0000000000
960 -72.0000000000
970 -71.0000000000
988 -70.0000000000
995 -69.0000000000
1011 -68.0000000000
1013 -67.0000000000
1030 -66.0000000000
1034 -64.0000000000
1042 -63.0000000000
1045 -62.0000000000
1055 -61.0000000000
1121 -60.0000000000
1147 -59.0000000000
1175 -58.0000000000
1208 -56.0000000000
1233 -54.0000000000
1236 -53.0000000000
1253 -52.0000000000
1267 -51.0000000000
1269 -50.0000000000
1288 -49.0000000000
1289 -48.0000000000
1303 -46.0000000000
1309 -45.0000000000
1311 -44.0000000000
1343 -43.0000000000
1401 -42.0000000000
1406 -41.0000000000
1434 -40.0000000000
1506 -39.0000000000
1507 -38.0000000000
1514 -37.0000000000
1522 -35.0000000000
1626 -34.0000000000
1629 -33.0000000000
1636 -32.0000000000
1650 -31.0000000000
1656 -30.0000000000
1657 -29.0000000000
1736 -28.0000000000
1738 -27.0000000000
1753 -26.0000000000
1759 -25.0000000000
1813 -24.0000000000
1846 -23.0000000000
1858 -22.0000000000
1876 -21.0000000000
1907 -20.0000000000
1914 -18.0000000000
1977 -17.0000000000
1987 -16.0000000000
2030 -15.0000000000
2040 -13.0000000000
2130 -12.0000000000
2139 -11.0000000000
2247 -10.0000000000
2404 -9.0000000000
2501 -8.0000000000
2598 -7.0000000000
2726 -6.0000000000
2796 -5.0000000000
2917 -4.0000000000
2975 -3.0000000000
3024 -2.0000000000
3057 -1.0000000000
3077 392.0000000000
3264 396.0000000000
4167 406.0000000000
6221 410.0000000000
6685 411.0000000000
7833 413.0000000000
9071 417.0000000000
15051 420.0000000000
15259 422.0000000000
32148 424.0000000000
36125 426.0000000000
37259 428.0000000000
39266 430.0000000000
39448 431.0000000000
47802 432.0000000000
76847 433.0000000000
78828 434.0000000000
79216 437.0000000000
100000 -2.0000000000
evaluations raw_y
1 -201.0000000000
5 -199.0000000000
7 -198.0000000000
8 -195.0000000000
14 -194.0000000000
16 -193.0000000000
22 -192.0000000000
26 -191.0000000000
29 -190.0000000000
33 -189.0000000000
41 -188.0000000000
54 -187.0000000000
67 -185.0000000000
69 -184.0000000000
72 -183.0000000000
90 -182.0000000000
94 -181.0000000000
95 -179.0000000000
100 -178.0000000000
102 -177.0000000000
103 -176.0000000000
104 -175.0000000000
105 -174.0000000000
109 -173.0000000000
117 -172.0000000000
120 -171.0000000000
121 -170.0000000000
123 -169.0000000000
128 -168.0000000000
132 -167.0000000000
135 -166.0000000000
139 -165.0000000000
142 -164.0000000000
143 -163.0000000000
146 -162.0000000000
147 -161.0000000000
149 -159.0000000000
150 -157.0000000000
154 -156.0000000000
155 -155.0000000000
162 -154.0000000000
164 -153.0000000000
165 -152.0000000000
167 -150.0000000000
170 -147.0000000000
173 -146.0000000000
178 -145.0000000000
180 -144.0000000000
182 -143.0000000000
185 -142.0000000000
186 -141.0000000000
189 -140.0000000000
190 -139.0000000000
192 -138.0000000000
197 -137.0000000000
201 -136.0000000000
203 -135.0000000000
210 -133.0000000000
211 -131.0000000000
212 -130.0000000000
223 -129.0000000000
229 -128.0000000000
230 -127.0000000000
231 -126.0000000000
234 -125.0000000000
244 -124.0000000000
245 -123.0000000000
246 -122.0000000000
250 -121.0000000000
271 -120.0000000000
293 -119.0000000000
313 -118.0000000000
316 -117.0000000000
353 -116.0000000000
354 -115.0000000000
358 -114.0000000000
362 -113.0000000000
381 -112.0000000000
393 -110.0000000000
396 -109.0000000000
400 -108.0000000000
401 -107.0000000000
415 -106.0000000000
422 -105.0000000000
423 -104.0000000000
438 -103.0000000000
445 -102.0000000000
461 -101.0000000000
463 -100.0000000000
511 -98.0000000000
526 -97.0000000000
546 -96.0000000000
557 -95.0000000000
576 -94.0000000000
578 -93.0000000000
590 -92.0000000000
594 -90.0000000000
597 -88.0000000000
605 -87.0000000000
619 -86.0000000000
623 -85.0000000000
625 -84.0000000000
627 -83.0000000000
628 -82.0000000000
642 -81.0000000000
646 -80.0000000000
677 -78.0000000000
722 -77.0000000000
724 -76.0000000000
734 -75.0000000000
754 -74.0000000000
775 -73.0000000000
784 -72.0000000000
806 -71.0000000000
810 -70.0000000000
816 -69.0000000000
821 -68.0000000000
823 -67.0000000000
855 -66.0000000000
857 -65.0000000000
861 -64.0000000000
894 -62.0000000000
903 -61.0000000000
905 -60.0000000000
934 -59.0000000000
966 -58.0000000000
972 -57.0000000000
1004 -56.0000000000
1021 -54.0000000000
1075 -53.0000000000
1088 -52.0000000000
1104 -51.0000000000
1109 -50.0000000000
1111 -49.0000000000
1130 -48.0000000000
1177 -47.0000000000
1229 -46.0000000000
1286 -45.0000000000
1312 -44.0000000000
1342 -43.0000000000
1377 -42.0000000000
1393 -41.0000000000
1404 -40.0000000000
1433 -39.0000000000
1460 -38.0000000000
1478 -37.0000000000
1505 -36.0000000000
1514 -35.0000000000
1539 -34.0000000000
1593 -33.0000000000
1596 -32.0000000000
1628 -31.0000000000
1630 -30.0000000000
1641 -29.0000000000
1720 -28.0000000000
1724 -27.0000000000
1734 -26.0000000000
1743 -25.0000000000
1757 -24.0000000000
1821 -23.0000000000
1848 -22.0000000000
1865 -21.0000000000
1873 -20.0000000000
1902 -19.0000000000
1931 -18.0000000000
2009 -17.0000000000
2220 -16.0000000000
2230 -15.0000000000
2306 -14.0000000000
2346 -13.0000000000
2357 -12.0000000000
2389 -11.0000000000
2407 -10.0000000000
2421 -9.0000000000
2424 -8.0000000000
2496 -7.0000000000
2709 -6.0000000000
2730 -5.0000000000
2769 -4.0000000000
2959 -3.0000000000
3199 -2.0000000000
3279 -1.0000000000
3302 399.0000000000
4272 410.0000000000
4515 411.0000000000
4940 412.0000000000
5430 415.0000000000
7584 416.0000000000
9913 420.0000000000
10305 424.0000000000
11972 428.0000000000
15294 430.0000000000
28607 432.0000000000
36206 433.0000000000
49736 434.0000000000
71142 435.0000000000
100000 -4.0000000000
evaluations raw_y
1 -224.0000000000
8 -222.0000000000
12 -220.0000000000
13 -219.0000000000
16 -218.0000000000
17 -217.0000000000
19 -216.0000000000
20 -215.0000000000
29 -214.0000000000
31 -213.0000000000
32 -210.0000000000
36 -209.0000000000
39 -206.0000000000
40 -205.0000000000
42 -204.0000000000
44 -203.0000000000
45 -202.0000000000
46 -200.0000000000
52 -199.0000000000
55 -198.0000000000
59 -197.0000000000
62 -196.0000000000
72 -195.0000000000
80 -194.0000000000
92 -193.0000000000
99 -192.0000000000
101 -189.0000000000
106 -188.0000000000
109 -187.0000000000
110 -186.0000000000
114 -185.0000000000
115 -184.0000000000
119 -183.0000000000
123 -182.0000000000
128 -180.0000000000
129 -179.0000000000
133 -178.0000000000
137 -176.0000000000
141 -174.0000000000
142 -172.0000000000
143 -171.0000000000
149 -170.0000000000
162 -169.0000000000
163 -168.0000000000
165 -167.0000000000
170 -166.0000000000
177 -165.0000000000
184 -164.0000000000
187 -163.0000000000
194 -162.0000000000
202 -161.0000000000
205 -160.0000000000
210 -159.0000000000
214 -157.0000000000
220 -155.0000000000
222 -154.0000000000
223 -152.0000000000
232 -150.0000000000
234 -149.0000000000
238 -147.0000000000
241 -146.0000000000
244 -145.0000000000
255 -143.0000000000
275 -142.0000000000
296 -141.0000000000
312 -140.0000000000
321 -138.0000000000
322 -137.0000000000
328 -136.0000000000
330 -135.0000000000
359 -134.0000000000
365 -132.0000000000
367 -131.0000000000
371 -129.0000000000
373 -128.0000000000
386 -127.0000000000
400 -126.0000000000
412 -125.0000000000
414 -123.0000000000
417 -122.0000000000
428 -121.0000000000
439 -120.0000000000
445 -119.0000000000
447 -117.0000000000
448 -116.0000000000
459 -114.0000000000
461 -113.0000000000
476 -112.0000000000
477 -111.0000000000
479 -110.0000000000
480 -108.0000000000
487 -105.0000000000
505 -104.0000000000
519 -103.0000000000
520 -102.0000000000
521 -101.0000000000
533 -100.0000000000
537 -99.0000000000
548 -97.0000000000
557 -96.0000000000
568 -95.0000000000
582 -94.0000000000
611 -93.0000000000
612 -92.0000000000
628 -90.0000000000
643 -87.0000000000
655 -86.0000000000
661 -85.0000000000
665 -84.0000000000
666 -83.0000000000
690 -81.0000000000
696 -80.0000000000
702 -79.0000000000
706 -78.0000000000
710 -77.0000000000
733 -76.0000000000
758 -75.0000000000
765 -74.0000000000
767 -73.0000000000
769 -70.0000000000
772 -69.0000000000
778 -68.0000000000
786 -67.0000000000
791 -66.0000000000
807 -65.0000000000
822 -64.0000000000
843 -63.0000000000
845 -62.0000000000
861 -61.0000000000
866 -60.0000000000
869 -59.0000000000
895 -58.0000000000
913 -57.0000000000
924 -56.0000000000
929 -55.0000000000
958 -54.0000000000
994 -53.0000000000
1017 -51.0000000000
1018 -50.0000000000
1046 -49.0000000000
1058 -48.0000000000
1066 -47.0000000000
1107 -46.0000000000
1130 -45.0000000000
1133 -44.0000000000
1136 -43.0000000000
1166 -42.0000000000
1197 -41.0000000000
1202 -40.0000000000
1204 -39.0000000000
1293 -38.0000000000
1296 -37.0000000000
1297 -36.0000000000
1379 -35.0000000000
1380 -34.0000000000
1395 -33.0000000000
1437 -32.0000000000
1440 -31.0000000000
1451 -30.0000000000
1461 -29.0000000000
1464 -28.0000000000
1514 -27.0000000000
1564 -26.0000000000
1572 -25.0000000000
1588 -24.0000000000
1592 -23.0000000000
1600 -22.0000000000
1625 -21.0000000000
1646 -19.0000000000
1735 -18.0000000000
1739 -17.0000000000
1839 -16.0000000000
1877 -15.0000000000
1944 -14.0000000000
1963 -13.0000000000
1989 -12.0000000000
1995 -11.0000000000
2103 -10.0000000000
2139 -9.0000000000
2173 -8.0000000000
2370 -7.0000000000
2374 -6.0000000000
2478 -5.0000000000
2558 -4.0000000000
2609 -3.0000000000
2629 -2.0000000000
2644 -1.0000000000
2849 387.0000000000
2907 389.0000000000
2968 393.0000000000
2985 398.0000000000
3478 401.0000000000
4029 405.0000000000
5512 408.0000000000
6752 410.0000000000
7445 421.0000000000
8757 422.0000000000
10760 423.0000000000
11955 424.0000000000
14484 426.0000000000
17256 427.0000000000
23971 428.0000000000
24286 429.0000000000
25376 431.0000000000
30453 433.0000000000
42780 434.0000000000
54655 435.0000000000
55962 438.0000000000
69889 440.0000000000
100000 -2.0000000000
evaluations raw_y
1 -224.0000000000
6 -223.0000000000
7 -222.0000000000
21 -221.0000000000
24 -220.0000000000
28 -219.0000000000
30 -217.0000000000
38 -216.0000000000
39 -215.0000000000
44 -214.0000000000
45 -213.0000000000
46 -212.0000000000
47 -210.0000000000
49 -209.0000000000
53 -208.0000000000
54 -205.0000000000
64 -204.0000000000
66 -203.0000000000
73 -202.0000000000
79 -201.0000000000
81 -200.0000000000
82 -199.0000000000
83 -197.0000000000
87 -196.0000000000
96 -195.0000000000
99 -194.0000000000
109 -193.0000000000
112 -191.0000000000
113 -190.0000000000
122 -189.0000000000
129 -188.0000000000
131 -187.0000000000
134 -186.0000000000
137 -185.0000000000
140 -184.0000000000
143 -183.0000000000
152 -182.0000000000
165 -181.0000000000
167 -180.0000000000
174 -178.0000000000
187 -176.0000000000
188 -175.0000000000
194 -174.0000000000
200 -173.0000000000
203 -172.0000000000
205 -171.0000000000
208 -170.0000000000
210 -169.0000000000
234 -167.0000000000
242 -166.0000000000
243 -165.0000000000
254 -164.0000000000
257 -163.0000000000
264 -162.0000000000
270 -161.0000000000
271 -160.0000000000
283 -159.0000000000
292 -158.0000000000
297 -157.0000000000
303 -156.0000000000
310 -154.0000000000
312 -153.0000000000
316 -152.0000000000
320 -151.0000000000
336 -150.0000000000
339 -149.0000000000
348 -148.0000000000
350 -147.0000000000
356 -146.0000000000
369 -145.0000000000
375 -144.0000000000
378 -143.0000000000
382 -142.0000000000
383 -141.0000000000
400 -140.0000000000
408 -139.0000000000
413 -138.0000000000
420 -137.0000000000
421 -135.0000000000
423 -134.0000000000
431 -133.0000000000
440 -132.0000000000
453 -130.0000000000
460 -129.0000000000
467 -127.0000000000
468 -126.0000000000
471 -125.0000000000
474 -124.0000000000
477 -122.0000000000
485 -121.0000000000
494 -120.0000000000
499 -119.0000000000
500 -118.0000000000
501 -117.0000000000
533 -116.0000000000
539 -114.0000000000
564 -113.0000000000
571 -112.0000000000
575 -111.0000000000
577 -110.0000000000
591 -109.0000000000
604 -108.0000000000
612 -107.0000000000
629 -105.0000000000
652 -104.0000000000
660 -102.0000000000
712 -100.0000000000
717 -99.0000000000
720 -97.0000000000
748 -96.0000000000
749 -95.0000000000
751 -94.0000000000
762 -93.0000000000
764 -92.0000000000
778 -91.0000000000
782 -90.0000000000
785 -89.0000000000
794 -88.0000000000
801 -87.0000000000
810 -86.0000000000
818 -85.0000000000
821 -83.0000000000
825 -82.0000000000
831 -80.0000000000
841 -79.0000000000
853 -78.0000000000
859 -77.0000000000
872 -76.0000000000
877 -75.0000000000
884 -74.0000000000
906 -73.0000000000
914 -72.0000000000
939 -71.0000000000
948 -70.0000000000
971 -69.0000000000
982 -68.0000000000
986 -67.0000000000
1007 -66.0000000000
1026 -65.0000000000
1058 -64.0000000000
1095 -63.0000000000
1110 -62.0000000000
1151 -61.0000000000
1176 -60.0000000000
1208 -59.0000000000
1211 -58.0000000000
1245 -57.0000000000
1247 -56.0000000000
1286 -55.0000000000
1303 -54.0000000000
1315 -53.0000000000
1328 -52.0000000000
1352 -51.0000000000
1360 -50.0000000000
1416 -49.0000000000
1432 -48.0000000000
1454 -47.0000000000
1460 -46.0000000000
1472 -45.0000000000
1526 -44.0000000000
1534 -43.0000000000
1578 -42.0000000000
1604 -41.0000000000
1610 -40.0000000000
1614 -39.0000000000
1660 -38.0000000000
1683 -37.0000000000
1693 -36.0000000000
1696 -35.0000000000
1735 -34.0000000000
1763 -33.0000000000
1785 -32.0000000000
1792 -31.0000000000
1793 -30.0000000000
1796 -29.0000000000
1808 -28.0000000000
1812 -27.0000000000
1815 -26.0000000000
1840 -25.0000000000
2006 -24.0000000000
2014 -22.0000000000
2062 -21.0000000000
2077 -20.0000000000
2195 -19.0000000000
2205 -18.0000000000
2421 -17.0000000000
2439 -16.0000000000
2495 -15.0000000000
2515 -14.0000000000
2636 -13.0000000000
2674 -12.0000000000
2748 -11.0000000000
2757 -10.0000000000
2760 -9.0000000000
2762 -8.0000000000
2767 -7.0000000000
2798 -6.0000000000
2824 -5.0000000000
2925 -4.0000000000
2934 -3.0000000000
3014 -2.0000000000
3096 -1.0000000000
3125 398.0000000000
3135 400.0000000000
3267 406.0000000000
3411 412.0000000000
5022 413.0000000000
5245 414.0000000000
6183 418.0000000000
6306 424.0000000000
6861 427.0000000000
10289 428.0000000000
25902 430.0000000000
37520 431.0000000000
56570 432.0000000000
100000 423.0000000000
evaluations raw_y
1 -234.0000000000
7 -233.0000000000
13 -232.0000000000
15 -230.0000000000
18 -228.0000000000
22 -227.0000000000
23 -226.0000000000
24 -225.0000000000
42 -224.0000000000
43 -223.0000000000
64 -222.0000000000
73 -221.0000000000
79 -220.0000000000
82 -219.0000000000
90 -218.0000000000
95 -217.0000000000
101 -216.0000000000
109 -214.0000000000
119 -211.0000000000
133 -210.0000000000
141 -209.0000000000
146 -208.0000000000
147 -207.0000000000
151 -206.0000000000
153 -204.0000000000
161 -202.0000000000
169 -201.0000000000
170 -199.0000000000
171 -198.0000000000
180 -197.0000000000
185 -196.0000000000
188 -195.0000000000
191 -194.0000000000
199 -193.0000000000
205 -191.0000000000
213 -189.0000000000
222 -187.0000000000
223 -186.0000000000
224 -185.0000000000
236 -184.0000000000
248 -183.0000000000
251 -182.0000000000
256 -181.0000000000
257 -179.0000000000
260 -177.0000000000
266 -176.0000000000
272 -175.0000000000
273 -174.0000000000
279 -173.0000000000
281 -172.0000000000
284 -170.0000000000
286 -169.0000000000
289 -168.0000000000
295 -167.0000000000
298 -166.0000000000
299 -165.0000000000
302 -164.0000000000
306 -163.0000000000
314 -162.0000000000
318 -160.0000000000
320 -159.0000000000
329 -158.0000000000
336 -157.0000000000
340 -156.0000000000
345 -155.0000000000
346 -153.0000000000
353 -151.0000000000
355 -150.0000000000
358 -149.0000000000
373 -148.0000000000
388 -147.0000000000
393 -145.0000000000
396 -144.0000000000
397 -142.0000000000
400 -140.0000000000
416 -139.0000000000
421 -137.0000000000
426 -136.0000000000
439 -135.0000000000
456 -134.0000000000
459 -133.0000000000
471 -132.0000000000
485 -131.0000000000
489 -130.0000000000
491 -129.0000000000
494 -128.0000000000
500 -127.0000000000
504 -125.0000000000
507 -124.0000000000
510 -123.0000000000
513 -122.0000000000
514 -121.0000000000
522 -120.0000000000
525 -119.0000000000
539 -118.0000000000
540 -117.0000000000
546 -116.0000000000
552 -115.0000000000
561 -114.0000000000
567 -113.0000000000
569 -112.0000000000
571 -110.0000000000
589 -109.0000000000
610 -108.0000000000
615 -107.0000000000
627 -106.0000000000
633 -105.0000000000
637 -103.0000000000
642 -102.0000000000
645 -101.0000000000
648 -100.0000000000
650 -99.0000000000
654 -98.0000000000
662 -97.0000000000
663 -96.0000000000
671 -95.0000000000
677 -94.0000000000
679 -93.0000000000
683 -92.0000000000
689 -91.0000000000
692 -90.0000000000
694 -89.0000000000
704 -88.0000000000
716 -87.0000000000
720 -86.0000000000
743 -85.0000000000
751 -84.0000000000
754 -83.0000000000
757 -82.0000000000
760 -81.0000000000
767 -80.0000000000
768 -79.0000000000
784 -78.0000000000
798 -77.0000000000
822 -75.0000000000
826 -74.0000000000
832 -73.0000000000
837 -72.0000000000
849 -71.0000000000
882 -70.0000000000
883 -69.0000000000
890 -68.0000000000
894 -67.0000000000
895 -66.0000000000
900 -65.0000000000
914 -64.0000000000
918 -63.0000000000
931 -62.0000000000
932 -61.0000000000
951 -60.0000000000
955 -59.0000000000
957 -58.0000000000
988 -57.0000000000
1039 -56.0000000000
1048 -54.0000000000
1063 -53.0000000000
1070 -52.0000000000
1112 -51.0000000000
1134 -50.0000000000
1138 -49.0000000000
1141 -48.0000000000
1144 -47.0000000000
1169 -46.0000000000
1176 -45.0000000000
1198 -44.0000000000
1211 -43.0000000000
1214 -42.0000000000
1233 -41.0000000000
1267 -40.0000000000
1285 -39.0000000000
1289 -38.0000000000
1295 -37.0000000000
1335 -36.0000000000
1414 -35.0000000000
1467 -34.0000000000
1472 -33.0000000000
1501 -32.0000000000
1502 -31.0000000000
1505 -30.0000000000
1557 -29.0000000000
1643 -28.0000000000
1668 -27.0000000000
1671 -26.0000000000
1682 -25.0000000000
1683 -24.0000000000
1801 -23.0000000000
1830 -21.0000000000
1844 -20.0000000000
1861 -19.0000000000
2003 -18.0000000000
2030 -17.0000000000
2128 -16.0000000000
2181 -15.0000000000
2301 -14.0000000000
2315 -13.0000000000
2328 -12.0000000000
2421 -11.0000000000
2606 -10.0000000000
2615 -9.0000000000
2620 -8.0000000000
2667 -7.0000000000
2812 -6.0000000000
2944 -5.0000000000
3059 -4.0000000000
3134 -3.0000000000
3222 -2.0000000000
3377 -1.0000000000
3439 379.0000000000
4233 382.0000000000
4257 384.0000000000
4613 392.0000000000
4639 395.0000000000
4979 397.0000000000
6399 399.0000000000
6893 401.0000000000
8402 403.0000000000
9471 407.0000000000
11134 411.0000000000
12473 412.0000000000
13578 417.0000000000
13795 420.0000000000
13978 422.0000000000
16417 424.0000000000
24965 425.0000000000
53333 426.0000000000
53530 429.0000000000
67090 430.0000000000
78969 431.0000000000
94082 433.0000000000
98688 435.0000000000
100000 435.0000000000
evaluations raw_y
1 -219.0000000000
18 -218.0000000000
19 -216.0000000000
26 -215.0000000000
28 -214.0000000000
29 -212.0000000000
30 -211.0000000000
35 -210.0000000000
40 -209.0000000000
42 -208.0000000000
48 -207.0000000000
49 -204.0000000000
50 -203.0000000000
61 -202.0000000000
65 -201.0000000000
66 -198.0000000000
77 -197.0000000000
80 -193.0000000000
86 -192.0000000000
90 -190.0000000000
95 -189.0000000000
96 -188.0000000000
100 -187.0000000000
101 -186.0000000000
106 -184.0000000000
114 -183.0000000000
126 -181.0000000000
129 -179.0000000000
141 -178.0000000000
145 -177.0000000000
147 -176.0000000000
152 -175.0000000000
158 -173.0000000000
173 -171.0000000000
174 -170.0000000000
184 -169.0000000000
190 -168.0000000000
192 -167.0000000000
194 -166.0000000000
196 -165.0000000000
202 -164.0000000000
211 -163.0000000000
217 -162.0000000000
218 -161.0000000000
225 -160.0000000000
231 -159.0000000000
236 -158.0000000000
241 -155.0000000000
243 -154.0000000000
259 -153.0000000000
271 -152.0000000000
279 -151.0000000000
289 -150.0000000000
290 -149.0000000000
294 -148.0000000000
300 -147.0000000000
310 -146.0000000000
327 -145.0000000000
328 -144.0000000000
334 -143.0000000000
335 -141.0000000000
346 -139.0000000000
347 -137.0000000000
354 -135.0000000000
367 -134.0000000000
370 -133.0000000000
374 -132.0000000000
380 -131.0000000000
399 -130.0000000000
400 -128.0000000000
402 -126.0000000000
416 -125.0000000000
421 -124.0000000000
426 -123.0000000000
436 -122.0000000000
448 -121.0000000000
453 -120.0000000000
463 -119.0000000000
465 -118.0000000000
473 -117.0000000000
489 -116.0000000000
508 -115.0000000000
513 -113.0000000000
531 -112.0000000000
532 -111.0000000000
533 -110.0000000000
535 -109.0000000000
538 -108.0000000000
540 -107.0000000000
566 -105.0000000000
576 -104.0000000000
577 -103.0000000000
582 -102.0000000000
588 -101.0000000000
594 -100.0000000000
600 -99.0000000000
624 -98.0000000000
631 -97.0000000000
633 -96.0000000000
634 -95.0000000000
641 -94.0000000000
674 -93.0000000000
681 -92.0000000000
695 -91.0000000000
698 -90.0000000000
700 -89.0000000000
715 -88.0000000000
734 -87.0000000000
755 -86.0000000000
762 -85.0000000000
768 -83.0000000000
781 -82.0000000000
790 -81.0000000000
798 -80.0000000000
807 -79.0000000000
812 -78.0000000000
819 -77.0000000000
843 -76.0000000000
870 -75.0000000000
894 -74.0000000000
916 -73.0000000000
921 -72.0000000000
925 -71.0000000000
945 -70.0000000000
952 -69.0000000000
959 -68.0000000000
969 -67.0000000000
983 -66.0000000000
985 -65.0000000000
992 -64.0000000000
1005 -63.0000000000
1008 -62.0000000000
1014 -61.0000000000
1039 -59.0000000000
1044 -58.0000000000
1058 -57.0000000000
1060 -56.0000000000
1066 -55.0000000000
1093 -54.0000000000
1134 -52.0000000000
1143 -51.0000000000
1149 -50.0000000000
1151 -49.0000000000
1162 -48.0000000000
1170 -47.0000000000
1184 -46.0000000000
1193 -45.0000000000
1217 -44.0000000000
1219 -43.0000000000
1230 -42.0000000000
1261 -41.0000000000
1313 -39.0000000000
1337 -38.0000000000
1344 -37.0000000000
1360 -36.0000000000
1418 -35.0000000000
1481 -34.0000000000
1488 -33.0000000000
1489 -32.0000000000
1490 -31.0000000000
1549 -30.0000000000
1637 -29.0000000000
1730 -28.0000000000
1792 -27.0000000000
1954 -26.0000000000
1965 -25.0000000000
1974 -24.0000000000
1985 -23.0000000000
1986 -22.0000000000
1989 -21.0000000000
2006 -20.0000000000
2124 -19.0000000000
2221 -18.0000000000
2330 -17.0000000000
2340 -16.0000000000
2346 -15.0000000000
2365 -14.0000000000
2417 -13.0000000000
2424 -12.0000000000
2564 -11.0000000000
2570 -9.0000000000
2576 -7.0000000000
2622 -6.0000000000
2736 -5.0000000000
2780 -4.0000000000
2790 -3.0000000000
2843 -2.0000000000
3252 -1.0000000000
3553 394.0000000000
3840 404.0000000000
4298 406.0000000000
4854 409.0000000000
5047 415.0000000000
5790 421.0000000000
6738 422.0000000000
10369 423.0000000000
15022 424.0000000000
15059 429.0000000000
36128 430.0000000000
48741 432.0000000000
75597 433.0000000000
89220 434.0000000000
100000 434.0000000000
evaluations raw_y
1 -214.0000000000
5 -213.0000000000
6 -212.0000000000
10 -211.0000000000
12 -210.0000000000
14 -209.0000000000
19 -208.0000000000
21 -206.0000000000
23 -204.0000000000
25 -203.0000000000
26 -201.0000000000
27 -200.0000000000
29 -199.0000000000
35 -197.0000000000
36 -196.0000000000
44 -195.0000000000
47 -191.0000000000
52 -189.0000000000
54 -188.0000000000
70 -187.0000000000
72 -186.0000000000
75 -184.0000000000
76 -182.0000000000
77 -181.0000000000
79 -180.0000000000
81 -179.0000000000
90 -178.0000000000
93 -177.0000000000
99 -176.0000000000
102 -175.0000000000
103 -174.0000000000
105 -173.0000000000
110 -172.0000000000
115 -170.0000000000
130 -169.0000000000
135 -168.0000000000
145 -167.0000000000
147 -166.0000000000
154 -165.0000000000
156 -164.0000000000
159 -163.0000000000
163 -161.0000000000
164 -160.0000000000
165 -159.0000000000
168 -158.0000000000
172 -157.0000000000
180 -156.0000000000
190 -155.0000000000
203 -154.0000000000
205 -153.0000000000
208 -152.0000000000
213 -151.0000000000
217 -149.0000000000
222 -148.0000000000
226 -147.0000000000
228 -146.0000000000
234 -145.0000000000
237 -144.0000000000
239 -143.0000000000
241 -142.0000000000
245 -141.0000000000
267 -139.0000000000
268 -137.0000000000
273 -136.0000000000
279 -135.0000000000
308 -134.0000000000
322 -133.0000000000
324 -132.0000000000
333 -130.0000000000
335 -129.0000000000
352 -128.0000000000
354 -127.0000000000
356 -126.0000000000
376 -125.0000000000
382 -124.0000000000
384 -123.0000000000
391 -122.0000000000
393 -120.0000000000
396 -119.0000000000
399 -118.0000000000
405 -117.0000000000
408 -116.0000000000
422 -115.0000000000
423 -114.0000000000
440 -113.0000000000
442 -111.0000000000
445 -110.0000000000
449 -109.0000000000
458 -108.0000000000
464 -107.0000000000
467 -105.0000000000
470 -104.0000000000
473 -103.0000000000
477 -102.0000000000
483 -101.0000000000
484 -100.0000000000
491 -99.0000000000
508 -97.0000000000
521 -96.0000000000
522 -95.0000000000
524 -93.0000000000
536 -92.0000000000
554 -90.0000000000
565 -89.0000000000
573 -87.0000000000
580 -86.0000000000
600 -85.0000000000
601 -84.0000000000
606 -83.0000000000
607 -81.0000000000
619 -80.0000000000
624 -79.0000000000
638 -78.0000000000
655 -77.0000000000
662 -75.0000000000
671 -74.0000000000
694 -73.0000000000
696 -72.0000000000
703 -71.0000000000
705 -70.0000000000
708 -69.0000000000
714 -68.0000000000
722 -67.0000000000
736 -65.0000000000
767 -64.0000000000
805 -63.0000000000
830 -62.0000000000
847 -61.0000000000
850 -60.0000000000
862 -59.0000000000
879 -58.0000000000
885 -57.0000000000
899 -56.0000000000
921 -55.0000000000
924 -54.0000000000
939 -52.0000000000
960 -51.0000000000
963 -50.0000000000
973 -49.0000000000
1002 -48.0000000000
1035 -47.0000000000
1036 -46.0000000000
1055 -45.0000000000
1058 -44.0000000000
1071 -43.0000000000
1076 -42.0000000000
1111 -41.0000000000
1126 -40.0000000000
1133 -39.0000000000
1161 -38.0000000000
1259 -37.0000000000
1266 -36.0000000000
1282 -35.0000000000
1283 -34.0000000000
1356 -33.0000000000
1379 -32.0000000000
1449 -31.0000000000
1464 -30.0000000000
1482 -29.0000000000
1490 -28.0000000000
1525 -27.0000000000
1574 -26.0000000000
1603 -25.0000000000
1665 -24.0000000000
1692 -23.0000000000
1733 -22.0000000000
1751 -21.0000000000
1804 -20.0000000000
1834 -19.0000000000
1865 -18.0000000000
1894 -17.0000000000
1992 -16.0000000000
2064 -15.0000000000
2098 -14.0000000000
2114 -13.0000000000
2167 -12.0000000000
2191 -11.0000000000
2231 -10.0000000000
2285 -9.0000000000
2292 -8.0000000000
2357 -6.0000000000
2370 -5.0000000000
2392 -4.0000000000
2520 -3.0000000000
2700 -2.0000000000
2713 -1.0000000000
2722 389.0000000000
2789 398.0000000000
3793 405.0000000000
3918 407.0000000000
4085 409.0000000000
6114 412.0000000000
11369 414.0000000000
12051 415.0000000000
14780 419.0000000000
19206 420.0000000000
22785 422.0000000000
22826 425.0000000000
40347 427.0000000000
94595 428.0000000000
98962 429.0000000000
100000 -2.0000000000
evaluations raw_y
1 -216.0000000000
4 -214.0000000000
7 -212.0000000000
8 -211.0000000000
9 -210.0000000000
12 -208.0000000000
15 -205.0000000000
22 -204.0000000000
24 -203.0000000000
26 -202.0000000000
33 -201.0000000000
38 -199.0000000000
39 -198.0000000000
47 -196.0000000000
63 -194.0000000000
64 -193.0000000000
68 -192.0000000000
69 -191.0000000000
71 -190.0000000000
80 -188.0000000000
87 -186.0000000000
89 -184.0000000000
93 -182.0000000000
103 -180.0000000000
105 -179.0000000000
109 -178.0000000000
111 -177.0000000000
114 -176.0000000000
121 -175.0000000000
130 -174.0000000000
131 -173.0000000000
132 -172.0000000000
135 -170.0000000000
142 -168.0000000000
143 -167.0000000000
149 -166.0000000000
156 -165.0000000000
158 -163.0000000000
159 -162.0000000000
161 -161.0000000000
164 -160.0000000000
169 -159.0000000000
182 -158.0000000000
190 -157.0000000000
192 -156.0000000000
200 -155.0000000000
205 -154.0000000000
210 -153.0000000000
214 -152.0000000000
217 -151.0000000000
218 -150.0000000000
223 -149.0000000000
228 -148.0000000000
229 -147.0000000000
236 -146.0000000000
242 -145.0000000000
245 -144.0000000000
250 -143.0000000000
253 -142.0000000000
254 -141.0000000000
272 -140.0000000000
276 -139.0000000000
278 -138.0000000000
284 -137.0000000000
291 -135.0000000000
300 -134.0000000000
303 -133.0000000000
307 -132.0000000000
308 -131.0000000000
319 -130.0000000000
320 -129.0000000000
339 -128.0000000000
342 -127.0000000000
343 -126.0000000000
347 -125.0000000000
354 -124.0000000000
355 -123.0000000000
362 -122.0000000000
364 -121.0000000000
366 -120.0000000000
392 -119.0000000000
394 -118.0000000000
396 -117.0000000000
410 -116.0000000000
416 -115.0000000000
421 -114.0000000000
437 -113.0000000000
441 -112.0000000000
453 -111.0000000000
463 -110.0000000000
482 -109.0000000000
493 -108.0000000000
504 -107.0000000000
508 -106.0000000000
512 -105.0000000000
524 -104.0000000000
531 -103.0000000000
555 -102.0000000000
570 -101.0000000000
579 -100.0000000000
596 -99.0000000000
608 -97.0000000000
611 -96.0000000000
615 -95.0000000000
632 -94.0000000000
634 -93.0000000000
650 -92.0000000000
663 -90.0000000000
672 -89.0000000000
701 -88.0000000000
710 -87.0000000000
729 -86.0000000000
734 -85.0000000000
736 -84.0000000000
741 -83.0000000000
746 -81.0000000000
767 -80.0000000000
779 -79.0000000000
787 -77.0000000000
789 -76.0000000000
793 -75.0000000000
815 -74.0000000000
830 -73.0000000000
868 -72.0000000000
900 -71.0000000000
901 -70.0000000000
905 -68.0000000000
909 -67.0000000000
932 -66.0000000000
933 -65.0000000000
940 -64.0000000000
976 -63.0000000000
987 -62.0000000000
1016 -61.0000000000
1036 -60.0000000000
1053 -59.0000000000
1062 -58.0000000000
1064 -57.0000000000
1078 -56.0000000000
1101 -55.0000000000
1129 -54.0000000000
1151 -52.0000000000
1152 -51.0000000000
1161 -50.0000000000
1211 -49.0000000000
1225 -48.0000000000
1231 -47.0000000000
1235 -46.0000000000
1271 -45.0000000000
1273 -44.0000000000
1283 -43.0000000000
1294 -42.0000000000
1356 -41.0000000000
1364 -40.0000000000
1371 -39.0000000000
1377 -38.0000000000
1387 -37.0000000000
1409 -35.0000000000
1427 -34.0000000000
1444 -33.0000000000
1504 -32.0000000000
1531 -31.0000000000
1548 -30.0000000000
1596 -29.0000000000
1623 -28.0000000000
1639 -27.0000000000
1668 -25.0000000000
1763 -23.0000000000
1768 -22.0000000000
1784 -21.0000000000
1798 -20.0000000000
1821 -19.0000000000
1843 -18.0000000000
1980 -17.0000000000
2010 -16.0000000000
2031 -15.0000000000
2038 -14.0000000000
2047 -13.0000000000
2058 -12.0000000000
2080 -11.0000000000
2092 -10.0000000000
2161 -9.0000000000
2182 -8.0000000000
2222 -7.0000000000
2231 -6.0000000000
2316 -5.0000000000
2426 -4.0000000000
2490 -3.0000000000
2585 -2.0000000000
2671 -1.0000000000
2694 376.0000000000
2777 379.0000000000
3382 386.0000000000
3420 389.0000000000
3936 390.0000000000
4395 396.0000000000
4916 404.0000000000
4945 406.0000000000
6594 408.0000000000
7957 417.0000000000
12164 418.0000000000
18861 423.0000000000
38266 424.0000000000
41024 426.0000000000
54155 427.0000000000
80058 430.0000000000
84489 431.0000000000
100000 -1.0000000000
evaluations raw_y
1 -212.0000000000
3 -211.0000000000
9 -210.0000000000
10 -209.0000000000
11 -208.0000000000
22 -207.0000000000
23 -205.0000000000
27 -204.0000000000
28 -203.0000000000
34 -202.0000000000
38 -201.0000000000
43 -200.0000000000
59 -199.0000000000
64 -196.0000000000
66 -195.0000000000
71 -194.0000000000
73 -193.0000000000
75 -192.0000000000
81 -191.0000000000
83 -190.0000000000
84 -189.0000000000
88 -188.0000000000
92 -187.0000000000
98 -186.0000000000
103 -185.0000000000
108 -184.0000000000
119 -183.0000000000
134 -182.0000000000
139 -180.0000000000
154 -179.0000000000
162 -178.0000000000
166 -176.0000000000
167 -175.0000000000
169 -174.0000000000
175 -172.0000000000
178 -170.0000000000
188 -169.0000000000
192 -168.0000000000
194 -167.0000000000
200 -166.0000000000
206 -164.0000000000
210 -163.0000000000
217 -162.0000000000
219 -161.0000000000
221 -160.0000000000
222 -159.0000000000
223 -158.0000000000
229 -156.0000000000
242 -154.0000000000
252 -153.0000000000
263 -152.0000000000
283 -151.0000000000
286 -150.0000000000
292 -149.0000000000
302 -148.0000000000
310 -147.0000000000
312 -146.0000000000
313 -145.0000000000
324 -144.0000000000
326 -143.0000000000
327 -142.0000000000
337 -141.0000000000
340 -140.0000000000
346 -139.0000000000
347 -138.0000000000
350 -137.0000000000
352 -135.0000000000
358 -134.0000000000
359 -133.0000000000
364 -132.0000000000
375 -131.0000000000
381 -130.0000000000
402 -129.0000000000
416 -127.0000000000
423 -126.0000000000
436 -125.0000000000
438 -124.0000000000
446 -123.0000000000
447 -122.0000000000
457 -121.0000000000
465 -120.0000000000
472 -119.0000000000
473 -117.0000000000
479 -116.0000000000
487 -115.0000000000
499 -114.0000000000
507 -113.0000000000
508 -112.0000000000
520 -111.0000000000
540 -110.0000000000
552 -109.0000000000
578 -108.0000000000
583 -107.0000000000
584 -106.0000000000
593 -105.0000000000
594 -104.0000000000
595 -103.0000000000
599 -102.0000000000
616 -101.0000000000
643 -100.0000000000
648 -99.0000000000
653 -98.0000000000
659 -97.0000000000
662 -96.0000000000
665 -95.0000000000
669 -94.0000000000
677 -93.0000000000
689 -92.0000000000
691 -91.0000000000
716 -90.0000000000
727 -89.0000000000
731 -88.0000000000
736 -85.0000000000
737 -84.0000000000
748 -83.0000000000
754 -82.0000000000
763 -81.0000000000
767 -79.0000000000
777 -78.0000000000
778 -77.0000000000
792 -76.0000000000
795 -75.0000000000
806 -74.0000000000
812 -73.0000000000
833 -72.0000000000
836 -71.0000000000
843 -70.0000000000
856 -69.0000000000
866 -68.0000000000
881 -67.0000000000
904 -66.0000000000
911 -65.0000000000
916 -64.0000000000
917 -63.0000000000
921 -61.0000000000
923 -60.0000000000
924 -59.0000000000
930 -58.0000000000
935 -57.0000000000
941 -56.0000000000
947 -55.0000000000
974 -54.0000000000
979 -53.0000000000
991 -52.0000000000
1001 -51.0000000000
1017 -50.0000000000
1025 -49.0000000000
1064 -48.0000000000
1068 -47.0000000000
1074 -46.0000000000
1082 -45.0000000000
1111 -44.0000000000
1150 -43.0000000000
1166 -42.0000000000
1173 -41.0000000000
1187 -39.0000000000
1198 -38.0000000000
1203 -37.0000000000
1240 -36.0000000000
1302 -35.0000000000
1330 -34.0000000000
1337 -33.0000000000
1360 -32.0000000000
1470 -31.0000000000
1484 -30.0000000000
1493 -28.0000000000
1518 -27.0000000000
1523 -26.0000000000
1560 -25.0000000000
1599 -24.0000000000
1606 -23.0000000000
1633 -22.0000000000
1639 -21.0000000000
1651 -20.0000000000
1658 -19.0000000000
1724 -18.0000000000
1731 -17.0000000000
1738 -16.0000000000
1751 -15.0000000000
1773 -14.0000000000
1989 -13.0000000000
2001 -12.0000000000
2115 -11.0000000000
2116 -10.0000000000
2182 -9.0000000000
2532 -8.0000000000
2808 -7.0000000000
2843 -6.0000000000
3056 -4.0000000000
3096 -3.0000000000
3576 -2.0000000000
3873 -1.0000000000
4123 381.0000000000
4203 387.0000000000
4205 391.0000000000
4234 396.0000000000
4284 401.0000000000
4705 408.0000000000
5055 414.0000000000
5376 416.0000000000
6497 420.0000000000
7187 422.0000000000
8467 423.0000000000
10050 425.0000000000
17739 426.0000000000
21975 427.0000000000
84192 428.0000000000
91601 429.0000000000
100000 429.0000000000
evaluations raw_y
1 -190.0000000000
3 -188.0000000000
16 -187.0000000000
17 -186.0000000000
21 -185.0000000000
27 -184.0000000000
29 -183.0000000000
51 -182.0000000000
52 -181.0000000000
59 -179.0000000000
60 -178.0000000000
61 -176.0000000000
65 -174.0000000000
70 -172.0000000000
71 -171.0000000000
72 -170.0000000000
73 -169.0000000000
74 -168.0000000000
77 -167.0000000000
84 -165.0000000000
93 -162.0000000000
102 -161.0000000000
104 -160.0000000000
106 -159.0000000000
113 -158.0000000000
114 -157.0000000000
116 -156.0000000000
133 -155.0000000000
134 -154.0000000000
136 -153.0000000000
142 -152.0000000000
143 -151.0000000000
146 -150.0000000000
147 -148.0000000000
149 -147.0000000000
153 -146.0000000000
163 -145.0000000000
165 -144.0000000000
173 -142.0000000000
178 -141.0000000000
203 -140.0000000000
205 -139.0000000000
222 -138.0000000000
224 -137.0000000000
228 -136.0000000000
230 -135.0000000000
238 -134.0000000000
241 -132.0000000000
242 -131.0000000000
243 -130.0000000000
246 -128.0000000000
255 -127.0000000000
258 -126.0000000000
263 -125.0000000000
267 -124.0000000000
296 -123.0000000000
309 -122.0000000000
310 -121.0000000000
315 -119.0000000000
316 -118.0000000000
318 -117.0000000000
319 -116.0000000000
327 -115.0000000000
343 -114.0000000000
349 -113.0000000000
352 -112.0000000000
353 -111.0000000000
354 -110.0000000000
368 -109.0000000000
376 -108.0000000000
387 -107.0000000000
399 -106.0000000000
407 -105.0000000000
429 -104.0000000000
437 -102.0000000000
439 -101.0000000000
440 -100.0000000000
453 -99.0000000000
460 -98.0000000000
461 -97.0000000000
463 -96.0000000000
464 -95.0000000000
466 -94.0000000000
472 -93.0000000000
488 -92.0000000000
510 -91.0000000000
515 -90.0000000000
527 -88.0000000000
550 -87.0000000000
561 -86.0000000000
613 -85.0000000000
629 -84.0000000000
633 -83.0000000000
658 -82.0000000000
660 -81.0000000000
662 -80.0000000000
676 -78.0000000000
678 -77.0000000000
691 -76.0000000000
695 -75.0000000000
700 -74.0000000000
706 -72.0000000000
712 -71.0000000000
714 -69.0000000000
728 -68.0000000000
747 -67.0000000000
754 -66.0000000000
779 -65.0000000000
783 -64.0000000000
789 -63.0000000000
834 -62.0000000000
850 -61.0000000000
862 -60.0000000000
878 -59.0000000000
912 -58.0000000000
916 -57.0000000000
936 -56.0000000000
961 -55.0000000000
966 -54.0000000000
967 -53.0000000000
971 -52.0000000000
972 -51.0000000000
1015 -50.0000000000
1018 -49.0000000000
1033 -47.0000000000
1072 -46.0000000000
1085 -45.0000000000
1101 -43.0000000000
1109 -42.0000000000
1114 -41.0000000000
1124 -40.0000000000
1141 -39.0000000000
1150 -38.0000000000
1167 -37.0000000000
1243 -36.0000000000
1249 -35.0000000000
1271 -34.0000000000
1296 -33.0000000000
1402 -32.0000000000
1408 -31.0000000000
1412 -30.0000000000
1447 -29.0000000000
1457 -28.0000000000
1504 -27.0000000000
1550 -26.0000000000
1639 -25.0000000000
1677 -24.0000000000
1680 -23.0000000000
1707 -22.0000000000
1789 -21.0000000000
1850 -20.0000000000
1863 -19.0000000000
1915 -18.0000000000
2104 -17.0000000000
2160 -16.0000000000
2180 -15.0000000000
2230 -14.0000000000
2274 -13.0000000000
2519 -12.0000000000
2586 -11.0000000000
2695 -10.0000000000
2730 -9.0000000000
2849 -8.0000000000
2853 -7.0000000000
2897 -6.0000000000
2911 -5.0000000000
3023 -4.0000000000
3034 -3.0000000000
3243 -2.0000000000
3272 -1.0000000000
3584 371.0000000000
3729 372.0000000000
3929 376.0000000000
4102 384.0000000000
4874 391.0000000000
5152 393.0000000000
5263 395.0000000000
5266 402.0000000000
6406 406.0000000000
8483 407.0000000000
9089 408.0000000000
10035 411.0000000000
10494 413.0000000000
18711 415.0000000000
24071 417.0000000000
24080 419.0000000000
26247 420.0000000000
28924 421.0000000000
30986 422.0000000000
46725 423.0000000000
88044 424.0000000000
100000 424.0000000000
evaluations raw_y
1 -219.0000000000
5 -218.0000000000
6 -217.0000000000
7 -216.0000000000
11 -215.0000000000
18 -213.0000000000
24 -212.0000000000
25 -211.0000000000
27 -210.0000000000
33 -209.0000000000
39 -208.0000000000
43 -206.0000000000
44 -205.0000000000
45 -204.0000000000
47 -203.0000000000
51 -202.0000000000
58 -201.0000000000
59 -200.0000000000
66 -199.0000000000
68 -198.0000000000
75 -197.0000000000
77 -196.0000000000
82 -195.0000000000
84 -194.0000000000
85 -191.0000000000
91 -190.0000000000
104 -188.0000000000
106 -187.0000000000
108 -186.0000000000
109 -185.0000000000
110 -184.0000000000
120 -182.0000000000
121 -180.0000000000
124 -178.0000000000
132 -177.0000000000
133 -176.0000000000
139 -175.0000000000
140 -174.0000000000
142 -173.0000000000
143 -172.0000000000
145 -171.0000000000
147 -170.0000000000
148 -169.0000000000
150 -168.0000000000
152 -167.0000000000
156 -166.0000000000
158 -165.0000000000
161 -163.0000000000
162 -162.0000000000
171 -161.0000000000
175 -160.0000000000
180 -159.0000000000
190 -158.0000000000
200 -156.0000000000
207 -155.0000000000
214 -154.0000000000
221 -153.0000000000
230 -152.0000000000
231 -151.0000000000
233 -150.0000000000
235 -149.0000000000
237 -148.0000000000
242 -147.0000000000
243 -146.0000000000
247 -145.0000000000
252 -144.0000000000
253 -142.0000000000
255 -141.0000000000
268 -140.0000000000
279 -139.0000000000
283 -138.0000000000
291 -137.0000000000
292 -136.0000000000
300 -135.0000000000
308 -134.0000000000
311 -133.0000000000
321 -132.0000000000
334 -131.0000000000
354 -130.0000000000
364 -128.0000000000
366 -127.0000000000
371 -126.0000000000
388 -125.0000000000
389 -124.0000000000
397 -122.0000000000
400 -121.0000000000
418 -120.0000000000
428 -119.0000000000
434 -118.0000000000
443 -117.0000000000
454 -116.0000000000
465 -115.0000000000
474 -113.0000000000
487 -112.0000000000
496 -111.0000000000
504 -110.0000000000
506 -109.0000000000
520 -108.0000000000
523 -107.0000000000
526 -106.0000000000
549 -105.0000000000
555 -104.0000000000
559 -103.0000000000
567 -102.0000000000
576 -101.0000000000
578 -100.0000000000
581 -99.0000000000
585 -98.0000000000
587 -97.0000000000
588 -96.0000000000
630 -95.0000000000
640 -93.0000000000
695 -92.0000000000
705 -91.0000000000
709 -90.0000000000
730 -89.0000000000
732 -88.0000000000
738 -87.0000000000
745 -86.0000000000
750 -85.0000000000
755 -84.0000000000
782 -83.0000000000
785 -82.0000000000
823 -81.0000000000
838 -80.0000000000
842 -79.0000000000
851 -78.0000000000
854 -77.0000000000
858 -76.0000000000
859 -75.0000000000
884 -74.0000000000
885 -73.0000000000
887 -72.0000000000
905 -71.0000000000
911 -70.0000000000
925 -69.0000000000
978 -68.0000000000
979 -67.0000000000
1000 -66.0000000000
1010 -65.0000000000
1061 -64.0000000000
1067 -63.0000000000
1082 -62.0000000000
1095 -61.0000000000
1097 -60.0000000000
1102 -59.0000000000
1137 -58.0000000000
1142 -57.0000000000
1147 -56.0000000000
1198 -55.0000000000
1230 -54.0000000000
1248 -53.0000000000
1272 -52.0000000000
1273 -51.0000000000
1296 -50.0000000000
1305 -49.0000000000
1338 -48.0000000000
1385 -47.0000000000
1442 -46.0000000000
1489 -45.0000000000
1500 -44.0000000000
1536 -43.0000000000
1661 -42.0000000000
1680 -41.0000000000
1710 -40.0000000000
1757 -39.0000000000
1760 -38.0000000000
1793 -37.0000000000
1796 -36.0000000000
1821 -35.0000000000
1824 -34.0000000000
1852 -33.0000000000
1871 -32.0000000000
1877 -31.0000000000
1885 -30.0000000000
1893 -29.0000000000
1938 -28.0000000000
2003 -27.0000000000
2007 -26.0000000000
2020 -25.0000000000
2050 -23.0000000000
2077 -22.0000000000
2099 -21.0000000000
2165 -20.0000000000
2317 -19.0000000000
2387 -18.0000000000
2470 -17.0000000000
2541 -16.0000000000
2639 -15.0000000000
2640 -14.0000000000
2738 -13.0000000000
2770 -12.0000000000
2841 -11.0000000000
2843 -10.0000000000
2926 -9.0000000000
2929 -8.0000000000
2942 -7.0000000000
2979 -6.0000000000
3005 -5.0000000000
3075 -4.0000000000
3231 -3.0000000000
3340 -2.0000000000
3355 -1.0000000000
3519 396.0000000000
3672 400.0000000000
4183 404.0000000000
4274 407.0000000000
6579 410.0000000000
8815 414.0000000000
10772 417.0000000000
11168 419.0000000000
17346 420.0000000000
18337 423.0000000000
22407 426.0000000000
26127 427.0000000000
31041 428.0000000000
31864 429.0000000000
32051 431.0000000000
45760 432.0000000000
47914 433.0000000000
100000 433.0000000000
evaluations raw_y
1 -212.0000000000
5 -209.0000000000
13 -207.0000000000
24 -205.0000000000
25 -204.0000000000
26 -203.0000000000
29 -201.0000000000
37 -199.0000000000
42 -198.0000000000
47 -197.0000000000
50 -196.0000000000
51 -195.0000000000
52 -194.0000000000
65 -193.0000000000
67 -192.0000000000
75 -191.0000000000
78 -190.0000000000
84 -189.0000000000
85 -188.0000000000
93 -187.0000000000
97 -186.0000000000
98 -185.0000000000
100 -184.0000000000
101 -182.0000000000
104 -181.0000000000
105 -179.0000000000
108 -178.0000000000
111 -177.0000000000
117 -176.0000000000
119 -175.0000000000
121 -173.0000000000
124 -172.0000000000
128 -171.0000000000
133 -170.0000000000
141 -169.0000000000
143 -168.0000000000
149 -167.0000000000
150 -165.0000000000
151 -164.0000000000
159 -163.0000000000
163 -162.0000000000
168 -161.0000000000
171 -160.0000000000
175 -159.0000000000
176 -158.0000000000
184 -156.0000000000
189 -155.0000000000
190 -154.0000000000
193 -153.0000000000
196 -152.0000000000
197 -151.0000000000
199 -150.0000000000
203 -149.0000000000
210 -148.0000000000
218 -147.0000000000
220 -146.0000000000
222 -145.0000000000
225 -144.0000000000
227 -143.0000000000
228 -142.0000000000
242 -141.0000000000
251 -140.0000000000
252 -139.0000000000
254 -138.0000000000
255 -137.0000000000
256 -136.0000000000
257 -135.0000000000
259 -134.0000000000
280 -133.0000000000
281 -132.0000000000
288 -131.0000000000
302 -130.0000000000
331 -129.0000000000
333 -128.0000000000
342 -127.0000000000
345 -126.0000000000
353 -125.0000000000
358 -124.0000000000
365 -123.0000000000
368 -122.0000000000
394 -121.0000000000
395 -120.0000000000
399 -119.0000000000
403 -118.0000000000
413 -117.0000000000
415 -116.0000000000
419 -115.0000000000
426 -114.0000000000
432 -113.0000000000
444 -112.0000000000
453 -111.0000000000
461 -109.0000000000
469 -108.0000000000
475 -106.0000000000
476 -105.0000000000
498 -104.0000000000
505 -103.0000000000
509 -102.0000000000
520 -101.0000000000
527 -100.0000000000
535 -98.0000000000
553 -97.0000000000
558 -96.0000000000
560 -95.0000000000
575 -94.0000000000
576 -93.0000000000
619 -92.0000000000
620 -91.0000000000
623 -90.0000000000
626 -89.0000000000
627 -88.0000000000
629 -87.0000000000
645 -86.0000000000
661 -85.0000000000
664 -84.0000000000
670 -83.0000000000
671 -82.0000000000
673 -80.0000000000
687 -79.0000000000
693 -78.0000000000
701 -77.0000000000
708 -76.0000000000
711 -75.0000000000
715 -74.0000000000
746 -73.0000000000
759 -72.0000000000
770 -70.0000000000
790 -69.0000000000
800 -68.0000000000
819 -67.0000000000
821 -66.0000000000
822 -65.0000000000
831 -64.0000000000
870 -63.0000000000
872 -62.0000000000
880 -61.0000000000
887 -60.0000000000
917 -59.0000000000
932 -58.0000000000
935 -57.0000000000
938 -56.0000000000
983 -55.0000000000
986 -54.0000000000
1022 -53.0000000000
1075 -52.0000000000
1077 -51.0000000000
1085 -50.0000000000
1093 -49.0000000000
1095 -48.0000000000
1106 -47.0000000000
1117 -46.0000000000
1125 -45.0000000000
1154 -44.0000000000
1205 -43.0000000000
1270 -42.0000000000
1275 -41.0000000000
1296 -39.0000000000
1299 -38.0000000000
1319 -37.0000000000
1338 -36.0000000000
1354 -35.0000000000
1367 -34.0000000000
1381 -33.0000000000
1389 -32.0000000000
1403 -31.0000000000
1422 -30.0000000000
1434 -29.0000000000
1437 -28.0000000000
1464 -27.0000000000
1471 -26.0000000000
1487 -25.0000000000
1515 -24.0000000000
1556 -23.0000000000
1561 -22.0000000000
1569 -21.0000000000
1591 -20.0000000000
1670 -19.0000000000
1712 -18.0000000000
1716 -17.0000000000
1726 -16.0000000000
1739 -15.0000000000
1850 -14.0000000000
1898 -13.0000000000
1920 -12.0000000000
1977 -11.0000000000
2127 -10.0000000000
2178 -9.0000000000
2183 -8.0000000000
2214 -7.0000000000
2360 -6.0000000000
2405 -5.0000000000
2500 -4.0000000000
2658 -3.0000000000
2806 -2.0000000000
2809 -1.0000000000
2818 369.0000000000
3115 385.0000000000
4039 392.0000000000
4335 397.0000000000
5086 398.0000000000
5212 400.0000000000
5442 401.0000000000
5948 403.0000000000
6048 404.0000000000
6184 411.0000000000
8214 412.0000000000
10520 413.0000000000
11542 415.0000000000
17819 416.0000000000
18026 417.0000000000
18374 421.0000000000
23665 424.0000000000
30704 426.0000000000
34036 427.0000000000
35383 428.0000000000
35699 431.0000000000
38871 433.0000000000
43550 436.0000000000
86732 437.0000000000
91815 438.0000000000
100000 438.0000000000
evaluations raw_y
1 -213.0000000000
7 -212.0000000000
13 -209.0000000000
15 -208.0000000000
17 -207.0000000000
19 -206.0000000000
20 -205.0000000000
22 -204.0000000000
23 -202.0000000000
24 -201.0000000000
29 -199.0000000000
31 -198.0000000000
32 -197.0000000000
36 -196.0000000000
40 -195.0000000000
47 -194.0000000000
50 -192.0000000000
63 -191.0000000000
78 -190.0000000000
79 -189.0000000000
80 -187.0000000000
83 -185.0000000000
84 -184.0000000000
85 -183.0000000000
94 -181.0000000000
95 -180.0000000000
96 -179.0000000000
97 -178.0000000000
101 -177.0000000000
105 -176.0000000000
109 -175.0000000000
113 -174.0000000000
116 -173.0000000000
118 -172.0000000000
119 -170.0000000000
121 -169.0000000000
123 -168.0000000000
125 -167.0000000000
126 -166.0000000000
127 -165.0000000000
143 -164.0000000000
144 -163.0000000000
151 -162.0000000000
154 -160.0000000000
164 -158.0000000000
165 -157.0000000000
172 -155.0000000000
173 -153.0000000000
180 -152.0000000000
187 -151.0000000000
189 -149.0000000000
195 -148.0000000000
203 -147.0000000000
206 -146.0000000000
219 -145.0000000000
235 -144.0000000000
236 -143.0000000000
252 -141.0000000000
258 -140.0000000000
269 -139.0000000000
277 -138.0000000000
278 -137.0000000000
281 -136.0000000000
283 -135.0000000000
288 -134.0000000000
295 -133.0000000000
302 -132.0000000000
306 -131.0000000000
309 -130.0000000000
317 -129.0000000000
319 -128.0000000000
326 -127.0000000000
327 -126.0000000000
334 -125.0000000000
336 -124.0000000000
340 -123.0000000000
343 -120.0000000000
346 -119.0000000000
362 -118.0000000000
369 -117.0000000000
370 -116.0000000000
376 -115.0000000000
394 -114.0000000000
398 -112.0000000000
405 -111.0000000000
409 -110.0000000000
419 -109.0000000000
423 -108.0000000000
432 -107.0000000000
438 -106.0000000000
444 -105.0000000000
470 -104.0000000000
473 -103.0000000000
485 -102.0000000000
488 -101.0000000000
491 -100.0000000000
500 -99.0000000000
501 -98.0000000000
507 -97.0000000000
515 -96.0000000000
517 -95.0000000000
532 -94.0000000000
534 -93.0000000000
537 -92.0000000000
543 -91.0000000000
554 -90.0000000000
562 -89.0000000000
573 -88.0000000000
592 -87.0000000000
595 -86.0000000000
599 -85.0000000000
605 -84.0000000000
631 -83.0000000000
645 -82.0000000000
648 -81.0000000000
675 -80.0000000000
676 -79.0000000000
682 -78.0000000000
696 -77.0000000000
725 -76.0000000000
756 -75.0000000000
758 -74.0000000000
774 -73.0000000000
778 -72.0000000000
782 -71.0000000000
832 -70.0000000000
844 -69.0000000000
850 -67.0000000000
890 -66.0000000000
895 -65.0000000000
904 -64.0000000000
929 -63.0000000000
934 -62.0000000000
935 -61.0000000000
937 -60.0000000000
967 -59.0000000000
986 -58.0000000000
1007 -57.0000000000
1026 -56.0000000000
1044 -55.0000000000
1095 -54.0000000000
1134 -53.0000000000
1147 -52.0000000000
1158 -51.0000000000
1171 -50.0000000000
1191 -49.0000000000
1237 -48.0000000000
1274 -47.0000000000
1296 -45.0000000000
1340 -44.0000000000
1349 -43.0000000000
1378 -42.0000000000
1393 -41.0000000000
1429 -40.0000000000
1457 -39.0000000000
1482 -38.0000000000
1586 -37.0000000000
1595 -36.0000000000
1620 -35.0000000000
1626 -34.0000000000
1709 -33.0000000000
1716 -32.0000000000
1829 -31.0000000000
1830 -30.0000000000
1842 -29.0000000000
1845 -28.0000000000
1847 -27.0000000000
1894 -26.0000000000
1896 -25.0000000000
1920 -24.0000000000
1924 -23.0000000000
1985 -22.0000000000
2076 -21.0000000000
2177 -20.0000000000
2226 -19.0000000000
2231 -18.0000000000
2259 -17.0000000000
2315 -16.0000000000
2337 -15.0000000000
2351 -14.0000000000
2367 -13.0000000000
2368 -12.0000000000
2382 -11.0000000000
2403 -10.0000000000
2492 -9.0000000000
2554 -8.0000000000
2660 -7.0000000000
2710 -6.0000000000
2729 -5.0000000000
2766 -4.0000000000
2774 -3.0000000000
2863 -2.0000000000
2930 -1.0000000000
3211 392.0000000000
3496 402.0000000000
3810 408.0000000000
4464 410.0000000000
4635 413.0000000000
5264 416.0000000000
5699 417.0000000000
7821 419.0000000000
8097 420.0000000000
8207 421.0000000000
11721 425.0000000000
14010 430.0000000000
37812 434.0000000000
38360 435.0000000000
51684 436.0000000000
51864 437.0000000000
53412 441.0000000000
100000 -1.0000000000
