evaluations raw_y
1 -300.0000000000
2 -299.0000000000
5 -298.0000000000
7 -297.0000000000
8 -296.0000000000
10 -295.0000000000
11 -294.0000000000
15 -293.0000000000
16 -292.0000000000
17 -291.0000000000
19 -290.0000000000
23 -289.0000000000
27 -288.0000000000
30 -287.0000000000
31 -286.0000000000
32 -285.0000000000
34 -284.0000000000
36 -283.0000000000
37 -282.0000000000
40 -281.0000000000
41 -280.0000000000
46 -279.0000000000
47 -278.0000000000
48 -277.0000000000
52 -276.0000000000
53 -275.0000000000
54 -274.0000000000
55 -273.0000000000
56 -272.0000000000
57 -271.0000000000
58 -270.0000000000
62 -269.0000000000
64 -268.0000000000
65 -267.0000000000
66 -266.0000000000
76 -265.0000000000
78 -264.0000000000
85 -263.0000000000
86 -262.0000000000
88 -261.0000000000
89 -260.0000000000
91 -259.0000000000
92 -258.0000000000
96 -257.0000000000
104 -256.0000000000
105 -255.0000000000
110 -254.0000000000
111 -253.0000000000
113 -252.0000000000
114 -251.0000000000
117 -250.0000000000
120 -249.0000000000
121 -248.0000000000
123 -247.0000000000
125 -246.0000000000
126 -245.0000000000
129 -244.0000000000
131 -243.0000000000
133 -242.0000000000
139 -241.0000000000
142 -240.0000000000
143 -239.0000000000
145 -238.0000000000
146 -237.0000000000
148 -236.0000000000
150 -235.0000000000
152 -234.0000000000
153 -233.0000000000
156 -232.0000000000
162 -231.0000000000
165 -230.0000000000
166 -229.0000000000
167 -228.0000000000
168 -227.0000000000
173 -226.0000000000
176 -225.0000000000
177 -224.0000000000
181 -223.0000000000
184 -222.0000000000
185 -221.0000000000
186 -220.0000000000
190 -219.0000000000
195 -218.0000000000
196 -217.0000000000
199 -216.0000000000
203 -215.0000000000
205 -214.0000000000
208 -213.0000000000
209 -212.0000000000
213 -211.0000000000
215 -210.0000000000
216 -209.0000000000
217 -208.0000000000
222 -207.0000000000
225 -206.0000000000
227 -205.0000000000
229 -204.0000000000
231 -203.0000000000
233 -202.0000000000
237 -201.0000000000
239 -200.0000000000
247 -199.0000000000
252 -198.0000000000
255 -197.0000000000
257 -196.0000000000
258 -195.0000000000
261 -194.0000000000
262 -193.0000000000
266 -192.0000000000
267 -191.0000000000
270 -190.0000000000
272 -189.0000000000
281 -188.0000000000
285 -187.0000000000
287 -186.0000000000
291 -185.0000000000
292 -184.0000000000
296 -183.0000000000
297 -182.0000000000
301 -181.0000000000
313 -180.0000000000
314 -179.0000000000
322 -178.0000000000
328 -177.0000000000
330 -176.0000000000
331 -175.0000000000
337 -174.0000000000
345 -173.0000000000
351 -172.0000000000
353 -171.0000000000
357 -170.0000000000
363 -169.0000000000
364 -168.0000000000
365 -167.0000000000
366 -166.0000000000
369 -165.0000000000
382 -164.0000000000
384 -163.0000000000
385 -162.0000000000
392 -161.0000000000
396 -160.0000000000
398 -159.0000000000
401 -158.0000000000
403 -157.0000000000
408 -156.0000000000
411 -155.0000000000
413 -154.0000000000
420 -153.0000000000
421 -152.0000000000
423 -151.0000000000
429 -150.0000000000
433 -149.0000000000
438 -148.0000000000
449 -147.0000000000
451 -146.0000000000
454 -145.0000000000
455 -144.0000000000
457 -143.0000000000
459 -142.0000000000
464 -141.0000000000
465 -140.0000000000
468 -139.0000000000
473 -138.0000000000
478 -137.0000000000
481 -136.0000000000
482 -135.0000000000
486 -134.0000000000
488 -133.0000000000
496 -132.0000000000
497 -131.0000000000
504 -130.0000000000
505 -129.0000000000
506 -128.0000000000
522 -127.0000000000
528 -126.0000000000
533 -125.0000000000
534 -124.0000000000
538 -123.0000000000
539 -122.0000000000
546 -121.0000000000
547 -120.0000000000
550 -119.0000000000
551 -118.0000000000
566 -117.0000000000
568 -116.0000000000
574 -115.0000000000
581 -114.0000000000
582 -113.0000000000
587 -112.0000000000
589 -111.0000000000
596 -110.0000000000
599 -109.0000000000
600 -108.0000000000
622 -107.0000000000
625 -106.0000000000
627 -105.0000000000
629 -104.0000000000
638 -103.0000000000
642 -102.0000000000
643 -101.0000000000
657 -100.0000000000
658 -99.0000000000
665 -98.0000000000
667 -97.0000000000
671 -96.0000000000
673 -95.0000000000
675 -94.0000000000
677 -93.0000000000
679 -92.0000000000
682 -91.0000000000
683 -90.0000000000
688 -89.0000000000
690 -88.0000000000
692 -87.0000000000
728 -86.0000000000
731 -85.0000000000
732 -84.0000000000
739 -83.0000000000
746 -82.0000000000
747 -81.0000000000
752 -80.0000000000
753 -79.0000000000
758 -78.0000000000
761 -77.0000000000
777 -76.0000000000
778 -75.0000000000
783 -74.0000000000
794 -73.0000000000
798 -72.0000000000
801 -71.0000000000
804 -70.0000000000
807 -69.0000000000
815 -68.0000000000
821 -67.0000000000
831 -66.0000000000
839 -65.0000000000
844 -64.0000000000
848 -63.0000000000
853 -62.0000000000
861 -61.0000000000
863 -60.0000000000
870 -59.0000000000
871 -58.0000000000
878 -57.0000000000
883 -56.0000000000
898 -55.0000000000
918 -54.0000000000
920 -53.0000000000
939 -52.0000000000
966 -51.0000000000
973 -50.0000000000
1001 -49.0000000000
1008 -48.0000000000
1032 -47.0000000000
1033 -46.0000000000
1047 -45.0000000000
1051 -44.0000000000
1060 -43.0000000000
1080 -42.0000000000
1105 -41.0000000000
1106 -40.0000000000
1139 -39.0000000000
1140 -38.0000000000
1146 -37.0000000000
1150 -36.0000000000
1153 -35.0000000000
1158 -34.0000000000
1165 -33.0000000000
1174 -32.0000000000
1177 -31.0000000000
1178 -30.0000000000
1185 -29.0000000000
1199 -28.0000000000
1211 -27.0000000000
1220 -26.0000000000
1245 -25.0000000000
1254 -24.0000000000
1262 -23.0000000000
1271 -22.0000000000
1283 -21.0000000000
1308 -20.0000000000
1317 -19.0000000000
1318 -18.0000000000
1324 -17.0000000000
1330 -16.0000000000
1347 -15.0000000000
1349 -14.0000000000
1362 -13.0000000000
1376 -12.0000000000
1379 -11.0000000000
1390 -10.0000000000
1453 -9.0000000000
1477 -8.0000000000
1484 -7.0000000000
1497 -6.0000000000
1500 -5.0000000000
1521 -4.0000000000
1547 -3.0000000000
1560 -2.0000000000
1583 -1.0000000000
1643 506.0000000000
100000 -1.0000000000
evaluations raw_y
1 -283.0000000000
2 -282.0000000000
3 -281.0000000000
5 -280.0000000000
6 -279.0000000000
8 -278.0000000000
10 -277.0000000000
11 -276.0000000000
16 -275.0000000000
18 -274.0000000000
19 -273.0000000000
21 -272.0000000000
23 -271.0000000000
32 -270.0000000000
34 -269.0000000000
35 -268.0000000000
42 -267.0000000000
43 -266.0000000000
45 -265.0000000000
46 -264.0000000000
50 -263.0000000000
51 -262.0000000000
52 -261.0000000000
56 -260.0000000000
58 -259.0000000000
59 -258.0000000000
60 -257.0000000000
61 -256.0000000000
64 -255.0000000000
65 -254.0000000000
66 -253.0000000000
69 -252.0000000000
79 -251.0000000000
83 -250.0000000000
84 -249.0000000000
86 -248.0000000000
87 -247.0000000000
93 -246.0000000000
94 -245.0000000000
95 -244.0000000000
98 -243.0000000000
104 -242.0000000000
105 -241.0000000000
106 -240.0000000000
109 -239.0000000000
110 -238.0000000000
111 -237.0000000000
114 -236.0000000000
116 -235.0000000000
118 -234.0000000000
119 -233.0000000000
120 -232.0000000000
125 -231.0000000000
127 -230.0000000000
128 -229.0000000000
131 -228.0000000000
132 -227.0000000000
133 -226.0000000000
136 -225.0000000000
137 -224.0000000000
140 -223.0000000000
141 -222.0000000000
146 -221.0000000000
148 -220.0000000000
152 -219.0000000000
154 -218.0000000000
155 -217.0000000000
160 -216.0000000000
161 -215.0000000000
164 -214.0000000000
166 -213.0000000000
167 -212.0000000000
174 -211.0000000000
177 -210.0000000000
185 -209.0000000000
190 -208.0000000000
194 -207.0000000000
197 -206.0000000000
198 -205.0000000000
199 -204.0000000000
202 -203.0000000000
205 -202.0000000000
206 -201.0000000000
213 -200.0000000000
216 -199.0000000000
219 -198.0000000000
222 -197.0000000000
223 -196.0000000000
227 -195.0000000000
229 -194.0000000000
230 -193.0000000000
231 -192.0000000000
241 -191.0000000000
242 -190.0000000000
243 -189.0000000000
245 -188.0000000000
246 -187.0000000000
252 -186.0000000000
254 -185.0000000000
255 -184.0000000000
258 -183.0000000000
259 -182.0000000000
263 -181.0000000000
265 -180.0000000000
267 -179.0000000000
268 -178.0000000000
271 -177.0000000000
272 -176.0000000000
274 -175.0000000000
275 -174.0000000000
280 -173.0000000000
281 -172.0000000000
283 -171.0000000000
289 -170.0000000000
293 -169.0000000000
296 -168.0000000000
298 -167.0000000000
300 -166.0000000000
307 -165.0000000000
310 -164.0000000000
316 -163.0000000000
318 -162.0000000000
325 -161.0000000000
328 -160.0000000000
329 -159.0000000000
331 -158.0000000000
332 -157.0000000000
335 -156.0000000000
337 -155.0000000000
346 -154.0000000000
348 -153.0000000000
349 -152.0000000000
351 -151.0000000000
355 -150.0000000000
357 -149.0000000000
358 -148.0000000000
360 -147.0000000000
371 -146.0000000000
372 -145.0000000000
373 -144.0000000000
374 -143.0000000000
378 -142.0000000000
381 -141.0000000000
383 -140.0000000000
387 -139.0000000000
388 -138.0000000000
393 -137.0000000000
398 -136.0000000000
399 -135.0000000000
400 -134.0000000000
403 -133.0000000000
405 -132.0000000000
406 -131.0000000000
413 -130.0000000000
414 -129.0000000000
424 -128.0000000000
426 -127.0000000000
430 -126.0000000000
432 -125.0000000000
435 -124.0000000000
438 -123.0000000000
445 -122.0000000000
446 -121.0000000000
451 -120.0000000000
472 -119.0000000000
483 -118.0000000000
484 -117.0000000000
487 -116.0000000000
498 -115.0000000000
499 -114.0000000000
518 -113.0000000000
521 -112.0000000000
523 -111.0000000000
526 -110.0000000000
530 -109.0000000000
543 -108.0000000000
551 -107.0000000000
554 -106.0000000000
558 -105.0000000000
567 -104.0000000000
576 -103.0000000000
583 -102.0000000000
584 -101.0000000000
588 -100.0000000000
589 -99.0000000000
604 -98.0000000000
610 -97.0000000000
612 -96.0000000000
627 -95.0000000000
640 -94.0000000000
644 -93.0000000000
652 -92.0000000000
658 -91.0000000000
660 -90.0000000000
661 -89.0000000000
671 -88.0000000000
673 -87.0000000000
699 -86.0000000000
713 -85.0000000000
714 -84.0000000000
738 -83.0000000000
739 -82.0000000000
742 -81.0000000000
744 -80.0000000000
757 -79.0000000000
759 -78.0000000000
760 -77.0000000000
769 -76.0000000000
771 -75.0000000000
787 -74.0000000000
790 -73.0000000000
797 -72.0000000000
799 -71.0000000000
804 -70.0000000000
840 -69.0000000000
859 -68.0000000000
860 -67.0000000000
864 -66.0000000000
865 -65.0000000000
869 -64.0000000000
870 -63.0000000000
871 -62.0000000000
884 -61.0000000000
895 -60.0000000000
902 -59.0000000000
912 -58.0000000000
921 -57.0000000000
936 -56.0000000000
940 -55.0000000000
942 -54.0000000000
954 -53.0000000000
962 -52.0000000000
972 -51.0000000000
975 -50.0000000000
985 -49.0000000000
1007 -48.0000000000
1046 -47.0000000000
1055 -46.0000000000
1065 -45.0000000000
1070 -44.0000000000
1110 -43.0000000000
1119 -42.0000000000
1129 -41.0000000000
1143 -40.0000000000
1145 -39.0000000000
1157 -38.0000000000
1186 -37.0000000000
1212 -36.0000000000
1218 -35.0000000000
1219 -34.0000000000
1223 -33.0000000000
1244 -32.0000000000
1271 -31.0000000000
1272 -30.0000000000
1276 -29.0000000000
1279 -28.0000000000
1303 -27.0000000000
1304 -26.0000000000
1336 -25.0000000000
1382 -24.0000000000
1384 -23.0000000000
1390 -22.0000000000
1394 -21.0000000000
1396 -20.0000000000
1399 -19.0000000000
1437 -18.0000000000
1517 -17.0000000000
1532 -16.0000000000
1554 -15.0000000000
1569 -14.0000000000
1627 -13.0000000000
1651 -12.0000000000
1686 -11.0000000000
1750 -10.0000000000
1759 -9.0000000000
1827 -8.0000000000
1954 -7.0000000000
1961 -6.0000000000
2056 -5.0000000000
2058 -4.0000000000
2148 -3.0000000000
2216 -2.0000000000
2239 -1.0000000000
2304 496.0000000000
100000 -1.0000000000
evaluations raw_y
1 -277.0000000000
5 -276.0000000000
9 -275.0000000000
11 -274.0000000000
12 -273.0000000000
13 -272.0000000000
17 -271.0000000000
18 -270.0000000000
21 -269.0000000000
24 -268.0000000000
29 -267.0000000000
30 -266.0000000000
36 -265.0000000000
40 -264.0000000000
42 -263.0000000000
44 -262.0000000000
47 -261.0000000000
48 -260.0000000000
49 -259.0000000000
50 -258.0000000000
57 -257.0000000000
61 -256.0000000000
62 -255.0000000000
66 -254.0000000000
67 -253.0000000000
73 -252.0000000000
74 -251.0000000000
75 -250.0000000000
76 -249.0000000000
79 -248.0000000000
81 -247.0000000000
85 -246.0000000000
86 -245.0000000000
88 -244.0000000000
93 -243.0000000000
95 -242.0000000000
97 -241.0000000000
98 -240.0000000000
101 -239.0000000000
102 -238.0000000000
106 -237.0000000000
109 -236.0000000000
111 -235.0000000000
113 -234.0000000000
115 -233.0000000000
116 -232.0000000000
117 -231.0000000000
122 -230.0000000000
123 -229.0000000000
124 -228.0000000000
125 -227.0000000000
126 -226.0000000000
128 -225.0000000000
133 -224.0000000000
134 -223.0000000000
136 -222.0000000000
138 -221.0000000000
140 -220.0000000000
149 -219.0000000000
152 -218.0000000000
154 -217.0000000000
157 -216.0000000000
158 -215.0000000000
159 -214.0000000000
161 -213.0000000000
166 -212.0000000000
171 -211.0000000000
172 -210.0000000000
174 -209.0000000000
177 -208.0000000000
178 -207.0000000000
181 -206.0000000000
183 -205.0000000000
185 -204.0000000000
187 -203.0000000000
190 -202.0000000000
191 -201.0000000000
192 -200.0000000000
193 -199.0000000000
198 -198.0000000000
200 -197.0000000000
203 -196.0000000000
207 -195.0000000000
208 -194.0000000000
209 -193.0000000000
212 -192.0000000000
218 -191.0000000000
219 -190.0000000000
220 -189.0000000000
221 -188.0000000000
223 -187.0000000000
232 -186.0000000000
233 -185.0000000000
235 -184.0000000000
238 -183.0000000000
245 -182.0000000000
253 -181.0000000000
254 -180.0000000000
267 -179.0000000000
271 -178.0000000000
274 -177.0000000000
276 -176.0000000000
279 -175.0000000000
280 -174.0000000000
281 -173.0000000000
284 -172.0000000000
286 -171.0000000000
289 -170.0000000000
291 -169.0000000000
296 -168.0000000000
298 -167.0000000000
299 -166.0000000000
300 -165.0000000000
301 -164.0000000000
309 -163.0000000000
312 -162.0000000000
315 -161.0000000000
317 -160.0000000000
323 -159.0000000000
327 -158.0000000000
329 -157.0000000000
330 -156.0000000000
331 -155.0000000000
333 -154.0000000000
335 -153.0000000000
336 -152.0000000000
347 -151.0000000000
350 -150.0000000000
357 -149.0000000000
359 -148.0000000000
362 -147.0000000000
363 -146.0000000000
374 -145.0000000000
377 -144.0000000000
378 -143.0000000000
381 -142.0000000000
383 -141.0000000000
384 -140.0000000000
385 -139.0000000000
388 -138.0000000000
392 -137.0000000000
394 -136.0000000000
398 -135.0000000000
401 -134.0000000000
404 -133.0000000000
406 -132.0000000000
407 -131.0000000000
414 -130.0000000000
417 -129.0000000000
422 -128.0000000000
430 -127.0000000000
433 -126.0000000000
436 -125.0000000000
444 -124.0000000000
451 -123.0000000000
456 -122.0000000000
459 -121.0000000000
460 -120.0000000000
463 -119.0000000000
464 -118.0000000000
470 -117.0000000000
471 -116.0000000000
473 -115.0000000000
483 -114.0000000000
489 -113.0000000000
498 -112.0000000000
507 -111.0000000000
511 -110.0000000000
514 -109.0000000000
517 -108.0000000000
519 -107.0000000000
532 -106.0000000000
534 -105.0000000000
538 -104.0000000000
539 -103.0000000000
541 -102.0000000000
542 -101.0000000000
548 -100.0000000000
555 -99.0000000000
556 -98.0000000000
558 -97.0000000000
569 -96.0000000000
570 -95.0000000000
571 -94.0000000000
572 -93.0000000000
576 -92.0000000000
581 -91.0000000000
583 -90.0000000000
584 -89.0000000000
586 -88.0000000000
600 -87.0000000000
611 -86.0000000000
612 -85.0000000000
617 -84.0000000000
627 -83.0000000000
631 -82.0000000000
639 -81.0000000000
644 -80.0000000000
655 -79.0000000000
668 -78.0000000000
669 -77.0000000000
671 -76.0000000000
674 -75.0000000000
699 -74.0000000000
705 -73.0000000000
726 -72.0000000000
730 -71.0000000000
737 -70.0000000000
742 -69.0000000000
743 -68.0000000000
754 -67.0000000000
760 -66.0000000000
769 -65.0000000000
774 -64.0000000000
780 -63.0000000000
785 -62.0000000000
791 -61.0000000000
798 -60.0000000000
817 -59.0000000000
831 -58.0000000000
832 -57.0000000000
838 -56.0000000000
846 -55.0000000000
861 -54.0000000000
862 -53.0000000000
865 -52.0000000000
866 -51.0000000000
888 -50.0000000000
893 -49.0000000000
933 -48.0000000000
943 -47.0000000000
948 -46.0000000000
952 -45.0000000000
953 -44.0000000000
980 -43.0000000000
1013 -42.0000000000
1022 -41.0000000000
1028 -40.0000000000
1037 -39.0000000000
1057 -38.0000000000
1058 -37.0000000000
1084 -36.0000000000
1096 -35.0000000000
1105 -34.0000000000
1111 -33.0000000000
1119 -32.0000000000
1136 -31.0000000000
1140 -30.0000000000
1146 -29.0000000000
1154 -28.0000000000
1161 -27.0000000000
1162 -26.0000000000
1178 -25.0000000000
1229 -24.0000000000
1233 -23.0000000000
1246 -22.0000000000
1264 -21.0000000000
1285 -20.0000000000
1286 -19.0000000000
1288 -18.0000000000
1290 -17.0000000000
1307 -16.0000000000
1316 -15.0000000000
1341 -14.0000000000
1376 -13.0000000000
1389 -12.0000000000
1396 -11.0000000000
1454 -10.0000000000
1486 -9.0000000000
1508 -8.0000000000
1524 -7.0000000000
1564 -6.0000000000
1583 -5.0000000000
1598 -4.0000000000
1602 -3.0000000000
1642 -2.0000000000
1653 -1.0000000000
1664 487.0000000000
100000 -1.0000000000
evaluations raw_y
1 -274.0000000000
2 -273.0000000000
3 -272.0000000000
4 -271.0000000000
6 -270.0000000000
7 -269.0000000000
11 -268.0000000000
13 -267.0000000000
15 -266.0000000000
16 -265.0000000000
17 -264.0000000000
23 -263.0000000000
24 -262.0000000000
25 -261.0000000000
29 -260.0000000000
30 -259.0000000000
31 -258.0000000000
34 -257.0000000000
36 -256.0000000000
39 -255.0000000000
41 -254.0000000000
42 -253.0000000000
48 -252.0000000000
55 -251.0000000000
57 -250.0000000000
59 -249.0000000000
60 -248.0000000000
62 -247.0000000000
67 -246.0000000000
70 -245.0000000000
71 -244.0000000000
80 -243.0000000000
81 -242.0000000000
82 -241.0000000000
83 -240.0000000000
84 -239.0000000000
89 -238.0000000000
90 -237.0000000000
93 -236.0000000000
94 -235.0000000000
95 -234.0000000000
96 -233.0000000000
98 -232.0000000000
100 -231.0000000000
101 -230.0000000000
104 -229.0000000000
105 -228.0000000000
106 -227.0000000000
107 -226.0000000000
108 -225.0000000000
111 -224.0000000000
113 -223.0000000000
115 -222.0000000000
118 -221.0000000000
120 -220.0000000000
121 -219.0000000000
122 -218.0000000000
123 -217.0000000000
134 -216.0000000000
136 -215.0000000000
139 -214.0000000000
140 -213.0000000000
143 -212.0000000000
144 -211.0000000000
150 -210.0000000000
153 -209.0000000000
157 -208.0000000000
163 -207.0000000000
168 -206.0000000000
169 -205.0000000000
171 -204.0000000000
183 -203.0000000000
184 -202.0000000000
185 -201.0000000000
188 -200.0000000000
191 -199.0000000000
195 -198.0000000000
200 -197.0000000000
207 -196.0000000000
214 -195.0000000000
216 -194.0000000000
224 -193.0000000000
230 -192.0000000000
233 -191.0000000000
235 -190.0000000000
236 -189.0000000000
238 -188.0000000000
239 -187.0000000000
240 -186.0000000000
243 -185.0000000000
244 -184.0000000000
249 -183.0000000000
250 -182.0000000000
253 -181.0000000000
255 -180.0000000000
256 -179.0000000000
258 -178.0000000000
263 -177.0000000000
267 -176.0000000000
274 -175.0000000000
277 -174.0000000000
278 -173.0000000000
282 -172.0000000000
287 -171.0000000000
289 -170.0000000000
290 -169.0000000000
298 -168.0000000000
301 -167.0000000000
303 -166.0000000000
314 -165.0000000000
321 -164.0000000000
322 -163.0000000000
323 -162.0000000000
324 -161.0000000000
329 -160.0000000000
334 -159.0000000000
338 -158.0000000000
339 -157.0000000000
347 -156.0000000000
352 -155.0000000000
361 -154.0000000000
364 -153.0000000000
366 -152.0000000000
367 -151.0000000000
373 -150.0000000000
376 -149.0000000000
385 -148.0000000000
394 -147.0000000000
398 -146.0000000000
399 -145.0000000000
403 -144.0000000000
404 -143.0000000000
406 -142.0000000000
407 -141.0000000000
408 -140.0000000000
409 -139.0000000000
410 -138.0000000000
414 -137.0000000000
417 -136.0000000000
420 -135.0000000000
425 -134.0000000000
428 -133.0000000000
430 -132.0000000000
433 -131.0000000000
437 -130.0000000000
441 -129.0000000000
443 -128.0000000000
445 -127.0000000000
458 -126.0000000000
461 -125.0000000000
468 -124.0000000000
471 -123.0000000000
475 -122.0000000000
483 -121.0000000000
484 -120.0000000000
490 -119.0000000000
500 -118.0000000000
505 -117.0000000000
506 -116.0000000000
507 -115.0000000000
520 -114.0000000000
521 -113.0000000000
522 -112.0000000000
527 -111.0000000000
529 -110.0000000000
533 -109.0000000000
540 -108.0000000000
541 -107.0000000000
543 -106.0000000000
550 -105.0000000000
553 -104.0000000000
558 -103.0000000000
562 -102.0000000000
563 -101.0000000000
568 -100.0000000000
571 -99.0000000000
581 -98.0000000000
593 -97.0000000000
594 -96.0000000000
595 -95.0000000000
611 -94.0000000000
617 -93.0000000000
620 -92.0000000000
623 -91.0000000000
629 -90.0000000000
633 -89.0000000000
644 -88.0000000000
645 -87.0000000000
651 -86.0000000000
652 -85.0000000000
657 -84.0000000000
668 -83.0000000000
671 -82.0000000000
672 -81.0000000000
674 -80.0000000000
695 -79.0000000000
697 -78.0000000000
711 -77.0000000000
745 -76.0000000000
747 -75.0000000000
751 -74.0000000000
755 -73.0000000000
761 -72.0000000000
769 -71.0000000000
774 -70.0000000000
778 -69.0000000000
781 -68.0000000000
790 -67.0000000000
792 -66.0000000000
804 -65.0000000000
812 -64.0000000000
838 -63.0000000000
840 -62.0000000000
843 -61.0000000000
855 -60.0000000000
860 -59.0000000000
875 -58.0000000000
882 -57.0000000000
893 -56.0000000000
899 -55.0000000000
909 -54.0000000000
920 -53.0000000000
933 -52.0000000000
939 -51.0000000000
947 -50.0000000000
950 -49.0000000000
984 -48.0000000000
993 -47.0000000000
994 -46.0000000000
998 -45.0000000000
1024 -44.0000000000
1027 -43.0000000000
1036 -42.0000000000
1069 -41.0000000000
1085 -40.0000000000
1114 -39.0000000000
1121 -38.0000000000
1143 -37.0000000000
1149 -36.0000000000
1162 -35.0000000000
1168 -34.0000000000
1171 -33.0000000000
1225 -32.0000000000
1234 -31.0000000000
1240 -30.0000000000
1243 -29.0000000000
1256 -28.0000000000
1258 -27.0000000000
1270 -26.0000000000
1287 -25.0000000000
1294 -24.0000000000
1317 -23.0000000000
1345 -22.0000000000
1346 -21.0000000000
1349 -20.0000000000
1361 -19.0000000000
1384 -18.0000000000
1390 -17.0000000000
1404 -16.0000000000
1464 -15.0000000000
1495 -14.0000000000
1526 -13.0000000000
1552 -12.0000000000
1576 -11.0000000000
1709 -10.0000000000
1810 -9.0000000000
1903 -8.0000000000
1927 -7.0000000000
1983 -6.0000000000
1994 -5.0000000000
2009 -4.0000000000
2014 -3.0000000000
2017 -2.0000000000
2174 -1.0000000000
2199 487.0000000000
100000 -1.0000000000
evaluations raw_y
1 -298.0000000000
3 -297.0000000000
4 -296.0000000000
7 -295.0000000000
8 -294.0000000000
13 -293.0000000000
19 -292.0000000000
21 -291.0000000000
22 -290.0000000000
23 -289.0000000000
25 -288.0000000000
26 -287.0000000000
33 -286.0000000000
34 -285.0000000000
37 -284.0000000000
39 -283.0000000000
40 -282.0000000000
42 -281.0000000000
43 -280.0000000000
44 -279.0000000000
45 -278.0000000000
49 -277.0000000000
52 -276.0000000000
53 -275.0000000000
55 -274.0000000000
57 -273.0000000000
58 -272.0000000000
59 -271.0000000000
60 -270.0000000000
62 -269.0000000000
63 -268.0000000000
66 -267.0000000000
67 -266.0000000000
69 -265.0000000000
71 -264.0000000000
73 -263.0000000000
74 -262.0000000000
75 -261.0000000000
78 -260.0000000000
80 -259.0000000000
81 -258.0000000000
82 -257.0000000000
84 -256.0000000000
89 -255.0000000000
91 -254.0000000000
92 -253.0000000000
93 -252.0000000000
96 -251.0000000000
97 -250.0000000000
102 -249.0000000000
103 -248.0000000000
104 -247.0000000000
106 -246.0000000000
107 -245.0000000000
108 -244.0000000000
110 -243.0000000000
111 -242.0000000000
112 -241.0000000000
117 -240.0000000000
118 -239.0000000000
120 -238.0000000000
123 -237.0000000000
126 -236.0000000000
132 -235.0000000000
133 -234.0000000000
134 -233.0000000000
135 -232.0000000000
138 -231.0000000000
139 -230.0000000000
142 -229.0000000000
145 -228.0000000000
148 -227.0000000000
155 -226.0000000000
157 -225.0000000000
160 -224.0000000000
162 -223.0000000000
163 -222.0000000000
166 -221.0000000000
167 -220.0000000000
170 -219.0000000000
173 -218.0000000000
174 -217.0000000000
181 -216.0000000000
187 -215.0000000000
190 -214.0000000000
194 -213.0000000000
196 -212.0000000000
206 -211.0000000000
212 -210.0000000000
219 -209.0000000000
220 -208.0000000000
221 -207.0000000000
224 -206.0000000000
227 -205.0000000000
235 -204.0000000000
241 -203.0000000000
244 -202.0000000000
251 -201.0000000000
252 -200.0000000000
254 -199.0000000000
255 -198.0000000000
257 -197.0000000000
265 -196.0000000000
272 -195.0000000000
280 -194.0000000000
284 -193.0000000000
285 -192.0000000000
289 -191.0000000000
292 -190.0000000000
294 -189.0000000000
305 -188.0000000000
309 -187.0000000000
314 -186.0000000000
315 -185.0000000000
325 -184.0000000000
327 -183.0000000000
328 -182.0000000000
330 -181.0000000000
333 -180.0000000000
335 -179.0000000000
337 -178.0000000000
340 -177.0000000000
348 -176.0000000000
351 -175.0000000000
359 -174.0000000000
362 -173.0000000000
363 -172.0000000000
365 -171.0000000000
366 -170.0000000000
368 -169.0000000000
369 -168.0000000000
370 -167.0000000000
372 -166.0000000000
383 -165.0000000000
384 -164.0000000000
385 -163.0000000000
387 -162.0000000000
393 -161.0000000000
395 -160.0000000000
397 -159.0000000000
399 -158.0000000000
401 -157.0000000000
403 -156.0000000000
410 -155.0000000000
412 -154.0000000000
416 -153.0000000000
417 -152.0000000000
426 -151.0000000000
428 -150.0000000000
429 -149.0000000000
431 -148.0000000000
438 -147.0000000000
439 -146.0000000000
443 -145.0000000000
446 -144.0000000000
451 -143.0000000000
453 -142.0000000000
454 -141.0000000000
460 -140.0000000000
463 -139.0000000000
465 -138.0000000000
467 -137.0000000000
470 -136.0000000000
472 -135.0000000000
475 -134.0000000000
483 -133.0000000000
488 -132.0000000000
494 -131.0000000000
497 -130.0000000000
501 -129.0000000000
507 -128.0000000000
509 -127.0000000000
510 -126.0000000000
511 -125.0000000000
523 -124.0000000000
530 -123.0000000000
531 -122.0000000000
532 -121.0000000000
533 -120.0000000000
545 -119.0000000000
552 -118.0000000000
554 -117.0000000000
555 -116.0000000000
558 -115.0000000000
559 -114.0000000000
565 -113.0000000000
572 -112.0000000000
573 -111.0000000000
577 -110.0000000000
580 -109.0000000000
582 -108.0000000000
585 -107.0000000000
587 -106.0000000000
591 -105.0000000000
595 -104.0000000000
597 -103.0000000000
598 -102.0000000000
601 -101.0000000000
611 -100.0000000000
613 -99.0000000000
616 -98.0000000000
619 -97.0000000000
620 -96.0000000000
630 -95.0000000000
638 -94.0000000000
642 -93.0000000000
649 -92.0000000000
650 -91.0000000000
654 -90.0000000000
664 -89.0000000000
666 -88.0000000000
674 -87.0000000000
676 -86.0000000000
683 -85.0000000000
684 -84.0000000000
685 -83.0000000000
698 -82.0000000000
699 -81.0000000000
701 -80.0000000000
705 -79.0000000000
721 -78.0000000000
725 -77.0000000000
729 -76.0000000000
734 -75.0000000000
736 -74.0000000000
741 -73.0000000000
746 -72.0000000000
748 -71.0000000000
752 -70.0000000000
769 -69.0000000000
781 -68.0000000000
786 -67.0000000000
790 -66.0000000000
808 -65.0000000000
811 -64.0000000000
816 -63.0000000000
825 -62.0000000000
836 -61.0000000000
857 -60.0000000000
864 -59.0000000000
865 -58.0000000000
893 -57.0000000000
907 -56.0000000000
927 -55.0000000000
930 -54.0000000000
934 -53.0000000000
941 -52.0000000000
950 -51.0000000000
954 -50.0000000000
956 -49.0000000000
960 -48.0000000000
969 -47.0000000000
972 -46.0000000000
973 -45.0000000000
1037 -44.0000000000
1042 -43.0000000000
1051 -42.0000000000
1054 -41.0000000000
1055 -40.0000000000
1077 -39.0000000000
1079 -38.0000000000
1108 -37.0000000000
1122 -36.0000000000
1138 -35.0000000000
1150 -34.0000000000
1162 -33.0000000000
1195 -32.0000000000
1204 -31.0000000000
1207 -30.0000000000
1248 -29.0000000000
1254 -28.0000000000
1296 -27.0000000000
1309 -26.0000000000
1317 -25.0000000000
1327 -24.0000000000
1329 -23.0000000000
1342 -22.0000000000
1363 -21.0000000000
1369 -20.0000000000
1387 -19.0000000000
1409 -18.0000000000
1413 -17.0000000000
1497 -16.0000000000
1510 -15.0000000000
1532 -14.0000000000
1540 -13.0000000000
1573 -12.0000000000
1599 -11.0000000000
1667 -10.0000000000
1672 -9.0000000000
1768 -8.0000000000
1786 -7.0000000000
1787 -6.0000000000
1815 -5.0000000000
1833 -4.0000000000
1858 -3.0000000000
1861 -2.0000000000
1869 -1.0000000000
2007 506.0000000000
100000 -1.0000000000
evaluations raw_y
1 -272.0000000000
9 -271.0000000000
10 -270.0000000000
11 -269.0000000000
13 -268.0000000000
15 -267.0000000000
16 -266.0000000000
21 -265.0000000000
22 -264.0000000000
23 -263.0000000000
24 -262.0000000000
25 -261.0000000000
26 -260.0000000000
30 -259.0000000000
31 -258.0000000000
32 -257.0000000000
38 -256.0000000000
41 -255.0000000000
42 -254.0000000000
44 -253.0000000000
45 -252.0000000000
47 -251.0000000000
51 -250.0000000000
52 -249.0000000000
55 -248.0000000000
56 -247.0000000000
59 -246.0000000000
62 -245.0000000000
63 -244.0000000000
66 -243.0000000000
67 -242.0000000000
68 -241.0000000000
71 -240.0000000000
75 -239.0000000000
76 -238.0000000000
77 -237.0000000000
78 -236.0000000000
79 -235.0000000000
82 -234.0000000000
83 -233.0000000000
86 -232.0000000000
90 -231.0000000000
93 -230.0000000000
94 -229.0000000000
95 -228.0000000000
98 -227.0000000000
100 -226.0000000000
101 -225.0000000000
103 -224.0000000000
106 -223.0000000000
108 -222.0000000000
109 -221.0000000000
110 -220.0000000000
113 -219.0000000000
119 -218.0000000000
121 -217.0000000000
126 -216.0000000000
127 -215.0000000000
128 -214.0000000000
129 -213.0000000000
136 -212.0000000000
138 -211.0000000000
141 -210.0000000000
142 -209.0000000000
152 -208.0000000000
163 -207.0000000000
164 -206.0000000000
165 -205.0000000000
167 -204.0000000000
173 -203.0000000000
174 -202.0000000000
178 -201.0000000000
180 -200.0000000000
182 -199.0000000000
183 -198.0000000000
184 -197.0000000000
185 -196.0000000000
186 -195.0000000000
192 -194.0000000000
194 -193.0000000000
203 -192.0000000000
206 -191.0000000000
209 -190.0000000000
210 -189.0000000000
211 -188.0000000000
213 -187.0000000000
215 -186.0000000000
217 -185.0000000000
220 -184.0000000000
231 -183.0000000000
234 -182.0000000000
238 -181.0000000000
240 -180.0000000000
241 -179.0000000000
243 -178.0000000000
247 -177.0000000000
249 -176.0000000000
252 -175.0000000000
256 -174.0000000000
259 -173.0000000000
263 -172.0000000000
264 -171.0000000000
269 -170.0000000000
271 -169.0000000000
272 -168.0000000000
276 -167.0000000000
280 -166.0000000000
281 -165.0000000000
287 -164.0000000000
289 -163.0000000000
290 -162.0000000000
292 -161.0000000000
296 -160.0000000000
297 -159.0000000000
298 -158.0000000000
301 -157.0000000000
302 -156.0000000000
303 -155.0000000000
307 -154.0000000000
309 -153.0000000000
313 -152.0000000000
315 -151.0000000000
321 -150.0000000000
325 -149.0000000000
328 -148.0000000000
330 -147.0000000000
335 -146.0000000000
336 -145.0000000000
337 -144.0000000000
341 -143.0000000000
342 -142.0000000000
343 -141.0000000000
346 -140.0000000000
348 -139.0000000000
355 -138.0000000000
356 -137.0000000000
360 -136.0000000000
361 -135.0000000000
362 -134.0000000000
363 -133.0000000000
368 -132.0000000000
371 -131.0000000000
373 -130.0000000000
375 -129.0000000000
376 -128.0000000000
377 -127.0000000000
380 -126.0000000000
384 -125.0000000000
387 -124.0000000000
392 -123.0000000000
411 -122.0000000000
418 -121.0000000000
420 -120.0000000000
426 -119.0000000000
431 -118.0000000000
436 -117.0000000000
439 -116.0000000000
455 -115.0000000000
456 -114.0000000000
459 -113.0000000000
460 -112.0000000000
461 -111.0000000000
468 -110.0000000000
473 -109.0000000000
483 -108.0000000000
489 -107.0000000000
491 -106.0000000000
497 -105.0000000000
500 -104.0000000000
503 -103.0000000000
508 -102.0000000000
528 -101.0000000000
530 -100.0000000000
531 -99.0000000000
554 -98.0000000000
555 -97.0000000000
557 -96.0000000000
561 -95.0000000000
562 -94.0000000000
567 -93.0000000000
569 -92.0000000000
572 -91.0000000000
573 -90.0000000000
575 -89.0000000000
580 -88.0000000000
583 -87.0000000000
586 -86.0000000000
587 -85.0000000000
589 -84.0000000000
606 -83.0000000000
616 -82.0000000000
617 -81.0000000000
625 -80.0000000000
643 -79.0000000000
654 -78.0000000000
655 -77.0000000000
660 -76.0000000000
661 -75.0000000000
664 -74.0000000000
678 -73.0000000000
685 -72.0000000000
689 -71.0000000000
702 -70.0000000000
704 -69.0000000000
705 -68.0000000000
706 -67.0000000000
740 -66.0000000000
744 -65.0000000000
746 -64.0000000000
756 -63.0000000000
759 -62.0000000000
764 -61.0000000000
769 -60.0000000000
775 -59.0000000000
780 -58.0000000000
784 -57.0000000000
791 -56.0000000000
839 -55.0000000000
843 -54.0000000000
849 -53.0000000000
867 -52.0000000000
870 -51.0000000000
873 -50.0000000000
874 -49.0000000000
877 -48.0000000000
887 -47.0000000000
907 -46.0000000000
909 -45.0000000000
961 -44.0000000000
966 -43.0000000000
969 -42.0000000000
984 -41.0000000000
987 -40.0000000000
1016 -39.0000000000
1028 -38.0000000000
1034 -37.0000000000
1044 -36.0000000000
1065 -35.0000000000
1075 -34.0000000000
1106 -33.0000000000
1107 -32.0000000000
1131 -31.0000000000
1132 -30.0000000000
1134 -29.0000000000
1142 -28.0000000000
1144 -27.0000000000
1160 -26.0000000000
1180 -25.0000000000
1192 -24.0000000000
1210 -23.0000000000
1218 -22.0000000000
1246 -21.0000000000
1261 -20.0000000000
1302 -19.0000000000
1318 -18.0000000000
1348 -17.0000000000
1374 -16.0000000000
1400 -15.0000000000
1402 -14.0000000000
1412 -13.0000000000
1417 -12.0000000000
1447 -11.0000000000
1520 -10.0000000000
1551 -9.0000000000
1595 -8.0000000000
1596 -7.0000000000
1624 -6.0000000000
1648 -5.0000000000
1665 -4.0000000000
1674 -3.0000000000
1684 -2.0000000000
1698 -1.0000000000
1744 469.0000000000
100000 -1.0000000000
evaluations raw_y
1 -304.0000000000
5 -303.0000000000
6 -302.0000000000
7 -301.0000000000
8 -300.0000000000
9 -299.0000000000
10 -298.0000000000
12 -297.0000000000
13 -296.0000000000
14 -295.0000000000
15 -294.0000000000
17 -293.0000000000
18 -292.0000000000
19 -291.0000000000
20 -290.0000000000
25 -289.0000000000
26 -288.0000000000
27 -287.0000000000
28 -286.0000000000
29 -285.0000000000
34 -284.0000000000
36 -283.0000000000
37 -282.0000000000
38 -281.0000000000
40 -280.0000000000
42 -279.0000000000
43 -278.0000000000
44 -277.0000000000
45 -276.0000000000
48 -275.0000000000
54 -274.0000000000
55 -273.0000000000
58 -272.0000000000
59 -271.0000000000
60 -270.0000000000
61 -269.0000000000
63 -268.0000000000
66 -267.0000000000
67 -266.0000000000
69 -265.0000000000
73 -264.0000000000
74 -263.0000000000
76 -262.0000000000
78 -261.0000000000
80 -260.0000000000
82 -259.0000000000
83 -258.0000000000
84 -257.0000000000
85 -256.0000000000
89 -255.0000000000
90 -254.0000000000
93 -253.0000000000
94 -252.0000000000
96 -251.0000000000
98 -250.0000000000
101 -249.0000000000
107 -248.0000000000
108 -247.0000000000
111 -246.0000000000
114 -245.0000000000
116 -244.0000000000
117 -243.0000000000
119 -242.0000000000
121 -241.0000000000
122 -240.0000000000
124 -239.0000000000
126 -238.0000000000
131 -237.0000000000
132 -236.0000000000
133 -235.0000000000
134 -234.0000000000
135 -233.0000000000
137 -232.0000000000
138 -231.0000000000
139 -230.0000000000
142 -229.0000000000
148 -228.0000000000
150 -227.0000000000
151 -226.0000000000
152 -225.0000000000
160 -224.0000000000
163 -223.0000000000
166 -222.0000000000
169 -221.0000000000
170 -220.0000000000
175 -219.0000000000
176 -218.0000000000
183 -217.0000000000
185 -216.0000000000
186 -215.0000000000
188 -214.0000000000
189 -213.0000000000
192 -212.0000000000
193 -211.0000000000
195 -210.0000000000
197 -209.0000000000
198 -208.0000000000
200 -207.0000000000
201 -206.0000000000
203 -205.0000000000
205 -204.0000000000
210 -203.0000000000
211 -202.0000000000
212 -201.0000000000
213 -200.0000000000
214 -199.0000000000
218 -198.0000000000
223 -197.0000000000
225 -196.0000000000
228 -195.0000000000
229 -194.0000000000
230 -193.0000000000
233 -192.0000000000
234 -191.0000000000
235 -190.0000000000
238 -189.0000000000
240 -188.0000000000
250 -187.0000000000
251 -186.0000000000
252 -185.0000000000
255 -184.0000000000
258 -183.0000000000
259 -182.0000000000
260 -181.0000000000
262 -180.0000000000
265 -179.0000000000
266 -178.0000000000
268 -177.0000000000
273 -176.0000000000
274 -175.0000000000
280 -174.0000000000
281 -173.0000000000
286 -172.0000000000
296 -171.0000000000
297 -170.0000000000
298 -169.0000000000
303 -168.0000000000
305 -167.0000000000
306 -166.0000000000
308 -165.0000000000
309 -164.0000000000
314 -163.0000000000
315 -162.0000000000
318 -161.0000000000
319 -160.0000000000
323 -159.0000000000
327 -158.0000000000
332 -157.0000000000
335 -156.0000000000
337 -155.0000000000
341 -154.0000000000
352 -153.0000000000
353 -152.0000000000
357 -151.0000000000
358 -150.0000000000
364 -149.0000000000
366 -148.0000000000
368 -147.0000000000
370 -146.0000000000
373 -145.0000000000
374 -144.0000000000
375 -143.0000000000
377 -142.0000000000
385 -141.0000000000
391 -140.0000000000
392 -139.0000000000
396 -138.0000000000
399 -137.0000000000
403 -136.0000000000
406 -135.0000000000
407 -134.0000000000
408 -133.0000000000
409 -132.0000000000
410 -131.0000000000
414 -130.0000000000
420 -129.0000000000
430 -128.0000000000
434 -127.0000000000
437 -126.0000000000
452 -125.0000000000
460 -124.0000000000
463 -123.0000000000
465 -122.0000000000
477 -121.0000000000
485 -120.0000000000
486 -119.0000000000
487 -118.0000000000
497 -117.0000000000
499 -116.0000000000
500 -115.0000000000
505 -114.0000000000
514 -113.0000000000
516 -112.0000000000
520 -111.0000000000
521 -110.0000000000
526 -109.0000000000
542 -108.0000000000
552 -107.0000000000
560 -106.0000000000
562 -105.0000000000
563 -104.0000000000
567 -103.0000000000
569 -102.0000000000
571 -101.0000000000
577 -100.0000000000
579 -99.0000000000
594 -98.0000000000
600 -97.0000000000
603 -96.0000000000
606 -95.0000000000
609 -94.0000000000
611 -93.0000000000
612 -92.0000000000
613 -91.0000000000
625 -90.0000000000
626 -89.0000000000
632 -88.0000000000
637 -87.0000000000
638 -86.0000000000
658 -85.0000000000
666 -84.0000000000
670 -83.0000000000
674 -82.0000000000
677 -81.0000000000
680 -80.0000000000
681 -79.0000000000
682 -78.0000000000
689 -77.0000000000
690 -76.0000000000
695 -75.0000000000
702 -74.0000000000
704 -73.0000000000
705 -72.0000000000
708 -71.0000000000
713 -70.0000000000
714 -69.0000000000
729 -68.0000000000
732 -67.0000000000
742 -66.0000000000
743 -65.0000000000
748 -64.0000000000
752 -63.0000000000
754 -62.0000000000
757 -61.0000000000
768 -60.0000000000
777 -59.0000000000
782 -58.0000000000
784 -57.0000000000
793 -56.0000000000
798 -55.0000000000
799 -54.0000000000
804 -53.0000000000
813 -52.0000000000
827 -51.0000000000
843 -50.0000000000
854 -49.0000000000
862 -48.0000000000
870 -47.0000000000
890 -46.0000000000
895 -45.0000000000
899 -44.0000000000
903 -43.0000000000
916 -42.0000000000
930 -41.0000000000
932 -40.0000000000
951 -39.0000000000
957 -38.0000000000
961 -37.0000000000
963 -36.0000000000
969 -35.0000000000
971 -34.0000000000
991 -33.0000000000
1012 -32.0000000000
1015 -31.0000000000
1022 -30.0000000000
1024 -29.0000000000
1026 -28.0000000000
1063 -27.0000000000
1072 -26.0000000000
1073 -25.0000000000
1083 -24.0000000000
1091 -23.0000000000
1107 -22.0000000000
1117 -21.0000000000
1119 -20.0000000000
1122 -19.0000000000
1136 -18.0000000000
1139 -17.0000000000
1143 -16.0000000000
1146 -15.0000000000
1194 -14.0000000000
1206 -13.0000000000
1243 -12.0000000000
1252 -11.0000000000
1259 -10.0000000000
1298 -9.0000000000
1306 -8.0000000000
1346 -7.0000000000
1351 -6.0000000000
1370 -5.0000000000
1373 -4.0000000000
1429 -3.0000000000
1478 -2.0000000000
1504 -1.0000000000
1534 471.0000000000
100000 -1.0000000000
evaluations raw_y
1 -269.0000000000
2 -268.0000000000
4 -267.0000000000
9 -266.0000000000
13 -265.0000000000
14 -264.0000000000
15 -263.0000000000
16 -262.0000000000
23 -261.0000000000
24 -260.0000000000
27 -259.0000000000
28 -258.0000000000
33 -257.0000000000
34 -256.0000000000
35 -255.0000000000
37 -254.0000000000
39 -253.0000000000
42 -252.0000000000
45 -251.0000000000
46 -250.0000000000
48 -249.0000000000
49 -248.0000000000
51 -247.0000000000
53 -246.0000000000
55 -245.0000000000
56 -244.0000000000
57 -243.0000000000
61 -242.0000000000
63 -241.0000000000
66 -240.0000000000
70 -239.0000000000
72 -238.0000000000
78 -237.0000000000
79 -236.0000000000
80 -235.0000000000
81 -234.0000000000
84 -233.0000000000
85 -232.0000000000
86 -231.0000000000
88 -230.0000000000
89 -229.0000000000
95 -228.0000000000
99 -227.0000000000
101 -226.0000000000
105 -225.0000000000
106 -224.0000000000
108 -223.0000000000
110 -222.0000000000
115 -221.0000000000
117 -220.0000000000
119 -219.0000000000
123 -218.0000000000
124 -217.0000000000
125 -216.0000000000
127 -215.0000000000
131 -214.0000000000
132 -213.0000000000
140 -212.0000000000
142 -211.0000000000
143 -210.0000000000
145 -209.0000000000
147 -208.0000000000
150 -207.0000000000
159 -206.0000000000
161 -205.0000000000
162 -204.0000000000
164 -203.0000000000
165 -202.0000000000
167 -201.0000000000
168 -200.0000000000
170 -199.0000000000
171 -198.0000000000
175 -197.0000000000
179 -196.0000000000
183 -195.0000000000
184 -194.0000000000
193 -193.0000000000
194 -192.0000000000
196 -191.0000000000
198 -190.0000000000
199 -189.0000000000
200 -188.0000000000
209 -187.0000000000
216 -186.0000000000
219 -185.0000000000
221 -184.0000000000
222 -183.0000000000
223 -182.0000000000
225 -181.0000000000
228 -180.0000000000
229 -179.0000000000
233 -178.0000000000
234 -177.0000000000
237 -176.0000000000
240 -175.0000000000
244 -174.0000000000
247 -173.0000000000
248 -172.0000000000
252 -171.0000000000
262 -170.0000000000
263 -169.0000000000
267 -168.0000000000
268 -167.0000000000
270 -166.0000000000
272 -165.0000000000
273 -164.0000000000
274 -163.0000000000
276 -162.0000000000
278 -161.0000000000
280 -160.0000000000
282 -159.0000000000
289 -158.0000000000
295 -157.0000000000
302 -156.0000000000
304 -155.0000000000
307 -154.0000000000
313 -153.0000000000
315 -152.0000000000
317 -151.0000000000
319 -150.0000000000
322 -149.0000000000
327 -148.0000000000
330 -147.0000000000
331 -146.0000000000
332 -145.0000000000
336 -144.0000000000
337 -143.0000000000
345 -142.0000000000
346 -141.0000000000
352 -140.0000000000
355 -139.0000000000
357 -138.0000000000
359 -137.0000000000
361 -136.0000000000
363 -135.0000000000
366 -134.0000000000
368 -133.0000000000
369 -132.0000000000
370 -131.0000000000
371 -130.0000000000
372 -129.0000000000
385 -128.0000000000
388 -127.0000000000
394 -126.0000000000
405 -125.0000000000
407 -124.0000000000
409 -123.0000000000
423 -122.0000000000
435 -121.0000000000
436 -120.0000000000
439 -119.0000000000
440 -118.0000000000
449 -117.0000000000
451 -116.0000000000
463 -115.0000000000
474 -114.0000000000
477 -113.0000000000
486 -112.0000000000
491 -111.0000000000
503 -110.0000000000
506 -109.0000000000
515 -108.0000000000
516 -107.0000000000
518 -106.0000000000
525 -105.0000000000
527 -104.0000000000
528 -103.0000000000
530 -102.0000000000
531 -101.0000000000
534 -100.0000000000
535 -99.0000000000
545 -98.0000000000
547 -97.0000000000
549 -96.0000000000
554 -95.0000000000
561 -94.0000000000
562 -93.0000000000
567 -92.0000000000
571 -91.0000000000
573 -90.0000000000
575 -89.0000000000
576 -88.0000000000
586 -87.0000000000
596 -86.0000000000
628 -85.0000000000
632 -84.0000000000
636 -83.0000000000
641 -82.0000000000
644 -81.0000000000
648 -80.0000000000
653 -79.0000000000
656 -78.0000000000
662 -77.0000000000
665 -76.0000000000
668 -75.0000000000
680 -74.0000000000
681 -73.0000000000
682 -72.0000000000
688 -71.0000000000
693 -70.0000000000
715 -69.0000000000
721 -68.0000000000
726 -67.0000000000
737 -66.0000000000
738 -65.0000000000
741 -64.0000000000
748 -63.0000000000
753 -62.0000000000
754 -61.0000000000
766 -60.0000000000
775 -59.0000000000
781 -58.0000000000
784 -57.0000000000
792 -56.0000000000
793 -55.0000000000
806 -54.0000000000
822 -53.0000000000
841 -52.0000000000
844 -51.0000000000
859 -50.0000000000
870 -49.0000000000
883 -48.0000000000
884 -47.0000000000
892 -46.0000000000
902 -45.0000000000
905 -44.0000000000
924 -43.0000000000
935 -42.0000000000
938 -41.0000000000
942 -40.0000000000
957 -39.0000000000
974 -38.0000000000
991 -37.0000000000
1002 -36.0000000000
1011 -35.0000000000
1015 -34.0000000000
1018 -33.0000000000
1025 -32.0000000000
1070 -31.0000000000
1077 -30.0000000000
1097 -29.0000000000
1133 -28.0000000000
1138 -27.0000000000
1165 -26.0000000000
1194 -25.0000000000
1202 -24.0000000000
1204 -23.0000000000
1211 -22.0000000000
1230 -21.0000000000
1240 -20.0000000000
1269 -19.0000000000
1275 -18.0000000000
1317 -17.0000000000
1321 -16.0000000000
1366 -15.0000000000
1373 -14.0000000000
1378 -13.0000000000
1382 -12.0000000000
1384 -11.0000000000
1393 -10.0000000000
1422 -9.0000000000
1443 -8.0000000000
1452 -7.0000000000
1472 -6.0000000000
1503 -5.0000000000
1519 -4.0000000000
1536 -3.0000000000
1544 -2.0000000000
1603 -1.0000000000
1623 480.0000000000
100000 -1.0000000000
evaluations raw_y
1 -296.0000000000
2 -295.0000000000
4 -294.0000000000
10 -293.0000000000
12 -292.0000000000
15 -291.0000000000
17 -290.0000000000
21 -289.0000000000
23 -288.0000000000
27 -287.0000000000
28 -286.0000000000
29 -285.0000000000
33 -284.0000000000
34 -283.0000000000
36 -282.0000000000
37 -281.0000000000
38 -280.0000000000
39 -279.0000000000
40 -278.0000000000
41 -277.0000000000
42 -276.0000000000
44 -275.0000000000
45 -274.0000000000
46 -273.0000000000
48 -272.0000000000
49 -271.0000000000
51 -270.0000000000
54 -269.0000000000
56 -268.0000000000
57 -267.0000000000
59 -266.0000000000
62 -265.0000000000
64 -264.0000000000
65 -263.0000000000
66 -262.0000000000
68 -261.0000000000
70 -260.0000000000
71 -259.0000000000
73 -258.0000000000
76 -257.0000000000
79 -256.0000000000
80 -255.0000000000
84 -254.0000000000
87 -253.0000000000
91 -252.0000000000
92 -251.0000000000
93 -250.0000000000
94 -249.0000000000
95 -248.0000000000
98 -247.0000000000
100 -246.0000000000
105 -245.0000000000
110 -244.0000000000
111 -243.0000000000
118 -242.0000000000
125 -241.0000000000
127 -240.0000000000
128 -239.0000000000
133 -238.0000000000
136 -237.0000000000
139 -236.0000000000
142 -235.0000000000
144 -234.0000000000
145 -233.0000000000
147 -232.0000000000
149 -231.0000000000
150 -230.0000000000
157 -229.0000000000
158 -228.0000000000
159 -227.0000000000
160 -226.0000000000
161 -225.0000000000
163 -224.0000000000
166 -223.0000000000
170 -222.0000000000
171 -221.0000000000
173 -220.0000000000
174 -219.0000000000
175 -218.0000000000
179 -217.0000000000
183 -216.0000000000
184 -215.0000000000
189 -214.0000000000
191 -213.0000000000
193 -212.0000000000
196 -211.0000000000
199 -210.0000000000
202 -209.0000000000
203 -208.0000000000
204 -207.0000000000
205 -206.0000000000
211 -205.0000000000
215 -204.0000000000
217 -203.0000000000
218 -202.0000000000
219 -201.0000000000
220 -200.0000000000
222 -199.0000000000
224 -198.0000000000
233 -197.0000000000
238 -196.0000000000
241 -195.0000000000
246 -194.0000000000
248 -193.0000000000
252 -192.0000000000
254 -191.0000000000
255 -190.0000000000
257 -189.0000000000
258 -188.0000000000
259 -187.0000000000
261 -186.0000000000
262 -185.0000000000
264 -184.0000000000
265 -183.0000000000
266 -182.0000000000
270 -181.0000000000
276 -180.0000000000
278 -179.0000000000
282 -178.0000000000
289 -177.0000000000
295 -176.0000000000
296 -175.0000000000
300 -174.0000000000
306 -173.0000000000
308 -172.0000000000
311 -171.0000000000
313 -170.0000000000
314 -169.0000000000
318 -168.0000000000
321 -167.0000000000
323 -166.0000000000
330 -165.0000000000
333 -164.0000000000
335 -163.0000000000
337 -162.0000000000
339 -161.0000000000
350 -160.0000000000
351 -159.0000000000
358 -158.0000000000
359 -157.0000000000
361 -156.0000000000
362 -155.0000000000
371 -154.0000000000
373 -153.0000000000
381 -152.0000000000
384 -151.0000000000
386 -150.0000000000
389 -149.0000000000
399 -148.0000000000
403 -147.0000000000
407 -146.0000000000
411 -145.0000000000
414 -144.0000000000
421 -143.0000000000
423 -142.0000000000
425 -141.0000000000
429 -140.0000000000
431 -139.0000000000
434 -138.0000000000
440 -137.0000000000
443 -136.0000000000
449 -135.0000000000
451 -134.0000000000
452 -133.0000000000
454 -132.0000000000
459 -131.0000000000
470 -130.0000000000
471 -129.0000000000
474 -128.0000000000
484 -127.0000000000
488 -126.0000000000
492 -125.0000000000
493 -124.0000000000
499 -123.0000000000
501 -122.0000000000
511 -121.0000000000
515 -120.0000000000
519 -119.0000000000
520 -118.0000000000
524 -117.0000000000
527 -116.0000000000
531 -115.0000000000
547 -114.0000000000
550 -113.0000000000
552 -112.0000000000
553 -111.0000000000
554 -110.0000000000
556 -109.0000000000
557 -108.0000000000
560 -107.0000000000
561 -106.0000000000
569 -105.0000000000
577 -104.0000000000
583 -103.0000000000
592 -102.0000000000
594 -101.0000000000
595 -100.0000000000
602 -99.0000000000
610 -98.0000000000
611 -97.0000000000
614 -96.0000000000
616 -95.0000000000
627 -94.0000000000
638 -93.0000000000
639 -92.0000000000
656 -91.0000000000
661 -90.0000000000
663 -89.0000000000
695 -88.0000000000
701 -87.0000000000
702 -86.0000000000
708 -85.0000000000
714 -84.0000000000
717 -83.0000000000
725 -82.0000000000
735 -81.0000000000
740 -80.0000000000
748 -79.0000000000
762 -78.0000000000
764 -77.0000000000
775 -76.0000000000
776 -75.0000000000
783 -74.0000000000
785 -73.0000000000
787 -72.0000000000
788 -71.0000000000
789 -70.0000000000
791 -69.0000000000
794 -68.0000000000
799 -67.0000000000
804 -66.0000000000
809 -65.0000000000
816 -64.0000000000
818 -63.0000000000
825 -62.0000000000
827 -61.0000000000
832 -60.0000000000
842 -59.0000000000
848 -58.0000000000
859 -57.0000000000
867 -56.0000000000
878 -55.0000000000
882 -54.0000000000
885 -53.0000000000
896 -52.0000000000
929 -51.0000000000
933 -50.0000000000
948 -49.0000000000
975 -48.0000000000
982 -47.0000000000
1009 -46.0000000000
1010 -45.0000000000
1018 -44.0000000000
1041 -43.0000000000
1051 -42.0000000000
1107 -41.0000000000
1125 -40.0000000000
1134 -39.0000000000
1168 -38.0000000000
1194 -37.0000000000
1196 -36.0000000000
1198 -35.0000000000
1211 -34.0000000000
1228 -33.0000000000
1299 -32.0000000000
1306 -31.0000000000
1308 -30.0000000000
1317 -29.0000000000
1329 -28.0000000000
1354 -27.0000000000
1361 -26.0000000000
1376 -25.0000000000
1378 -24.0000000000
1397 -23.0000000000
1421 -22.0000000000
1441 -21.0000000000
1450 -20.0000000000
1510 -19.0000000000
1544 -18.0000000000
1571 -17.0000000000
1617 -16.0000000000
1661 -15.0000000000
1667 -14.0000000000
1699 -13.0000000000
1769 -12.0000000000
1772 -11.0000000000
1786 -10.0000000000
1836 -9.0000000000
1847 -8.0000000000
1861 -7.0000000000
1922 -6.0000000000
1976 -5.0000000000
1995 -4.0000000000
2023 -3.0000000000
2032 -2.0000000000
2044 -1.0000000000
2054 500.0000000000
100000 -1.0000000000
evaluations raw_y
1 -275.0000000000
3 -274.0000000000
6 -273.0000000000
11 -272.0000000000
16 -271.0000000000
17 -270.0000000000
18 -269.0000000000
21 -268.0000000000
23 -267.0000000000
26 -266.0000000000
27 -265.0000000000
28 -264.0000000000
29 -263.0000000000
32 -262.0000000000
35 -261.0000000000
36 -260.0000000000
40 -259.0000000000
41 -258.0000000000
42 -257.0000000000
43 -256.0000000000
47 -255.0000000000
48 -254.0000000000
50 -253.0000000000
56 -252.0000000000
57 -251.0000000000
62 -250.0000000000
63 -249.0000000000
67 -248.0000000000
69 -247.0000000000
71 -246.0000000000
73 -245.0000000000
75 -244.0000000000
77 -243.0000000000
79 -242.0000000000
81 -241.0000000000
83 -240.0000000000
92 -239.0000000000
94 -238.0000000000
97 -237.0000000000
103 -236.0000000000
106 -235.0000000000
107 -234.0000000000
110 -233.0000000000
111 -232.0000000000
112 -231.0000000000
113 -230.0000000000
114 -229.0000000000
116 -228.0000000000
119 -227.0000000000
122 -226.0000000000
123 -225.0000000000
124 -224.0000000000
125 -223.0000000000
126 -222.0000000000
128 -221.0000000000
130 -220.0000000000
131 -219.0000000000
133 -218.0000000000
136 -217.0000000000
138 -216.0000000000
139 -215.0000000000
143 -214.0000000000
145 -213.0000000000
146 -212.0000000000
148 -211.0000000000
155 -210.0000000000
156 -209.0000000000
157 -208.0000000000
161 -207.0000000000
162 -206.0000000000
164 -205.0000000000
166 -204.0000000000
171 -203.0000000000
174 -202.0000000000
178 -201.0000000000
179 -200.0000000000
180 -199.0000000000
187 -198.0000000000
191 -197.0000000000
192 -196.0000000000
196 -195.0000000000
202 -194.0000000000
204 -193.0000000000
205 -192.0000000000
210 -191.0000000000
211 -190.0000000000
219 -189.0000000000
220 -188.0000000000
225 -187.0000000000
227 -186.0000000000
229 -185.0000000000
231 -184.0000000000
234 -183.0000000000
235 -182.0000000000
240 -181.0000000000
244 -180.0000000000
248 -179.0000000000
254 -178.0000000000
256 -177.0000000000
259 -176.0000000000
262 -175.0000000000
265 -174.0000000000
266 -173.0000000000
272 -172.0000000000
273 -171.0000000000
274 -170.0000000000
278 -169.0000000000
286 -168.0000000000
290 -167.0000000000
294 -166.0000000000
295 -165.0000000000
302 -164.0000000000
305 -163.0000000000
306 -162.0000000000
310 -161.0000000000
314 -160.0000000000
318 -159.0000000000
322 -158.0000000000
331 -157.0000000000
332 -156.0000000000
333 -155.0000000000
334 -154.0000000000
335 -153.0000000000
346 -152.0000000000
347 -151.0000000000
352 -150.0000000000
357 -149.0000000000
360 -148.0000000000
364 -147.0000000000
366 -146.0000000000
371 -145.0000000000
385 -144.0000000000
386 -143.0000000000
387 -142.0000000000
388 -141.0000000000
396 -140.0000000000
402 -139.0000000000
408 -138.0000000000
411 -137.0000000000
425 -136.0000000000
428 -135.0000000000
430 -134.0000000000
433 -133.0000000000
434 -132.0000000000
441 -131.0000000000
449 -130.0000000000
451 -129.0000000000
452 -128.0000000000
454 -127.0000000000
456 -126.0000000000
465 -125.0000000000
466 -124.0000000000
468 -123.0000000000
471 -122.0000000000
475 -121.0000000000
477 -120.0000000000
480 -119.0000000000
488 -118.0000000000
496 -117.0000000000
517 -116.0000000000
522 -115.0000000000
526 -114.0000000000
527 -113.0000000000
529 -112.0000000000
533 -111.0000000000
535 -110.0000000000
540 -109.0000000000
545 -108.0000000000
547 -107.0000000000
551 -106.0000000000
561 -105.0000000000
566 -104.0000000000
568 -103.0000000000
569 -102.0000000000
590 -101.0000000000
592 -100.0000000000
597 -99.0000000000
605 -98.0000000000
606 -97.0000000000
612 -96.0000000000
620 -95.0000000000
624 -94.0000000000
625 -93.0000000000
628 -92.0000000000
629 -91.0000000000
643 -90.0000000000
653 -89.0000000000
659 -88.0000000000
675 -87.0000000000
678 -86.0000000000
681 -85.0000000000
683 -84.0000000000
686 -83.0000000000
687 -82.0000000000
705 -81.0000000000
712 -80.0000000000
724 -79.0000000000
730 -78.0000000000
742 -77.0000000000
743 -76.0000000000
745 -75.0000000000
746 -74.0000000000
747 -73.0000000000
750 -72.0000000000
781 -71.0000000000
791 -70.0000000000
801 -69.0000000000
813 -68.0000000000
822 -67.0000000000
823 -66.0000000000
824 -65.0000000000
832 -64.0000000000
836 -63.0000000000
841 -62.0000000000
847 -61.0000000000
855 -60.0000000000
856 -59.0000000000
868 -58.0000000000
872 -57.0000000000
884 -56.0000000000
904 -55.0000000000
923 -54.0000000000
945 -53.0000000000
947 -52.0000000000
949 -51.0000000000
955 -50.0000000000
967 -49.0000000000
1003 -48.0000000000
1012 -47.0000000000
1045 -46.0000000000
1046 -45.0000000000
1066 -44.0000000000
1070 -43.0000000000
1080 -42.0000000000
1085 -41.0000000000
1086 -40.0000000000
1089 -39.0000000000
1100 -38.0000000000
1110 -37.0000000000
1113 -36.0000000000
1114 -35.0000000000
1124 -34.0000000000
1126 -33.0000000000
1146 -32.0000000000
1172 -31.0000000000
1186 -30.0000000000
1241 -29.0000000000
1266 -28.0000000000
1284 -27.0000000000
1296 -26.0000000000
1316 -25.0000000000
1329 -24.0000000000
1346 -23.0000000000
1367 -22.0000000000
1372 -21.0000000000
1374 -20.0000000000
1443 -19.0000000000
1445 -18.0000000000
1472 -17.0000000000
1494 -16.0000000000
1509 -15.0000000000
1522 -14.0000000000
1547 -13.0000000000
1578 -12.0000000000
1602 -11.0000000000
1603 -10.0000000000
1605 -9.0000000000
1618 -8.0000000000
1665 -7.0000000000
1737 -6.0000000000
1776 -5.0000000000
1786 -4.0000000000
1831 -3.0000000000
1855 -2.0000000000
1918 -1.0000000000
1969 491.0000000000
100000 -1.0000000000
evaluations raw_y
1 -272.0000000000
2 -271.0000000000
5 -270.0000000000
7 -269.0000000000
9 -268.0000000000
10 -267.0000000000
15 -266.0000000000
16 -265.0000000000
17 -264.0000000000
19 -263.0000000000
20 -262.0000000000
21 -261.0000000000
23 -260.0000000000
25 -259.0000000000
26 -258.0000000000
32 -257.0000000000
34 -256.0000000000
37 -255.0000000000
44 -254.0000000000
45 -253.0000000000
48 -252.0000000000
53 -251.0000000000
57 -250.0000000000
66 -249.0000000000
67 -248.0000000000
72 -247.0000000000
73 -246.0000000000
76 -245.0000000000
77 -244.0000000000
78 -243.0000000000
80 -242.0000000000
83 -241.0000000000
84 -240.0000000000
85 -239.0000000000
86 -238.0000000000
90 -237.0000000000
91 -236.0000000000
92 -235.0000000000
97 -234.0000000000
100 -233.0000000000
101 -232.0000000000
103 -231.0000000000
104 -230.0000000000
105 -229.0000000000
108 -228.0000000000
111 -227.0000000000
113 -226.0000000000
115 -225.0000000000
116 -224.0000000000
117 -223.0000000000
118 -222.0000000000
120 -221.0000000000
121 -220.0000000000
122 -219.0000000000
123 -218.0000000000
124 -217.0000000000
125 -216.0000000000
128 -215.0000000000
130 -214.0000000000
135 -213.0000000000
136 -212.0000000000
137 -211.0000000000
140 -210.0000000000
141 -209.0000000000
142 -208.0000000000
146 -207.0000000000
147 -206.0000000000
154 -205.0000000000
157 -204.0000000000
161 -203.0000000000
162 -202.0000000000
169 -201.0000000000
171 -200.0000000000
174 -199.0000000000
176 -198.0000000000
179 -197.0000000000
183 -196.0000000000
187 -195.0000000000
189 -194.0000000000
193 -193.0000000000
200 -192.0000000000
201 -191.0000000000
202 -190.0000000000
203 -189.0000000000
204 -188.0000000000
205 -187.0000000000
209 -186.0000000000
211 -185.0000000000
217 -184.0000000000
220 -183.0000000000
221 -182.0000000000
223 -181.0000000000
226 -180.0000000000
228 -179.0000000000
229 -178.0000000000
230 -177.0000000000
237 -176.0000000000
240 -175.0000000000
243 -174.0000000000
248 -173.0000000000
251 -172.0000000000
260 -171.0000000000
262 -170.0000000000
264 -169.0000000000
265 -168.0000000000
267 -167.0000000000
268 -166.0000000000
269 -165.0000000000
270 -164.0000000000
271 -163.0000000000
272 -162.0000000000
274 -161.0000000000
276 -160.0000000000
281 -159.0000000000
285 -158.0000000000
291 -157.0000000000
296 -156.0000000000
300 -155.0000000000
302 -154.0000000000
306 -153.0000000000
310 -152.0000000000
313 -151.0000000000
316 -150.0000000000
318 -149.0000000000
319 -148.0000000000
320 -147.0000000000
322 -146.0000000000
325 -145.0000000000
340 -144.0000000000
346 -143.0000000000
347 -142.0000000000
348 -141.0000000000
354 -140.0000000000
356 -139.0000000000
361 -138.0000000000
362 -137.0000000000
366 -136.0000000000
368 -135.0000000000
384 -134.0000000000
385 -133.0000000000
386 -132.0000000000
389 -131.0000000000
398 -130.0000000000
399 -129.0000000000
401 -128.0000000000
403 -127.0000000000
404 -126.0000000000
408 -125.0000000000
413 -124.0000000000
414 -123.0000000000
416 -122.0000000000
417 -121.0000000000
423 -120.0000000000
427 -119.0000000000
432 -118.0000000000
435 -117.0000000000
438 -116.0000000000
448 -115.0000000000
451 -114.0000000000
459 -113.0000000000
460 -112.0000000000
468 -111.0000000000
469 -110.0000000000
471 -109.0000000000
472 -108.0000000000
473 -107.0000000000
474 -106.0000000000
481 -105.0000000000
485 -104.0000000000
488 -103.0000000000
490 -102.0000000000
492 -101.0000000000
493 -100.0000000000
497 -99.0000000000
502 -98.0000000000
514 -97.0000000000
518 -96.0000000000
521 -95.0000000000
522 -94.0000000000
538 -93.0000000000
545 -92.0000000000
553 -91.0000000000
558 -90.0000000000
563 -89.0000000000
570 -88.0000000000
577 -87.0000000000
578 -86.0000000000
588 -85.0000000000
597 -84.0000000000
599 -83.0000000000
601 -82.0000000000
604 -81.0000000000
621 -80.0000000000
622 -79.0000000000
629 -78.0000000000
649 -77.0000000000
660 -76.0000000000
678 -75.0000000000
681 -74.0000000000
683 -73.0000000000
685 -72.0000000000
696 -71.0000000000
697 -70.0000000000
713 -69.0000000000
719 -68.0000000000
743 -67.0000000000
747 -66.0000000000
768 -65.0000000000
771 -64.0000000000
789 -63.0000000000
790 -62.0000000000
791 -61.0000000000
798 -60.0000000000
802 -59.0000000000
842 -58.0000000000
845 -57.0000000000
846 -56.0000000000
855 -55.0000000000
856 -54.0000000000
861 -53.0000000000
866 -52.0000000000
882 -51.0000000000
890 -50.0000000000
929 -49.0000000000
944 -48.0000000000
947 -47.0000000000
974 -46.0000000000
977 -45.0000000000
984 -44.0000000000
1005 -43.0000000000
1007 -42.0000000000
1008 -41.0000000000
1017 -40.0000000000
1024 -39.0000000000
1040 -38.0000000000
1050 -37.0000000000
1055 -36.0000000000
1101 -35.0000000000
1126 -34.0000000000
1162 -33.0000000000
1193 -32.0000000000
1218 -31.0000000000
1233 -30.0000000000
1240 -29.0000000000
1249 -28.0000000000
1265 -27.0000000000
1313 -26.0000000000
1327 -25.0000000000
1333 -24.0000000000
1353 -23.0000000000
1368 -22.0000000000
1372 -21.0000000000
1376 -20.0000000000
1380 -19.0000000000
1404 -18.0000000000
1429 -17.0000000000
1459 -16.0000000000
1482 -15.0000000000
1494 -14.0000000000
1510 -13.0000000000
1589 -12.0000000000
1603 -11.0000000000
1634 -10.0000000000
1793 -9.0000000000
1814 -8.0000000000
1818 -7.0000000000
1865 -6.0000000000
1899 -5.0000000000
2073 -4.0000000000
2092 -3.0000000000
2095 -2.0000000000
2126 -1.0000000000
2130 493.0000000000
100000 -1.0000000000
evaluations raw_y
1 -311.0000000000
3 -310.0000000000
4 -309.0000000000
5 -308.0000000000
6 -307.0000000000
8 -306.0000000000
9 -305.0000000000
10 -304.0000000000
11 -303.0000000000
12 -302.0000000000
15 -301.0000000000
17 -300.0000000000
18 -299.0000000000
20 -298.0000000000
21 -297.0000000000
26 -296.0000000000
27 -295.0000000000
30 -294.0000000000
32 -293.0000000000
33 -292.0000000000
35 -291.0000000000
37 -290.0000000000
40 -289.0000000000
42 -288.0000000000
43 -287.0000000000
44 -286.0000000000
45 -285.0000000000
46 -284.0000000000
50 -283.0000000000
51 -282.0000000000
53 -281.0000000000
54 -280.0000000000
55 -279.0000000000
56 -278.0000000000
57 -277.0000000000
58 -276.0000000000
59 -275.0000000000
60 -274.0000000000
61 -273.0000000000
62 -272.0000000000
65 -271.0000000000
69 -270.0000000000
70 -269.0000000000
71 -268.0000000000
73 -267.0000000000
75 -266.0000000000
77 -265.0000000000
78 -264.0000000000
80 -263.0000000000
84 -262.0000000000
85 -261.0000000000
86 -260.0000000000
88 -259.0000000000
89 -258.0000000000
92 -257.0000000000
95 -256.0000000000
97 -255.0000000000
99 -254.0000000000
101 -253.0000000000
103 -252.0000000000
104 -251.0000000000
108 -250.0000000000
109 -249.0000000000
112 -248.0000000000
114 -247.0000000000
117 -246.0000000000
119 -245.0000000000
121 -244.0000000000
122 -243.0000000000
124 -242.0000000000
127 -241.0000000000
131 -240.0000000000
133 -239.0000000000
135 -238.0000000000
137 -237.0000000000
139 -236.0000000000
140 -235.0000000000
145 -234.0000000000
147 -233.0000000000
148 -232.0000000000
149 -231.0000000000
150 -230.0000000000
152 -229.0000000000
153 -228.0000000000
158 -227.0000000000
161 -226.0000000000
163 -225.0000000000
168 -224.0000000000
169 -223.0000000000
170 -222.0000000000
172 -221.0000000000
175 -220.0000000000
179 -219.0000000000
183 -218.0000000000
187 -217.0000000000
189 -216.0000000000
190 -215.0000000000
194 -214.0000000000
195 -213.0000000000
196 -212.0000000000
201 -211.0000000000
209 -210.0000000000
210 -209.0000000000
213 -208.0000000000
216 -207.0000000000
218 -206.0000000000
219 -205.0000000000
220 -204.0000000000
222 -203.0000000000
223 -202.0000000000
224 -201.0000000000
225 -200.0000000000
230 -199.0000000000
234 -198.0000000000
235 -197.0000000000
240 -196.0000000000
243 -195.0000000000
245 -194.0000000000
252 -193.0000000000
253 -192.0000000000
254 -191.0000000000
258 -190.0000000000
264 -189.0000000000
272 -188.0000000000
279 -187.0000000000
283 -186.0000000000
286 -185.0000000000
288 -184.0000000000
289 -183.0000000000
297 -182.0000000000
300 -181.0000000000
304 -180.0000000000
306 -179.0000000000
307 -178.0000000000
310 -177.0000000000
312 -176.0000000000
314 -175.0000000000
318 -174.0000000000
331 -173.0000000000
332 -172.0000000000
338 -171.0000000000
341 -170.0000000000
344 -169.0000000000
350 -168.0000000000
353 -167.0000000000
358 -166.0000000000
360 -165.0000000000
363 -164.0000000000
364 -163.0000000000
367 -162.0000000000
368 -161.0000000000
377 -160.0000000000
378 -159.0000000000
380 -158.0000000000
382 -157.0000000000
386 -156.0000000000
387 -155.0000000000
388 -154.0000000000
397 -153.0000000000
398 -152.0000000000
404 -151.0000000000
406 -150.0000000000
410 -149.0000000000
418 -148.0000000000
420 -147.0000000000
421 -146.0000000000
423 -145.0000000000
425 -144.0000000000
428 -143.0000000000
429 -142.0000000000
438 -141.0000000000
439 -140.0000000000
446 -139.0000000000
449 -138.0000000000
450 -137.0000000000
451 -136.0000000000
453 -135.0000000000
455 -134.0000000000
465 -133.0000000000
466 -132.0000000000
476 -131.0000000000
482 -130.0000000000
483 -129.0000000000
484 -128.0000000000
495 -127.0000000000
502 -126.0000000000
515 -125.0000000000
518 -124.0000000000
526 -123.0000000000
531 -122.0000000000
532 -121.0000000000
536 -120.0000000000
537 -119.0000000000
544 -118.0000000000
545 -117.0000000000
557 -116.0000000000
558 -115.0000000000
565 -114.0000000000
567 -113.0000000000
570 -112.0000000000
571 -111.0000000000
576 -110.0000000000
578 -109.0000000000
586 -108.0000000000
588 -107.0000000000
594 -106.0000000000
606 -105.0000000000
608 -104.0000000000
621 -103.0000000000
631 -102.0000000000
635 -101.0000000000
644 -100.0000000000
648 -99.0000000000
653 -98.0000000000
655 -97.0000000000
661 -96.0000000000
662 -95.0000000000
671 -94.0000000000
680 -93.0000000000
688 -92.0000000000
699 -91.0000000000
723 -90.0000000000
724 -89.0000000000
730 -88.0000000000
732 -87.0000000000
736 -86.0000000000
742 -85.0000000000
750 -84.0000000000
751 -83.0000000000
755 -82.0000000000
761 -81.0000000000
763 -80.0000000000
777 -79.0000000000
782 -78.0000000000
799 -77.0000000000
821 -76.0000000000
836 -75.0000000000
849 -74.0000000000
854 -73.0000000000
865 -72.0000000000
872 -71.0000000000
875 -70.0000000000
877 -69.0000000000
882 -68.0000000000
888 -67.0000000000
890 -66.0000000000
895 -65.0000000000
903 -64.0000000000
912 -63.0000000000
913 -62.0000000000
922 -61.0000000000
928 -60.0000000000
942 -59.0000000000
951 -58.0000000000
953 -57.0000000000
963 -56.0000000000
965 -55.0000000000
969 -54.0000000000
988 -53.0000000000
1005 -52.0000000000
1011 -51.0000000000
1015 -50.0000000000
1016 -49.0000000000
1028 -48.0000000000
1040 -47.0000000000
1044 -46.0000000000
1047 -45.0000000000
1059 -44.0000000000
1067 -43.0000000000
1072 -42.0000000000
1078 -41.0000000000
1090 -40.0000000000
1094 -39.0000000000
1097 -38.0000000000
1113 -37.0000000000
1119 -36.0000000000
1139 -35.0000000000
1147 -34.0000000000
1169 -33.0000000000
1171 -32.0000000000
1182 -31.0000000000
1199 -30.0000000000
1201 -29.0000000000
1235 -28.0000000000
1240 -27.0000000000
1252 -26.0000000000
1254 -25.0000000000
1267 -24.0000000000
1269 -23.0000000000
1277 -22.0000000000
1297 -21.0000000000
1303 -20.0000000000
1307 -19.0000000000
1321 -18.0000000000
1342 -17.0000000000
1361 -16.0000000000
1474 -15.0000000000
1486 -14.0000000000
1546 -13.0000000000
1571 -12.0000000000
1583 -11.0000000000
1596 -10.0000000000
1652 -9.0000000000
1677 -8.0000000000
1679 -7.0000000000
1700 -6.0000000000
1731 -5.0000000000
1813 -4.0000000000
1872 -3.0000000000
1955 -2.0000000000
2010 -1.0000000000
2038 480.0000000000
100000 464.0000000000
evaluations raw_y
1 -309.0000000000
3 -308.0000000000
5 -307.0000000000
8 -306.0000000000
10 -305.0000000000
11 -304.0000000000
12 -303.0000000000
13 -302.0000000000
14 -301.0000000000
16 -300.0000000000
17 -299.0000000000
19 -298.0000000000
21 -297.0000000000
22 -296.0000000000
23 -295.0000000000
24 -294.0000000000
25 -293.0000000000
29 -292.0000000000
32 -291.0000000000
33 -290.0000000000
34 -289.0000000000
35 -288.0000000000
36 -287.0000000000
40 -286.0000000000
42 -285.0000000000
44 -284.0000000000
45 -283.0000000000
46 -282.0000000000
49 -281.0000000000
50 -280.0000000000
52 -279.0000000000
53 -278.0000000000
54 -277.0000000000
55 -276.0000000000
56 -275.0000000000
57 -274.0000000000
59 -273.0000000000
60 -272.0000000000
63 -271.0000000000
64 -270.0000000000
65 -269.0000000000
66 -268.0000000000
67 -267.0000000000
69 -266.0000000000
70 -265.0000000000
72 -264.0000000000
73 -263.0000000000
74 -262.0000000000
76 -261.0000000000
79 -260.0000000000
80 -259.0000000000
81 -258.0000000000
82 -257.0000000000
83 -256.0000000000
88 -255.0000000000
90 -254.0000000000
91 -253.0000000000
92 -252.0000000000
96 -251.0000000000
97 -250.0000000000
98 -249.0000000000
102 -248.0000000000
106 -247.0000000000
109 -246.0000000000
113 -245.0000000000
115 -244.0000000000
116 -243.0000000000
119 -242.0000000000
121 -241.0000000000
123 -240.0000000000
124 -239.0000000000
127 -238.0000000000
129 -237.0000000000
132 -236.0000000000
134 -235.0000000000
135 -234.0000000000
136 -233.0000000000
139 -232.0000000000
143 -231.0000000000
146 -230.0000000000
150 -229.0000000000
151 -228.0000000000
156 -227.0000000000
158 -226.0000000000
160 -225.0000000000
164 -224.0000000000
167 -223.0000000000
168 -222.0000000000
170 -221.0000000000
172 -220.0000000000
173 -219.0000000000
176 -218.0000000000
178 -217.0000000000
182 -216.0000000000
184 -215.0000000000
186 -214.0000000000
187 -213.0000000000
191 -212.0000000000
194 -211.0000000000
195 -210.0000000000
197 -209.0000000000
202 -208.0000000000
203 -207.0000000000
214 -206.0000000000
215 -205.0000000000
219 -204.0000000000
221 -203.0000000000
225 -202.0000000000
228 -201.0000000000
229 -200.0000000000
232 -199.0000000000
235 -198.0000000000
238 -197.0000000000
240 -196.0000000000
247 -195.0000000000
251 -194.0000000000
253 -193.0000000000
254 -192.0000000000
259 -191.0000000000
261 -190.0000000000
264 -189.0000000000
269 -188.0000000000
272 -187.0000000000
275 -186.0000000000
276 -185.0000000000
280 -184.0000000000
281 -183.0000000000
282 -182.0000000000
283 -181.0000000000
288 -180.0000000000
292 -179.0000000000
296 -178.0000000000
299 -177.0000000000
303 -176.0000000000
310 -175.0000000000
314 -174.0000000000
315 -173.0000000000
316 -172.0000000000
319 -171.0000000000
320 -170.0000000000
322 -169.0000000000
325 -168.0000000000
332 -167.0000000000
333 -166.0000000000
335 -165.0000000000
336 -164.0000000000
338 -163.0000000000
339 -162.0000000000
340 -161.0000000000
343 -160.0000000000
344 -159.0000000000
345 -158.0000000000
350 -157.0000000000
351 -156.0000000000
352 -155.0000000000
353 -154.0000000000
355 -153.0000000000
356 -152.0000000000
362 -151.0000000000
367 -150.0000000000
370 -149.0000000000
373 -148.0000000000
377 -147.0000000000
379 -146.0000000000
380 -145.0000000000
381 -144.0000000000
383 -143.0000000000
384 -142.0000000000
393 -141.0000000000
400 -140.0000000000
402 -139.0000000000
409 -138.0000000000
412 -137.0000000000
417 -136.0000000000
420 -135.0000000000
423 -134.0000000000
428 -133.0000000000
434 -132.0000000000
440 -131.0000000000
445 -130.0000000000
452 -129.0000000000
454 -128.0000000000
464 -127.0000000000
468 -126.0000000000
471 -125.0000000000
472 -124.0000000000
473 -123.0000000000
479 -122.0000000000
481 -121.0000000000
482 -120.0000000000
486 -119.0000000000
491 -118.0000000000
494 -117.0000000000
501 -116.0000000000
503 -115.0000000000
510 -114.0000000000
511 -113.0000000000
520 -112.0000000000
521 -111.0000000000
523 -110.0000000000
528 -109.0000000000
533 -108.0000000000
536 -107.0000000000
537 -106.0000000000
538 -105.0000000000
539 -104.0000000000
542 -103.0000000000
546 -102.0000000000
553 -101.0000000000
560 -100.0000000000
570 -99.0000000000
572 -98.0000000000
574 -97.0000000000
576 -96.0000000000
579 -95.0000000000
581 -94.0000000000
585 -93.0000000000
588 -92.0000000000
589 -91.0000000000
602 -90.0000000000
606 -89.0000000000
616 -88.0000000000
618 -87.0000000000
619 -86.0000000000
624 -85.0000000000
633 -84.0000000000
634 -83.0000000000
649 -82.0000000000
651 -81.0000000000
666 -80.0000000000
670 -79.0000000000
676 -78.0000000000
678 -77.0000000000
679 -76.0000000000
689 -75.0000000000
690 -74.0000000000
693 -73.0000000000
703 -72.0000000000
708 -71.0000000000
709 -70.0000000000
711 -69.0000000000
712 -68.0000000000
717 -67.0000000000
724 -66.0000000000
727 -65.0000000000
729 -64.0000000000
741 -63.0000000000
756 -62.0000000000
764 -61.0000000000
771 -60.0000000000
778 -59.0000000000
795 -58.0000000000
800 -57.0000000000
802 -56.0000000000
818 -55.0000000000
822 -54.0000000000
824 -53.0000000000
833 -52.0000000000
848 -51.0000000000
865 -50.0000000000
874 -49.0000000000
877 -48.0000000000
884 -47.0000000000
892 -46.0000000000
906 -45.0000000000
917 -44.0000000000
951 -43.0000000000
967 -42.0000000000
1028 -41.0000000000
1040 -40.0000000000
1043 -39.0000000000
1048 -38.0000000000
1069 -37.0000000000
1150 -36.0000000000
1155 -35.0000000000
1162 -34.0000000000
1165 -33.0000000000
1173 -32.0000000000
1182 -31.0000000000
1201 -30.0000000000
1207 -29.0000000000
1208 -28.0000000000
1215 -27.0000000000
1225 -26.0000000000
1241 -25.0000000000
1245 -24.0000000000
1260 -23.0000000000
1319 -22.0000000000
1329 -21.0000000000
1334 -20.0000000000
1335 -19.0000000000
1339 -18.0000000000
1344 -17.0000000000
1357 -16.0000000000
1401 -15.0000000000
1438 -14.0000000000
1457 -13.0000000000
1468 -12.0000000000
1488 -11.0000000000
1572 -10.0000000000
1587 -9.0000000000
1621 -8.0000000000
1742 -7.0000000000
1760 -6.0000000000
1773 -5.0000000000
1787 -4.0000000000
1865 -3.0000000000
1881 -2.0000000000
1886 -1.0000000000
1943 473.0000000000
100000 -1.0000000000
evaluations raw_y
1 -282.0000000000
8 -281.0000000000
9 -280.0000000000
11 -279.0000000000
12 -278.0000000000
14 -277.0000000000
15 -276.0000000000
24 -275.0000000000
26 -274.0000000000
29 -273.0000000000
30 -272.0000000000
31 -271.0000000000
32 -270.0000000000
41 -269.0000000000
42 -268.0000000000
43 -267.0000000000
44 -266.0000000000
47 -265.0000000000
48 -264.0000000000
52 -263.0000000000
53 -262.0000000000
54 -261.0000000000
56 -260.0000000000
60 -259.0000000000
61 -258.0000000000
64 -257.0000000000
73 -256.0000000000
76 -255.0000000000
79 -254.0000000000
82 -253.0000000000
87 -252.0000000000
88 -251.0000000000
90 -250.0000000000
93 -249.0000000000
96 -248.0000000000
98 -247.0000000000
99 -246.0000000000
101 -245.0000000000
102 -244.0000000000
105 -243.0000000000
106 -242.0000000000
109 -241.0000000000
111 -240.0000000000
115 -239.0000000000
122 -238.0000000000
123 -237.0000000000
125 -236.0000000000
127 -235.0000000000
129 -234.0000000000
131 -233.0000000000
132 -232.0000000000
133 -231.0000000000
136 -230.0000000000
137 -229.0000000000
142 -228.0000000000
143 -227.0000000000
147 -226.0000000000
150 -225.0000000000
151 -224.0000000000
154 -223.0000000000
159 -222.0000000000
160 -221.0000000000
161 -220.0000000000
162 -219.0000000000
164 -218.0000000000
166 -217.0000000000
168 -216.0000000000
169 -215.0000000000
174 -214.0000000000
178 -213.0000000000
179 -212.0000000000
182 -211.0000000000
190 -210.0000000000
191 -209.0000000000
193 -208.0000000000
194 -207.0000000000
196 -206.0000000000
197 -205.0000000000
199 -204.0000000000
200 -203.0000000000
201 -202.0000000000
202 -201.0000000000
203 -200.0000000000
209 -199.0000000000
210 -198.0000000000
212 -197.0000000000
221 -196.0000000000
223 -195.0000000000
225 -194.0000000000
228 -193.0000000000
231 -192.0000000000
233 -191.0000000000
237 -190.0000000000
238 -189.0000000000
249 -188.0000000000
259 -187.0000000000
263 -186.0000000000
265 -185.0000000000
271 -184.0000000000
275 -183.0000000000
276 -182.0000000000
277 -181.0000000000
280 -180.0000000000
281 -179.0000000000
284 -178.0000000000
288 -177.0000000000
293 -176.0000000000
296 -175.0000000000
298 -174.0000000000
300 -173.0000000000
305 -172.0000000000
310 -171.0000000000
313 -170.0000000000
315 -169.0000000000
316 -168.0000000000
319 -167.0000000000
327 -166.0000000000
331 -165.0000000000
333 -164.0000000000
334 -163.0000000000
337 -162.0000000000
340 -161.0000000000
343 -160.0000000000
344 -159.0000000000
345 -158.0000000000
348 -157.0000000000
352 -156.0000000000
353 -155.0000000000
356 -154.0000000000
358 -153.0000000000
360 -152.0000000000
371 -151.0000000000
373 -150.0000000000
375 -149.0000000000
376 -148.0000000000
377 -147.0000000000
379 -146.0000000000
387 -145.0000000000
392 -144.0000000000
401 -143.0000000000
408 -142.0000000000
415 -141.0000000000
418 -140.0000000000
421 -139.0000000000
422 -138.0000000000
426 -137.0000000000
428 -136.0000000000
434 -135.0000000000
440 -134.0000000000
441 -133.0000000000
446 -132.0000000000
448 -131.0000000000
454 -130.0000000000
455 -129.0000000000
458 -128.0000000000
460 -127.0000000000
462 -126.0000000000
463 -125.0000000000
474 -124.0000000000
478 -123.0000000000
482 -122.0000000000
489 -121.0000000000
491 -120.0000000000
499 -119.0000000000
505 -118.0000000000
512 -117.0000000000
515 -116.0000000000
527 -115.0000000000
528 -114.0000000000
536 -113.0000000000
543 -112.0000000000
549 -111.0000000000
556 -110.0000000000
584 -109.0000000000
585 -108.0000000000
588 -107.0000000000
592 -106.0000000000
595 -105.0000000000
598 -104.0000000000
603 -103.0000000000
607 -102.0000000000
611 -101.0000000000
615 -100.0000000000
617 -99.0000000000
618 -98.0000000000
620 -97.0000000000
626 -96.0000000000
634 -95.0000000000
644 -94.0000000000
650 -93.0000000000
658 -92.0000000000
663 -91.0000000000
665 -90.0000000000
667 -89.0000000000
675 -88.0000000000
678 -87.0000000000
681 -86.0000000000
683 -85.0000000000
686 -84.0000000000
687 -83.0000000000
688 -82.0000000000
691 -81.0000000000
712 -80.0000000000
713 -79.0000000000
719 -78.0000000000
728 -77.0000000000
738 -76.0000000000
739 -75.0000000000
742 -74.0000000000
747 -73.0000000000
749 -72.0000000000
751 -71.0000000000
754 -70.0000000000
758 -69.0000000000
765 -68.0000000000
777 -67.0000000000
780 -66.0000000000
782 -65.0000000000
783 -64.0000000000
785 -63.0000000000
791 -62.0000000000
794 -61.0000000000
797 -60.0000000000
806 -59.0000000000
836 -58.0000000000
845 -57.0000000000
846 -56.0000000000
847 -55.0000000000
852 -54.0000000000
890 -53.0000000000
914 -52.0000000000
915 -51.0000000000
918 -50.0000000000
954 -49.0000000000
974 -48.0000000000
981 -47.0000000000
987 -46.0000000000
995 -45.0000000000
1000 -44.0000000000
1008 -43.0000000000
1009 -42.0000000000
1023 -41.0000000000
1043 -40.0000000000
1050 -39.0000000000
1054 -38.0000000000
1106 -37.0000000000
1118 -36.0000000000
1154 -35.0000000000
1163 -34.0000000000
1168 -33.0000000000
1194 -32.0000000000
1195 -31.0000000000
1199 -30.0000000000
1212 -29.0000000000
1238 -28.0000000000
1243 -27.0000000000
1298 -26.0000000000
1335 -25.0000000000
1338 -24.0000000000
1340 -23.0000000000
1359 -22.0000000000
1365 -21.0000000000
1369 -20.0000000000
1381 -19.0000000000
1383 -18.0000000000
1393 -17.0000000000
1495 -16.0000000000
1517 -15.0000000000
1533 -14.0000000000
1537 -13.0000000000
1594 -12.0000000000
1606 -11.0000000000
1610 -10.0000000000
1630 -9.0000000000
1639 -8.0000000000
1706 -7.0000000000
1766 -6.0000000000
1849 -5.0000000000
1912 -4.0000000000
1925 -3.0000000000
1994 -2.0000000000
2037 -1.0000000000
2163 501.0000000000
100000 -1.0000000000
evaluations raw_y
1 -288.0000000000
5 -287.0000000000
6 -286.0000000000
8 -285.0000000000
11 -284.0000000000
12 -283.0000000000
14 -282.0000000000
15 -281.0000000000
17 -280.0000000000
21 -279.0000000000
23 -278.0000000000
24 -277.0000000000
25 -276.0000000000
27 -275.0000000000
31 -274.0000000000
34 -273.0000000000
36 -272.0000000000
37 -271.0000000000
39 -270.0000000000
40 -269.0000000000
41 -268.0000000000
42 -267.0000000000
44 -266.0000000000
45 -265.0000000000
56 -264.0000000000
57 -263.0000000000
58 -262.0000000000
60 -261.0000000000
61 -260.0000000000
62 -259.0000000000
63 -258.0000000000
64 -257.0000000000
66 -256.0000000000
67 -255.0000000000
73 -254.0000000000
74 -253.0000000000
76 -252.0000000000
78 -251.0000000000
82 -250.0000000000
84 -249.0000000000
85 -248.0000000000
86 -247.0000000000
87 -246.0000000000
90 -245.0000000000
91 -244.0000000000
94 -243.0000000000
95 -242.0000000000
101 -241.0000000000
102 -240.0000000000
103 -239.0000000000
111 -238.0000000000
113 -237.0000000000
116 -236.0000000000
122 -235.0000000000
125 -234.0000000000
132 -233.0000000000
133 -232.0000000000
136 -231.0000000000
142 -230.0000000000
144 -229.0000000000
146 -228.0000000000
149 -227.0000000000
150 -226.0000000000
151 -225.0000000000
154 -224.0000000000
161 -223.0000000000
162 -222.0000000000
165 -221.0000000000
166 -220.0000000000
167 -219.0000000000
169 -218.0000000000
171 -217.0000000000
172 -216.0000000000
173 -215.0000000000
174 -214.0000000000
175 -213.0000000000
176 -212.0000000000
180 -211.0000000000
184 -210.0000000000
185 -209.0000000000
196 -208.0000000000
199 -207.0000000000
203 -206.0000000000
207 -205.0000000000
211 -204.0000000000
214 -203.0000000000
217 -202.0000000000
220 -201.0000000000
223 -200.0000000000
224 -199.0000000000
227 -198.0000000000
230 -197.0000000000
233 -196.0000000000
246 -195.0000000000
249 -194.0000000000
251 -193.0000000000
252 -192.0000000000
258 -191.0000000000
259 -190.0000000000
262 -189.0000000000
270 -188.0000000000
281 -187.0000000000
284 -186.0000000000
285 -185.0000000000
286 -184.0000000000
287 -183.0000000000
289 -182.0000000000
290 -181.0000000000
292 -180.0000000000
296 -179.0000000000
298 -178.0000000000
299 -177.0000000000
305 -176.0000000000
306 -175.0000000000
307 -174.0000000000
311 -173.0000000000
315 -172.0000000000
316 -171.0000000000
322 -170.0000000000
324 -169.0000000000
325 -168.0000000000
327 -167.0000000000
333 -166.0000000000
334 -165.0000000000
335 -164.0000000000
338 -163.0000000000
345 -162.0000000000
347 -161.0000000000
351 -160.0000000000
360 -159.0000000000
368 -158.0000000000
374 -157.0000000000
376 -156.0000000000
379 -155.0000000000
380 -154.0000000000
388 -153.0000000000
390 -152.0000000000
392 -151.0000000000
394 -150.0000000000
402 -149.0000000000
403 -148.0000000000
409 -147.0000000000
416 -146.0000000000
420 -145.0000000000
421 -144.0000000000
427 -143.0000000000
437 -142.0000000000
452 -141.0000000000
454 -140.0000000000
455 -139.0000000000
459 -138.0000000000
461 -137.0000000000
465 -136.0000000000
469 -135.0000000000
473 -134.0000000000
474 -133.0000000000
481 -132.0000000000
482 -131.0000000000
485 -130.0000000000
489 -129.0000000000
494 -128.0000000000
499 -127.0000000000
502 -126.0000000000
504 -125.0000000000
506 -124.0000000000
514 -123.0000000000
515 -122.0000000000
521 -121.0000000000
522 -120.0000000000
523 -119.0000000000
527 -118.0000000000
528 -117.0000000000
535 -116.0000000000
538 -115.0000000000
551 -114.0000000000
560 -113.0000000000
568 -112.0000000000
569 -111.0000000000
573 -110.0000000000
585 -109.0000000000
596 -108.0000000000
611 -107.0000000000
612 -106.0000000000
624 -105.0000000000
640 -104.0000000000
648 -103.0000000000
654 -102.0000000000
656 -101.0000000000
663 -100.0000000000
665 -99.0000000000
677 -98.0000000000
688 -97.0000000000
689 -96.0000000000
698 -95.0000000000
700 -94.0000000000
701 -93.0000000000
705 -92.0000000000
708 -91.0000000000
712 -90.0000000000
721 -89.0000000000
724 -88.0000000000
728 -87.0000000000
731 -86.0000000000
732 -85.0000000000
740 -84.0000000000
761 -83.0000000000
764 -82.0000000000
770 -81.0000000000
775 -80.0000000000
776 -79.0000000000
778 -78.0000000000
793 -77.0000000000
801 -76.0000000000
804 -75.0000000000
805 -74.0000000000
834 -73.0000000000
835 -72.0000000000
839 -71.0000000000
874 -70.0000000000
886 -69.0000000000
888 -68.0000000000
903 -67.0000000000
904 -66.0000000000
914 -65.0000000000
917 -64.0000000000
923 -63.0000000000
925 -62.0000000000
949 -61.0000000000
955 -60.0000000000
966 -59.0000000000
977 -58.0000000000
1002 -57.0000000000
1004 -56.0000000000
1009 -55.0000000000
1016 -54.0000000000
1018 -53.0000000000
1038 -52.0000000000
1046 -51.0000000000
1048 -50.0000000000
1054 -49.0000000000
1057 -48.0000000000
1063 -47.0000000000
1071 -46.0000000000
1074 -45.0000000000
1080 -44.0000000000
1082 -43.0000000000
1092 -42.0000000000
1096 -41.0000000000
1109 -40.0000000000
1123 -39.0000000000
1166 -38.0000000000
1172 -37.0000000000
1184 -36.0000000000
1185 -35.0000000000
1217 -34.0000000000
1226 -33.0000000000
1250 -32.0000000000
1294 -31.0000000000
1309 -30.0000000000
1354 -29.0000000000
1358 -28.0000000000
1365 -27.0000000000
1368 -26.0000000000
1374 -25.0000000000
1379 -24.0000000000
1420 -23.0000000000
1443 -22.0000000000
1445 -21.0000000000
1449 -20.0000000000
1522 -19.0000000000
1524 -18.0000000000
1525 -17.0000000000
1571 -16.0000000000
1574 -15.0000000000
1607 -14.0000000000
1626 -13.0000000000
1628 -12.0000000000
1710 -11.0000000000
1725 -10.0000000000
1767 -9.0000000000
1805 -8.0000000000
1818 -7.0000000000
1856 -6.0000000000
1869 -5.0000000000
1985 -4.0000000000
2120 -3.0000000000
2130 -2.0000000000
2144 -1.0000000000
2244 470.0000000000
100000 -1.0000000000
evaluations raw_y
1 -293.0000000000
5 -292.0000000000
6 -291.0000000000
8 -290.0000000000
9 -289.0000000000
12 -288.0000000000
14 -287.0000000000
16 -286.0000000000
17 -285.0000000000
20 -284.0000000000
22 -283.0000000000
24 -282.0000000000
25 -281.0000000000
27 -280.0000000000
30 -279.0000000000
31 -278.0000000000
32 -277.0000000000
34 -276.0000000000
35 -275.0000000000
36 -274.0000000000
37 -273.0000000000
38 -272.0000000000
39 -271.0000000000
40 -270.0000000000
42 -269.0000000000
44 -268.0000000000
47 -267.0000000000
50 -266.0000000000
51 -265.0000000000
52 -264.0000000000
53 -263.0000000000
60 -262.0000000000
61 -261.0000000000
62 -260.0000000000
63 -259.0000000000
64 -258.0000000000
68 -257.0000000000
74 -256.0000000000
79 -255.0000000000
81 -254.0000000000
82 -253.0000000000
83 -252.0000000000
89 -251.0000000000
91 -250.0000000000
92 -249.0000000000
94 -248.0000000000
96 -247.0000000000
97 -246.0000000000
100 -245.0000000000
101 -244.0000000000
105 -243.0000000000
109 -242.0000000000
111 -241.0000000000
112 -240.0000000000
114 -239.0000000000
115 -238.0000000000
119 -237.0000000000
120 -236.0000000000
123 -235.0000000000
125 -234.0000000000
126 -233.0000000000
129 -232.0000000000
132 -231.0000000000
133 -230.0000000000
134 -229.0000000000
136 -228.0000000000
138 -227.0000000000
146 -226.0000000000
148 -225.0000000000
158 -224.0000000000
159 -223.0000000000
160 -222.0000000000
162 -221.0000000000
163 -220.0000000000
168 -219.0000000000
174 -218.0000000000
177 -217.0000000000
182 -216.0000000000
185 -215.0000000000
187 -214.0000000000
188 -213.0000000000
189 -212.0000000000
193 -211.0000000000
201 -210.0000000000
202 -209.0000000000
204 -208.0000000000
210 -207.0000000000
221 -206.0000000000
225 -205.0000000000
226 -204.0000000000
236 -203.0000000000
239 -202.0000000000
246 -201.0000000000
250 -200.0000000000
251 -199.0000000000
255 -198.0000000000
260 -197.0000000000
264 -196.0000000000
274 -195.0000000000
285 -194.0000000000
289 -193.0000000000
291 -192.0000000000
292 -191.0000000000
295 -190.0000000000
305 -189.0000000000
309 -188.0000000000
311 -187.0000000000
312 -186.0000000000
315 -185.0000000000
319 -184.0000000000
325 -183.0000000000
331 -182.0000000000
335 -181.0000000000
340 -180.0000000000
342 -179.0000000000
343 -178.0000000000
347 -177.0000000000
351 -176.0000000000
352 -175.0000000000
353 -174.0000000000
354 -173.0000000000
356 -172.0000000000
357 -171.0000000000
358 -170.0000000000
360 -169.0000000000
363 -168.0000000000
364 -167.0000000000
367 -166.0000000000
370 -165.0000000000
372 -164.0000000000
373 -163.0000000000
374 -162.0000000000
379 -161.0000000000
380 -160.0000000000
382 -159.0000000000
385 -158.0000000000
388 -157.0000000000
389 -156.0000000000
393 -155.0000000000
398 -154.0000000000
400 -153.0000000000
403 -152.0000000000
405 -151.0000000000
406 -150.0000000000
423 -149.0000000000
427 -148.0000000000
431 -147.0000000000
432 -146.0000000000
433 -145.0000000000
438 -144.0000000000
445 -143.0000000000
449 -142.0000000000
455 -141.0000000000
459 -140.0000000000
462 -139.0000000000
465 -138.0000000000
468 -137.0000000000
469 -136.0000000000
474 -135.0000000000
477 -134.0000000000
478 -133.0000000000
479 -132.0000000000
480 -131.0000000000
481 -130.0000000000
484 -129.0000000000
485 -128.0000000000
489 -127.0000000000
493 -126.0000000000
494 -125.0000000000
498 -124.0000000000
505 -123.0000000000
512 -122.0000000000
515 -121.0000000000
516 -120.0000000000
525 -119.0000000000
532 -118.0000000000
533 -117.0000000000
537 -116.0000000000
540 -115.0000000000
541 -114.0000000000
548 -113.0000000000
552 -112.0000000000
569 -111.0000000000
571 -110.0000000000
574 -109.0000000000
583 -108.0000000000
585 -107.0000000000
586 -106.0000000000
591 -105.0000000000
592 -104.0000000000
594 -103.0000000000
598 -102.0000000000
601 -101.0000000000
612 -100.0000000000
616 -99.0000000000
618 -98.0000000000
629 -97.0000000000
632 -96.0000000000
640 -95.0000000000
645 -94.0000000000
648 -93.0000000000
651 -92.0000000000
659 -91.0000000000
669 -90.0000000000
676 -89.0000000000
677 -88.0000000000
678 -87.0000000000
681 -86.0000000000
682 -85.0000000000
687 -84.0000000000
690 -83.0000000000
694 -82.0000000000
711 -81.0000000000
722 -80.0000000000
724 -79.0000000000
730 -78.0000000000
733 -77.0000000000
742 -76.0000000000
747 -75.0000000000
757 -74.0000000000
758 -73.0000000000
763 -72.0000000000
772 -71.0000000000
779 -70.0000000000
784 -69.0000000000
789 -68.0000000000
792 -67.0000000000
799 -66.0000000000
808 -65.0000000000
815 -64.0000000000
818 -63.0000000000
835 -62.0000000000
840 -61.0000000000
843 -60.0000000000
847 -59.0000000000
848 -58.0000000000
849 -57.0000000000
871 -56.0000000000
879 -55.0000000000
891 -54.0000000000
909 -53.0000000000
919 -52.0000000000
925 -51.0000000000
929 -50.0000000000
934 -49.0000000000
941 -48.0000000000
973 -47.0000000000
977 -46.0000000000
978 -45.0000000000
1011 -44.0000000000
1026 -43.0000000000
1030 -42.0000000000
1052 -41.0000000000
1077 -40.0000000000
1096 -39.0000000000
1108 -38.0000000000
1112 -37.0000000000
1131 -36.0000000000
1135 -35.0000000000
1140 -34.0000000000
1157 -33.0000000000
1167 -32.0000000000
1186 -31.0000000000
1192 -30.0000000000
1210 -29.0000000000
1223 -28.0000000000
1227 -27.0000000000
1230 -26.0000000000
1234 -25.0000000000
1255 -24.0000000000
1262 -23.0000000000
1271 -22.0000000000
1309 -21.0000000000
1321 -20.0000000000
1330 -19.0000000000
1347 -18.0000000000
1356 -17.0000000000
1379 -16.0000000000
1380 -15.0000000000
1392 -14.0000000000
1438 -13.0000000000
1457 -12.0000000000
1464 -11.0000000000
1507 -10.0000000000
1508 -9.0000000000
1632 -8.0000000000
1644 -7.0000000000
1649 -6.0000000000
1671 -5.0000000000
1705 -4.0000000000
1763 -3.0000000000
1806 -2.0000000000
1832 -1.0000000000
1879 480.0000000000
100000 -1.0000000000
evaluations raw_y
1 -299.0000000000
2 -298.0000000000
3 -297.0000000000
4 -296.0000000000
7 -295.0000000000
10 -294.0000000000
11 -293.0000000000
12 -292.0000000000
14 -291.0000000000
15 -290.0000000000
18 -289.0000000000
19 -288.0000000000
20 -287.0000000000
21 -286.0000000000
25 -285.0000000000
28 -284.0000000000
29 -283.0000000000
30 -282.0000000000
31 -281.0000000000
32 -280.0000000000
34 -279.0000000000
36 -278.0000000000
40 -277.0000000000
41 -276.0000000000
43 -275.0000000000
44 -274.0000000000
45 -273.0000000000
51 -272.0000000000
54 -271.0000000000
55 -270.0000000000
56 -269.0000000000
59 -268.0000000000
61 -267.0000000000
62 -266.0000000000
63 -265.0000000000
64 -264.0000000000
67 -263.0000000000
68 -262.0000000000
72 -261.0000000000
73 -260.0000000000
74 -259.0000000000
75 -258.0000000000
78 -257.0000000000
80 -256.0000000000
84 -255.0000000000
85 -254.0000000000
91 -253.0000000000
94 -252.0000000000
95 -251.0000000000
97 -250.0000000000
98 -249.0000000000
99 -248.0000000000
103 -247.0000000000
105 -246.0000000000
109 -245.0000000000
115 -244.0000000000
120 -243.0000000000
123 -242.0000000000
124 -241.0000000000
126 -240.0000000000
130 -239.0000000000
131 -238.0000000000
133 -237.0000000000
134 -236.0000000000
135 -235.0000000000
139 -234.0000000000
140 -233.0000000000
146 -232.0000000000
147 -231.0000000000
148 -230.0000000000
150 -229.0000000000
155 -228.0000000000
158 -227.0000000000
162 -226.0000000000
163 -225.0000000000
165 -224.0000000000
170 -223.0000000000
172 -222.0000000000
179 -221.0000000000
180 -220.0000000000
182 -219.0000000000
185 -218.0000000000
188 -217.0000000000
191 -216.0000000000
193 -215.0000000000
194 -214.0000000000
197 -213.0000000000
199 -212.0000000000
200 -211.0000000000
201 -210.0000000000
202 -209.0000000000
205 -208.0000000000
207 -207.0000000000
214 -206.0000000000
215 -205.0000000000
216 -204.0000000000
219 -203.0000000000
223 -202.0000000000
226 -201.0000000000
230 -200.0000000000
231 -199.0000000000
232 -198.0000000000
236 -197.0000000000
237 -196.0000000000
239 -195.0000000000
243 -194.0000000000
244 -193.0000000000
245 -192.0000000000
246 -191.0000000000
247 -190.0000000000
248 -189.0000000000
250 -188.0000000000
251 -187.0000000000
255 -186.0000000000
256 -185.0000000000
257 -184.0000000000
258 -183.0000000000
261 -182.0000000000
262 -181.0000000000
269 -180.0000000000
270 -179.0000000000
271 -178.0000000000
275 -177.0000000000
279 -176.0000000000
281 -175.0000000000
283 -174.0000000000
285 -173.0000000000
290 -172.0000000000
295 -171.0000000000
296 -170.0000000000
297 -169.0000000000
302 -168.0000000000
306 -167.0000000000
312 -166.0000000000
313 -165.0000000000
319 -164.0000000000
320 -163.0000000000
321 -162.0000000000
322 -161.0000000000
323 -160.0000000000
324 -159.0000000000
337 -158.0000000000
353 -157.0000000000
355 -156.0000000000
356 -155.0000000000
358 -154.0000000000
359 -153.0000000000
370 -152.0000000000
371 -151.0000000000
383 -150.0000000000
385 -149.0000000000
396 -148.0000000000
402 -147.0000000000
405 -146.0000000000
406 -145.0000000000
414 -144.0000000000
422 -143.0000000000
424 -142.0000000000
426 -141.0000000000
430 -140.0000000000
445 -139.0000000000
448 -138.0000000000
449 -137.0000000000
458 -136.0000000000
461 -135.0000000000
463 -134.0000000000
469 -133.0000000000
471 -132.0000000000
476 -131.0000000000
477 -130.0000000000
478 -129.0000000000
487 -128.0000000000
489 -127.0000000000
491 -126.0000000000
492 -125.0000000000
496 -124.0000000000
497 -123.0000000000
498 -122.0000000000
499 -121.0000000000
503 -120.0000000000
508 -119.0000000000
515 -118.0000000000
517 -117.0000000000
518 -116.0000000000
522 -115.0000000000
523 -114.0000000000
526 -113.0000000000
531 -112.0000000000
534 -111.0000000000
538 -110.0000000000
539 -109.0000000000
540 -108.0000000000
548 -107.0000000000
551 -106.0000000000
553 -105.0000000000
561 -104.0000000000
562 -103.0000000000
564 -102.0000000000
567 -101.0000000000
568 -100.0000000000
570 -99.0000000000
578 -98.0000000000
593 -97.0000000000
597 -96.0000000000
604 -95.0000000000
611 -94.0000000000
612 -93.0000000000
613 -92.0000000000
615 -91.0000000000
622 -90.0000000000
623 -89.0000000000
624 -88.0000000000
625 -87.0000000000
628 -86.0000000000
631 -85.0000000000
632 -84.0000000000
635 -83.0000000000
641 -82.0000000000
642 -81.0000000000
648 -80.0000000000
654 -79.0000000000
657 -78.0000000000
662 -77.0000000000
673 -76.0000000000
689 -75.0000000000
698 -74.0000000000
699 -73.0000000000
704 -72.0000000000
710 -71.0000000000
715 -70.0000000000
716 -69.0000000000
718 -68.0000000000
719 -67.0000000000
725 -66.0000000000
727 -65.0000000000
729 -64.0000000000
739 -63.0000000000
757 -62.0000000000
764 -61.0000000000
770 -60.0000000000
771 -59.0000000000
785 -58.0000000000
815 -57.0000000000
816 -56.0000000000
827 -55.0000000000
832 -54.0000000000
856 -53.0000000000
874 -52.0000000000
877 -51.0000000000
884 -50.0000000000
891 -49.0000000000
892 -48.0000000000
905 -47.0000000000
919 -46.0000000000
927 -45.0000000000
952 -44.0000000000
961 -43.0000000000
971 -42.0000000000
973 -41.0000000000
974 -40.0000000000
979 -39.0000000000
985 -38.0000000000
997 -37.0000000000
1005 -36.0000000000
1009 -35.0000000000
1018 -34.0000000000
1026 -33.0000000000
1029 -32.0000000000
1051 -31.0000000000
1067 -30.0000000000
1069 -29.0000000000
1074 -28.0000000000
1078 -27.0000000000
1098 -26.0000000000
1103 -25.0000000000
1119 -24.0000000000
1135 -23.0000000000
1177 -22.0000000000
1197 -21.0000000000
1250 -20.0000000000
1284 -19.0000000000
1299 -18.0000000000
1309 -17.0000000000
1342 -16.0000000000
1380 -15.0000000000
1381 -14.0000000000
1385 -13.0000000000
1415 -12.0000000000
1417 -11.0000000000
1498 -10.0000000000
1507 -9.0000000000
1537 -8.0000000000
1557 -7.0000000000
1572 -6.0000000000
1602 -5.0000000000
1619 -4.0000000000
1656 -3.0000000000
1683 -2.0000000000
1717 -1.0000000000
1923 514.0000000000
100000 -1.0000000000
evaluations raw_y
1 -287.0000000000
5 -286.0000000000
6 -285.0000000000
12 -284.0000000000
13 -283.0000000000
14 -282.0000000000
15 -281.0000000000
17 -280.0000000000
19 -279.0000000000
23 -278.0000000000
32 -277.0000000000
36 -276.0000000000
37 -275.0000000000
38 -274.0000000000
44 -273.0000000000
45 -272.0000000000
47 -271.0000000000
48 -270.0000000000
49 -269.0000000000
51 -268.0000000000
55 -267.0000000000
56 -266.0000000000
58 -265.0000000000
60 -264.0000000000
63 -263.0000000000
65 -262.0000000000
67 -261.0000000000
71 -260.0000000000
76 -259.0000000000
77 -258.0000000000
80 -257.0000000000
82 -256.0000000000
83 -255.0000000000
86 -254.0000000000
87 -253.0000000000
92 -252.0000000000
95 -251.0000000000
96 -250.0000000000
100 -249.0000000000
101 -248.0000000000
102 -247.0000000000
110 -246.0000000000
111 -245.0000000000
119 -244.0000000000
121 -243.0000000000
122 -242.0000000000
123 -241.0000000000
124 -240.0000000000
126 -239.0000000000
127 -238.0000000000
128 -237.0000000000
135 -236.0000000000
136 -235.0000000000
137 -234.0000000000
138 -233.0000000000
139 -232.0000000000
141 -231.0000000000
142 -230.0000000000
144 -229.0000000000
145 -228.0000000000
148 -227.0000000000
150 -226.0000000000
152 -225.0000000000
153 -224.0000000000
154 -223.0000000000
155 -222.0000000000
161 -221.0000000000
162 -220.0000000000
167 -219.0000000000
170 -218.0000000000
179 -217.0000000000
181 -216.0000000000
182 -215.0000000000
186 -214.0000000000
190 -213.0000000000
196 -212.0000000000
198 -211.0000000000
199 -210.0000000000
202 -209.0000000000
203 -208.0000000000
205 -207.0000000000
209 -206.0000000000
210 -205.0000000000
216 -204.0000000000
218 -203.0000000000
219 -202.0000000000
220 -201.0000000000
221 -200.0000000000
222 -199.0000000000
225 -198.0000000000
227 -197.0000000000
235 -196.0000000000
237 -195.0000000000
244 -194.0000000000
251 -193.0000000000
252 -192.0000000000
254 -191.0000000000
257 -190.0000000000
260 -189.0000000000
263 -188.0000000000
264 -187.0000000000
267 -186.0000000000
270 -185.0000000000
274 -184.0000000000
276 -183.0000000000
277 -182.0000000000
280 -181.0000000000
281 -180.0000000000
282 -179.0000000000
286 -178.0000000000
294 -177.0000000000
295 -176.0000000000
296 -175.0000000000
304 -174.0000000000
305 -173.0000000000
307 -172.0000000000
310 -171.0000000000
311 -170.0000000000
313 -169.0000000000
314 -168.0000000000
315 -167.0000000000
317 -166.0000000000
318 -165.0000000000
322 -164.0000000000
327 -163.0000000000
329 -162.0000000000
330 -161.0000000000
333 -160.0000000000
337 -159.0000000000
338 -158.0000000000
341 -157.0000000000
346 -156.0000000000
348 -155.0000000000
349 -154.0000000000
356 -153.0000000000
357 -152.0000000000
361 -151.0000000000
362 -150.0000000000
365 -149.0000000000
374 -148.0000000000
381 -147.0000000000
382 -146.0000000000
383 -145.0000000000
387 -144.0000000000
392 -143.0000000000
395 -142.0000000000
396 -141.0000000000
399 -140.0000000000
402 -139.0000000000
403 -138.0000000000
404 -137.0000000000
408 -136.0000000000
409 -135.0000000000
414 -134.0000000000
419 -133.0000000000
424 -132.0000000000
429 -131.0000000000
430 -130.0000000000
431 -129.0000000000
434 -128.0000000000
435 -127.0000000000
437 -126.0000000000
438 -125.0000000000
443 -124.0000000000
455 -123.0000000000
458 -122.0000000000
459 -121.0000000000
472 -120.0000000000
493 -119.0000000000
496 -118.0000000000
503 -117.0000000000
506 -116.0000000000
510 -115.0000000000
517 -114.0000000000
520 -113.0000000000
524 -112.0000000000
531 -111.0000000000
536 -110.0000000000
541 -109.0000000000
547 -108.0000000000
551 -107.0000000000
553 -106.0000000000
555 -105.0000000000
556 -104.0000000000
561 -103.0000000000
564 -102.0000000000
567 -101.0000000000
581 -100.0000000000
594 -99.0000000000
596 -98.0000000000
604 -97.0000000000
610 -96.0000000000
611 -95.0000000000
612 -94.0000000000
614 -93.0000000000
617 -92.0000000000
618 -91.0000000000
620 -90.0000000000
621 -89.0000000000
622 -88.0000000000
623 -87.0000000000
625 -86.0000000000
630 -85.0000000000
658 -84.0000000000
659 -83.0000000000
663 -82.0000000000
664 -81.0000000000
671 -80.0000000000
697 -79.0000000000
701 -78.0000000000
702 -77.0000000000
709 -76.0000000000
717 -75.0000000000
721 -74.0000000000
723 -73.0000000000
733 -72.0000000000
738 -71.0000000000
748 -70.0000000000
755 -69.0000000000
762 -68.0000000000
765 -67.0000000000
770 -66.0000000000
777 -65.0000000000
778 -64.0000000000
796 -63.0000000000
805 -62.0000000000
819 -61.0000000000
823 -60.0000000000
828 -59.0000000000
838 -58.0000000000
843 -57.0000000000
852 -56.0000000000
853 -55.0000000000
854 -54.0000000000
860 -53.0000000000
876 -52.0000000000
893 -51.0000000000
905 -50.0000000000
913 -49.0000000000
937 -48.0000000000
948 -47.0000000000
949 -46.0000000000
954 -45.0000000000
958 -44.0000000000
970 -43.0000000000
974 -42.0000000000
978 -41.0000000000
994 -40.0000000000
1041 -39.0000000000
1042 -38.0000000000
1043 -37.0000000000
1046 -36.0000000000
1049 -35.0000000000
1052 -34.0000000000
1059 -33.0000000000
1061 -32.0000000000
1065 -31.0000000000
1070 -30.0000000000
1075 -29.0000000000
1091 -28.0000000000
1104 -27.0000000000
1113 -26.0000000000
1131 -25.0000000000
1134 -24.0000000000
1138 -23.0000000000
1145 -22.0000000000
1183 -21.0000000000
1196 -20.0000000000
1237 -19.0000000000
1245 -18.0000000000
1253 -17.0000000000
1270 -16.0000000000
1280 -15.0000000000
1304 -14.0000000000
1361 -13.0000000000
1384 -12.0000000000
1392 -11.0000000000
1430 -10.0000000000
1462 -9.0000000000
1478 -8.0000000000
1515 -7.0000000000
1542 -6.0000000000
1548 -5.0000000000
1569 -4.0000000000
1582 -3.0000000000
1585 -2.0000000000
1641 -1.0000000000
1727 499.0000000000
100000 -1.0000000000
evaluations raw_y
1 -277.0000000000
2 -276.0000000000
3 -275.0000000000
5 -274.0000000000
6 -273.0000000000
7 -272.0000000000
11 -271.0000000000
13 -270.0000000000
17 -269.0000000000
19 -268.0000000000
22 -267.0000000000
24 -266.0000000000
25 -265.0000000000
27 -264.0000000000
30 -263.0000000000
34 -262.0000000000
35 -261.0000000000
36 -260.0000000000
39 -259.0000000000
42 -258.0000000000
44 -257.0000000000
45 -256.0000000000
46 -255.0000000000
47 -254.0000000000
48 -253.0000000000
51 -252.0000000000
53 -251.0000000000
55 -250.0000000000
57 -249.0000000000
58 -248.0000000000
59 -247.0000000000
67 -246.0000000000
69 -245.0000000000
70 -244.0000000000
73 -243.0000000000
75 -242.0000000000
76 -241.0000000000
79 -240.0000000000
81 -239.0000000000
82 -238.0000000000
83 -237.0000000000
84 -236.0000000000
85 -235.0000000000
91 -234.0000000000
95 -233.0000000000
98 -232.0000000000
101 -231.0000000000
103 -230.0000000000
106 -229.0000000000
107 -228.0000000000
109 -227.0000000000
122 -226.0000000000
123 -225.0000000000
131 -224.0000000000
134 -223.0000000000
138 -222.0000000000
143 -221.0000000000
144 -220.0000000000
145 -219.0000000000
146 -218.0000000000
151 -217.0000000000
154 -216.0000000000
158 -215.0000000000
159 -214.0000000000
160 -213.0000000000
165 -212.0000000000
167 -211.0000000000
170 -210.0000000000
174 -209.0000000000
176 -208.0000000000
177 -207.0000000000
180 -206.0000000000
184 -205.0000000000
188 -204.0000000000
192 -203.0000000000
193 -202.0000000000
197 -201.0000000000
198 -200.0000000000
199 -199.0000000000
200 -198.0000000000
202 -197.0000000000
204 -196.0000000000
208 -195.0000000000
214 -194.0000000000
217 -193.0000000000
221 -192.0000000000
225 -191.0000000000
227 -190.0000000000
229 -189.0000000000
231 -188.0000000000
232 -187.0000000000
234 -186.0000000000
237 -185.0000000000
246 -184.0000000000
249 -183.0000000000
250 -182.0000000000
252 -181.0000000000
257 -180.0000000000
259 -179.0000000000
264 -178.0000000000
265 -177.0000000000
266 -176.0000000000
289 -175.0000000000
291 -174.0000000000
294 -173.0000000000
298 -172.0000000000
305 -171.0000000000
315 -170.0000000000
316 -169.0000000000
317 -168.0000000000
318 -167.0000000000
322 -166.0000000000
330 -165.0000000000
333 -164.0000000000
334 -163.0000000000
335 -162.0000000000
338 -161.0000000000
344 -160.0000000000
351 -159.0000000000
353 -158.0000000000
361 -157.0000000000
366 -156.0000000000
367 -155.0000000000
370 -154.0000000000
374 -153.0000000000
375 -152.0000000000
377 -151.0000000000
382 -150.0000000000
387 -149.0000000000
390 -148.0000000000
401 -147.0000000000
412 -146.0000000000
413 -145.0000000000
414 -144.0000000000
420 -143.0000000000
424 -142.0000000000
425 -141.0000000000
426 -140.0000000000
431 -139.0000000000
433 -138.0000000000
436 -137.0000000000
438 -136.0000000000
452 -135.0000000000
458 -134.0000000000
461 -133.0000000000
466 -132.0000000000
468 -131.0000000000
475 -130.0000000000
486 -129.0000000000
493 -128.0000000000
500 -127.0000000000
502 -126.0000000000
506 -125.0000000000
510 -124.0000000000
519 -123.0000000000
520 -122.0000000000
527 -121.0000000000
530 -120.0000000000
544 -119.0000000000
545 -118.0000000000
549 -117.0000000000
561 -116.0000000000
562 -115.0000000000
576 -114.0000000000
577 -113.0000000000
579 -112.0000000000
587 -111.0000000000
594 -110.0000000000
597 -109.0000000000
599 -108.0000000000
603 -107.0000000000
606 -106.0000000000
608 -105.0000000000
616 -104.0000000000
622 -103.0000000000
626 -102.0000000000
629 -101.0000000000
646 -100.0000000000
676 -99.0000000000
677 -98.0000000000
681 -97.0000000000
690 -96.0000000000
693 -95.0000000000
707 -94.0000000000
716 -93.0000000000
718 -92.0000000000
732 -91.0000000000
739 -90.0000000000
743 -89.0000000000
751 -88.0000000000
765 -87.0000000000
780 -86.0000000000
781 -85.0000000000
788 -84.0000000000
799 -83.0000000000
802 -82.0000000000
812 -81.0000000000
827 -80.0000000000
834 -79.0000000000
842 -78.0000000000
849 -77.0000000000
857 -76.0000000000
858 -75.0000000000
859 -74.0000000000
876 -73.0000000000
896 -72.0000000000
901 -71.0000000000
920 -70.0000000000
937 -69.0000000000
949 -68.0000000000
950 -67.0000000000
961 -66.0000000000
962 -65.0000000000
965 -64.0000000000
979 -63.0000000000
982 -62.0000000000
998 -61.0000000000
999 -60.0000000000
1003 -59.0000000000
1004 -58.0000000000
1007 -57.0000000000
1011 -56.0000000000
1015 -55.0000000000
1020 -54.0000000000
1021 -53.0000000000
1027 -52.0000000000
1036 -51.0000000000
1051 -50.0000000000
1055 -49.0000000000
1057 -48.0000000000
1059 -47.0000000000
1062 -46.0000000000
1084 -45.0000000000
1089 -44.0000000000
1098 -43.0000000000
1103 -42.0000000000
1127 -41.0000000000
1133 -40.0000000000
1137 -39.0000000000
1141 -38.0000000000
1151 -37.0000000000
1184 -36.0000000000
1197 -35.0000000000
1205 -34.0000000000
1210 -33.0000000000
1217 -32.0000000000
1236 -31.0000000000
1325 -30.0000000000
1347 -29.0000000000
1361 -28.0000000000
1369 -27.0000000000
1381 -26.0000000000
1386 -25.0000000000
1409 -24.0000000000
1414 -23.0000000000
1420 -22.0000000000
1472 -21.0000000000
1508 -20.0000000000
1515 -19.0000000000
1527 -18.0000000000
1536 -17.0000000000
1593 -16.0000000000
1598 -15.0000000000
1639 -14.0000000000
1680 -13.0000000000
1691 -12.0000000000
1717 -11.0000000000
1743 -10.0000000000
1784 -9.0000000000
1790 -8.0000000000
1795 -7.0000000000
1806 -6.0000000000
1808 -5.0000000000
1811 -4.0000000000
1927 -3.0000000000
1959 -2.0000000000
1983 -1.0000000000
1996 486.0000000000
100000 -1.0000000000
evaluations raw_y
1 -299.0000000000
5 -298.0000000000
8 -297.0000000000
9 -296.0000000000
11 -295.0000000000
12 -294.0000000000
13 -293.0000000000
14 -292.0000000000
17 -291.0000000000
21 -290.0000000000
24 -289.0000000000
26 -288.0000000000
28 -287.0000000000
30 -286.0000000000
31 -285.0000000000
32 -284.0000000000
34 -283.0000000000
36 -282.0000000000
42 -281.0000000000
46 -280.0000000000
50 -279.0000000000
53 -278.0000000000
55 -277.0000000000
59 -276.0000000000
60 -275.0000000000
61 -274.0000000000
66 -273.0000000000
68 -272.0000000000
69 -271.0000000000
71 -270.0000000000
72 -269.0000000000
73 -268.0000000000
74 -267.0000000000
75 -266.0000000000
77 -265.0000000000
78 -264.0000000000
79 -263.0000000000
81 -262.0000000000
82 -261.0000000000
83 -260.0000000000
86 -259.0000000000
87 -258.0000000000
89 -257.0000000000
91 -256.0000000000
92 -255.0000000000
97 -254.0000000000
101 -253.0000000000
107 -252.0000000000
111 -251.0000000000
112 -250.0000000000
113 -249.0000000000
114 -248.0000000000
118 -247.0000000000
120 -246.0000000000
121 -245.0000000000
122 -244.0000000000
123 -243.0000000000
125 -242.0000000000
126 -241.0000000000
135 -240.0000000000
136 -239.0000000000
137 -238.0000000000
138 -237.0000000000
139 -236.0000000000
140 -235.0000000000
142 -234.0000000000
143 -233.0000000000
145 -232.0000000000
147 -231.0000000000
148 -230.0000000000
149 -229.0000000000
157 -228.0000000000
160 -227.0000000000
161 -226.0000000000
164 -225.0000000000
166 -224.0000000000
169 -223.0000000000
170 -222.0000000000
172 -221.0000000000
176 -220.0000000000
181 -219.0000000000
186 -218.0000000000
187 -217.0000000000
189 -216.0000000000
191 -215.0000000000
192 -214.0000000000
195 -213.0000000000
199 -212.0000000000
200 -211.0000000000
202 -210.0000000000
207 -209.0000000000
210 -208.0000000000
214 -207.0000000000
215 -206.0000000000
219 -205.0000000000
220 -204.0000000000
221 -203.0000000000
228 -202.0000000000
230 -201.0000000000
234 -200.0000000000
235 -199.0000000000
238 -198.0000000000
239 -197.0000000000
241 -196.0000000000
247 -195.0000000000
250 -194.0000000000
255 -193.0000000000
258 -192.0000000000
259 -191.0000000000
261 -190.0000000000
275 -189.0000000000
281 -188.0000000000
283 -187.0000000000
285 -186.0000000000
289 -185.0000000000
292 -184.0000000000
294 -183.0000000000
298 -182.0000000000
305 -181.0000000000
307 -180.0000000000
320 -179.0000000000
323 -178.0000000000
329 -177.0000000000
331 -176.0000000000
340 -175.0000000000
343 -174.0000000000
346 -173.0000000000
351 -172.0000000000
352 -171.0000000000
353 -170.0000000000
357 -169.0000000000
359 -168.0000000000
361 -167.0000000000
364 -166.0000000000
365 -165.0000000000
370 -164.0000000000
375 -163.0000000000
376 -162.0000000000
380 -161.0000000000
381 -160.0000000000
384 -159.0000000000
388 -158.0000000000
391 -157.0000000000
410 -156.0000000000
413 -155.0000000000
416 -154.0000000000
421 -153.0000000000
423 -152.0000000000
425 -151.0000000000
426 -150.0000000000
432 -149.0000000000
433 -148.0000000000
434 -147.0000000000
436 -146.0000000000
439 -145.0000000000
440 -144.0000000000
445 -143.0000000000
456 -142.0000000000
464 -141.0000000000
474 -140.0000000000
476 -139.0000000000
481 -138.0000000000
483 -137.0000000000
485 -136.0000000000
493 -135.0000000000
504 -134.0000000000
505 -133.0000000000
509 -132.0000000000
511 -131.0000000000
512 -130.0000000000
516 -129.0000000000
521 -128.0000000000
526 -127.0000000000
538 -126.0000000000
544 -125.0000000000
545 -124.0000000000
546 -123.0000000000
557 -122.0000000000
558 -121.0000000000
559 -120.0000000000
560 -119.0000000000
565 -118.0000000000
577 -117.0000000000
580 -116.0000000000
585 -115.0000000000
589 -114.0000000000
590 -113.0000000000
591 -112.0000000000
597 -111.0000000000
616 -110.0000000000
619 -109.0000000000
631 -108.0000000000
633 -107.0000000000
634 -106.0000000000
639 -105.0000000000
647 -104.0000000000
652 -103.0000000000
653 -102.0000000000
654 -101.0000000000
658 -100.0000000000
665 -99.0000000000
666 -98.0000000000
671 -97.0000000000
673 -96.0000000000
675 -95.0000000000
683 -94.0000000000
691 -93.0000000000
694 -92.0000000000
704 -91.0000000000
720 -90.0000000000
725 -89.0000000000
727 -88.0000000000
729 -87.0000000000
736 -86.0000000000
744 -85.0000000000
746 -84.0000000000
748 -83.0000000000
750 -82.0000000000
754 -81.0000000000
772 -80.0000000000
779 -79.0000000000
781 -78.0000000000
785 -77.0000000000
788 -76.0000000000
801 -75.0000000000
816 -74.0000000000
844 -73.0000000000
850 -72.0000000000
857 -71.0000000000
869 -70.0000000000
880 -69.0000000000
883 -68.0000000000
888 -67.0000000000
897 -66.0000000000
901 -65.0000000000
916 -64.0000000000
922 -63.0000000000
929 -62.0000000000
943 -61.0000000000
979 -60.0000000000
987 -59.0000000000
1009 -58.0000000000
1012 -57.0000000000
1027 -56.0000000000
1037 -55.0000000000
1041 -54.0000000000
1047 -53.0000000000
1053 -52.0000000000
1085 -51.0000000000
1094 -50.0000000000
1098 -49.0000000000
1116 -48.0000000000
1117 -47.0000000000
1119 -46.0000000000
1132 -45.0000000000
1143 -44.0000000000
1153 -43.0000000000
1165 -42.0000000000
1183 -41.0000000000
1184 -40.0000000000
1205 -39.0000000000
1217 -38.0000000000
1218 -37.0000000000
1234 -36.0000000000
1247 -35.0000000000
1250 -34.0000000000
1264 -33.0000000000
1281 -32.0000000000
1284 -31.0000000000
1290 -30.0000000000
1292 -29.0000000000
1356 -28.0000000000
1363 -27.0000000000
1373 -26.0000000000
1412 -25.0000000000
1413 -24.0000000000
1445 -23.0000000000
1472 -22.0000000000
1476 -21.0000000000
1477 -20.0000000000
1488 -19.0000000000
1506 -18.0000000000
1512 -17.0000000000
1519 -16.0000000000
1528 -15.0000000000
1536 -14.0000000000
1579 -13.0000000000
1621 -12.0000000000
1628 -11.0000000000
1648 -10.0000000000
1653 -9.0000000000
1664 -8.0000000000
1698 -7.0000000000
1700 -6.0000000000
1703 -5.0000000000
1755 -4.0000000000
1857 -3.0000000000
1878 -2.0000000000
1929 -1.0000000000
1953 470.0000000000
100000 -1.0000000000
evaluations raw_y
1 -301.0000000000
2 -300.0000000000
3 -299.0000000000
4 -298.0000000000
5 -297.0000000000
8 -296.0000000000
12 -295.0000000000
15 -294.0000000000
17 -293.0000000000
18 -292.0000000000
21 -291.0000000000
22 -290.0000000000
23 -289.0000000000
25 -288.0000000000
26 -287.0000000000
29 -286.0000000000
30 -285.0000000000
31 -284.0000000000
32 -283.0000000000
34 -282.0000000000
35 -281.0000000000
36 -280.0000000000
38 -279.0000000000
41 -278.0000000000
43 -277.0000000000
47 -276.0000000000
48 -275.0000000000
49 -274.0000000000
51 -273.0000000000
52 -272.0000000000
53 -271.0000000000
57 -270.0000000000
61 -269.0000000000
64 -268.0000000000
65 -267.0000000000
68 -266.0000000000
69 -265.0000000000
71 -264.0000000000
72 -263.0000000000
74 -262.0000000000
77 -261.0000000000
79 -260.0000000000
84 -259.0000000000
85 -258.0000000000
87 -257.0000000000
88 -256.0000000000
90 -255.0000000000
101 -254.0000000000
108 -253.0000000000
110 -252.0000000000
112 -251.0000000000
116 -250.0000000000
118 -249.0000000000
119 -248.0000000000
121 -247.0000000000
127 -246.0000000000
130 -245.0000000000
139 -244.0000000000
140 -243.0000000000
143 -242.0000000000
144 -241.0000000000
145 -240.0000000000
148 -239.0000000000
149 -238.0000000000
150 -237.0000000000
157 -236.0000000000
161 -235.0000000000
162 -234.0000000000
166 -233.0000000000
172 -232.0000000000
175 -231.0000000000
176 -230.0000000000
177 -229.0000000000
179 -228.0000000000
180 -227.0000000000
182 -226.0000000000
183 -225.0000000000
185 -224.0000000000
189 -223.0000000000
193 -222.0000000000
196 -221.0000000000
197 -220.0000000000
198 -219.0000000000
199 -218.0000000000
201 -217.0000000000
205 -216.0000000000
209 -215.0000000000
213 -214.0000000000
214 -213.0000000000
215 -212.0000000000
219 -211.0000000000
221 -210.0000000000
223 -209.0000000000
224 -208.0000000000
227 -207.0000000000
228 -206.0000000000
239 -205.0000000000
240 -204.0000000000
243 -203.0000000000
255 -202.0000000000
258 -201.0000000000
260 -200.0000000000
268 -199.0000000000
270 -198.0000000000
271 -197.0000000000
274 -196.0000000000
275 -195.0000000000
277 -194.0000000000
278 -193.0000000000
279 -192.0000000000
285 -191.0000000000
286 -190.0000000000
291 -189.0000000000
293 -188.0000000000
294 -187.0000000000
295 -186.0000000000
296 -185.0000000000
297 -184.0000000000
302 -183.0000000000
304 -182.0000000000
313 -181.0000000000
318 -180.0000000000
319 -179.0000000000
320 -178.0000000000
321 -177.0000000000
324 -176.0000000000
325 -175.0000000000
327 -174.0000000000
329 -173.0000000000
330 -172.0000000000
335 -171.0000000000
338 -170.0000000000
340 -169.0000000000
341 -168.0000000000
345 -167.0000000000
346 -166.0000000000
348 -165.0000000000
351 -164.0000000000
356 -163.0000000000
363 -162.0000000000
367 -161.0000000000
369 -160.0000000000
372 -159.0000000000
380 -158.0000000000
381 -157.0000000000
385 -156.0000000000
387 -155.0000000000
388 -154.0000000000
389 -153.0000000000
391 -152.0000000000
392 -151.0000000000
394 -150.0000000000
396 -149.0000000000
397 -148.0000000000
400 -147.0000000000
401 -146.0000000000
402 -145.0000000000
403 -144.0000000000
404 -143.0000000000
405 -142.0000000000
412 -141.0000000000
413 -140.0000000000
421 -139.0000000000
425 -138.0000000000
431 -137.0000000000
432 -136.0000000000
436 -135.0000000000
443 -134.0000000000
454 -133.0000000000
455 -132.0000000000
462 -131.0000000000
467 -130.0000000000
469 -129.0000000000
471 -128.0000000000
473 -127.0000000000
474 -126.0000000000
485 -125.0000000000
487 -124.0000000000
488 -123.0000000000
489 -122.0000000000
490 -121.0000000000
499 -120.0000000000
500 -119.0000000000
506 -118.0000000000
512 -117.0000000000
525 -116.0000000000
526 -115.0000000000
529 -114.0000000000
537 -113.0000000000
548 -112.0000000000
554 -111.0000000000
555 -110.0000000000
558 -109.0000000000
560 -108.0000000000
563 -107.0000000000
566 -106.0000000000
572 -105.0000000000
590 -104.0000000000
600 -103.0000000000
602 -102.0000000000
603 -101.0000000000
610 -100.0000000000
614 -99.0000000000
619 -98.0000000000
624 -97.0000000000
625 -96.0000000000
630 -95.0000000000
631 -94.0000000000
635 -93.0000000000
637 -92.0000000000
639 -91.0000000000
646 -90.0000000000
661 -89.0000000000
668 -88.0000000000
684 -87.0000000000
699 -86.0000000000
701 -85.0000000000
710 -84.0000000000
736 -83.0000000000
737 -82.0000000000
742 -81.0000000000
753 -80.0000000000
764 -79.0000000000
765 -78.0000000000
785 -77.0000000000
788 -76.0000000000
789 -75.0000000000
796 -74.0000000000
810 -73.0000000000
811 -72.0000000000
817 -71.0000000000
823 -70.0000000000
825 -69.0000000000
826 -68.0000000000
829 -67.0000000000
842 -66.0000000000
846 -65.0000000000
867 -64.0000000000
869 -63.0000000000
873 -62.0000000000
881 -61.0000000000
884 -60.0000000000
893 -59.0000000000
897 -58.0000000000
902 -57.0000000000
920 -56.0000000000
938 -55.0000000000
942 -54.0000000000
970 -53.0000000000
974 -52.0000000000
975 -51.0000000000
976 -50.0000000000
984 -49.0000000000
985 -48.0000000000
991 -47.0000000000
1001 -46.0000000000
1008 -45.0000000000
1022 -44.0000000000
1040 -43.0000000000
1061 -42.0000000000
1066 -41.0000000000
1078 -40.0000000000
1079 -39.0000000000
1086 -38.0000000000
1126 -37.0000000000
1130 -36.0000000000
1145 -35.0000000000
1152 -34.0000000000
1170 -33.0000000000
1175 -32.0000000000
1177 -31.0000000000
1195 -30.0000000000
1202 -29.0000000000
1212 -28.0000000000
1214 -27.0000000000
1242 -26.0000000000
1263 -25.0000000000
1322 -24.0000000000
1336 -23.0000000000
1345 -22.0000000000
1370 -21.0000000000
1430 -20.0000000000
1467 -19.0000000000
1493 -18.0000000000
1512 -17.0000000000
1531 -16.0000000000
1537 -15.0000000000
1559 -14.0000000000
1645 -13.0000000000
1654 -12.0000000000
1669 -11.0000000000
1727 -10.0000000000
1743 -9.0000000000
1755 -8.0000000000
1762 -7.0000000000
1836 -6.0000000000
1868 -5.0000000000
1874 -4.0000000000
1896 -3.0000000000
2082 -2.0000000000
2123 -1.0000000000
2136 494.0000000000
100000 -1.0000000000
evaluations raw_y
1 -279.0000000000
8 -278.0000000000
9 -277.0000000000
13 -276.0000000000
16 -275.0000000000
17 -274.0000000000
19 -273.0000000000
20 -272.0000000000
21 -271.0000000000
23 -270.0000000000
24 -269.0000000000
25 -268.0000000000
26 -267.0000000000
27 -266.0000000000
33 -265.0000000000
34 -264.0000000000
39 -263.0000000000
42 -262.0000000000
43 -261.0000000000
46 -260.0000000000
49 -259.0000000000
52 -258.0000000000
54 -257.0000000000
56 -256.0000000000
57 -255.0000000000
59 -254.0000000000
61 -253.0000000000
65 -252.0000000000
68 -251.0000000000
71 -250.0000000000
72 -249.0000000000
73 -248.0000000000
75 -247.0000000000
78 -246.0000000000
82 -245.0000000000
87 -244.0000000000
88 -243.0000000000
91 -242.0000000000
96 -241.0000000000
97 -240.0000000000
100 -239.0000000000
101 -238.0000000000
105 -237.0000000000
106 -236.0000000000
107 -235.0000000000
110 -234.0000000000
112 -233.0000000000
113 -232.0000000000
115 -231.0000000000
116 -230.0000000000
118 -229.0000000000
119 -228.0000000000
124 -227.0000000000
127 -226.0000000000
128 -225.0000000000
130 -224.0000000000
131 -223.0000000000
132 -222.0000000000
134 -221.0000000000
135 -220.0000000000
136 -219.0000000000
139 -218.0000000000
140 -217.0000000000
141 -216.0000000000
143 -215.0000000000
149 -214.0000000000
154 -213.0000000000
155 -212.0000000000
156 -211.0000000000
158 -210.0000000000
159 -209.0000000000
165 -208.0000000000
168 -207.0000000000
170 -206.0000000000
173 -205.0000000000
177 -204.0000000000
179 -203.0000000000
180 -202.0000000000
182 -201.0000000000
185 -200.0000000000
188 -199.0000000000
189 -198.0000000000
191 -197.0000000000
194 -196.0000000000
196 -195.0000000000
200 -194.0000000000
204 -193.0000000000
206 -192.0000000000
208 -191.0000000000
209 -190.0000000000
214 -189.0000000000
216 -188.0000000000
217 -187.0000000000
218 -186.0000000000
221 -185.0000000000
222 -184.0000000000
223 -183.0000000000
226 -182.0000000000
232 -181.0000000000
233 -180.0000000000
242 -179.0000000000
245 -178.0000000000
247 -177.0000000000
248 -176.0000000000
250 -175.0000000000
253 -174.0000000000
254 -173.0000000000
260 -172.0000000000
262 -171.0000000000
264 -170.0000000000
265 -169.0000000000
266 -168.0000000000
269 -167.0000000000
275 -166.0000000000
276 -165.0000000000
279 -164.0000000000
280 -163.0000000000
285 -162.0000000000
286 -161.0000000000
288 -160.0000000000
289 -159.0000000000
302 -158.0000000000
305 -157.0000000000
309 -156.0000000000
310 -155.0000000000
318 -154.0000000000
319 -153.0000000000
322 -152.0000000000
325 -151.0000000000
326 -150.0000000000
329 -149.0000000000
330 -148.0000000000
331 -147.0000000000
334 -146.0000000000
335 -145.0000000000
348 -144.0000000000
353 -143.0000000000
356 -142.0000000000
358 -141.0000000000
359 -140.0000000000
361 -139.0000000000
362 -138.0000000000
372 -137.0000000000
373 -136.0000000000
375 -135.0000000000
376 -134.0000000000
379 -133.0000000000
380 -132.0000000000
386 -131.0000000000
389 -130.0000000000
392 -129.0000000000
394 -128.0000000000
395 -127.0000000000
396 -126.0000000000
400 -125.0000000000
403 -124.0000000000
413 -123.0000000000
416 -122.0000000000
422 -121.0000000000
429 -120.0000000000
435 -119.0000000000
441 -118.0000000000
442 -117.0000000000
456 -116.0000000000
458 -115.0000000000
461 -114.0000000000
476 -113.0000000000
480 -112.0000000000
484 -111.0000000000
486 -110.0000000000
501 -109.0000000000
507 -108.0000000000
508 -107.0000000000
509 -106.0000000000
510 -105.0000000000
513 -104.0000000000
515 -103.0000000000
517 -102.0000000000
521 -101.0000000000
523 -100.0000000000
529 -99.0000000000
539 -98.0000000000
547 -97.0000000000
555 -96.0000000000
579 -95.0000000000
613 -94.0000000000
616 -93.0000000000
626 -92.0000000000
638 -91.0000000000
643 -90.0000000000
648 -89.0000000000
652 -88.0000000000
666 -87.0000000000
668 -86.0000000000
678 -85.0000000000
680 -84.0000000000
682 -83.0000000000
684 -82.0000000000
689 -81.0000000000
694 -80.0000000000
696 -79.0000000000
697 -78.0000000000
699 -77.0000000000
704 -76.0000000000
708 -75.0000000000
724 -74.0000000000
729 -73.0000000000
734 -72.0000000000
739 -71.0000000000
773 -70.0000000000
777 -69.0000000000
796 -68.0000000000
802 -67.0000000000
822 -66.0000000000
825 -65.0000000000
836 -64.0000000000
838 -63.0000000000
843 -62.0000000000
844 -61.0000000000
846 -60.0000000000
850 -59.0000000000
851 -58.0000000000
864 -57.0000000000
877 -56.0000000000
886 -55.0000000000
888 -54.0000000000
889 -53.0000000000
891 -52.0000000000
900 -51.0000000000
905 -50.0000000000
914 -49.0000000000
928 -48.0000000000
936 -47.0000000000
947 -46.0000000000
951 -45.0000000000
967 -44.0000000000
969 -43.0000000000
970 -42.0000000000
978 -41.0000000000
985 -40.0000000000
986 -39.0000000000
988 -38.0000000000
998 -37.0000000000
1033 -36.0000000000
1034 -35.0000000000
1052 -34.0000000000
1059 -33.0000000000
1069 -32.0000000000
1102 -31.0000000000
1107 -30.0000000000
1109 -29.0000000000
1113 -28.0000000000
1150 -27.0000000000
1195 -26.0000000000
1225 -25.0000000000
1263 -24.0000000000
1266 -23.0000000000
1282 -22.0000000000
1298 -21.0000000000
1339 -20.0000000000
1352 -19.0000000000
1373 -18.0000000000
1376 -17.0000000000
1390 -16.0000000000
1408 -15.0000000000
1421 -14.0000000000
1433 -13.0000000000
1446 -12.0000000000
1461 -11.0000000000
1463 -10.0000000000
1473 -9.0000000000
1506 -8.0000000000
1524 -7.0000000000
1550 -6.0000000000
1565 -5.0000000000
1628 -4.0000000000
1651 -3.0000000000
1716 -2.0000000000
1778 -1.0000000000
1785 496.0000000000
100000 -1.0000000000
evaluations raw_y
1 -301.0000000000
3 -300.0000000000
4 -299.0000000000
5 -298.0000000000
6 -297.0000000000
7 -296.0000000000
8 -295.0000000000
12 -294.0000000000
13 -293.0000000000
14 -292.0000000000
16 -291.0000000000
17 -290.0000000000
18 -289.0000000000
19 -288.0000000000
21 -287.0000000000
22 -286.0000000000
24 -285.0000000000
27 -284.0000000000
31 -283.0000000000
34 -282.0000000000
35 -281.0000000000
37 -280.0000000000
38 -279.0000000000
40 -278.0000000000
41 -277.0000000000
45 -276.0000000000
46 -275.0000000000
47 -274.0000000000
48 -273.0000000000
49 -272.0000000000
51 -271.0000000000
52 -270.0000000000
54 -269.0000000000
55 -268.0000000000
58 -267.0000000000
61 -266.0000000000
62 -265.0000000000
63 -264.0000000000
65 -263.0000000000
66 -262.0000000000
68 -261.0000000000
70 -260.0000000000
72 -259.0000000000
73 -258.0000000000
76 -257.0000000000
79 -256.0000000000
82 -255.0000000000
83 -254.0000000000
84 -253.0000000000
86 -252.0000000000
88 -251.0000000000
89 -250.0000000000
90 -249.0000000000
95 -248.0000000000
101 -247.0000000000
102 -246.0000000000
103 -245.0000000000
112 -244.0000000000
113 -243.0000000000
114 -242.0000000000
116 -241.0000000000
118 -240.0000000000
120 -239.0000000000
122 -238.0000000000
123 -237.0000000000
125 -236.0000000000
129 -235.0000000000
130 -234.0000000000
132 -233.0000000000
135 -232.0000000000
139 -231.0000000000
147 -230.0000000000
148 -229.0000000000
150 -228.0000000000
152 -227.0000000000
156 -226.0000000000
161 -225.0000000000
163 -224.0000000000
164 -223.0000000000
166 -222.0000000000
168 -221.0000000000
169 -220.0000000000
180 -219.0000000000
190 -218.0000000000
195 -217.0000000000
198 -216.0000000000
199 -215.0000000000
203 -214.0000000000
204 -213.0000000000
208 -212.0000000000
215 -211.0000000000
219 -210.0000000000
222 -209.0000000000
223 -208.0000000000
224 -207.0000000000
225 -206.0000000000
228 -205.0000000000
234 -204.0000000000
240 -203.0000000000
243 -202.0000000000
244 -201.0000000000
247 -200.0000000000
250 -199.0000000000
251 -198.0000000000
258 -197.0000000000
260 -196.0000000000
261 -195.0000000000
262 -194.0000000000
264 -193.0000000000
267 -192.0000000000
270 -191.0000000000
274 -190.0000000000
282 -189.0000000000
285 -188.0000000000
287 -187.0000000000
288 -186.0000000000
290 -185.0000000000
291 -184.0000000000
299 -183.0000000000
300 -182.0000000000
301 -181.0000000000
304 -180.0000000000
305 -179.0000000000
312 -178.0000000000
313 -177.0000000000
314 -176.0000000000
315 -175.0000000000
320 -174.0000000000
324 -173.0000000000
332 -172.0000000000
334 -171.0000000000
335 -170.0000000000
338 -169.0000000000
339 -168.0000000000
341 -167.0000000000
347 -166.0000000000
355 -165.0000000000
361 -164.0000000000
365 -163.0000000000
367 -162.0000000000
368 -161.0000000000
370 -160.0000000000
384 -159.0000000000
385 -158.0000000000
388 -157.0000000000
390 -156.0000000000
396 -155.0000000000
401 -154.0000000000
402 -153.0000000000
410 -152.0000000000
413 -151.0000000000
424 -150.0000000000
428 -149.0000000000
430 -148.0000000000
439 -147.0000000000
440 -146.0000000000
441 -145.0000000000
446 -144.0000000000
447 -143.0000000000
453 -142.0000000000
456 -141.0000000000
458 -140.0000000000
465 -139.0000000000
480 -138.0000000000
481 -137.0000000000
482 -136.0000000000
487 -135.0000000000
493 -134.0000000000
495 -133.0000000000
501 -132.0000000000
503 -131.0000000000
504 -130.0000000000
509 -129.0000000000
512 -128.0000000000
516 -127.0000000000
518 -126.0000000000
521 -125.0000000000
527 -124.0000000000
528 -123.0000000000
530 -122.0000000000
533 -121.0000000000
542 -120.0000000000
556 -119.0000000000
557 -118.0000000000
560 -117.0000000000
562 -116.0000000000
567 -115.0000000000
578 -114.0000000000
579 -113.0000000000
583 -112.0000000000
586 -111.0000000000
591 -110.0000000000
614 -109.0000000000
616 -108.0000000000
618 -107.0000000000
622 -106.0000000000
625 -105.0000000000
633 -104.0000000000
640 -103.0000000000
641 -102.0000000000
646 -101.0000000000
647 -100.0000000000
648 -99.0000000000
651 -98.0000000000
652 -97.0000000000
660 -96.0000000000
669 -95.0000000000
675 -94.0000000000
681 -93.0000000000
688 -92.0000000000
691 -91.0000000000
697 -90.0000000000
698 -89.0000000000
704 -88.0000000000
711 -87.0000000000
715 -86.0000000000
720 -85.0000000000
732 -84.0000000000
739 -83.0000000000
743 -82.0000000000
755 -81.0000000000
762 -80.0000000000
763 -79.0000000000
774 -78.0000000000
787 -77.0000000000
789 -76.0000000000
793 -75.0000000000
797 -74.0000000000
800 -73.0000000000
808 -72.0000000000
825 -71.0000000000
826 -70.0000000000
840 -69.0000000000
868 -68.0000000000
870 -67.0000000000
881 -66.0000000000
889 -65.0000000000
900 -64.0000000000
906 -63.0000000000
912 -62.0000000000
916 -61.0000000000
921 -60.0000000000
924 -59.0000000000
942 -58.0000000000
947 -57.0000000000
960 -56.0000000000
976 -55.0000000000
979 -54.0000000000
996 -53.0000000000
998 -52.0000000000
1024 -51.0000000000
1025 -50.0000000000
1029 -49.0000000000
1039 -48.0000000000
1050 -47.0000000000
1051 -46.0000000000
1056 -45.0000000000
1064 -44.0000000000
1067 -43.0000000000
1070 -42.0000000000
1092 -41.0000000000
1097 -40.0000000000
1104 -39.0000000000
1136 -38.0000000000
1151 -37.0000000000
1167 -36.0000000000
1172 -35.0000000000
1181 -34.0000000000
1201 -33.0000000000
1202 -32.0000000000
1220 -31.0000000000
1225 -30.0000000000
1239 -29.0000000000
1251 -28.0000000000
1270 -27.0000000000
1282 -26.0000000000
1297 -25.0000000000
1301 -24.0000000000
1312 -23.0000000000
1314 -22.0000000000
1326 -21.0000000000
1339 -20.0000000000
1351 -19.0000000000
1366 -18.0000000000
1374 -17.0000000000
1384 -16.0000000000
1407 -15.0000000000
1408 -14.0000000000
1430 -13.0000000000
1444 -12.0000000000
1451 -11.0000000000
1513 -10.0000000000
1522 -9.0000000000
1526 -8.0000000000
1538 -7.0000000000
1546 -6.0000000000
1597 -5.0000000000
1745 -4.0000000000
1754 -3.0000000000
1763 -2.0000000000
1795 -1.0000000000
1814 516.0000000000
100000 -1.0000000000
evaluations raw_y
1 -300.0000000000
4 -299.0000000000
5 -298.0000000000
6 -297.0000000000
7 -296.0000000000
8 -295.0000000000
9 -294.0000000000
10 -293.0000000000
11 -292.0000000000
13 -291.0000000000
14 -290.0000000000
15 -289.0000000000
18 -288.0000000000
19 -287.0000000000
20 -286.0000000000
23 -285.0000000000
24 -284.0000000000
25 -283.0000000000
29 -282.0000000000
30 -281.0000000000
34 -280.0000000000
36 -279.0000000000
37 -278.0000000000
42 -277.0000000000
44 -276.0000000000
46 -275.0000000000
50 -274.0000000000
51 -273.0000000000
52 -272.0000000000
55 -271.0000000000
56 -270.0000000000
57 -269.0000000000
59 -268.0000000000
60 -267.0000000000
61 -266.0000000000
62 -265.0000000000
64 -264.0000000000
65 -263.0000000000
66 -262.0000000000
67 -261.0000000000
68 -260.0000000000
69 -259.0000000000
70 -258.0000000000
72 -257.0000000000
73 -256.0000000000
76 -255.0000000000
78 -254.0000000000
82 -253.0000000000
83 -252.0000000000
84 -251.0000000000
85 -250.0000000000
87 -249.0000000000
88 -248.0000000000
94 -247.0000000000
95 -246.0000000000
96 -245.0000000000
97 -244.0000000000
99 -243.0000000000
102 -242.0000000000
106 -241.0000000000
109 -240.0000000000
110 -239.0000000000
111 -238.0000000000
114 -237.0000000000
116 -236.0000000000
118 -235.0000000000
119 -234.0000000000
120 -233.0000000000
123 -232.0000000000
125 -231.0000000000
126 -230.0000000000
127 -229.0000000000
129 -228.0000000000
135 -227.0000000000
136 -226.0000000000
137 -225.0000000000
138 -224.0000000000
139 -223.0000000000
151 -222.0000000000
157 -221.0000000000
158 -220.0000000000
160 -219.0000000000
164 -218.0000000000
166 -217.0000000000
168 -216.0000000000
169 -215.0000000000
170 -214.0000000000
173 -213.0000000000
177 -212.0000000000
178 -211.0000000000
179 -210.0000000000
180 -209.0000000000
185 -208.0000000000
189 -207.0000000000
192 -206.0000000000
193 -205.0000000000
195 -204.0000000000
199 -203.0000000000
206 -202.0000000000
209 -201.0000000000
212 -200.0000000000
215 -199.0000000000
220 -198.0000000000
223 -197.0000000000
226 -196.0000000000
229 -195.0000000000
230 -194.0000000000
231 -193.0000000000
235 -192.0000000000
236 -191.0000000000
237 -190.0000000000
240 -189.0000000000
241 -188.0000000000
242 -187.0000000000
243 -186.0000000000
246 -185.0000000000
248 -184.0000000000
250 -183.0000000000
251 -182.0000000000
252 -181.0000000000
255 -180.0000000000
258 -179.0000000000
263 -178.0000000000
272 -177.0000000000
274 -176.0000000000
276 -175.0000000000
279 -174.0000000000
280 -173.0000000000
281 -172.0000000000
282 -171.0000000000
287 -170.0000000000
298 -169.0000000000
302 -168.0000000000
306 -167.0000000000
309 -166.0000000000
313 -165.0000000000
318 -164.0000000000
320 -163.0000000000
324 -162.0000000000
329 -161.0000000000
332 -160.0000000000
333 -159.0000000000
336 -158.0000000000
338 -157.0000000000
340 -156.0000000000
343 -155.0000000000
344 -154.0000000000
350 -153.0000000000
352 -152.0000000000
353 -151.0000000000
355 -150.0000000000
358 -149.0000000000
362 -148.0000000000
364 -147.0000000000
366 -146.0000000000
374 -145.0000000000
375 -144.0000000000
377 -143.0000000000
378 -142.0000000000
385 -141.0000000000
393 -140.0000000000
397 -139.0000000000
398 -138.0000000000
403 -137.0000000000
405 -136.0000000000
407 -135.0000000000
409 -134.0000000000
413 -133.0000000000
415 -132.0000000000
418 -131.0000000000
424 -130.0000000000
450 -129.0000000000
451 -128.0000000000
452 -127.0000000000
454 -126.0000000000
459 -125.0000000000
463 -124.0000000000
468 -123.0000000000
478 -122.0000000000
484 -121.0000000000
485 -120.0000000000
487 -119.0000000000
491 -118.0000000000
503 -117.0000000000
509 -116.0000000000
513 -115.0000000000
517 -114.0000000000
522 -113.0000000000
529 -112.0000000000
531 -111.0000000000
536 -110.0000000000
540 -109.0000000000
572 -108.0000000000
573 -107.0000000000
588 -106.0000000000
589 -105.0000000000
597 -104.0000000000
598 -103.0000000000
603 -102.0000000000
605 -101.0000000000
607 -100.0000000000
617 -99.0000000000
619 -98.0000000000
620 -97.0000000000
626 -96.0000000000
640 -95.0000000000
646 -94.0000000000
648 -93.0000000000
650 -92.0000000000
658 -91.0000000000
661 -90.0000000000
663 -89.0000000000
665 -88.0000000000
672 -87.0000000000
678 -86.0000000000
684 -85.0000000000
690 -84.0000000000
698 -83.0000000000
700 -82.0000000000
706 -81.0000000000
714 -80.0000000000
718 -79.0000000000
719 -78.0000000000
722 -77.0000000000
725 -76.0000000000
734 -75.0000000000
739 -74.0000000000
748 -73.0000000000
756 -72.0000000000
792 -71.0000000000
795 -70.0000000000
806 -69.0000000000
811 -68.0000000000
817 -67.0000000000
846 -66.0000000000
857 -65.0000000000
861 -64.0000000000
898 -63.0000000000
903 -62.0000000000
909 -61.0000000000
913 -60.0000000000
926 -59.0000000000
929 -58.0000000000
934 -57.0000000000
936 -56.0000000000
950 -55.0000000000
957 -54.0000000000
958 -53.0000000000
968 -52.0000000000
982 -51.0000000000
990 -50.0000000000
993 -49.0000000000
1002 -48.0000000000
1006 -47.0000000000
1015 -46.0000000000
1022 -45.0000000000
1030 -44.0000000000
1031 -43.0000000000
1054 -42.0000000000
1064 -41.0000000000
1078 -40.0000000000
1079 -39.0000000000
1092 -38.0000000000
1104 -37.0000000000
1120 -36.0000000000
1125 -35.0000000000
1145 -34.0000000000
1153 -33.0000000000
1177 -32.0000000000
1209 -31.0000000000
1221 -30.0000000000
1226 -29.0000000000
1271 -28.0000000000
1287 -27.0000000000
1302 -26.0000000000
1313 -25.0000000000
1316 -24.0000000000
1322 -23.0000000000
1331 -22.0000000000
1363 -21.0000000000
1379 -20.0000000000
1390 -19.0000000000
1420 -18.0000000000
1443 -17.0000000000
1455 -16.0000000000
1545 -15.0000000000
1554 -14.0000000000
1573 -13.0000000000
1592 -12.0000000000
1598 -11.0000000000
1622 -10.0000000000
1656 -9.0000000000
1704 -8.0000000000
1734 -7.0000000000
1759 -6.0000000000
1812 -5.0000000000
1843 -4.0000000000
1899 -3.0000000000
1902 -2.0000000000
1947 -1.0000000000
1969 484.0000000000
100000 -1.0000000000
evaluations raw_y
1 -286.0000000000
2 -285.0000000000
3 -284.0000000000
4 -283.0000000000
11 -282.0000000000
17 -281.0000000000
18 -280.0000000000
19 -279.0000000000
21 -278.0000000000
22 -277.0000000000
23 -276.0000000000
24 -275.0000000000
28 -274.0000000000
30 -273.0000000000
31 -272.0000000000
32 -271.0000000000
34 -270.0000000000
35 -269.0000000000
36 -268.0000000000
37 -267.0000000000
42 -266.0000000000
44 -265.0000000000
45 -264.0000000000
47 -263.0000000000
48 -262.0000000000
52 -261.0000000000
56 -260.0000000000
57 -259.0000000000
61 -258.0000000000
65 -257.0000000000
73 -256.0000000000
75 -255.0000000000
76 -254.0000000000
77 -253.0000000000
79 -252.0000000000
81 -251.0000000000
84 -250.0000000000
85 -249.0000000000
86 -248.0000000000
90 -247.0000000000
92 -246.0000000000
93 -245.0000000000
97 -244.0000000000
103 -243.0000000000
104 -242.0000000000
105 -241.0000000000
107 -240.0000000000
108 -239.0000000000
109 -238.0000000000
110 -237.0000000000
112 -236.0000000000
113 -235.0000000000
121 -234.0000000000
137 -233.0000000000
141 -232.0000000000
142 -231.0000000000
143 -230.0000000000
145 -229.0000000000
146 -228.0000000000
149 -227.0000000000
151 -226.0000000000
152 -225.0000000000
153 -224.0000000000
154 -223.0000000000
155 -222.0000000000
157 -221.0000000000
159 -220.0000000000
160 -219.0000000000
161 -218.0000000000
162 -217.0000000000
163 -216.0000000000
164 -215.0000000000
166 -214.0000000000
175 -213.0000000000
177 -212.0000000000
178 -211.0000000000
180 -210.0000000000
184 -209.0000000000
185 -208.0000000000
193 -207.0000000000
196 -206.0000000000
197 -205.0000000000
198 -204.0000000000
199 -203.0000000000
200 -202.0000000000
201 -201.0000000000
206 -200.0000000000
208 -199.0000000000
209 -198.0000000000
214 -197.0000000000
222 -196.0000000000
223 -195.0000000000
225 -194.0000000000
227 -193.0000000000
228 -192.0000000000
231 -191.0000000000
234 -190.0000000000
238 -189.0000000000
243 -188.0000000000
247 -187.0000000000
249 -186.0000000000
250 -185.0000000000
251 -184.0000000000
253 -183.0000000000
256 -182.0000000000
257 -181.0000000000
261 -180.0000000000
263 -179.0000000000
264 -178.0000000000
271 -177.0000000000
277 -176.0000000000
278 -175.0000000000
285 -174.0000000000
293 -173.0000000000
298 -172.0000000000
303 -171.0000000000
304 -170.0000000000
305 -169.0000000000
306 -168.0000000000
308 -167.0000000000
309 -166.0000000000
312 -165.0000000000
317 -164.0000000000
318 -163.0000000000
320 -162.0000000000
321 -161.0000000000
323 -160.0000000000
324 -159.0000000000
334 -158.0000000000
336 -157.0000000000
338 -156.0000000000
340 -155.0000000000
341 -154.0000000000
343 -153.0000000000
345 -152.0000000000
351 -151.0000000000
359 -150.0000000000
366 -149.0000000000
368 -148.0000000000
371 -147.0000000000
376 -146.0000000000
382 -145.0000000000
385 -144.0000000000
389 -143.0000000000
394 -142.0000000000
395 -141.0000000000
397 -140.0000000000
398 -139.0000000000
399 -138.0000000000
402 -137.0000000000
427 -136.0000000000
429 -135.0000000000
433 -134.0000000000
436 -133.0000000000
438 -132.0000000000
444 -131.0000000000
446 -130.0000000000
447 -129.0000000000
448 -128.0000000000
450 -127.0000000000
451 -126.0000000000
456 -125.0000000000
458 -124.0000000000
459 -123.0000000000
461 -122.0000000000
463 -121.0000000000
464 -120.0000000000
465 -119.0000000000
467 -118.0000000000
469 -117.0000000000
475 -116.0000000000
477 -115.0000000000
487 -114.0000000000
488 -113.0000000000
490 -112.0000000000
491 -111.0000000000
499 -110.0000000000
507 -109.0000000000
510 -108.0000000000
511 -107.0000000000
513 -106.0000000000
515 -105.0000000000
519 -104.0000000000
525 -103.0000000000
526 -102.0000000000
535 -101.0000000000
536 -100.0000000000
543 -99.0000000000
545 -98.0000000000
553 -97.0000000000
556 -96.0000000000
563 -95.0000000000
564 -94.0000000000
575 -93.0000000000
583 -92.0000000000
586 -91.0000000000
598 -90.0000000000
600 -89.0000000000
601 -88.0000000000
602 -87.0000000000
617 -86.0000000000
636 -85.0000000000
641 -84.0000000000
642 -83.0000000000
649 -82.0000000000
650 -81.0000000000
657 -80.0000000000
663 -79.0000000000
673 -78.0000000000
674 -77.0000000000
690 -76.0000000000
695 -75.0000000000
707 -74.0000000000
709 -73.0000000000
710 -72.0000000000
715 -71.0000000000
717 -70.0000000000
726 -69.0000000000
727 -68.0000000000
739 -67.0000000000
755 -66.0000000000
765 -65.0000000000
770 -64.0000000000
779 -63.0000000000
781 -62.0000000000
787 -61.0000000000
789 -60.0000000000
796 -59.0000000000
799 -58.0000000000
812 -57.0000000000
813 -56.0000000000
821 -55.0000000000
824 -54.0000000000
829 -53.0000000000
832 -52.0000000000
843 -51.0000000000
873 -50.0000000000
877 -49.0000000000
878 -48.0000000000
884 -47.0000000000
885 -46.0000000000
893 -45.0000000000
898 -44.0000000000
903 -43.0000000000
926 -42.0000000000
947 -41.0000000000
953 -40.0000000000
969 -39.0000000000
974 -38.0000000000
983 -37.0000000000
995 -36.0000000000
998 -35.0000000000
1027 -34.0000000000
1028 -33.0000000000
1052 -32.0000000000
1148 -31.0000000000
1149 -30.0000000000
1159 -29.0000000000
1166 -28.0000000000
1182 -27.0000000000
1194 -26.0000000000
1199 -25.0000000000
1233 -24.0000000000
1264 -23.0000000000
1283 -22.0000000000
1314 -21.0000000000
1323 -20.0000000000
1333 -19.0000000000
1378 -18.0000000000
1391 -17.0000000000
1395 -16.0000000000
1396 -15.0000000000
1402 -14.0000000000
1414 -13.0000000000
1422 -12.0000000000
1425 -11.0000000000
1429 -10.0000000000
1494 -9.0000000000
1510 -8.0000000000
1561 -7.0000000000
1586 -6.0000000000
1596 -5.0000000000
1602 -4.0000000000
1649 -3.0000000000
1655 -2.0000000000
1708 -1.0000000000
1722 505.0000000000
100000 -1.0000000000
evaluations raw_y
1 -281.0000000000
2 -280.0000000000
4 -279.0000000000
8 -278.0000000000
9 -277.0000000000
12 -276.0000000000
13 -275.0000000000
14 -274.0000000000
15 -273.0000000000
16 -272.0000000000
17 -271.0000000000
18 -270.0000000000
21 -269.0000000000
22 -268.0000000000
24 -267.0000000000
28 -266.0000000000
29 -265.0000000000
30 -264.0000000000
34 -263.0000000000
35 -262.0000000000
37 -261.0000000000
40 -260.0000000000
41 -259.0000000000
43 -258.0000000000
44 -257.0000000000
45 -256.0000000000
47 -255.0000000000
48 -254.0000000000
49 -253.0000000000
50 -252.0000000000
52 -251.0000000000
59 -250.0000000000
60 -249.0000000000
64 -248.0000000000
65 -247.0000000000
66 -246.0000000000
68 -245.0000000000
72 -244.0000000000
75 -243.0000000000
77 -242.0000000000
78 -241.0000000000
79 -240.0000000000
81 -239.0000000000
85 -238.0000000000
91 -237.0000000000
92 -236.0000000000
94 -235.0000000000
95 -234.0000000000
98 -233.0000000000
99 -232.0000000000
102 -231.0000000000
103 -230.0000000000
105 -229.0000000000
106 -228.0000000000
107 -227.0000000000
108 -226.0000000000
109 -225.0000000000
110 -224.0000000000
111 -223.0000000000
113 -222.0000000000
118 -221.0000000000
120 -220.0000000000
127 -219.0000000000
129 -218.0000000000
131 -217.0000000000
134 -216.0000000000
135 -215.0000000000
137 -214.0000000000
139 -213.0000000000
140 -212.0000000000
143 -211.0000000000
144 -210.0000000000
145 -209.0000000000
148 -208.0000000000
150 -207.0000000000
153 -206.0000000000
154 -205.0000000000
155 -204.0000000000
157 -203.0000000000
160 -202.0000000000
162 -201.0000000000
169 -200.0000000000
172 -199.0000000000
176 -198.0000000000
177 -197.0000000000
184 -196.0000000000
185 -195.0000000000
186 -194.0000000000
189 -193.0000000000
191 -192.0000000000
195 -191.0000000000
196 -190.0000000000
197 -189.0000000000
198 -188.0000000000
200 -187.0000000000
201 -186.0000000000
210 -185.0000000000
218 -184.0000000000
220 -183.0000000000
222 -182.0000000000
223 -181.0000000000
228 -180.0000000000
230 -179.0000000000
232 -178.0000000000
234 -177.0000000000
236 -176.0000000000
237 -175.0000000000
239 -174.0000000000
248 -173.0000000000
255 -172.0000000000
256 -171.0000000000
257 -170.0000000000
269 -169.0000000000
270 -168.0000000000
274 -167.0000000000
281 -166.0000000000
282 -165.0000000000
289 -164.0000000000
296 -163.0000000000
298 -162.0000000000
302 -161.0000000000
304 -160.0000000000
305 -159.0000000000
307 -158.0000000000
310 -157.0000000000
311 -156.0000000000
315 -155.0000000000
326 -154.0000000000
327 -153.0000000000
329 -152.0000000000
336 -151.0000000000
340 -150.0000000000
356 -149.0000000000
359 -148.0000000000
365 -147.0000000000
366 -146.0000000000
370 -145.0000000000
371 -144.0000000000
373 -143.0000000000
376 -142.0000000000
377 -141.0000000000
378 -140.0000000000
381 -139.0000000000
385 -138.0000000000
388 -137.0000000000
398 -136.0000000000
402 -135.0000000000
414 -134.0000000000
417 -133.0000000000
425 -132.0000000000
426 -131.0000000000
427 -130.0000000000
428 -129.0000000000
430 -128.0000000000
434 -127.0000000000
437 -126.0000000000
438 -125.0000000000
447 -124.0000000000
450 -123.0000000000
455 -122.0000000000
465 -121.0000000000
466 -120.0000000000
468 -119.0000000000
483 -118.0000000000
484 -117.0000000000
488 -116.0000000000
495 -115.0000000000
500 -114.0000000000
503 -113.0000000000
505 -112.0000000000
518 -111.0000000000
519 -110.0000000000
522 -109.0000000000
523 -108.0000000000
526 -107.0000000000
527 -106.0000000000
543 -105.0000000000
545 -104.0000000000
557 -103.0000000000
560 -102.0000000000
561 -101.0000000000
564 -100.0000000000
580 -99.0000000000
585 -98.0000000000
601 -97.0000000000
607 -96.0000000000
616 -95.0000000000
626 -94.0000000000
631 -93.0000000000
638 -92.0000000000
643 -91.0000000000
645 -90.0000000000
651 -89.0000000000
652 -88.0000000000
655 -87.0000000000
664 -86.0000000000
666 -85.0000000000
669 -84.0000000000
681 -83.0000000000
683 -82.0000000000
687 -81.0000000000
688 -80.0000000000
693 -79.0000000000
694 -78.0000000000
712 -77.0000000000
717 -76.0000000000
721 -75.0000000000
723 -74.0000000000
728 -73.0000000000
732 -72.0000000000
736 -71.0000000000
749 -70.0000000000
756 -69.0000000000
762 -68.0000000000
764 -67.0000000000
776 -66.0000000000
782 -65.0000000000
792 -64.0000000000
800 -63.0000000000
821 -62.0000000000
827 -61.0000000000
834 -60.0000000000
841 -59.0000000000
843 -58.0000000000
855 -57.0000000000
864 -56.0000000000
866 -55.0000000000
870 -54.0000000000
872 -53.0000000000
874 -52.0000000000
875 -51.0000000000
886 -50.0000000000
903 -49.0000000000
919 -48.0000000000
924 -47.0000000000
925 -46.0000000000
945 -45.0000000000
951 -44.0000000000
955 -43.0000000000
961 -42.0000000000
963 -41.0000000000
966 -40.0000000000
993 -39.0000000000
1043 -38.0000000000
1046 -37.0000000000
1080 -36.0000000000
1095 -35.0000000000
1106 -34.0000000000
1110 -33.0000000000
1130 -32.0000000000
1155 -31.0000000000
1165 -30.0000000000
1172 -29.0000000000
1210 -28.0000000000
1234 -27.0000000000
1253 -26.0000000000
1256 -25.0000000000
1262 -24.0000000000
1299 -23.0000000000
1300 -22.0000000000
1337 -21.0000000000
1441 -20.0000000000
1469 -19.0000000000
1476 -18.0000000000
1529 -17.0000000000
1561 -16.0000000000
1563 -15.0000000000
1608 -14.0000000000
1636 -13.0000000000
1643 -12.0000000000
1675 -11.0000000000
1694 -10.0000000000
1732 -9.0000000000
1742 -8.0000000000
1745 -7.0000000000
1749 -6.0000000000
1750 -5.0000000000
1767 -4.0000000000
1797 -3.0000000000
1812 -2.0000000000
1906 -1.0000000000
1909 452.0000000000
100000 -1.0000000000
evaluations raw_y
1 -306.0000000000
3 -305.0000000000
5 -304.0000000000
7 -303.0000000000
9 -302.0000000000
10 -301.0000000000
11 -300.0000000000
13 -299.0000000000
15 -298.0000000000
18 -297.0000000000
19 -296.0000000000
20 -295.0000000000
21 -294.0000000000
23 -293.0000000000
26 -292.0000000000
27 -291.0000000000
28 -290.0000000000
31 -289.0000000000
34 -288.0000000000
38 -287.0000000000
39 -286.0000000000
43 -285.0000000000
45 -284.0000000000
46 -283.0000000000
47 -282.0000000000
48 -281.0000000000
52 -280.0000000000
55 -279.0000000000
60 -278.0000000000
63 -277.0000000000
66 -276.0000000000
67 -275.0000000000
70 -274.0000000000
71 -273.0000000000
72 -272.0000000000
74 -271.0000000000
75 -270.0000000000
76 -269.0000000000
77 -268.0000000000
78 -267.0000000000
81 -266.0000000000
82 -265.0000000000
87 -264.0000000000
88 -263.0000000000
89 -262.0000000000
90 -261.0000000000
93 -260.0000000000
96 -259.0000000000
97 -258.0000000000
98 -257.0000000000
99 -256.0000000000
103 -255.0000000000
104 -254.0000000000
105 -253.0000000000
108 -252.0000000000
112 -251.0000000000
115 -250.0000000000
116 -249.0000000000
118 -248.0000000000
119 -247.0000000000
120 -246.0000000000
123 -245.0000000000
124 -244.0000000000
125 -243.0000000000
130 -242.0000000000
131 -241.0000000000
132 -240.0000000000
139 -239.0000000000
141 -238.0000000000
143 -237.0000000000
150 -236.0000000000
151 -235.0000000000
152 -234.0000000000
154 -233.0000000000
155 -232.0000000000
156 -231.0000000000
157 -230.0000000000
161 -229.0000000000
162 -228.0000000000
163 -227.0000000000
165 -226.0000000000
167 -225.0000000000
175 -224.0000000000
182 -223.0000000000
188 -222.0000000000
189 -221.0000000000
190 -220.0000000000
196 -219.0000000000
201 -218.0000000000
202 -217.0000000000
204 -216.0000000000
211 -215.0000000000
212 -214.0000000000
213 -213.0000000000
219 -212.0000000000
223 -211.0000000000
226 -210.0000000000
231 -209.0000000000
232 -208.0000000000
245 -207.0000000000
248 -206.0000000000
251 -205.0000000000
259 -204.0000000000
260 -203.0000000000
262 -202.0000000000
263 -201.0000000000
273 -200.0000000000
279 -199.0000000000
284 -198.0000000000
286 -197.0000000000
288 -196.0000000000
290 -195.0000000000
291 -194.0000000000
292 -193.0000000000
294 -192.0000000000
296 -191.0000000000
297 -190.0000000000
298 -189.0000000000
299 -188.0000000000
305 -187.0000000000
306 -186.0000000000
314 -185.0000000000
317 -184.0000000000
318 -183.0000000000
320 -182.0000000000
321 -181.0000000000
323 -180.0000000000
329 -179.0000000000
330 -178.0000000000
332 -177.0000000000
333 -176.0000000000
334 -175.0000000000
339 -174.0000000000
341 -173.0000000000
343 -172.0000000000
344 -171.0000000000
351 -170.0000000000
352 -169.0000000000
355 -168.0000000000
361 -167.0000000000
363 -166.0000000000
369 -165.0000000000
377 -164.0000000000
379 -163.0000000000
383 -162.0000000000
390 -161.0000000000
391 -160.0000000000
392 -159.0000000000
396 -158.0000000000
398 -157.0000000000
404 -156.0000000000
405 -155.0000000000
406 -154.0000000000
410 -153.0000000000
416 -152.0000000000
417 -151.0000000000
422 -150.0000000000
423 -149.0000000000
441 -148.0000000000
445 -147.0000000000
446 -146.0000000000
448 -145.0000000000
452 -144.0000000000
456 -143.0000000000
460 -142.0000000000
461 -141.0000000000
464 -140.0000000000
469 -139.0000000000
475 -138.0000000000
478 -137.0000000000
481 -136.0000000000
484 -135.0000000000
490 -134.0000000000
492 -133.0000000000
494 -132.0000000000
500 -131.0000000000
503 -130.0000000000
506 -129.0000000000
508 -128.0000000000
512 -127.0000000000
513 -126.0000000000
522 -125.0000000000
523 -124.0000000000
532 -123.0000000000
536 -122.0000000000
537 -121.0000000000
548 -120.0000000000
551 -119.0000000000
552 -118.0000000000
553 -117.0000000000
562 -116.0000000000
564 -115.0000000000
574 -114.0000000000
577 -113.0000000000
578 -112.0000000000
580 -111.0000000000
584 -110.0000000000
587 -109.0000000000
588 -108.0000000000
590 -107.0000000000
591 -106.0000000000
593 -105.0000000000
594 -104.0000000000
595 -103.0000000000
605 -102.0000000000
607 -101.0000000000
619 -100.0000000000
620 -99.0000000000
621 -98.0000000000
625 -97.0000000000
629 -96.0000000000
630 -95.0000000000
639 -94.0000000000
642 -93.0000000000
643 -92.0000000000
649 -91.0000000000
651 -90.0000000000
656 -89.0000000000
663 -88.0000000000
664 -87.0000000000
667 -86.0000000000
677 -85.0000000000
680 -84.0000000000
701 -83.0000000000
706 -82.0000000000
712 -81.0000000000
719 -80.0000000000
723 -79.0000000000
735 -78.0000000000
736 -77.0000000000
740 -76.0000000000
744 -75.0000000000
747 -74.0000000000
748 -73.0000000000
750 -72.0000000000
764 -71.0000000000
771 -70.0000000000
776 -69.0000000000
783 -68.0000000000
788 -67.0000000000
794 -66.0000000000
814 -65.0000000000
817 -64.0000000000
818 -63.0000000000
823 -62.0000000000
832 -61.0000000000
833 -60.0000000000
836 -59.0000000000
838 -58.0000000000
846 -57.0000000000
865 -56.0000000000
866 -55.0000000000
870 -54.0000000000
891 -53.0000000000
896 -52.0000000000
904 -51.0000000000
910 -50.0000000000
920 -49.0000000000
921 -48.0000000000
930 -47.0000000000
936 -46.0000000000
939 -45.0000000000
940 -44.0000000000
952 -43.0000000000
967 -42.0000000000
974 -41.0000000000
985 -40.0000000000
996 -39.0000000000
999 -38.0000000000
1009 -37.0000000000
1016 -36.0000000000
1027 -35.0000000000
1029 -34.0000000000
1034 -33.0000000000
1043 -32.0000000000
1072 -31.0000000000
1088 -30.0000000000
1094 -29.0000000000
1098 -28.0000000000
1124 -27.0000000000
1127 -26.0000000000
1132 -25.0000000000
1143 -24.0000000000
1182 -23.0000000000
1222 -22.0000000000
1237 -21.0000000000
1251 -20.0000000000
1258 -19.0000000000
1266 -18.0000000000
1267 -17.0000000000
1288 -16.0000000000
1293 -15.0000000000
1294 -14.0000000000
1313 -13.0000000000
1317 -12.0000000000
1350 -11.0000000000
1355 -10.0000000000
1358 -9.0000000000
1376 -8.0000000000
1399 -7.0000000000
1419 -6.0000000000
1420 -5.0000000000
1432 -4.0000000000
1434 -3.0000000000
1437 -2.0000000000
1478 -1.0000000000
1518 498.0000000000
100000 -1.0000000000
evaluations raw_y
1 -285.0000000000
2 -284.0000000000
6 -283.0000000000
8 -282.0000000000
9 -281.0000000000
10 -280.0000000000
12 -279.0000000000
14 -278.0000000000
17 -277.0000000000
19 -276.0000000000
22 -275.0000000000
23 -274.0000000000
26 -273.0000000000
27 -272.0000000000
29 -271.0000000000
30 -270.0000000000
33 -269.0000000000
36 -268.0000000000
45 -267.0000000000
46 -266.0000000000
50 -265.0000000000
53 -264.0000000000
54 -263.0000000000
57 -262.0000000000
62 -261.0000000000
63 -260.0000000000
65 -259.0000000000
66 -258.0000000000
72 -257.0000000000
73 -256.0000000000
76 -255.0000000000
77 -254.0000000000
79 -253.0000000000
80 -252.0000000000
81 -251.0000000000
83 -250.0000000000
89 -249.0000000000
90 -248.0000000000
91 -247.0000000000
94 -246.0000000000
96 -245.0000000000
97 -244.0000000000
99 -243.0000000000
101 -242.0000000000
103 -241.0000000000
106 -240.0000000000
107 -239.0000000000
108 -238.0000000000
113 -237.0000000000
114 -236.0000000000
115 -235.0000000000
117 -234.0000000000
119 -233.0000000000
120 -232.0000000000
121 -231.0000000000
124 -230.0000000000
125 -229.0000000000
127 -228.0000000000
128 -227.0000000000
133 -226.0000000000
135 -225.0000000000
140 -224.0000000000
143 -223.0000000000
150 -222.0000000000
151 -221.0000000000
153 -220.0000000000
155 -219.0000000000
158 -218.0000000000
163 -217.0000000000
165 -216.0000000000
167 -215.0000000000
174 -214.0000000000
176 -213.0000000000
177 -212.0000000000
181 -211.0000000000
183 -210.0000000000
184 -209.0000000000
186 -208.0000000000
188 -207.0000000000
191 -206.0000000000
192 -205.0000000000
197 -204.0000000000
202 -203.0000000000
203 -202.0000000000
209 -201.0000000000
211 -200.0000000000
212 -199.0000000000
214 -198.0000000000
218 -197.0000000000
219 -196.0000000000
222 -195.0000000000
223 -194.0000000000
224 -193.0000000000
226 -192.0000000000
227 -191.0000000000
234 -190.0000000000
236 -189.0000000000
239 -188.0000000000
245 -187.0000000000
253 -186.0000000000
254 -185.0000000000
255 -184.0000000000
256 -183.0000000000
257 -182.0000000000
258 -181.0000000000
260 -180.0000000000
261 -179.0000000000
267 -178.0000000000
271 -177.0000000000
276 -176.0000000000
285 -175.0000000000
286 -174.0000000000
290 -173.0000000000
292 -172.0000000000
295 -171.0000000000
296 -170.0000000000
302 -169.0000000000
305 -168.0000000000
314 -167.0000000000
316 -166.0000000000
319 -165.0000000000
324 -164.0000000000
326 -163.0000000000
329 -162.0000000000
330 -161.0000000000
331 -160.0000000000
332 -159.0000000000
333 -158.0000000000
337 -157.0000000000
341 -156.0000000000
342 -155.0000000000
345 -154.0000000000
348 -153.0000000000
352 -152.0000000000
353 -151.0000000000
356 -150.0000000000
361 -149.0000000000
363 -148.0000000000
365 -147.0000000000
369 -146.0000000000
370 -145.0000000000
371 -144.0000000000
375 -143.0000000000
384 -142.0000000000
386 -141.0000000000
389 -140.0000000000
390 -139.0000000000
395 -138.0000000000
407 -137.0000000000
409 -136.0000000000
416 -135.0000000000
419 -134.0000000000
421 -133.0000000000
429 -132.0000000000
439 -131.0000000000
441 -130.0000000000
444 -129.0000000000
451 -128.0000000000
456 -127.0000000000
457 -126.0000000000
458 -125.0000000000
467 -124.0000000000
468 -123.0000000000
473 -122.0000000000
474 -121.0000000000
479 -120.0000000000
483 -119.0000000000
487 -118.0000000000
491 -117.0000000000
502 -116.0000000000
507 -115.0000000000
508 -114.0000000000
511 -113.0000000000
515 -112.0000000000
517 -111.0000000000
536 -110.0000000000
540 -109.0000000000
550 -108.0000000000
552 -107.0000000000
558 -106.0000000000
564 -105.0000000000
565 -104.0000000000
573 -103.0000000000
574 -102.0000000000
581 -101.0000000000
583 -100.0000000000
584 -99.0000000000
586 -98.0000000000
593 -97.0000000000
601 -96.0000000000
604 -95.0000000000
605 -94.0000000000
612 -93.0000000000
628 -92.0000000000
630 -91.0000000000
643 -90.0000000000
649 -89.0000000000
650 -88.0000000000
654 -87.0000000000
670 -86.0000000000
673 -85.0000000000
679 -84.0000000000
681 -83.0000000000
686 -82.0000000000
690 -81.0000000000
695 -80.0000000000
696 -79.0000000000
702 -78.0000000000
710 -77.0000000000
720 -76.0000000000
734 -75.0000000000
738 -74.0000000000
744 -73.0000000000
752 -72.0000000000
755 -71.0000000000
766 -70.0000000000
779 -69.0000000000
783 -68.0000000000
786 -67.0000000000
792 -66.0000000000
809 -65.0000000000
818 -64.0000000000
822 -63.0000000000
828 -62.0000000000
832 -61.0000000000
837 -60.0000000000
844 -59.0000000000
851 -58.0000000000
852 -57.0000000000
857 -56.0000000000
858 -55.0000000000
876 -54.0000000000
881 -53.0000000000
894 -52.0000000000
897 -51.0000000000
903 -50.0000000000
919 -49.0000000000
933 -48.0000000000
937 -47.0000000000
943 -46.0000000000
960 -45.0000000000
961 -44.0000000000
966 -43.0000000000
979 -42.0000000000
992 -41.0000000000
1002 -40.0000000000
1010 -39.0000000000
1012 -38.0000000000
1015 -37.0000000000
1030 -36.0000000000
1031 -35.0000000000
1032 -34.0000000000
1036 -33.0000000000
1041 -32.0000000000
1053 -31.0000000000
1057 -30.0000000000
1062 -29.0000000000
1084 -28.0000000000
1092 -27.0000000000
1131 -26.0000000000
1148 -25.0000000000
1157 -24.0000000000
1160 -23.0000000000
1170 -22.0000000000
1171 -21.0000000000
1174 -20.0000000000
1175 -19.0000000000
1190 -18.0000000000
1218 -17.0000000000
1242 -16.0000000000
1255 -15.0000000000
1312 -14.0000000000
1337 -13.0000000000
1345 -12.0000000000
1352 -11.0000000000
1354 -10.0000000000
1369 -9.0000000000
1430 -8.0000000000
1461 -7.0000000000
1480 -6.0000000000
1520 -5.0000000000
1557 -4.0000000000
1603 -3.0000000000
1757 -2.0000000000
1832 -1.0000000000
1897 461.0000000000
100000 -1.0000000000
evaluations raw_y
1 -289.0000000000
4 -288.0000000000
5 -287.0000000000
6 -286.0000000000
9 -285.0000000000
10 -284.0000000000
13 -283.0000000000
15 -282.0000000000
16 -281.0000000000
17 -280.0000000000
21 -279.0000000000
22 -278.0000000000
26 -277.0000000000
27 -276.0000000000
29 -275.0000000000
30 -274.0000000000
34 -273.0000000000
36 -272.0000000000
37 -271.0000000000
38 -270.0000000000
40 -269.0000000000
41 -268.0000000000
43 -267.0000000000
44 -266.0000000000
45 -265.0000000000
47 -264.0000000000
48 -263.0000000000
55 -262.0000000000
56 -261.0000000000
57 -260.0000000000
59 -259.0000000000
62 -258.0000000000
63 -257.0000000000
67 -256.0000000000
71 -255.0000000000
72 -254.0000000000
74 -253.0000000000
79 -252.0000000000
80 -251.0000000000
83 -250.0000000000
88 -249.0000000000
91 -248.0000000000
99 -247.0000000000
104 -246.0000000000
110 -245.0000000000
112 -244.0000000000
115 -243.0000000000
117 -242.0000000000
119 -241.0000000000
121 -240.0000000000
122 -239.0000000000
123 -238.0000000000
129 -237.0000000000
135 -236.0000000000
141 -235.0000000000
143 -234.0000000000
145 -233.0000000000
151 -232.0000000000
153 -231.0000000000
154 -230.0000000000
156 -229.0000000000
163 -228.0000000000
166 -227.0000000000
170 -226.0000000000
171 -225.0000000000
173 -224.0000000000
174 -223.0000000000
176 -222.0000000000
177 -221.0000000000
179 -220.0000000000
181 -219.0000000000
182 -218.0000000000
184 -217.0000000000
186 -216.0000000000
188 -215.0000000000
194 -214.0000000000
199 -213.0000000000
205 -212.0000000000
207 -211.0000000000
208 -210.0000000000
210 -209.0000000000
211 -208.0000000000
215 -207.0000000000
218 -206.0000000000
221 -205.0000000000
224 -204.0000000000
225 -203.0000000000
226 -202.0000000000
232 -201.0000000000
233 -200.0000000000
242 -199.0000000000
244 -198.0000000000
245 -197.0000000000
246 -196.0000000000
249 -195.0000000000
253 -194.0000000000
255 -193.0000000000
266 -192.0000000000
270 -191.0000000000
282 -190.0000000000
288 -189.0000000000
289 -188.0000000000
293 -187.0000000000
303 -186.0000000000
305 -185.0000000000
308 -184.0000000000
310 -183.0000000000
311 -182.0000000000
313 -181.0000000000
314 -180.0000000000
316 -179.0000000000
317 -178.0000000000
318 -177.0000000000
320 -176.0000000000
322 -175.0000000000
323 -174.0000000000
325 -173.0000000000
328 -172.0000000000
340 -171.0000000000
354 -170.0000000000
355 -169.0000000000
357 -168.0000000000
362 -167.0000000000
368 -166.0000000000
369 -165.0000000000
370 -164.0000000000
374 -163.0000000000
376 -162.0000000000
389 -161.0000000000
392 -160.0000000000
394 -159.0000000000
396 -158.0000000000
397 -157.0000000000
398 -156.0000000000
399 -155.0000000000
402 -154.0000000000
409 -153.0000000000
414 -152.0000000000
424 -151.0000000000
426 -150.0000000000
428 -149.0000000000
429 -148.0000000000
432 -147.0000000000
443 -146.0000000000
444 -145.0000000000
446 -144.0000000000
448 -143.0000000000
450 -142.0000000000
459 -141.0000000000
463 -140.0000000000
469 -139.0000000000
471 -138.0000000000
472 -137.0000000000
480 -136.0000000000
486 -135.0000000000
487 -134.0000000000
488 -133.0000000000
489 -132.0000000000
491 -131.0000000000
495 -130.0000000000
503 -129.0000000000
504 -128.0000000000
510 -127.0000000000
514 -126.0000000000
518 -125.0000000000
521 -124.0000000000
522 -123.0000000000
537 -122.0000000000
540 -121.0000000000
546 -120.0000000000
551 -119.0000000000
557 -118.0000000000
561 -117.0000000000
564 -116.0000000000
573 -115.0000000000
577 -114.0000000000
580 -113.0000000000
583 -112.0000000000
596 -111.0000000000
599 -110.0000000000
608 -109.0000000000
610 -108.0000000000
614 -107.0000000000
615 -106.0000000000
616 -105.0000000000
623 -104.0000000000
624 -103.0000000000
626 -102.0000000000
632 -101.0000000000
635 -100.0000000000
637 -99.0000000000
641 -98.0000000000
643 -97.0000000000
644 -96.0000000000
646 -95.0000000000
650 -94.0000000000
653 -93.0000000000
661 -92.0000000000
664 -91.0000000000
666 -90.0000000000
669 -89.0000000000
674 -88.0000000000
682 -87.0000000000
686 -86.0000000000
698 -85.0000000000
700 -84.0000000000
716 -83.0000000000
728 -82.0000000000
748 -81.0000000000
752 -80.0000000000
764 -79.0000000000
778 -78.0000000000
779 -77.0000000000
792 -76.0000000000
797 -75.0000000000
811 -74.0000000000
818 -73.0000000000
826 -72.0000000000
832 -71.0000000000
834 -70.0000000000
838 -69.0000000000
839 -68.0000000000
843 -67.0000000000
845 -66.0000000000
846 -65.0000000000
855 -64.0000000000
861 -63.0000000000
874 -62.0000000000
878 -61.0000000000
890 -60.0000000000
907 -59.0000000000
909 -58.0000000000
916 -57.0000000000
926 -56.0000000000
941 -55.0000000000
944 -54.0000000000
947 -53.0000000000
948 -52.0000000000
949 -51.0000000000
969 -50.0000000000
971 -49.0000000000
976 -48.0000000000
977 -47.0000000000
998 -46.0000000000
1012 -45.0000000000
1031 -44.0000000000
1033 -43.0000000000
1046 -42.0000000000
1056 -41.0000000000
1068 -40.0000000000
1082 -39.0000000000
1139 -38.0000000000
1150 -37.0000000000
1183 -36.0000000000
1223 -35.0000000000
1224 -34.0000000000
1241 -33.0000000000
1249 -32.0000000000
1256 -31.0000000000
1280 -30.0000000000
1289 -29.0000000000
1290 -28.0000000000
1298 -27.0000000000
1352 -26.0000000000
1388 -25.0000000000
1404 -24.0000000000
1424 -23.0000000000
1442 -22.0000000000
1449 -21.0000000000
1462 -20.0000000000
1477 -19.0000000000
1495 -18.0000000000
1497 -17.0000000000
1558 -16.0000000000
1571 -15.0000000000
1651 -14.0000000000
1667 -13.0000000000
1686 -12.0000000000
1710 -11.0000000000
1764 -10.0000000000
1774 -9.0000000000
1789 -8.0000000000
1812 -7.0000000000
1860 -6.0000000000
1874 -5.0000000000
1907 -4.0000000000
1915 -3.0000000000
1919 -2.0000000000
1936 -1.0000000000
1972 487.0000000000
100000 -1.0000000000
evaluations raw_y
1 -294.0000000000
3 -293.0000000000
4 -292.0000000000
6 -291.0000000000
14 -290.0000000000
16 -289.0000000000
17 -288.0000000000
18 -287.0000000000
21 -286.0000000000
22 -285.0000000000
24 -284.0000000000
25 -283.0000000000
28 -282.0000000000
32 -281.0000000000
34 -280.0000000000
37 -279.0000000000
38 -278.0000000000
41 -277.0000000000
42 -276.0000000000
45 -275.0000000000
46 -274.0000000000
47 -273.0000000000
50 -272.0000000000
52 -271.0000000000
56 -270.0000000000
58 -269.0000000000
59 -268.0000000000
61 -267.0000000000
62 -266.0000000000
63 -265.0000000000
65 -264.0000000000
66 -263.0000000000
67 -262.0000000000
68 -261.0000000000
69 -260.0000000000
71 -259.0000000000
72 -258.0000000000
73 -257.0000000000
75 -256.0000000000
81 -255.0000000000
83 -254.0000000000
86 -253.0000000000
100 -252.0000000000
103 -251.0000000000
104 -250.0000000000
107 -249.0000000000
109 -248.0000000000
111 -247.0000000000
112 -246.0000000000
115 -245.0000000000
116 -244.0000000000
121 -243.0000000000
123 -242.0000000000
135 -241.0000000000
136 -240.0000000000
137 -239.0000000000
138 -238.0000000000
139 -237.0000000000
140 -236.0000000000
142 -235.0000000000
144 -234.0000000000
149 -233.0000000000
151 -232.0000000000
153 -231.0000000000
155 -230.0000000000
157 -229.0000000000
162 -228.0000000000
163 -227.0000000000
164 -226.0000000000
165 -225.0000000000
171 -224.0000000000
173 -223.0000000000
175 -222.0000000000
178 -221.0000000000
179 -220.0000000000
181 -219.0000000000
185 -218.0000000000
186 -217.0000000000
188 -216.0000000000
191 -215.0000000000
192 -214.0000000000
193 -213.0000000000
198 -212.0000000000
201 -211.0000000000
202 -210.0000000000
203 -209.0000000000
204 -208.0000000000
205 -207.0000000000
206 -206.0000000000
208 -205.0000000000
210 -204.0000000000
211 -203.0000000000
213 -202.0000000000
215 -201.0000000000
217 -200.0000000000
218 -199.0000000000
220 -198.0000000000
222 -197.0000000000
235 -196.0000000000
237 -195.0000000000
238 -194.0000000000
241 -193.0000000000
242 -192.0000000000
243 -191.0000000000
244 -190.0000000000
250 -189.0000000000
253 -188.0000000000
256 -187.0000000000
264 -186.0000000000
267 -185.0000000000
268 -184.0000000000
270 -183.0000000000
272 -182.0000000000
275 -181.0000000000
276 -180.0000000000
278 -179.0000000000
279 -178.0000000000
284 -177.0000000000
285 -176.0000000000
294 -175.0000000000
295 -174.0000000000
296 -173.0000000000
297 -172.0000000000
306 -171.0000000000
307 -170.0000000000
317 -169.0000000000
318 -168.0000000000
322 -167.0000000000
323 -166.0000000000
329 -165.0000000000
333 -164.0000000000
336 -163.0000000000
338 -162.0000000000
339 -161.0000000000
340 -160.0000000000
342 -159.0000000000
348 -158.0000000000
353 -157.0000000000
354 -156.0000000000
357 -155.0000000000
359 -154.0000000000
362 -153.0000000000
364 -152.0000000000
365 -151.0000000000
367 -150.0000000000
379 -149.0000000000
380 -148.0000000000
382 -147.0000000000
386 -146.0000000000
388 -145.0000000000
391 -144.0000000000
396 -143.0000000000
399 -142.0000000000
401 -141.0000000000
404 -140.0000000000
406 -139.0000000000
407 -138.0000000000
413 -137.0000000000
414 -136.0000000000
417 -135.0000000000
418 -134.0000000000
419 -133.0000000000
422 -132.0000000000
431 -131.0000000000
432 -130.0000000000
434 -129.0000000000
436 -128.0000000000
437 -127.0000000000
439 -126.0000000000
442 -125.0000000000
444 -124.0000000000
448 -123.0000000000
459 -122.0000000000
460 -121.0000000000
463 -120.0000000000
465 -119.0000000000
466 -118.0000000000
486 -117.0000000000
487 -116.0000000000
489 -115.0000000000
490 -114.0000000000
496 -113.0000000000
501 -112.0000000000
502 -111.0000000000
513 -110.0000000000
518 -109.0000000000
519 -108.0000000000
521 -107.0000000000
523 -106.0000000000
524 -105.0000000000
530 -104.0000000000
534 -103.0000000000
542 -102.0000000000
544 -101.0000000000
561 -100.0000000000
570 -99.0000000000
572 -98.0000000000
576 -97.0000000000
577 -96.0000000000
582 -95.0000000000
594 -94.0000000000
595 -93.0000000000
599 -92.0000000000
604 -91.0000000000
606 -90.0000000000
607 -89.0000000000
609 -88.0000000000
622 -87.0000000000
623 -86.0000000000
625 -85.0000000000
627 -84.0000000000
628 -83.0000000000
629 -82.0000000000
635 -81.0000000000
650 -80.0000000000
654 -79.0000000000
660 -78.0000000000
662 -77.0000000000
674 -76.0000000000
682 -75.0000000000
685 -74.0000000000
690 -73.0000000000
700 -72.0000000000
710 -71.0000000000
717 -70.0000000000
721 -69.0000000000
723 -68.0000000000
724 -67.0000000000
732 -66.0000000000
749 -65.0000000000
753 -64.0000000000
762 -63.0000000000
773 -62.0000000000
777 -61.0000000000
787 -60.0000000000
796 -59.0000000000
801 -58.0000000000
807 -57.0000000000
819 -56.0000000000
834 -55.0000000000
840 -54.0000000000
854 -53.0000000000
883 -52.0000000000
885 -51.0000000000
889 -50.0000000000
901 -49.0000000000
917 -48.0000000000
927 -47.0000000000
936 -46.0000000000
940 -45.0000000000
941 -44.0000000000
949 -43.0000000000
955 -42.0000000000
959 -41.0000000000
963 -40.0000000000
1003 -39.0000000000
1021 -38.0000000000
1023 -37.0000000000
1024 -36.0000000000
1035 -35.0000000000
1038 -34.0000000000
1042 -33.0000000000
1043 -32.0000000000
1046 -31.0000000000
1057 -30.0000000000
1084 -29.0000000000
1100 -28.0000000000
1115 -27.0000000000
1134 -26.0000000000
1142 -25.0000000000
1147 -24.0000000000
1156 -23.0000000000
1185 -22.0000000000
1219 -21.0000000000
1328 -20.0000000000
1332 -19.0000000000
1352 -18.0000000000
1360 -17.0000000000
1395 -16.0000000000
1403 -15.0000000000
1406 -14.0000000000
1407 -13.0000000000
1409 -12.0000000000
1413 -11.0000000000
1459 -10.0000000000
1475 -9.0000000000
1494 -8.0000000000
1553 -7.0000000000
1554 -6.0000000000
1565 -5.0000000000
1626 -4.0000000000
1641 -3.0000000000
1690 -2.0000000000
1779 -1.0000000000
1792 473.0000000000
100000 -1.0000000000
