evaluations raw_y
1 -218.0000000000
2 -213.0000000000
3 -210.0000000000
5 -198.0000000000
7 -195.0000000000
17 -194.0000000000
37 -193.0000000000
58 -190.0000000000
62 -186.0000000000
66 -184.0000000000
68 -180.0000000000
79 -179.0000000000
82 -178.0000000000
92 -177.0000000000
96 -176.0000000000
101 -171.0000000000
137 -170.0000000000
144 -162.0000000000
178 -158.0000000000
194 -154.0000000000
214 -150.0000000000
237 -148.0000000000
239 -143.0000000000
282 -140.0000000000
287 -138.0000000000
317 -135.0000000000
331 -132.0000000000
356 -130.0000000000
371 -129.0000000000
394 -128.0000000000
399 -125.0000000000
425 -123.0000000000
435 -121.0000000000
461 -119.0000000000
496 -117.0000000000
531 -116.0000000000
552 -113.0000000000
566 -111.0000000000
582 -110.0000000000
593 -107.0000000000
631 -106.0000000000
678 -105.0000000000
682 -103.0000000000
701 -101.0000000000
737 -100.0000000000
752 -99.0000000000
768 -97.0000000000
793 -96.0000000000
801 -95.0000000000
803 -94.0000000000
847 -92.0000000000
855 -91.0000000000
872 -90.0000000000
881 -89.0000000000
888 -88.0000000000
938 -87.0000000000
952 -85.0000000000
994 -84.0000000000
1012 -83.0000000000
1028 -82.0000000000
1034 -81.0000000000
1065 -80.0000000000
1081 -77.0000000000
1097 -76.0000000000
1129 -75.0000000000
1144 -72.0000000000
1151 -71.0000000000
1175 -70.0000000000
1194 -69.0000000000
1203 -68.0000000000
1210 -66.0000000000
1271 -65.0000000000
1274 -64.0000000000
1291 -63.0000000000
1339 -61.0000000000
1373 -60.0000000000
1383 -59.0000000000
1409 -58.0000000000
1412 -57.0000000000
1435 -56.0000000000
1444 -53.0000000000
1464 -52.0000000000
1481 -51.0000000000
1502 -48.0000000000
1564 -46.0000000000
1620 -45.0000000000
1630 -44.0000000000
1642 -43.0000000000
1666 -42.0000000000
1681 -40.0000000000
1715 -38.0000000000
1785 -36.0000000000
1833 -35.0000000000
1879 -34.0000000000
1897 -33.0000000000
1926 -32.0000000000
1959 -31.0000000000
1984 -30.0000000000
2014 -29.0000000000
2027 -28.0000000000
2069 -27.0000000000
2101 -26.0000000000
2134 -25.0000000000
2160 -24.0000000000
2192 -23.0000000000
2220 -22.0000000000
2236 -21.0000000000
2335 -20.0000000000
2359 -19.0000000000
2385 -18.0000000000
2407 -17.0000000000
2439 -16.0000000000
2464 -14.0000000000
2503 -13.0000000000
2534 -12.0000000000
2537 -11.0000000000
2572 -10.0000000000
2613 -9.0000000000
2614 -8.0000000000
2635 -7.0000000000
2651 -6.0000000000
2751 -4.0000000000
2803 -2.0000000000
2883 -1.0000000000
2901 412.0000000000
2992 417.0000000000
3512 421.0000000000
3970 422.0000000000
3993 424.0000000000
4395 425.0000000000
5004 426.0000000000
7423 430.0000000000
10496 431.0000000000
11664 432.0000000000
12271 434.0000000000
16069 436.0000000000
16075 437.0000000000
17158 438.0000000000
25745 439.0000000000
100000 -3.0000000000
evaluations raw_y
1 -204.0000000000
2 -203.0000000000
3 -190.0000000000
8 -188.0000000000
32 -186.0000000000
51 -182.0000000000
54 -181.0000000000
69 -177.0000000000
90 -170.0000000000
100 -169.0000000000
103 -164.0000000000
115 -163.0000000000
134 -160.0000000000
148 -155.0000000000
161 -154.0000000000
184 -152.0000000000
194 -151.0000000000
207 -150.0000000000
216 -148.0000000000
221 -145.0000000000
252 -142.0000000000
281 -141.0000000000
288 -140.0000000000
294 -138.0000000000
297 -134.0000000000
303 -131.0000000000
331 -129.0000000000
344 -128.0000000000
371 -127.0000000000
382 -124.0000000000
399 -121.0000000000
439 -120.0000000000
450 -119.0000000000
463 -118.0000000000
489 -117.0000000000
498 -116.0000000000
499 -115.0000000000
503 -113.0000000000
517 -111.0000000000
557 -110.0000000000
569 -109.0000000000
579 -108.0000000000
598 -107.0000000000
631 -106.0000000000
651 -105.0000000000
666 -103.0000000000
672 -102.0000000000
705 -100.0000000000
708 -99.0000000000
741 -98.0000000000
756 -97.0000000000
758 -95.0000000000
767 -94.0000000000
779 -92.0000000000
796 -91.0000000000
811 -90.0000000000
844 -88.0000000000
876 -87.0000000000
881 -86.0000000000
891 -85.0000000000
909 -83.0000000000
922 -81.0000000000
947 -80.0000000000
957 -79.0000000000
986 -78.0000000000
991 -77.0000000000
1004 -76.0000000000
1011 -75.0000000000
1027 -74.0000000000
1063 -73.0000000000
1092 -72.0000000000
1121 -70.0000000000
1128 -69.0000000000
1151 -65.0000000000
1195 -64.0000000000
1205 -63.0000000000
1241 -62.0000000000
1252 -61.0000000000
1282 -60.0000000000
1313 -58.0000000000
1340 -56.0000000000
1386 -55.0000000000
1428 -54.0000000000
1444 -53.0000000000
1488 -52.0000000000
1493 -51.0000000000
1506 -50.0000000000
1511 -48.0000000000
1541 -47.0000000000
1578 -45.0000000000
1642 -43.0000000000
1677 -42.0000000000
1705 -41.0000000000
1745 -40.0000000000
1759 -39.0000000000
1794 -38.0000000000
1833 -37.0000000000
1847 -35.0000000000
1878 -34.0000000000
1900 -33.0000000000
1924 -32.0000000000
1928 -31.0000000000
2001 -30.0000000000
2016 -29.0000000000
2034 -28.0000000000
2064 -26.0000000000
2111 -25.0000000000
2148 -23.0000000000
2205 -21.0000000000
2244 -20.0000000000
2291 -19.0000000000
2316 -18.0000000000
2328 -17.0000000000
2365 -16.0000000000
2404 -15.0000000000
2424 -14.0000000000
2447 -13.0000000000
2518 -12.0000000000
2528 -11.0000000000
2609 -10.0000000000
2688 -8.0000000000
2701 -7.0000000000
2760 -6.0000000000
2816 -5.0000000000
2848 -4.0000000000
2863 -3.0000000000
2916 -2.0000000000
2939 -1.0000000000
3013 378.0000000000
3023 381.0000000000
3033 390.0000000000
3077 396.0000000000
3130 398.0000000000
3135 402.0000000000
3166 404.0000000000
3235 405.0000000000
3313 410.0000000000
3368 413.0000000000
3596 417.0000000000
3641 418.0000000000
4126 419.0000000000
4453 420.0000000000
4465 425.0000000000
6631 426.0000000000
7561 429.0000000000
8350 430.0000000000
8757 431.0000000000
9431 433.0000000000
9922 434.0000000000
10243 436.0000000000
12085 438.0000000000
15145 441.0000000000
22139 443.0000000000
72116 445.0000000000
86652 446.0000000000
100000 -1.0000000000
evaluations raw_y
1 -222.0000000000
3 -218.0000000000
4 -207.0000000000
8 -204.0000000000
30 -203.0000000000
31 -202.0000000000
35 -200.0000000000
36 -198.0000000000
46 -197.0000000000
62 -183.0000000000
105 -173.0000000000
134 -169.0000000000
144 -168.0000000000
155 -167.0000000000
158 -163.0000000000
167 -161.0000000000
190 -160.0000000000
193 -155.0000000000
251 -154.0000000000
253 -152.0000000000
257 -150.0000000000
280 -148.0000000000
290 -147.0000000000
318 -146.0000000000
321 -145.0000000000
327 -144.0000000000
328 -142.0000000000
350 -141.0000000000
351 -137.0000000000
386 -136.0000000000
405 -134.0000000000
421 -131.0000000000
452 -130.0000000000
458 -129.0000000000
472 -128.0000000000
484 -126.0000000000
525 -125.0000000000
529 -124.0000000000
541 -123.0000000000
581 -121.0000000000
621 -119.0000000000
646 -118.0000000000
666 -116.0000000000
721 -113.0000000000
734 -112.0000000000
765 -111.0000000000
791 -110.0000000000
811 -109.0000000000
824 -108.0000000000
840 -107.0000000000
853 -106.0000000000
893 -104.0000000000
915 -100.0000000000
945 -99.0000000000
953 -98.0000000000
971 -97.0000000000
996 -96.0000000000
1026 -95.0000000000
1041 -94.0000000000
1063 -92.0000000000
1094 -91.0000000000
1097 -90.0000000000
1103 -89.0000000000
1153 -87.0000000000
1171 -86.0000000000
1202 -85.0000000000
1219 -84.0000000000
1221 -82.0000000000
1251 -79.0000000000
1270 -78.0000000000
1273 -77.0000000000
1293 -76.0000000000
1312 -75.0000000000
1327 -74.0000000000
1349 -73.0000000000
1368 -72.0000000000
1373 -71.0000000000
1378 -70.0000000000
1387 -69.0000000000
1411 -67.0000000000
1455 -63.0000000000
1497 -62.0000000000
1526 -61.0000000000
1545 -60.0000000000
1546 -57.0000000000
1608 -55.0000000000
1642 -53.0000000000
1673 -51.0000000000
1691 -50.0000000000
1709 -49.0000000000
1750 -47.0000000000
1763 -45.0000000000
1779 -44.0000000000
1812 -43.0000000000
1840 -42.0000000000
1875 -41.0000000000
1899 -40.0000000000
1952 -39.0000000000
1973 -38.0000000000
1978 -37.0000000000
1981 -36.0000000000
1994 -35.0000000000
2021 -34.0000000000
2036 -33.0000000000
2084 -32.0000000000
2143 -31.0000000000
2165 -30.0000000000
2178 -28.0000000000
2236 -27.0000000000
2255 -26.0000000000
2273 -25.0000000000
2304 -24.0000000000
2338 -22.0000000000
2368 -21.0000000000
2430 -20.0000000000
2464 -19.0000000000
2485 -18.0000000000
2529 -17.0000000000
2593 -15.0000000000
2601 -14.0000000000
2664 -13.0000000000
2725 -12.0000000000
2742 -11.0000000000
2785 -10.0000000000
2797 -8.0000000000
2871 -7.0000000000
2949 -6.0000000000
3004 -5.0000000000
3007 -4.0000000000
3144 -2.0000000000
3335 -1.0000000000
3377 375.0000000000
3391 382.0000000000
3402 388.0000000000
3410 393.0000000000
3430 395.0000000000
3496 396.0000000000
3554 400.0000000000
3707 403.0000000000
3957 404.0000000000
4001 408.0000000000
4227 413.0000000000
4881 414.0000000000
5547 415.0000000000
6024 416.0000000000
6079 418.0000000000
7603 420.0000000000
8313 421.0000000000
8367 425.0000000000
8501 426.0000000000
9708 429.0000000000
10291 432.0000000000
11404 434.0000000000
14492 435.0000000000
16207 437.0000000000
26298 438.0000000000
evaluations raw_y
1 -218.0000000000
2 -213.0000000000
3 -210.0000000000
5 -198.0000000000
7 -195.0000000000
17 -194.0000000000
37 -193.0000000000
58 -190.0000000000
62 -186.0000000000
66 -184.0000000000
68 -180.0000000000
79 -179.0000000000
82 -178.0000000000
92 -177.0000000000
96 -176.0000000000
101 -171.0000000000
137 -170.0000000000
144 -162.0000000000
178 -158.0000000000
194 -154.0000000000
214 -150.0000000000
237 -148.0000000000
239 -143.0000000000
282 -140.0000000000
287 -138.0000000000
317 -135.0000000000
331 -132.0000000000
356 -130.0000000000
371 -129.0000000000
394 -128.0000000000
399 -125.0000000000
425 -123.0000000000
435 -121.0000000000
461 -119.0000000000
496 -117.0000000000
531 -116.0000000000
552 -113.0000000000
566 -111.0000000000
582 -110.0000000000
593 -107.0000000000
631 -106.0000000000
678 -105.0000000000
682 -103.0000000000
701 -101.0000000000
737 -100.0000000000
752 -99.0000000000
768 -97.0000000000
793 -96.0000000000
801 -95.0000000000
803 -94.0000000000
847 -92.0000000000
855 -91.0000000000
872 -90.0000000000
881 -89.0000000000
888 -88.0000000000
938 -87.0000000000
952 -85.0000000000
994 -84.0000000000
1012 -83.0000000000
1028 -82.0000000000
1034 -81.0000000000
1065 -80.0000000000
1081 -77.0000000000
1097 -76.0000000000
1129 -75.0000000000
1144 -72.0000000000
1151 -71.0000000000
1175 -70.0000000000
1194 -69.0000000000
1203 -68.0000000000
1210 -66.0000000000
1271 -65.0000000000
1274 -64.0000000000
1291 -63.0000000000
1339 -61.0000000000
1373 -60.0000000000
1383 -59.0000000000
1409 -58.0000000000
1412 -57.0000000000
1435 -56.0000000000
1444 -53.0000000000
1464 -52.0000000000
1481 -51.0000000000
1502 -48.0000000000
1564 -46.0000000000
1620 -45.0000000000
1630 -44.0000000000
1642 -43.0000000000
1666 -42.0000000000
1681 -40.0000000000
1715 -38.0000000000
1785 -36.0000000000
1833 -35.0000000000
1879 -34.0000000000
1897 -33.0000000000
1926 -32.0000000000
1959 -31.0000000000
1984 -30.0000000000
2014 -29.0000000000
2027 -28.0000000000
2069 -27.0000000000
2101 -26.0000000000
2134 -25.0000000000
2160 -24.0000000000
2192 -23.0000000000
2220 -22.0000000000
2236 -21.0000000000
2335 -20.0000000000
2359 -19.0000000000
2385 -18.0000000000
2407 -17.0000000000
2439 -16.0000000000
2464 -14.0000000000
2503 -13.0000000000
2534 -12.0000000000
2537 -11.0000000000
2572 -10.0000000000
2613 -9.0000000000
2614 -8.0000000000
2635 -7.0000000000
2651 -6.0000000000
2751 -4.0000000000
2803 -2.0000000000
2883 -1.0000000000
2901 412.0000000000
2992 417.0000000000
3512 421.0000000000
3970 422.0000000000
3993 424.0000000000
4395 425.0000000000
5004 426.0000000000
7423 430.0000000000
10496 431.0000000000
11664 432.0000000000
12271 434.0000000000
59628 441.0000000000
16069 436.0000000000
16075 437.0000000000
17158 438.0000000000
25745 439.0000000000
100000 -1.0000000000
evaluations raw_y
1 -224.0000000000
2 -217.0000000000
4 -209.0000000000
7 -202.0000000000
11 -200.0000000000
40 -192.0000000000
46 -191.0000000000
62 -173.0000000000
73 -171.0000000000
91 -169.0000000000
101 -167.0000000000
118 -165.0000000000
120 -157.0000000000
150 -152.0000000000
178 -148.0000000000
190 -146.0000000000
222 -145.0000000000
225 -144.0000000000
228 -141.0000000000
241 -140.0000000000
263 -139.0000000000
280 -137.0000000000
291 -136.0000000000
302 -135.0000000000
305 -134.0000000000
311 -133.0000000000
326 -131.0000000000
328 -130.0000000000
335 -129.0000000000
357 -128.0000000000
372 -127.0000000000
375 -126.0000000000
383 -125.0000000000
387 -124.0000000000
394 -121.0000000000
456 -119.0000000000
463 -118.0000000000
497 -117.0000000000
512 -113.0000000000
543 -112.0000000000
565 -111.0000000000
574 -110.0000000000
587 -109.0000000000
604 -108.0000000000
618 -107.0000000000
623 -104.0000000000
669 -102.0000000000
684 -97.0000000000
714 -89.0000000000
800 -87.0000000000
842 -86.0000000000
856 -85.0000000000
859 -84.0000000000
882 -83.0000000000
901 -82.0000000000
919 -80.0000000000
957 -79.0000000000
959 -78.0000000000
993 -75.0000000000
1002 -72.0000000000
1079 -71.0000000000
1105 -70.0000000000
1128 -69.0000000000
1143 -68.0000000000
1161 -67.0000000000
1162 -65.0000000000
1204 -64.0000000000
1225 -63.0000000000
1251 -62.0000000000
1278 -61.0000000000
1361 -60.0000000000
1395 -59.0000000000
1432 -58.0000000000
1436 -57.0000000000
1473 -56.0000000000
1477 -55.0000000000
1492 -54.0000000000
1494 -53.0000000000
1521 -50.0000000000
1526 -49.0000000000
1572 -48.0000000000
1593 -46.0000000000
1626 -45.0000000000
1676 -43.0000000000
1726 -42.0000000000
1731 -41.0000000000
1783 -40.0000000000
1826 -39.0000000000
1850 -37.0000000000
1875 -35.0000000000
1894 -34.0000000000
1926 -33.0000000000
1934 -32.0000000000
1975 -31.0000000000
1995 -30.0000000000
2033 -28.0000000000
2086 -27.0000000000
2101 -26.0000000000
2172 -25.0000000000
2185 -24.0000000000
2240 -23.0000000000
2291 -22.0000000000
2326 -21.0000000000
2327 -20.0000000000
2358 -19.0000000000
2396 -18.0000000000
2490 -17.0000000000
2514 -15.0000000000
2573 -14.0000000000
2602 -13.0000000000
2621 -12.0000000000
2637 -11.0000000000
2683 -10.0000000000
2711 -9.0000000000
2728 -8.0000000000
2764 -7.0000000000
2773 -6.0000000000
2858 -5.0000000000
2873 -4.0000000000
2901 -3.0000000000
2950 -2.0000000000
2995 -1.0000000000
3009 405.0000000000
3098 406.0000000000
3241 409.0000000000
3290 413.0000000000
3865 415.0000000000
3983 416.0000000000
4003 417.0000000000
4046 418.0000000000
4175 420.0000000000
4309 421.0000000000
4329 423.0000000000
4553 424.0000000000
4636 425.0000000000
4740 428.0000000000
5668 430.0000000000
5936 432.0000000000
6512 434.0000000000
8255 435.0000000000
8399 436.0000000000
8570 437.0000000000
22075 438.0000000000
23892 439.0000000000
25252 441.0000000000
100000 -3.0000000000
evaluations raw_y
1 -204.0000000000
2 -203.0000000000
3 -190.0000000000
8 -188.0000000000
32 -186.0000000000
51 -182.0000000000
54 -181.0000000000
69 -177.0000000000
90 -170.0000000000
100 -169.0000000000
103 -164.0000000000
115 -163.0000000000
134 -160.0000000000
148 -155.0000000000
161 -154.0000000000
184 -152.0000000000
194 -151.0000000000
207 -150.0000000000
216 -148.0000000000
221 -145.0000000000
252 -142.0000000000
281 -141.0000000000
288 -140.0000000000
294 -138.0000000000
297 -134.0000000000
303 -131.0000000000
331 -129.0000000000
344 -128.0000000000
371 -127.0000000000
382 -124.0000000000
399 -121.0000000000
439 -120.0000000000
450 -119.0000000000
463 -118.0000000000
489 -117.0000000000
498 -116.0000000000
499 -115.0000000000
503 -113.0000000000
517 -111.0000000000
557 -110.0000000000
569 -109.0000000000
579 -108.0000000000
598 -107.0000000000
631 -106.0000000000
651 -105.0000000000
666 -103.0000000000
672 -102.0000000000
705 -100.0000000000
708 -99.0000000000
741 -98.0000000000
756 -97.0000000000
758 -95.0000000000
767 -94.0000000000
779 -92.0000000000
796 -91.0000000000
811 -90.0000000000
844 -88.0000000000
876 -87.0000000000
881 -86.0000000000
891 -85.0000000000
909 -83.0000000000
922 -81.0000000000
947 -80.0000000000
957 -79.0000000000
986 -78.0000000000
991 -77.0000000000
1004 -76.0000000000
1011 -75.0000000000
1027 -74.0000000000
1063 -73.0000000000
1092 -72.0000000000
1121 -70.0000000000
1128 -69.0000000000
1151 -65.0000000000
1195 -64.0000000000
1205 -63.0000000000
1241 -62.0000000000
1252 -61.0000000000
1282 -60.0000000000
1313 -58.0000000000
1340 -56.0000000000
1386 -55.0000000000
1428 -54.0000000000
1444 -53.0000000000
1488 -52.0000000000
1493 -51.0000000000
1506 -50.0000000000
1511 -48.0000000000
1541 -47.0000000000
1578 -45.0000000000
1642 -43.0000000000
1677 -42.0000000000
1705 -41.0000000000
1745 -40.0000000000
1759 -39.0000000000
1794 -38.0000000000
1833 -37.0000000000
1847 -35.0000000000
1878 -34.0000000000
1900 -33.0000000000
1924 -32.0000000000
1928 -31.0000000000
46428 442.0000000000
2001 -30.0000000000
2016 -29.0000000000
2034 -28.0000000000
2064 -26.0000000000
2111 -25.0000000000
2148 -23.0000000000
2205 -21.0000000000
2244 -20.0000000000
2291 -19.0000000000
2316 -18.0000000000
2328 -17.0000000000
2365 -16.0000000000
2404 -15.0000000000
2424 -14.0000000000
2447 -13.0000000000
2518 -12.0000000000
2528 -11.0000000000
2609 -10.0000000000
2688 -8.0000000000
2701 -7.0000000000
2760 -6.0000000000
2816 -5.0000000000
2848 -4.0000000000
2863 -3.0000000000
2916 -2.0000000000
2939 -1.0000000000
3013 378.0000000000
3023 381.0000000000
3033 390.0000000000
3077 396.0000000000
3130 398.0000000000
3135 402.0000000000
3166 404.0000000000
3235 405.0000000000
3313 410.0000000000
3368 413.0000000000
3596 417.0000000000
3641 418.0000000000
4126 419.0000000000
4453 420.0000000000
4465 425.0000000000
6631 426.0000000000
7561 429.0000000000
8350 430.0000000000
8757 431.0000000000
9431 433.0000000000
9922 434.0000000000
10243 436.0000000000
12085 438.0000000000
15145 441.0000000000
22139 443.0000000000
100000 -1.0000000000
evaluations raw_y
1 -211.0000000000
3 -207.0000000000
7 -206.0000000000
10 -200.0000000000
17 -198.0000000000
31 -185.0000000000
51 -182.0000000000
64 -179.0000000000
77 -178.0000000000
83 -175.0000000000
95 -174.0000000000
101 -171.0000000000
115 -170.0000000000
141 -167.0000000000
155 -162.0000000000
174 -157.0000000000
191 -156.0000000000
206 -155.0000000000
220 -154.0000000000
226 -152.0000000000
231 -151.0000000000
260 -147.0000000000
277 -146.0000000000
287 -144.0000000000
301 -143.0000000000
309 -141.0000000000
351 -140.0000000000
356 -138.0000000000
368 -137.0000000000
392 -136.0000000000
410 -135.0000000000
432 -133.0000000000
459 -132.0000000000
465 -131.0000000000
482 -128.0000000000
506 -127.0000000000
516 -124.0000000000
560 -120.0000000000
603 -118.0000000000
622 -117.0000000000
643 -115.0000000000
653 -111.0000000000
683 -109.0000000000
695 -108.0000000000
731 -107.0000000000
741 -106.0000000000
751 -104.0000000000
778 -103.0000000000
791 -101.0000000000
808 -100.0000000000
825 -99.0000000000
848 -98.0000000000
865 -97.0000000000
872 -96.0000000000
889 -95.0000000000
893 -94.0000000000
911 -93.0000000000
917 -91.0000000000
976 -89.0000000000
992 -88.0000000000
1026 -87.0000000000
1033 -86.0000000000
1044 -85.0000000000
1061 -84.0000000000
1067 -83.0000000000
1071 -81.0000000000
1131 -80.0000000000
1139 -79.0000000000
1156 -78.0000000000
1174 -77.0000000000
1188 -74.0000000000
1204 -73.0000000000
1221 -68.0000000000
1294 -67.0000000000
1302 -66.0000000000
1353 -64.0000000000
1384 -63.0000000000
1423 -61.0000000000
1428 -60.0000000000
1468 -58.0000000000
1474 -56.0000000000
1513 -55.0000000000
1515 -53.0000000000
1521 -52.0000000000
1553 -51.0000000000
1561 -50.0000000000
1571 -49.0000000000
1615 -46.0000000000
1646 -45.0000000000
1660 -44.0000000000
1698 -42.0000000000
1712 -40.0000000000
1736 -39.0000000000
1742 -38.0000000000
1756 -37.0000000000
1799 -36.0000000000
1846 -35.0000000000
1866 -34.0000000000
1873 -32.0000000000
1912 -30.0000000000
1941 -27.0000000000
1969 -26.0000000000
1989 -25.0000000000
1993 -24.0000000000
2026 -23.0000000000
2071 -22.0000000000
2110 -21.0000000000
2122 -19.0000000000
2152 -18.0000000000
2167 -17.0000000000
2220 -15.0000000000
2276 -14.0000000000
2305 -13.0000000000
2314 -12.0000000000
2384 -11.0000000000
2403 -10.0000000000
2422 -9.0000000000
2463 -8.0000000000
2538 -7.0000000000
2576 -6.0000000000
2601 -5.0000000000
2619 -4.0000000000
2645 -3.0000000000
2683 -2.0000000000
2737 -1.0000000000
2843 389.0000000000
2853 392.0000000000
2870 395.0000000000
2955 400.0000000000
3031 401.0000000000
3111 404.0000000000
3338 406.0000000000
3463 407.0000000000
3575 414.0000000000
3660 417.0000000000
3683 418.0000000000
3874 419.0000000000
3909 423.0000000000
4203 426.0000000000
4477 428.0000000000
5196 433.0000000000
5448 434.0000000000
6211 436.0000000000
6214 438.0000000000
72116 445.0000000000
19653 440.0000000000
86652 446.0000000000
100000 -1.0000000000
evaluations raw_y
1 -222.0000000000
3 -218.0000000000
4 -207.0000000000
8 -204.0000000000
30 -203.0000000000
31 -202.0000000000
35 -200.0000000000
36 -198.0000000000
46 -197.0000000000
62 -183.0000000000
105 -173.0000000000
134 -169.0000000000
144 -168.0000000000
155 -167.0000000000
158 -163.0000000000
167 -161.0000000000
190 -160.0000000000
193 -155.0000000000
251 -154.0000000000
253 -152.0000000000
257 -150.0000000000
280 -148.0000000000
290 -147.0000000000
318 -146.0000000000
321 -145.0000000000
327 -144.0000000000
328 -142.0000000000
350 -141.0000000000
351 -137.0000000000
386 -136.0000000000
405 -134.0000000000
421 -131.0000000000
452 -130.0000000000
458 -129.0000000000
472 -128.0000000000
484 -126.0000000000
525 -125.0000000000
529 -124.0000000000
541 -123.0000000000
581 -121.0000000000
621 -119.0000000000
646 -118.0000000000
666 -116.0000000000
721 -113.0000000000
734 -112.0000000000
765 -111.0000000000
791 -110.0000000000
811 -109.0000000000
824 -108.0000000000
840 -107.0000000000
853 -106.0000000000
893 -104.0000000000
915 -100.0000000000
945 -99.0000000000
953 -98.0000000000
971 -97.0000000000
996 -96.0000000000
1026 -95.0000000000
1041 -94.0000000000
1063 -92.0000000000
1094 -91.0000000000
1097 -90.0000000000
1103 -89.0000000000
1153 -87.0000000000
1171 -86.0000000000
1202 -85.0000000000
1219 -84.0000000000
1221 -82.0000000000
1251 -79.0000000000
1270 -78.0000000000
1273 -77.0000000000
1293 -76.0000000000
1312 -75.0000000000
1327 -74.0000000000
1349 -73.0000000000
1368 -72.0000000000
1373 -71.0000000000
1378 -70.0000000000
1387 -69.0000000000
1411 -67.0000000000
1455 -63.0000000000
1497 -62.0000000000
1526 -61.0000000000
1545 -60.0000000000
1546 -57.0000000000
1608 -55.0000000000
1642 -53.0000000000
1673 -51.0000000000
1691 -50.0000000000
1709 -49.0000000000
1750 -47.0000000000
1763 -45.0000000000
1779 -44.0000000000
1812 -43.0000000000
1840 -42.0000000000
1875 -41.0000000000
1899 -40.0000000000
1952 -39.0000000000
1973 -38.0000000000
1978 -37.0000000000
1981 -36.0000000000
1994 -35.0000000000
2021 -34.0000000000
2036 -33.0000000000
2084 -32.0000000000
2143 -31.0000000000
2165 -30.0000000000
2178 -28.0000000000
2236 -27.0000000000
2255 -26.0000000000
2273 -25.0000000000
2304 -24.0000000000
2338 -22.0000000000
2368 -21.0000000000
2430 -20.0000000000
2464 -19.0000000000
2485 -18.0000000000
2529 -17.0000000000
2593 -15.0000000000
2601 -14.0000000000
2664 -13.0000000000
2725 -12.0000000000
2742 -11.0000000000
2785 -10.0000000000
2797 -8.0000000000
2871 -7.0000000000
2949 -6.0000000000
3004 -5.0000000000
3007 -4.0000000000
3144 -2.0000000000
3335 -1.0000000000
3377 375.0000000000
3391 382.0000000000
3402 388.0000000000
3410 393.0000000000
3430 395.0000000000
3496 396.0000000000
3554 400.0000000000
3707 403.0000000000
3957 404.0000000000
4001 408.0000000000
4227 413.0000000000
4881 414.0000000000
5547 415.0000000000
6024 416.0000000000
6079 418.0000000000
7603 420.0000000000
8313 421.0000000000
8367 425.0000000000
8501 426.0000000000
9708 429.0000000000
10291 432.0000000000
11404 434.0000000000
14492 435.0000000000
16207 437.0000000000
26298 438.0000000000
84691 441.0000000000
100000 -4.0000000000
evaluations raw_y
1 -239.0000000000
2 -216.0000000000
3 -213.0000000000
4 -204.0000000000
5 -196.0000000000
40 -195.0000000000
45 -194.0000000000
55 -183.0000000000
83 -182.0000000000
87 -177.0000000000
97 -176.0000000000
110 -173.0000000000
118 -172.0000000000
140 -171.0000000000
149 -168.0000000000
156 -167.0000000000
173 -165.0000000000
181 -162.0000000000
183 -161.0000000000
186 -159.0000000000
203 -156.0000000000
219 -152.0000000000
250 -151.0000000000
275 -150.0000000000
283 -149.0000000000
294 -148.0000000000
316 -145.0000000000
332 -144.0000000000
353 -143.0000000000
359 -141.0000000000
380 -137.0000000000
403 -136.0000000000
414 -131.0000000000
455 -130.0000000000
465 -128.0000000000
484 -127.0000000000
487 -123.0000000000
523 -121.0000000000
573 -120.0000000000
580 -119.0000000000
601 -117.0000000000
623 -116.0000000000
638 -114.0000000000
644 -112.0000000000
652 -111.0000000000
695 -110.0000000000
725 -108.0000000000
736 -105.0000000000
763 -104.0000000000
813 -103.0000000000
823 -101.0000000000
834 -99.0000000000
869 -98.0000000000
880 -97.0000000000
883 -96.0000000000
895 -95.0000000000
905 -94.0000000000
925 -92.0000000000
935 -90.0000000000
956 -87.0000000000
1035 -85.0000000000
1041 -84.0000000000
1102 -83.0000000000
1103 -82.0000000000
1154 -79.0000000000
1184 -78.0000000000
1193 -77.0000000000
1235 -76.0000000000
1244 -71.0000000000
1297 -70.0000000000
1324 -68.0000000000
1366 -67.0000000000
1374 -66.0000000000
1394 -65.0000000000
1406 -64.0000000000
1427 -63.0000000000
1446 -62.0000000000
1470 -61.0000000000
1496 -60.0000000000
1527 -59.0000000000
1533 -58.0000000000
1560 -57.0000000000
1565 -56.0000000000
1601 -53.0000000000
1637 -52.0000000000
1680 -51.0000000000
1683 -50.0000000000
1686 -49.0000000000
1711 -48.0000000000
1760 -47.0000000000
1804 -46.0000000000
1824 -45.0000000000
1830 -44.0000000000
1861 -43.0000000000
1862 -42.0000000000
1883 -41.0000000000
1904 -40.0000000000
1919 -39.0000000000
1936 -38.0000000000
1958 -37.0000000000
2070 -36.0000000000
2097 -35.0000000000
2155 -34.0000000000
2164 -33.0000000000
2203 -32.0000000000
2207 -31.0000000000
2242 -29.0000000000
2303 -28.0000000000
2323 -27.0000000000
2351 -26.0000000000
2416 -25.0000000000
2433 -22.0000000000
2472 -21.0000000000
2511 -20.0000000000
2536 -19.0000000000
2572 -18.0000000000
2597 -17.0000000000
2612 -15.0000000000
2630 -14.0000000000
2775 -13.0000000000
2793 -12.0000000000
2821 -10.0000000000
2890 -9.0000000000
2927 -8.0000000000
2948 -7.0000000000
2976 -6.0000000000
3023 -5.0000000000
3066 -4.0000000000
3118 -3.0000000000
3137 -2.0000000000
3211 -1.0000000000
3232 368.0000000000
3260 382.0000000000
3275 392.0000000000
3291 393.0000000000
3299 394.0000000000
3303 396.0000000000
3310 401.0000000000
3342 405.0000000000
3499 407.0000000000
3662 408.0000000000
3666 409.0000000000
3771 411.0000000000
3823 413.0000000000
3996 414.0000000000
4072 415.0000000000
4134 417.0000000000
4176 418.0000000000
4578 419.0000000000
4602 421.0000000000
4727 422.0000000000
4881 423.0000000000
5327 424.0000000000
5454 425.0000000000
5511 426.0000000000
7614 428.0000000000
7796 430.0000000000
8177 431.0000000000
59628 441.0000000000
11845 433.0000000000
25961 434.0000000000
27225 435.0000000000
30591 439.0000000000
100000 -1.0000000000
evaluations raw_y
1 -224.0000000000
2 -217.0000000000
4 -209.0000000000
7 -202.0000000000
11 -200.0000000000
40 -192.0000000000
46 -191.0000000000
62 -173.0000000000
73 -171.0000000000
91 -169.0000000000
101 -167.0000000000
118 -165.0000000000
120 -157.0000000000
150 -152.0000000000
178 -148.0000000000
190 -146.0000000000
222 -145.0000000000
225 -144.0000000000
228 -141.0000000000
241 -140.0000000000
263 -139.0000000000
280 -137.0000000000
291 -136.0000000000
302 -135.0000000000
305 -134.0000000000
311 -133.0000000000
326 -131.0000000000
328 -130.0000000000
335 -129.0000000000
357 -128.0000000000
372 -127.0000000000
375 -126.0000000000
383 -125.0000000000
387 -124.0000000000
394 -121.0000000000
456 -119.0000000000
463 -118.0000000000
497 -117.0000000000
512 -113.0000000000
543 -112.0000000000
565 -111.0000000000
574 -110.0000000000
587 -109.0000000000
604 -108.0000000000
618 -107.0000000000
623 -104.0000000000
669 -102.0000000000
684 -97.0000000000
714 -89.0000000000
800 -87.0000000000
842 -86.0000000000
856 -85.0000000000
859 -84.0000000000
882 -83.0000000000
901 -82.0000000000
919 -80.0000000000
957 -79.0000000000
959 -78.0000000000
993 -75.0000000000
1002 -72.0000000000
1079 -71.0000000000
1105 -70.0000000000
1128 -69.0000000000
1143 -68.0000000000
1161 -67.0000000000
1162 -65.0000000000
1204 -64.0000000000
1225 -63.0000000000
1251 -62.0000000000
1278 -61.0000000000
1361 -60.0000000000
1395 -59.0000000000
1432 -58.0000000000
1436 -57.0000000000
1473 -56.0000000000
1477 -55.0000000000
1492 -54.0000000000
1494 -53.0000000000
1521 -50.0000000000
1526 -49.0000000000
1572 -48.0000000000
1593 -46.0000000000
1626 -45.0000000000
1676 -43.0000000000
1726 -42.0000000000
1731 -41.0000000000
1783 -40.0000000000
1826 -39.0000000000
1850 -37.0000000000
1875 -35.0000000000
1894 -34.0000000000
1926 -33.0000000000
1934 -32.0000000000
1975 -31.0000000000
1995 -30.0000000000
2033 -28.0000000000
2086 -27.0000000000
2101 -26.0000000000
2172 -25.0000000000
2185 -24.0000000000
2240 -23.0000000000
2291 -22.0000000000
2326 -21.0000000000
2327 -20.0000000000
2358 -19.0000000000
2396 -18.0000000000
2490 -17.0000000000
2514 -15.0000000000
2573 -14.0000000000
2602 -13.0000000000
2621 -12.0000000000
2637 -11.0000000000
2683 -10.0000000000
2711 -9.0000000000
2728 -8.0000000000
2764 -7.0000000000
2773 -6.0000000000
2858 -5.0000000000
2873 -4.0000000000
2901 -3.0000000000
2950 -2.0000000000
2995 -1.0000000000
3009 405.0000000000
3098 406.0000000000
3241 409.0000000000
3290 413.0000000000
3865 415.0000000000
3983 416.0000000000
4003 417.0000000000
4046 418.0000000000
4175 420.0000000000
4309 421.0000000000
4329 423.0000000000
4553 424.0000000000
4636 425.0000000000
4740 428.0000000000
5668 430.0000000000
5936 432.0000000000
6512 434.0000000000
8255 435.0000000000
8399 436.0000000000
8570 437.0000000000
58305 442.0000000000
22075 438.0000000000
23892 439.0000000000
25252 441.0000000000
46428 442.0000000000
100000 -6.0000000000
evaluations raw_y
1 -197.0000000000
7 -190.0000000000
52 -189.0000000000
58 -178.0000000000
89 -172.0000000000
101 -167.0000000000
121 -164.0000000000
142 -161.0000000000
143 -158.0000000000
161 -152.0000000000
182 -151.0000000000
190 -150.0000000000
202 -148.0000000000
228 -147.0000000000
232 -146.0000000000
234 -145.0000000000
254 -143.0000000000
262 -141.0000000000
287 -140.0000000000
297 -138.0000000000
327 -135.0000000000
332 -133.0000000000
362 -132.0000000000
375 -130.0000000000
401 -129.0000000000
413 -128.0000000000
434 -127.0000000000
445 -126.0000000000
459 -125.0000000000
473 -123.0000000000
501 -121.0000000000
559 -120.0000000000
564 -118.0000000000
597 -117.0000000000
601 -115.0000000000
605 -113.0000000000
621 -112.0000000000
637 -111.0000000000
649 -109.0000000000
715 -108.0000000000
719 -107.0000000000
741 -105.0000000000
756 -103.0000000000
791 -102.0000000000
815 -101.0000000000
816 -100.0000000000
821 -98.0000000000
872 -97.0000000000
900 -96.0000000000
918 -95.0000000000
928 -94.0000000000
934 -93.0000000000
969 -92.0000000000
981 -91.0000000000
992 -90.0000000000
1030 -89.0000000000
1042 -88.0000000000
1072 -86.0000000000
1075 -85.0000000000
1089 -82.0000000000
1094 -81.0000000000
1133 -79.0000000000
1153 -78.0000000000
1162 -77.0000000000
1207 -76.0000000000
1212 -75.0000000000
1219 -74.0000000000
1231 -72.0000000000
1282 -71.0000000000
1302 -70.0000000000
1336 -69.0000000000
1353 -68.0000000000
1357 -67.0000000000
1366 -65.0000000000
1371 -64.0000000000
1402 -63.0000000000
1441 -62.0000000000
1446 -61.0000000000
1451 -60.0000000000
1474 -59.0000000000
1479 -58.0000000000
1503 -57.0000000000
1528 -56.0000000000
1554 -54.0000000000
1581 -53.0000000000
1602 -52.0000000000
1611 -51.0000000000
1612 -50.0000000000
1636 -47.0000000000
1677 -46.0000000000
1688 -45.0000000000
1713 -44.0000000000
1769 -42.0000000000
1789 -41.0000000000
1806 -39.0000000000
1835 -37.0000000000
1886 -36.0000000000
1893 -35.0000000000
1913 -33.0000000000
1938 -32.0000000000
1976 -31.0000000000
1995 -29.0000000000
2037 -28.0000000000
2069 -27.0000000000
2121 -26.0000000000
2129 -25.0000000000
2184 -24.0000000000
2215 -23.0000000000
2257 -22.0000000000
2284 -21.0000000000
2295 -19.0000000000
2315 -18.0000000000
2381 -17.0000000000
2429 -16.0000000000
2461 -15.0000000000
2469 -14.0000000000
2499 -13.0000000000
2517 -10.0000000000
2551 -9.0000000000
2676 -8.0000000000
2766 -7.0000000000
2825 -6.0000000000
2855 -5.0000000000
2883 -4.0000000000
2931 -3.0000000000
2993 -2.0000000000
3031 -1.0000000000
3079 370.0000000000
3107 387.0000000000
3109 402.0000000000
3146 406.0000000000
3202 409.0000000000
3313 414.0000000000
3837 415.0000000000
4409 417.0000000000
4466 418.0000000000
4473 420.0000000000
5058 425.0000000000
5765 427.0000000000
6773 429.0000000000
8127 432.0000000000
8168 435.0000000000
14943 437.0000000000
19572 438.0000000000
30324 440.0000000000
34814 441.0000000000
100000 -1.0000000000
evaluations raw_y
1 -211.0000000000
3 -207.0000000000
7 -206.0000000000
10 -200.0000000000
17 -198.0000000000
31 -185.0000000000
51 -182.0000000000
64 -179.0000000000
77 -178.0000000000
83 -175.0000000000
95 -174.0000000000
101 -171.0000000000
115 -170.0000000000
141 -167.0000000000
155 -162.0000000000
174 -157.0000000000
191 -156.0000000000
206 -155.0000000000
220 -154.0000000000
226 -152.0000000000
231 -151.0000000000
260 -147.0000000000
277 -146.0000000000
287 -144.0000000000
301 -143.0000000000
309 -141.0000000000
351 -140.0000000000
356 -138.0000000000
368 -137.0000000000
392 -136.0000000000
410 -135.0000000000
432 -133.0000000000
459 -132.0000000000
465 -131.0000000000
482 -128.0000000000
506 -127.0000000000
516 -124.0000000000
560 -120.0000000000
603 -118.0000000000
622 -117.0000000000
643 -115.0000000000
653 -111.0000000000
683 -109.0000000000
695 -108.0000000000
731 -107.0000000000
741 -106.0000000000
751 -104.0000000000
778 -103.0000000000
791 -101.0000000000
808 -100.0000000000
825 -99.0000000000
848 -98.0000000000
865 -97.0000000000
872 -96.0000000000
889 -95.0000000000
893 -94.0000000000
911 -93.0000000000
917 -91.0000000000
976 -89.0000000000
992 -88.0000000000
1026 -87.0000000000
1033 -86.0000000000
1044 -85.0000000000
1061 -84.0000000000
1067 -83.0000000000
1071 -81.0000000000
1131 -80.0000000000
1139 -79.0000000000
1156 -78.0000000000
1174 -77.0000000000
1188 -74.0000000000
1204 -73.0000000000
1221 -68.0000000000
1294 -67.0000000000
1302 -66.0000000000
1353 -64.0000000000
1384 -63.0000000000
1423 -61.0000000000
1428 -60.0000000000
1468 -58.0000000000
1474 -56.0000000000
1513 -55.0000000000
1515 -53.0000000000
1521 -52.0000000000
1553 -51.0000000000
1561 -50.0000000000
1571 -49.0000000000
1615 -46.0000000000
1646 -45.0000000000
1660 -44.0000000000
1698 -42.0000000000
1712 -40.0000000000
1736 -39.0000000000
1742 -38.0000000000
1756 -37.0000000000
1799 -36.0000000000
1846 -35.0000000000
1866 -34.0000000000
1873 -32.0000000000
1912 -30.0000000000
1941 -27.0000000000
1969 -26.0000000000
1989 -25.0000000000
1993 -24.0000000000
2026 -23.0000000000
2071 -22.0000000000
2110 -21.0000000000
2122 -19.0000000000
2152 -18.0000000000
2167 -17.0000000000
2220 -15.0000000000
2276 -14.0000000000
2305 -13.0000000000
2314 -12.0000000000
2384 -11.0000000000
2403 -10.0000000000
2422 -9.0000000000
2463 -8.0000000000
2538 -7.0000000000
2576 -6.0000000000
2601 -5.0000000000
2619 -4.0000000000
2645 -3.0000000000
2683 -2.0000000000
2737 -1.0000000000
2843 389.0000000000
2853 392.0000000000
2870 395.0000000000
2955 400.0000000000
3031 401.0000000000
3111 404.0000000000
3338 406.0000000000
3463 407.0000000000
3575 414.0000000000
3660 417.0000000000
3683 418.0000000000
3874 419.0000000000
3909 423.0000000000
4203 426.0000000000
4477 428.0000000000
5196 433.0000000000
5448 434.0000000000
6211 436.0000000000
6214 438.0000000000
19653 440.0000000000
88859 443.0000000000
100000 -1.0000000000
evaluations raw_y
1 -214.0000000000
2 -202.0000000000
3 -197.0000000000
27 -175.0000000000
63 -171.0000000000
70 -169.0000000000
101 -164.0000000000
118 -163.0000000000
141 -162.0000000000
147 -161.0000000000
154 -158.0000000000
159 -154.0000000000
182 -153.0000000000
204 -149.0000000000
245 -148.0000000000
250 -147.0000000000
255 -145.0000000000
257 -143.0000000000
277 -140.0000000000
287 -138.0000000000
291 -136.0000000000
303 -134.0000000000
335 -133.0000000000
344 -132.0000000000
352 -128.0000000000
383 -127.0000000000
423 -123.0000000000
427 -122.0000000000
467 -121.0000000000
472 -120.0000000000
489 -118.0000000000
495 -117.0000000000
505 -116.0000000000
520 -115.0000000000
538 -113.0000000000
553 -111.0000000000
576 -109.0000000000
583 -108.0000000000
602 -107.0000000000
623 -106.0000000000
629 -105.0000000000
635 -103.0000000000
650 -102.0000000000
673 -101.0000000000
703 -99.0000000000
735 -98.0000000000
736 -97.0000000000
774 -96.0000000000
814 -94.0000000000
815 -93.0000000000
837 -92.0000000000
876 -89.0000000000
924 -88.0000000000
933 -87.0000000000
949 -86.0000000000
987 -84.0000000000
990 -83.0000000000
1001 -82.0000000000
1003 -81.0000000000
1029 -80.0000000000
1056 -79.0000000000
1074 -78.0000000000
1081 -74.0000000000
1117 -73.0000000000
1138 -72.0000000000
1171 -71.0000000000
1184 -70.0000000000
1185 -69.0000000000
1193 -68.0000000000
1218 -67.0000000000
1235 -66.0000000000
1251 -62.0000000000
1366 -61.0000000000
1378 -59.0000000000
1401 -58.0000000000
1426 -57.0000000000
1478 -56.0000000000
1492 -55.0000000000
1506 -54.0000000000
1532 -52.0000000000
1582 -51.0000000000
1611 -50.0000000000
1629 -49.0000000000
1668 -48.0000000000
1671 -47.0000000000
1720 -46.0000000000
1770 -45.0000000000
1772 -44.0000000000
1813 -43.0000000000
1837 -41.0000000000
1887 -40.0000000000
1917 -38.0000000000
1943 -37.0000000000
2015 -35.0000000000
2043 -34.0000000000
2057 -33.0000000000
2137 -31.0000000000
2219 -30.0000000000
2242 -29.0000000000
2252 -28.0000000000
2303 -26.0000000000
2345 -25.0000000000
2361 -24.0000000000
2387 -23.0000000000
2418 -22.0000000000
2434 -21.0000000000
2472 -20.0000000000
2526 -19.0000000000
2535 -18.0000000000
2596 -16.0000000000
2658 -14.0000000000
2722 -13.0000000000
2752 -12.0000000000
2771 -11.0000000000
2882 -10.0000000000
2901 -9.0000000000
2911 -8.0000000000
2992 -7.0000000000
2994 -6.0000000000
3030 -5.0000000000
3069 -4.0000000000
3078 -3.0000000000
3129 -2.0000000000
3132 -1.0000000000
3224 377.0000000000
3227 385.0000000000
3299 389.0000000000
3302 396.0000000000
3303 402.0000000000
3381 410.0000000000
3744 413.0000000000
3830 416.0000000000
4277 418.0000000000
4344 421.0000000000
4374 423.0000000000
4404 425.0000000000
4479 426.0000000000
4555 427.0000000000
4899 429.0000000000
5791 431.0000000000
5899 432.0000000000
5939 435.0000000000
7087 436.0000000000
7198 437.0000000000
7421 439.0000000000
7540 441.0000000000
84691 441.0000000000
19520 442.0000000000
100000 -4.0000000000
evaluations raw_y
1 -239.0000000000
2 -216.0000000000
3 -213.0000000000
4 -204.0000000000
5 -196.0000000000
40 -195.0000000000
45 -194.0000000000
55 -183.0000000000
83 -182.0000000000
87 -177.0000000000
97 -176.0000000000
110 -173.0000000000
118 -172.0000000000
140 -171.0000000000
149 -168.0000000000
156 -167.0000000000
173 -165.0000000000
181 -162.0000000000
183 -161.0000000000
186 -159.0000000000
203 -156.0000000000
219 -152.0000000000
250 -151.0000000000
275 -150.0000000000
283 -149.0000000000
294 -148.0000000000
316 -145.0000000000
332 -144.0000000000
353 -143.0000000000
359 -141.0000000000
380 -137.0000000000
403 -136.0000000000
414 -131.0000000000
455 -130.0000000000
465 -128.0000000000
484 -127.0000000000
487 -123.0000000000
523 -121.0000000000
573 -120.0000000000
580 -119.0000000000
601 -117.0000000000
623 -116.0000000000
638 -114.0000000000
644 -112.0000000000
652 -111.0000000000
695 -110.0000000000
725 -108.0000000000
736 -105.0000000000
763 -104.0000000000
813 -103.0000000000
823 -101.0000000000
834 -99.0000000000
869 -98.0000000000
880 -97.0000000000
883 -96.0000000000
895 -95.0000000000
905 -94.0000000000
925 -92.0000000000
935 -90.0000000000
956 -87.0000000000
1035 -85.0000000000
1041 -84.0000000000
1102 -83.0000000000
1103 -82.0000000000
1154 -79.0000000000
1184 -78.0000000000
1193 -77.0000000000
1235 -76.0000000000
1244 -71.0000000000
1297 -70.0000000000
1324 -68.0000000000
1366 -67.0000000000
1374 -66.0000000000
1394 -65.0000000000
1406 -64.0000000000
1427 -63.0000000000
1446 -62.0000000000
1470 -61.0000000000
1496 -60.0000000000
1527 -59.0000000000
1533 -58.0000000000
1560 -57.0000000000
1565 -56.0000000000
1601 -53.0000000000
1637 -52.0000000000
1680 -51.0000000000
1683 -50.0000000000
1686 -49.0000000000
1711 -48.0000000000
1760 -47.0000000000
1804 -46.0000000000
1824 -45.0000000000
1830 -44.0000000000
1861 -43.0000000000
1862 -42.0000000000
1883 -41.0000000000
1904 -40.0000000000
1919 -39.0000000000
1936 -38.0000000000
1958 -37.0000000000
2070 -36.0000000000
2097 -35.0000000000
2155 -34.0000000000
2164 -33.0000000000
2203 -32.0000000000
2207 -31.0000000000
2242 -29.0000000000
2303 -28.0000000000
2323 -27.0000000000
2351 -26.0000000000
2416 -25.0000000000
2433 -22.0000000000
2472 -21.0000000000
2511 -20.0000000000
2536 -19.0000000000
2572 -18.0000000000
2597 -17.0000000000
2612 -15.0000000000
2630 -14.0000000000
2775 -13.0000000000
2793 -12.0000000000
2821 -10.0000000000
2890 -9.0000000000
2927 -8.0000000000
2948 -7.0000000000
2976 -6.0000000000
3023 -5.0000000000
3066 -4.0000000000
3118 -3.0000000000
3137 -2.0000000000
3211 -1.0000000000
3232 368.0000000000
3260 382.0000000000
3275 392.0000000000
3291 393.0000000000
3299 394.0000000000
3303 396.0000000000
3310 401.0000000000
3342 405.0000000000
3499 407.0000000000
3662 408.0000000000
3666 409.0000000000
3771 411.0000000000
3823 413.0000000000
3996 414.0000000000
4072 415.0000000000
4134 417.0000000000
4176 418.0000000000
4578 419.0000000000
4602 421.0000000000
4727 422.0000000000
4881 423.0000000000
5327 424.0000000000
5454 425.0000000000
5511 426.0000000000
7614 428.0000000000
7796 430.0000000000
8177 431.0000000000
11845 433.0000000000
42434 443.0000000000
25961 434.0000000000
27225 435.0000000000
30591 439.0000000000
67643 444.0000000000
58305 442.0000000000
100000 -7.0000000000
evaluations raw_y
1 -205.0000000000
2 -204.0000000000
21 -198.0000000000
41 -196.0000000000
50 -189.0000000000
65 -184.0000000000
94 -180.0000000000
102 -177.0000000000
103 -176.0000000000
124 -171.0000000000
143 -170.0000000000
147 -168.0000000000
166 -166.0000000000
182 -163.0000000000
205 -162.0000000000
209 -161.0000000000
231 -157.0000000000
280 -156.0000000000
286 -155.0000000000
307 -154.0000000000
311 -153.0000000000
312 -152.0000000000
330 -151.0000000000
336 -150.0000000000
356 -149.0000000000
366 -147.0000000000
381 -146.0000000000
391 -145.0000000000
406 -144.0000000000
435 -142.0000000000
450 -139.0000000000
478 -138.0000000000
480 -137.0000000000
489 -135.0000000000
521 -134.0000000000
543 -133.0000000000
556 -132.0000000000
564 -131.0000000000
583 -130.0000000000
588 -129.0000000000
603 -126.0000000000
641 -124.0000000000
687 -123.0000000000
704 -120.0000000000
725 -119.0000000000
735 -118.0000000000
754 -117.0000000000
777 -116.0000000000
793 -115.0000000000
796 -114.0000000000
812 -113.0000000000
843 -112.0000000000
852 -110.0000000000
877 -109.0000000000
878 -108.0000000000
884 -106.0000000000
898 -105.0000000000
907 -104.0000000000
912 -103.0000000000
939 -102.0000000000
973 -101.0000000000
980 -99.0000000000
1007 -96.0000000000
1034 -95.0000000000
1043 -94.0000000000
1055 -93.0000000000
1056 -90.0000000000
1101 -89.0000000000
1102 -88.0000000000
1110 -87.0000000000
1111 -86.0000000000
1142 -85.0000000000
1165 -84.0000000000
1186 -82.0000000000
1212 -81.0000000000
1224 -80.0000000000
1250 -79.0000000000
1281 -78.0000000000
1309 -77.0000000000
1317 -75.0000000000
1321 -74.0000000000
1326 -73.0000000000
1358 -72.0000000000
1383 -70.0000000000
1409 -69.0000000000
1427 -68.0000000000
1473 -67.0000000000
1487 -65.0000000000
1525 -64.0000000000
1540 -63.0000000000
1544 -61.0000000000
1582 -59.0000000000
1618 -58.0000000000
1636 -57.0000000000
1656 -56.0000000000
1687 -55.0000000000
1698 -54.0000000000
1711 -53.0000000000
1725 -52.0000000000
1775 -51.0000000000
1805 -50.0000000000
1829 -49.0000000000
1857 -48.0000000000
1880 -47.0000000000
1887 -46.0000000000
1917 -45.0000000000
1928 -44.0000000000
1945 -43.0000000000
1965 -42.0000000000
1984 -41.0000000000
2011 -40.0000000000
2015 -39.0000000000
2024 -38.0000000000
2058 -37.0000000000
2094 -36.0000000000
2109 -35.0000000000
2144 -34.0000000000
2169 -33.0000000000
2201 -32.0000000000
2234 -31.0000000000
2257 -30.0000000000
2266 -29.0000000000
2364 -27.0000000000
2411 -26.0000000000
2446 -25.0000000000
2494 -24.0000000000
2498 -23.0000000000
2534 -22.0000000000
2591 -20.0000000000
2594 -19.0000000000
2615 -17.0000000000
2636 -16.0000000000
2709 -14.0000000000
2736 -13.0000000000
2771 -12.0000000000
2793 -11.0000000000
2828 -9.0000000000
2891 -8.0000000000
2908 -6.0000000000
2971 -5.0000000000
3058 -4.0000000000
3086 -3.0000000000
3169 -2.0000000000
3201 -1.0000000000
3214 377.0000000000
3233 379.0000000000
3297 383.0000000000
3312 386.0000000000
3360 395.0000000000
3483 409.0000000000
3614 411.0000000000
3760 415.0000000000
4382 416.0000000000
4914 418.0000000000
5069 422.0000000000
5121 423.0000000000
6125 424.0000000000
6186 425.0000000000
6409 429.0000000000
7917 430.0000000000
10012 431.0000000000
11193 432.0000000000
11901 435.0000000000
15116 438.0000000000
100000 -6.0000000000
evaluations raw_y
1 -197.0000000000
7 -190.0000000000
52 -189.0000000000
58 -178.0000000000
89 -172.0000000000
101 -167.0000000000
121 -164.0000000000
142 -161.0000000000
143 -158.0000000000
161 -152.0000000000
182 -151.0000000000
190 -150.0000000000
202 -148.0000000000
228 -147.0000000000
232 -146.0000000000
234 -145.0000000000
254 -143.0000000000
262 -141.0000000000
287 -140.0000000000
297 -138.0000000000
327 -135.0000000000
332 -133.0000000000
362 -132.0000000000
375 -130.0000000000
401 -129.0000000000
413 -128.0000000000
434 -127.0000000000
445 -126.0000000000
459 -125.0000000000
473 -123.0000000000
501 -121.0000000000
559 -120.0000000000
564 -118.0000000000
597 -117.0000000000
601 -115.0000000000
605 -113.0000000000
621 -112.0000000000
637 -111.0000000000
649 -109.0000000000
715 -108.0000000000
719 -107.0000000000
741 -105.0000000000
756 -103.0000000000
791 -102.0000000000
815 -101.0000000000
816 -100.0000000000
821 -98.0000000000
872 -97.0000000000
900 -96.0000000000
918 -95.0000000000
928 -94.0000000000
934 -93.0000000000
969 -92.0000000000
981 -91.0000000000
992 -90.0000000000
1030 -89.0000000000
1042 -88.0000000000
1072 -86.0000000000
1075 -85.0000000000
1089 -82.0000000000
1094 -81.0000000000
1133 -79.0000000000
1153 -78.0000000000
1162 -77.0000000000
1207 -76.0000000000
1212 -75.0000000000
1219 -74.0000000000
1231 -72.0000000000
1282 -71.0000000000
1302 -70.0000000000
1336 -69.0000000000
1353 -68.0000000000
1357 -67.0000000000
1366 -65.0000000000
1371 -64.0000000000
1402 -63.0000000000
1441 -62.0000000000
1446 -61.0000000000
1451 -60.0000000000
1474 -59.0000000000
1479 -58.0000000000
1503 -57.0000000000
1528 -56.0000000000
1554 -54.0000000000
1581 -53.0000000000
1602 -52.0000000000
1611 -51.0000000000
1612 -50.0000000000
1636 -47.0000000000
1677 -46.0000000000
1688 -45.0000000000
1713 -44.0000000000
1769 -42.0000000000
1789 -41.0000000000
1806 -39.0000000000
1835 -37.0000000000
1886 -36.0000000000
1893 -35.0000000000
1913 -33.0000000000
1938 -32.0000000000
1976 -31.0000000000
1995 -29.0000000000
2037 -28.0000000000
2069 -27.0000000000
2121 -26.0000000000
2129 -25.0000000000
2184 -24.0000000000
2215 -23.0000000000
2257 -22.0000000000
2284 -21.0000000000
2295 -19.0000000000
2315 -18.0000000000
2381 -17.0000000000
2429 -16.0000000000
2461 -15.0000000000
2469 -14.0000000000
2499 -13.0000000000
2517 -10.0000000000
2551 -9.0000000000
2676 -8.0000000000
2766 -7.0000000000
2825 -6.0000000000
2855 -5.0000000000
2883 -4.0000000000
2931 -3.0000000000
2993 -2.0000000000
3031 -1.0000000000
3079 370.0000000000
3107 387.0000000000
3109 402.0000000000
3146 406.0000000000
3202 409.0000000000
3313 414.0000000000
3837 415.0000000000
4409 417.0000000000
4466 418.0000000000
4473 420.0000000000
5058 425.0000000000
5765 427.0000000000
27685 439.0000000000
6773 429.0000000000
8127 432.0000000000
8168 435.0000000000
14943 437.0000000000
19572 438.0000000000
30324 440.0000000000
34814 441.0000000000
57662 441.0000000000
87189 443.0000000000
100000 -4.0000000000
evaluations raw_y
1 -198.0000000000
8 -197.0000000000
43 -195.0000000000
46 -190.0000000000
59 -180.0000000000
106 -176.0000000000
110 -175.0000000000
123 -169.0000000000
155 -168.0000000000
161 -163.0000000000
165 -161.0000000000
173 -155.0000000000
234 -152.0000000000
262 -149.0000000000
278 -143.0000000000
308 -142.0000000000
320 -140.0000000000
332 -139.0000000000
338 -137.0000000000
341 -136.0000000000
377 -133.0000000000
393 -132.0000000000
412 -131.0000000000
415 -129.0000000000
425 -127.0000000000
434 -125.0000000000
478 -124.0000000000
485 -122.0000000000
501 -121.0000000000
514 -120.0000000000
517 -119.0000000000
526 -118.0000000000
538 -116.0000000000
563 -115.0000000000
572 -113.0000000000
589 -111.0000000000
596 -110.0000000000
607 -108.0000000000
644 -107.0000000000
653 -105.0000000000
665 -103.0000000000
705 -102.0000000000
717 -101.0000000000
723 -100.0000000000
749 -99.0000000000
761 -98.0000000000
773 -97.0000000000
774 -96.0000000000
794 -92.0000000000
813 -91.0000000000
821 -90.0000000000
834 -89.0000000000
875 -88.0000000000
900 -87.0000000000
901 -85.0000000000
954 -84.0000000000
958 -83.0000000000
990 -82.0000000000
998 -81.0000000000
1036 -80.0000000000
1074 -78.0000000000
1119 -77.0000000000
1129 -75.0000000000
1145 -74.0000000000
1192 -73.0000000000
1202 -72.0000000000
1242 -70.0000000000
1295 -69.0000000000
1304 -68.0000000000
1331 -67.0000000000
1362 -66.0000000000
1373 -65.0000000000
1377 -64.0000000000
1382 -63.0000000000
1401 -60.0000000000
1442 -59.0000000000
1444 -57.0000000000
1478 -56.0000000000
1486 -55.0000000000
1509 -53.0000000000
1516 -52.0000000000
1523 -51.0000000000
1549 -50.0000000000
1578 -48.0000000000
1614 -47.0000000000
1649 -44.0000000000
1664 -41.0000000000
1718 -40.0000000000
1722 -37.0000000000
1787 -36.0000000000
1813 -34.0000000000
1885 -33.0000000000
1925 -32.0000000000
1945 -31.0000000000
1992 -30.0000000000
1997 -28.0000000000
2028 -27.0000000000
2042 -26.0000000000
2069 -25.0000000000
2105 -24.0000000000
2130 -23.0000000000
2152 -21.0000000000
2194 -19.0000000000
2231 -15.0000000000
2327 -14.0000000000
2353 -13.0000000000
2378 -12.0000000000
2404 -11.0000000000
2421 -10.0000000000
2432 -9.0000000000
2468 -8.0000000000
2475 -6.0000000000
2590 -5.0000000000
2608 -4.0000000000
2690 -3.0000000000
88859 443.0000000000
2864 -2.0000000000
2890 -1.0000000000
2951 381.0000000000
3000 382.0000000000
3014 384.0000000000
3047 387.0000000000
3068 390.0000000000
3100 391.0000000000
3115 402.0000000000
3197 406.0000000000
3217 407.0000000000
3255 408.0000000000
3298 416.0000000000
3381 418.0000000000
3472 419.0000000000
3616 421.0000000000
3672 422.0000000000
4388 423.0000000000
4519 424.0000000000
4532 425.0000000000
4966 427.0000000000
8964 428.0000000000
9959 429.0000000000
10097 432.0000000000
100000 -1.0000000000
evaluations raw_y
1 -214.0000000000
2 -202.0000000000
3 -197.0000000000
27 -175.0000000000
63 -171.0000000000
70 -169.0000000000
101 -164.0000000000
118 -163.0000000000
141 -162.0000000000
147 -161.0000000000
154 -158.0000000000
159 -154.0000000000
182 -153.0000000000
204 -149.0000000000
245 -148.0000000000
250 -147.0000000000
255 -145.0000000000
257 -143.0000000000
277 -140.0000000000
287 -138.0000000000
291 -136.0000000000
303 -134.0000000000
335 -133.0000000000
344 -132.0000000000
352 -128.0000000000
383 -127.0000000000
423 -123.0000000000
427 -122.0000000000
467 -121.0000000000
472 -120.0000000000
489 -118.0000000000
495 -117.0000000000
505 -116.0000000000
520 -115.0000000000
538 -113.0000000000
553 -111.0000000000
576 -109.0000000000
583 -108.0000000000
602 -107.0000000000
623 -106.0000000000
629 -105.0000000000
635 -103.0000000000
650 -102.0000000000
673 -101.0000000000
703 -99.0000000000
735 -98.0000000000
736 -97.0000000000
774 -96.0000000000
814 -94.0000000000
815 -93.0000000000
837 -92.0000000000
876 -89.0000000000
924 -88.0000000000
933 -87.0000000000
949 -86.0000000000
987 -84.0000000000
990 -83.0000000000
1001 -82.0000000000
1003 -81.0000000000
1029 -80.0000000000
1056 -79.0000000000
1074 -78.0000000000
1081 -74.0000000000
1117 -73.0000000000
1138 -72.0000000000
15244 433.0000000000
1171 -71.0000000000
1184 -70.0000000000
1185 -69.0000000000
1193 -68.0000000000
1218 -67.0000000000
1235 -66.0000000000
1251 -62.0000000000
1366 -61.0000000000
1378 -59.0000000000
1401 -58.0000000000
1426 -57.0000000000
1478 -56.0000000000
1492 -55.0000000000
1506 -54.0000000000
1532 -52.0000000000
1582 -51.0000000000
1611 -50.0000000000
1629 -49.0000000000
1668 -48.0000000000
1671 -47.0000000000
1720 -46.0000000000
1770 -45.0000000000
1772 -44.0000000000
1813 -43.0000000000
1837 -41.0000000000
1887 -40.0000000000
1917 -38.0000000000
1943 -37.0000000000
2015 -35.0000000000
2043 -34.0000000000
2057 -33.0000000000
2137 -31.0000000000
2219 -30.0000000000
2242 -29.0000000000
2252 -28.0000000000
2303 -26.0000000000
2345 -25.0000000000
2361 -24.0000000000
2387 -23.0000000000
2418 -22.0000000000
2434 -21.0000000000
2472 -20.0000000000
2526 -19.0000000000
2535 -18.0000000000
2596 -16.0000000000
2658 -14.0000000000
2722 -13.0000000000
2752 -12.0000000000
2771 -11.0000000000
2882 -10.0000000000
2901 -9.0000000000
2911 -8.0000000000
2992 -7.0000000000
2994 -6.0000000000
3030 -5.0000000000
3069 -4.0000000000
3078 -3.0000000000
3129 -2.0000000000
3132 -1.0000000000
3224 377.0000000000
3227 385.0000000000
3299 389.0000000000
3302 396.0000000000
3303 402.0000000000
3381 410.0000000000
3744 413.0000000000
3830 416.0000000000
4277 418.0000000000
4344 421.0000000000
4374 423.0000000000
4404 425.0000000000
4479 426.0000000000
4555 427.0000000000
4899 429.0000000000
5791 431.0000000000
5899 432.0000000000
5939 435.0000000000
7087 436.0000000000
7198 437.0000000000
7421 439.0000000000
7540 441.0000000000
27509 435.0000000000
19520 442.0000000000
36076 436.0000000000
47804 437.0000000000
42434 443.0000000000
61221 439.0000000000
67643 444.0000000000
84603 440.0000000000
100000 431.0000000000
evaluations raw_y
1 -216.0000000000
4 -209.0000000000
6 -202.0000000000
18 -191.0000000000
47 -190.0000000000
64 -184.0000000000
72 -180.0000000000
80 -176.0000000000
110 -173.0000000000
114 -169.0000000000
136 -168.0000000000
144 -165.0000000000
150 -163.0000000000
163 -162.0000000000
185 -156.0000000000
203 -154.0000000000
207 -152.0000000000
241 -151.0000000000
242 -150.0000000000
251 -146.0000000000
271 -143.0000000000
282 -142.0000000000
291 -140.0000000000
332 -138.0000000000
347 -136.0000000000
349 -135.0000000000
357 -134.0000000000
374 -133.0000000000
388 -131.0000000000
402 -130.0000000000
431 -129.0000000000
444 -127.0000000000
469 -125.0000000000
501 -124.0000000000
522 -122.0000000000
531 -121.0000000000
565 -120.0000000000
577 -119.0000000000
602 -118.0000000000
615 -117.0000000000
621 -116.0000000000
633 -113.0000000000
665 -112.0000000000
688 -110.0000000000
734 -108.0000000000
744 -107.0000000000
773 -105.0000000000
816 -104.0000000000
817 -103.0000000000
834 -102.0000000000
845 -100.0000000000
854 -99.0000000000
866 -98.0000000000
893 -97.0000000000
907 -96.0000000000
908 -95.0000000000
921 -94.0000000000
936 -93.0000000000
970 -87.0000000000
1032 -86.0000000000
1059 -85.0000000000
1078 -84.0000000000
1106 -82.0000000000
1145 -81.0000000000
1156 -79.0000000000
1167 -78.0000000000
1181 -77.0000000000
1194 -75.0000000000
1196 -74.0000000000
1221 -73.0000000000
1261 -72.0000000000
1288 -71.0000000000
1297 -70.0000000000
1322 -69.0000000000
1346 -67.0000000000
1400 -64.0000000000
1444 -63.0000000000
1469 -62.0000000000
1471 -61.0000000000
1517 -59.0000000000
1537 -58.0000000000
1554 -57.0000000000
1582 -56.0000000000
1607 -55.0000000000
1634 -54.0000000000
1663 -52.0000000000
1678 -51.0000000000
1723 -49.0000000000
1782 -48.0000000000
1789 -47.0000000000
1820 -46.0000000000
1821 -45.0000000000
1867 -44.0000000000
1872 -41.0000000000
1953 -39.0000000000
2015 -38.0000000000
2053 -37.0000000000
2077 -36.0000000000
2095 -35.0000000000
2122 -34.0000000000
2159 -33.0000000000
2161 -32.0000000000
2194 -31.0000000000
2234 -30.0000000000
2310 -29.0000000000
2351 -27.0000000000
2412 -26.0000000000
2445 -25.0000000000
2479 -24.0000000000
2561 -23.0000000000
2594 -21.0000000000
2650 -20.0000000000
2735 -19.0000000000
2754 -18.0000000000
2764 -16.0000000000
2793 -15.0000000000
2834 -14.0000000000
2869 -13.0000000000
2877 -12.0000000000
2886 -11.0000000000
2965 -10.0000000000
2985 -9.0000000000
3005 -8.0000000000
3090 -7.0000000000
3123 -6.0000000000
3209 -5.0000000000
3233 -4.0000000000
3276 -3.0000000000
3473 -2.0000000000
3539 -1.0000000000
3591 398.0000000000
3650 404.0000000000
3767 406.0000000000
3866 407.0000000000
3894 408.0000000000
3945 413.0000000000
4145 416.0000000000
4180 417.0000000000
4189 418.0000000000
4297 422.0000000000
4386 423.0000000000
4393 424.0000000000
4556 428.0000000000
5772 429.0000000000
5889 431.0000000000
100000 -7.0000000000
evaluations raw_y
1 -205.0000000000
2 -204.0000000000
21 -198.0000000000
41 -196.0000000000
50 -189.0000000000
65 -184.0000000000
94 -180.0000000000
102 -177.0000000000
103 -176.0000000000
124 -171.0000000000
143 -170.0000000000
147 -168.0000000000
166 -166.0000000000
182 -163.0000000000
205 -162.0000000000
209 -161.0000000000
231 -157.0000000000
280 -156.0000000000
286 -155.0000000000
307 -154.0000000000
311 -153.0000000000
312 -152.0000000000
330 -151.0000000000
336 -150.0000000000
356 -149.0000000000
366 -147.0000000000
381 -146.0000000000
391 -145.0000000000
406 -144.0000000000
435 -142.0000000000
450 -139.0000000000
478 -138.0000000000
480 -137.0000000000
489 -135.0000000000
521 -134.0000000000
543 -133.0000000000
556 -132.0000000000
564 -131.0000000000
583 -130.0000000000
588 -129.0000000000
603 -126.0000000000
641 -124.0000000000
687 -123.0000000000
704 -120.0000000000
725 -119.0000000000
735 -118.0000000000
6589 432.0000000000
754 -117.0000000000
777 -116.0000000000
6615 433.0000000000
793 -115.0000000000
796 -114.0000000000
812 -113.0000000000
843 -112.0000000000
852 -110.0000000000
877 -109.0000000000
878 -108.0000000000
884 -106.0000000000
898 -105.0000000000
907 -104.0000000000
912 -103.0000000000
939 -102.0000000000
973 -101.0000000000
980 -99.0000000000
1007 -96.0000000000
1034 -95.0000000000
1043 -94.0000000000
1055 -93.0000000000
1056 -90.0000000000
1101 -89.0000000000
1102 -88.0000000000
1110 -87.0000000000
1111 -86.0000000000
1142 -85.0000000000
1165 -84.0000000000
1186 -82.0000000000
1212 -81.0000000000
1224 -80.0000000000
1250 -79.0000000000
1281 -78.0000000000
1309 -77.0000000000
1317 -75.0000000000
1321 -74.0000000000
1326 -73.0000000000
1358 -72.0000000000
1383 -70.0000000000
1409 -69.0000000000
1427 -68.0000000000
1473 -67.0000000000
1487 -65.0000000000
1525 -64.0000000000
1540 -63.0000000000
1544 -61.0000000000
1582 -59.0000000000
1618 -58.0000000000
1636 -57.0000000000
1656 -56.0000000000
1687 -55.0000000000
1698 -54.0000000000
1711 -53.0000000000
1725 -52.0000000000
1775 -51.0000000000
1805 -50.0000000000
1829 -49.0000000000
1857 -48.0000000000
1880 -47.0000000000
1887 -46.0000000000
1917 -45.0000000000
1928 -44.0000000000
1945 -43.0000000000
1965 -42.0000000000
1984 -41.0000000000
2011 -40.0000000000
2015 -39.0000000000
2024 -38.0000000000
2058 -37.0000000000
2094 -36.0000000000
2109 -35.0000000000
2144 -34.0000000000
2169 -33.0000000000
2201 -32.0000000000
7785 434.0000000000
2234 -31.0000000000
2257 -30.0000000000
2266 -29.0000000000
2364 -27.0000000000
2411 -26.0000000000
2446 -25.0000000000
2494 -24.0000000000
2498 -23.0000000000
2534 -22.0000000000
2591 -20.0000000000
2594 -19.0000000000
2615 -17.0000000000
2636 -16.0000000000
2709 -14.0000000000
2736 -13.0000000000
2771 -12.0000000000
2793 -11.0000000000
2828 -9.0000000000
2891 -8.0000000000
2908 -6.0000000000
2971 -5.0000000000
3058 -4.0000000000
3086 -3.0000000000
3169 -2.0000000000
3201 -1.0000000000
3214 377.0000000000
3233 379.0000000000
3297 383.0000000000
3312 386.0000000000
3360 395.0000000000
3483 409.0000000000
3614 411.0000000000
3760 415.0000000000
4382 416.0000000000
4914 418.0000000000
5069 422.0000000000
5121 423.0000000000
6125 424.0000000000
6186 425.0000000000
6409 429.0000000000
7917 430.0000000000
14328 435.0000000000
10012 431.0000000000
11193 432.0000000000
11901 435.0000000000
15116 438.0000000000
23986 438.0000000000
29295 439.0000000000
29596 441.0000000000
27685 439.0000000000
44392 442.0000000000
58270 443.0000000000
57662 441.0000000000
76431 444.0000000000
87189 443.0000000000
100000 -4.0000000000
evaluations raw_y
1 -198.0000000000
8 -197.0000000000
43 -195.0000000000
46 -190.0000000000
59 -180.0000000000
106 -176.0000000000
110 -175.0000000000
123 -169.0000000000
155 -168.0000000000
161 -163.0000000000
165 -161.0000000000
173 -155.0000000000
234 -152.0000000000
262 -149.0000000000
278 -143.0000000000
308 -142.0000000000
320 -140.0000000000
332 -139.0000000000
338 -137.0000000000
341 -136.0000000000
377 -133.0000000000
393 -132.0000000000
412 -131.0000000000
415 -129.0000000000
425 -127.0000000000
434 -125.0000000000
478 -124.0000000000
485 -122.0000000000
501 -121.0000000000
514 -120.0000000000
517 -119.0000000000
526 -118.0000000000
538 -116.0000000000
563 -115.0000000000
572 -113.0000000000
589 -111.0000000000
596 -110.0000000000
607 -108.0000000000
644 -107.0000000000
653 -105.0000000000
665 -103.0000000000
705 -102.0000000000
717 -101.0000000000
723 -100.0000000000
749 -99.0000000000
761 -98.0000000000
773 -97.0000000000
774 -96.0000000000
794 -92.0000000000
813 -91.0000000000
821 -90.0000000000
834 -89.0000000000
875 -88.0000000000
900 -87.0000000000
901 -85.0000000000
954 -84.0000000000
958 -83.0000000000
990 -82.0000000000
998 -81.0000000000
1036 -80.0000000000
1074 -78.0000000000
1119 -77.0000000000
1129 -75.0000000000
1145 -74.0000000000
1192 -73.0000000000
1202 -72.0000000000
1242 -70.0000000000
1295 -69.0000000000
1304 -68.0000000000
1331 -67.0000000000
1362 -66.0000000000
1373 -65.0000000000
1377 -64.0000000000
1382 -63.0000000000
1401 -60.0000000000
1442 -59.0000000000
1444 -57.0000000000
1478 -56.0000000000
1486 -55.0000000000
1509 -53.0000000000
1516 -52.0000000000
1523 -51.0000000000
1549 -50.0000000000
1578 -48.0000000000
1614 -47.0000000000
1649 -44.0000000000
1664 -41.0000000000
1718 -40.0000000000
1722 -37.0000000000
1787 -36.0000000000
1813 -34.0000000000
1885 -33.0000000000
1925 -32.0000000000
1945 -31.0000000000
1992 -30.0000000000
1997 -28.0000000000
2028 -27.0000000000
2042 -26.0000000000
2069 -25.0000000000
2105 -24.0000000000
2130 -23.0000000000
2152 -21.0000000000
2194 -19.0000000000
2231 -15.0000000000
2327 -14.0000000000
2353 -13.0000000000
2378 -12.0000000000
2404 -11.0000000000
2421 -10.0000000000
2432 -9.0000000000
2468 -8.0000000000
2475 -6.0000000000
2590 -5.0000000000
2608 -4.0000000000
2690 -3.0000000000
2864 -2.0000000000
2890 -1.0000000000
2951 381.0000000000
3000 382.0000000000
3014 384.0000000000
3047 387.0000000000
3068 390.0000000000
3100 391.0000000000
3115 402.0000000000
3197 406.0000000000
3217 407.0000000000
3255 408.0000000000
3298 416.0000000000
3381 418.0000000000
3472 419.0000000000
3616 421.0000000000
3672 422.0000000000
100000 424.0000000000
evaluations raw_y
1 -208.0000000000
2 -207.0000000000
5 -201.0000000000
9 -196.0000000000
10 -192.0000000000
22 -180.0000000000
78 -173.0000000000
85 -172.0000000000
98 -168.0000000000
108 -167.0000000000
116 -166.0000000000
129 -164.0000000000
131 -163.0000000000
141 -162.0000000000
146 -161.0000000000
150 -160.0000000000
152 -158.0000000000
164 -157.0000000000
172 -152.0000000000
194 -151.0000000000
195 -149.0000000000
217 -148.0000000000
221 -146.0000000000
240 -144.0000000000
266 -143.0000000000
278 -140.0000000000
287 -139.0000000000
291 -137.0000000000
304 -136.0000000000
338 -135.0000000000
340 -133.0000000000
350 -130.0000000000
4388 423.0000000000
386 -129.0000000000
394 -124.0000000000
434 -123.0000000000
441 -119.0000000000
470 -118.0000000000
486 -116.0000000000
4519 424.0000000000
4532 425.0000000000
512 -112.0000000000
549 -111.0000000000
570 -109.0000000000
571 -107.0000000000
604 -106.0000000000
627 -105.0000000000
631 -104.0000000000
640 -103.0000000000
669 -102.0000000000
688 -101.0000000000
690 -97.0000000000
724 -96.0000000000
731 -95.0000000000
736 -94.0000000000
770 -93.0000000000
773 -92.0000000000
801 -91.0000000000
820 -89.0000000000
844 -87.0000000000
883 -85.0000000000
899 -83.0000000000
903 -82.0000000000
930 -81.0000000000
4966 427.0000000000
957 -80.0000000000
984 -79.0000000000
1022 -78.0000000000
1037 -76.0000000000
1069 -75.0000000000
1089 -73.0000000000
1151 -71.0000000000
1166 -70.0000000000
1194 -69.0000000000
1223 -68.0000000000
1254 -67.0000000000
1281 -65.0000000000
1305 -64.0000000000
1342 -62.0000000000
1373 -61.0000000000
1380 -59.0000000000
1387 -58.0000000000
1455 -57.0000000000
1490 -56.0000000000
1515 -55.0000000000
1544 -52.0000000000
1563 -51.0000000000
1620 -50.0000000000
1631 -49.0000000000
1645 -48.0000000000
1660 -47.0000000000
1674 -46.0000000000
1722 -44.0000000000
1739 -43.0000000000
1762 -42.0000000000
1789 -41.0000000000
1809 -40.0000000000
1815 -39.0000000000
1874 -38.0000000000
1883 -37.0000000000
1887 -36.0000000000
1903 -35.0000000000
1907 -34.0000000000
1910 -32.0000000000
1949 -31.0000000000
2006 -30.0000000000
2031 -29.0000000000
2067 -28.0000000000
2083 -27.0000000000
2115 -26.0000000000
2133 -25.0000000000
2160 -24.0000000000
2183 -21.0000000000
2203 -20.0000000000
2222 -19.0000000000
2262 -18.0000000000
2326 -17.0000000000
2358 -16.0000000000
2361 -15.0000000000
2411 -14.0000000000
2444 -12.0000000000
2468 -11.0000000000
2501 -9.0000000000
2541 -8.0000000000
2562 -7.0000000000
2640 -6.0000000000
2653 -5.0000000000
2789 -4.0000000000
2845 -3.0000000000
2896 -1.0000000000
2909 382.0000000000
2971 385.0000000000
2989 388.0000000000
3013 394.0000000000
3048 400.0000000000
3055 407.0000000000
3389 409.0000000000
3403 410.0000000000
3447 415.0000000000
3623 417.0000000000
3697 419.0000000000
3971 420.0000000000
4000 422.0000000000
4021 424.0000000000
4051 425.0000000000
4666 426.0000000000
4776 429.0000000000
4964 430.0000000000
4979 432.0000000000
5056 435.0000000000
8964 428.0000000000
9959 429.0000000000
10097 432.0000000000
9108 436.0000000000
15244 433.0000000000
27509 435.0000000000
29535 439.0000000000
36076 436.0000000000
38993 440.0000000000
47804 437.0000000000
43124 441.0000000000
61221 439.0000000000
57802 442.0000000000
62148 444.0000000000
84603 440.0000000000
100000 431.0000000000
evaluations raw_y
1 -216.0000000000
4 -209.0000000000
6 -202.0000000000
18 -191.0000000000
47 -190.0000000000
64 -184.0000000000
72 -180.0000000000
80 -176.0000000000
110 -173.0000000000
114 -169.0000000000
136 -168.0000000000
144 -165.0000000000
150 -163.0000000000
163 -162.0000000000
185 -156.0000000000
203 -154.0000000000
207 -152.0000000000
241 -151.0000000000
242 -150.0000000000
251 -146.0000000000
271 -143.0000000000
282 -142.0000000000
291 -140.0000000000
332 -138.0000000000
347 -136.0000000000
349 -135.0000000000
357 -134.0000000000
374 -133.0000000000
388 -131.0000000000
402 -130.0000000000
431 -129.0000000000
444 -127.0000000000
469 -125.0000000000
501 -124.0000000000
522 -122.0000000000
531 -121.0000000000
565 -120.0000000000
577 -119.0000000000
602 -118.0000000000
615 -117.0000000000
621 -116.0000000000
633 -113.0000000000
665 -112.0000000000
688 -110.0000000000
734 -108.0000000000
744 -107.0000000000
773 -105.0000000000
816 -104.0000000000
817 -103.0000000000
834 -102.0000000000
845 -100.0000000000
854 -99.0000000000
866 -98.0000000000
893 -97.0000000000
907 -96.0000000000
908 -95.0000000000
921 -94.0000000000
936 -93.0000000000
970 -87.0000000000
1032 -86.0000000000
1059 -85.0000000000
1078 -84.0000000000
1106 -82.0000000000
1145 -81.0000000000
1156 -79.0000000000
1167 -78.0000000000
1181 -77.0000000000
1194 -75.0000000000
1196 -74.0000000000
1221 -73.0000000000
1261 -72.0000000000
1288 -71.0000000000
1297 -70.0000000000
1322 -69.0000000000
1346 -67.0000000000
1400 -64.0000000000
1444 -63.0000000000
1469 -62.0000000000
1471 -61.0000000000
1517 -59.0000000000
1537 -58.0000000000
1554 -57.0000000000
1582 -56.0000000000
1607 -55.0000000000
1634 -54.0000000000
1663 -52.0000000000
1678 -51.0000000000
1723 -49.0000000000
1782 -48.0000000000
1789 -47.0000000000
1820 -46.0000000000
1821 -45.0000000000
1867 -44.0000000000
1872 -41.0000000000
1953 -39.0000000000
2015 -38.0000000000
2053 -37.0000000000
2077 -36.0000000000
2095 -35.0000000000
2122 -34.0000000000
2159 -33.0000000000
2161 -32.0000000000
2194 -31.0000000000
2234 -30.0000000000
2310 -29.0000000000
2351 -27.0000000000
2412 -26.0000000000
2445 -25.0000000000
2479 -24.0000000000
2561 -23.0000000000
2594 -21.0000000000
2650 -20.0000000000
2735 -19.0000000000
2754 -18.0000000000
2764 -16.0000000000
2793 -15.0000000000
2834 -14.0000000000
2869 -13.0000000000
2877 -12.0000000000
2886 -11.0000000000
2965 -10.0000000000
2985 -9.0000000000
3005 -8.0000000000
3090 -7.0000000000
3123 -6.0000000000
3209 -5.0000000000
3233 -4.0000000000
3276 -3.0000000000
3473 -2.0000000000
3539 -1.0000000000
3591 398.0000000000
3650 404.0000000000
3767 406.0000000000
3866 407.0000000000
3894 408.0000000000
3945 413.0000000000
4145 416.0000000000
4180 417.0000000000
4189 418.0000000000
4297 422.0000000000
4386 423.0000000000
4393 424.0000000000
4556 428.0000000000
5772 429.0000000000
5889 431.0000000000
6589 432.0000000000
6615 433.0000000000
7785 434.0000000000
100000 -1.0000000000
evaluations raw_y
1 -206.0000000000
6 -205.0000000000
10 -202.0000000000
31 -197.0000000000
43 -192.0000000000
58 -185.0000000000
61 -183.0000000000
85 -179.0000000000
92 -175.0000000000
93 -174.0000000000
108 -171.0000000000
116 -165.0000000000
152 -160.0000000000
174 -158.0000000000
184 -157.0000000000
185 -152.0000000000
232 -151.0000000000
251 -149.0000000000
254 -146.0000000000
285 -144.0000000000
296 -143.0000000000
302 -142.0000000000
307 -141.0000000000
312 -140.0000000000
314 -138.0000000000
333 -137.0000000000
352 -136.0000000000
391 -134.0000000000
424 -133.0000000000
438 -130.0000000000
454 -129.0000000000
461 -127.0000000000
472 -125.0000000000
484 -123.0000000000
504 -122.0000000000
551 -121.0000000000
556 -120.0000000000
585 -119.0000000000
616 -117.0000000000
641 -115.0000000000
665 -113.0000000000
677 -112.0000000000
726 -111.0000000000
743 -110.0000000000
759 -108.0000000000
789 -105.0000000000
805 -103.0000000000
822 -102.0000000000
836 -101.0000000000
880 -98.0000000000
906 -97.0000000000
932 -95.0000000000
942 -94.0000000000
995 -93.0000000000
1011 -92.0000000000
1012 -91.0000000000
1022 -89.0000000000
1069 -88.0000000000
1087 -87.0000000000
1095 -86.0000000000
1118 -85.0000000000
1135 -84.0000000000
1148 -83.0000000000
1155 -82.0000000000
1173 -81.0000000000
1181 -80.0000000000
1203 -78.0000000000
1248 -77.0000000000
1280 -76.0000000000
1294 -75.0000000000
1304 -72.0000000000
1342 -71.0000000000
1385 -70.0000000000
1404 -68.0000000000
1432 -67.0000000000
1474 -66.0000000000
1484 -65.0000000000
14328 435.0000000000
1527 -64.0000000000
1546 -63.0000000000
1558 -62.0000000000
1574 -61.0000000000
1598 -60.0000000000
1622 -59.0000000000
1636 -57.0000000000
1736 -56.0000000000
1754 -55.0000000000
1767 -54.0000000000
1782 -53.0000000000
1798 -52.0000000000
1826 -50.0000000000
1839 -49.0000000000
1842 -48.0000000000
1891 -46.0000000000
1930 -43.0000000000
1997 -42.0000000000
2002 -40.0000000000
2068 -38.0000000000
2075 -36.0000000000
2115 -35.0000000000
2118 -34.0000000000
2145 -32.0000000000
2193 -31.0000000000
2216 -30.0000000000
2244 -29.0000000000
2272 -27.0000000000
2301 -26.0000000000
2359 -25.0000000000
2377 -23.0000000000
2410 -22.0000000000
2473 -20.0000000000
2534 -19.0000000000
2590 -18.0000000000
2617 -17.0000000000
2630 -16.0000000000
2643 -15.0000000000
2681 -14.0000000000
2696 -13.0000000000
2765 -12.0000000000
2805 -11.0000000000
2823 -10.0000000000
2855 -9.0000000000
2860 -6.0000000000
2895 -4.0000000000
3001 -2.0000000000
3114 -1.0000000000
3140 398.0000000000
3205 399.0000000000
3206 401.0000000000
3293 408.0000000000
3361 409.0000000000
3551 411.0000000000
4723 412.0000000000
4769 415.0000000000
5583 416.0000000000
5608 417.0000000000
5936 419.0000000000
5960 420.0000000000
6047 421.0000000000
6247 427.0000000000
6846 429.0000000000
8366 430.0000000000
9232 431.0000000000
23986 438.0000000000
12065 432.0000000000
13919 435.0000000000
29295 439.0000000000
29596 441.0000000000
18341 436.0000000000
44392 442.0000000000
37701 438.0000000000
58270 443.0000000000
76431 444.0000000000
69115 439.0000000000
100000 424.0000000000
evaluations raw_y
1 -208.0000000000
2 -207.0000000000
5 -201.0000000000
9 -196.0000000000
10 -192.0000000000
22 -180.0000000000
78 -173.0000000000
85 -172.0000000000
98 -168.0000000000
108 -167.0000000000
116 -166.0000000000
129 -164.0000000000
131 -163.0000000000
141 -162.0000000000
146 -161.0000000000
150 -160.0000000000
152 -158.0000000000
164 -157.0000000000
172 -152.0000000000
194 -151.0000000000
195 -149.0000000000
217 -148.0000000000
221 -146.0000000000
240 -144.0000000000
266 -143.0000000000
278 -140.0000000000
287 -139.0000000000
291 -137.0000000000
304 -136.0000000000
338 -135.0000000000
340 -133.0000000000
350 -130.0000000000
386 -129.0000000000
394 -124.0000000000
434 -123.0000000000
441 -119.0000000000
470 -118.0000000000
486 -116.0000000000
512 -112.0000000000
549 -111.0000000000
570 -109.0000000000
571 -107.0000000000
604 -106.0000000000
627 -105.0000000000
631 -104.0000000000
640 -103.0000000000
669 -102.0000000000
688 -101.0000000000
690 -97.0000000000
724 -96.0000000000
731 -95.0000000000
736 -94.0000000000
770 -93.0000000000
773 -92.0000000000
801 -91.0000000000
820 -89.0000000000
844 -87.0000000000
883 -85.0000000000
899 -83.0000000000
903 -82.0000000000
930 -81.0000000000
957 -80.0000000000
984 -79.0000000000
1022 -78.0000000000
1037 -76.0000000000
1069 -75.0000000000
1089 -73.0000000000
1151 -71.0000000000
1166 -70.0000000000
1194 -69.0000000000
1223 -68.0000000000
1254 -67.0000000000
1281 -65.0000000000
1305 -64.0000000000
1342 -62.0000000000
1373 -61.0000000000
1380 -59.0000000000
1387 -58.0000000000
1455 -57.0000000000
1490 -56.0000000000
1515 -55.0000000000
1544 -52.0000000000
1563 -51.0000000000
1620 -50.0000000000
1631 -49.0000000000
1645 -48.0000000000
1660 -47.0000000000
1674 -46.0000000000
1722 -44.0000000000
1739 -43.0000000000
1762 -42.0000000000
1789 -41.0000000000
1809 -40.0000000000
1815 -39.0000000000
1874 -38.0000000000
1883 -37.0000000000
1887 -36.0000000000
1903 -35.0000000000
1907 -34.0000000000
1910 -32.0000000000
1949 -31.0000000000
2006 -30.0000000000
2031 -29.0000000000
2067 -28.0000000000
2083 -27.0000000000
2115 -26.0000000000
2133 -25.0000000000
2160 -24.0000000000
2183 -21.0000000000
2203 -20.0000000000
2222 -19.0000000000
2262 -18.0000000000
2326 -17.0000000000
2358 -16.0000000000
2361 -15.0000000000
2411 -14.0000000000
2444 -12.0000000000
2468 -11.0000000000
2501 -9.0000000000
2541 -8.0000000000
2562 -7.0000000000
2640 -6.0000000000
2653 -5.0000000000
2789 -4.0000000000
2845 -3.0000000000
2896 -1.0000000000
2909 382.0000000000
2971 385.0000000000
2989 388.0000000000
3013 394.0000000000
3048 400.0000000000
3055 407.0000000000
3389 409.0000000000
3403 410.0000000000
3447 415.0000000000
3623 417.0000000000
3697 419.0000000000
3971 420.0000000000
4000 422.0000000000
4021 424.0000000000
4051 425.0000000000
4666 426.0000000000
4776 429.0000000000
4964 430.0000000000
4979 432.0000000000
5056 435.0000000000
9108 436.0000000000
100000 -1.0000000000
evaluations raw_y
1 -225.0000000000
2 -221.0000000000
5 -186.0000000000
36 -179.0000000000
61 -178.0000000000
66 -174.0000000000
68 -170.0000000000
91 -168.0000000000
93 -166.0000000000
103 -160.0000000000
116 -155.0000000000
156 -152.0000000000
175 -148.0000000000
176 -147.0000000000
194 -143.0000000000
204 -142.0000000000
222 -141.0000000000
228 -139.0000000000
235 -138.0000000000
241 -137.0000000000
251 -135.0000000000
277 -134.0000000000
291 -132.0000000000
292 -130.0000000000
307 -129.0000000000
321 -127.0000000000
355 -124.0000000000
392 -123.0000000000
394 -122.0000000000
425 -121.0000000000
431 -120.0000000000
441 -119.0000000000
463 -118.0000000000
466 -117.0000000000
483 -115.0000000000
523 -113.0000000000
541 -111.0000000000
562 -110.0000000000
571 -108.0000000000
572 -107.0000000000
607 -106.0000000000
614 -105.0000000000
621 -100.0000000000
631 -99.0000000000
672 -98.0000000000
687 -97.0000000000
700 -94.0000000000
719 -93.0000000000
753 -92.0000000000
778 -91.0000000000
809 -89.0000000000
825 -87.0000000000
862 -86.0000000000
889 -85.0000000000
920 -84.0000000000
923 -83.0000000000
948 -81.0000000000
961 -80.0000000000
975 -79.0000000000
977 -78.0000000000
1025 -77.0000000000
1029 -76.0000000000
1033 -73.0000000000
1075 -72.0000000000
1107 -69.0000000000
1136 -68.0000000000
1165 -67.0000000000
1172 -66.0000000000
1185 -65.0000000000
1194 -64.0000000000
1202 -62.0000000000
1241 -61.0000000000
1248 -60.0000000000
1261 -59.0000000000
1306 -58.0000000000
1322 -54.0000000000
1373 -53.0000000000
1423 -52.0000000000
1432 -51.0000000000
1445 -50.0000000000
1459 -49.0000000000
1499 -48.0000000000
1519 -45.0000000000
1522 -44.0000000000
1561 -43.0000000000
1572 -42.0000000000
1601 -41.0000000000
1602 -40.0000000000
1630 -39.0000000000
1635 -38.0000000000
1681 -37.0000000000
1700 -36.0000000000
1734 -35.0000000000
1761 -34.0000000000
1777 -33.0000000000
1807 -31.0000000000
1850 -30.0000000000
1888 -29.0000000000
1942 -27.0000000000
1991 -26.0000000000
2049 -25.0000000000
2096 -24.0000000000
2134 -23.0000000000
2154 -22.0000000000
2236 -21.0000000000
2244 -20.0000000000
2303 -19.0000000000
2341 -16.0000000000
2388 -15.0000000000
2411 -14.0000000000
2479 -13.0000000000
2528 -12.0000000000
2577 -11.0000000000
2693 -10.0000000000
2775 -9.0000000000
2781 -8.0000000000
2853 -5.0000000000
2901 -4.0000000000
2932 -3.0000000000
3006 -2.0000000000
3033 -1.0000000000
3128 396.0000000000
3194 402.0000000000
3341 403.0000000000
3344 406.0000000000
3403 409.0000000000
3543 411.0000000000
3601 414.0000000000
3613 415.0000000000
3625 417.0000000000
4185 418.0000000000
4310 421.0000000000
4362 424.0000000000
4391 426.0000000000
4790 427.0000000000
4821 429.0000000000
4957 430.0000000000
5344 431.0000000000
5447 432.0000000000
5636 433.0000000000
6336 435.0000000000
6725 437.0000000000
7707 439.0000000000
7900 440.0000000000
29535 439.0000000000
38993 440.0000000000
43124 441.0000000000
57802 442.0000000000
62148 444.0000000000
100000 -1.0000000000
evaluations raw_y
1 -206.0000000000
6 -205.0000000000
10 -202.0000000000
31 -197.0000000000
43 -192.0000000000
58 -185.0000000000
61 -183.0000000000
85 -179.0000000000
92 -175.0000000000
93 -174.0000000000
108 -171.0000000000
116 -165.0000000000
152 -160.0000000000
174 -158.0000000000
184 -157.0000000000
185 -152.0000000000
232 -151.0000000000
251 -149.0000000000
254 -146.0000000000
285 -144.0000000000
296 -143.0000000000
302 -142.0000000000
307 -141.0000000000
312 -140.0000000000
314 -138.0000000000
333 -137.0000000000
352 -136.0000000000
391 -134.0000000000
424 -133.0000000000
438 -130.0000000000
454 -129.0000000000
461 -127.0000000000
472 -125.0000000000
484 -123.0000000000
504 -122.0000000000
551 -121.0000000000
556 -120.0000000000
585 -119.0000000000
616 -117.0000000000
641 -115.0000000000
665 -113.0000000000
677 -112.0000000000
726 -111.0000000000
743 -110.0000000000
759 -108.0000000000
789 -105.0000000000
805 -103.0000000000
822 -102.0000000000
836 -101.0000000000
880 -98.0000000000
906 -97.0000000000
932 -95.0000000000
942 -94.0000000000
995 -93.0000000000
1011 -92.0000000000
1012 -91.0000000000
1022 -89.0000000000
1069 -88.0000000000
1087 -87.0000000000
1095 -86.0000000000
1118 -85.0000000000
1135 -84.0000000000
1148 -83.0000000000
1155 -82.0000000000
1173 -81.0000000000
1181 -80.0000000000
1203 -78.0000000000
1248 -77.0000000000
1280 -76.0000000000
1294 -75.0000000000
1304 -72.0000000000
1342 -71.0000000000
1385 -70.0000000000
1404 -68.0000000000
1432 -67.0000000000
1474 -66.0000000000
1484 -65.0000000000
1527 -64.0000000000
1546 -63.0000000000
1558 -62.0000000000
1574 -61.0000000000
1598 -60.0000000000
1622 -59.0000000000
1636 -57.0000000000
1736 -56.0000000000
1754 -55.0000000000
1767 -54.0000000000
1782 -53.0000000000
1798 -52.0000000000
1826 -50.0000000000
1839 -49.0000000000
1842 -48.0000000000
1891 -46.0000000000
1930 -43.0000000000
1997 -42.0000000000
2002 -40.0000000000
2068 -38.0000000000
2075 -36.0000000000
2115 -35.0000000000
2118 -34.0000000000
2145 -32.0000000000
2193 -31.0000000000
2216 -30.0000000000
2244 -29.0000000000
2272 -27.0000000000
2301 -26.0000000000
2359 -25.0000000000
2377 -23.0000000000
2410 -22.0000000000
2473 -20.0000000000
2534 -19.0000000000
2590 -18.0000000000
2617 -17.0000000000
2630 -16.0000000000
2643 -15.0000000000
2681 -14.0000000000
2696 -13.0000000000
2765 -12.0000000000
2805 -11.0000000000
2823 -10.0000000000
2855 -9.0000000000
2860 -6.0000000000
2895 -4.0000000000
3001 -2.0000000000
3114 -1.0000000000
3140 398.0000000000
3205 399.0000000000
3206 401.0000000000
3293 408.0000000000
3361 409.0000000000
3551 411.0000000000
4723 412.0000000000
4769 415.0000000000
5583 416.0000000000
5608 417.0000000000
5936 419.0000000000
5960 420.0000000000
6047 421.0000000000
6247 427.0000000000
6846 429.0000000000
8366 430.0000000000
9232 431.0000000000
12065 432.0000000000
13919 435.0000000000
18341 436.0000000000
100000 -1.0000000000
evaluations raw_y
1 -219.0000000000
2 -214.0000000000
5 -209.0000000000
8 -206.0000000000
11 -201.0000000000
31 -191.0000000000
52 -190.0000000000
54 -185.0000000000
75 -183.0000000000
78 -175.0000000000
99 -174.0000000000
101 -172.0000000000
106 -171.0000000000
121 -170.0000000000
123 -169.0000000000
134 -167.0000000000
147 -166.0000000000
151 -161.0000000000
169 -158.0000000000
184 -152.0000000000
197 -149.0000000000
204 -147.0000000000
221 -146.0000000000
228 -144.0000000000
240 -141.0000000000
270 -140.0000000000
281 -137.0000000000
291 -136.0000000000
296 -135.0000000000
339 -134.0000000000
341 -130.0000000000
394 -129.0000000000
421 -127.0000000000
442 -125.0000000000
478 -123.0000000000
509 -122.0000000000
510 -121.0000000000
544 -120.0000000000
554 -119.0000000000
575 -118.0000000000
587 -117.0000000000
591 -116.0000000000
618 -115.0000000000
629 -114.0000000000
639 -113.0000000000
657 -112.0000000000
665 -111.0000000000
668 -109.0000000000
687 -108.0000000000
701 -106.0000000000
712 -105.0000000000
730 -104.0000000000
762 -103.0000000000
773 -102.0000000000
779 -100.0000000000
812 -99.0000000000
830 -98.0000000000
861 -93.0000000000
884 -92.0000000000
893 -91.0000000000
904 -90.0000000000
914 -89.0000000000
925 -88.0000000000
932 -87.0000000000
962 -86.0000000000
968 -85.0000000000
1003 -84.0000000000
1017 -83.0000000000
1035 -81.0000000000
1054 -80.0000000000
1076 -79.0000000000
1106 -78.0000000000
1117 -77.0000000000
1129 -75.0000000000
1196 -74.0000000000
1206 -72.0000000000
1217 -71.0000000000
1261 -70.0000000000
1295 -68.0000000000
1338 -67.0000000000
1352 -65.0000000000
1360 -64.0000000000
1377 -62.0000000000
1445 -61.0000000000
1446 -60.0000000000
1449 -59.0000000000
1467 -58.0000000000
1482 -57.0000000000
1490 -56.0000000000
1532 -55.0000000000
1539 -54.0000000000
1560 -53.0000000000
1585 -51.0000000000
1603 -50.0000000000
1632 -48.0000000000
1672 -45.0000000000
1757 -44.0000000000
1764 -43.0000000000
1849 -42.0000000000
1858 -41.0000000000
1893 -40.0000000000
1918 -39.0000000000
1955 -38.0000000000
1974 -37.0000000000
2008 -36.0000000000
2012 -35.0000000000
2021 -33.0000000000
2052 -32.0000000000
2083 -31.0000000000
2122 -30.0000000000
2143 -29.0000000000
2168 -28.0000000000
2179 -27.0000000000
2208 -26.0000000000
2214 -24.0000000000
2249 -23.0000000000
2329 -22.0000000000
2387 -21.0000000000
2416 -19.0000000000
2506 -18.0000000000
2509 -17.0000000000
2560 -16.0000000000
2563 -15.0000000000
2613 -14.0000000000
2631 -13.0000000000
2644 -12.0000000000
2670 -11.0000000000
2701 -10.0000000000
2753 -9.0000000000
2797 -8.0000000000
2798 -7.0000000000
2839 -6.0000000000
2902 -5.0000000000
2959 -4.0000000000
3020 -3.0000000000
3098 -2.0000000000
3117 -1.0000000000
3160 395.0000000000
3272 412.0000000000
3508 415.0000000000
3567 417.0000000000
3587 418.0000000000
4385 420.0000000000
4456 424.0000000000
4472 426.0000000000
4518 427.0000000000
5053 429.0000000000
5844 430.0000000000
6337 431.0000000000
6474 433.0000000000
7301 434.0000000000
7591 436.0000000000
8257 438.0000000000
37701 438.0000000000
9274 440.0000000000
9600 442.0000000000
19599 443.0000000000
69115 439.0000000000
100000 -1.0000000000
evaluations raw_y
1 -225.0000000000
2 -221.0000000000
5 -186.0000000000
36 -179.0000000000
61 -178.0000000000
66 -174.0000000000
68 -170.0000000000
91 -168.0000000000
93 -166.0000000000
103 -160.0000000000
116 -155.0000000000
156 -152.0000000000
175 -148.0000000000
176 -147.0000000000
194 -143.0000000000
204 -142.0000000000
222 -141.0000000000
228 -139.0000000000
235 -138.0000000000
241 -137.0000000000
251 -135.0000000000
277 -134.0000000000
291 -132.0000000000
292 -130.0000000000
307 -129.0000000000
321 -127.0000000000
355 -124.0000000000
392 -123.0000000000
394 -122.0000000000
425 -121.0000000000
431 -120.0000000000
441 -119.0000000000
463 -118.0000000000
466 -117.0000000000
483 -115.0000000000
523 -113.0000000000
541 -111.0000000000
562 -110.0000000000
571 -108.0000000000
572 -107.0000000000
607 -106.0000000000
614 -105.0000000000
621 -100.0000000000
631 -99.0000000000
672 -98.0000000000
687 -97.0000000000
700 -94.0000000000
719 -93.0000000000
753 -92.0000000000
778 -91.0000000000
809 -89.0000000000
825 -87.0000000000
862 -86.0000000000
889 -85.0000000000
920 -84.0000000000
923 -83.0000000000
948 -81.0000000000
961 -80.0000000000
975 -79.0000000000
977 -78.0000000000
1025 -77.0000000000
1029 -76.0000000000
1033 -73.0000000000
1075 -72.0000000000
1107 -69.0000000000
1136 -68.0000000000
1165 -67.0000000000
1172 -66.0000000000
1185 -65.0000000000
1194 -64.0000000000
1202 -62.0000000000
1241 -61.0000000000
1248 -60.0000000000
1261 -59.0000000000
1306 -58.0000000000
1322 -54.0000000000
1373 -53.0000000000
1423 -52.0000000000
1432 -51.0000000000
1445 -50.0000000000
1459 -49.0000000000
1499 -48.0000000000
1519 -45.0000000000
1522 -44.0000000000
1561 -43.0000000000
1572 -42.0000000000
1601 -41.0000000000
1602 -40.0000000000
1630 -39.0000000000
1635 -38.0000000000
1681 -37.0000000000
1700 -36.0000000000
1734 -35.0000000000
1761 -34.0000000000
1777 -33.0000000000
1807 -31.0000000000
1850 -30.0000000000
1888 -29.0000000000
1942 -27.0000000000
1991 -26.0000000000
2049 -25.0000000000
2096 -24.0000000000
2134 -23.0000000000
2154 -22.0000000000
2236 -21.0000000000
2244 -20.0000000000
2303 -19.0000000000
2341 -16.0000000000
2388 -15.0000000000
2411 -14.0000000000
2479 -13.0000000000
2528 -12.0000000000
2577 -11.0000000000
2693 -10.0000000000
2775 -9.0000000000
2781 -8.0000000000
2853 -5.0000000000
2901 -4.0000000000
2932 -3.0000000000
3006 -2.0000000000
3033 -1.0000000000
3128 396.0000000000
3194 402.0000000000
3341 403.0000000000
3344 406.0000000000
3403 409.0000000000
3543 411.0000000000
3601 414.0000000000
3613 415.0000000000
3625 417.0000000000
4185 418.0000000000
4310 421.0000000000
4362 424.0000000000
4391 426.0000000000
4790 427.0000000000
4821 429.0000000000
4957 430.0000000000
5344 431.0000000000
5447 432.0000000000
5636 433.0000000000
6336 435.0000000000
6725 437.0000000000
7707 439.0000000000
7900 440.0000000000
88060 444.0000000000
100000 437.0000000000
evaluations raw_y
1 -216.0000000000
2 -207.0000000000
4 -204.0000000000
6 -194.0000000000
22 -193.0000000000
26 -192.0000000000
30 -187.0000000000
36 -186.0000000000
45 -185.0000000000
55 -173.0000000000
83 -172.0000000000
88 -171.0000000000
89 -170.0000000000
97 -169.0000000000
107 -157.0000000000
145 -154.0000000000
166 -153.0000000000
172 -152.0000000000
174 -151.0000000000
193 -150.0000000000
196 -148.0000000000
208 -147.0000000000
233 -146.0000000000
241 -145.0000000000
269 -143.0000000000
291 -141.0000000000
315 -140.0000000000
326 -139.0000000000
329 -138.0000000000
351 -137.0000000000
397 -132.0000000000
416 -131.0000000000
444 -130.0000000000
465 -127.0000000000
512 -126.0000000000
523 -125.0000000000
533 -124.0000000000
551 -123.0000000000
574 -121.0000000000
629 -120.0000000000
631 -119.0000000000
641 -115.0000000000
662 -114.0000000000
676 -113.0000000000
686 -112.0000000000
695 -111.0000000000
714 -110.0000000000
724 -109.0000000000
771 -108.0000000000
793 -107.0000000000
802 -106.0000000000
803 -105.0000000000
812 -104.0000000000
839 -103.0000000000
852 -102.0000000000
874 -99.0000000000
912 -98.0000000000
914 -95.0000000000
942 -94.0000000000
959 -93.0000000000
961 -91.0000000000
992 -89.0000000000
1002 -88.0000000000
1042 -87.0000000000
1048 -86.0000000000
1061 -85.0000000000
1072 -84.0000000000
1084 -83.0000000000
1098 -80.0000000000
1140 -79.0000000000
1156 -78.0000000000
1163 -77.0000000000
1186 -75.0000000000
1219 -74.0000000000
1269 -73.0000000000
1284 -72.0000000000
1291 -71.0000000000
1320 -70.0000000000
1331 -68.0000000000
1347 -67.0000000000
1375 -65.0000000000
1397 -64.0000000000
1416 -63.0000000000
1440 -61.0000000000
1472 -60.0000000000
1484 -59.0000000000
1516 -58.0000000000
1530 -57.0000000000
1579 -56.0000000000
1589 -55.0000000000
1608 -54.0000000000
1630 -53.0000000000
1643 -51.0000000000
1649 -50.0000000000
1666 -48.0000000000
1681 -47.0000000000
1718 -46.0000000000
1727 -43.0000000000
1809 -42.0000000000
1813 -41.0000000000
1825 -40.0000000000
1861 -39.0000000000
1874 -38.0000000000
1909 -37.0000000000
1964 -35.0000000000
1989 -34.0000000000
1996 -33.0000000000
2022 -31.0000000000
2074 -30.0000000000
2091 -27.0000000000
2150 -26.0000000000
2185 -25.0000000000
2191 -24.0000000000
2218 -23.0000000000
2288 -22.0000000000
2310 -21.0000000000
2399 -19.0000000000
2403 -18.0000000000
2413 -17.0000000000
2477 -16.0000000000
2537 -14.0000000000
2623 -13.0000000000
2647 -12.0000000000
2744 -11.0000000000
2805 -10.0000000000
2844 -9.0000000000
2880 -7.0000000000
2935 -6.0000000000
2971 -5.0000000000
3031 -4.0000000000
3053 -3.0000000000
3216 -2.0000000000
3241 -1.0000000000
3259 379.0000000000
3394 390.0000000000
3452 401.0000000000
3465 403.0000000000
3644 405.0000000000
3680 411.0000000000
3764 412.0000000000
3911 416.0000000000
4252 421.0000000000
4388 422.0000000000
4482 423.0000000000
4510 425.0000000000
4805 426.0000000000
4985 428.0000000000
5397 429.0000000000
9740 431.0000000000
12245 435.0000000000
12827 436.0000000000
15441 437.0000000000
17575 438.0000000000
18770 440.0000000000
23342 441.0000000000
27268 443.0000000000
100000 -1.0000000000
evaluations raw_y
1 -219.0000000000
2 -214.0000000000
5 -209.0000000000
8 -206.0000000000
11 -201.0000000000
31 -191.0000000000
52 -190.0000000000
54 -185.0000000000
75 -183.0000000000
78 -175.0000000000
99 -174.0000000000
101 -172.0000000000
106 -171.0000000000
121 -170.0000000000
123 -169.0000000000
134 -167.0000000000
147 -166.0000000000
151 -161.0000000000
169 -158.0000000000
184 -152.0000000000
197 -149.0000000000
204 -147.0000000000
221 -146.0000000000
228 -144.0000000000
240 -141.0000000000
270 -140.0000000000
281 -137.0000000000
291 -136.0000000000
296 -135.0000000000
339 -134.0000000000
341 -130.0000000000
394 -129.0000000000
421 -127.0000000000
442 -125.0000000000
478 -123.0000000000
509 -122.0000000000
510 -121.0000000000
544 -120.0000000000
554 -119.0000000000
575 -118.0000000000
587 -117.0000000000
591 -116.0000000000
618 -115.0000000000
629 -114.0000000000
639 -113.0000000000
657 -112.0000000000
665 -111.0000000000
668 -109.0000000000
687 -108.0000000000
701 -106.0000000000
712 -105.0000000000
730 -104.0000000000
762 -103.0000000000
773 -102.0000000000
779 -100.0000000000
812 -99.0000000000
830 -98.0000000000
861 -93.0000000000
884 -92.0000000000
893 -91.0000000000
904 -90.0000000000
914 -89.0000000000
925 -88.0000000000
932 -87.0000000000
962 -86.0000000000
968 -85.0000000000
1003 -84.0000000000
1017 -83.0000000000
1035 -81.0000000000
1054 -80.0000000000
1076 -79.0000000000
1106 -78.0000000000
1117 -77.0000000000
1129 -75.0000000000
1196 -74.0000000000
1206 -72.0000000000
1217 -71.0000000000
1261 -70.0000000000
1295 -68.0000000000
1338 -67.0000000000
1352 -65.0000000000
1360 -64.0000000000
1377 -62.0000000000
1445 -61.0000000000
1446 -60.0000000000
1449 -59.0000000000
1467 -58.0000000000
1482 -57.0000000000
1490 -56.0000000000
1532 -55.0000000000
1539 -54.0000000000
1560 -53.0000000000
1585 -51.0000000000
1603 -50.0000000000
1632 -48.0000000000
1672 -45.0000000000
1757 -44.0000000000
1764 -43.0000000000
1849 -42.0000000000
1858 -41.0000000000
1893 -40.0000000000
1918 -39.0000000000
1955 -38.0000000000
1974 -37.0000000000
2008 -36.0000000000
2012 -35.0000000000
2021 -33.0000000000
2052 -32.0000000000
2083 -31.0000000000
2122 -30.0000000000
2143 -29.0000000000
2168 -28.0000000000
2179 -27.0000000000
2208 -26.0000000000
2214 -24.0000000000
2249 -23.0000000000
2329 -22.0000000000
2387 -21.0000000000
2416 -19.0000000000
2506 -18.0000000000
2509 -17.0000000000
2560 -16.0000000000
2563 -15.0000000000
2613 -14.0000000000
2631 -13.0000000000
2644 -12.0000000000
2670 -11.0000000000
2701 -10.0000000000
2753 -9.0000000000
2797 -8.0000000000
2798 -7.0000000000
2839 -6.0000000000
2902 -5.0000000000
2959 -4.0000000000
3020 -3.0000000000
3098 -2.0000000000
3117 -1.0000000000
3160 395.0000000000
3272 412.0000000000
3508 415.0000000000
3567 417.0000000000
3587 418.0000000000
4385 420.0000000000
4456 424.0000000000
4472 426.0000000000
4518 427.0000000000
5053 429.0000000000
5844 430.0000000000
6337 431.0000000000
6474 433.0000000000
7301 434.0000000000
7591 436.0000000000
8257 438.0000000000
9274 440.0000000000
9600 442.0000000000
19599 443.0000000000
100000 -4.0000000000
evaluations raw_y
1 -215.0000000000
2 -208.0000000000
3 -189.0000000000
26 -187.0000000000
47 -176.0000000000
92 -169.0000000000
109 -167.0000000000
113 -165.0000000000
123 -163.0000000000
132 -162.0000000000
140 -159.0000000000
146 -158.0000000000
154 -152.0000000000
171 -148.0000000000
190 -144.0000000000
206 -143.0000000000
212 -141.0000000000
216 -139.0000000000
221 -137.0000000000
233 -136.0000000000
260 -135.0000000000
262 -131.0000000000
280 -129.0000000000
284 -128.0000000000
287 -123.0000000000
302 -122.0000000000
337 -121.0000000000
342 -118.0000000000
386 -116.0000000000
399 -115.0000000000
428 -114.0000000000
433 -113.0000000000
451 -112.0000000000
462 -111.0000000000
484 -109.0000000000
494 -108.0000000000
499 -107.0000000000
507 -106.0000000000
523 -105.0000000000
535 -103.0000000000
551 -102.0000000000
582 -101.0000000000
591 -99.0000000000
615 -98.0000000000
625 -97.0000000000
665 -95.0000000000
697 -92.0000000000
754 -91.0000000000
786 -90.0000000000
794 -89.0000000000
820 -87.0000000000
821 -85.0000000000
867 -84.0000000000
907 -83.0000000000
916 -80.0000000000
923 -79.0000000000
946 -78.0000000000
962 -74.0000000000
1025 -73.0000000000
1034 -72.0000000000
1082 -71.0000000000
1090 -69.0000000000
1157 -66.0000000000
1171 -65.0000000000
1215 -63.0000000000
1242 -62.0000000000
1250 -61.0000000000
1262 -60.0000000000
1280 -59.0000000000
1281 -58.0000000000
1304 -57.0000000000
1315 -55.0000000000
1335 -53.0000000000
1354 -52.0000000000
1417 -51.0000000000
1434 -50.0000000000
1452 -49.0000000000
1464 -48.0000000000
1472 -46.0000000000
1535 -44.0000000000
1591 -43.0000000000
1613 -42.0000000000
1648 -41.0000000000
1669 -40.0000000000
1686 -39.0000000000
1734 -38.0000000000
1773 -37.0000000000
1780 -35.0000000000
1796 -34.0000000000
1817 -33.0000000000
1868 -32.0000000000
1934 -29.0000000000
1964 -28.0000000000
2021 -27.0000000000
2060 -25.0000000000
2125 -24.0000000000
2145 -23.0000000000
2147 -22.0000000000
2154 -21.0000000000
2237 -20.0000000000
2276 -19.0000000000
2349 -17.0000000000
2360 -16.0000000000
2377 -15.0000000000
2436 -13.0000000000
2490 -12.0000000000
2528 -11.0000000000
2614 -10.0000000000
2616 -9.0000000000
2658 -8.0000000000
2708 -7.0000000000
2713 -6.0000000000
2726 -5.0000000000
2817 -4.0000000000
2883 -3.0000000000
3002 -2.0000000000
3041 -1.0000000000
3116 384.0000000000
3200 390.0000000000
3224 395.0000000000
3579 397.0000000000
3597 399.0000000000
3641 402.0000000000
3674 405.0000000000
3729 411.0000000000
3838 413.0000000000
3871 416.0000000000
4319 418.0000000000
4474 422.0000000000
4764 424.0000000000
4897 428.0000000000
6091 429.0000000000
6811 430.0000000000
7363 431.0000000000
8130 432.0000000000
10674 435.0000000000
16734 436.0000000000
27001 437.0000000000
33367 439.0000000000
88060 444.0000000000
100000 437.0000000000
evaluations raw_y
1 -216.0000000000
2 -207.0000000000
4 -204.0000000000
6 -194.0000000000
22 -193.0000000000
26 -192.0000000000
30 -187.0000000000
36 -186.0000000000
45 -185.0000000000
55 -173.0000000000
83 -172.0000000000
88 -171.0000000000
89 -170.0000000000
97 -169.0000000000
107 -157.0000000000
145 -154.0000000000
166 -153.0000000000
172 -152.0000000000
174 -151.0000000000
193 -150.0000000000
196 -148.0000000000
208 -147.0000000000
233 -146.0000000000
241 -145.0000000000
269 -143.0000000000
291 -141.0000000000
315 -140.0000000000
326 -139.0000000000
329 -138.0000000000
351 -137.0000000000
397 -132.0000000000
416 -131.0000000000
444 -130.0000000000
465 -127.0000000000
512 -126.0000000000
523 -125.0000000000
533 -124.0000000000
551 -123.0000000000
574 -121.0000000000
629 -120.0000000000
631 -119.0000000000
641 -115.0000000000
662 -114.0000000000
676 -113.0000000000
686 -112.0000000000
695 -111.0000000000
714 -110.0000000000
724 -109.0000000000
771 -108.0000000000
793 -107.0000000000
802 -106.0000000000
803 -105.0000000000
812 -104.0000000000
839 -103.0000000000
852 -102.0000000000
874 -99.0000000000
912 -98.0000000000
914 -95.0000000000
942 -94.0000000000
959 -93.0000000000
961 -91.0000000000
992 -89.0000000000
1002 -88.0000000000
1042 -87.0000000000
1048 -86.0000000000
1061 -85.0000000000
1072 -84.0000000000
1084 -83.0000000000
1098 -80.0000000000
1140 -79.0000000000
1156 -78.0000000000
1163 -77.0000000000
1186 -75.0000000000
1219 -74.0000000000
1269 -73.0000000000
1284 -72.0000000000
1291 -71.0000000000
1320 -70.0000000000
1331 -68.0000000000
1347 -67.0000000000
1375 -65.0000000000
1397 -64.0000000000
1416 -63.0000000000
1440 -61.0000000000
1472 -60.0000000000
1484 -59.0000000000
1516 -58.0000000000
1530 -57.0000000000
1579 -56.0000000000
1589 -55.0000000000
1608 -54.0000000000
1630 -53.0000000000
1643 -51.0000000000
1649 -50.0000000000
1666 -48.0000000000
1681 -47.0000000000
1718 -46.0000000000
1727 -43.0000000000
1809 -42.0000000000
1813 -41.0000000000
1825 -40.0000000000
1861 -39.0000000000
1874 -38.0000000000
1909 -37.0000000000
1964 -35.0000000000
1989 -34.0000000000
1996 -33.0000000000
2022 -31.0000000000
2074 -30.0000000000
2091 -27.0000000000
2150 -26.0000000000
2185 -25.0000000000
2191 -24.0000000000
2218 -23.0000000000
2288 -22.0000000000
2310 -21.0000000000
2399 -19.0000000000
2403 -18.0000000000
2413 -17.0000000000
2477 -16.0000000000
2537 -14.0000000000
2623 -13.0000000000
2647 -12.0000000000
2744 -11.0000000000
2805 -10.0000000000
2844 -9.0000000000
2880 -7.0000000000
2935 -6.0000000000
2971 -5.0000000000
3031 -4.0000000000
3053 -3.0000000000
3216 -2.0000000000
3241 -1.0000000000
3259 379.0000000000
3394 390.0000000000
3452 401.0000000000
3465 403.0000000000
3644 405.0000000000
3680 411.0000000000
3764 412.0000000000
3911 416.0000000000
4252 421.0000000000
4388 422.0000000000
4482 423.0000000000
4510 425.0000000000
4805 426.0000000000
4985 428.0000000000
5397 429.0000000000
9740 431.0000000000
12245 435.0000000000
12827 436.0000000000
15441 437.0000000000
17575 438.0000000000
18770 440.0000000000
23342 441.0000000000
74260 440.0000000000
27268 443.0000000000
81629 442.0000000000
100000 431.0000000000
evaluations raw_y
1 -203.0000000000
6 -201.0000000000
19 -194.0000000000
32 -192.0000000000
33 -190.0000000000
42 -187.0000000000
46 -180.0000000000
77 -175.0000000000
83 -173.0000000000
102 -169.0000000000
137 -164.0000000000
141 -163.0000000000
151 -162.0000000000
153 -160.0000000000
165 -159.0000000000
177 -155.0000000000
178 -154.0000000000
184 -152.0000000000
195 -150.0000000000
206 -149.0000000000
211 -144.0000000000
243 -143.0000000000
254 -142.0000000000
263 -141.0000000000
271 -140.0000000000
274 -138.0000000000
283 -137.0000000000
285 -136.0000000000
295 -135.0000000000
301 -134.0000000000
304 -132.0000000000
315 -127.0000000000
378 -125.0000000000
382 -124.0000000000
401 -122.0000000000
415 -121.0000000000
458 -118.0000000000
483 -117.0000000000
494 -115.0000000000
521 -112.0000000000
553 -111.0000000000
562 -110.0000000000
598 -108.0000000000
625 -107.0000000000
663 -106.0000000000
674 -105.0000000000
684 -103.0000000000
719 -102.0000000000
729 -98.0000000000
747 -97.0000000000
791 -96.0000000000
805 -95.0000000000
819 -94.0000000000
848 -93.0000000000
893 -92.0000000000
896 -91.0000000000
904 -90.0000000000
952 -89.0000000000
976 -88.0000000000
991 -86.0000000000
1012 -84.0000000000
1021 -83.0000000000
1024 -80.0000000000
1124 -79.0000000000
1133 -78.0000000000
1159 -77.0000000000
1167 -76.0000000000
1179 -74.0000000000
1203 -72.0000000000
1227 -71.0000000000
1241 -70.0000000000
1279 -69.0000000000
1304 -68.0000000000
1311 -67.0000000000
1336 -66.0000000000
1341 -65.0000000000
1368 -64.0000000000
1380 -62.0000000000
1402 -61.0000000000
1412 -60.0000000000
1426 -59.0000000000
1451 -58.0000000000
1456 -56.0000000000
1487 -55.0000000000
1513 -54.0000000000
1532 -53.0000000000
1548 -52.0000000000
1551 -49.0000000000
1599 -47.0000000000
1613 -46.0000000000
1644 -45.0000000000
1654 -44.0000000000
1674 -43.0000000000
1685 -42.0000000000
1709 -41.0000000000
1729 -40.0000000000
1756 -38.0000000000
1759 -37.0000000000
1833 -36.0000000000
1858 -35.0000000000
1868 -33.0000000000
1928 -32.0000000000
1956 -31.0000000000
1995 -30.0000000000
2018 -29.0000000000
2085 -27.0000000000
2144 -26.0000000000
2176 -25.0000000000
2191 -24.0000000000
2229 -23.0000000000
2257 -22.0000000000
2338 -21.0000000000
2359 -20.0000000000
2438 -19.0000000000
2450 -18.0000000000
2504 -17.0000000000
2537 -16.0000000000
2589 -15.0000000000
2636 -14.0000000000
2642 -13.0000000000
2693 -12.0000000000
2713 -11.0000000000
2756 -10.0000000000
2804 -9.0000000000
2845 -8.0000000000
2854 -7.0000000000
2905 -6.0000000000
2918 -5.0000000000
2973 -4.0000000000
3026 -3.0000000000
3069 -2.0000000000
3217 -1.0000000000
3326 387.0000000000
3348 392.0000000000
3388 404.0000000000
3582 406.0000000000
3638 407.0000000000
3670 412.0000000000
3996 416.0000000000
4015 418.0000000000
4167 420.0000000000
4365 422.0000000000
4627 423.0000000000
5220 424.0000000000
5396 425.0000000000
6939 430.0000000000
6987 431.0000000000
13601 432.0000000000
15190 433.0000000000
16000 434.0000000000
18693 435.0000000000
24277 436.0000000000
24581 438.0000000000
38790 439.0000000000
100000 -4.0000000000
evaluations raw_y
1 -215.0000000000
2 -208.0000000000
3 -189.0000000000
26 -187.0000000000
47 -176.0000000000
92 -169.0000000000
109 -167.0000000000
113 -165.0000000000
123 -163.0000000000
132 -162.0000000000
140 -159.0000000000
146 -158.0000000000
154 -152.0000000000
171 -148.0000000000
190 -144.0000000000
206 -143.0000000000
212 -141.0000000000
216 -139.0000000000
221 -137.0000000000
233 -136.0000000000
260 -135.0000000000
262 -131.0000000000
280 -129.0000000000
284 -128.0000000000
287 -123.0000000000
302 -122.0000000000
337 -121.0000000000
342 -118.0000000000
386 -116.0000000000
399 -115.0000000000
428 -114.0000000000
433 -113.0000000000
451 -112.0000000000
462 -111.0000000000
484 -109.0000000000
494 -108.0000000000
499 -107.0000000000
507 -106.0000000000
523 -105.0000000000
535 -103.0000000000
551 -102.0000000000
582 -101.0000000000
591 -99.0000000000
615 -98.0000000000
625 -97.0000000000
665 -95.0000000000
697 -92.0000000000
754 -91.0000000000
786 -90.0000000000
794 -89.0000000000
820 -87.0000000000
821 -85.0000000000
867 -84.0000000000
907 -83.0000000000
916 -80.0000000000
923 -79.0000000000
946 -78.0000000000
962 -74.0000000000
1025 -73.0000000000
1034 -72.0000000000
1082 -71.0000000000
1090 -69.0000000000
1157 -66.0000000000
1171 -65.0000000000
1215 -63.0000000000
1242 -62.0000000000
1250 -61.0000000000
1262 -60.0000000000
1280 -59.0000000000
1281 -58.0000000000
1304 -57.0000000000
1315 -55.0000000000
1335 -53.0000000000
1354 -52.0000000000
1417 -51.0000000000
1434 -50.0000000000
1452 -49.0000000000
1464 -48.0000000000
1472 -46.0000000000
1535 -44.0000000000
1591 -43.0000000000
1613 -42.0000000000
1648 -41.0000000000
1669 -40.0000000000
1686 -39.0000000000
1734 -38.0000000000
1773 -37.0000000000
1780 -35.0000000000
1796 -34.0000000000
1817 -33.0000000000
1868 -32.0000000000
1934 -29.0000000000
1964 -28.0000000000
2021 -27.0000000000
2060 -25.0000000000
2125 -24.0000000000
2145 -23.0000000000
2147 -22.0000000000
2154 -21.0000000000
2237 -20.0000000000
2276 -19.0000000000
2349 -17.0000000000
2360 -16.0000000000
2377 -15.0000000000
2436 -13.0000000000
2490 -12.0000000000
2528 -11.0000000000
2614 -10.0000000000
2616 -9.0000000000
2658 -8.0000000000
2708 -7.0000000000
2713 -6.0000000000
2726 -5.0000000000
2817 -4.0000000000
2883 -3.0000000000
3002 -2.0000000000
3041 -1.0000000000
3116 384.0000000000
3200 390.0000000000
3224 395.0000000000
3579 397.0000000000
3597 399.0000000000
3641 402.0000000000
3674 405.0000000000
3729 411.0000000000
3838 413.0000000000
3871 416.0000000000
4319 418.0000000000
4474 422.0000000000
4764 424.0000000000
4897 428.0000000000
6091 429.0000000000
6811 430.0000000000
7363 431.0000000000
8130 432.0000000000
10674 435.0000000000
16734 436.0000000000
27001 437.0000000000
33367 439.0000000000
100000 -1.0000000000
evaluations raw_y
1 -210.0000000000
3 -204.0000000000
28 -198.0000000000
37 -195.0000000000
46 -193.0000000000
64 -188.0000000000
73 -187.0000000000
77 -175.0000000000
84 -173.0000000000
114 -172.0000000000
127 -170.0000000000
134 -162.0000000000
162 -156.0000000000
183 -154.0000000000
194 -149.0000000000
213 -148.0000000000
224 -147.0000000000
227 -145.0000000000
241 -144.0000000000
258 -143.0000000000
264 -142.0000000000
265 -141.0000000000
274 -138.0000000000
298 -137.0000000000
306 -135.0000000000
331 -134.0000000000
348 -133.0000000000
361 -130.0000000000
370 -129.0000000000
383 -127.0000000000
393 -126.0000000000
401 -124.0000000000
439 -122.0000000000
455 -121.0000000000
465 -119.0000000000
484 -118.0000000000
502 -116.0000000000
523 -115.0000000000
533 -114.0000000000
539 -113.0000000000
569 -111.0000000000
582 -110.0000000000
592 -109.0000000000
624 -108.0000000000
649 -107.0000000000
659 -106.0000000000
667 -105.0000000000
674 -103.0000000000
683 -102.0000000000
720 -101.0000000000
749 -100.0000000000
755 -97.0000000000
803 -96.0000000000
807 -94.0000000000
837 -93.0000000000
850 -92.0000000000
865 -90.0000000000
882 -89.0000000000
890 -88.0000000000
901 -87.0000000000
903 -86.0000000000
915 -85.0000000000
922 -84.0000000000
944 -82.0000000000
961 -79.0000000000
1010 -76.0000000000
1020 -74.0000000000
1043 -73.0000000000
1062 -71.0000000000
1104 -70.0000000000
1130 -69.0000000000
1151 -68.0000000000
1171 -67.0000000000
1183 -65.0000000000
1220 -62.0000000000
1244 -61.0000000000
1276 -60.0000000000
1288 -59.0000000000
1317 -58.0000000000
1337 -57.0000000000
1381 -56.0000000000
1391 -55.0000000000
1402 -54.0000000000
1429 -53.0000000000
1434 -52.0000000000
1461 -51.0000000000
1478 -50.0000000000
1530 -49.0000000000
1546 -48.0000000000
1575 -47.0000000000
1581 -46.0000000000
1605 -45.0000000000
1624 -44.0000000000
1659 -43.0000000000
1680 -42.0000000000
1683 -41.0000000000
1709 -39.0000000000
1739 -38.0000000000
1773 -37.0000000000
1802 -34.0000000000
1847 -33.0000000000
1869 -32.0000000000
1871 -31.0000000000
1892 -30.0000000000
1925 -29.0000000000
1961 -28.0000000000
1982 -26.0000000000
2011 -25.0000000000
2052 -23.0000000000
2112 -22.0000000000
2132 -21.0000000000
2169 -20.0000000000
2188 -19.0000000000
2210 -18.0000000000
2278 -17.0000000000
2373 -15.0000000000
2474 -14.0000000000
2485 -13.0000000000
2492 -12.0000000000
2582 -11.0000000000
2592 -10.0000000000
2638 -8.0000000000
2673 -7.0000000000
2678 -6.0000000000
2704 -5.0000000000
2774 -4.0000000000
2872 -3.0000000000
2902 -2.0000000000
3050 -1.0000000000
3086 384.0000000000
3115 413.0000000000
3258 414.0000000000
3380 417.0000000000
3470 421.0000000000
3592 422.0000000000
3637 423.0000000000
4093 428.0000000000
4128 429.0000000000
4326 432.0000000000
9009 433.0000000000
74260 440.0000000000
17641 434.0000000000
19881 435.0000000000
81629 442.0000000000
32587 436.0000000000
33818 437.0000000000
100000 431.0000000000
evaluations raw_y
1 -203.0000000000
6 -201.0000000000
19 -194.0000000000
32 -192.0000000000
33 -190.0000000000
42 -187.0000000000
46 -180.0000000000
77 -175.0000000000
83 -173.0000000000
102 -169.0000000000
137 -164.0000000000
141 -163.0000000000
151 -162.0000000000
153 -160.0000000000
165 -159.0000000000
177 -155.0000000000
178 -154.0000000000
184 -152.0000000000
195 -150.0000000000
206 -149.0000000000
211 -144.0000000000
243 -143.0000000000
254 -142.0000000000
263 -141.0000000000
271 -140.0000000000
274 -138.0000000000
283 -137.0000000000
285 -136.0000000000
295 -135.0000000000
301 -134.0000000000
304 -132.0000000000
315 -127.0000000000
378 -125.0000000000
382 -124.0000000000
401 -122.0000000000
415 -121.0000000000
458 -118.0000000000
483 -117.0000000000
494 -115.0000000000
521 -112.0000000000
553 -111.0000000000
562 -110.0000000000
598 -108.0000000000
625 -107.0000000000
663 -106.0000000000
674 -105.0000000000
684 -103.0000000000
719 -102.0000000000
729 -98.0000000000
747 -97.0000000000
791 -96.0000000000
805 -95.0000000000
819 -94.0000000000
848 -93.0000000000
893 -92.0000000000
896 -91.0000000000
904 -90.0000000000
952 -89.0000000000
976 -88.0000000000
991 -86.0000000000
1012 -84.0000000000
1021 -83.0000000000
1024 -80.0000000000
1124 -79.0000000000
1133 -78.0000000000
1159 -77.0000000000
1167 -76.0000000000
1179 -74.0000000000
1203 -72.0000000000
1227 -71.0000000000
1241 -70.0000000000
1279 -69.0000000000
1304 -68.0000000000
1311 -67.0000000000
1336 -66.0000000000
1341 -65.0000000000
1368 -64.0000000000
1380 -62.0000000000
1402 -61.0000000000
1412 -60.0000000000
1426 -59.0000000000
1451 -58.0000000000
1456 -56.0000000000
1487 -55.0000000000
1513 -54.0000000000
1532 -53.0000000000
1548 -52.0000000000
1551 -49.0000000000
1599 -47.0000000000
1613 -46.0000000000
1644 -45.0000000000
1654 -44.0000000000
1674 -43.0000000000
1685 -42.0000000000
1709 -41.0000000000
1729 -40.0000000000
1756 -38.0000000000
1759 -37.0000000000
1833 -36.0000000000
1858 -35.0000000000
1868 -33.0000000000
1928 -32.0000000000
1956 -31.0000000000
1995 -30.0000000000
2018 -29.0000000000
2085 -27.0000000000
2144 -26.0000000000
2176 -25.0000000000
2191 -24.0000000000
2229 -23.0000000000
2257 -22.0000000000
2338 -21.0000000000
2359 -20.0000000000
2438 -19.0000000000
2450 -18.0000000000
2504 -17.0000000000
2537 -16.0000000000
2589 -15.0000000000
2636 -14.0000000000
2642 -13.0000000000
2693 -12.0000000000
2713 -11.0000000000
2756 -10.0000000000
2804 -9.0000000000
2845 -8.0000000000
2854 -7.0000000000
2905 -6.0000000000
2918 -5.0000000000
2973 -4.0000000000
3026 -3.0000000000
3069 -2.0000000000
3217 -1.0000000000
3326 387.0000000000
3348 392.0000000000
3388 404.0000000000
3582 406.0000000000
3638 407.0000000000
3670 412.0000000000
3996 416.0000000000
4015 418.0000000000
4167 420.0000000000
4365 422.0000000000
4627 423.0000000000
5220 424.0000000000
5396 425.0000000000
6939 430.0000000000
6987 431.0000000000
45105 438.0000000000
13601 432.0000000000
15190 433.0000000000
16000 434.0000000000
18693 435.0000000000
54525 439.0000000000
24277 436.0000000000
24581 438.0000000000
70572 440.0000000000
71947 441.0000000000
38790 439.0000000000
100000 -2.0000000000
evaluations raw_y
1 -218.0000000000
3 -213.0000000000
6 -210.0000000000
7 -209.0000000000
10 -204.0000000000
18 -185.0000000000
81 -184.0000000000
86 -182.0000000000
91 -174.0000000000
123 -171.0000000000
139 -170.0000000000
164 -167.0000000000
180 -162.0000000000
208 -160.0000000000
212 -158.0000000000
213 -155.0000000000
267 -154.0000000000
275 -152.0000000000
289 -151.0000000000
295 -149.0000000000
308 -148.0000000000
311 -147.0000000000
331 -144.0000000000
370 -143.0000000000
375 -142.0000000000
386 -138.0000000000
422 -137.0000000000
425 -136.0000000000
434 -135.0000000000
443 -134.0000000000
465 -133.0000000000
474 -131.0000000000
493 -130.0000000000
497 -129.0000000000
553 -128.0000000000
565 -125.0000000000
571 -122.0000000000
606 -121.0000000000
609 -120.0000000000
637 -119.0000000000
645 -118.0000000000
676 -117.0000000000
694 -116.0000000000
703 -113.0000000000
728 -112.0000000000
753 -110.0000000000
770 -109.0000000000
793 -108.0000000000
809 -106.0000000000
818 -105.0000000000
832 -103.0000000000
861 -101.0000000000
879 -100.0000000000
899 -99.0000000000
949 -98.0000000000
953 -94.0000000000
1017 -91.0000000000
1063 -90.0000000000
1073 -89.0000000000
1076 -87.0000000000
1115 -83.0000000000
1135 -82.0000000000
1158 -81.0000000000
1181 -80.0000000000
1203 -78.0000000000
1211 -77.0000000000
1231 -76.0000000000
1260 -75.0000000000
1266 -74.0000000000
1301 -73.0000000000
1313 -72.0000000000
1331 -69.0000000000
1350 -68.0000000000
1355 -67.0000000000
1376 -66.0000000000
1421 -65.0000000000
1437 -64.0000000000
1488 -62.0000000000
1537 -61.0000000000
1545 -60.0000000000
1571 -58.0000000000
1599 -56.0000000000
1640 -55.0000000000
1649 -54.0000000000
1708 -53.0000000000
1728 -51.0000000000
1759 -49.0000000000
1791 -48.0000000000
1816 -47.0000000000
1826 -45.0000000000
1853 -43.0000000000
1903 -42.0000000000
1920 -41.0000000000
1923 -40.0000000000
1974 -37.0000000000
1995 -36.0000000000
2011 -35.0000000000
2043 -34.0000000000
2090 -33.0000000000
2123 -32.0000000000
2153 -30.0000000000
2182 -29.0000000000
2221 -28.0000000000
2245 -27.0000000000
2281 -25.0000000000
2328 -23.0000000000
2420 -22.0000000000
2491 -21.0000000000
2521 -20.0000000000
2550 -19.0000000000
2553 -18.0000000000
2580 -16.0000000000
2632 -14.0000000000
2672 -13.0000000000
2699 -12.0000000000
2756 -11.0000000000
2794 -9.0000000000
2835 -8.0000000000
2895 -7.0000000000
2944 -6.0000000000
3050 -4.0000000000
3087 -2.0000000000
3151 -1.0000000000
3210 370.0000000000
3265 378.0000000000
3266 383.0000000000
3366 388.0000000000
3387 390.0000000000
3399 391.0000000000
3403 404.0000000000
3619 405.0000000000
3963 412.0000000000
4423 413.0000000000
4464 414.0000000000
4504 416.0000000000
4617 419.0000000000
4668 420.0000000000
5250 423.0000000000
5940 425.0000000000
7357 426.0000000000
7604 427.0000000000
8075 428.0000000000
9513 430.0000000000
9578 433.0000000000
12829 436.0000000000
14821 437.0000000000
14884 439.0000000000
16124 440.0000000000
16137 441.0000000000
18550 442.0000000000
100000 -1.0000000000
evaluations raw_y
1 -210.0000000000
3 -204.0000000000
28 -198.0000000000
37 -195.0000000000
46 -193.0000000000
64 -188.0000000000
73 -187.0000000000
77 -175.0000000000
84 -173.0000000000
114 -172.0000000000
127 -170.0000000000
134 -162.0000000000
162 -156.0000000000
183 -154.0000000000
194 -149.0000000000
213 -148.0000000000
224 -147.0000000000
227 -145.0000000000
241 -144.0000000000
258 -143.0000000000
264 -142.0000000000
265 -141.0000000000
274 -138.0000000000
298 -137.0000000000
306 -135.0000000000
331 -134.0000000000
348 -133.0000000000
361 -130.0000000000
370 -129.0000000000
383 -127.0000000000
393 -126.0000000000
401 -124.0000000000
439 -122.0000000000
455 -121.0000000000
465 -119.0000000000
484 -118.0000000000
502 -116.0000000000
523 -115.0000000000
533 -114.0000000000
539 -113.0000000000
569 -111.0000000000
582 -110.0000000000
592 -109.0000000000
624 -108.0000000000
649 -107.0000000000
659 -106.0000000000
667 -105.0000000000
674 -103.0000000000
683 -102.0000000000
720 -101.0000000000
749 -100.0000000000
755 -97.0000000000
803 -96.0000000000
807 -94.0000000000
837 -93.0000000000
850 -92.0000000000
865 -90.0000000000
882 -89.0000000000
890 -88.0000000000
901 -87.0000000000
903 -86.0000000000
915 -85.0000000000
922 -84.0000000000
944 -82.0000000000
961 -79.0000000000
1010 -76.0000000000
1020 -74.0000000000
1043 -73.0000000000
1062 -71.0000000000
1104 -70.0000000000
1130 -69.0000000000
1151 -68.0000000000
1171 -67.0000000000
1183 -65.0000000000
1220 -62.0000000000
1244 -61.0000000000
1276 -60.0000000000
1288 -59.0000000000
1317 -58.0000000000
1337 -57.0000000000
1381 -56.0000000000
1391 -55.0000000000
1402 -54.0000000000
1429 -53.0000000000
1434 -52.0000000000
1461 -51.0000000000
1478 -50.0000000000
1530 -49.0000000000
1546 -48.0000000000
1575 -47.0000000000
1581 -46.0000000000
1605 -45.0000000000
1624 -44.0000000000
1659 -43.0000000000
1680 -42.0000000000
1683 -41.0000000000
1709 -39.0000000000
1739 -38.0000000000
1773 -37.0000000000
1802 -34.0000000000
1847 -33.0000000000
1869 -32.0000000000
1871 -31.0000000000
1892 -30.0000000000
1925 -29.0000000000
1961 -28.0000000000
1982 -26.0000000000
2011 -25.0000000000
2052 -23.0000000000
2112 -22.0000000000
2132 -21.0000000000
2169 -20.0000000000
2188 -19.0000000000
2210 -18.0000000000
2278 -17.0000000000
2373 -15.0000000000
2474 -14.0000000000
2485 -13.0000000000
2492 -12.0000000000
2582 -11.0000000000
2592 -10.0000000000
2638 -8.0000000000
2673 -7.0000000000
2678 -6.0000000000
2704 -5.0000000000
2774 -4.0000000000
2872 -3.0000000000
2902 -2.0000000000
3050 -1.0000000000
3086 384.0000000000
3115 413.0000000000
3258 414.0000000000
3380 417.0000000000
3470 421.0000000000
3592 422.0000000000
3637 423.0000000000
4093 428.0000000000
4128 429.0000000000
4326 432.0000000000
9009 433.0000000000
17641 434.0000000000
19881 435.0000000000
32587 436.0000000000
33818 437.0000000000
45105 438.0000000000
54525 439.0000000000
70572 440.0000000000
71947 441.0000000000
100000 -1.0000000000
evaluations raw_y
1 -211.0000000000
5 -199.0000000000
12 -195.0000000000
36 -191.0000000000
37 -186.0000000000
45 -181.0000000000
57 -178.0000000000
67 -177.0000000000
69 -176.0000000000
77 -166.0000000000
116 -165.0000000000
124 -164.0000000000
126 -154.0000000000
163 -153.0000000000
193 -152.0000000000
196 -147.0000000000
214 -143.0000000000
233 -138.0000000000
254 -133.0000000000
273 -132.0000000000
310 -128.0000000000
331 -124.0000000000
403 -122.0000000000
429 -121.0000000000
434 -120.0000000000
460 -118.0000000000
496 -115.0000000000
512 -114.0000000000
552 -110.0000000000
562 -108.0000000000
604 -105.0000000000
643 -104.0000000000
661 -103.0000000000
665 -102.0000000000
671 -100.0000000000
705 -99.0000000000
718 -98.0000000000
735 -97.0000000000
747 -96.0000000000
758 -95.0000000000
783 -92.0000000000
800 -91.0000000000
803 -90.0000000000
829 -89.0000000000
851 -87.0000000000
910 -86.0000000000
931 -85.0000000000
934 -83.0000000000
964 -82.0000000000
1007 -79.0000000000
1023 -78.0000000000
1045 -77.0000000000
1061 -76.0000000000
1072 -75.0000000000
1088 -74.0000000000
1112 -72.0000000000
1150 -71.0000000000
1163 -70.0000000000
1172 -69.0000000000
1181 -68.0000000000
1219 -66.0000000000
1239 -65.0000000000
1253 -64.0000000000
1264 -63.0000000000
1280 -61.0000000000
1305 -60.0000000000
1335 -59.0000000000
1373 -58.0000000000
1398 -57.0000000000
1430 -56.0000000000
1432 -55.0000000000
1453 -53.0000000000
1488 -51.0000000000
1533 -50.0000000000
1548 -48.0000000000
1571 -47.0000000000
1611 -46.0000000000
1632 -45.0000000000
1634 -44.0000000000
1661 -41.0000000000
1686 -39.0000000000
1722 -37.0000000000
1777 -36.0000000000
1813 -35.0000000000
1834 -34.0000000000
1891 -33.0000000000
1917 -32.0000000000
1918 -31.0000000000
1931 -30.0000000000
1956 -28.0000000000
1963 -27.0000000000
1995 -26.0000000000
2032 -25.0000000000
2088 -24.0000000000
2114 -23.0000000000
2142 -22.0000000000
2154 -21.0000000000
2165 -20.0000000000
2229 -19.0000000000
2244 -16.0000000000
2263 -15.0000000000
2273 -14.0000000000
2343 -13.0000000000
2365 -12.0000000000
2385 -11.0000000000
2407 -10.0000000000
2459 -8.0000000000
2479 -6.0000000000
2540 -5.0000000000
2608 -4.0000000000
2670 -3.0000000000
2820 -2.0000000000
2821 -1.0000000000
2882 379.0000000000
2902 394.0000000000
2937 402.0000000000
3060 408.0000000000
3266 409.0000000000
3773 411.0000000000
3834 414.0000000000
3918 415.0000000000
4404 418.0000000000
5642 420.0000000000
6656 422.0000000000
6733 423.0000000000
6840 425.0000000000
7152 428.0000000000
7183 429.0000000000
7318 432.0000000000
7398 434.0000000000
7762 435.0000000000
7817 438.0000000000
100000 -2.0000000000
evaluations raw_y
1 -218.0000000000
3 -213.0000000000
6 -210.0000000000
7 -209.0000000000
10 -204.0000000000
18 -185.0000000000
81 -184.0000000000
86 -182.0000000000
91 -174.0000000000
123 -171.0000000000
139 -170.0000000000
164 -167.0000000000
180 -162.0000000000
208 -160.0000000000
212 -158.0000000000
213 -155.0000000000
267 -154.0000000000
275 -152.0000000000
289 -151.0000000000
295 -149.0000000000
308 -148.0000000000
311 -147.0000000000
331 -144.0000000000
370 -143.0000000000
375 -142.0000000000
386 -138.0000000000
422 -137.0000000000
425 -136.0000000000
434 -135.0000000000
443 -134.0000000000
465 -133.0000000000
474 -131.0000000000
493 -130.0000000000
497 -129.0000000000
553 -128.0000000000
565 -125.0000000000
571 -122.0000000000
606 -121.0000000000
609 -120.0000000000
637 -119.0000000000
645 -118.0000000000
676 -117.0000000000
694 -116.0000000000
703 -113.0000000000
728 -112.0000000000
753 -110.0000000000
770 -109.0000000000
793 -108.0000000000
809 -106.0000000000
818 -105.0000000000
832 -103.0000000000
861 -101.0000000000
879 -100.0000000000
899 -99.0000000000
949 -98.0000000000
953 -94.0000000000
1017 -91.0000000000
1063 -90.0000000000
1073 -89.0000000000
1076 -87.0000000000
1115 -83.0000000000
1135 -82.0000000000
1158 -81.0000000000
1181 -80.0000000000
1203 -78.0000000000
1211 -77.0000000000
1231 -76.0000000000
1260 -75.0000000000
1266 -74.0000000000
1301 -73.0000000000
1313 -72.0000000000
1331 -69.0000000000
1350 -68.0000000000
1355 -67.0000000000
1376 -66.0000000000
1421 -65.0000000000
1437 -64.0000000000
1488 -62.0000000000
1537 -61.0000000000
1545 -60.0000000000
1571 -58.0000000000
1599 -56.0000000000
1640 -55.0000000000
1649 -54.0000000000
1708 -53.0000000000
1728 -51.0000000000
1759 -49.0000000000
1791 -48.0000000000
1816 -47.0000000000
1826 -45.0000000000
1853 -43.0000000000
1903 -42.0000000000
1920 -41.0000000000
1923 -40.0000000000
1974 -37.0000000000
1995 -36.0000000000
2011 -35.0000000000
2043 -34.0000000000
2090 -33.0000000000
2123 -32.0000000000
2153 -30.0000000000
2182 -29.0000000000
2221 -28.0000000000
2245 -27.0000000000
2281 -25.0000000000
2328 -23.0000000000
2420 -22.0000000000
2491 -21.0000000000
2521 -20.0000000000
2550 -19.0000000000
2553 -18.0000000000
2580 -16.0000000000
2632 -14.0000000000
2672 -13.0000000000
2699 -12.0000000000
2756 -11.0000000000
2794 -9.0000000000
2835 -8.0000000000
2895 -7.0000000000
2944 -6.0000000000
3050 -4.0000000000
3087 -2.0000000000
3151 -1.0000000000
3210 370.0000000000
3265 378.0000000000
3266 383.0000000000
3366 388.0000000000
3387 390.0000000000
3399 391.0000000000
3403 404.0000000000
3619 405.0000000000
3963 412.0000000000
4423 413.0000000000
4464 414.0000000000
4504 416.0000000000
4617 419.0000000000
4668 420.0000000000
5250 423.0000000000
5940 425.0000000000
7357 426.0000000000
7604 427.0000000000
8075 428.0000000000
9513 430.0000000000
9578 433.0000000000
12829 436.0000000000
14821 437.0000000000
14884 439.0000000000
16124 440.0000000000
16137 441.0000000000
18550 442.0000000000
100000 -2.0000000000
evaluations raw_y
1 -210.0000000000
6 -205.0000000000
8 -203.0000000000
9 -200.0000000000
21 -191.0000000000
30 -186.0000000000
49 -183.0000000000
58 -180.0000000000
71 -176.0000000000
84 -172.0000000000
89 -171.0000000000
102 -163.0000000000
130 -161.0000000000
134 -160.0000000000
153 -153.0000000000
184 -148.0000000000
196 -144.0000000000
230 -142.0000000000
244 -135.0000000000
291 -132.0000000000
308 -131.0000000000
319 -129.0000000000
326 -125.0000000000
361 -122.0000000000
383 -120.0000000000
394 -119.0000000000
411 -117.0000000000
424 -116.0000000000
470 -115.0000000000
474 -112.0000000000
483 -111.0000000000
522 -110.0000000000
532 -109.0000000000
552 -106.0000000000
609 -105.0000000000
614 -104.0000000000
619 -102.0000000000
641 -101.0000000000
646 -100.0000000000
697 -99.0000000000
718 -98.0000000000
721 -97.0000000000
726 -96.0000000000
738 -95.0000000000
762 -94.0000000000
775 -92.0000000000
795 -91.0000000000
813 -90.0000000000
822 -89.0000000000
835 -88.0000000000
836 -87.0000000000
853 -86.0000000000
880 -85.0000000000
889 -83.0000000000
915 -82.0000000000
926 -78.0000000000
981 -76.0000000000
1023 -75.0000000000
1043 -74.0000000000
1050 -73.0000000000
1102 -72.0000000000
1125 -71.0000000000
1145 -69.0000000000
1166 -68.0000000000
1195 -66.0000000000
1215 -65.0000000000
1229 -64.0000000000
1259 -61.0000000000
1301 -60.0000000000
1344 -58.0000000000
1372 -57.0000000000
1395 -56.0000000000
1414 -55.0000000000
1420 -54.0000000000
1450 -52.0000000000
1486 -50.0000000000
1519 -49.0000000000
1521 -48.0000000000
1572 -47.0000000000
1598 -46.0000000000
1618 -44.0000000000
1662 -42.0000000000
1706 -41.0000000000
1744 -40.0000000000
1765 -39.0000000000
1783 -38.0000000000
1811 -36.0000000000
1857 -35.0000000000
1875 -34.0000000000
1938 -33.0000000000
1978 -31.0000000000
2009 -30.0000000000
2035 -29.0000000000
2086 -28.0000000000
2125 -27.0000000000
2134 -26.0000000000
2154 -25.0000000000
2191 -24.0000000000
2217 -23.0000000000
2266 -22.0000000000
2347 -21.0000000000
2394 -20.0000000000
2427 -19.0000000000
2430 -18.0000000000
2481 -17.0000000000
2531 -15.0000000000
2535 -14.0000000000
2590 -13.0000000000
2638 -12.0000000000
2709 -9.0000000000
2788 -8.0000000000
2802 -7.0000000000
2837 -5.0000000000
2906 -4.0000000000
2917 -3.0000000000
2974 -2.0000000000
3041 -1.0000000000
3091 376.0000000000
3105 402.0000000000
3131 403.0000000000
3140 408.0000000000
3237 409.0000000000
3281 412.0000000000
3471 413.0000000000
3662 417.0000000000
6529 420.0000000000
9571 423.0000000000
9958 424.0000000000
10315 425.0000000000
10662 427.0000000000
11745 428.0000000000
12916 429.0000000000
16093 431.0000000000
100000 -1.0000000000
evaluations raw_y
1 -211.0000000000
5 -199.0000000000
12 -195.0000000000
36 -191.0000000000
37 -186.0000000000
45 -181.0000000000
57 -178.0000000000
67 -177.0000000000
69 -176.0000000000
77 -166.0000000000
116 -165.0000000000
124 -164.0000000000
126 -154.0000000000
163 -153.0000000000
193 -152.0000000000
196 -147.0000000000
214 -143.0000000000
233 -138.0000000000
254 -133.0000000000
273 -132.0000000000
310 -128.0000000000
331 -124.0000000000
403 -122.0000000000
429 -121.0000000000
434 -120.0000000000
460 -118.0000000000
496 -115.0000000000
512 -114.0000000000
552 -110.0000000000
562 -108.0000000000
604 -105.0000000000
643 -104.0000000000
661 -103.0000000000
665 -102.0000000000
671 -100.0000000000
705 -99.0000000000
718 -98.0000000000
735 -97.0000000000
747 -96.0000000000
758 -95.0000000000
783 -92.0000000000
800 -91.0000000000
803 -90.0000000000
829 -89.0000000000
851 -87.0000000000
910 -86.0000000000
931 -85.0000000000
934 -83.0000000000
964 -82.0000000000
1007 -79.0000000000
1023 -78.0000000000
1045 -77.0000000000
1061 -76.0000000000
1072 -75.0000000000
1088 -74.0000000000
1112 -72.0000000000
1150 -71.0000000000
1163 -70.0000000000
1172 -69.0000000000
1181 -68.0000000000
1219 -66.0000000000
1239 -65.0000000000
1253 -64.0000000000
1264 -63.0000000000
1280 -61.0000000000
1305 -60.0000000000
1335 -59.0000000000
1373 -58.0000000000
1398 -57.0000000000
1430 -56.0000000000
1432 -55.0000000000
1453 -53.0000000000
1488 -51.0000000000
1533 -50.0000000000
1548 -48.0000000000
1571 -47.0000000000
1611 -46.0000000000
1632 -45.0000000000
1634 -44.0000000000
1661 -41.0000000000
1686 -39.0000000000
1722 -37.0000000000
1777 -36.0000000000
1813 -35.0000000000
1834 -34.0000000000
1891 -33.0000000000
1917 -32.0000000000
1918 -31.0000000000
1931 -30.0000000000
1956 -28.0000000000
1963 -27.0000000000
1995 -26.0000000000
2032 -25.0000000000
2088 -24.0000000000
2114 -23.0000000000
2142 -22.0000000000
2154 -21.0000000000
2165 -20.0000000000
2229 -19.0000000000
2244 -16.0000000000
2263 -15.0000000000
2273 -14.0000000000
2343 -13.0000000000
2365 -12.0000000000
2385 -11.0000000000
2407 -10.0000000000
2459 -8.0000000000
2479 -6.0000000000
2540 -5.0000000000
2608 -4.0000000000
2670 -3.0000000000
2820 -2.0000000000
2821 -1.0000000000
2882 379.0000000000
2902 394.0000000000
2937 402.0000000000
3060 408.0000000000
3266 409.0000000000
3773 411.0000000000
3834 414.0000000000
3918 415.0000000000
4404 418.0000000000
5642 420.0000000000
6656 422.0000000000
6733 423.0000000000
6840 425.0000000000
23501 432.0000000000
23619 433.0000000000
7152 428.0000000000
7183 429.0000000000
7318 432.0000000000
7398 434.0000000000
7762 435.0000000000
7817 438.0000000000
26173 434.0000000000
100000 419.0000000000
evaluations raw_y
1 -213.0000000000
4 -200.0000000000
14 -195.0000000000
15 -186.0000000000
42 -178.0000000000
83 -177.0000000000
90 -173.0000000000
93 -170.0000000000
118 -168.0000000000
124 -167.0000000000
131 -164.0000000000
140 -162.0000000000
153 -161.0000000000
168 -160.0000000000
177 -158.0000000000
187 -155.0000000000
194 -153.0000000000
203 -150.0000000000
231 -147.0000000000
257 -146.0000000000
269 -144.0000000000
283 -143.0000000000
291 -142.0000000000
305 -141.0000000000
309 -140.0000000000
320 -139.0000000000
331 -138.0000000000
343 -137.0000000000
355 -134.0000000000
373 -133.0000000000
387 -130.0000000000
412 -129.0000000000
426 -128.0000000000
434 -127.0000000000
437 -125.0000000000
460 -124.0000000000
502 -121.0000000000
503 -120.0000000000
531 -118.0000000000
532 -117.0000000000
553 -116.0000000000
568 -115.0000000000
589 -113.0000000000
611 -112.0000000000
638 -110.0000000000
653 -109.0000000000
695 -107.0000000000
729 -106.0000000000
742 -105.0000000000
751 -102.0000000000
791 -100.0000000000
821 -99.0000000000
854 -97.0000000000
873 -96.0000000000
914 -95.0000000000
928 -94.0000000000
943 -91.0000000000
966 -90.0000000000
1008 -87.0000000000
1027 -86.0000000000
1061 -85.0000000000
1068 -84.0000000000
1088 -83.0000000000
1115 -81.0000000000
1135 -80.0000000000
1144 -79.0000000000
1151 -76.0000000000
1179 -74.0000000000
1241 -70.0000000000
1276 -69.0000000000
1314 -68.0000000000
1329 -67.0000000000
1350 -66.0000000000
1382 -65.0000000000
1403 -64.0000000000
1426 -63.0000000000
1442 -62.0000000000
1445 -61.0000000000
1458 -60.0000000000
1471 -59.0000000000
1522 -58.0000000000
1530 -57.0000000000
1559 -54.0000000000
1589 -53.0000000000
1612 -52.0000000000
1633 -51.0000000000
1648 -50.0000000000
1684 -49.0000000000
1699 -48.0000000000
1714 -47.0000000000
1716 -46.0000000000
1722 -45.0000000000
1765 -44.0000000000
1773 -43.0000000000
1826 -41.0000000000
1889 -39.0000000000
1905 -38.0000000000
1920 -37.0000000000
1942 -36.0000000000
1953 -35.0000000000
1992 -33.0000000000
2035 -32.0000000000
2068 -31.0000000000
2074 -30.0000000000
2089 -29.0000000000
2125 -28.0000000000
2144 -27.0000000000
2168 -26.0000000000
2229 -25.0000000000
2258 -24.0000000000
2277 -23.0000000000
2300 -21.0000000000
2377 -20.0000000000
2378 -19.0000000000
2420 -18.0000000000
2441 -17.0000000000
2458 -15.0000000000
2495 -14.0000000000
2529 -13.0000000000
2580 -11.0000000000
2606 -10.0000000000
2620 -9.0000000000
2683 -8.0000000000
2686 -7.0000000000
2731 -6.0000000000
2761 -4.0000000000
2810 -3.0000000000
2836 -2.0000000000
2946 374.0000000000
3003 378.0000000000
3067 380.0000000000
3133 388.0000000000
3215 401.0000000000
3261 403.0000000000
3513 405.0000000000
3597 408.0000000000
3612 409.0000000000
3734 410.0000000000
3795 412.0000000000
3818 415.0000000000
3974 419.0000000000
4018 422.0000000000
4324 423.0000000000
4465 425.0000000000
4503 426.0000000000
5052 427.0000000000
6850 429.0000000000
8605 430.0000000000
100000 -2.0000000000
evaluations raw_y
1 -210.0000000000
6 -205.0000000000
8 -203.0000000000
9 -200.0000000000
21 -191.0000000000
30 -186.0000000000
49 -183.0000000000
58 -180.0000000000
71 -176.0000000000
84 -172.0000000000
89 -171.0000000000
102 -163.0000000000
130 -161.0000000000
134 -160.0000000000
153 -153.0000000000
184 -148.0000000000
196 -144.0000000000
230 -142.0000000000
244 -135.0000000000
291 -132.0000000000
308 -131.0000000000
319 -129.0000000000
326 -125.0000000000
10807 431.0000000000
361 -122.0000000000
383 -120.0000000000
394 -119.0000000000
411 -117.0000000000
424 -116.0000000000
470 -115.0000000000
474 -112.0000000000
483 -111.0000000000
522 -110.0000000000
532 -109.0000000000
552 -106.0000000000
11294 433.0000000000
609 -105.0000000000
614 -104.0000000000
619 -102.0000000000
641 -101.0000000000
646 -100.0000000000
697 -99.0000000000
718 -98.0000000000
721 -97.0000000000
726 -96.0000000000
738 -95.0000000000
762 -94.0000000000
775 -92.0000000000
795 -91.0000000000
813 -90.0000000000
822 -89.0000000000
835 -88.0000000000
836 -87.0000000000
853 -86.0000000000
880 -85.0000000000
889 -83.0000000000
915 -82.0000000000
926 -78.0000000000
981 -76.0000000000
1023 -75.0000000000
1043 -74.0000000000
1050 -73.0000000000
1102 -72.0000000000
1125 -71.0000000000
1145 -69.0000000000
1166 -68.0000000000
1195 -66.0000000000
1215 -65.0000000000
1229 -64.0000000000
1259 -61.0000000000
1301 -60.0000000000
1344 -58.0000000000
1372 -57.0000000000
1395 -56.0000000000
1414 -55.0000000000
1420 -54.0000000000
1450 -52.0000000000
1486 -50.0000000000
1519 -49.0000000000
1521 -48.0000000000
1572 -47.0000000000
1598 -46.0000000000
1618 -44.0000000000
1662 -42.0000000000
1706 -41.0000000000
1744 -40.0000000000
1765 -39.0000000000
1783 -38.0000000000
1811 -36.0000000000
1857 -35.0000000000
1875 -34.0000000000
1938 -33.0000000000
1978 -31.0000000000
2009 -30.0000000000
2035 -29.0000000000
2086 -28.0000000000
2125 -27.0000000000
2134 -26.0000000000
2154 -25.0000000000
2191 -24.0000000000
2217 -23.0000000000
2266 -22.0000000000
2347 -21.0000000000
2394 -20.0000000000
2427 -19.0000000000
2430 -18.0000000000
2481 -17.0000000000
2531 -15.0000000000
2535 -14.0000000000
2590 -13.0000000000
2638 -12.0000000000
2709 -9.0000000000
2788 -8.0000000000
2802 -7.0000000000
2837 -5.0000000000
2906 -4.0000000000
2917 -3.0000000000
2974 -2.0000000000
13279 434.0000000000
13303 435.0000000000
3041 -1.0000000000
3091 376.0000000000
3105 402.0000000000
3131 403.0000000000
3140 408.0000000000
3237 409.0000000000
3281 412.0000000000
3471 413.0000000000
3662 417.0000000000
6529 420.0000000000
9571 423.0000000000
9958 424.0000000000
19860 436.0000000000
10315 425.0000000000
10662 427.0000000000
20353 439.0000000000
11745 428.0000000000
12916 429.0000000000
24804 442.0000000000
16093 431.0000000000
28151 443.0000000000
23501 432.0000000000
23619 433.0000000000
26173 434.0000000000
70629 444.0000000000
100000 419.0000000000
evaluations raw_y
1 -213.0000000000
4 -200.0000000000
14 -195.0000000000
15 -186.0000000000
42 -178.0000000000
83 -177.0000000000
90 -173.0000000000
93 -170.0000000000
118 -168.0000000000
124 -167.0000000000
131 -164.0000000000
140 -162.0000000000
153 -161.0000000000
168 -160.0000000000
177 -158.0000000000
187 -155.0000000000
194 -153.0000000000
203 -150.0000000000
231 -147.0000000000
257 -146.0000000000
269 -144.0000000000
283 -143.0000000000
291 -142.0000000000
305 -141.0000000000
309 -140.0000000000
320 -139.0000000000
331 -138.0000000000
343 -137.0000000000
355 -134.0000000000
373 -133.0000000000
387 -130.0000000000
412 -129.0000000000
426 -128.0000000000
434 -127.0000000000
437 -125.0000000000
460 -124.0000000000
502 -121.0000000000
503 -120.0000000000
531 -118.0000000000
532 -117.0000000000
553 -116.0000000000
568 -115.0000000000
589 -113.0000000000
611 -112.0000000000
638 -110.0000000000
653 -109.0000000000
695 -107.0000000000
729 -106.0000000000
742 -105.0000000000
751 -102.0000000000
791 -100.0000000000
821 -99.0000000000
854 -97.0000000000
873 -96.0000000000
914 -95.0000000000
928 -94.0000000000
943 -91.0000000000
966 -90.0000000000
1008 -87.0000000000
1027 -86.0000000000
1061 -85.0000000000
1068 -84.0000000000
1088 -83.0000000000
1115 -81.0000000000
1135 -80.0000000000
1144 -79.0000000000
1151 -76.0000000000
1179 -74.0000000000
1241 -70.0000000000
1276 -69.0000000000
1314 -68.0000000000
1329 -67.0000000000
1350 -66.0000000000
1382 -65.0000000000
1403 -64.0000000000
1426 -63.0000000000
1442 -62.0000000000
1445 -61.0000000000
1458 -60.0000000000
1471 -59.0000000000
1522 -58.0000000000
1530 -57.0000000000
1559 -54.0000000000
1589 -53.0000000000
1612 -52.0000000000
1633 -51.0000000000
1648 -50.0000000000
1684 -49.0000000000
1699 -48.0000000000
1714 -47.0000000000
1716 -46.0000000000
1722 -45.0000000000
1765 -44.0000000000
1773 -43.0000000000
1826 -41.0000000000
1889 -39.0000000000
1905 -38.0000000000
1920 -37.0000000000
1942 -36.0000000000
1953 -35.0000000000
1992 -33.0000000000
2035 -32.0000000000
2068 -31.0000000000
2074 -30.0000000000
2089 -29.0000000000
2125 -28.0000000000
2144 -27.0000000000
2168 -26.0000000000
2229 -25.0000000000
2258 -24.0000000000
2277 -23.0000000000
2300 -21.0000000000
2377 -20.0000000000
2378 -19.0000000000
2420 -18.0000000000
2441 -17.0000000000
2458 -15.0000000000
2495 -14.0000000000
2529 -13.0000000000
2580 -11.0000000000
2606 -10.0000000000
2620 -9.0000000000
2683 -8.0000000000
2686 -7.0000000000
2731 -6.0000000000
2761 -4.0000000000
2810 -3.0000000000
2836 -2.0000000000
2946 374.0000000000
3003 378.0000000000
3067 380.0000000000
3133 388.0000000000
3215 401.0000000000
3261 403.0000000000
3513 405.0000000000
3597 408.0000000000
3612 409.0000000000
3734 410.0000000000
3795 412.0000000000
3818 415.0000000000
3974 419.0000000000
4018 422.0000000000
4324 423.0000000000
4465 425.0000000000
4503 426.0000000000
5052 427.0000000000
100000 -4.0000000000
evaluations raw_y
1 -197.0000000000
30 -186.0000000000
46 -185.0000000000
48 -182.0000000000
68 -180.0000000000
72 -179.0000000000
77 -178.0000000000
79 -176.0000000000
84 -174.0000000000
105 -163.0000000000
124 -162.0000000000
126 -160.0000000000
132 -159.0000000000
152 -157.0000000000
159 -152.0000000000
178 -151.0000000000
192 -149.0000000000
199 -147.0000000000
217 -146.0000000000
231 -145.0000000000
235 -142.0000000000
245 -140.0000000000
264 -137.0000000000
282 -136.0000000000
302 -135.0000000000
308 -133.0000000000
313 -131.0000000000
335 -130.0000000000
340 -126.0000000000
371 -124.0000000000
394 -122.0000000000
414 -120.0000000000
425 -119.0000000000
451 -118.0000000000
477 -117.0000000000
490 -115.0000000000
518 -114.0000000000
525 -112.0000000000
556 -109.0000000000
577 -106.0000000000
599 -104.0000000000
612 -102.0000000000
642 -99.0000000000
676 -98.0000000000
695 -97.0000000000
715 -95.0000000000
721 -94.0000000000
746 -93.0000000000
773 -92.0000000000
805 -90.0000000000
822 -88.0000000000
837 -87.0000000000
867 -86.0000000000
875 -85.0000000000
897 -84.0000000000
916 -83.0000000000
921 -82.0000000000
938 -81.0000000000
958 -80.0000000000
973 -78.0000000000
983 -77.0000000000
1003 -76.0000000000
1016 -75.0000000000
1024 -74.0000000000
1047 -73.0000000000
1088 -71.0000000000
1123 -70.0000000000
1134 -67.0000000000
1142 -66.0000000000
1160 -65.0000000000
1183 -62.0000000000
1211 -61.0000000000
1238 -60.0000000000
1254 -58.0000000000
1291 -56.0000000000
1334 -55.0000000000
1348 -54.0000000000
1386 -53.0000000000
1393 -52.0000000000
1409 -51.0000000000
1421 -50.0000000000
1446 -49.0000000000
1450 -48.0000000000
1466 -47.0000000000
1501 -46.0000000000
1509 -45.0000000000
1530 -44.0000000000
1547 -42.0000000000
1583 -40.0000000000
1596 -39.0000000000
1672 -38.0000000000
6850 429.0000000000
1683 -37.0000000000
1723 -36.0000000000
1791 -34.0000000000
1817 -33.0000000000
1856 -32.0000000000
1878 -31.0000000000
1906 -30.0000000000
1946 -29.0000000000
1952 -28.0000000000
1983 -27.0000000000
1992 -26.0000000000
2020 -25.0000000000
2094 -24.0000000000
2110 -23.0000000000
2158 -22.0000000000
2178 -21.0000000000
2193 -20.0000000000
2275 -18.0000000000
2341 -17.0000000000
2354 -16.0000000000
2441 -15.0000000000
2484 -14.0000000000
2511 -12.0000000000
2604 -11.0000000000
2628 -10.0000000000
2661 -9.0000000000
2698 -8.0000000000
2707 -7.0000000000
2756 -6.0000000000
2823 -5.0000000000
2829 -4.0000000000
2901 -3.0000000000
2992 -2.0000000000
3016 -1.0000000000
3044 388.0000000000
3171 396.0000000000
3301 398.0000000000
8605 430.0000000000
3717 400.0000000000
3896 403.0000000000
3900 404.0000000000
3994 410.0000000000
4193 413.0000000000
4283 417.0000000000
4297 419.0000000000
4308 420.0000000000
4321 422.0000000000
4326 423.0000000000
4473 425.0000000000
4792 428.0000000000
10807 431.0000000000
11294 433.0000000000
6603 431.0000000000
13279 434.0000000000
13303 435.0000000000
11177 432.0000000000
12472 435.0000000000
19860 436.0000000000
20353 439.0000000000
14734 436.0000000000
15042 437.0000000000
15065 438.0000000000
15275 439.0000000000
24804 442.0000000000
28151 443.0000000000
21836 440.0000000000
70629 444.0000000000
100000 -4.0000000000
evaluations raw_y
1 -197.0000000000
30 -186.0000000000
46 -185.0000000000
48 -182.0000000000
68 -180.0000000000
72 -179.0000000000
77 -178.0000000000
79 -176.0000000000
84 -174.0000000000
105 -163.0000000000
124 -162.0000000000
126 -160.0000000000
132 -159.0000000000
152 -157.0000000000
159 -152.0000000000
178 -151.0000000000
192 -149.0000000000
199 -147.0000000000
217 -146.0000000000
231 -145.0000000000
235 -142.0000000000
245 -140.0000000000
264 -137.0000000000
282 -136.0000000000
302 -135.0000000000
308 -133.0000000000
313 -131.0000000000
335 -130.0000000000
340 -126.0000000000
371 -124.0000000000
394 -122.0000000000
414 -120.0000000000
425 -119.0000000000
451 -118.0000000000
477 -117.0000000000
490 -115.0000000000
518 -114.0000000000
525 -112.0000000000
556 -109.0000000000
577 -106.0000000000
599 -104.0000000000
612 -102.0000000000
642 -99.0000000000
676 -98.0000000000
695 -97.0000000000
715 -95.0000000000
721 -94.0000000000
746 -93.0000000000
773 -92.0000000000
805 -90.0000000000
822 -88.0000000000
837 -87.0000000000
867 -86.0000000000
875 -85.0000000000
897 -84.0000000000
916 -83.0000000000
921 -82.0000000000
938 -81.0000000000
958 -80.0000000000
973 -78.0000000000
983 -77.0000000000
1003 -76.0000000000
1016 -75.0000000000
1024 -74.0000000000
1047 -73.0000000000
1088 -71.0000000000
1123 -70.0000000000
1134 -67.0000000000
1142 -66.0000000000
1160 -65.0000000000
1183 -62.0000000000
1211 -61.0000000000
1238 -60.0000000000
1254 -58.0000000000
1291 -56.0000000000
1334 -55.0000000000
1348 -54.0000000000
1386 -53.0000000000
1393 -52.0000000000
1409 -51.0000000000
1421 -50.0000000000
1446 -49.0000000000
1450 -48.0000000000
1466 -47.0000000000
1501 -46.0000000000
1509 -45.0000000000
1530 -44.0000000000
1547 -42.0000000000
1583 -40.0000000000
1596 -39.0000000000
1672 -38.0000000000
1683 -37.0000000000
1723 -36.0000000000
1791 -34.0000000000
1817 -33.0000000000
1856 -32.0000000000
1878 -31.0000000000
1906 -30.0000000000
1946 -29.0000000000
1952 -28.0000000000
1983 -27.0000000000
1992 -26.0000000000
2020 -25.0000000000
2094 -24.0000000000
2110 -23.0000000000
2158 -22.0000000000
2178 -21.0000000000
2193 -20.0000000000
2275 -18.0000000000
2341 -17.0000000000
2354 -16.0000000000
2441 -15.0000000000
2484 -14.0000000000
2511 -12.0000000000
2604 -11.0000000000
2628 -10.0000000000
2661 -9.0000000000
2698 -8.0000000000
2707 -7.0000000000
2756 -6.0000000000
2823 -5.0000000000
2829 -4.0000000000
2901 -3.0000000000
2992 -2.0000000000
3016 -1.0000000000
3044 388.0000000000
3171 396.0000000000
3301 398.0000000000
3717 400.0000000000
3896 403.0000000000
3900 404.0000000000
3994 410.0000000000
4193 413.0000000000
4283 417.0000000000
4297 419.0000000000
4308 420.0000000000
4321 422.0000000000
4326 423.0000000000
4473 425.0000000000
4792 428.0000000000
6603 431.0000000000
11177 432.0000000000
12472 435.0000000000
14734 436.0000000000
15042 437.0000000000
15065 438.0000000000
15275 439.0000000000
95596 442.0000000000
100000 -5.0000000000
evaluations raw_y
1 -220.0000000000
4 -208.0000000000
6 -202.0000000000
24 -200.0000000000
33 -197.0000000000
34 -194.0000000000
42 -192.0000000000
63 -188.0000000000
88 -181.0000000000
95 -180.0000000000
103 -179.0000000000
122 -178.0000000000
123 -175.0000000000
134 -174.0000000000
142 -169.0000000000
143 -168.0000000000
150 -162.0000000000
158 -161.0000000000
165 -160.0000000000
187 -159.0000000000
191 -157.0000000000
210 -152.0000000000
213 -149.0000000000
228 -147.0000000000
246 -143.0000000000
253 -139.0000000000
287 -137.0000000000
289 -136.0000000000
21836 440.0000000000
310 -134.0000000000
314 -128.0000000000
361 -126.0000000000
363 -125.0000000000
393 -124.0000000000
403 -123.0000000000
429 -120.0000000000
451 -118.0000000000
469 -116.0000000000
491 -115.0000000000
520 -113.0000000000
547 -112.0000000000
551 -110.0000000000
592 -109.0000000000
599 -108.0000000000
622 -106.0000000000
631 -105.0000000000
656 -102.0000000000
694 -101.0000000000
709 -100.0000000000
723 -98.0000000000
773 -97.0000000000
804 -96.0000000000
808 -94.0000000000
815 -93.0000000000
838 -92.0000000000
870 -91.0000000000
881 -89.0000000000
905 -88.0000000000
928 -87.0000000000
942 -86.0000000000
975 -85.0000000000
992 -84.0000000000
1006 -83.0000000000
1011 -82.0000000000
1035 -81.0000000000
1051 -80.0000000000
1052 -78.0000000000
1112 -77.0000000000
1144 -76.0000000000
1155 -74.0000000000
1168 -72.0000000000
1216 -71.0000000000
1231 -70.0000000000
1253 -69.0000000000
1273 -68.0000000000
1292 -67.0000000000
1318 -66.0000000000
1334 -65.0000000000
1351 -64.0000000000
1362 -63.0000000000
1414 -62.0000000000
1424 -61.0000000000
1453 -59.0000000000
1502 -58.0000000000
1540 -56.0000000000
1562 -55.0000000000
1606 -54.0000000000
1667 -53.0000000000
1675 -52.0000000000
1701 -51.0000000000
1733 -48.0000000000
1813 -46.0000000000
1846 -44.0000000000
1888 -43.0000000000
1917 -42.0000000000
1929 -40.0000000000
1961 -39.0000000000
2012 -36.0000000000
2068 -35.0000000000
2071 -34.0000000000
2138 -33.0000000000
2183 -32.0000000000
2196 -31.0000000000
2228 -29.0000000000
2261 -27.0000000000
2282 -26.0000000000
2314 -25.0000000000
2336 -24.0000000000
2363 -23.0000000000
2383 -22.0000000000
2435 -21.0000000000
2452 -20.0000000000
2468 -19.0000000000
2501 -18.0000000000
2551 -17.0000000000
2557 -16.0000000000
2595 -15.0000000000
2645 -14.0000000000
2697 -12.0000000000
2749 -11.0000000000
2828 -10.0000000000
2847 -9.0000000000
2943 -8.0000000000
2981 -7.0000000000
3029 -6.0000000000
3086 -5.0000000000
3121 -4.0000000000
3148 -3.0000000000
3223 -2.0000000000
3265 -1.0000000000
3297 361.0000000000
3300 369.0000000000
3316 385.0000000000
3383 388.0000000000
3409 393.0000000000
3490 396.0000000000
3596 402.0000000000
3602 405.0000000000
3753 409.0000000000
3813 410.0000000000
3943 411.0000000000
3974 412.0000000000
4016 417.0000000000
4192 418.0000000000
4265 420.0000000000
4392 424.0000000000
5414 425.0000000000
5573 427.0000000000
7117 430.0000000000
8253 432.0000000000
8285 433.0000000000
9010 434.0000000000
9049 435.0000000000
13114 436.0000000000
15364 437.0000000000
17351 438.0000000000
25553 439.0000000000
25614 440.0000000000
26320 441.0000000000
26506 444.0000000000
29572 445.0000000000
35550 446.0000000000
95596 442.0000000000
100000 -5.0000000000
evaluations raw_y
1 -220.0000000000
4 -208.0000000000
6 -202.0000000000
24 -200.0000000000
33 -197.0000000000
34 -194.0000000000
42 -192.0000000000
63 -188.0000000000
88 -181.0000000000
95 -180.0000000000
103 -179.0000000000
122 -178.0000000000
123 -175.0000000000
134 -174.0000000000
142 -169.0000000000
143 -168.0000000000
150 -162.0000000000
158 -161.0000000000
165 -160.0000000000
187 -159.0000000000
191 -157.0000000000
210 -152.0000000000
213 -149.0000000000
228 -147.0000000000
246 -143.0000000000
253 -139.0000000000
287 -137.0000000000
289 -136.0000000000
310 -134.0000000000
314 -128.0000000000
361 -126.0000000000
363 -125.0000000000
393 -124.0000000000
403 -123.0000000000
429 -120.0000000000
451 -118.0000000000
469 -116.0000000000
491 -115.0000000000
520 -113.0000000000
547 -112.0000000000
551 -110.0000000000
592 -109.0000000000
599 -108.0000000000
622 -106.0000000000
631 -105.0000000000
656 -102.0000000000
694 -101.0000000000
709 -100.0000000000
723 -98.0000000000
773 -97.0000000000
804 -96.0000000000
808 -94.0000000000
815 -93.0000000000
838 -92.0000000000
870 -91.0000000000
881 -89.0000000000
905 -88.0000000000
928 -87.0000000000
942 -86.0000000000
975 -85.0000000000
992 -84.0000000000
1006 -83.0000000000
1011 -82.0000000000
1035 -81.0000000000
1051 -80.0000000000
1052 -78.0000000000
1112 -77.0000000000
1144 -76.0000000000
1155 -74.0000000000
1168 -72.0000000000
1216 -71.0000000000
1231 -70.0000000000
1253 -69.0000000000
1273 -68.0000000000
1292 -67.0000000000
1318 -66.0000000000
1334 -65.0000000000
1351 -64.0000000000
1362 -63.0000000000
1414 -62.0000000000
1424 -61.0000000000
1453 -59.0000000000
1502 -58.0000000000
1540 -56.0000000000
1562 -55.0000000000
1606 -54.0000000000
1667 -53.0000000000
1675 -52.0000000000
1701 -51.0000000000
1733 -48.0000000000
1813 -46.0000000000
1846 -44.0000000000
1888 -43.0000000000
1917 -42.0000000000
1929 -40.0000000000
1961 -39.0000000000
2012 -36.0000000000
2068 -35.0000000000
2071 -34.0000000000
2138 -33.0000000000
2183 -32.0000000000
2196 -31.0000000000
2228 -29.0000000000
2261 -27.0000000000
2282 -26.0000000000
2314 -25.0000000000
2336 -24.0000000000
2363 -23.0000000000
2383 -22.0000000000
2435 -21.0000000000
2452 -20.0000000000
2468 -19.0000000000
2501 -18.0000000000
2551 -17.0000000000
2557 -16.0000000000
2595 -15.0000000000
2645 -14.0000000000
2697 -12.0000000000
2749 -11.0000000000
2828 -10.0000000000
2847 -9.0000000000
2943 -8.0000000000
2981 -7.0000000000
3029 -6.0000000000
3086 -5.0000000000
3121 -4.0000000000
3148 -3.0000000000
3223 -2.0000000000
3265 -1.0000000000
3297 361.0000000000
3300 369.0000000000
3316 385.0000000000
3383 388.0000000000
3409 393.0000000000
3490 396.0000000000
3596 402.0000000000
3602 405.0000000000
3753 409.0000000000
3813 410.0000000000
3943 411.0000000000
3974 412.0000000000
4016 417.0000000000
4192 418.0000000000
4265 420.0000000000
4392 424.0000000000
5414 425.0000000000
5573 427.0000000000
7117 430.0000000000
8253 432.0000000000
8285 433.0000000000
9010 434.0000000000
9049 435.0000000000
13114 436.0000000000
15364 437.0000000000
17351 438.0000000000
25553 439.0000000000
25614 440.0000000000
26320 441.0000000000
26506 444.0000000000
29572 445.0000000000
35550 446.0000000000
100000 -3.0000000000
evaluations raw_y
1 -213.0000000000
2 -210.0000000000
6 -209.0000000000
7 -205.0000000000
16 -204.0000000000
21 -201.0000000000
35 -200.0000000000
37 -199.0000000000
41 -196.0000000000
49 -195.0000000000
59 -193.0000000000
62 -187.0000000000
86 -186.0000000000
88 -185.0000000000
96 -182.0000000000
102 -178.0000000000
112 -173.0000000000
128 -164.0000000000
143 -162.0000000000
168 -160.0000000000
176 -158.0000000000
184 -156.0000000000
198 -153.0000000000
219 -152.0000000000
229 -151.0000000000
241 -146.0000000000
252 -145.0000000000
261 -142.0000000000
278 -140.0000000000
282 -139.0000000000
292 -136.0000000000
303 -135.0000000000
314 -134.0000000000
337 -132.0000000000
356 -130.0000000000
383 -127.0000000000
398 -126.0000000000
404 -125.0000000000
441 -124.0000000000
446 -123.0000000000
462 -122.0000000000
474 -121.0000000000
494 -120.0000000000
500 -119.0000000000
502 -118.0000000000
515 -116.0000000000
528 -114.0000000000
549 -113.0000000000
553 -112.0000000000
568 -111.0000000000
589 -110.0000000000
602 -109.0000000000
603 -108.0000000000
621 -107.0000000000
638 -106.0000000000
664 -105.0000000000
669 -104.0000000000
699 -99.0000000000
733 -98.0000000000
748 -97.0000000000
805 -95.0000000000
823 -94.0000000000
838 -93.0000000000
860 -90.0000000000
907 -89.0000000000
923 -88.0000000000
949 -87.0000000000
974 -86.0000000000
980 -83.0000000000
998 -82.0000000000
1012 -81.0000000000
1042 -80.0000000000
1076 -79.0000000000
1085 -78.0000000000
1119 -77.0000000000
1121 -76.0000000000
1151 -75.0000000000
1169 -74.0000000000
1188 -72.0000000000
1214 -71.0000000000
1220 -70.0000000000
1250 -69.0000000000
1259 -68.0000000000
1297 -66.0000000000
1323 -65.0000000000
1356 -64.0000000000
1374 -63.0000000000
1403 -62.0000000000
1424 -61.0000000000
1474 -59.0000000000
1511 -57.0000000000
1528 -56.0000000000
1536 -54.0000000000
1575 -53.0000000000
1620 -52.0000000000
1633 -51.0000000000
1647 -49.0000000000
1683 -48.0000000000
1701 -47.0000000000
1714 -46.0000000000
1728 -45.0000000000
1733 -44.0000000000
1771 -43.0000000000
1781 -42.0000000000
1795 -41.0000000000
1816 -40.0000000000
1824 -39.0000000000
1862 -38.0000000000
1892 -37.0000000000
1923 -36.0000000000
1969 -35.0000000000
2012 -33.0000000000
2050 -32.0000000000
2065 -31.0000000000
2105 -30.0000000000
2129 -29.0000000000
2133 -28.0000000000
2155 -27.0000000000
2157 -26.0000000000
2217 -24.0000000000
2240 -23.0000000000
2307 -22.0000000000
2343 -21.0000000000
2371 -20.0000000000
2403 -19.0000000000
2416 -18.0000000000
2433 -17.0000000000
2443 -16.0000000000
2522 -15.0000000000
2543 -14.0000000000
2602 -13.0000000000
2659 -11.0000000000
2717 -10.0000000000
2773 -8.0000000000
2787 -7.0000000000
2806 -6.0000000000
2852 -5.0000000000
2880 -4.0000000000
2905 -3.0000000000
3005 -2.0000000000
3092 -1.0000000000
3216 397.0000000000
3312 400.0000000000
3348 407.0000000000
3422 416.0000000000
3972 417.0000000000
4033 420.0000000000
4122 424.0000000000
5467 426.0000000000
5914 428.0000000000
6966 429.0000000000
8074 430.0000000000
8365 431.0000000000
8579 432.0000000000
15403 435.0000000000
15461 436.0000000000
17288 437.0000000000
19007 438.0000000000
19808 440.0000000000
100000 -3.0000000000
evaluations raw_y
1 -213.0000000000
2 -210.0000000000
6 -209.0000000000
7 -205.0000000000
16 -204.0000000000
21 -201.0000000000
35 -200.0000000000
37 -199.0000000000
41 -196.0000000000
49 -195.0000000000
59 -193.0000000000
62 -187.0000000000
86 -186.0000000000
88 -185.0000000000
96 -182.0000000000
102 -178.0000000000
112 -173.0000000000
128 -164.0000000000
143 -162.0000000000
168 -160.0000000000
176 -158.0000000000
184 -156.0000000000
198 -153.0000000000
219 -152.0000000000
229 -151.0000000000
241 -146.0000000000
252 -145.0000000000
261 -142.0000000000
278 -140.0000000000
282 -139.0000000000
292 -136.0000000000
303 -135.0000000000
314 -134.0000000000
337 -132.0000000000
356 -130.0000000000
383 -127.0000000000
398 -126.0000000000
404 -125.0000000000
441 -124.0000000000
446 -123.0000000000
462 -122.0000000000
474 -121.0000000000
494 -120.0000000000
500 -119.0000000000
502 -118.0000000000
515 -116.0000000000
528 -114.0000000000
549 -113.0000000000
553 -112.0000000000
568 -111.0000000000
589 -110.0000000000
602 -109.0000000000
603 -108.0000000000
621 -107.0000000000
638 -106.0000000000
664 -105.0000000000
669 -104.0000000000
699 -99.0000000000
733 -98.0000000000
748 -97.0000000000
805 -95.0000000000
823 -94.0000000000
838 -93.0000000000
860 -90.0000000000
907 -89.0000000000
923 -88.0000000000
949 -87.0000000000
974 -86.0000000000
980 -83.0000000000
998 -82.0000000000
1012 -81.0000000000
1042 -80.0000000000
1076 -79.0000000000
1085 -78.0000000000
1119 -77.0000000000
1121 -76.0000000000
1151 -75.0000000000
1169 -74.0000000000
1188 -72.0000000000
1214 -71.0000000000
1220 -70.0000000000
1250 -69.0000000000
1259 -68.0000000000
1297 -66.0000000000
1323 -65.0000000000
1356 -64.0000000000
1374 -63.0000000000
1403 -62.0000000000
1424 -61.0000000000
1474 -59.0000000000
1511 -57.0000000000
1528 -56.0000000000
1536 -54.0000000000
1575 -53.0000000000
1620 -52.0000000000
1633 -51.0000000000
1647 -49.0000000000
1683 -48.0000000000
1701 -47.0000000000
1714 -46.0000000000
1728 -45.0000000000
1733 -44.0000000000
1771 -43.0000000000
1781 -42.0000000000
1795 -41.0000000000
1816 -40.0000000000
1824 -39.0000000000
1862 -38.0000000000
1892 -37.0000000000
1923 -36.0000000000
1969 -35.0000000000
2012 -33.0000000000
2050 -32.0000000000
2065 -31.0000000000
2105 -30.0000000000
2129 -29.0000000000
2133 -28.0000000000
2155 -27.0000000000
2157 -26.0000000000
2217 -24.0000000000
2240 -23.0000000000
2307 -22.0000000000
2343 -21.0000000000
2371 -20.0000000000
2403 -19.0000000000
2416 -18.0000000000
2433 -17.0000000000
2443 -16.0000000000
2522 -15.0000000000
2543 -14.0000000000
2602 -13.0000000000
2659 -11.0000000000
2717 -10.0000000000
2773 -8.0000000000
2787 -7.0000000000
2806 -6.0000000000
2852 -5.0000000000
2880 -4.0000000000
2905 -3.0000000000
3005 -2.0000000000
3092 -1.0000000000
3216 397.0000000000
3312 400.0000000000
3348 407.0000000000
3422 416.0000000000
3972 417.0000000000
4033 420.0000000000
4122 424.0000000000
5467 426.0000000000
5914 428.0000000000
6966 429.0000000000
8074 430.0000000000
8365 431.0000000000
8579 432.0000000000
65833 442.0000000000
15403 435.0000000000
15461 436.0000000000
17288 437.0000000000
19007 438.0000000000
19808 440.0000000000
75561 444.0000000000
78310 445.0000000000
100000 -1.0000000000
evaluations raw_y
1 -201.0000000000
2 -200.0000000000
4 -195.0000000000
32 -193.0000000000
42 -189.0000000000
46 -188.0000000000
55 -180.0000000000
63 -177.0000000000
82 -176.0000000000
93 -168.0000000000
114 -167.0000000000
131 -165.0000000000
132 -163.0000000000
134 -161.0000000000
161 -158.0000000000
171 -157.0000000000
184 -156.0000000000
189 -155.0000000000
192 -154.0000000000
194 -153.0000000000
204 -151.0000000000
221 -150.0000000000
227 -146.0000000000
246 -145.0000000000
256 -143.0000000000
262 -142.0000000000
268 -141.0000000000
292 -137.0000000000
337 -136.0000000000
339 -135.0000000000
350 -134.0000000000
354 -133.0000000000
362 -132.0000000000
375 -128.0000000000
410 -126.0000000000
436 -125.0000000000
441 -122.0000000000
460 -121.0000000000
485 -120.0000000000
496 -119.0000000000
508 -118.0000000000
519 -117.0000000000
523 -116.0000000000
543 -115.0000000000
545 -114.0000000000
573 -113.0000000000
591 -112.0000000000
603 -111.0000000000
614 -109.0000000000
626 -108.0000000000
635 -107.0000000000
648 -106.0000000000
656 -105.0000000000
664 -103.0000000000
673 -102.0000000000
685 -101.0000000000
701 -99.0000000000
717 -97.0000000000
742 -96.0000000000
783 -95.0000000000
796 -93.0000000000
836 -92.0000000000
851 -91.0000000000
878 -90.0000000000
883 -89.0000000000
897 -87.0000000000
911 -85.0000000000
937 -84.0000000000
967 -83.0000000000
970 -82.0000000000
988 -80.0000000000
1033 -79.0000000000
1062 -78.0000000000
1083 -77.0000000000
1088 -75.0000000000
1116 -74.0000000000
1132 -73.0000000000
1153 -72.0000000000
1159 -71.0000000000
1192 -69.0000000000
1213 -68.0000000000
1240 -67.0000000000
1268 -66.0000000000
1291 -65.0000000000
1312 -64.0000000000
1340 -63.0000000000
1374 -62.0000000000
1433 -61.0000000000
1445 -60.0000000000
1480 -59.0000000000
1493 -58.0000000000
1514 -57.0000000000
1576 -56.0000000000
1597 -55.0000000000
1614 -54.0000000000
1642 -53.0000000000
1678 -51.0000000000
1705 -50.0000000000
1730 -49.0000000000
1754 -45.0000000000
1768 -44.0000000000
1818 -43.0000000000
1826 -42.0000000000
1858 -41.0000000000
1910 -38.0000000000
1945 -37.0000000000
1950 -36.0000000000
1973 -35.0000000000
2010 -34.0000000000
2048 -32.0000000000
2058 -31.0000000000
2083 -30.0000000000
2122 -29.0000000000
2138 -28.0000000000
2150 -27.0000000000
2223 -25.0000000000
2232 -24.0000000000
2284 -23.0000000000
2292 -22.0000000000
2328 -21.0000000000
2355 -20.0000000000
2415 -19.0000000000
2422 -18.0000000000
2448 -17.0000000000
2489 -16.0000000000
2495 -15.0000000000
2532 -12.0000000000
2608 -11.0000000000
2665 -10.0000000000
2693 -8.0000000000
2752 -7.0000000000
2763 -6.0000000000
2854 -5.0000000000
2878 -3.0000000000
2949 -2.0000000000
2963 -1.0000000000
3079 378.0000000000
3161 382.0000000000
3178 388.0000000000
3190 390.0000000000
3196 393.0000000000
3203 396.0000000000
3225 398.0000000000
3404 399.0000000000
3462 402.0000000000
3512 403.0000000000
3630 404.0000000000
3720 406.0000000000
3834 409.0000000000
3913 414.0000000000
4813 416.0000000000
4832 419.0000000000
6011 423.0000000000
6434 424.0000000000
8033 425.0000000000
8127 426.0000000000
10592 427.0000000000
12377 429.0000000000
65833 442.0000000000
19779 430.0000000000
19808 432.0000000000
21231 434.0000000000
22076 435.0000000000
23243 437.0000000000
25366 438.0000000000
75561 444.0000000000
29018 439.0000000000
78310 445.0000000000
30386 441.0000000000
100000 -1.0000000000
evaluations raw_y
1 -201.0000000000
2 -200.0000000000
4 -195.0000000000
32 -193.0000000000
42 -189.0000000000
46 -188.0000000000
55 -180.0000000000
63 -177.0000000000
82 -176.0000000000
93 -168.0000000000
114 -167.0000000000
131 -165.0000000000
132 -163.0000000000
134 -161.0000000000
161 -158.0000000000
171 -157.0000000000
184 -156.0000000000
189 -155.0000000000
192 -154.0000000000
194 -153.0000000000
204 -151.0000000000
221 -150.0000000000
227 -146.0000000000
246 -145.0000000000
256 -143.0000000000
262 -142.0000000000
268 -141.0000000000
292 -137.0000000000
337 -136.0000000000
339 -135.0000000000
350 -134.0000000000
354 -133.0000000000
362 -132.0000000000
375 -128.0000000000
410 -126.0000000000
436 -125.0000000000
441 -122.0000000000
460 -121.0000000000
485 -120.0000000000
496 -119.0000000000
508 -118.0000000000
519 -117.0000000000
523 -116.0000000000
543 -115.0000000000
545 -114.0000000000
573 -113.0000000000
591 -112.0000000000
603 -111.0000000000
614 -109.0000000000
626 -108.0000000000
635 -107.0000000000
648 -106.0000000000
656 -105.0000000000
664 -103.0000000000
673 -102.0000000000
685 -101.0000000000
701 -99.0000000000
717 -97.0000000000
742 -96.0000000000
783 -95.0000000000
796 -93.0000000000
836 -92.0000000000
851 -91.0000000000
878 -90.0000000000
883 -89.0000000000
897 -87.0000000000
911 -85.0000000000
937 -84.0000000000
967 -83.0000000000
970 -82.0000000000
988 -80.0000000000
1033 -79.0000000000
1062 -78.0000000000
1083 -77.0000000000
1088 -75.0000000000
1116 -74.0000000000
1132 -73.0000000000
1153 -72.0000000000
1159 -71.0000000000
1192 -69.0000000000
1213 -68.0000000000
1240 -67.0000000000
1268 -66.0000000000
1291 -65.0000000000
1312 -64.0000000000
1340 -63.0000000000
1374 -62.0000000000
1433 -61.0000000000
1445 -60.0000000000
1480 -59.0000000000
1493 -58.0000000000
1514 -57.0000000000
1576 -56.0000000000
1597 -55.0000000000
1614 -54.0000000000
1642 -53.0000000000
1678 -51.0000000000
1705 -50.0000000000
1730 -49.0000000000
1754 -45.0000000000
1768 -44.0000000000
1818 -43.0000000000
1826 -42.0000000000
1858 -41.0000000000
1910 -38.0000000000
1945 -37.0000000000
1950 -36.0000000000
1973 -35.0000000000
2010 -34.0000000000
2048 -32.0000000000
2058 -31.0000000000
2083 -30.0000000000
2122 -29.0000000000
2138 -28.0000000000
2150 -27.0000000000
2223 -25.0000000000
2232 -24.0000000000
2284 -23.0000000000
2292 -22.0000000000
2328 -21.0000000000
2355 -20.0000000000
2415 -19.0000000000
2422 -18.0000000000
2448 -17.0000000000
2489 -16.0000000000
2495 -15.0000000000
2532 -12.0000000000
2608 -11.0000000000
2665 -10.0000000000
2693 -8.0000000000
2752 -7.0000000000
2763 -6.0000000000
2854 -5.0000000000
2878 -3.0000000000
2949 -2.0000000000
2963 -1.0000000000
3079 378.0000000000
3161 382.0000000000
3178 388.0000000000
3190 390.0000000000
3196 393.0000000000
3203 396.0000000000
3225 398.0000000000
53403 442.0000000000
3404 399.0000000000
3462 402.0000000000
3512 403.0000000000
3630 404.0000000000
3720 406.0000000000
3834 409.0000000000
3913 414.0000000000
4813 416.0000000000
4832 419.0000000000
6011 423.0000000000
6434 424.0000000000
8033 425.0000000000
8127 426.0000000000
10592 427.0000000000
12377 429.0000000000
19779 430.0000000000
19808 432.0000000000
21231 434.0000000000
22076 435.0000000000
23243 437.0000000000
25366 438.0000000000
29018 439.0000000000
30386 441.0000000000
53403 442.0000000000
100000 -2.0000000000
evaluations raw_y
1 -217.0000000000
2 -214.0000000000
4 -213.0000000000
6 -199.0000000000
41 -195.0000000000
63 -186.0000000000
70 -182.0000000000
85 -175.0000000000
97 -166.0000000000
141 -164.0000000000
154 -161.0000000000
181 -159.0000000000
192 -158.0000000000
193 -157.0000000000
205 -154.0000000000
256 -152.0000000000
284 -151.0000000000
305 -149.0000000000
312 -148.0000000000
337 -147.0000000000
344 -145.0000000000
393 -144.0000000000
395 -143.0000000000
398 -142.0000000000
417 -138.0000000000
440 -135.0000000000
461 -133.0000000000
497 -130.0000000000
513 -128.0000000000
532 -126.0000000000
546 -125.0000000000
560 -124.0000000000
571 -123.0000000000
592 -122.0000000000
593 -121.0000000000
641 -119.0000000000
643 -118.0000000000
655 -117.0000000000
683 -115.0000000000
701 -114.0000000000
729 -109.0000000000
772 -106.0000000000
797 -102.0000000000
832 -101.0000000000
846 -99.0000000000
854 -98.0000000000
865 -96.0000000000
920 -95.0000000000
941 -93.0000000000
989 -92.0000000000
1010 -90.0000000000
1025 -89.0000000000
1039 -87.0000000000
1075 -86.0000000000
1097 -85.0000000000
1117 -84.0000000000
1132 -82.0000000000
1156 -81.0000000000
1167 -80.0000000000
1185 -79.0000000000
1193 -78.0000000000
1227 -77.0000000000
1238 -75.0000000000
1253 -74.0000000000
1269 -73.0000000000
1312 -72.0000000000
1321 -71.0000000000
1356 -70.0000000000
1375 -69.0000000000
1396 -67.0000000000
1459 -66.0000000000
1474 -65.0000000000
1483 -64.0000000000
1490 -63.0000000000
1491 -62.0000000000
1523 -61.0000000000
1537 -60.0000000000
1580 -59.0000000000
1608 -58.0000000000
1614 -57.0000000000
1626 -56.0000000000
1673 -54.0000000000
1685 -53.0000000000
1715 -52.0000000000
1724 -51.0000000000
1750 -50.0000000000
1754 -49.0000000000
1776 -48.0000000000
1805 -47.0000000000
1840 -46.0000000000
1850 -45.0000000000
1875 -44.0000000000
1912 -42.0000000000
1961 -41.0000000000
1999 -40.0000000000
2008 -38.0000000000
2036 -37.0000000000
2044 -36.0000000000
2068 -35.0000000000
2083 -34.0000000000
2143 -33.0000000000
2163 -32.0000000000
2175 -30.0000000000
2211 -29.0000000000
2218 -28.0000000000
2246 -27.0000000000
2281 -26.0000000000
2294 -25.0000000000
2309 -24.0000000000
2357 -23.0000000000
2398 -21.0000000000
2445 -20.0000000000
2476 -19.0000000000
2495 -18.0000000000
2521 -17.0000000000
2590 -15.0000000000
2606 -12.0000000000
2680 -11.0000000000
2684 -10.0000000000
2724 -9.0000000000
2731 -8.0000000000
2829 -7.0000000000
2901 -6.0000000000
2908 -5.0000000000
2987 -4.0000000000
3057 -3.0000000000
3118 -2.0000000000
3162 -1.0000000000
3211 397.0000000000
3248 404.0000000000
3289 405.0000000000
3385 407.0000000000
3786 408.0000000000
3835 409.0000000000
3843 416.0000000000
3986 417.0000000000
4223 419.0000000000
4391 420.0000000000
5513 421.0000000000
5639 423.0000000000
6112 424.0000000000
7297 425.0000000000
7657 426.0000000000
7836 429.0000000000
8918 430.0000000000
12157 431.0000000000
13728 432.0000000000
18688 433.0000000000
21744 434.0000000000
23065 435.0000000000
25280 438.0000000000
29827 439.0000000000
36710 440.0000000000
100000 -2.0000000000
evaluations raw_y
1 -217.0000000000
2 -214.0000000000
4 -213.0000000000
6 -199.0000000000
41 -195.0000000000
63 -186.0000000000
70 -182.0000000000
85 -175.0000000000
97 -166.0000000000
141 -164.0000000000
154 -161.0000000000
181 -159.0000000000
192 -158.0000000000
193 -157.0000000000
205 -154.0000000000
256 -152.0000000000
284 -151.0000000000
305 -149.0000000000
312 -148.0000000000
337 -147.0000000000
344 -145.0000000000
393 -144.0000000000
395 -143.0000000000
398 -142.0000000000
417 -138.0000000000
440 -135.0000000000
461 -133.0000000000
497 -130.0000000000
513 -128.0000000000
532 -126.0000000000
546 -125.0000000000
560 -124.0000000000
571 -123.0000000000
592 -122.0000000000
593 -121.0000000000
641 -119.0000000000
643 -118.0000000000
655 -117.0000000000
683 -115.0000000000
701 -114.0000000000
729 -109.0000000000
772 -106.0000000000
797 -102.0000000000
832 -101.0000000000
846 -99.0000000000
854 -98.0000000000
865 -96.0000000000
920 -95.0000000000
941 -93.0000000000
989 -92.0000000000
1010 -90.0000000000
1025 -89.0000000000
1039 -87.0000000000
1075 -86.0000000000
1097 -85.0000000000
1117 -84.0000000000
1132 -82.0000000000
1156 -81.0000000000
1167 -80.0000000000
1185 -79.0000000000
1193 -78.0000000000
1227 -77.0000000000
1238 -75.0000000000
1253 -74.0000000000
1269 -73.0000000000
1312 -72.0000000000
1321 -71.0000000000
1356 -70.0000000000
1375 -69.0000000000
1396 -67.0000000000
1459 -66.0000000000
1474 -65.0000000000
1483 -64.0000000000
1490 -63.0000000000
1491 -62.0000000000
1523 -61.0000000000
1537 -60.0000000000
1580 -59.0000000000
1608 -58.0000000000
1614 -57.0000000000
1626 -56.0000000000
1673 -54.0000000000
1685 -53.0000000000
1715 -52.0000000000
1724 -51.0000000000
1750 -50.0000000000
1754 -49.0000000000
1776 -48.0000000000
1805 -47.0000000000
1840 -46.0000000000
1850 -45.0000000000
1875 -44.0000000000
1912 -42.0000000000
1961 -41.0000000000
1999 -40.0000000000
2008 -38.0000000000
2036 -37.0000000000
2044 -36.0000000000
2068 -35.0000000000
2083 -34.0000000000
2143 -33.0000000000
2163 -32.0000000000
2175 -30.0000000000
2211 -29.0000000000
2218 -28.0000000000
2246 -27.0000000000
2281 -26.0000000000
2294 -25.0000000000
2309 -24.0000000000
2357 -23.0000000000
2398 -21.0000000000
2445 -20.0000000000
2476 -19.0000000000
2495 -18.0000000000
2521 -17.0000000000
2590 -15.0000000000
2606 -12.0000000000
2680 -11.0000000000
2684 -10.0000000000
2724 -9.0000000000
2731 -8.0000000000
2829 -7.0000000000
2901 -6.0000000000
2908 -5.0000000000
2987 -4.0000000000
3057 -3.0000000000
3118 -2.0000000000
3162 -1.0000000000
3211 397.0000000000
3248 404.0000000000
3289 405.0000000000
3385 407.0000000000
3786 408.0000000000
3835 409.0000000000
3843 416.0000000000
3986 417.0000000000
4223 419.0000000000
4391 420.0000000000
5513 421.0000000000
5639 423.0000000000
6112 424.0000000000
7297 425.0000000000
7657 426.0000000000
7836 429.0000000000
8918 430.0000000000
12157 431.0000000000
13728 432.0000000000
18688 433.0000000000
62968 442.0000000000
21744 434.0000000000
64740 443.0000000000
23065 435.0000000000
25280 438.0000000000
70567 444.0000000000
29827 439.0000000000
36710 440.0000000000
100000 -1.0000000000
evaluations raw_y
1 -206.0000000000
15 -203.0000000000
29 -199.0000000000
40 -196.0000000000
44 -191.0000000000
46 -187.0000000000
51 -186.0000000000
65 -185.0000000000
80 -183.0000000000
98 -181.0000000000
110 -178.0000000000
118 -177.0000000000
119 -173.0000000000
136 -168.0000000000
141 -167.0000000000
147 -166.0000000000
152 -165.0000000000
163 -162.0000000000
169 -160.0000000000
192 -156.0000000000
202 -155.0000000000
228 -152.0000000000
250 -151.0000000000
257 -144.0000000000
295 -142.0000000000
327 -140.0000000000
344 -135.0000000000
369 -133.0000000000
384 -132.0000000000
390 -130.0000000000
411 -129.0000000000
415 -127.0000000000
428 -126.0000000000
432 -125.0000000000
441 -123.0000000000
449 -121.0000000000
452 -120.0000000000
453 -116.0000000000
502 -115.0000000000
526 -114.0000000000
539 -113.0000000000
542 -112.0000000000
552 -110.0000000000
558 -109.0000000000
600 -108.0000000000
614 -107.0000000000
619 -106.0000000000
625 -105.0000000000
641 -104.0000000000
659 -99.0000000000
692 -98.0000000000
724 -97.0000000000
731 -96.0000000000
757 -94.0000000000
785 -93.0000000000
794 -92.0000000000
839 -91.0000000000
842 -90.0000000000
845 -89.0000000000
846 -88.0000000000
863 -85.0000000000
913 -84.0000000000
920 -83.0000000000
926 -82.0000000000
962 -81.0000000000
1007 -80.0000000000
1016 -79.0000000000
62968 442.0000000000
1026 -78.0000000000
1043 -77.0000000000
1051 -75.0000000000
1094 -74.0000000000
1114 -73.0000000000
1119 -72.0000000000
1122 -71.0000000000
1137 -70.0000000000
1162 -68.0000000000
1175 -66.0000000000
1222 -65.0000000000
1253 -64.0000000000
1259 -63.0000000000
1288 -62.0000000000
1303 -61.0000000000
1324 -60.0000000000
1329 -59.0000000000
1330 -58.0000000000
1375 -57.0000000000
1386 -56.0000000000
1397 -55.0000000000
1405 -54.0000000000
1415 -53.0000000000
1416 -52.0000000000
1471 -51.0000000000
1474 -50.0000000000
1488 -49.0000000000
1519 -48.0000000000
1544 -47.0000000000
1572 -46.0000000000
1586 -45.0000000000
1593 -44.0000000000
1620 -43.0000000000
1657 -42.0000000000
1689 -41.0000000000
1707 -40.0000000000
1735 -39.0000000000
1751 -38.0000000000
1770 -37.0000000000
1802 -36.0000000000
1836 -35.0000000000
1843 -34.0000000000
1879 -32.0000000000
1918 -31.0000000000
1980 -30.0000000000
1990 -29.0000000000
2022 -28.0000000000
2053 -27.0000000000
2068 -26.0000000000
2096 -25.0000000000
2122 -24.0000000000
2150 -23.0000000000
2162 -22.0000000000
2184 -21.0000000000
2253 -20.0000000000
2281 -19.0000000000
2284 -18.0000000000
2321 -17.0000000000
2356 -15.0000000000
2388 -14.0000000000
2424 -13.0000000000
2469 -12.0000000000
2501 -11.0000000000
2562 -10.0000000000
2574 -9.0000000000
2627 -8.0000000000
2635 -7.0000000000
64740 443.0000000000
2712 -6.0000000000
2779 -5.0000000000
2807 -4.0000000000
2822 -3.0000000000
2901 -2.0000000000
2947 -1.0000000000
3001 385.0000000000
3068 390.0000000000
3093 395.0000000000
3194 397.0000000000
3198 398.0000000000
3366 399.0000000000
3481 402.0000000000
3485 403.0000000000
3573 404.0000000000
3624 408.0000000000
3690 416.0000000000
3700 417.0000000000
3816 420.0000000000
4533 424.0000000000
5417 426.0000000000
7625 427.0000000000
7729 430.0000000000
70567 444.0000000000
12196 432.0000000000
15774 433.0000000000
16204 434.0000000000
16439 436.0000000000
16930 437.0000000000
100000 -1.0000000000
evaluations raw_y
1 -206.0000000000
15 -203.0000000000
29 -199.0000000000
40 -196.0000000000
44 -191.0000000000
46 -187.0000000000
51 -186.0000000000
65 -185.0000000000
80 -183.0000000000
98 -181.0000000000
110 -178.0000000000
118 -177.0000000000
119 -173.0000000000
136 -168.0000000000
141 -167.0000000000
147 -166.0000000000
152 -165.0000000000
163 -162.0000000000
169 -160.0000000000
192 -156.0000000000
202 -155.0000000000
228 -152.0000000000
250 -151.0000000000
257 -144.0000000000
295 -142.0000000000
327 -140.0000000000
344 -135.0000000000
369 -133.0000000000
384 -132.0000000000
390 -130.0000000000
411 -129.0000000000
415 -127.0000000000
428 -126.0000000000
432 -125.0000000000
441 -123.0000000000
449 -121.0000000000
452 -120.0000000000
453 -116.0000000000
502 -115.0000000000
526 -114.0000000000
539 -113.0000000000
542 -112.0000000000
552 -110.0000000000
558 -109.0000000000
600 -108.0000000000
614 -107.0000000000
619 -106.0000000000
625 -105.0000000000
641 -104.0000000000
659 -99.0000000000
692 -98.0000000000
724 -97.0000000000
731 -96.0000000000
757 -94.0000000000
785 -93.0000000000
794 -92.0000000000
839 -91.0000000000
842 -90.0000000000
845 -89.0000000000
846 -88.0000000000
863 -85.0000000000
913 -84.0000000000
920 -83.0000000000
926 -82.0000000000
962 -81.0000000000
1007 -80.0000000000
1016 -79.0000000000
1026 -78.0000000000
1043 -77.0000000000
1051 -75.0000000000
1094 -74.0000000000
1114 -73.0000000000
1119 -72.0000000000
1122 -71.0000000000
1137 -70.0000000000
1162 -68.0000000000
1175 -66.0000000000
1222 -65.0000000000
1253 -64.0000000000
1259 -63.0000000000
1288 -62.0000000000
1303 -61.0000000000
1324 -60.0000000000
1329 -59.0000000000
1330 -58.0000000000
1375 -57.0000000000
1386 -56.0000000000
1397 -55.0000000000
1405 -54.0000000000
1415 -53.0000000000
1416 -52.0000000000
1471 -51.0000000000
1474 -50.0000000000
1488 -49.0000000000
1519 -48.0000000000
1544 -47.0000000000
1572 -46.0000000000
1586 -45.0000000000
1593 -44.0000000000
1620 -43.0000000000
1657 -42.0000000000
1689 -41.0000000000
1707 -40.0000000000
1735 -39.0000000000
1751 -38.0000000000
1770 -37.0000000000
1802 -36.0000000000
1836 -35.0000000000
1843 -34.0000000000
1879 -32.0000000000
1918 -31.0000000000
1980 -30.0000000000
1990 -29.0000000000
2022 -28.0000000000
2053 -27.0000000000
2068 -26.0000000000
2096 -25.0000000000
2122 -24.0000000000
2150 -23.0000000000
2162 -22.0000000000
2184 -21.0000000000
2253 -20.0000000000
2281 -19.0000000000
2284 -18.0000000000
2321 -17.0000000000
2356 -15.0000000000
2388 -14.0000000000
2424 -13.0000000000
2469 -12.0000000000
2501 -11.0000000000
2562 -10.0000000000
2574 -9.0000000000
2627 -8.0000000000
2635 -7.0000000000
2712 -6.0000000000
2779 -5.0000000000
2807 -4.0000000000
2822 -3.0000000000
2901 -2.0000000000
2947 -1.0000000000
3001 385.0000000000
3068 390.0000000000
3093 395.0000000000
3194 397.0000000000
3198 398.0000000000
3366 399.0000000000
3481 402.0000000000
3485 403.0000000000
3573 404.0000000000
3624 408.0000000000
3690 416.0000000000
3700 417.0000000000
3816 420.0000000000
4533 424.0000000000
5417 426.0000000000
7625 427.0000000000
7729 430.0000000000
47057 439.0000000000
12196 432.0000000000
15774 433.0000000000
16204 434.0000000000
16439 436.0000000000
16930 437.0000000000
53909 440.0000000000
47057 439.0000000000
53909 440.0000000000
100000 -1.0000000000
evaluations raw_y
1 -212.0000000000
2 -195.0000000000
39 -190.0000000000
46 -186.0000000000
65 -173.0000000000
100 -169.0000000000
104 -166.0000000000
107 -165.0000000000
128 -163.0000000000
142 -155.0000000000
161 -154.0000000000
183 -153.0000000000
187 -150.0000000000
193 -149.0000000000
201 -148.0000000000
239 -147.0000000000
243 -146.0000000000
260 -143.0000000000
272 -142.0000000000
281 -141.0000000000
299 -136.0000000000
304 -135.0000000000
326 -134.0000000000
334 -133.0000000000
346 -131.0000000000
365 -130.0000000000
372 -129.0000000000
396 -128.0000000000
397 -127.0000000000
402 -126.0000000000
436 -125.0000000000
454 -122.0000000000
469 -119.0000000000
509 -117.0000000000
545 -113.0000000000
552 -112.0000000000
610 -111.0000000000
622 -110.0000000000
641 -109.0000000000
651 -108.0000000000
653 -107.0000000000
695 -106.0000000000
706 -105.0000000000
725 -104.0000000000
731 -102.0000000000
761 -100.0000000000
797 -99.0000000000
812 -97.0000000000
834 -96.0000000000
855 -95.0000000000
868 -94.0000000000
872 -92.0000000000
890 -91.0000000000
894 -90.0000000000
912 -89.0000000000
943 -88.0000000000
961 -87.0000000000
964 -85.0000000000
999 -84.0000000000
1007 -83.0000000000
1050 -82.0000000000
1051 -81.0000000000
1056 -80.0000000000
1063 -78.0000000000
1096 -77.0000000000
1104 -74.0000000000
1145 -73.0000000000
1161 -71.0000000000
1189 -70.0000000000
1228 -68.0000000000
1277 -67.0000000000
1279 -66.0000000000
1316 -63.0000000000
1321 -62.0000000000
1350 -61.0000000000
1366 -60.0000000000
1370 -59.0000000000
1382 -58.0000000000
1383 -56.0000000000
1438 -55.0000000000
1466 -54.0000000000
1495 -53.0000000000
1535 -51.0000000000
1536 -50.0000000000
1557 -48.0000000000
1621 -47.0000000000
1661 -46.0000000000
1667 -45.0000000000
1682 -44.0000000000
1742 -43.0000000000
1757 -42.0000000000
1782 -41.0000000000
1795 -40.0000000000
1798 -39.0000000000
1839 -38.0000000000
1856 -37.0000000000
1866 -36.0000000000
1932 -35.0000000000
1938 -34.0000000000
1946 -33.0000000000
2000 -32.0000000000
2040 -31.0000000000
2102 -28.0000000000
2175 -27.0000000000
2209 -26.0000000000
2216 -25.0000000000
2245 -24.0000000000
2253 -23.0000000000
2323 -21.0000000000
2359 -20.0000000000
2382 -19.0000000000
2408 -18.0000000000
2473 -16.0000000000
2523 -15.0000000000
2532 -14.0000000000
2581 -13.0000000000
2634 -12.0000000000
2641 -11.0000000000
2685 -10.0000000000
2767 -9.0000000000
2775 -8.0000000000
2822 -6.0000000000
2933 -5.0000000000
3042 -4.0000000000
3062 -3.0000000000
3067 -2.0000000000
3142 -1.0000000000
3159 400.0000000000
3385 405.0000000000
3769 408.0000000000
4157 410.0000000000
4237 411.0000000000
4241 413.0000000000
4336 419.0000000000
5094 420.0000000000
5125 423.0000000000
5162 424.0000000000
5277 425.0000000000
5318 431.0000000000
5593 432.0000000000
5652 435.0000000000
6985 437.0000000000
9432 438.0000000000
11141 439.0000000000
11633 441.0000000000
13443 443.0000000000
100000 -1.0000000000
evaluations raw_y
1 -212.0000000000
2 -195.0000000000
39 -190.0000000000
46 -186.0000000000
65 -173.0000000000
100 -169.0000000000
104 -166.0000000000
107 -165.0000000000
128 -163.0000000000
142 -155.0000000000
161 -154.0000000000
183 -153.0000000000
187 -150.0000000000
193 -149.0000000000
201 -148.0000000000
239 -147.0000000000
243 -146.0000000000
260 -143.0000000000
272 -142.0000000000
281 -141.0000000000
299 -136.0000000000
304 -135.0000000000
326 -134.0000000000
334 -133.0000000000
346 -131.0000000000
365 -130.0000000000
372 -129.0000000000
396 -128.0000000000
397 -127.0000000000
402 -126.0000000000
436 -125.0000000000
454 -122.0000000000
469 -119.0000000000
509 -117.0000000000
545 -113.0000000000
552 -112.0000000000
610 -111.0000000000
622 -110.0000000000
641 -109.0000000000
651 -108.0000000000
653 -107.0000000000
695 -106.0000000000
706 -105.0000000000
725 -104.0000000000
731 -102.0000000000
761 -100.0000000000
797 -99.0000000000
812 -97.0000000000
834 -96.0000000000
855 -95.0000000000
868 -94.0000000000
872 -92.0000000000
890 -91.0000000000
894 -90.0000000000
912 -89.0000000000
943 -88.0000000000
961 -87.0000000000
964 -85.0000000000
999 -84.0000000000
1007 -83.0000000000
1050 -82.0000000000
1051 -81.0000000000
1056 -80.0000000000
1063 -78.0000000000
1096 -77.0000000000
1104 -74.0000000000
1145 -73.0000000000
1161 -71.0000000000
1189 -70.0000000000
1228 -68.0000000000
1277 -67.0000000000
1279 -66.0000000000
1316 -63.0000000000
1321 -62.0000000000
1350 -61.0000000000
1366 -60.0000000000
1370 -59.0000000000
1382 -58.0000000000
1383 -56.0000000000
1438 -55.0000000000
1466 -54.0000000000
1495 -53.0000000000
1535 -51.0000000000
1536 -50.0000000000
1557 -48.0000000000
1621 -47.0000000000
1661 -46.0000000000
1667 -45.0000000000
1682 -44.0000000000
1742 -43.0000000000
1757 -42.0000000000
1782 -41.0000000000
1795 -40.0000000000
1798 -39.0000000000
1839 -38.0000000000
1856 -37.0000000000
1866 -36.0000000000
1932 -35.0000000000
1938 -34.0000000000
1946 -33.0000000000
2000 -32.0000000000
2040 -31.0000000000
2102 -28.0000000000
2175 -27.0000000000
2209 -26.0000000000
2216 -25.0000000000
2245 -24.0000000000
2253 -23.0000000000
2323 -21.0000000000
2359 -20.0000000000
2382 -19.0000000000
2408 -18.0000000000
2473 -16.0000000000
2523 -15.0000000000
2532 -14.0000000000
2581 -13.0000000000
2634 -12.0000000000
2641 -11.0000000000
2685 -10.0000000000
2767 -9.0000000000
2775 -8.0000000000
2822 -6.0000000000
2933 -5.0000000000
3042 -4.0000000000
3062 -3.0000000000
3067 -2.0000000000
3142 -1.0000000000
3159 400.0000000000
3385 405.0000000000
3769 408.0000000000
4157 410.0000000000
4237 411.0000000000
4241 413.0000000000
4336 419.0000000000
5094 420.0000000000
5125 423.0000000000
5162 424.0000000000
5277 425.0000000000
5318 431.0000000000
5593 432.0000000000
5652 435.0000000000
6985 437.0000000000
9432 438.0000000000
11141 439.0000000000
11633 441.0000000000
13443 443.0000000000
87641 444.0000000000
100000 -3.0000000000
87641 444.0000000000
100000 -3.0000000000
