evaluations raw_y
1 -205.0000000000
2 -204.0000000000
3 -203.0000000000
5 -202.0000000000
6 -201.0000000000
8 -200.0000000000
13 -199.0000000000
14 -198.0000000000
16 -197.0000000000
18 -196.0000000000
21 -195.0000000000
23 -194.0000000000
26 -193.0000000000
27 -192.0000000000
31 -191.0000000000
35 -190.0000000000
37 -189.0000000000
44 -188.0000000000
46 -187.0000000000
50 -186.0000000000
53 -185.0000000000
54 -184.0000000000
59 -183.0000000000
62 -182.0000000000
64 -181.0000000000
67 -180.0000000000
72 -179.0000000000
73 -178.0000000000
76 -177.0000000000
82 -176.0000000000
85 -175.0000000000
87 -174.0000000000
88 -173.0000000000
89 -172.0000000000
92 -171.0000000000
93 -170.0000000000
94 -169.0000000000
95 -168.0000000000
98 -167.0000000000
102 -166.0000000000
106 -165.0000000000
107 -164.0000000000
108 -163.0000000000
109 -162.0000000000
115 -161.0000000000
118 -160.0000000000
121 -159.0000000000
122 -158.0000000000
124 -157.0000000000
125 -156.0000000000
129 -155.0000000000
130 -154.0000000000
131 -153.0000000000
132 -152.0000000000
145 -151.0000000000
149 -150.0000000000
151 -149.0000000000
152 -148.0000000000
161 -147.0000000000
162 -146.0000000000
165 -145.0000000000
167 -144.0000000000
168 -143.0000000000
172 -142.0000000000
179 -141.0000000000
183 -140.0000000000
184 -139.0000000000
185 -138.0000000000
190 -137.0000000000
191 -136.0000000000
196 -135.0000000000
200 -134.0000000000
203 -133.0000000000
205 -132.0000000000
207 -131.0000000000
209 -130.0000000000
215 -129.0000000000
216 -128.0000000000
221 -127.0000000000
228 -126.0000000000
229 -125.0000000000
232 -124.0000000000
233 -123.0000000000
234 -122.0000000000
238 -121.0000000000
240 -120.0000000000
244 -119.0000000000
246 -118.0000000000
247 -117.0000000000
248 -116.0000000000
251 -115.0000000000
255 -114.0000000000
257 -113.0000000000
259 -112.0000000000
261 -111.0000000000
268 -110.0000000000
274 -109.0000000000
276 -108.0000000000
277 -107.0000000000
278 -106.0000000000
298 -105.0000000000
299 -104.0000000000
306 -103.0000000000
307 -102.0000000000
308 -101.0000000000
313 -100.0000000000
326 -99.0000000000
333 -98.0000000000
335 -97.0000000000
336 -96.0000000000
338 -95.0000000000
340 -94.0000000000
347 -93.0000000000
348 -92.0000000000
354 -91.0000000000
356 -90.0000000000
359 -89.0000000000
363 -88.0000000000
371 -87.0000000000
373 -86.0000000000
382 -85.0000000000
389 -84.0000000000
395 -83.0000000000
397 -82.0000000000
400 -81.0000000000
404 -80.0000000000
415 -79.0000000000
420 -78.0000000000
421 -77.0000000000
423 -76.0000000000
425 -75.0000000000
426 -74.0000000000
429 -73.0000000000
432 -72.0000000000
441 -71.0000000000
452 -70.0000000000
453 -69.0000000000
457 -68.0000000000
458 -67.0000000000
459 -66.0000000000
465 -65.0000000000
467 -64.0000000000
469 -63.0000000000
473 -62.0000000000
477 -61.0000000000
487 -60.0000000000
490 -59.0000000000
493 -58.0000000000
494 -57.0000000000
495 -56.0000000000
499 -55.0000000000
501 -54.0000000000
502 -53.0000000000
514 -52.0000000000
519 -51.0000000000
520 -50.0000000000
522 -49.0000000000
544 -48.0000000000
552 -47.0000000000
564 -46.0000000000
570 -45.0000000000
579 -44.0000000000
590 -43.0000000000
594 -42.0000000000
595 -41.0000000000
606 -40.0000000000
610 -39.0000000000
614 -38.0000000000
617 -37.0000000000
629 -36.0000000000
636 -35.0000000000
645 -34.0000000000
650 -33.0000000000
654 -32.0000000000
657 -31.0000000000
665 -30.0000000000
673 -29.0000000000
684 -28.0000000000
708 -27.0000000000
709 -26.0000000000
712 -25.0000000000
737 -24.0000000000
767 -23.0000000000
779 -22.0000000000
802 -21.0000000000
820 -20.0000000000
832 -19.0000000000
863 -18.0000000000
868 -17.0000000000
884 -16.0000000000
890 -15.0000000000
892 -14.0000000000
913 -13.0000000000
929 -12.0000000000
939 -11.0000000000
998 -10.0000000000
1001 -9.0000000000
1049 -8.0000000000
1136 -7.0000000000
1140 -6.0000000000
1171 -5.0000000000
1207 -4.0000000000
1262 -3.0000000000
1274 -2.0000000000
1283 -1.0000000000
1303 396.0000000000
100000 -1.0000000000
evaluations raw_y
1 -208.0000000000
3 -207.0000000000
4 -206.0000000000
5 -205.0000000000
6 -204.0000000000
7 -203.0000000000
8 -202.0000000000
10 -201.0000000000
11 -200.0000000000
12 -199.0000000000
13 -198.0000000000
14 -197.0000000000
15 -196.0000000000
17 -195.0000000000
18 -194.0000000000
21 -193.0000000000
23 -192.0000000000
24 -191.0000000000
26 -190.0000000000
29 -189.0000000000
31 -188.0000000000
34 -187.0000000000
35 -186.0000000000
37 -185.0000000000
40 -184.0000000000
41 -183.0000000000
43 -182.0000000000
46 -181.0000000000
49 -180.0000000000
50 -179.0000000000
54 -178.0000000000
55 -177.0000000000
58 -176.0000000000
62 -175.0000000000
63 -174.0000000000
64 -173.0000000000
68 -172.0000000000
71 -171.0000000000
72 -170.0000000000
73 -169.0000000000
74 -168.0000000000
77 -167.0000000000
78 -166.0000000000
83 -165.0000000000
84 -164.0000000000
85 -163.0000000000
86 -162.0000000000
93 -161.0000000000
95 -160.0000000000
97 -159.0000000000
100 -158.0000000000
104 -157.0000000000
106 -156.0000000000
107 -155.0000000000
111 -154.0000000000
114 -153.0000000000
116 -152.0000000000
117 -151.0000000000
118 -150.0000000000
119 -149.0000000000
121 -148.0000000000
122 -147.0000000000
129 -146.0000000000
134 -145.0000000000
135 -144.0000000000
136 -143.0000000000
139 -142.0000000000
140 -141.0000000000
143 -140.0000000000
146 -139.0000000000
147 -138.0000000000
150 -137.0000000000
151 -136.0000000000
159 -135.0000000000
161 -134.0000000000
168 -133.0000000000
171 -132.0000000000
172 -131.0000000000
173 -130.0000000000
179 -129.0000000000
185 -128.0000000000
186 -127.0000000000
194 -126.0000000000
196 -125.0000000000
197 -124.0000000000
199 -123.0000000000
201 -122.0000000000
202 -121.0000000000
205 -120.0000000000
207 -119.0000000000
210 -118.0000000000
217 -117.0000000000
226 -116.0000000000
227 -115.0000000000
231 -114.0000000000
233 -113.0000000000
243 -112.0000000000
245 -111.0000000000
248 -110.0000000000
249 -109.0000000000
250 -108.0000000000
252 -107.0000000000
256 -106.0000000000
263 -105.0000000000
270 -104.0000000000
272 -103.0000000000
275 -102.0000000000
276 -101.0000000000
280 -100.0000000000
282 -99.0000000000
283 -98.0000000000
294 -97.0000000000
298 -96.0000000000
299 -95.0000000000
300 -94.0000000000
301 -93.0000000000
304 -92.0000000000
307 -91.0000000000
318 -90.0000000000
322 -89.0000000000
325 -88.0000000000
341 -87.0000000000
349 -86.0000000000
360 -85.0000000000
361 -84.0000000000
362 -83.0000000000
368 -82.0000000000
369 -81.0000000000
370 -80.0000000000
376 -79.0000000000
379 -78.0000000000
383 -77.0000000000
384 -76.0000000000
392 -75.0000000000
400 -74.0000000000
407 -73.0000000000
412 -72.0000000000
414 -71.0000000000
418 -70.0000000000
423 -69.0000000000
431 -68.0000000000
432 -67.0000000000
437 -66.0000000000
439 -65.0000000000
451 -64.0000000000
453 -63.0000000000
456 -62.0000000000
458 -61.0000000000
459 -60.0000000000
470 -59.0000000000
484 -58.0000000000
487 -57.0000000000
489 -56.0000000000
501 -55.0000000000
505 -54.0000000000
506 -53.0000000000
511 -52.0000000000
513 -51.0000000000
514 -50.0000000000
515 -49.0000000000
549 -48.0000000000
563 -47.0000000000
571 -46.0000000000
574 -45.0000000000
575 -44.0000000000
590 -43.0000000000
605 -42.0000000000
606 -41.0000000000
607 -40.0000000000
622 -39.0000000000
626 -38.0000000000
634 -37.0000000000
640 -36.0000000000
646 -35.0000000000
662 -34.0000000000
679 -33.0000000000
691 -32.0000000000
722 -31.0000000000
730 -30.0000000000
736 -29.0000000000
749 -28.0000000000
755 -27.0000000000
764 -26.0000000000
770 -25.0000000000
785 -24.0000000000
787 -23.0000000000
804 -22.0000000000
805 -21.0000000000
816 -20.0000000000
833 -19.0000000000
836 -18.0000000000
857 -17.0000000000
859 -16.0000000000
872 -15.0000000000
918 -14.0000000000
932 -13.0000000000
934 -12.0000000000
939 -11.0000000000
946 -10.0000000000
987 -9.0000000000
991 -8.0000000000
994 -7.0000000000
1005 -6.0000000000
1008 -5.0000000000
1041 -4.0000000000
1081 -3.0000000000
1117 -2.0000000000
1203 -1.0000000000
1256 387.0000000000
100000 -1.0000000000
evaluations raw_y
1 -225.0000000000
2 -224.0000000000
3 -223.0000000000
4 -222.0000000000
8 -221.0000000000
9 -220.0000000000
10 -219.0000000000
16 -218.0000000000
18 -217.0000000000
19 -216.0000000000
21 -215.0000000000
22 -214.0000000000
25 -213.0000000000
26 -212.0000000000
29 -211.0000000000
30 -210.0000000000
32 -209.0000000000
33 -208.0000000000
36 -207.0000000000
37 -206.0000000000
38 -205.0000000000
43 -204.0000000000
44 -203.0000000000
48 -202.0000000000
53 -201.0000000000
55 -200.0000000000
57 -199.0000000000
60 -198.0000000000
62 -197.0000000000
64 -196.0000000000
65 -195.0000000000
66 -194.0000000000
68 -193.0000000000
70 -192.0000000000
73 -191.0000000000
74 -190.0000000000
75 -189.0000000000
89 -188.0000000000
90 -187.0000000000
91 -186.0000000000
92 -185.0000000000
93 -184.0000000000
94 -183.0000000000
98 -182.0000000000
103 -181.0000000000
104 -180.0000000000
106 -179.0000000000
109 -178.0000000000
113 -177.0000000000
114 -176.0000000000
116 -175.0000000000
118 -174.0000000000
120 -173.0000000000
122 -172.0000000000
123 -171.0000000000
126 -170.0000000000
127 -169.0000000000
128 -168.0000000000
130 -167.0000000000
131 -166.0000000000
132 -165.0000000000
133 -164.0000000000
137 -163.0000000000
141 -162.0000000000
147 -161.0000000000
149 -160.0000000000
151 -159.0000000000
158 -158.0000000000
160 -157.0000000000
162 -156.0000000000
164 -155.0000000000
166 -154.0000000000
168 -153.0000000000
173 -152.0000000000
174 -151.0000000000
176 -150.0000000000
180 -149.0000000000
183 -148.0000000000
186 -147.0000000000
190 -146.0000000000
191 -145.0000000000
198 -144.0000000000
199 -143.0000000000
201 -142.0000000000
202 -141.0000000000
207 -140.0000000000
208 -139.0000000000
213 -138.0000000000
214 -137.0000000000
220 -136.0000000000
224 -135.0000000000
233 -134.0000000000
234 -133.0000000000
240 -132.0000000000
248 -131.0000000000
249 -130.0000000000
253 -129.0000000000
255 -128.0000000000
256 -127.0000000000
259 -126.0000000000
262 -125.0000000000
263 -124.0000000000
264 -123.0000000000
272 -122.0000000000
274 -121.0000000000
277 -120.0000000000
284 -119.0000000000
287 -118.0000000000
294 -117.0000000000
300 -116.0000000000
309 -115.0000000000
313 -114.0000000000
315 -113.0000000000
317 -112.0000000000
319 -111.0000000000
324 -110.0000000000
333 -109.0000000000
335 -108.0000000000
337 -107.0000000000
339 -106.0000000000
342 -105.0000000000
343 -104.0000000000
346 -103.0000000000
353 -102.0000000000
355 -101.0000000000
356 -100.0000000000
361 -99.0000000000
366 -98.0000000000
373 -97.0000000000
376 -96.0000000000
388 -95.0000000000
395 -94.0000000000
403 -93.0000000000
408 -92.0000000000
414 -91.0000000000
415 -90.0000000000
421 -89.0000000000
426 -88.0000000000
428 -87.0000000000
429 -86.0000000000
435 -85.0000000000
441 -84.0000000000
442 -83.0000000000
447 -82.0000000000
452 -81.0000000000
454 -80.0000000000
461 -79.0000000000
462 -78.0000000000
467 -77.0000000000
468 -76.0000000000
469 -75.0000000000
481 -74.0000000000
482 -73.0000000000
489 -72.0000000000
491 -71.0000000000
496 -70.0000000000
498 -69.0000000000
499 -68.0000000000
512 -67.0000000000
519 -66.0000000000
521 -65.0000000000
525 -64.0000000000
527 -63.0000000000
529 -62.0000000000
534 -61.0000000000
545 -60.0000000000
555 -59.0000000000
556 -58.0000000000
557 -57.0000000000
562 -56.0000000000
563 -55.0000000000
564 -54.0000000000
570 -53.0000000000
573 -52.0000000000
598 -51.0000000000
606 -50.0000000000
607 -49.0000000000
619 -48.0000000000
634 -47.0000000000
652 -46.0000000000
690 -45.0000000000
695 -44.0000000000
700 -43.0000000000
704 -42.0000000000
727 -41.0000000000
729 -40.0000000000
739 -39.0000000000
745 -38.0000000000
751 -37.0000000000
753 -36.0000000000
755 -35.0000000000
756 -34.0000000000
773 -33.0000000000
781 -32.0000000000
839 -31.0000000000
860 -30.0000000000
875 -29.0000000000
877 -28.0000000000
919 -27.0000000000
944 -26.0000000000
954 -25.0000000000
964 -24.0000000000
966 -23.0000000000
1044 -22.0000000000
1045 -21.0000000000
1053 -20.0000000000
1060 -19.0000000000
1084 -18.0000000000
1091 -17.0000000000
1098 -16.0000000000
1101 -15.0000000000
1105 -14.0000000000
1132 -13.0000000000
1147 -12.0000000000
1150 -11.0000000000
1163 -10.0000000000
1167 -9.0000000000
1179 -8.0000000000
1180 -7.0000000000
1182 -6.0000000000
1185 -5.0000000000
1207 -4.0000000000
1227 -3.0000000000
1234 -2.0000000000
1243 -1.0000000000
1256 371.0000000000
100000 -1.0000000000
evaluations raw_y
1 -234.0000000000
2 -233.0000000000
3 -232.0000000000
4 -231.0000000000
5 -230.0000000000
7 -229.0000000000
8 -228.0000000000
9 -227.0000000000
10 -226.0000000000
11 -225.0000000000
12 -224.0000000000
14 -223.0000000000
15 -222.0000000000
16 -221.0000000000
20 -220.0000000000
23 -219.0000000000
24 -218.0000000000
28 -217.0000000000
29 -216.0000000000
30 -215.0000000000
31 -214.0000000000
32 -213.0000000000
34 -212.0000000000
35 -211.0000000000
36 -210.0000000000
41 -209.0000000000
42 -208.0000000000
43 -207.0000000000
49 -206.0000000000
51 -205.0000000000
52 -204.0000000000
56 -203.0000000000
57 -202.0000000000
58 -201.0000000000
59 -200.0000000000
62 -199.0000000000
63 -198.0000000000
66 -197.0000000000
69 -196.0000000000
70 -195.0000000000
71 -194.0000000000
72 -193.0000000000
73 -192.0000000000
74 -191.0000000000
75 -190.0000000000
78 -189.0000000000
80 -188.0000000000
81 -187.0000000000
82 -186.0000000000
84 -185.0000000000
86 -184.0000000000
90 -183.0000000000
91 -182.0000000000
93 -181.0000000000
99 -180.0000000000
100 -179.0000000000
106 -178.0000000000
107 -177.0000000000
109 -176.0000000000
111 -175.0000000000
113 -174.0000000000
115 -173.0000000000
119 -172.0000000000
121 -171.0000000000
126 -170.0000000000
127 -169.0000000000
132 -168.0000000000
135 -167.0000000000
137 -166.0000000000
139 -165.0000000000
141 -164.0000000000
142 -163.0000000000
144 -162.0000000000
147 -161.0000000000
148 -160.0000000000
151 -159.0000000000
153 -158.0000000000
154 -157.0000000000
159 -156.0000000000
162 -155.0000000000
166 -154.0000000000
167 -153.0000000000
168 -152.0000000000
170 -151.0000000000
171 -150.0000000000
172 -149.0000000000
177 -148.0000000000
182 -147.0000000000
186 -146.0000000000
188 -145.0000000000
190 -144.0000000000
192 -143.0000000000
197 -142.0000000000
198 -141.0000000000
201 -140.0000000000
206 -139.0000000000
209 -138.0000000000
213 -137.0000000000
218 -136.0000000000
219 -135.0000000000
220 -134.0000000000
221 -133.0000000000
222 -132.0000000000
225 -131.0000000000
230 -130.0000000000
233 -129.0000000000
234 -128.0000000000
235 -127.0000000000
241 -126.0000000000
243 -125.0000000000
246 -124.0000000000
248 -123.0000000000
249 -122.0000000000
251 -121.0000000000
255 -120.0000000000
258 -119.0000000000
261 -118.0000000000
268 -117.0000000000
269 -116.0000000000
270 -115.0000000000
271 -114.0000000000
273 -113.0000000000
281 -112.0000000000
284 -111.0000000000
292 -110.0000000000
293 -109.0000000000
294 -108.0000000000
301 -107.0000000000
302 -106.0000000000
304 -105.0000000000
305 -104.0000000000
317 -103.0000000000
320 -102.0000000000
321 -101.0000000000
324 -100.0000000000
327 -99.0000000000
330 -98.0000000000
332 -97.0000000000
334 -96.0000000000
335 -95.0000000000
341 -94.0000000000
343 -93.0000000000
346 -92.0000000000
353 -91.0000000000
357 -90.0000000000
360 -89.0000000000
361 -88.0000000000
362 -87.0000000000
364 -86.0000000000
370 -85.0000000000
371 -84.0000000000
374 -83.0000000000
375 -82.0000000000
380 -81.0000000000
386 -80.0000000000
388 -79.0000000000
392 -78.0000000000
394 -77.0000000000
396 -76.0000000000
401 -75.0000000000
403 -74.0000000000
411 -73.0000000000
413 -72.0000000000
420 -71.0000000000
422 -70.0000000000
441 -69.0000000000
449 -68.0000000000
457 -67.0000000000
472 -66.0000000000
474 -65.0000000000
479 -64.0000000000
484 -63.0000000000
505 -62.0000000000
509 -61.0000000000
515 -60.0000000000
529 -59.0000000000
536 -58.0000000000
538 -57.0000000000
540 -56.0000000000
545 -55.0000000000
561 -54.0000000000
575 -53.0000000000
576 -52.0000000000
578 -51.0000000000
582 -50.0000000000
585 -49.0000000000
593 -48.0000000000
595 -47.0000000000
608 -46.0000000000
609 -45.0000000000
610 -44.0000000000
613 -43.0000000000
617 -42.0000000000
620 -41.0000000000
627 -40.0000000000
663 -39.0000000000
668 -38.0000000000
674 -37.0000000000
680 -36.0000000000
682 -35.0000000000
685 -34.0000000000
690 -33.0000000000
694 -32.0000000000
697 -31.0000000000
709 -30.0000000000
750 -29.0000000000
767 -28.0000000000
771 -27.0000000000
774 -26.0000000000
776 -25.0000000000
789 -24.0000000000
818 -23.0000000000
838 -22.0000000000
847 -21.0000000000
848 -20.0000000000
854 -19.0000000000
867 -18.0000000000
884 -17.0000000000
891 -16.0000000000
897 -15.0000000000
898 -14.0000000000
906 -13.0000000000
917 -12.0000000000
945 -11.0000000000
949 -10.0000000000
984 -9.0000000000
1005 -8.0000000000
1019 -7.0000000000
1030 -6.0000000000
1064 -5.0000000000
1074 -4.0000000000
1127 -3.0000000000
1142 -2.0000000000
1193 -1.0000000000
1203 379.0000000000
100000 -1.0000000000
evaluations raw_y
1 -215.0000000000
3 -214.0000000000
4 -213.0000000000
5 -212.0000000000
12 -211.0000000000
16 -210.0000000000
17 -209.0000000000
21 -208.0000000000
23 -207.0000000000
28 -206.0000000000
29 -205.0000000000
30 -204.0000000000
31 -203.0000000000
32 -202.0000000000
33 -201.0000000000
37 -200.0000000000
38 -199.0000000000
39 -198.0000000000
40 -197.0000000000
44 -196.0000000000
46 -195.0000000000
47 -194.0000000000
48 -193.0000000000
52 -192.0000000000
53 -191.0000000000
57 -190.0000000000
60 -189.0000000000
61 -188.0000000000
62 -187.0000000000
65 -186.0000000000
67 -185.0000000000
71 -184.0000000000
73 -183.0000000000
78 -182.0000000000
83 -181.0000000000
84 -180.0000000000
87 -179.0000000000
88 -178.0000000000
89 -177.0000000000
90 -176.0000000000
91 -175.0000000000
94 -174.0000000000
108 -173.0000000000
110 -172.0000000000
114 -171.0000000000
115 -170.0000000000
119 -169.0000000000
130 -168.0000000000
132 -167.0000000000
136 -166.0000000000
138 -165.0000000000
142 -164.0000000000
143 -163.0000000000
144 -162.0000000000
145 -161.0000000000
147 -160.0000000000
155 -159.0000000000
157 -158.0000000000
160 -157.0000000000
162 -156.0000000000
168 -155.0000000000
175 -154.0000000000
176 -153.0000000000
183 -152.0000000000
189 -151.0000000000
193 -150.0000000000
198 -149.0000000000
200 -148.0000000000
203 -147.0000000000
204 -146.0000000000
205 -145.0000000000
207 -144.0000000000
209 -143.0000000000
217 -142.0000000000
223 -141.0000000000
224 -140.0000000000
227 -139.0000000000
229 -138.0000000000
230 -137.0000000000
231 -136.0000000000
232 -135.0000000000
235 -134.0000000000
236 -133.0000000000
237 -132.0000000000
239 -131.0000000000
240 -130.0000000000
241 -129.0000000000
244 -128.0000000000
247 -127.0000000000
248 -126.0000000000
251 -125.0000000000
252 -124.0000000000
255 -123.0000000000
257 -122.0000000000
262 -121.0000000000
267 -120.0000000000
271 -119.0000000000
276 -118.0000000000
279 -117.0000000000
282 -116.0000000000
283 -115.0000000000
285 -114.0000000000
296 -113.0000000000
302 -112.0000000000
305 -111.0000000000
309 -110.0000000000
321 -109.0000000000
328 -108.0000000000
334 -107.0000000000
335 -106.0000000000
336 -105.0000000000
339 -104.0000000000
341 -103.0000000000
342 -102.0000000000
343 -101.0000000000
347 -100.0000000000
348 -99.0000000000
351 -98.0000000000
352 -97.0000000000
357 -96.0000000000
365 -95.0000000000
369 -94.0000000000
371 -93.0000000000
385 -92.0000000000
386 -91.0000000000
388 -90.0000000000
395 -89.0000000000
400 -88.0000000000
404 -87.0000000000
407 -86.0000000000
411 -85.0000000000
421 -84.0000000000
423 -83.0000000000
427 -82.0000000000
430 -81.0000000000
432 -80.0000000000
433 -79.0000000000
435 -78.0000000000
438 -77.0000000000
440 -76.0000000000
447 -75.0000000000
449 -74.0000000000
452 -73.0000000000
455 -72.0000000000
456 -71.0000000000
458 -70.0000000000
464 -69.0000000000
474 -68.0000000000
478 -67.0000000000
480 -66.0000000000
507 -65.0000000000
513 -64.0000000000
517 -63.0000000000
530 -62.0000000000
536 -61.0000000000
542 -60.0000000000
544 -59.0000000000
545 -58.0000000000
546 -57.0000000000
556 -56.0000000000
557 -55.0000000000
565 -54.0000000000
573 -53.0000000000
577 -52.0000000000
579 -51.0000000000
589 -50.0000000000
591 -49.0000000000
596 -48.0000000000
608 -47.0000000000
615 -46.0000000000
617 -45.0000000000
620 -44.0000000000
623 -43.0000000000
638 -42.0000000000
656 -41.0000000000
659 -40.0000000000
661 -39.0000000000
666 -38.0000000000
667 -37.0000000000
675 -36.0000000000
699 -35.0000000000
705 -34.0000000000
720 -33.0000000000
726 -32.0000000000
748 -31.0000000000
765 -30.0000000000
768 -29.0000000000
777 -28.0000000000
782 -27.0000000000
819 -26.0000000000
830 -25.0000000000
839 -24.0000000000
841 -23.0000000000
867 -22.0000000000
876 -21.0000000000
891 -20.0000000000
892 -19.0000000000
934 -18.0000000000
952 -17.0000000000
989 -16.0000000000
1006 -15.0000000000
1020 -14.0000000000
1024 -13.0000000000
1041 -12.0000000000
1049 -11.0000000000
1091 -10.0000000000
1092 -9.0000000000
1108 -8.0000000000
1115 -7.0000000000
1135 -6.0000000000
1158 -5.0000000000
1223 -4.0000000000
1241 -3.0000000000
1268 -2.0000000000
1273 -1.0000000000
1316 379.0000000000
100000 -1.0000000000
evaluations raw_y
1 -221.0000000000
3 -220.0000000000
5 -219.0000000000
6 -218.0000000000
10 -217.0000000000
11 -216.0000000000
16 -215.0000000000
20 -214.0000000000
21 -213.0000000000
23 -212.0000000000
29 -211.0000000000
30 -210.0000000000
36 -209.0000000000
38 -208.0000000000
39 -207.0000000000
40 -206.0000000000
43 -205.0000000000
45 -204.0000000000
46 -203.0000000000
48 -202.0000000000
49 -201.0000000000
50 -200.0000000000
52 -199.0000000000
53 -198.0000000000
55 -197.0000000000
57 -196.0000000000
58 -195.0000000000
59 -194.0000000000
62 -193.0000000000
67 -192.0000000000
69 -191.0000000000
70 -190.0000000000
72 -189.0000000000
73 -188.0000000000
74 -187.0000000000
75 -186.0000000000
77 -185.0000000000
83 -184.0000000000
88 -183.0000000000
94 -182.0000000000
95 -181.0000000000
106 -180.0000000000
109 -179.0000000000
110 -178.0000000000
112 -177.0000000000
116 -176.0000000000
118 -175.0000000000
123 -174.0000000000
126 -173.0000000000
131 -172.0000000000
134 -171.0000000000
139 -170.0000000000
140 -169.0000000000
141 -168.0000000000
143 -167.0000000000
144 -166.0000000000
146 -165.0000000000
148 -164.0000000000
149 -163.0000000000
150 -162.0000000000
152 -161.0000000000
153 -160.0000000000
154 -159.0000000000
155 -158.0000000000
159 -157.0000000000
163 -156.0000000000
165 -155.0000000000
166 -154.0000000000
170 -153.0000000000
172 -152.0000000000
173 -151.0000000000
175 -150.0000000000
176 -149.0000000000
180 -148.0000000000
181 -147.0000000000
182 -146.0000000000
185 -145.0000000000
188 -144.0000000000
189 -143.0000000000
194 -142.0000000000
209 -141.0000000000
218 -140.0000000000
220 -139.0000000000
225 -138.0000000000
228 -137.0000000000
232 -136.0000000000
238 -135.0000000000
244 -134.0000000000
247 -133.0000000000
249 -132.0000000000
252 -131.0000000000
253 -130.0000000000
256 -129.0000000000
259 -128.0000000000
260 -127.0000000000
262 -126.0000000000
267 -125.0000000000
268 -124.0000000000
270 -123.0000000000
275 -122.0000000000
277 -121.0000000000
282 -120.0000000000
286 -119.0000000000
287 -118.0000000000
289 -117.0000000000
292 -116.0000000000
293 -115.0000000000
294 -114.0000000000
295 -113.0000000000
300 -112.0000000000
301 -111.0000000000
303 -110.0000000000
311 -109.0000000000
316 -108.0000000000
319 -107.0000000000
326 -106.0000000000
329 -105.0000000000
330 -104.0000000000
332 -103.0000000000
334 -102.0000000000
348 -101.0000000000
352 -100.0000000000
353 -99.0000000000
354 -98.0000000000
355 -97.0000000000
356 -96.0000000000
360 -95.0000000000
365 -94.0000000000
366 -93.0000000000
369 -92.0000000000
370 -91.0000000000
371 -90.0000000000
372 -89.0000000000
380 -88.0000000000
381 -87.0000000000
384 -86.0000000000
386 -85.0000000000
394 -84.0000000000
404 -83.0000000000
407 -82.0000000000
410 -81.0000000000
411 -80.0000000000
415 -79.0000000000
421 -78.0000000000
422 -77.0000000000
426 -76.0000000000
429 -75.0000000000
432 -74.0000000000
438 -73.0000000000
441 -72.0000000000
443 -71.0000000000
446 -70.0000000000
447 -69.0000000000
448 -68.0000000000
454 -67.0000000000
460 -66.0000000000
461 -65.0000000000
484 -64.0000000000
502 -63.0000000000
506 -62.0000000000
507 -61.0000000000
521 -60.0000000000
529 -59.0000000000
532 -58.0000000000
536 -57.0000000000
540 -56.0000000000
546 -55.0000000000
548 -54.0000000000
549 -53.0000000000
551 -52.0000000000
568 -51.0000000000
576 -50.0000000000
581 -49.0000000000
588 -48.0000000000
596 -47.0000000000
604 -46.0000000000
605 -45.0000000000
608 -44.0000000000
609 -43.0000000000
624 -42.0000000000
625 -41.0000000000
630 -40.0000000000
642 -39.0000000000
661 -38.0000000000
662 -37.0000000000
667 -36.0000000000
682 -35.0000000000
692 -34.0000000000
695 -33.0000000000
697 -32.0000000000
701 -31.0000000000
714 -30.0000000000
723 -29.0000000000
742 -28.0000000000
798 -27.0000000000
816 -26.0000000000
844 -25.0000000000
893 -24.0000000000
912 -23.0000000000
913 -22.0000000000
914 -21.0000000000
940 -20.0000000000
946 -19.0000000000
963 -18.0000000000
974 -17.0000000000
978 -16.0000000000
1060 -15.0000000000
1069 -14.0000000000
1092 -13.0000000000
1134 -12.0000000000
1151 -11.0000000000
1170 -10.0000000000
1173 -9.0000000000
1211 -8.0000000000
1237 -7.0000000000
1243 -6.0000000000
1340 -5.0000000000
1380 -4.0000000000
1428 -3.0000000000
1544 -2.0000000000
1580 -1.0000000000
1626 403.0000000000
100000 -1.0000000000
evaluations raw_y
1 -207.0000000000
2 -206.0000000000
7 -205.0000000000
8 -204.0000000000
9 -203.0000000000
10 -202.0000000000
11 -201.0000000000
15 -200.0000000000
17 -199.0000000000
20 -198.0000000000
24 -197.0000000000
25 -196.0000000000
26 -195.0000000000
27 -194.0000000000
29 -193.0000000000
32 -192.0000000000
33 -191.0000000000
34 -190.0000000000
35 -189.0000000000
36 -188.0000000000
37 -187.0000000000
38 -186.0000000000
41 -185.0000000000
42 -184.0000000000
49 -183.0000000000
50 -182.0000000000
52 -181.0000000000
53 -180.0000000000
61 -179.0000000000
66 -178.0000000000
67 -177.0000000000
68 -176.0000000000
73 -175.0000000000
76 -174.0000000000
80 -173.0000000000
88 -172.0000000000
90 -171.0000000000
91 -170.0000000000
93 -169.0000000000
94 -168.0000000000
95 -167.0000000000
96 -166.0000000000
99 -165.0000000000
108 -164.0000000000
113 -163.0000000000
114 -162.0000000000
119 -161.0000000000
120 -160.0000000000
122 -159.0000000000
123 -158.0000000000
126 -157.0000000000
128 -156.0000000000
133 -155.0000000000
135 -154.0000000000
139 -153.0000000000
141 -152.0000000000
142 -151.0000000000
149 -150.0000000000
152 -149.0000000000
156 -148.0000000000
162 -147.0000000000
163 -146.0000000000
164 -145.0000000000
167 -144.0000000000
170 -143.0000000000
171 -142.0000000000
177 -141.0000000000
183 -140.0000000000
186 -139.0000000000
188 -138.0000000000
191 -137.0000000000
192 -136.0000000000
199 -135.0000000000
201 -134.0000000000
211 -133.0000000000
212 -132.0000000000
214 -131.0000000000
217 -130.0000000000
220 -129.0000000000
221 -128.0000000000
222 -127.0000000000
223 -126.0000000000
225 -125.0000000000
237 -124.0000000000
244 -123.0000000000
249 -122.0000000000
251 -121.0000000000
253 -120.0000000000
254 -119.0000000000
257 -118.0000000000
258 -117.0000000000
259 -116.0000000000
260 -115.0000000000
265 -114.0000000000
280 -113.0000000000
282 -112.0000000000
294 -111.0000000000
298 -110.0000000000
301 -109.0000000000
304 -108.0000000000
306 -107.0000000000
309 -106.0000000000
310 -105.0000000000
314 -104.0000000000
317 -103.0000000000
323 -102.0000000000
324 -101.0000000000
325 -100.0000000000
327 -99.0000000000
329 -98.0000000000
331 -97.0000000000
333 -96.0000000000
344 -95.0000000000
348 -94.0000000000
349 -93.0000000000
353 -92.0000000000
354 -91.0000000000
362 -90.0000000000
363 -89.0000000000
368 -88.0000000000
370 -87.0000000000
374 -86.0000000000
375 -85.0000000000
380 -84.0000000000
385 -83.0000000000
387 -82.0000000000
389 -81.0000000000
393 -80.0000000000
404 -79.0000000000
415 -78.0000000000
422 -77.0000000000
426 -76.0000000000
427 -75.0000000000
436 -74.0000000000
440 -73.0000000000
441 -72.0000000000
445 -71.0000000000
458 -70.0000000000
459 -69.0000000000
464 -68.0000000000
467 -67.0000000000
470 -66.0000000000
477 -65.0000000000
485 -64.0000000000
492 -63.0000000000
498 -62.0000000000
499 -61.0000000000
501 -60.0000000000
509 -59.0000000000
522 -58.0000000000
525 -57.0000000000
527 -56.0000000000
529 -55.0000000000
534 -54.0000000000
538 -53.0000000000
542 -52.0000000000
562 -51.0000000000
564 -50.0000000000
565 -49.0000000000
566 -48.0000000000
579 -47.0000000000
582 -46.0000000000
587 -45.0000000000
589 -44.0000000000
590 -43.0000000000
593 -42.0000000000
601 -41.0000000000
606 -40.0000000000
639 -39.0000000000
640 -38.0000000000
656 -37.0000000000
657 -36.0000000000
676 -35.0000000000
679 -34.0000000000
680 -33.0000000000
694 -32.0000000000
705 -31.0000000000
708 -30.0000000000
716 -29.0000000000
727 -28.0000000000
732 -27.0000000000
745 -26.0000000000
755 -25.0000000000
758 -24.0000000000
771 -23.0000000000
792 -22.0000000000
811 -21.0000000000
815 -20.0000000000
831 -19.0000000000
836 -18.0000000000
852 -17.0000000000
854 -16.0000000000
877 -15.0000000000
905 -14.0000000000
932 -13.0000000000
947 -12.0000000000
974 -11.0000000000
978 -10.0000000000
1002 -9.0000000000
1020 -8.0000000000
1028 -7.0000000000
1039 -6.0000000000
1057 -5.0000000000
1067 -4.0000000000
1071 -3.0000000000
1079 -2.0000000000
1085 -1.0000000000
1090 375.0000000000
100000 -1.0000000000
evaluations raw_y
1 -219.0000000000
2 -218.0000000000
5 -217.0000000000
7 -216.0000000000
9 -215.0000000000
14 -214.0000000000
15 -213.0000000000
16 -212.0000000000
17 -211.0000000000
22 -210.0000000000
25 -209.0000000000
27 -208.0000000000
34 -207.0000000000
35 -206.0000000000
38 -205.0000000000
39 -204.0000000000
42 -203.0000000000
43 -202.0000000000
46 -201.0000000000
49 -200.0000000000
50 -199.0000000000
51 -198.0000000000
53 -197.0000000000
54 -196.0000000000
55 -195.0000000000
56 -194.0000000000
57 -193.0000000000
58 -192.0000000000
59 -191.0000000000
60 -190.0000000000
61 -189.0000000000
62 -188.0000000000
64 -187.0000000000
65 -186.0000000000
66 -185.0000000000
71 -184.0000000000
72 -183.0000000000
73 -182.0000000000
76 -181.0000000000
77 -180.0000000000
81 -179.0000000000
83 -178.0000000000
84 -177.0000000000
86 -176.0000000000
87 -175.0000000000
89 -174.0000000000
92 -173.0000000000
95 -172.0000000000
96 -171.0000000000
98 -170.0000000000
99 -169.0000000000
102 -168.0000000000
104 -167.0000000000
106 -166.0000000000
107 -165.0000000000
108 -164.0000000000
110 -163.0000000000
114 -162.0000000000
120 -161.0000000000
122 -160.0000000000
123 -159.0000000000
128 -158.0000000000
132 -157.0000000000
133 -156.0000000000
139 -155.0000000000
143 -154.0000000000
145 -153.0000000000
147 -152.0000000000
150 -151.0000000000
153 -150.0000000000
156 -149.0000000000
157 -148.0000000000
161 -147.0000000000
162 -146.0000000000
163 -145.0000000000
165 -144.0000000000
166 -143.0000000000
170 -142.0000000000
171 -141.0000000000
179 -140.0000000000
183 -139.0000000000
186 -138.0000000000
188 -137.0000000000
190 -136.0000000000
192 -135.0000000000
193 -134.0000000000
196 -133.0000000000
197 -132.0000000000
199 -131.0000000000
208 -130.0000000000
210 -129.0000000000
214 -128.0000000000
220 -127.0000000000
226 -126.0000000000
228 -125.0000000000
229 -124.0000000000
230 -123.0000000000
232 -122.0000000000
238 -121.0000000000
242 -120.0000000000
243 -119.0000000000
246 -118.0000000000
247 -117.0000000000
250 -116.0000000000
264 -115.0000000000
265 -114.0000000000
269 -113.0000000000
274 -112.0000000000
275 -111.0000000000
277 -110.0000000000
278 -109.0000000000
279 -108.0000000000
286 -107.0000000000
287 -106.0000000000
293 -105.0000000000
295 -104.0000000000
301 -103.0000000000
303 -102.0000000000
308 -101.0000000000
315 -100.0000000000
321 -99.0000000000
322 -98.0000000000
323 -97.0000000000
324 -96.0000000000
325 -95.0000000000
327 -94.0000000000
328 -93.0000000000
339 -92.0000000000
340 -91.0000000000
343 -90.0000000000
346 -89.0000000000
352 -88.0000000000
357 -87.0000000000
359 -86.0000000000
364 -85.0000000000
366 -84.0000000000
372 -83.0000000000
374 -82.0000000000
376 -81.0000000000
379 -80.0000000000
380 -79.0000000000
383 -78.0000000000
389 -77.0000000000
399 -76.0000000000
401 -75.0000000000
407 -74.0000000000
414 -73.0000000000
421 -72.0000000000
426 -71.0000000000
434 -70.0000000000
439 -69.0000000000
442 -68.0000000000
443 -67.0000000000
444 -66.0000000000
447 -65.0000000000
450 -64.0000000000
454 -63.0000000000
455 -62.0000000000
462 -61.0000000000
463 -60.0000000000
484 -59.0000000000
492 -58.0000000000
494 -57.0000000000
496 -56.0000000000
498 -55.0000000000
502 -54.0000000000
510 -53.0000000000
521 -52.0000000000
524 -51.0000000000
526 -50.0000000000
528 -49.0000000000
531 -48.0000000000
532 -47.0000000000
536 -46.0000000000
537 -45.0000000000
540 -44.0000000000
547 -43.0000000000
567 -42.0000000000
571 -41.0000000000
575 -40.0000000000
582 -39.0000000000
606 -38.0000000000
611 -37.0000000000
619 -36.0000000000
632 -35.0000000000
653 -34.0000000000
660 -33.0000000000
663 -32.0000000000
675 -31.0000000000
679 -30.0000000000
695 -29.0000000000
698 -28.0000000000
711 -27.0000000000
753 -26.0000000000
772 -25.0000000000
792 -24.0000000000
794 -23.0000000000
822 -22.0000000000
835 -21.0000000000
837 -20.0000000000
883 -19.0000000000
898 -18.0000000000
907 -17.0000000000
943 -16.0000000000
952 -15.0000000000
976 -14.0000000000
980 -13.0000000000
1032 -12.0000000000
1051 -11.0000000000
1064 -10.0000000000
1110 -9.0000000000
1184 -8.0000000000
1204 -7.0000000000
1211 -6.0000000000
1215 -5.0000000000
1353 -4.0000000000
1362 -3.0000000000
1409 -2.0000000000
1420 -1.0000000000
1423 377.0000000000
100000 -1.0000000000
evaluations raw_y
1 -211.0000000000
4 -210.0000000000
6 -209.0000000000
7 -208.0000000000
10 -207.0000000000
12 -206.0000000000
13 -205.0000000000
14 -204.0000000000
15 -203.0000000000
16 -202.0000000000
17 -201.0000000000
20 -200.0000000000
24 -199.0000000000
27 -198.0000000000
29 -197.0000000000
30 -196.0000000000
31 -195.0000000000
32 -194.0000000000
33 -193.0000000000
36 -192.0000000000
37 -191.0000000000
38 -190.0000000000
39 -189.0000000000
40 -188.0000000000
42 -187.0000000000
43 -186.0000000000
48 -185.0000000000
52 -184.0000000000
53 -183.0000000000
55 -182.0000000000
56 -181.0000000000
58 -180.0000000000
60 -179.0000000000
61 -178.0000000000
62 -177.0000000000
64 -176.0000000000
65 -175.0000000000
67 -174.0000000000
69 -173.0000000000
73 -172.0000000000
74 -171.0000000000
76 -170.0000000000
77 -169.0000000000
81 -168.0000000000
82 -167.0000000000
84 -166.0000000000
85 -165.0000000000
87 -164.0000000000
88 -163.0000000000
90 -162.0000000000
95 -161.0000000000
96 -160.0000000000
104 -159.0000000000
105 -158.0000000000
106 -157.0000000000
107 -156.0000000000
109 -155.0000000000
121 -154.0000000000
122 -153.0000000000
123 -152.0000000000
127 -151.0000000000
129 -150.0000000000
131 -149.0000000000
132 -148.0000000000
134 -147.0000000000
135 -146.0000000000
136 -145.0000000000
139 -144.0000000000
140 -143.0000000000
144 -142.0000000000
145 -141.0000000000
148 -140.0000000000
149 -139.0000000000
153 -138.0000000000
154 -137.0000000000
155 -136.0000000000
162 -135.0000000000
164 -134.0000000000
166 -133.0000000000
167 -132.0000000000
168 -131.0000000000
177 -130.0000000000
178 -129.0000000000
179 -128.0000000000
184 -127.0000000000
190 -126.0000000000
191 -125.0000000000
193 -124.0000000000
196 -123.0000000000
198 -122.0000000000
199 -121.0000000000
200 -120.0000000000
209 -119.0000000000
210 -118.0000000000
212 -117.0000000000
214 -116.0000000000
215 -115.0000000000
219 -114.0000000000
222 -113.0000000000
232 -112.0000000000
236 -111.0000000000
241 -110.0000000000
243 -109.0000000000
244 -108.0000000000
246 -107.0000000000
247 -106.0000000000
250 -105.0000000000
252 -104.0000000000
254 -103.0000000000
255 -102.0000000000
257 -101.0000000000
258 -100.0000000000
260 -99.0000000000
267 -98.0000000000
274 -97.0000000000
275 -96.0000000000
281 -95.0000000000
283 -94.0000000000
285 -93.0000000000
287 -92.0000000000
294 -91.0000000000
296 -90.0000000000
299 -89.0000000000
304 -88.0000000000
311 -87.0000000000
312 -86.0000000000
315 -85.0000000000
318 -84.0000000000
348 -83.0000000000
355 -82.0000000000
361 -81.0000000000
363 -80.0000000000
365 -79.0000000000
370 -78.0000000000
380 -77.0000000000
390 -76.0000000000
392 -75.0000000000
395 -74.0000000000
400 -73.0000000000
405 -72.0000000000
411 -71.0000000000
415 -70.0000000000
418 -69.0000000000
431 -68.0000000000
436 -67.0000000000
444 -66.0000000000
450 -65.0000000000
453 -64.0000000000
459 -63.0000000000
460 -62.0000000000
463 -61.0000000000
467 -60.0000000000
474 -59.0000000000
477 -58.0000000000
481 -57.0000000000
490 -56.0000000000
491 -55.0000000000
505 -54.0000000000
508 -53.0000000000
543 -52.0000000000
544 -51.0000000000
551 -50.0000000000
556 -49.0000000000
563 -48.0000000000
564 -47.0000000000
567 -46.0000000000
568 -45.0000000000
585 -44.0000000000
588 -43.0000000000
602 -42.0000000000
618 -41.0000000000
625 -40.0000000000
666 -39.0000000000
669 -38.0000000000
671 -37.0000000000
684 -36.0000000000
685 -35.0000000000
694 -34.0000000000
695 -33.0000000000
700 -32.0000000000
704 -31.0000000000
705 -30.0000000000
706 -29.0000000000
715 -28.0000000000
729 -27.0000000000
733 -26.0000000000
744 -25.0000000000
757 -24.0000000000
793 -23.0000000000
809 -22.0000000000
856 -21.0000000000
859 -20.0000000000
887 -19.0000000000
892 -18.0000000000
907 -17.0000000000
942 -16.0000000000
946 -15.0000000000
948 -14.0000000000
952 -13.0000000000
960 -12.0000000000
993 -11.0000000000
996 -10.0000000000
1017 -9.0000000000
1053 -8.0000000000
1054 -7.0000000000
1115 -6.0000000000
1156 -5.0000000000
1158 -4.0000000000
1161 -3.0000000000
1163 -2.0000000000
1216 -1.0000000000
1236 395.0000000000
100000 -1.0000000000
evaluations raw_y
1 -213.0000000000
7 -212.0000000000
11 -211.0000000000
12 -210.0000000000
18 -209.0000000000
19 -208.0000000000
21 -207.0000000000
23 -206.0000000000
24 -205.0000000000
26 -204.0000000000
27 -203.0000000000
28 -202.0000000000
29 -201.0000000000
30 -200.0000000000
32 -199.0000000000
33 -198.0000000000
36 -197.0000000000
37 -196.0000000000
40 -195.0000000000
41 -194.0000000000
46 -193.0000000000
47 -192.0000000000
50 -191.0000000000
52 -190.0000000000
53 -189.0000000000
54 -188.0000000000
57 -187.0000000000
62 -186.0000000000
66 -185.0000000000
67 -184.0000000000
70 -183.0000000000
71 -182.0000000000
76 -181.0000000000
78 -180.0000000000
79 -179.0000000000
80 -178.0000000000
81 -177.0000000000
85 -176.0000000000
88 -175.0000000000
89 -174.0000000000
92 -173.0000000000
94 -172.0000000000
95 -171.0000000000
97 -170.0000000000
101 -169.0000000000
102 -168.0000000000
110 -167.0000000000
112 -166.0000000000
113 -165.0000000000
115 -164.0000000000
117 -163.0000000000
118 -162.0000000000
120 -161.0000000000
121 -160.0000000000
122 -159.0000000000
126 -158.0000000000
129 -157.0000000000
134 -156.0000000000
136 -155.0000000000
137 -154.0000000000
141 -153.0000000000
143 -152.0000000000
145 -151.0000000000
147 -150.0000000000
149 -149.0000000000
151 -148.0000000000
155 -147.0000000000
157 -146.0000000000
158 -145.0000000000
160 -144.0000000000
162 -143.0000000000
163 -142.0000000000
171 -141.0000000000
174 -140.0000000000
176 -139.0000000000
182 -138.0000000000
183 -137.0000000000
187 -136.0000000000
188 -135.0000000000
189 -134.0000000000
195 -133.0000000000
200 -132.0000000000
201 -131.0000000000
203 -130.0000000000
204 -129.0000000000
206 -128.0000000000
209 -127.0000000000
214 -126.0000000000
217 -125.0000000000
220 -124.0000000000
227 -123.0000000000
230 -122.0000000000
240 -121.0000000000
241 -120.0000000000
248 -119.0000000000
250 -118.0000000000
252 -117.0000000000
254 -116.0000000000
265 -115.0000000000
268 -114.0000000000
273 -113.0000000000
276 -112.0000000000
277 -111.0000000000
281 -110.0000000000
283 -109.0000000000
284 -108.0000000000
286 -107.0000000000
298 -106.0000000000
303 -105.0000000000
304 -104.0000000000
310 -103.0000000000
312 -102.0000000000
315 -101.0000000000
318 -100.0000000000
320 -99.0000000000
336 -98.0000000000
338 -97.0000000000
346 -96.0000000000
357 -95.0000000000
362 -94.0000000000
367 -93.0000000000
369 -92.0000000000
370 -91.0000000000
373 -90.0000000000
375 -89.0000000000
378 -88.0000000000
380 -87.0000000000
390 -86.0000000000
392 -85.0000000000
397 -84.0000000000
405 -83.0000000000
412 -82.0000000000
419 -81.0000000000
421 -80.0000000000
422 -79.0000000000
425 -78.0000000000
432 -77.0000000000
436 -76.0000000000
438 -75.0000000000
440 -74.0000000000
446 -73.0000000000
461 -72.0000000000
463 -71.0000000000
464 -70.0000000000
473 -69.0000000000
481 -68.0000000000
482 -67.0000000000
499 -66.0000000000
501 -65.0000000000
510 -64.0000000000
514 -63.0000000000
517 -62.0000000000
522 -61.0000000000
527 -60.0000000000
534 -59.0000000000
536 -58.0000000000
537 -57.0000000000
542 -56.0000000000
543 -55.0000000000
549 -54.0000000000
566 -53.0000000000
573 -52.0000000000
579 -51.0000000000
587 -50.0000000000
588 -49.0000000000
589 -48.0000000000
601 -47.0000000000
606 -46.0000000000
609 -45.0000000000
615 -44.0000000000
617 -43.0000000000
629 -42.0000000000
634 -41.0000000000
639 -40.0000000000
643 -39.0000000000
644 -38.0000000000
646 -37.0000000000
649 -36.0000000000
651 -35.0000000000
655 -34.0000000000
668 -33.0000000000
670 -32.0000000000
677 -31.0000000000
709 -30.0000000000
719 -29.0000000000
728 -28.0000000000
729 -27.0000000000
741 -26.0000000000
762 -25.0000000000
767 -24.0000000000
786 -23.0000000000
806 -22.0000000000
814 -21.0000000000
822 -20.0000000000
841 -19.0000000000
857 -18.0000000000
872 -17.0000000000
889 -16.0000000000
894 -15.0000000000
916 -14.0000000000
919 -13.0000000000
922 -12.0000000000
923 -11.0000000000
931 -10.0000000000
950 -9.0000000000
1002 -8.0000000000
1036 -7.0000000000
1062 -6.0000000000
1066 -5.0000000000
1083 -4.0000000000
1102 -3.0000000000
1150 -2.0000000000
1171 -1.0000000000
1291 392.0000000000
100000 -1.0000000000
evaluations raw_y
1 -220.0000000000
2 -219.0000000000
3 -218.0000000000
8 -217.0000000000
9 -216.0000000000
11 -215.0000000000
12 -214.0000000000
15 -213.0000000000
16 -212.0000000000
18 -211.0000000000
19 -210.0000000000
20 -209.0000000000
21 -208.0000000000
26 -207.0000000000
27 -206.0000000000
28 -205.0000000000
30 -204.0000000000
31 -203.0000000000
33 -202.0000000000
34 -201.0000000000
36 -200.0000000000
38 -199.0000000000
40 -198.0000000000
42 -197.0000000000
44 -196.0000000000
45 -195.0000000000
46 -194.0000000000
47 -193.0000000000
48 -192.0000000000
49 -191.0000000000
52 -190.0000000000
53 -189.0000000000
62 -188.0000000000
64 -187.0000000000
65 -186.0000000000
72 -185.0000000000
73 -184.0000000000
74 -183.0000000000
76 -182.0000000000
77 -181.0000000000
80 -180.0000000000
84 -179.0000000000
85 -178.0000000000
86 -177.0000000000
92 -176.0000000000
94 -175.0000000000
95 -174.0000000000
96 -173.0000000000
98 -172.0000000000
100 -171.0000000000
113 -170.0000000000
117 -169.0000000000
121 -168.0000000000
122 -167.0000000000
124 -166.0000000000
128 -165.0000000000
129 -164.0000000000
130 -163.0000000000
131 -162.0000000000
134 -161.0000000000
135 -160.0000000000
136 -159.0000000000
138 -158.0000000000
142 -157.0000000000
143 -156.0000000000
146 -155.0000000000
148 -154.0000000000
151 -153.0000000000
152 -152.0000000000
153 -151.0000000000
155 -150.0000000000
161 -149.0000000000
168 -148.0000000000
169 -147.0000000000
170 -146.0000000000
172 -145.0000000000
176 -144.0000000000
177 -143.0000000000
178 -142.0000000000
182 -141.0000000000
185 -140.0000000000
197 -139.0000000000
198 -138.0000000000
205 -137.0000000000
206 -136.0000000000
208 -135.0000000000
213 -134.0000000000
214 -133.0000000000
216 -132.0000000000
217 -131.0000000000
222 -130.0000000000
224 -129.0000000000
233 -128.0000000000
236 -127.0000000000
238 -126.0000000000
243 -125.0000000000
244 -124.0000000000
247 -123.0000000000
248 -122.0000000000
252 -121.0000000000
256 -120.0000000000
263 -119.0000000000
264 -118.0000000000
268 -117.0000000000
285 -116.0000000000
286 -115.0000000000
290 -114.0000000000
292 -113.0000000000
295 -112.0000000000
297 -111.0000000000
304 -110.0000000000
310 -109.0000000000
314 -108.0000000000
316 -107.0000000000
318 -106.0000000000
327 -105.0000000000
329 -104.0000000000
338 -103.0000000000
340 -102.0000000000
342 -101.0000000000
343 -100.0000000000
359 -99.0000000000
360 -98.0000000000
362 -97.0000000000
363 -96.0000000000
374 -95.0000000000
381 -94.0000000000
384 -93.0000000000
391 -92.0000000000
395 -91.0000000000
407 -90.0000000000
418 -89.0000000000
422 -88.0000000000
429 -87.0000000000
438 -86.0000000000
442 -85.0000000000
444 -84.0000000000
446 -83.0000000000
449 -82.0000000000
450 -81.0000000000
466 -80.0000000000
470 -79.0000000000
475 -78.0000000000
477 -77.0000000000
479 -76.0000000000
481 -75.0000000000
484 -74.0000000000
488 -73.0000000000
493 -72.0000000000
502 -71.0000000000
508 -70.0000000000
512 -69.0000000000
519 -68.0000000000
523 -67.0000000000
524 -66.0000000000
530 -65.0000000000
532 -64.0000000000
541 -63.0000000000
543 -62.0000000000
545 -61.0000000000
551 -60.0000000000
563 -59.0000000000
567 -58.0000000000
580 -57.0000000000
587 -56.0000000000
601 -55.0000000000
606 -54.0000000000
609 -53.0000000000
610 -52.0000000000
617 -51.0000000000
628 -50.0000000000
632 -49.0000000000
633 -48.0000000000
634 -47.0000000000
650 -46.0000000000
654 -45.0000000000
655 -44.0000000000
656 -43.0000000000
662 -42.0000000000
669 -41.0000000000
673 -40.0000000000
677 -39.0000000000
680 -38.0000000000
686 -37.0000000000
693 -36.0000000000
694 -35.0000000000
695 -34.0000000000
702 -33.0000000000
724 -32.0000000000
730 -31.0000000000
738 -30.0000000000
741 -29.0000000000
766 -28.0000000000
775 -27.0000000000
781 -26.0000000000
791 -25.0000000000
831 -24.0000000000
843 -23.0000000000
890 -22.0000000000
893 -21.0000000000
913 -20.0000000000
920 -19.0000000000
926 -18.0000000000
941 -17.0000000000
942 -16.0000000000
997 -15.0000000000
1021 -14.0000000000
1059 -13.0000000000
1069 -12.0000000000
1104 -11.0000000000
1109 -10.0000000000
1129 -9.0000000000
1139 -8.0000000000
1148 -7.0000000000
1216 -6.0000000000
1220 -5.0000000000
1233 -4.0000000000
1235 -3.0000000000
1248 -2.0000000000
1289 -1.0000000000
1327 344.0000000000
100000 -1.0000000000
evaluations raw_y
1 -211.0000000000
2 -210.0000000000
3 -209.0000000000
5 -208.0000000000
7 -207.0000000000
12 -206.0000000000
13 -205.0000000000
14 -204.0000000000
15 -203.0000000000
19 -202.0000000000
20 -201.0000000000
22 -200.0000000000
23 -199.0000000000
24 -198.0000000000
25 -197.0000000000
28 -196.0000000000
29 -195.0000000000
33 -194.0000000000
36 -193.0000000000
37 -192.0000000000
38 -191.0000000000
39 -190.0000000000
42 -189.0000000000
45 -188.0000000000
46 -187.0000000000
47 -186.0000000000
49 -185.0000000000
50 -184.0000000000
53 -183.0000000000
54 -182.0000000000
56 -181.0000000000
57 -180.0000000000
60 -179.0000000000
61 -178.0000000000
62 -177.0000000000
63 -176.0000000000
67 -175.0000000000
79 -174.0000000000
81 -173.0000000000
84 -172.0000000000
86 -171.0000000000
89 -170.0000000000
91 -169.0000000000
92 -168.0000000000
93 -167.0000000000
103 -166.0000000000
116 -165.0000000000
119 -164.0000000000
123 -163.0000000000
124 -162.0000000000
126 -161.0000000000
127 -160.0000000000
128 -159.0000000000
133 -158.0000000000
135 -157.0000000000
136 -156.0000000000
137 -155.0000000000
140 -154.0000000000
148 -153.0000000000
149 -152.0000000000
152 -151.0000000000
155 -150.0000000000
156 -149.0000000000
158 -148.0000000000
165 -147.0000000000
169 -146.0000000000
173 -145.0000000000
174 -144.0000000000
177 -143.0000000000
179 -142.0000000000
182 -141.0000000000
184 -140.0000000000
188 -139.0000000000
189 -138.0000000000
193 -137.0000000000
196 -136.0000000000
198 -135.0000000000
199 -134.0000000000
202 -133.0000000000
205 -132.0000000000
207 -131.0000000000
211 -130.0000000000
217 -129.0000000000
221 -128.0000000000
226 -127.0000000000
229 -126.0000000000
233 -125.0000000000
234 -124.0000000000
235 -123.0000000000
241 -122.0000000000
242 -121.0000000000
251 -120.0000000000
258 -119.0000000000
261 -118.0000000000
268 -117.0000000000
288 -116.0000000000
290 -115.0000000000
291 -114.0000000000
297 -113.0000000000
301 -112.0000000000
303 -111.0000000000
322 -110.0000000000
323 -109.0000000000
333 -108.0000000000
343 -107.0000000000
345 -106.0000000000
353 -105.0000000000
354 -104.0000000000
356 -103.0000000000
364 -102.0000000000
366 -101.0000000000
375 -100.0000000000
376 -99.0000000000
377 -98.0000000000
378 -97.0000000000
381 -96.0000000000
385 -95.0000000000
388 -94.0000000000
389 -93.0000000000
392 -92.0000000000
396 -91.0000000000
400 -90.0000000000
405 -89.0000000000
406 -88.0000000000
411 -87.0000000000
417 -86.0000000000
418 -85.0000000000
422 -84.0000000000
426 -83.0000000000
427 -82.0000000000
431 -81.0000000000
445 -80.0000000000
453 -79.0000000000
454 -78.0000000000
456 -77.0000000000
459 -76.0000000000
463 -75.0000000000
464 -74.0000000000
465 -73.0000000000
466 -72.0000000000
473 -71.0000000000
513 -70.0000000000
521 -69.0000000000
524 -68.0000000000
528 -67.0000000000
535 -66.0000000000
536 -65.0000000000
537 -64.0000000000
543 -63.0000000000
547 -62.0000000000
548 -61.0000000000
549 -60.0000000000
567 -59.0000000000
569 -58.0000000000
577 -57.0000000000
579 -56.0000000000
581 -55.0000000000
584 -54.0000000000
592 -53.0000000000
599 -52.0000000000
605 -51.0000000000
607 -50.0000000000
617 -49.0000000000
620 -48.0000000000
625 -47.0000000000
634 -46.0000000000
646 -45.0000000000
652 -44.0000000000
666 -43.0000000000
671 -42.0000000000
696 -41.0000000000
702 -40.0000000000
706 -39.0000000000
734 -38.0000000000
736 -37.0000000000
759 -36.0000000000
769 -35.0000000000
772 -34.0000000000
790 -33.0000000000
792 -32.0000000000
798 -31.0000000000
803 -30.0000000000
832 -29.0000000000
841 -28.0000000000
847 -27.0000000000
853 -26.0000000000
861 -25.0000000000
887 -24.0000000000
888 -23.0000000000
889 -22.0000000000
901 -21.0000000000
912 -20.0000000000
950 -19.0000000000
971 -18.0000000000
976 -17.0000000000
979 -16.0000000000
989 -15.0000000000
1003 -14.0000000000
1018 -13.0000000000
1021 -12.0000000000
1043 -11.0000000000
1078 -10.0000000000
1081 -9.0000000000
1106 -8.0000000000
1113 -7.0000000000
1115 -6.0000000000
1134 -5.0000000000
1162 -4.0000000000
1179 -3.0000000000
1192 -2.0000000000
1204 -1.0000000000
1246 359.0000000000
100000 -1.0000000000
evaluations raw_y
1 -210.0000000000
3 -209.0000000000
7 -208.0000000000
9 -207.0000000000
10 -206.0000000000
11 -205.0000000000
13 -204.0000000000
15 -203.0000000000
17 -202.0000000000
18 -201.0000000000
22 -200.0000000000
23 -199.0000000000
25 -198.0000000000
27 -197.0000000000
28 -196.0000000000
31 -195.0000000000
32 -194.0000000000
34 -193.0000000000
35 -192.0000000000
37 -191.0000000000
38 -190.0000000000
39 -189.0000000000
40 -188.0000000000
42 -187.0000000000
44 -186.0000000000
45 -185.0000000000
46 -184.0000000000
49 -183.0000000000
54 -182.0000000000
57 -181.0000000000
58 -180.0000000000
59 -179.0000000000
60 -178.0000000000
63 -177.0000000000
64 -176.0000000000
67 -175.0000000000
76 -174.0000000000
84 -173.0000000000
87 -172.0000000000
88 -171.0000000000
89 -170.0000000000
90 -169.0000000000
92 -168.0000000000
93 -167.0000000000
94 -166.0000000000
95 -165.0000000000
98 -164.0000000000
102 -163.0000000000
103 -162.0000000000
109 -161.0000000000
112 -160.0000000000
113 -159.0000000000
115 -158.0000000000
118 -157.0000000000
119 -156.0000000000
121 -155.0000000000
122 -154.0000000000
127 -153.0000000000
128 -152.0000000000
129 -151.0000000000
130 -150.0000000000
132 -149.0000000000
136 -148.0000000000
139 -147.0000000000
140 -146.0000000000
149 -145.0000000000
150 -144.0000000000
151 -143.0000000000
153 -142.0000000000
155 -141.0000000000
160 -140.0000000000
174 -139.0000000000
176 -138.0000000000
177 -137.0000000000
182 -136.0000000000
190 -135.0000000000
191 -134.0000000000
192 -133.0000000000
193 -132.0000000000
197 -131.0000000000
198 -130.0000000000
199 -129.0000000000
200 -128.0000000000
201 -127.0000000000
202 -126.0000000000
203 -125.0000000000
204 -124.0000000000
209 -123.0000000000
212 -122.0000000000
217 -121.0000000000
219 -120.0000000000
221 -119.0000000000
225 -118.0000000000
227 -117.0000000000
228 -116.0000000000
229 -115.0000000000
230 -114.0000000000
232 -113.0000000000
234 -112.0000000000
236 -111.0000000000
244 -110.0000000000
246 -109.0000000000
250 -108.0000000000
254 -107.0000000000
266 -106.0000000000
271 -105.0000000000
272 -104.0000000000
278 -103.0000000000
286 -102.0000000000
293 -101.0000000000
298 -100.0000000000
299 -99.0000000000
301 -98.0000000000
312 -97.0000000000
314 -96.0000000000
320 -95.0000000000
332 -94.0000000000
333 -93.0000000000
334 -92.0000000000
338 -91.0000000000
339 -90.0000000000
340 -89.0000000000
343 -88.0000000000
355 -87.0000000000
356 -86.0000000000
357 -85.0000000000
360 -84.0000000000
364 -83.0000000000
366 -82.0000000000
367 -81.0000000000
371 -80.0000000000
380 -79.0000000000
381 -78.0000000000
382 -77.0000000000
385 -76.0000000000
386 -75.0000000000
388 -74.0000000000
391 -73.0000000000
392 -72.0000000000
398 -71.0000000000
399 -70.0000000000
442 -69.0000000000
443 -68.0000000000
450 -67.0000000000
455 -66.0000000000
456 -65.0000000000
467 -64.0000000000
477 -63.0000000000
478 -62.0000000000
481 -61.0000000000
485 -60.0000000000
495 -59.0000000000
507 -58.0000000000
510 -57.0000000000
511 -56.0000000000
513 -55.0000000000
517 -54.0000000000
523 -53.0000000000
524 -52.0000000000
535 -51.0000000000
538 -50.0000000000
570 -49.0000000000
573 -48.0000000000
583 -47.0000000000
585 -46.0000000000
592 -45.0000000000
596 -44.0000000000
603 -43.0000000000
629 -42.0000000000
637 -41.0000000000
640 -40.0000000000
641 -39.0000000000
645 -38.0000000000
668 -37.0000000000
671 -36.0000000000
704 -35.0000000000
712 -34.0000000000
715 -33.0000000000
721 -32.0000000000
731 -31.0000000000
735 -30.0000000000
739 -29.0000000000
741 -28.0000000000
770 -27.0000000000
774 -26.0000000000
796 -25.0000000000
807 -24.0000000000
842 -23.0000000000
844 -22.0000000000
848 -21.0000000000
856 -20.0000000000
875 -19.0000000000
881 -18.0000000000
885 -17.0000000000
887 -16.0000000000
901 -15.0000000000
902 -14.0000000000
918 -13.0000000000
922 -12.0000000000
935 -11.0000000000
975 -10.0000000000
1015 -9.0000000000
1016 -8.0000000000
1021 -7.0000000000
1026 -6.0000000000
1119 -5.0000000000
1150 -4.0000000000
1195 -3.0000000000
1208 -2.0000000000
1222 -1.0000000000
1295 366.0000000000
100000 -1.0000000000
evaluations raw_y
1 -203.0000000000
2 -202.0000000000
8 -201.0000000000
9 -200.0000000000
11 -199.0000000000
14 -198.0000000000
16 -197.0000000000
17 -196.0000000000
18 -195.0000000000
20 -194.0000000000
22 -193.0000000000
23 -192.0000000000
24 -191.0000000000
29 -190.0000000000
32 -189.0000000000
36 -188.0000000000
37 -187.0000000000
38 -186.0000000000
43 -185.0000000000
44 -184.0000000000
49 -183.0000000000
51 -182.0000000000
53 -181.0000000000
55 -180.0000000000
63 -179.0000000000
65 -178.0000000000
66 -177.0000000000
67 -176.0000000000
68 -175.0000000000
71 -174.0000000000
76 -173.0000000000
78 -172.0000000000
81 -171.0000000000
82 -170.0000000000
85 -169.0000000000
87 -168.0000000000
88 -167.0000000000
91 -166.0000000000
92 -165.0000000000
93 -164.0000000000
98 -163.0000000000
100 -162.0000000000
101 -161.0000000000
102 -160.0000000000
104 -159.0000000000
106 -158.0000000000
107 -157.0000000000
111 -156.0000000000
113 -155.0000000000
114 -154.0000000000
115 -153.0000000000
116 -152.0000000000
119 -151.0000000000
121 -150.0000000000
124 -149.0000000000
128 -148.0000000000
129 -147.0000000000
138 -146.0000000000
146 -145.0000000000
147 -144.0000000000
152 -143.0000000000
154 -142.0000000000
157 -141.0000000000
160 -140.0000000000
166 -139.0000000000
168 -138.0000000000
175 -137.0000000000
183 -136.0000000000
186 -135.0000000000
188 -134.0000000000
194 -133.0000000000
200 -132.0000000000
208 -131.0000000000
210 -130.0000000000
212 -129.0000000000
218 -128.0000000000
219 -127.0000000000
224 -126.0000000000
226 -125.0000000000
230 -124.0000000000
236 -123.0000000000
237 -122.0000000000
238 -121.0000000000
240 -120.0000000000
243 -119.0000000000
244 -118.0000000000
251 -117.0000000000
254 -116.0000000000
255 -115.0000000000
262 -114.0000000000
265 -113.0000000000
269 -112.0000000000
277 -111.0000000000
280 -110.0000000000
282 -109.0000000000
290 -108.0000000000
295 -107.0000000000
296 -106.0000000000
299 -105.0000000000
301 -104.0000000000
303 -103.0000000000
310 -102.0000000000
316 -101.0000000000
317 -100.0000000000
320 -99.0000000000
322 -98.0000000000
325 -97.0000000000
327 -96.0000000000
333 -95.0000000000
334 -94.0000000000
343 -93.0000000000
349 -92.0000000000
350 -91.0000000000
352 -90.0000000000
357 -89.0000000000
358 -88.0000000000
362 -87.0000000000
372 -86.0000000000
376 -85.0000000000
379 -84.0000000000
383 -83.0000000000
387 -82.0000000000
392 -81.0000000000
395 -80.0000000000
400 -79.0000000000
405 -78.0000000000
411 -77.0000000000
421 -76.0000000000
431 -75.0000000000
432 -74.0000000000
445 -73.0000000000
446 -72.0000000000
448 -71.0000000000
460 -70.0000000000
463 -69.0000000000
475 -68.0000000000
477 -67.0000000000
480 -66.0000000000
482 -65.0000000000
488 -64.0000000000
491 -63.0000000000
505 -62.0000000000
535 -61.0000000000
547 -60.0000000000
555 -59.0000000000
559 -58.0000000000
560 -57.0000000000
564 -56.0000000000
569 -55.0000000000
572 -54.0000000000
595 -53.0000000000
614 -52.0000000000
627 -51.0000000000
641 -50.0000000000
645 -49.0000000000
646 -48.0000000000
647 -47.0000000000
649 -46.0000000000
652 -45.0000000000
669 -44.0000000000
670 -43.0000000000
676 -42.0000000000
679 -41.0000000000
691 -40.0000000000
703 -39.0000000000
710 -38.0000000000
712 -37.0000000000
736 -36.0000000000
756 -35.0000000000
774 -34.0000000000
776 -33.0000000000
782 -32.0000000000
783 -31.0000000000
817 -30.0000000000
818 -29.0000000000
872 -28.0000000000
879 -27.0000000000
900 -26.0000000000
905 -25.0000000000
906 -24.0000000000
911 -23.0000000000
944 -22.0000000000
958 -21.0000000000
965 -20.0000000000
980 -19.0000000000
1012 -18.0000000000
1065 -17.0000000000
1069 -16.0000000000
1073 -15.0000000000
1095 -14.0000000000
1145 -13.0000000000
1155 -12.0000000000
1158 -11.0000000000
1161 -10.0000000000
1167 -9.0000000000
1181 -8.0000000000
1251 -7.0000000000
1272 -6.0000000000
1275 -5.0000000000
1310 -4.0000000000
1441 -3.0000000000
1470 -2.0000000000
1490 -1.0000000000
1714 383.0000000000
100000 -1.0000000000
evaluations raw_y
1 -231.0000000000
8 -230.0000000000
9 -229.0000000000
10 -228.0000000000
11 -227.0000000000
13 -226.0000000000
16 -225.0000000000
21 -224.0000000000
25 -223.0000000000
29 -222.0000000000
30 -221.0000000000
31 -220.0000000000
34 -219.0000000000
38 -218.0000000000
40 -217.0000000000
41 -216.0000000000
42 -215.0000000000
43 -214.0000000000
44 -213.0000000000
46 -212.0000000000
49 -211.0000000000
51 -210.0000000000
52 -209.0000000000
53 -208.0000000000
54 -207.0000000000
56 -206.0000000000
58 -205.0000000000
59 -204.0000000000
61 -203.0000000000
63 -202.0000000000
66 -201.0000000000
68 -200.0000000000
69 -199.0000000000
70 -198.0000000000
75 -197.0000000000
76 -196.0000000000
83 -195.0000000000
85 -194.0000000000
86 -193.0000000000
87 -192.0000000000
88 -191.0000000000
91 -190.0000000000
92 -189.0000000000
95 -188.0000000000
99 -187.0000000000
101 -186.0000000000
102 -185.0000000000
103 -184.0000000000
104 -183.0000000000
106 -182.0000000000
109 -181.0000000000
110 -180.0000000000
111 -179.0000000000
112 -178.0000000000
115 -177.0000000000
116 -176.0000000000
118 -175.0000000000
120 -174.0000000000
121 -173.0000000000
127 -172.0000000000
128 -171.0000000000
129 -170.0000000000
130 -169.0000000000
131 -168.0000000000
133 -167.0000000000
141 -166.0000000000
146 -165.0000000000
147 -164.0000000000
148 -163.0000000000
156 -162.0000000000
158 -161.0000000000
160 -160.0000000000
161 -159.0000000000
163 -158.0000000000
166 -157.0000000000
167 -156.0000000000
168 -155.0000000000
172 -154.0000000000
174 -153.0000000000
178 -152.0000000000
189 -151.0000000000
191 -150.0000000000
193 -149.0000000000
196 -148.0000000000
201 -147.0000000000
206 -146.0000000000
207 -145.0000000000
213 -144.0000000000
218 -143.0000000000
220 -142.0000000000
221 -141.0000000000
222 -140.0000000000
223 -139.0000000000
228 -138.0000000000
229 -137.0000000000
231 -136.0000000000
237 -135.0000000000
238 -134.0000000000
240 -133.0000000000
246 -132.0000000000
253 -131.0000000000
257 -130.0000000000
259 -129.0000000000
263 -128.0000000000
264 -127.0000000000
266 -126.0000000000
268 -125.0000000000
269 -124.0000000000
275 -123.0000000000
282 -122.0000000000
284 -121.0000000000
285 -120.0000000000
286 -119.0000000000
288 -118.0000000000
290 -117.0000000000
291 -116.0000000000
292 -115.0000000000
293 -114.0000000000
295 -113.0000000000
298 -112.0000000000
302 -111.0000000000
304 -110.0000000000
305 -109.0000000000
306 -108.0000000000
310 -107.0000000000
314 -106.0000000000
328 -105.0000000000
330 -104.0000000000
331 -103.0000000000
333 -102.0000000000
337 -101.0000000000
345 -100.0000000000
348 -99.0000000000
350 -98.0000000000
351 -97.0000000000
352 -96.0000000000
354 -95.0000000000
364 -94.0000000000
366 -93.0000000000
373 -92.0000000000
375 -91.0000000000
379 -90.0000000000
380 -89.0000000000
390 -88.0000000000
396 -87.0000000000
400 -86.0000000000
401 -85.0000000000
404 -84.0000000000
408 -83.0000000000
409 -82.0000000000
420 -81.0000000000
424 -80.0000000000
427 -79.0000000000
439 -78.0000000000
443 -77.0000000000
444 -76.0000000000
451 -75.0000000000
454 -74.0000000000
456 -73.0000000000
457 -72.0000000000
458 -71.0000000000
462 -70.0000000000
463 -69.0000000000
470 -68.0000000000
479 -67.0000000000
485 -66.0000000000
488 -65.0000000000
489 -64.0000000000
494 -63.0000000000
495 -62.0000000000
497 -61.0000000000
501 -60.0000000000
504 -59.0000000000
509 -58.0000000000
516 -57.0000000000
520 -56.0000000000
523 -55.0000000000
525 -54.0000000000
544 -53.0000000000
550 -52.0000000000
552 -51.0000000000
555 -50.0000000000
570 -49.0000000000
576 -48.0000000000
580 -47.0000000000
583 -46.0000000000
586 -45.0000000000
596 -44.0000000000
597 -43.0000000000
615 -42.0000000000
620 -41.0000000000
640 -40.0000000000
642 -39.0000000000
657 -38.0000000000
659 -37.0000000000
666 -36.0000000000
672 -35.0000000000
675 -34.0000000000
685 -33.0000000000
716 -32.0000000000
733 -31.0000000000
735 -30.0000000000
749 -29.0000000000
773 -28.0000000000
775 -27.0000000000
777 -26.0000000000
780 -25.0000000000
783 -24.0000000000
796 -23.0000000000
799 -22.0000000000
809 -21.0000000000
829 -20.0000000000
844 -19.0000000000
845 -18.0000000000
847 -17.0000000000
870 -16.0000000000
882 -15.0000000000
883 -14.0000000000
897 -13.0000000000
904 -12.0000000000
920 -11.0000000000
934 -10.0000000000
975 -9.0000000000
993 -8.0000000000
1056 -7.0000000000
1060 -6.0000000000
1087 -5.0000000000
1106 -4.0000000000
1159 -3.0000000000
1200 -2.0000000000
1201 -1.0000000000
1211 385.0000000000
100000 -1.0000000000
evaluations raw_y
1 -198.0000000000
2 -197.0000000000
5 -196.0000000000
6 -195.0000000000
8 -194.0000000000
11 -193.0000000000
14 -192.0000000000
15 -191.0000000000
17 -190.0000000000
19 -189.0000000000
24 -188.0000000000
25 -187.0000000000
26 -186.0000000000
27 -185.0000000000
29 -184.0000000000
30 -183.0000000000
37 -182.0000000000
41 -181.0000000000
50 -180.0000000000
52 -179.0000000000
56 -178.0000000000
58 -177.0000000000
59 -176.0000000000
62 -175.0000000000
63 -174.0000000000
64 -173.0000000000
65 -172.0000000000
67 -171.0000000000
69 -170.0000000000
71 -169.0000000000
75 -168.0000000000
76 -167.0000000000
82 -166.0000000000
86 -165.0000000000
87 -164.0000000000
89 -163.0000000000
93 -162.0000000000
99 -161.0000000000
101 -160.0000000000
106 -159.0000000000
107 -158.0000000000
108 -157.0000000000
113 -156.0000000000
115 -155.0000000000
117 -154.0000000000
121 -153.0000000000
122 -152.0000000000
124 -151.0000000000
127 -150.0000000000
129 -149.0000000000
130 -148.0000000000
131 -147.0000000000
136 -146.0000000000
139 -145.0000000000
147 -144.0000000000
151 -143.0000000000
152 -142.0000000000
155 -141.0000000000
156 -140.0000000000
163 -139.0000000000
167 -138.0000000000
170 -137.0000000000
172 -136.0000000000
176 -135.0000000000
184 -134.0000000000
199 -133.0000000000
200 -132.0000000000
203 -131.0000000000
205 -130.0000000000
209 -129.0000000000
211 -128.0000000000
212 -127.0000000000
220 -126.0000000000
224 -125.0000000000
226 -124.0000000000
227 -123.0000000000
230 -122.0000000000
231 -121.0000000000
237 -120.0000000000
239 -119.0000000000
243 -118.0000000000
250 -117.0000000000
251 -116.0000000000
254 -115.0000000000
258 -114.0000000000
259 -113.0000000000
260 -112.0000000000
264 -111.0000000000
266 -110.0000000000
267 -109.0000000000
268 -108.0000000000
273 -107.0000000000
277 -106.0000000000
281 -105.0000000000
282 -104.0000000000
285 -103.0000000000
287 -102.0000000000
291 -101.0000000000
296 -100.0000000000
297 -99.0000000000
300 -98.0000000000
307 -97.0000000000
308 -96.0000000000
309 -95.0000000000
312 -94.0000000000
317 -93.0000000000
322 -92.0000000000
323 -91.0000000000
324 -90.0000000000
328 -89.0000000000
333 -88.0000000000
347 -87.0000000000
349 -86.0000000000
353 -85.0000000000
358 -84.0000000000
372 -83.0000000000
379 -82.0000000000
380 -81.0000000000
389 -80.0000000000
396 -79.0000000000
405 -78.0000000000
420 -77.0000000000
423 -76.0000000000
430 -75.0000000000
448 -74.0000000000
450 -73.0000000000
462 -72.0000000000
464 -71.0000000000
471 -70.0000000000
473 -69.0000000000
474 -68.0000000000
477 -67.0000000000
480 -66.0000000000
483 -65.0000000000
484 -64.0000000000
487 -63.0000000000
494 -62.0000000000
498 -61.0000000000
500 -60.0000000000
508 -59.0000000000
509 -58.0000000000
514 -57.0000000000
520 -56.0000000000
523 -55.0000000000
525 -54.0000000000
534 -53.0000000000
549 -52.0000000000
551 -51.0000000000
554 -50.0000000000
568 -49.0000000000
572 -48.0000000000
574 -47.0000000000
590 -46.0000000000
612 -45.0000000000
613 -44.0000000000
628 -43.0000000000
630 -42.0000000000
637 -41.0000000000
638 -40.0000000000
642 -39.0000000000
664 -38.0000000000
669 -37.0000000000
675 -36.0000000000
681 -35.0000000000
705 -34.0000000000
709 -33.0000000000
724 -32.0000000000
739 -31.0000000000
766 -30.0000000000
786 -29.0000000000
798 -28.0000000000
801 -27.0000000000
829 -26.0000000000
836 -25.0000000000
839 -24.0000000000
857 -23.0000000000
890 -22.0000000000
892 -21.0000000000
1004 -20.0000000000
1042 -19.0000000000
1067 -18.0000000000
1081 -17.0000000000
1170 -16.0000000000
1180 -15.0000000000
1189 -14.0000000000
1200 -13.0000000000
1218 -12.0000000000
1221 -11.0000000000
1239 -10.0000000000
1254 -9.0000000000
1286 -8.0000000000
1293 -7.0000000000
1336 -6.0000000000
1399 -5.0000000000
1401 -4.0000000000
1438 -3.0000000000
1485 -2.0000000000
1513 -1.0000000000
1529 378.0000000000
100000 -1.0000000000
evaluations raw_y
1 -225.0000000000
6 -224.0000000000
8 -223.0000000000
10 -222.0000000000
12 -221.0000000000
13 -220.0000000000
16 -219.0000000000
17 -218.0000000000
21 -217.0000000000
22 -216.0000000000
23 -215.0000000000
24 -214.0000000000
28 -213.0000000000
34 -212.0000000000
37 -211.0000000000
40 -210.0000000000
42 -209.0000000000
43 -208.0000000000
44 -207.0000000000
45 -206.0000000000
46 -205.0000000000
48 -204.0000000000
49 -203.0000000000
57 -202.0000000000
60 -201.0000000000
61 -200.0000000000
62 -199.0000000000
67 -198.0000000000
68 -197.0000000000
70 -196.0000000000
72 -195.0000000000
74 -194.0000000000
75 -193.0000000000
77 -192.0000000000
79 -191.0000000000
80 -190.0000000000
81 -189.0000000000
82 -188.0000000000
83 -187.0000000000
84 -186.0000000000
86 -185.0000000000
89 -184.0000000000
91 -183.0000000000
92 -182.0000000000
93 -181.0000000000
94 -180.0000000000
97 -179.0000000000
98 -178.0000000000
102 -177.0000000000
104 -176.0000000000
108 -175.0000000000
109 -174.0000000000
110 -173.0000000000
111 -172.0000000000
112 -171.0000000000
113 -170.0000000000
116 -169.0000000000
117 -168.0000000000
120 -167.0000000000
124 -166.0000000000
130 -165.0000000000
131 -164.0000000000
134 -163.0000000000
135 -162.0000000000
137 -161.0000000000
139 -160.0000000000
141 -159.0000000000
143 -158.0000000000
150 -157.0000000000
152 -156.0000000000
153 -155.0000000000
154 -154.0000000000
159 -153.0000000000
161 -152.0000000000
163 -151.0000000000
164 -150.0000000000
166 -149.0000000000
170 -148.0000000000
171 -147.0000000000
173 -146.0000000000
174 -145.0000000000
177 -144.0000000000
179 -143.0000000000
180 -142.0000000000
184 -141.0000000000
185 -140.0000000000
190 -139.0000000000
192 -138.0000000000
194 -137.0000000000
200 -136.0000000000
201 -135.0000000000
205 -134.0000000000
207 -133.0000000000
216 -132.0000000000
220 -131.0000000000
223 -130.0000000000
224 -129.0000000000
225 -128.0000000000
233 -127.0000000000
237 -126.0000000000
239 -125.0000000000
246 -124.0000000000
248 -123.0000000000
257 -122.0000000000
262 -121.0000000000
264 -120.0000000000
265 -119.0000000000
267 -118.0000000000
268 -117.0000000000
276 -116.0000000000
280 -115.0000000000
281 -114.0000000000
284 -113.0000000000
286 -112.0000000000
304 -111.0000000000
317 -110.0000000000
321 -109.0000000000
325 -108.0000000000
327 -107.0000000000
328 -106.0000000000
330 -105.0000000000
334 -104.0000000000
335 -103.0000000000
337 -102.0000000000
343 -101.0000000000
345 -100.0000000000
347 -99.0000000000
353 -98.0000000000
355 -97.0000000000
356 -96.0000000000
371 -95.0000000000
376 -94.0000000000
377 -93.0000000000
381 -92.0000000000
386 -91.0000000000
387 -90.0000000000
388 -89.0000000000
389 -88.0000000000
391 -87.0000000000
396 -86.0000000000
398 -85.0000000000
400 -84.0000000000
405 -83.0000000000
406 -82.0000000000
414 -81.0000000000
416 -80.0000000000
419 -79.0000000000
433 -78.0000000000
442 -77.0000000000
446 -76.0000000000
450 -75.0000000000
453 -74.0000000000
454 -73.0000000000
455 -72.0000000000
456 -71.0000000000
457 -70.0000000000
458 -69.0000000000
463 -68.0000000000
464 -67.0000000000
476 -66.0000000000
481 -65.0000000000
483 -64.0000000000
485 -63.0000000000
499 -62.0000000000
512 -61.0000000000
515 -60.0000000000
518 -59.0000000000
523 -58.0000000000
524 -57.0000000000
528 -56.0000000000
531 -55.0000000000
539 -54.0000000000
563 -53.0000000000
578 -52.0000000000
585 -51.0000000000
587 -50.0000000000
588 -49.0000000000
600 -48.0000000000
601 -47.0000000000
604 -46.0000000000
619 -45.0000000000
626 -44.0000000000
627 -43.0000000000
628 -42.0000000000
650 -41.0000000000
655 -40.0000000000
657 -39.0000000000
667 -38.0000000000
668 -37.0000000000
669 -36.0000000000
671 -35.0000000000
673 -34.0000000000
695 -33.0000000000
703 -32.0000000000
731 -31.0000000000
757 -30.0000000000
760 -29.0000000000
764 -28.0000000000
765 -27.0000000000
799 -26.0000000000
810 -25.0000000000
824 -24.0000000000
836 -23.0000000000
839 -22.0000000000
857 -21.0000000000
875 -20.0000000000
931 -19.0000000000
999 -18.0000000000
1003 -17.0000000000
1023 -16.0000000000
1031 -15.0000000000
1036 -14.0000000000
1047 -13.0000000000
1051 -12.0000000000
1081 -11.0000000000
1147 -10.0000000000
1179 -9.0000000000
1191 -8.0000000000
1213 -7.0000000000
1233 -6.0000000000
1250 -5.0000000000
1258 -4.0000000000
1425 -3.0000000000
1443 -2.0000000000
1448 -1.0000000000
1507 379.0000000000
100000 -1.0000000000
evaluations raw_y
1 -226.0000000000
2 -225.0000000000
3 -224.0000000000
4 -223.0000000000
7 -222.0000000000
9 -221.0000000000
12 -220.0000000000
14 -219.0000000000
15 -218.0000000000
16 -217.0000000000
19 -216.0000000000
20 -215.0000000000
21 -214.0000000000
22 -213.0000000000
24 -212.0000000000
27 -211.0000000000
28 -210.0000000000
32 -209.0000000000
33 -208.0000000000
37 -207.0000000000
42 -206.0000000000
44 -205.0000000000
45 -204.0000000000
46 -203.0000000000
49 -202.0000000000
54 -201.0000000000
56 -200.0000000000
62 -199.0000000000
63 -198.0000000000
66 -197.0000000000
67 -196.0000000000
68 -195.0000000000
71 -194.0000000000
72 -193.0000000000
74 -192.0000000000
76 -191.0000000000
78 -190.0000000000
80 -189.0000000000
84 -188.0000000000
87 -187.0000000000
88 -186.0000000000
90 -185.0000000000
91 -184.0000000000
92 -183.0000000000
93 -182.0000000000
95 -181.0000000000
96 -180.0000000000
97 -179.0000000000
101 -178.0000000000
104 -177.0000000000
105 -176.0000000000
107 -175.0000000000
108 -174.0000000000
109 -173.0000000000
110 -172.0000000000
111 -171.0000000000
112 -170.0000000000
113 -169.0000000000
117 -168.0000000000
118 -167.0000000000
119 -166.0000000000
120 -165.0000000000
128 -164.0000000000
130 -163.0000000000
131 -162.0000000000
136 -161.0000000000
139 -160.0000000000
141 -159.0000000000
142 -158.0000000000
145 -157.0000000000
147 -156.0000000000
148 -155.0000000000
149 -154.0000000000
151 -153.0000000000
153 -152.0000000000
155 -151.0000000000
157 -150.0000000000
162 -149.0000000000
163 -148.0000000000
169 -147.0000000000
174 -146.0000000000
180 -145.0000000000
185 -144.0000000000
186 -143.0000000000
188 -142.0000000000
189 -141.0000000000
194 -140.0000000000
198 -139.0000000000
199 -138.0000000000
208 -137.0000000000
210 -136.0000000000
211 -135.0000000000
216 -134.0000000000
217 -133.0000000000
220 -132.0000000000
228 -131.0000000000
229 -130.0000000000
230 -129.0000000000
233 -128.0000000000
237 -127.0000000000
240 -126.0000000000
242 -125.0000000000
244 -124.0000000000
245 -123.0000000000
247 -122.0000000000
251 -121.0000000000
252 -120.0000000000
253 -119.0000000000
256 -118.0000000000
259 -117.0000000000
260 -116.0000000000
263 -115.0000000000
265 -114.0000000000
268 -113.0000000000
272 -112.0000000000
278 -111.0000000000
282 -110.0000000000
291 -109.0000000000
295 -108.0000000000
304 -107.0000000000
307 -106.0000000000
308 -105.0000000000
311 -104.0000000000
323 -103.0000000000
324 -102.0000000000
337 -101.0000000000
338 -100.0000000000
344 -99.0000000000
351 -98.0000000000
353 -97.0000000000
357 -96.0000000000
367 -95.0000000000
368 -94.0000000000
372 -93.0000000000
373 -92.0000000000
376 -91.0000000000
382 -90.0000000000
384 -89.0000000000
388 -88.0000000000
391 -87.0000000000
394 -86.0000000000
396 -85.0000000000
398 -84.0000000000
402 -83.0000000000
408 -82.0000000000
417 -81.0000000000
421 -80.0000000000
429 -79.0000000000
430 -78.0000000000
452 -77.0000000000
456 -76.0000000000
460 -75.0000000000
473 -74.0000000000
475 -73.0000000000
479 -72.0000000000
493 -71.0000000000
520 -70.0000000000
528 -69.0000000000
531 -68.0000000000
532 -67.0000000000
535 -66.0000000000
536 -65.0000000000
539 -64.0000000000
545 -63.0000000000
550 -62.0000000000
553 -61.0000000000
560 -60.0000000000
561 -59.0000000000
564 -58.0000000000
568 -57.0000000000
573 -56.0000000000
583 -55.0000000000
593 -54.0000000000
597 -53.0000000000
600 -52.0000000000
606 -51.0000000000
631 -50.0000000000
632 -49.0000000000
645 -48.0000000000
648 -47.0000000000
658 -46.0000000000
660 -45.0000000000
679 -44.0000000000
685 -43.0000000000
689 -42.0000000000
696 -41.0000000000
708 -40.0000000000
715 -39.0000000000
722 -38.0000000000
733 -37.0000000000
744 -36.0000000000
787 -35.0000000000
794 -34.0000000000
815 -33.0000000000
823 -32.0000000000
838 -31.0000000000
839 -30.0000000000
849 -29.0000000000
858 -28.0000000000
867 -27.0000000000
883 -26.0000000000
893 -25.0000000000
907 -24.0000000000
917 -23.0000000000
921 -22.0000000000
925 -21.0000000000
937 -20.0000000000
938 -19.0000000000
939 -18.0000000000
945 -17.0000000000
953 -16.0000000000
954 -15.0000000000
972 -14.0000000000
984 -13.0000000000
995 -12.0000000000
1072 -11.0000000000
1081 -10.0000000000
1091 -9.0000000000
1113 -8.0000000000
1154 -7.0000000000
1185 -6.0000000000
1267 -5.0000000000
1284 -4.0000000000
1329 -3.0000000000
1353 -2.0000000000
1363 -1.0000000000
1366 382.0000000000
100000 -1.0000000000
evaluations raw_y
1 -205.0000000000
5 -204.0000000000
6 -203.0000000000
7 -202.0000000000
8 -201.0000000000
9 -200.0000000000
10 -199.0000000000
14 -198.0000000000
15 -197.0000000000
18 -196.0000000000
19 -195.0000000000
20 -194.0000000000
21 -193.0000000000
22 -192.0000000000
23 -191.0000000000
24 -190.0000000000
25 -189.0000000000
30 -188.0000000000
32 -187.0000000000
38 -186.0000000000
39 -185.0000000000
40 -184.0000000000
43 -183.0000000000
45 -182.0000000000
49 -181.0000000000
50 -180.0000000000
51 -179.0000000000
52 -178.0000000000
54 -177.0000000000
57 -176.0000000000
61 -175.0000000000
64 -174.0000000000
72 -173.0000000000
75 -172.0000000000
76 -171.0000000000
79 -170.0000000000
80 -169.0000000000
82 -168.0000000000
83 -167.0000000000
86 -166.0000000000
90 -165.0000000000
98 -164.0000000000
104 -163.0000000000
105 -162.0000000000
106 -161.0000000000
107 -160.0000000000
115 -159.0000000000
117 -158.0000000000
122 -157.0000000000
125 -156.0000000000
126 -155.0000000000
136 -154.0000000000
141 -153.0000000000
145 -152.0000000000
146 -151.0000000000
147 -150.0000000000
149 -149.0000000000
151 -148.0000000000
152 -147.0000000000
153 -146.0000000000
158 -145.0000000000
161 -144.0000000000
162 -143.0000000000
163 -142.0000000000
165 -141.0000000000
166 -140.0000000000
168 -139.0000000000
173 -138.0000000000
176 -137.0000000000
179 -136.0000000000
182 -135.0000000000
192 -134.0000000000
195 -133.0000000000
196 -132.0000000000
201 -131.0000000000
205 -130.0000000000
206 -129.0000000000
207 -128.0000000000
209 -127.0000000000
210 -126.0000000000
213 -125.0000000000
215 -124.0000000000
222 -123.0000000000
228 -122.0000000000
229 -121.0000000000
230 -120.0000000000
231 -119.0000000000
234 -118.0000000000
236 -117.0000000000
241 -116.0000000000
242 -115.0000000000
245 -114.0000000000
246 -113.0000000000
247 -112.0000000000
249 -111.0000000000
250 -110.0000000000
251 -109.0000000000
257 -108.0000000000
258 -107.0000000000
259 -106.0000000000
267 -105.0000000000
270 -104.0000000000
272 -103.0000000000
275 -102.0000000000
280 -101.0000000000
284 -100.0000000000
287 -99.0000000000
304 -98.0000000000
305 -97.0000000000
306 -96.0000000000
316 -95.0000000000
330 -94.0000000000
344 -93.0000000000
359 -92.0000000000
364 -91.0000000000
366 -90.0000000000
367 -89.0000000000
368 -88.0000000000
369 -87.0000000000
371 -86.0000000000
374 -85.0000000000
375 -84.0000000000
383 -83.0000000000
385 -82.0000000000
391 -81.0000000000
395 -80.0000000000
403 -79.0000000000
408 -78.0000000000
411 -77.0000000000
424 -76.0000000000
425 -75.0000000000
435 -74.0000000000
443 -73.0000000000
448 -72.0000000000
449 -71.0000000000
458 -70.0000000000
464 -69.0000000000
467 -68.0000000000
468 -67.0000000000
470 -66.0000000000
483 -65.0000000000
491 -64.0000000000
496 -63.0000000000
514 -62.0000000000
521 -61.0000000000
530 -60.0000000000
532 -59.0000000000
534 -58.0000000000
537 -57.0000000000
543 -56.0000000000
559 -55.0000000000
565 -54.0000000000
574 -53.0000000000
595 -52.0000000000
623 -51.0000000000
633 -50.0000000000
653 -49.0000000000
667 -48.0000000000
671 -47.0000000000
701 -46.0000000000
702 -45.0000000000
703 -44.0000000000
710 -43.0000000000
718 -42.0000000000
723 -41.0000000000
728 -40.0000000000
736 -39.0000000000
766 -38.0000000000
770 -37.0000000000
779 -36.0000000000
785 -35.0000000000
789 -34.0000000000
791 -33.0000000000
794 -32.0000000000
858 -31.0000000000
866 -30.0000000000
872 -29.0000000000
928 -28.0000000000
942 -27.0000000000
943 -26.0000000000
970 -25.0000000000
974 -24.0000000000
978 -23.0000000000
1004 -22.0000000000
1006 -21.0000000000
1026 -20.0000000000
1049 -19.0000000000
1055 -18.0000000000
1081 -17.0000000000
1098 -16.0000000000
1103 -15.0000000000
1112 -14.0000000000
1224 -13.0000000000
1249 -12.0000000000
1252 -11.0000000000
1266 -10.0000000000
1271 -9.0000000000
1277 -8.0000000000
1283 -7.0000000000
1309 -6.0000000000
1332 -5.0000000000
1366 -4.0000000000
1445 -3.0000000000
1465 -2.0000000000
1467 -1.0000000000
1494 388.0000000000
100000 -1.0000000000
evaluations raw_y
1 -220.0000000000
2 -219.0000000000
5 -218.0000000000
6 -217.0000000000
8 -216.0000000000
9 -215.0000000000
11 -214.0000000000
12 -213.0000000000
13 -212.0000000000
14 -211.0000000000
15 -210.0000000000
21 -209.0000000000
24 -208.0000000000
28 -207.0000000000
30 -206.0000000000
31 -205.0000000000
35 -204.0000000000
36 -203.0000000000
37 -202.0000000000
40 -201.0000000000
43 -200.0000000000
45 -199.0000000000
46 -198.0000000000
48 -197.0000000000
51 -196.0000000000
56 -195.0000000000
57 -194.0000000000
59 -193.0000000000
60 -192.0000000000
62 -191.0000000000
69 -190.0000000000
72 -189.0000000000
73 -188.0000000000
75 -187.0000000000
83 -186.0000000000
85 -185.0000000000
88 -184.0000000000
90 -183.0000000000
91 -182.0000000000
92 -181.0000000000
93 -180.0000000000
95 -179.0000000000
96 -178.0000000000
98 -177.0000000000
101 -176.0000000000
103 -175.0000000000
107 -174.0000000000
108 -173.0000000000
109 -172.0000000000
111 -171.0000000000
112 -170.0000000000
114 -169.0000000000
116 -168.0000000000
117 -167.0000000000
118 -166.0000000000
119 -165.0000000000
121 -164.0000000000
123 -163.0000000000
124 -162.0000000000
126 -161.0000000000
130 -160.0000000000
139 -159.0000000000
140 -158.0000000000
144 -157.0000000000
148 -156.0000000000
150 -155.0000000000
156 -154.0000000000
159 -153.0000000000
161 -152.0000000000
162 -151.0000000000
164 -150.0000000000
165 -149.0000000000
167 -148.0000000000
168 -147.0000000000
171 -146.0000000000
175 -145.0000000000
176 -144.0000000000
177 -143.0000000000
179 -142.0000000000
180 -141.0000000000
181 -140.0000000000
183 -139.0000000000
185 -138.0000000000
190 -137.0000000000
192 -136.0000000000
196 -135.0000000000
202 -134.0000000000
205 -133.0000000000
206 -132.0000000000
212 -131.0000000000
215 -130.0000000000
216 -129.0000000000
222 -128.0000000000
223 -127.0000000000
224 -126.0000000000
226 -125.0000000000
234 -124.0000000000
251 -123.0000000000
253 -122.0000000000
256 -121.0000000000
258 -120.0000000000
262 -119.0000000000
270 -118.0000000000
276 -117.0000000000
281 -116.0000000000
282 -115.0000000000
288 -114.0000000000
289 -113.0000000000
296 -112.0000000000
299 -111.0000000000
300 -110.0000000000
302 -109.0000000000
313 -108.0000000000
315 -107.0000000000
316 -106.0000000000
317 -105.0000000000
324 -104.0000000000
327 -103.0000000000
338 -102.0000000000
339 -101.0000000000
341 -100.0000000000
345 -99.0000000000
347 -98.0000000000
348 -97.0000000000
349 -96.0000000000
351 -95.0000000000
353 -94.0000000000
360 -93.0000000000
361 -92.0000000000
365 -91.0000000000
368 -90.0000000000
369 -89.0000000000
370 -88.0000000000
378 -87.0000000000
379 -86.0000000000
389 -85.0000000000
393 -84.0000000000
400 -83.0000000000
405 -82.0000000000
411 -81.0000000000
413 -80.0000000000
420 -79.0000000000
422 -78.0000000000
429 -77.0000000000
431 -76.0000000000
437 -75.0000000000
441 -74.0000000000
443 -73.0000000000
450 -72.0000000000
453 -71.0000000000
455 -70.0000000000
464 -69.0000000000
472 -68.0000000000
483 -67.0000000000
487 -66.0000000000
491 -65.0000000000
493 -64.0000000000
500 -63.0000000000
502 -62.0000000000
518 -61.0000000000
523 -60.0000000000
525 -59.0000000000
532 -58.0000000000
555 -57.0000000000
563 -56.0000000000
568 -55.0000000000
569 -54.0000000000
586 -53.0000000000
591 -52.0000000000
594 -51.0000000000
598 -50.0000000000
600 -49.0000000000
601 -48.0000000000
608 -47.0000000000
614 -46.0000000000
615 -45.0000000000
628 -44.0000000000
637 -43.0000000000
639 -42.0000000000
643 -41.0000000000
654 -40.0000000000
656 -39.0000000000
663 -38.0000000000
667 -37.0000000000
684 -36.0000000000
686 -35.0000000000
699 -34.0000000000
712 -33.0000000000
716 -32.0000000000
718 -31.0000000000
724 -30.0000000000
738 -29.0000000000
739 -28.0000000000
769 -27.0000000000
770 -26.0000000000
791 -25.0000000000
796 -24.0000000000
800 -23.0000000000
824 -22.0000000000
829 -21.0000000000
839 -20.0000000000
842 -19.0000000000
852 -18.0000000000
869 -17.0000000000
888 -16.0000000000
921 -15.0000000000
925 -14.0000000000
961 -13.0000000000
972 -12.0000000000
1029 -11.0000000000
1035 -10.0000000000
1096 -9.0000000000
1107 -8.0000000000
1156 -7.0000000000
1186 -6.0000000000
1193 -5.0000000000
1268 -4.0000000000
1293 -3.0000000000
1349 -2.0000000000
1371 -1.0000000000
1479 400.0000000000
100000 -1.0000000000
evaluations raw_y
1 -231.0000000000
2 -230.0000000000
4 -229.0000000000
5 -228.0000000000
6 -227.0000000000
7 -226.0000000000
9 -225.0000000000
10 -224.0000000000
13 -223.0000000000
16 -222.0000000000
22 -221.0000000000
25 -220.0000000000
29 -219.0000000000
30 -218.0000000000
35 -217.0000000000
40 -216.0000000000
41 -215.0000000000
42 -214.0000000000
46 -213.0000000000
47 -212.0000000000
48 -211.0000000000
49 -210.0000000000
50 -209.0000000000
52 -208.0000000000
54 -207.0000000000
55 -206.0000000000
57 -205.0000000000
59 -204.0000000000
60 -203.0000000000
61 -202.0000000000
64 -201.0000000000
66 -200.0000000000
71 -199.0000000000
74 -198.0000000000
79 -197.0000000000
80 -196.0000000000
83 -195.0000000000
88 -194.0000000000
89 -193.0000000000
92 -192.0000000000
95 -191.0000000000
96 -190.0000000000
97 -189.0000000000
98 -188.0000000000
99 -187.0000000000
106 -186.0000000000
114 -185.0000000000
116 -184.0000000000
118 -183.0000000000
122 -182.0000000000
124 -181.0000000000
125 -180.0000000000
127 -179.0000000000
128 -178.0000000000
133 -177.0000000000
135 -176.0000000000
136 -175.0000000000
137 -174.0000000000
138 -173.0000000000
140 -172.0000000000
141 -171.0000000000
145 -170.0000000000
147 -169.0000000000
152 -168.0000000000
153 -167.0000000000
155 -166.0000000000
159 -165.0000000000
160 -164.0000000000
162 -163.0000000000
168 -162.0000000000
172 -161.0000000000
180 -160.0000000000
181 -159.0000000000
182 -158.0000000000
186 -157.0000000000
189 -156.0000000000
191 -155.0000000000
192 -154.0000000000
194 -153.0000000000
196 -152.0000000000
197 -151.0000000000
200 -150.0000000000
201 -149.0000000000
205 -148.0000000000
207 -147.0000000000
208 -146.0000000000
209 -145.0000000000
211 -144.0000000000
213 -143.0000000000
214 -142.0000000000
215 -141.0000000000
219 -140.0000000000
222 -139.0000000000
224 -138.0000000000
228 -137.0000000000
229 -136.0000000000
234 -135.0000000000
236 -134.0000000000
237 -133.0000000000
238 -132.0000000000
240 -131.0000000000
243 -130.0000000000
244 -129.0000000000
246 -128.0000000000
253 -127.0000000000
256 -126.0000000000
258 -125.0000000000
264 -124.0000000000
269 -123.0000000000
272 -122.0000000000
273 -121.0000000000
277 -120.0000000000
278 -119.0000000000
279 -118.0000000000
284 -117.0000000000
286 -116.0000000000
289 -115.0000000000
290 -114.0000000000
291 -113.0000000000
296 -112.0000000000
298 -111.0000000000
300 -110.0000000000
302 -109.0000000000
303 -108.0000000000
304 -107.0000000000
310 -106.0000000000
315 -105.0000000000
323 -104.0000000000
331 -103.0000000000
332 -102.0000000000
337 -101.0000000000
341 -100.0000000000
342 -99.0000000000
345 -98.0000000000
350 -97.0000000000
357 -96.0000000000
363 -95.0000000000
368 -94.0000000000
369 -93.0000000000
370 -92.0000000000
372 -91.0000000000
375 -90.0000000000
380 -89.0000000000
382 -88.0000000000
385 -87.0000000000
389 -86.0000000000
395 -85.0000000000
402 -84.0000000000
416 -83.0000000000
422 -82.0000000000
423 -81.0000000000
425 -80.0000000000
426 -79.0000000000
435 -78.0000000000
436 -77.0000000000
438 -76.0000000000
446 -75.0000000000
449 -74.0000000000
453 -73.0000000000
455 -72.0000000000
457 -71.0000000000
467 -70.0000000000
468 -69.0000000000
473 -68.0000000000
485 -67.0000000000
487 -66.0000000000
492 -65.0000000000
509 -64.0000000000
512 -63.0000000000
515 -62.0000000000
516 -61.0000000000
522 -60.0000000000
525 -59.0000000000
530 -58.0000000000
539 -57.0000000000
554 -56.0000000000
555 -55.0000000000
558 -54.0000000000
559 -53.0000000000
560 -52.0000000000
577 -51.0000000000
583 -50.0000000000
587 -49.0000000000
588 -48.0000000000
594 -47.0000000000
606 -46.0000000000
607 -45.0000000000
619 -44.0000000000
650 -43.0000000000
653 -42.0000000000
660 -41.0000000000
670 -40.0000000000
675 -39.0000000000
681 -38.0000000000
684 -37.0000000000
689 -36.0000000000
706 -35.0000000000
711 -34.0000000000
715 -33.0000000000
727 -32.0000000000
731 -31.0000000000
794 -30.0000000000
804 -29.0000000000
813 -28.0000000000
828 -27.0000000000
844 -26.0000000000
852 -25.0000000000
905 -24.0000000000
906 -23.0000000000
917 -22.0000000000
922 -21.0000000000
928 -20.0000000000
932 -19.0000000000
977 -18.0000000000
1017 -17.0000000000
1024 -16.0000000000
1026 -15.0000000000
1041 -14.0000000000
1059 -13.0000000000
1110 -12.0000000000
1142 -11.0000000000
1148 -10.0000000000
1180 -9.0000000000
1239 -8.0000000000
1287 -7.0000000000
1301 -6.0000000000
1411 -5.0000000000
1417 -4.0000000000
1421 -3.0000000000
1428 -2.0000000000
1433 -1.0000000000
1473 382.0000000000
100000 -1.0000000000
evaluations raw_y
1 -209.0000000000
5 -208.0000000000
7 -207.0000000000
9 -206.0000000000
12 -205.0000000000
13 -204.0000000000
14 -203.0000000000
15 -202.0000000000
24 -201.0000000000
27 -200.0000000000
28 -199.0000000000
29 -198.0000000000
35 -197.0000000000
37 -196.0000000000
40 -195.0000000000
42 -194.0000000000
44 -193.0000000000
47 -192.0000000000
52 -191.0000000000
55 -190.0000000000
57 -189.0000000000
58 -188.0000000000
60 -187.0000000000
61 -186.0000000000
63 -185.0000000000
71 -184.0000000000
74 -183.0000000000
77 -182.0000000000
80 -181.0000000000
84 -180.0000000000
86 -179.0000000000
87 -178.0000000000
95 -177.0000000000
100 -176.0000000000
101 -175.0000000000
102 -174.0000000000
103 -173.0000000000
105 -172.0000000000
108 -171.0000000000
115 -170.0000000000
119 -169.0000000000
124 -168.0000000000
131 -167.0000000000
134 -166.0000000000
136 -165.0000000000
138 -164.0000000000
139 -163.0000000000
140 -162.0000000000
147 -161.0000000000
149 -160.0000000000
151 -159.0000000000
157 -158.0000000000
161 -157.0000000000
163 -156.0000000000
165 -155.0000000000
166 -154.0000000000
167 -153.0000000000
169 -152.0000000000
171 -151.0000000000
181 -150.0000000000
182 -149.0000000000
183 -148.0000000000
186 -147.0000000000
190 -146.0000000000
192 -145.0000000000
198 -144.0000000000
199 -143.0000000000
201 -142.0000000000
207 -141.0000000000
208 -140.0000000000
210 -139.0000000000
214 -138.0000000000
216 -137.0000000000
227 -136.0000000000
236 -135.0000000000
240 -134.0000000000
244 -133.0000000000
247 -132.0000000000
248 -131.0000000000
250 -130.0000000000
251 -129.0000000000
255 -128.0000000000
260 -127.0000000000
261 -126.0000000000
265 -125.0000000000
271 -124.0000000000
274 -123.0000000000
275 -122.0000000000
279 -121.0000000000
285 -120.0000000000
286 -119.0000000000
288 -118.0000000000
293 -117.0000000000
294 -116.0000000000
298 -115.0000000000
302 -114.0000000000
307 -113.0000000000
313 -112.0000000000
316 -111.0000000000
317 -110.0000000000
322 -109.0000000000
323 -108.0000000000
325 -107.0000000000
328 -106.0000000000
331 -105.0000000000
341 -104.0000000000
342 -103.0000000000
343 -102.0000000000
344 -101.0000000000
351 -100.0000000000
358 -99.0000000000
364 -98.0000000000
371 -97.0000000000
383 -96.0000000000
384 -95.0000000000
387 -94.0000000000
394 -93.0000000000
399 -92.0000000000
400 -91.0000000000
408 -90.0000000000
420 -89.0000000000
427 -88.0000000000
432 -87.0000000000
433 -86.0000000000
435 -85.0000000000
446 -84.0000000000
448 -83.0000000000
451 -82.0000000000
459 -81.0000000000
461 -80.0000000000
470 -79.0000000000
472 -78.0000000000
486 -77.0000000000
505 -76.0000000000
508 -75.0000000000
511 -74.0000000000
516 -73.0000000000
524 -72.0000000000
527 -71.0000000000
532 -70.0000000000
540 -69.0000000000
546 -68.0000000000
555 -67.0000000000
572 -66.0000000000
585 -65.0000000000
593 -64.0000000000
597 -63.0000000000
605 -62.0000000000
611 -61.0000000000
616 -60.0000000000
625 -59.0000000000
626 -58.0000000000
631 -57.0000000000
636 -56.0000000000
646 -55.0000000000
647 -54.0000000000
650 -53.0000000000
663 -52.0000000000
677 -51.0000000000
688 -50.0000000000
689 -49.0000000000
701 -48.0000000000
732 -47.0000000000
768 -46.0000000000
775 -45.0000000000
778 -44.0000000000
780 -43.0000000000
787 -42.0000000000
812 -41.0000000000
815 -40.0000000000
819 -39.0000000000
830 -38.0000000000
839 -37.0000000000
847 -36.0000000000
857 -35.0000000000
858 -34.0000000000
859 -33.0000000000
868 -32.0000000000
871 -31.0000000000
875 -30.0000000000
880 -29.0000000000
926 -28.0000000000
930 -27.0000000000
954 -26.0000000000
958 -25.0000000000
969 -24.0000000000
973 -23.0000000000
1006 -22.0000000000
1019 -21.0000000000
1035 -20.0000000000
1038 -19.0000000000
1063 -18.0000000000
1094 -17.0000000000
1117 -16.0000000000
1120 -15.0000000000
1131 -14.0000000000
1151 -13.0000000000
1173 -12.0000000000
1177 -11.0000000000
1189 -10.0000000000
1210 -9.0000000000
1211 -8.0000000000
1248 -7.0000000000
1286 -6.0000000000
1293 -5.0000000000
1322 -4.0000000000
1377 -3.0000000000
1393 -2.0000000000
1422 -1.0000000000
1437 397.0000000000
100000 -1.0000000000
evaluations raw_y
1 -208.0000000000
3 -207.0000000000
10 -206.0000000000
11 -205.0000000000
12 -204.0000000000
13 -203.0000000000
14 -202.0000000000
17 -201.0000000000
20 -200.0000000000
24 -199.0000000000
27 -198.0000000000
29 -197.0000000000
30 -196.0000000000
36 -195.0000000000
38 -194.0000000000
39 -193.0000000000
40 -192.0000000000
41 -191.0000000000
43 -190.0000000000
44 -189.0000000000
45 -188.0000000000
46 -187.0000000000
47 -186.0000000000
48 -185.0000000000
49 -184.0000000000
56 -183.0000000000
58 -182.0000000000
62 -181.0000000000
64 -180.0000000000
66 -179.0000000000
69 -178.0000000000
71 -177.0000000000
72 -176.0000000000
73 -175.0000000000
81 -174.0000000000
87 -173.0000000000
88 -172.0000000000
89 -171.0000000000
96 -170.0000000000
97 -169.0000000000
99 -168.0000000000
101 -167.0000000000
102 -166.0000000000
108 -165.0000000000
109 -164.0000000000
110 -163.0000000000
111 -162.0000000000
115 -161.0000000000
116 -160.0000000000
120 -159.0000000000
122 -158.0000000000
124 -157.0000000000
126 -156.0000000000
127 -155.0000000000
130 -154.0000000000
137 -153.0000000000
139 -152.0000000000
140 -151.0000000000
143 -150.0000000000
144 -149.0000000000
146 -148.0000000000
147 -147.0000000000
148 -146.0000000000
157 -145.0000000000
159 -144.0000000000
172 -143.0000000000
173 -142.0000000000
174 -141.0000000000
178 -140.0000000000
184 -139.0000000000
185 -138.0000000000
191 -137.0000000000
196 -136.0000000000
204 -135.0000000000
207 -134.0000000000
208 -133.0000000000
214 -132.0000000000
219 -131.0000000000
221 -130.0000000000
223 -129.0000000000
224 -128.0000000000
226 -127.0000000000
228 -126.0000000000
232 -125.0000000000
236 -124.0000000000
243 -123.0000000000
244 -122.0000000000
248 -121.0000000000
249 -120.0000000000
255 -119.0000000000
260 -118.0000000000
261 -117.0000000000
269 -116.0000000000
271 -115.0000000000
272 -114.0000000000
275 -113.0000000000
278 -112.0000000000
279 -111.0000000000
286 -110.0000000000
288 -109.0000000000
290 -108.0000000000
295 -107.0000000000
297 -106.0000000000
305 -105.0000000000
308 -104.0000000000
312 -103.0000000000
314 -102.0000000000
315 -101.0000000000
321 -100.0000000000
322 -99.0000000000
332 -98.0000000000
333 -97.0000000000
338 -96.0000000000
358 -95.0000000000
362 -94.0000000000
364 -93.0000000000
368 -92.0000000000
369 -91.0000000000
370 -90.0000000000
380 -89.0000000000
382 -88.0000000000
383 -87.0000000000
387 -86.0000000000
396 -85.0000000000
399 -84.0000000000
413 -83.0000000000
418 -82.0000000000
427 -81.0000000000
434 -80.0000000000
435 -79.0000000000
441 -78.0000000000
443 -77.0000000000
447 -76.0000000000
460 -75.0000000000
461 -74.0000000000
462 -73.0000000000
468 -72.0000000000
472 -71.0000000000
473 -70.0000000000
476 -69.0000000000
488 -68.0000000000
491 -67.0000000000
495 -66.0000000000
498 -65.0000000000
500 -64.0000000000
503 -63.0000000000
505 -62.0000000000
507 -61.0000000000
510 -60.0000000000
524 -59.0000000000
536 -58.0000000000
541 -57.0000000000
543 -56.0000000000
550 -55.0000000000
580 -54.0000000000
589 -53.0000000000
594 -52.0000000000
609 -51.0000000000
615 -50.0000000000
617 -49.0000000000
622 -48.0000000000
625 -47.0000000000
628 -46.0000000000
637 -45.0000000000
662 -44.0000000000
664 -43.0000000000
690 -42.0000000000
707 -41.0000000000
720 -40.0000000000
721 -39.0000000000
740 -38.0000000000
760 -37.0000000000
761 -36.0000000000
768 -35.0000000000
785 -34.0000000000
794 -33.0000000000
806 -32.0000000000
810 -31.0000000000
816 -30.0000000000
819 -29.0000000000
820 -28.0000000000
823 -27.0000000000
837 -26.0000000000
856 -25.0000000000
866 -24.0000000000
876 -23.0000000000
881 -22.0000000000
886 -21.0000000000
900 -20.0000000000
907 -19.0000000000
911 -18.0000000000
924 -17.0000000000
926 -16.0000000000
959 -15.0000000000
980 -14.0000000000
981 -13.0000000000
1013 -12.0000000000
1072 -11.0000000000
1084 -10.0000000000
1089 -9.0000000000
1105 -8.0000000000
1131 -7.0000000000
1173 -6.0000000000
1178 -5.0000000000
1238 -4.0000000000
1279 -3.0000000000
1290 -2.0000000000
1311 -1.0000000000
1540 388.0000000000
100000 -1.0000000000
evaluations raw_y
1 -196.0000000000
2 -195.0000000000
4 -194.0000000000
6 -193.0000000000
7 -192.0000000000
9 -191.0000000000
10 -190.0000000000
11 -189.0000000000
12 -188.0000000000
13 -187.0000000000
14 -186.0000000000
17 -185.0000000000
18 -184.0000000000
21 -183.0000000000
24 -182.0000000000
25 -181.0000000000
26 -180.0000000000
29 -179.0000000000
30 -178.0000000000
31 -177.0000000000
33 -176.0000000000
35 -175.0000000000
36 -174.0000000000
37 -173.0000000000
39 -172.0000000000
42 -171.0000000000
43 -170.0000000000
44 -169.0000000000
46 -168.0000000000
48 -167.0000000000
49 -166.0000000000
53 -165.0000000000
57 -164.0000000000
58 -163.0000000000
59 -162.0000000000
62 -161.0000000000
72 -160.0000000000
75 -159.0000000000
76 -158.0000000000
78 -157.0000000000
84 -156.0000000000
88 -155.0000000000
91 -154.0000000000
95 -153.0000000000
99 -152.0000000000
100 -151.0000000000
102 -150.0000000000
104 -149.0000000000
105 -148.0000000000
106 -147.0000000000
114 -146.0000000000
117 -145.0000000000
122 -144.0000000000
125 -143.0000000000
127 -142.0000000000
130 -141.0000000000
131 -140.0000000000
132 -139.0000000000
141 -138.0000000000
143 -137.0000000000
144 -136.0000000000
147 -135.0000000000
149 -134.0000000000
150 -133.0000000000
152 -132.0000000000
153 -131.0000000000
156 -130.0000000000
165 -129.0000000000
166 -128.0000000000
168 -127.0000000000
178 -126.0000000000
184 -125.0000000000
186 -124.0000000000
189 -123.0000000000
190 -122.0000000000
193 -121.0000000000
194 -120.0000000000
198 -119.0000000000
202 -118.0000000000
203 -117.0000000000
204 -116.0000000000
211 -115.0000000000
212 -114.0000000000
214 -113.0000000000
215 -112.0000000000
218 -111.0000000000
221 -110.0000000000
225 -109.0000000000
230 -108.0000000000
234 -107.0000000000
237 -106.0000000000
239 -105.0000000000
244 -104.0000000000
246 -103.0000000000
258 -102.0000000000
262 -101.0000000000
267 -100.0000000000
269 -99.0000000000
273 -98.0000000000
276 -97.0000000000
279 -96.0000000000
282 -95.0000000000
287 -94.0000000000
292 -93.0000000000
294 -92.0000000000
295 -91.0000000000
302 -90.0000000000
303 -89.0000000000
306 -88.0000000000
316 -87.0000000000
326 -86.0000000000
327 -85.0000000000
335 -84.0000000000
339 -83.0000000000
343 -82.0000000000
352 -81.0000000000
360 -80.0000000000
364 -79.0000000000
367 -78.0000000000
374 -77.0000000000
376 -76.0000000000
382 -75.0000000000
397 -74.0000000000
398 -73.0000000000
408 -72.0000000000
413 -71.0000000000
415 -70.0000000000
421 -69.0000000000
423 -68.0000000000
425 -67.0000000000
427 -66.0000000000
433 -65.0000000000
443 -64.0000000000
444 -63.0000000000
447 -62.0000000000
457 -61.0000000000
471 -60.0000000000
491 -59.0000000000
492 -58.0000000000
505 -57.0000000000
518 -56.0000000000
519 -55.0000000000
521 -54.0000000000
524 -53.0000000000
533 -52.0000000000
535 -51.0000000000
536 -50.0000000000
539 -49.0000000000
540 -48.0000000000
542 -47.0000000000
544 -46.0000000000
561 -45.0000000000
564 -44.0000000000
565 -43.0000000000
566 -42.0000000000
579 -41.0000000000
586 -40.0000000000
587 -39.0000000000
589 -38.0000000000
596 -37.0000000000
599 -36.0000000000
604 -35.0000000000
620 -34.0000000000
627 -33.0000000000
653 -32.0000000000
667 -31.0000000000
706 -30.0000000000
720 -29.0000000000
721 -28.0000000000
739 -27.0000000000
742 -26.0000000000
751 -25.0000000000
761 -24.0000000000
783 -23.0000000000
787 -22.0000000000
828 -21.0000000000
839 -20.0000000000
875 -19.0000000000
897 -18.0000000000
901 -17.0000000000
907 -16.0000000000
927 -15.0000000000
932 -14.0000000000
954 -13.0000000000
980 -12.0000000000
1026 -11.0000000000
1031 -10.0000000000
1036 -9.0000000000
1042 -8.0000000000
1084 -7.0000000000
1091 -6.0000000000
1108 -5.0000000000
1141 -4.0000000000
1217 -3.0000000000
1317 -2.0000000000
1343 -1.0000000000
1365 380.0000000000
100000 -1.0000000000
evaluations raw_y
1 -221.0000000000
5 -220.0000000000
6 -219.0000000000
7 -218.0000000000
8 -217.0000000000
9 -216.0000000000
12 -215.0000000000
13 -214.0000000000
14 -213.0000000000
16 -212.0000000000
18 -211.0000000000
22 -210.0000000000
23 -209.0000000000
28 -208.0000000000
31 -207.0000000000
33 -206.0000000000
36 -205.0000000000
37 -204.0000000000
40 -203.0000000000
41 -202.0000000000
43 -201.0000000000
47 -200.0000000000
49 -199.0000000000
50 -198.0000000000
51 -197.0000000000
52 -196.0000000000
55 -195.0000000000
56 -194.0000000000
63 -193.0000000000
64 -192.0000000000
65 -191.0000000000
68 -190.0000000000
69 -189.0000000000
70 -188.0000000000
72 -187.0000000000
73 -186.0000000000
76 -185.0000000000
80 -184.0000000000
83 -183.0000000000
92 -182.0000000000
96 -181.0000000000
105 -180.0000000000
107 -179.0000000000
109 -178.0000000000
112 -177.0000000000
114 -176.0000000000
117 -175.0000000000
118 -174.0000000000
123 -173.0000000000
125 -172.0000000000
126 -171.0000000000
130 -170.0000000000
135 -169.0000000000
138 -168.0000000000
139 -167.0000000000
143 -166.0000000000
145 -165.0000000000
147 -164.0000000000
150 -163.0000000000
152 -162.0000000000
153 -161.0000000000
155 -160.0000000000
158 -159.0000000000
162 -158.0000000000
166 -157.0000000000
170 -156.0000000000
171 -155.0000000000
173 -154.0000000000
175 -153.0000000000
176 -152.0000000000
177 -151.0000000000
180 -150.0000000000
184 -149.0000000000
186 -148.0000000000
187 -147.0000000000
188 -146.0000000000
189 -145.0000000000
190 -144.0000000000
191 -143.0000000000
192 -142.0000000000
196 -141.0000000000
199 -140.0000000000
200 -139.0000000000
201 -138.0000000000
202 -137.0000000000
205 -136.0000000000
208 -135.0000000000
213 -134.0000000000
217 -133.0000000000
218 -132.0000000000
221 -131.0000000000
223 -130.0000000000
225 -129.0000000000
226 -128.0000000000
247 -127.0000000000
250 -126.0000000000
253 -125.0000000000
260 -124.0000000000
261 -123.0000000000
263 -122.0000000000
264 -121.0000000000
268 -120.0000000000
270 -119.0000000000
273 -118.0000000000
275 -117.0000000000
280 -116.0000000000
282 -115.0000000000
287 -114.0000000000
289 -113.0000000000
294 -112.0000000000
298 -111.0000000000
302 -110.0000000000
303 -109.0000000000
305 -108.0000000000
306 -107.0000000000
307 -106.0000000000
321 -105.0000000000
323 -104.0000000000
325 -103.0000000000
340 -102.0000000000
344 -101.0000000000
354 -100.0000000000
355 -99.0000000000
358 -98.0000000000
371 -97.0000000000
379 -96.0000000000
386 -95.0000000000
387 -94.0000000000
395 -93.0000000000
397 -92.0000000000
411 -91.0000000000
414 -90.0000000000
427 -89.0000000000
432 -88.0000000000
433 -87.0000000000
438 -86.0000000000
441 -85.0000000000
451 -84.0000000000
452 -83.0000000000
456 -82.0000000000
457 -81.0000000000
461 -80.0000000000
467 -79.0000000000
474 -78.0000000000
478 -77.0000000000
481 -76.0000000000
498 -75.0000000000
500 -74.0000000000
507 -73.0000000000
517 -72.0000000000
522 -71.0000000000
523 -70.0000000000
533 -69.0000000000
538 -68.0000000000
544 -67.0000000000
548 -66.0000000000
550 -65.0000000000
552 -64.0000000000
555 -63.0000000000
556 -62.0000000000
557 -61.0000000000
560 -60.0000000000
565 -59.0000000000
568 -58.0000000000
569 -57.0000000000
570 -56.0000000000
574 -55.0000000000
580 -54.0000000000
581 -53.0000000000
589 -52.0000000000
615 -51.0000000000
621 -50.0000000000
642 -49.0000000000
657 -48.0000000000
658 -47.0000000000
670 -46.0000000000
683 -45.0000000000
698 -44.0000000000
703 -43.0000000000
725 -42.0000000000
731 -41.0000000000
737 -40.0000000000
758 -39.0000000000
775 -38.0000000000
779 -37.0000000000
793 -36.0000000000
809 -35.0000000000
816 -34.0000000000
817 -33.0000000000
820 -32.0000000000
822 -31.0000000000
850 -30.0000000000
858 -29.0000000000
899 -28.0000000000
900 -27.0000000000
902 -26.0000000000
908 -25.0000000000
914 -24.0000000000
931 -23.0000000000
942 -22.0000000000
959 -21.0000000000
963 -20.0000000000
971 -19.0000000000
974 -18.0000000000
990 -17.0000000000
1005 -16.0000000000
1031 -15.0000000000
1072 -14.0000000000
1087 -13.0000000000
1092 -12.0000000000
1093 -11.0000000000
1134 -10.0000000000
1140 -9.0000000000
1161 -8.0000000000
1191 -7.0000000000
1219 -6.0000000000
1221 -5.0000000000
1238 -4.0000000000
1280 -3.0000000000
1296 -2.0000000000
1307 -1.0000000000
1328 389.0000000000
100000 -1.0000000000
evaluations raw_y
1 -218.0000000000
2 -217.0000000000
5 -216.0000000000
6 -215.0000000000
8 -214.0000000000
11 -213.0000000000
15 -212.0000000000
16 -211.0000000000
17 -210.0000000000
19 -209.0000000000
20 -208.0000000000
21 -207.0000000000
24 -206.0000000000
25 -205.0000000000
26 -204.0000000000
27 -203.0000000000
28 -202.0000000000
29 -201.0000000000
31 -200.0000000000
32 -199.0000000000
33 -198.0000000000
35 -197.0000000000
36 -196.0000000000
37 -195.0000000000
39 -194.0000000000
42 -193.0000000000
46 -192.0000000000
49 -191.0000000000
56 -190.0000000000
58 -189.0000000000
59 -188.0000000000
64 -187.0000000000
65 -186.0000000000
66 -185.0000000000
67 -184.0000000000
71 -183.0000000000
79 -182.0000000000
80 -181.0000000000
85 -180.0000000000
86 -179.0000000000
87 -178.0000000000
89 -177.0000000000
90 -176.0000000000
92 -175.0000000000
96 -174.0000000000
97 -173.0000000000
98 -172.0000000000
103 -171.0000000000
104 -170.0000000000
108 -169.0000000000
109 -168.0000000000
112 -167.0000000000
113 -166.0000000000
118 -165.0000000000
120 -164.0000000000
125 -163.0000000000
127 -162.0000000000
132 -161.0000000000
133 -160.0000000000
136 -159.0000000000
141 -158.0000000000
142 -157.0000000000
144 -156.0000000000
146 -155.0000000000
150 -154.0000000000
151 -153.0000000000
154 -152.0000000000
156 -151.0000000000
157 -150.0000000000
159 -149.0000000000
161 -148.0000000000
162 -147.0000000000
163 -146.0000000000
165 -145.0000000000
167 -144.0000000000
169 -143.0000000000
171 -142.0000000000
174 -141.0000000000
177 -140.0000000000
186 -139.0000000000
187 -138.0000000000
192 -137.0000000000
198 -136.0000000000
201 -135.0000000000
205 -134.0000000000
207 -133.0000000000
223 -132.0000000000
224 -131.0000000000
230 -130.0000000000
244 -129.0000000000
256 -128.0000000000
261 -127.0000000000
262 -126.0000000000
265 -125.0000000000
266 -124.0000000000
274 -123.0000000000
275 -122.0000000000
278 -121.0000000000
281 -120.0000000000
282 -119.0000000000
285 -118.0000000000
298 -117.0000000000
301 -116.0000000000
304 -115.0000000000
305 -114.0000000000
311 -113.0000000000
318 -112.0000000000
320 -111.0000000000
321 -110.0000000000
331 -109.0000000000
335 -108.0000000000
338 -107.0000000000
343 -106.0000000000
347 -105.0000000000
364 -104.0000000000
366 -103.0000000000
375 -102.0000000000
382 -101.0000000000
398 -100.0000000000
400 -99.0000000000
405 -98.0000000000
407 -97.0000000000
408 -96.0000000000
412 -95.0000000000
423 -94.0000000000
424 -93.0000000000
426 -92.0000000000
427 -91.0000000000
435 -90.0000000000
439 -89.0000000000
440 -88.0000000000
449 -87.0000000000
451 -86.0000000000
455 -85.0000000000
457 -84.0000000000
459 -83.0000000000
460 -82.0000000000
462 -81.0000000000
464 -80.0000000000
473 -79.0000000000
482 -78.0000000000
486 -77.0000000000
487 -76.0000000000
490 -75.0000000000
503 -74.0000000000
505 -73.0000000000
508 -72.0000000000
527 -71.0000000000
532 -70.0000000000
534 -69.0000000000
541 -68.0000000000
548 -67.0000000000
549 -66.0000000000
554 -65.0000000000
558 -64.0000000000
562 -63.0000000000
583 -62.0000000000
587 -61.0000000000
588 -60.0000000000
589 -59.0000000000
593 -58.0000000000
594 -57.0000000000
602 -56.0000000000
607 -55.0000000000
608 -54.0000000000
617 -53.0000000000
618 -52.0000000000
628 -51.0000000000
642 -50.0000000000
643 -49.0000000000
645 -48.0000000000
647 -47.0000000000
650 -46.0000000000
656 -45.0000000000
658 -44.0000000000
670 -43.0000000000
671 -42.0000000000
678 -41.0000000000
684 -40.0000000000
688 -39.0000000000
689 -38.0000000000
694 -37.0000000000
718 -36.0000000000
733 -35.0000000000
736 -34.0000000000
760 -33.0000000000
781 -32.0000000000
789 -31.0000000000
794 -30.0000000000
803 -29.0000000000
813 -28.0000000000
816 -27.0000000000
833 -26.0000000000
844 -25.0000000000
865 -24.0000000000
905 -23.0000000000
939 -22.0000000000
940 -21.0000000000
947 -20.0000000000
952 -19.0000000000
959 -18.0000000000
977 -17.0000000000
982 -16.0000000000
986 -15.0000000000
1008 -14.0000000000
1013 -13.0000000000
1029 -12.0000000000
1051 -11.0000000000
1095 -10.0000000000
1111 -9.0000000000
1113 -8.0000000000
1139 -7.0000000000
1142 -6.0000000000
1146 -5.0000000000
1187 -4.0000000000
1223 -3.0000000000
1243 -2.0000000000
1245 -1.0000000000
1312 397.0000000000
100000 -1.0000000000
evaluations raw_y
1 -198.0000000000
2 -197.0000000000
3 -196.0000000000
8 -195.0000000000
9 -194.0000000000
12 -193.0000000000
13 -192.0000000000
15 -191.0000000000
19 -190.0000000000
21 -189.0000000000
23 -188.0000000000
26 -187.0000000000
27 -186.0000000000
29 -185.0000000000
30 -184.0000000000
33 -183.0000000000
39 -182.0000000000
40 -181.0000000000
43 -180.0000000000
46 -179.0000000000
48 -178.0000000000
54 -177.0000000000
55 -176.0000000000
56 -175.0000000000
57 -174.0000000000
59 -173.0000000000
60 -172.0000000000
62 -171.0000000000
66 -170.0000000000
68 -169.0000000000
69 -168.0000000000
71 -167.0000000000
73 -166.0000000000
74 -165.0000000000
78 -164.0000000000
79 -163.0000000000
80 -162.0000000000
81 -161.0000000000
82 -160.0000000000
83 -159.0000000000
84 -158.0000000000
91 -157.0000000000
94 -156.0000000000
97 -155.0000000000
98 -154.0000000000
105 -153.0000000000
107 -152.0000000000
108 -151.0000000000
118 -150.0000000000
119 -149.0000000000
120 -148.0000000000
121 -147.0000000000
123 -146.0000000000
124 -145.0000000000
125 -144.0000000000
128 -143.0000000000
131 -142.0000000000
132 -141.0000000000
133 -140.0000000000
138 -139.0000000000
140 -138.0000000000
142 -137.0000000000
144 -136.0000000000
146 -135.0000000000
154 -134.0000000000
156 -133.0000000000
158 -132.0000000000
161 -131.0000000000
165 -130.0000000000
169 -129.0000000000
175 -128.0000000000
176 -127.0000000000
177 -126.0000000000
189 -125.0000000000
190 -124.0000000000
192 -123.0000000000
201 -122.0000000000
205 -121.0000000000
208 -120.0000000000
210 -119.0000000000
213 -118.0000000000
220 -117.0000000000
228 -116.0000000000
232 -115.0000000000
242 -114.0000000000
246 -113.0000000000
247 -112.0000000000
257 -111.0000000000
259 -110.0000000000
263 -109.0000000000
269 -108.0000000000
272 -107.0000000000
284 -106.0000000000
285 -105.0000000000
287 -104.0000000000
294 -103.0000000000
297 -102.0000000000
300 -101.0000000000
304 -100.0000000000
309 -99.0000000000
315 -98.0000000000
323 -97.0000000000
332 -96.0000000000
335 -95.0000000000
345 -94.0000000000
346 -93.0000000000
353 -92.0000000000
358 -91.0000000000
363 -90.0000000000
364 -89.0000000000
367 -88.0000000000
371 -87.0000000000
373 -86.0000000000
379 -85.0000000000
384 -84.0000000000
388 -83.0000000000
391 -82.0000000000
393 -81.0000000000
397 -80.0000000000
399 -79.0000000000
400 -78.0000000000
406 -77.0000000000
413 -76.0000000000
418 -75.0000000000
419 -74.0000000000
422 -73.0000000000
442 -72.0000000000
444 -71.0000000000
451 -70.0000000000
455 -69.0000000000
460 -68.0000000000
463 -67.0000000000
465 -66.0000000000
483 -65.0000000000
489 -64.0000000000
490 -63.0000000000
491 -62.0000000000
504 -61.0000000000
513 -60.0000000000
521 -59.0000000000
529 -58.0000000000
534 -57.0000000000
537 -56.0000000000
555 -55.0000000000
564 -54.0000000000
565 -53.0000000000
578 -52.0000000000
579 -51.0000000000
580 -50.0000000000
593 -49.0000000000
616 -48.0000000000
621 -47.0000000000
631 -46.0000000000
652 -45.0000000000
657 -44.0000000000
660 -43.0000000000
670 -42.0000000000
681 -41.0000000000
699 -40.0000000000
702 -39.0000000000
712 -38.0000000000
720 -37.0000000000
724 -36.0000000000
728 -35.0000000000
733 -34.0000000000
743 -33.0000000000
765 -32.0000000000
769 -31.0000000000
777 -30.0000000000
783 -29.0000000000
817 -28.0000000000
831 -27.0000000000
839 -26.0000000000
846 -25.0000000000
849 -24.0000000000
869 -23.0000000000
887 -22.0000000000
905 -21.0000000000
930 -20.0000000000
939 -19.0000000000
949 -18.0000000000
963 -17.0000000000
967 -16.0000000000
974 -15.0000000000
986 -14.0000000000
1002 -13.0000000000
1006 -12.0000000000
1009 -11.0000000000
1025 -10.0000000000
1059 -9.0000000000
1083 -8.0000000000
1097 -7.0000000000
1148 -6.0000000000
1166 -5.0000000000
1175 -4.0000000000
1226 -3.0000000000
1284 -2.0000000000
1370 -1.0000000000
1440 375.0000000000
100000 -1.0000000000
evaluations raw_y
1 -219.0000000000
2 -218.0000000000
4 -217.0000000000
5 -216.0000000000
6 -215.0000000000
9 -214.0000000000
11 -213.0000000000
12 -212.0000000000
14 -211.0000000000
16 -210.0000000000
17 -209.0000000000
20 -208.0000000000
24 -207.0000000000
27 -206.0000000000
28 -205.0000000000
30 -204.0000000000
31 -203.0000000000
36 -202.0000000000
37 -201.0000000000
38 -200.0000000000
40 -199.0000000000
41 -198.0000000000
42 -197.0000000000
44 -196.0000000000
48 -195.0000000000
51 -194.0000000000
52 -193.0000000000
53 -192.0000000000
54 -191.0000000000
59 -190.0000000000
60 -189.0000000000
62 -188.0000000000
64 -187.0000000000
65 -186.0000000000
68 -185.0000000000
69 -184.0000000000
70 -183.0000000000
74 -182.0000000000
78 -181.0000000000
81 -180.0000000000
83 -179.0000000000
84 -178.0000000000
85 -177.0000000000
89 -176.0000000000
93 -175.0000000000
95 -174.0000000000
101 -173.0000000000
103 -172.0000000000
104 -171.0000000000
105 -170.0000000000
109 -169.0000000000
111 -168.0000000000
112 -167.0000000000
114 -166.0000000000
120 -165.0000000000
121 -164.0000000000
122 -163.0000000000
124 -162.0000000000
126 -161.0000000000
127 -160.0000000000
129 -159.0000000000
134 -158.0000000000
139 -157.0000000000
140 -156.0000000000
143 -155.0000000000
144 -154.0000000000
145 -153.0000000000
148 -152.0000000000
149 -151.0000000000
150 -150.0000000000
153 -149.0000000000
154 -148.0000000000
157 -147.0000000000
159 -146.0000000000
160 -145.0000000000
163 -144.0000000000
164 -143.0000000000
165 -142.0000000000
168 -141.0000000000
173 -140.0000000000
176 -139.0000000000
180 -138.0000000000
181 -137.0000000000
188 -136.0000000000
189 -135.0000000000
190 -134.0000000000
191 -133.0000000000
192 -132.0000000000
196 -131.0000000000
201 -130.0000000000
208 -129.0000000000
217 -128.0000000000
222 -127.0000000000
223 -126.0000000000
227 -125.0000000000
231 -124.0000000000
247 -123.0000000000
249 -122.0000000000
254 -121.0000000000
258 -120.0000000000
260 -119.0000000000
261 -118.0000000000
262 -117.0000000000
265 -116.0000000000
267 -115.0000000000
273 -114.0000000000
279 -113.0000000000
294 -112.0000000000
296 -111.0000000000
299 -110.0000000000
300 -109.0000000000
301 -108.0000000000
302 -107.0000000000
306 -106.0000000000
308 -105.0000000000
312 -104.0000000000
320 -103.0000000000
326 -102.0000000000
333 -101.0000000000
338 -100.0000000000
342 -99.0000000000
343 -98.0000000000
344 -97.0000000000
345 -96.0000000000
346 -95.0000000000
347 -94.0000000000
349 -93.0000000000
351 -92.0000000000
355 -91.0000000000
358 -90.0000000000
360 -89.0000000000
362 -88.0000000000
363 -87.0000000000
365 -86.0000000000
371 -85.0000000000
376 -84.0000000000
388 -83.0000000000
393 -82.0000000000
396 -81.0000000000
397 -80.0000000000
400 -79.0000000000
402 -78.0000000000
407 -77.0000000000
408 -76.0000000000
409 -75.0000000000
416 -74.0000000000
424 -73.0000000000
427 -72.0000000000
434 -71.0000000000
437 -70.0000000000
440 -69.0000000000
445 -68.0000000000
466 -67.0000000000
469 -66.0000000000
470 -65.0000000000
472 -64.0000000000
485 -63.0000000000
502 -62.0000000000
508 -61.0000000000
510 -60.0000000000
520 -59.0000000000
522 -58.0000000000
528 -57.0000000000
534 -56.0000000000
538 -55.0000000000
542 -54.0000000000
550 -53.0000000000
564 -52.0000000000
565 -51.0000000000
576 -50.0000000000
577 -49.0000000000
582 -48.0000000000
591 -47.0000000000
593 -46.0000000000
595 -45.0000000000
601 -44.0000000000
608 -43.0000000000
620 -42.0000000000
629 -41.0000000000
642 -40.0000000000
653 -39.0000000000
667 -38.0000000000
670 -37.0000000000
671 -36.0000000000
675 -35.0000000000
677 -34.0000000000
679 -33.0000000000
703 -32.0000000000
706 -31.0000000000
732 -30.0000000000
735 -29.0000000000
740 -28.0000000000
752 -27.0000000000
757 -26.0000000000
758 -25.0000000000
765 -24.0000000000
779 -23.0000000000
791 -22.0000000000
798 -21.0000000000
841 -20.0000000000
883 -19.0000000000
892 -18.0000000000
895 -17.0000000000
908 -16.0000000000
944 -15.0000000000
949 -14.0000000000
975 -13.0000000000
985 -12.0000000000
1086 -11.0000000000
1107 -10.0000000000
1140 -9.0000000000
1153 -8.0000000000
1157 -7.0000000000
1194 -6.0000000000
1249 -5.0000000000
1251 -4.0000000000
1305 -3.0000000000
1310 -2.0000000000
1375 -1.0000000000
1394 378.0000000000
100000 -1.0000000000
evaluations raw_y
1 -212.0000000000
4 -211.0000000000
6 -210.0000000000
9 -209.0000000000
15 -208.0000000000
16 -207.0000000000
18 -206.0000000000
19 -205.0000000000
23 -204.0000000000
29 -203.0000000000
30 -202.0000000000
31 -201.0000000000
32 -200.0000000000
33 -199.0000000000
34 -198.0000000000
36 -197.0000000000
37 -196.0000000000
39 -195.0000000000
41 -194.0000000000
44 -193.0000000000
47 -192.0000000000
48 -191.0000000000
49 -190.0000000000
50 -189.0000000000
52 -188.0000000000
53 -187.0000000000
55 -186.0000000000
57 -185.0000000000
58 -184.0000000000
59 -183.0000000000
60 -182.0000000000
61 -181.0000000000
66 -180.0000000000
67 -179.0000000000
68 -178.0000000000
71 -177.0000000000
74 -176.0000000000
77 -175.0000000000
79 -174.0000000000
83 -173.0000000000
84 -172.0000000000
91 -171.0000000000
96 -170.0000000000
97 -169.0000000000
102 -168.0000000000
111 -167.0000000000
112 -166.0000000000
115 -165.0000000000
116 -164.0000000000
118 -163.0000000000
119 -162.0000000000
122 -161.0000000000
123 -160.0000000000
124 -159.0000000000
125 -158.0000000000
127 -157.0000000000
134 -156.0000000000
136 -155.0000000000
138 -154.0000000000
142 -153.0000000000
143 -152.0000000000
146 -151.0000000000
148 -150.0000000000
149 -149.0000000000
150 -148.0000000000
152 -147.0000000000
157 -146.0000000000
159 -145.0000000000
160 -144.0000000000
161 -143.0000000000
165 -142.0000000000
170 -141.0000000000
175 -140.0000000000
177 -139.0000000000
184 -138.0000000000
189 -137.0000000000
195 -136.0000000000
201 -135.0000000000
203 -134.0000000000
208 -133.0000000000
213 -132.0000000000
218 -131.0000000000
222 -130.0000000000
227 -129.0000000000
228 -128.0000000000
229 -127.0000000000
240 -126.0000000000
241 -125.0000000000
242 -124.0000000000
245 -123.0000000000
246 -122.0000000000
248 -121.0000000000
257 -120.0000000000
258 -119.0000000000
261 -118.0000000000
270 -117.0000000000
271 -116.0000000000
275 -115.0000000000
281 -114.0000000000
282 -113.0000000000
284 -112.0000000000
285 -111.0000000000
287 -110.0000000000
293 -109.0000000000
295 -108.0000000000
299 -107.0000000000
307 -106.0000000000
308 -105.0000000000
311 -104.0000000000
314 -103.0000000000
317 -102.0000000000
320 -101.0000000000
323 -100.0000000000
329 -99.0000000000
333 -98.0000000000
337 -97.0000000000
342 -96.0000000000
346 -95.0000000000
347 -94.0000000000
356 -93.0000000000
357 -92.0000000000
362 -91.0000000000
363 -90.0000000000
369 -89.0000000000
371 -88.0000000000
373 -87.0000000000
374 -86.0000000000
387 -85.0000000000
390 -84.0000000000
397 -83.0000000000
398 -82.0000000000
400 -81.0000000000
403 -80.0000000000
409 -79.0000000000
411 -78.0000000000
412 -77.0000000000
413 -76.0000000000
414 -75.0000000000
418 -74.0000000000
421 -73.0000000000
425 -72.0000000000
430 -71.0000000000
434 -70.0000000000
440 -69.0000000000
441 -68.0000000000
443 -67.0000000000
444 -66.0000000000
457 -65.0000000000
459 -64.0000000000
464 -63.0000000000
468 -62.0000000000
470 -61.0000000000
496 -60.0000000000
510 -59.0000000000
530 -58.0000000000
536 -57.0000000000
545 -56.0000000000
561 -55.0000000000
567 -54.0000000000
568 -53.0000000000
575 -52.0000000000
576 -51.0000000000
578 -50.0000000000
583 -49.0000000000
585 -48.0000000000
586 -47.0000000000
597 -46.0000000000
608 -45.0000000000
622 -44.0000000000
633 -43.0000000000
648 -42.0000000000
651 -41.0000000000
666 -40.0000000000
679 -39.0000000000
692 -38.0000000000
706 -37.0000000000
708 -36.0000000000
710 -35.0000000000
717 -34.0000000000
750 -33.0000000000
752 -32.0000000000
753 -31.0000000000
756 -30.0000000000
764 -29.0000000000
771 -28.0000000000
774 -27.0000000000
777 -26.0000000000
797 -25.0000000000
800 -24.0000000000
808 -23.0000000000
814 -22.0000000000
821 -21.0000000000
829 -20.0000000000
831 -19.0000000000
844 -18.0000000000
860 -17.0000000000
865 -16.0000000000
888 -15.0000000000
893 -14.0000000000
905 -13.0000000000
914 -12.0000000000
929 -11.0000000000
932 -10.0000000000
958 -9.0000000000
1082 -8.0000000000
1122 -7.0000000000
1131 -6.0000000000
1178 -5.0000000000
1182 -4.0000000000
1237 -3.0000000000
1248 -2.0000000000
1276 -1.0000000000
1336 396.0000000000
100000 -1.0000000000
evaluations raw_y
1 -193.0000000000
3 -192.0000000000
4 -191.0000000000
5 -190.0000000000
9 -189.0000000000
10 -188.0000000000
13 -187.0000000000
14 -186.0000000000
16 -185.0000000000
20 -184.0000000000
22 -183.0000000000
23 -182.0000000000
24 -181.0000000000
25 -180.0000000000
28 -179.0000000000
29 -178.0000000000
30 -177.0000000000
31 -176.0000000000
34 -175.0000000000
35 -174.0000000000
38 -173.0000000000
41 -172.0000000000
44 -171.0000000000
45 -170.0000000000
47 -169.0000000000
50 -168.0000000000
51 -167.0000000000
52 -166.0000000000
53 -165.0000000000
55 -164.0000000000
56 -163.0000000000
58 -162.0000000000
64 -161.0000000000
66 -160.0000000000
68 -159.0000000000
70 -158.0000000000
71 -157.0000000000
73 -156.0000000000
74 -155.0000000000
75 -154.0000000000
77 -153.0000000000
78 -152.0000000000
79 -151.0000000000
81 -150.0000000000
82 -149.0000000000
84 -148.0000000000
86 -147.0000000000
87 -146.0000000000
89 -145.0000000000
90 -144.0000000000
93 -143.0000000000
95 -142.0000000000
97 -141.0000000000
99 -140.0000000000
101 -139.0000000000
105 -138.0000000000
111 -137.0000000000
115 -136.0000000000
120 -135.0000000000
123 -134.0000000000
129 -133.0000000000
134 -132.0000000000
136 -131.0000000000
137 -130.0000000000
144 -129.0000000000
145 -128.0000000000
148 -127.0000000000
149 -126.0000000000
150 -125.0000000000
155 -124.0000000000
156 -123.0000000000
161 -122.0000000000
163 -121.0000000000
167 -120.0000000000
169 -119.0000000000
180 -118.0000000000
181 -117.0000000000
190 -116.0000000000
193 -115.0000000000
204 -114.0000000000
207 -113.0000000000
209 -112.0000000000
212 -111.0000000000
214 -110.0000000000
215 -109.0000000000
216 -108.0000000000
219 -107.0000000000
226 -106.0000000000
227 -105.0000000000
228 -104.0000000000
233 -103.0000000000
250 -102.0000000000
251 -101.0000000000
252 -100.0000000000
254 -99.0000000000
256 -98.0000000000
263 -97.0000000000
267 -96.0000000000
274 -95.0000000000
276 -94.0000000000
277 -93.0000000000
278 -92.0000000000
281 -91.0000000000
285 -90.0000000000
292 -89.0000000000
304 -88.0000000000
307 -87.0000000000
310 -86.0000000000
311 -85.0000000000
319 -84.0000000000
322 -83.0000000000
324 -82.0000000000
329 -81.0000000000
340 -80.0000000000
341 -79.0000000000
346 -78.0000000000
372 -77.0000000000
376 -76.0000000000
377 -75.0000000000
378 -74.0000000000
380 -73.0000000000
385 -72.0000000000
387 -71.0000000000
389 -70.0000000000
400 -69.0000000000
403 -68.0000000000
419 -67.0000000000
425 -66.0000000000
431 -65.0000000000
434 -64.0000000000
438 -63.0000000000
439 -62.0000000000
444 -61.0000000000
449 -60.0000000000
455 -59.0000000000
457 -58.0000000000
463 -57.0000000000
474 -56.0000000000
477 -55.0000000000
479 -54.0000000000
511 -53.0000000000
545 -52.0000000000
548 -51.0000000000
550 -50.0000000000
554 -49.0000000000
555 -48.0000000000
568 -47.0000000000
570 -46.0000000000
578 -45.0000000000
611 -44.0000000000
639 -43.0000000000
642 -42.0000000000
650 -41.0000000000
653 -40.0000000000
655 -39.0000000000
657 -38.0000000000
658 -37.0000000000
660 -36.0000000000
662 -35.0000000000
673 -34.0000000000
680 -33.0000000000
693 -32.0000000000
696 -31.0000000000
736 -30.0000000000
746 -29.0000000000
750 -28.0000000000
756 -27.0000000000
762 -26.0000000000
765 -25.0000000000
767 -24.0000000000
771 -23.0000000000
772 -22.0000000000
796 -21.0000000000
815 -20.0000000000
832 -19.0000000000
834 -18.0000000000
845 -17.0000000000
870 -16.0000000000
882 -15.0000000000
935 -14.0000000000
949 -13.0000000000
965 -12.0000000000
973 -11.0000000000
987 -10.0000000000
1027 -9.0000000000
1032 -8.0000000000
1042 -7.0000000000
1055 -6.0000000000
1071 -5.0000000000
1082 -4.0000000000
1153 -3.0000000000
1184 -2.0000000000
1234 -1.0000000000
1283 383.0000000000
100000 -1.0000000000
